年份,科目,地区,高考模式,改革起始年,卷别性质,范围,卷型,状态,试卷路径,Markdown路径,听力路径,OCR方式,识别页数
2017,语文,上海,新高考,2017,地方/区域卷,local,上海卷,pdf_only,[打开试卷](../../papers/2017/语文/上海/上海卷/2017_语文_上海卷_原卷.pdf),,,,
2017,语文,浙江,新高考,2017,地方/区域卷,local,浙江卷,pdf_only,[打开试卷](../../papers/2017/语文/浙江/浙江卷/2017_语文_浙江卷_原卷.pdf),,,,
2017,数学,上海,新高考,2017,地方/区域卷,local,上海卷,done,[打开试卷](../../papers/2017/数学/上海/上海卷/2017_数学_上海卷_原卷.pdf),[打开Markdown](../../papers/2017/数学/上海/上海卷/2017_数学_上海卷_OCR与考点.md),,pypdf,4
2017,数学,浙江,新高考,2017,地方/区域卷,local,浙江卷,done,[打开试卷](../../papers/2017/数学/浙江/浙江卷/2017_数学_浙江卷_原卷.pdf),[打开Markdown](../../papers/2017/数学/浙江/浙江卷/2017_数学_浙江卷_OCR与考点.md),,pypdf,4
2017,英语,上海,新高考,2017,地方/区域卷,local,上海卷,done,[打开试卷](../../papers/2017/英语/上海/上海卷/2017_英语_上海卷_原卷.pdf),[打开Markdown](../../papers/2017/英语/上海/上海卷/2017_英语_上海卷_OCR与考点.md),[打开听力](../../papers/2017/英语/上海/上海卷/2017_英语_上海卷_听力.mp3),pypdf,14
2017,英语,浙江,新高考,2017,地方/区域卷,local,浙江卷,done,[打开试卷](../../papers/2017/英语/浙江/浙江卷/2017_英语_浙江卷_原卷.pdf),[打开Markdown](../../papers/2017/英语/浙江/浙江卷/2017_英语_浙江卷_OCR与考点.md),[打开听力](../../papers/2017/英语/浙江/浙江卷/2017_英语_浙江卷_听力.mp3),pypdf,11
2017,物理,上海,新高考,2017,地方/区域卷,local,上海卷,done,[打开试卷](../../papers/2017/物理/上海/上海卷/2017_物理_上海卷_原卷.pdf),[打开Markdown](../../papers/2017/物理/上海/上海卷/2017_物理_上海卷_OCR与考点.md),,pypdf,10
2017,物理,浙江,新高考,2017,地方/区域卷,local,浙江卷,done,[打开试卷](../../papers/2017/物理/浙江/浙江卷/2017_物理_浙江卷_原卷.pdf),[打开Markdown](../../papers/2017/物理/浙江/浙江卷/2017_物理_浙江卷_OCR与考点.md),,pypdf,13
2017,化学,上海,新高考,2017,地方/区域卷,local,上海卷,done,[打开试卷](../../papers/2017/化学/上海/上海卷/2017_化学_上海卷_原卷.pdf),[打开Markdown](../../papers/2017/化学/上海/上海卷/2017_化学_上海卷_OCR与考点.md),,pypdf,6
2017,化学,浙江,新高考,2017,地方/区域卷,local,浙江卷,done,[打开试卷](../../papers/2017/化学/浙江/浙江卷/2017_化学_浙江卷_原卷.pdf),[打开Markdown](../../papers/2017/化学/浙江/浙江卷/2017_化学_浙江卷_OCR与考点.md),,pypdf,11
2017,生物,上海,新高考,2017,地方/区域卷,local,上海卷,done,[打开试卷](../../papers/2017/生物/上海/上海卷/2017_生物_上海卷_原卷.pdf),[打开Markdown](../../papers/2017/生物/上海/上海卷/2017_生物_上海卷_OCR与考点.md),,pypdf,10
2017,生物,浙江,新高考,2017,地方/区域卷,local,浙江卷,done,[打开试卷](../../papers/2017/生物/浙江/浙江卷/2017_生物_浙江卷_原卷.pdf),[打开Markdown](../../papers/2017/生物/浙江/浙江卷/2017_生物_浙江卷_OCR与考点.md),,pypdf,8
2017,政治,上海,新高考,2017,地方/区域卷,local,上海卷,done,[打开试卷](../../papers/2017/政治/上海/上海卷/2017_政治_上海卷_原卷.pdf),[打开Markdown](../../papers/2017/政治/上海/上海卷/2017_政治_上海卷_OCR与考点.md),,pypdf,6
2017,政治,浙江,新高考,2017,地方/区域卷,local,浙江卷,done,[打开试卷](../../papers/2017/政治/浙江/浙江卷/2017_政治_浙江卷_原卷.pdf),[打开Markdown](../../papers/2017/政治/浙江/浙江卷/2017_政治_浙江卷_OCR与考点.md),,pypdf,7
2017,历史,上海,新高考,2017,地方/区域卷,local,上海卷,done,[打开试卷](../../papers/2017/历史/上海/上海卷/2017_历史_上海卷_原卷.pdf),[打开Markdown](../../papers/2017/历史/上海/上海卷/2017_历史_上海卷_OCR与考点.md),,pypdf,4
2017,历史,浙江,新高考,2017,地方/区域卷,local,浙江卷,done,[打开试卷](../../papers/2017/历史/浙江/浙江卷/2017_历史_浙江卷_原卷.pdf),[打开Markdown](../../papers/2017/历史/浙江/浙江卷/2017_历史_浙江卷_OCR与考点.md),,pypdf,10
2017,地理,上海,新高考,2017,地方/区域卷,local,上海卷,done,[打开试卷](../../papers/2017/地理/上海/上海卷/2017_地理_上海卷_原卷.pdf),[打开Markdown](../../papers/2017/地理/上海/上海卷/2017_地理_上海卷_OCR与考点.md),,pypdf,8
2017,地理,浙江,新高考,2017,地方/区域卷,local,浙江卷,done,[打开试卷](../../papers/2017/地理/浙江/浙江卷/2017_地理_浙江卷_原卷.pdf),[打开Markdown](../../papers/2017/地理/浙江/浙江卷/2017_地理_浙江卷_OCR与考点.md),,pypdf,12
2018,语文,上海,新高考,2017,地方/区域卷,local,上海卷,pdf_only,[打开试卷](../../papers/2018/语文/上海/上海卷/2018_语文_上海卷_原卷.pdf),,,,
2018,语文,浙江,新高考,2017,地方/区域卷,local,浙江卷,done,[打开试卷](../../papers/2018/语文/浙江/浙江卷/2018_语文_浙江卷_原卷.pdf),[打开Markdown](../../papers/2018/语文/浙江/浙江卷/2018_语文_浙江卷_OCR与考点.md),,rapidocr,10
2018,数学,上海,新高考,2017,地方/区域卷,local,上海卷,done,[打开试卷](../../papers/2018/数学/上海/上海卷/2018_数学_上海卷_原卷.pdf),[打开Markdown](../../papers/2018/数学/上海/上海卷/2018_数学_上海卷_OCR与考点.md),,pypdf,6
2018,数学,浙江,新高考,2017,地方/区域卷,local,浙江卷,done,[打开试卷](../../papers/2018/数学/浙江/浙江卷/2018_数学_浙江卷_原卷.pdf),[打开Markdown](../../papers/2018/数学/浙江/浙江卷/2018_数学_浙江卷_OCR与考点.md),,pypdf,5
2018,英语,上海,新高考,2017,地方/区域卷,local,上海卷,done,[打开试卷](../../papers/2018/英语/上海/上海卷/2018_英语_上海卷_原卷.pdf),[打开Markdown](../../papers/2018/英语/上海/上海卷/2018_英语_上海卷_OCR与考点.md),[打开听力](../../papers/2018/英语/上海/上海卷/2018_英语_上海卷_听力.mp3),pypdf,11
2018,英语,浙江,新高考,2017,地方/区域卷,local,浙江卷,done,[打开试卷](../../papers/2018/英语/浙江/浙江卷/2018_英语_浙江卷_原卷.pdf),[打开Markdown](../../papers/2018/英语/浙江/浙江卷/2018_英语_浙江卷_OCR与考点.md),[打开听力](../../papers/2018/英语/浙江/浙江卷/2018_英语_浙江卷_听力.mp3),pypdf,12
2018,物理,上海,新高考,2017,地方/区域卷,local,上海卷,done,[打开试卷](../../papers/2018/物理/上海/上海卷/2018_物理_上海卷_原卷.pdf),[打开Markdown](../../papers/2018/物理/上海/上海卷/2018_物理_上海卷_OCR与考点.md),,pypdf,4
2018,物理,浙江,新高考,2017,地方/区域卷,local,浙江卷,done,[打开试卷](../../papers/2018/物理/浙江/浙江卷/2018_物理_浙江卷_原卷.pdf),[打开Markdown](../../papers/2018/物理/浙江/浙江卷/2018_物理_浙江卷_OCR与考点.md),,pypdf,11
2018,化学,上海,新高考,2017,地方/区域卷,local,上海卷,done,[打开试卷](../../papers/2018/化学/上海/上海卷/2018_化学_上海卷_原卷.pdf),[打开Markdown](../../papers/2018/化学/上海/上海卷/2018_化学_上海卷_OCR与考点.md),,pypdf,6
2018,化学,浙江,新高考,2017,地方/区域卷,local,浙江卷,done,[打开试卷](../../papers/2018/化学/浙江/浙江卷/2018_化学_浙江卷_原卷.pdf),[打开Markdown](../../papers/2018/化学/浙江/浙江卷/2018_化学_浙江卷_OCR与考点.md),,pypdf,12
2018,生物,上海,新高考,2017,地方/区域卷,local,上海卷,done,[打开试卷](../../papers/2018/生物/上海/上海卷/2018_生物_上海卷_原卷.pdf),[打开Markdown](../../papers/2018/生物/上海/上海卷/2018_生物_上海卷_OCR与考点.md),,pypdf,11
2018,生物,浙江,新高考,2017,地方/区域卷,local,浙江卷,done,[打开试卷](../../papers/2018/生物/浙江/浙江卷/2018_生物_浙江卷_原卷.pdf),[打开Markdown](../../papers/2018/生物/浙江/浙江卷/2018_生物_浙江卷_OCR与考点.md),,pypdf,10
2018,政治,上海,新高考,2017,,missing,,missing,[打开试卷](../../../..),[打开Markdown](../../../..),[打开听力](../../../..),,
2018,政治,浙江,新高考,2017,地方/区域卷,local,浙江卷,done,[打开试卷](../../papers/2018/政治/浙江/浙江卷/2018_政治_浙江卷_原卷.pdf),[打开Markdown](../../papers/2018/政治/浙江/浙江卷/2018_政治_浙江卷_OCR与考点.md),,pypdf,8
2018,历史,上海,新高考,2017,,missing,,missing,[打开试卷](../../../..),[打开Markdown](../../../..),[打开听力](../../../..),,
2018,历史,浙江,新高考,2017,地方/区域卷,local,浙江卷,done,[打开试卷](../../papers/2018/历史/浙江/浙江卷/2018_历史_浙江卷_原卷.pdf),[打开Markdown](../../papers/2018/历史/浙江/浙江卷/2018_历史_浙江卷_OCR与考点.md),,pypdf,11
2018,地理,上海,新高考,2017,地方/区域卷,local,上海卷,done,[打开试卷](../../papers/2018/地理/上海/上海卷/2018_地理_上海卷_原卷.pdf),[打开Markdown](../../papers/2018/地理/上海/上海卷/2018_地理_上海卷_OCR与考点.md),,pypdf,6
2018,地理,浙江,新高考,2017,地方/区域卷,local,浙江卷,done,[打开试卷](../../papers/2018/地理/浙江/浙江卷/2018_地理_浙江卷_原卷.pdf),[打开Markdown](../../papers/2018/地理/浙江/浙江卷/2018_地理_浙江卷_OCR与考点.md),,pypdf,10
2019,语文,上海,新高考,2017,地方/区域卷,local,上海卷,pdf_only,[打开试卷](../../papers/2019/语文/上海/上海卷/2019_语文_上海卷_原卷.pdf),,,,
2019,语文,浙江,新高考,2017,地方/区域卷,local,浙江卷,done,[打开试卷](../../papers/2019/语文/浙江/浙江卷/2019_语文_浙江卷_原卷.pdf),[打开Markdown](../../papers/2019/语文/浙江/浙江卷/2019_语文_浙江卷_OCR与考点.md),,rapidocr,7
2019,数学,上海,新高考,2017,地方/区域卷,local,上海卷,done,[打开试卷](../../papers/2019/数学/上海/上海卷/2019_数学_上海卷_原卷.pdf),[打开Markdown](../../papers/2019/数学/上海/上海卷/2019_数学_上海卷_OCR与考点.md),,pypdf,4
2019,数学,浙江,新高考,2017,地方/区域卷,local,浙江卷,done,[打开试卷](../../papers/2019/数学/浙江/浙江卷/2019_数学_浙江卷_原卷.pdf),[打开Markdown](../../papers/2019/数学/浙江/浙江卷/2019_数学_浙江卷_OCR与考点.md),,pypdf,5
2019,英语,上海,新高考,2017,地方/区域卷,local,上海卷,done,[打开试卷](../../papers/2019/英语/上海/上海卷/2019_英语_上海卷_原卷.pdf),[打开Markdown](../../papers/2019/英语/上海/上海卷/2019_英语_上海卷_OCR与考点.md),[打开听力](../../papers/2019/英语/上海/上海卷/2019_英语_上海卷_听力.mp3),pypdf,9
2019,英语,浙江,新高考,2017,地方/区域卷,local,浙江卷,done,[打开试卷](../../papers/2019/英语/浙江/浙江卷/2019_英语_浙江卷_原卷.pdf),[打开Markdown](../../papers/2019/英语/浙江/浙江卷/2019_英语_浙江卷_OCR与考点.md),[打开听力](../../papers/2019/英语/浙江/浙江卷/2019_英语_浙江卷_听力.mp3),pypdf,11
2019,物理,上海,新高考,2017,地方/区域卷,local,上海卷,done,[打开试卷](../../papers/2019/物理/上海/上海卷/2019_物理_上海卷_原卷.pdf),[打开Markdown](../../papers/2019/物理/上海/上海卷/2019_物理_上海卷_OCR与考点.md),,pypdf,6
2019,物理,浙江,新高考,2017,地方/区域卷,local,浙江卷,done,[打开试卷](../../papers/2019/物理/浙江/浙江卷/2019_物理_浙江卷_原卷.pdf),[打开Markdown](../../papers/2019/物理/浙江/浙江卷/2019_物理_浙江卷_OCR与考点.md),,pypdf,8
2019,化学,上海,新高考,2017,地方/区域卷,local,上海卷,done,[打开试卷](../../papers/2019/化学/上海/上海卷/2019_化学_上海卷_原卷.pdf),[打开Markdown](../../papers/2019/化学/上海/上海卷/2019_化学_上海卷_OCR与考点.md),,pypdf,6
2019,化学,浙江,新高考,2017,地方/区域卷,local,浙江卷,done,[打开试卷](../../papers/2019/化学/浙江/浙江卷/2019_化学_浙江卷_原卷.pdf),[打开Markdown](../../papers/2019/化学/浙江/浙江卷/2019_化学_浙江卷_OCR与考点.md),,pypdf,9
2019,生物,上海,新高考,2017,地方/区域卷,local,上海卷,done,[打开试卷](../../papers/2019/生物/上海/上海卷/2019_生物_上海卷_原卷.pdf),[打开Markdown](../../papers/2019/生物/上海/上海卷/2019_生物_上海卷_OCR与考点.md),,pypdf,9
2019,生物,浙江,新高考,2017,地方/区域卷,local,浙江卷,done,[打开试卷](../../papers/2019/生物/浙江/浙江卷/2019_生物_浙江卷_原卷.pdf),[打开Markdown](../../papers/2019/生物/浙江/浙江卷/2019_生物_浙江卷_OCR与考点.md),,pypdf,10
2019,政治,上海,新高考,2017,,missing,,missing,[打开试卷](../../../..),[打开Markdown](../../../..),[打开听力](../../../..),,
2019,政治,浙江,新高考,2017,地方/区域卷,local,浙江卷,done,[打开试卷](../../papers/2019/政治/浙江/浙江卷/2019_政治_浙江卷_原卷.pdf),[打开Markdown](../../papers/2019/政治/浙江/浙江卷/2019_政治_浙江卷_OCR与考点.md),,pypdf,5
2019,历史,上海,新高考,2017,地方/区域卷,local,上海卷,done,[打开试卷](../../papers/2019/历史/上海/上海卷/2019_历史_上海卷_原卷.pdf),[打开Markdown](../../papers/2019/历史/上海/上海卷/2019_历史_上海卷_OCR与考点.md),,pypdf,6
2019,历史,浙江,新高考,2017,地方/区域卷,local,浙江卷,done,[打开试卷](../../papers/2019/历史/浙江/浙江卷/2019_历史_浙江卷_原卷.pdf),[打开Markdown](../../papers/2019/历史/浙江/浙江卷/2019_历史_浙江卷_OCR与考点.md),,pypdf,10
2019,地理,上海,新高考,2017,地方/区域卷,local,上海卷,done,[打开试卷](../../papers/2019/地理/上海/上海卷/2019_地理_上海卷_原卷.pdf),[打开Markdown](../../papers/2019/地理/上海/上海卷/2019_地理_上海卷_OCR与考点.md),,pypdf,7
2019,地理,浙江,新高考,2017,地方/区域卷,local,浙江卷,done,[打开试卷](../../papers/2019/地理/浙江/浙江卷/2019_地理_浙江卷_原卷.pdf),[打开Markdown](../../papers/2019/地理/浙江/浙江卷/2019_地理_浙江卷_OCR与考点.md),,pypdf,10
2020,语文,北京,新高考,2020,地方/区域卷,local,北京卷,done,[打开试卷](../../papers/2020/语文/北京/北京卷/2020_语文_北京卷_原卷.pdf),[打开Markdown](../../papers/2020/语文/北京/北京卷/2020_语文_北京卷_OCR与考点.md),,rapidocr,10
2020,语文,天津,新高考,2020,地方/区域卷,local,天津卷,done,[打开试卷](../../papers/2020/语文/天津/天津卷/2020_语文_天津卷_原卷.pdf),[打开Markdown](../../papers/2020/语文/天津/天津卷/2020_语文_天津卷_OCR与考点.md),,rapidocr,10
2020,语文,上海,新高考,2017,地方/区域卷,local,上海卷,done,[打开试卷](../../papers/2020/语文/上海/上海卷/2020_语文_上海卷_原卷.pdf),[打开Markdown](../../papers/2020/语文/上海/上海卷/2020_语文_上海卷_OCR与考点.md),,rapidocr,9
2020,语文,浙江,新高考,2017,地方/区域卷,local,浙江卷,done,[打开试卷](../../papers/2020/语文/浙江/浙江卷/2020_语文_浙江卷_原卷.pdf),[打开Markdown](../../papers/2020/语文/浙江/浙江卷/2020_语文_浙江卷_OCR与考点.md),,rapidocr,13
2020,语文,山东,新高考,2020,全国卷,common,新高考Ⅰ卷,done,[打开试卷](../../papers/2020/语文/全国/新高考Ⅰ卷/2020_语文_新高考Ⅰ卷_原卷.pdf),[打开Markdown](../../papers/2020/语文/全国/新高考Ⅰ卷/2020_语文_新高考Ⅰ卷_OCR与考点.md),,rapidocr,11
2020,语文,海南,新高考,2020,全国卷,common,新高考Ⅱ卷,done,[打开试卷](../../papers/2020/语文/全国/新高考Ⅱ卷/2020_语文_新高考Ⅱ卷_原卷.pdf),[打开Markdown](../../papers/2020/语文/全国/新高考Ⅱ卷/2020_语文_新高考Ⅱ卷_OCR与考点.md),,rapidocr,11
2020,数学,北京,新高考,2020,地方/区域卷,local,北京卷,done,[打开试卷](../../papers/2020/数学/北京/北京卷/2020_数学_北京卷_原卷.pdf),[打开Markdown](../../papers/2020/数学/北京/北京卷/2020_数学_北京卷_OCR与考点.md),,pypdf,8
2020,数学,天津,新高考,2020,地方/区域卷,local,天津卷,done,[打开试卷](../../papers/2020/数学/天津/天津卷/2020_数学_天津卷_原卷.pdf),[打开Markdown](../../papers/2020/数学/天津/天津卷/2020_数学_天津卷_OCR与考点.md),,pypdf,6
2020,数学,上海,新高考,2017,地方/区域卷,local,上海卷,done,[打开试卷](../../papers/2020/数学/上海/上海卷/2020_数学_上海卷_原卷.pdf),[打开Markdown](../../papers/2020/数学/上海/上海卷/2020_数学_上海卷_OCR与考点.md),,pypdf,3
2020,数学,浙江,新高考,2017,地方/区域卷,local,浙江卷,done,[打开试卷](../../papers/2020/数学/浙江/浙江卷/2020_数学_浙江卷_原卷.pdf),[打开Markdown](../../papers/2020/数学/浙江/浙江卷/2020_数学_浙江卷_OCR与考点.md),,pypdf,4
2020,数学,山东,新高考,2020,全国卷,common,新高考Ⅰ卷,done,[打开试卷](../../papers/2020/数学/全国/新高考Ⅰ卷/2020_数学_新高考Ⅰ卷_原卷.pdf),[打开Markdown](../../papers/2020/数学/全国/新高考Ⅰ卷/2020_数学_新高考Ⅰ卷_OCR与考点.md),,pypdf,5
2020,数学,海南,新高考,2020,全国卷,common,新高考Ⅱ卷,done,[打开试卷](../../papers/2020/数学/全国/新高考Ⅱ卷/2020_数学_新高考Ⅱ卷_原卷.pdf),[打开Markdown](../../papers/2020/数学/全国/新高考Ⅱ卷/2020_数学_新高考Ⅱ卷_OCR与考点.md),,pypdf,7
2020,英语,北京,新高考,2020,地方/区域卷,local,北京卷,done,[打开试卷](../../papers/2020/英语/北京/北京卷/2020_英语_北京卷_原卷.pdf),[打开Markdown](../../papers/2020/英语/北京/北京卷/2020_英语_北京卷_OCR与考点.md),,pypdf,11
2020,英语,天津,新高考,2020,地方/区域卷,local,天津卷,done,[打开试卷](../../papers/2020/英语/天津/天津卷/2020_英语_天津卷_原卷.pdf),[打开Markdown](../../papers/2020/英语/天津/天津卷/2020_英语_天津卷_OCR与考点.md),,pypdf,10
2020,英语,上海,新高考,2017,地方/区域卷,local,上海卷,done,[打开试卷](../../papers/2020/英语/上海/上海卷/2020_英语_上海卷_原卷.pdf),[打开Markdown](../../papers/2020/英语/上海/上海卷/2020_英语_上海卷_OCR与考点.md),[打开听力](../../papers/2020/英语/上海/上海卷/2020_英语_上海卷_听力.mp3),pypdf,12
2020,英语,浙江,新高考,2017,地方/区域卷,local,浙江卷,done,[打开试卷](../../papers/2020/英语/浙江/浙江卷/2020_英语_浙江卷_原卷.pdf),[打开Markdown](../../papers/2020/英语/浙江/浙江卷/2020_英语_浙江卷_OCR与考点.md),[打开听力](../../papers/2020/英语/浙江/浙江卷/2020_英语_浙江卷_听力.mp3),pypdf,6
2020,英语,山东,新高考,2020,全国卷,common,新高考Ⅰ卷,done,[打开试卷](../../papers/2020/英语/全国/新高考Ⅰ卷/2020_英语_新高考Ⅰ卷_原卷.pdf),[打开Markdown](../../papers/2020/英语/全国/新高考Ⅰ卷/2020_英语_新高考Ⅰ卷_OCR与考点.md),[打开听力](../../papers/2020/英语/全国/新高考Ⅰ卷/2020_英语_新高考Ⅰ卷_听力.mp3),pypdf,9
2020,英语,海南,新高考,2020,全国卷,common,新高考Ⅱ卷,done,[打开试卷](../../papers/2020/英语/全国/新高考Ⅱ卷/2020_英语_新高考Ⅱ卷_原卷.pdf),[打开Markdown](../../papers/2020/英语/全国/新高考Ⅱ卷/2020_英语_新高考Ⅱ卷_OCR与考点.md),[打开听力](../../papers/2020/英语/全国/新高考Ⅱ卷/2020_英语_新高考Ⅱ卷_听力.mp3),pypdf,17
2020,物理,北京,新高考,2020,地方/区域卷,local,北京卷,done,[打开试卷](../../papers/2020/物理/北京/北京卷/2020_物理_北京卷_原卷.pdf),[打开Markdown](../../papers/2020/物理/北京/北京卷/2020_物理_北京卷_OCR与考点.md),,pypdf,13
2020,物理,天津,新高考,2020,地方/区域卷,local,天津卷,done,[打开试卷](../../papers/2020/物理/天津/天津卷/2020_物理_天津卷_原卷.pdf),[打开Markdown](../../papers/2020/物理/天津/天津卷/2020_物理_天津卷_OCR与考点.md),,pypdf,8
2020,物理,上海,新高考,2017,地方/区域卷,local,上海卷,done,[打开试卷](../../papers/2020/物理/上海/上海卷/2020_物理_上海卷_原卷.pdf),[打开Markdown](../../papers/2020/物理/上海/上海卷/2020_物理_上海卷_OCR与考点.md),,pypdf,5
2020,物理,浙江,新高考,2017,地方/区域卷,local,浙江卷,done,[打开试卷](../../papers/2020/物理/浙江/浙江卷/2020_物理_浙江卷_原卷.pdf),[打开Markdown](../../papers/2020/物理/浙江/浙江卷/2020_物理_浙江卷_OCR与考点.md),,pypdf,11
2020,物理,山东,新高考,2020,地方/区域卷,local,山东卷,done,[打开试卷](../../papers/2020/物理/山东/山东卷/2020_物理_山东卷_原卷.pdf),[打开Markdown](../../papers/2020/物理/山东/山东卷/2020_物理_山东卷_OCR与考点.md),,pypdf,11
2020,物理,海南,新高考,2020,地方/区域卷,local,海南卷,done,[打开试卷](../../papers/2020/物理/海南/海南卷/2020_物理_海南卷_原卷.pdf),[打开Markdown](../../papers/2020/物理/海南/海南卷/2020_物理_海南卷_OCR与考点.md),,pypdf,7
2020,化学,北京,新高考,2020,地方/区域卷,local,北京卷,done,[打开试卷](../../papers/2020/化学/北京/北京卷/2020_化学_北京卷_原卷.pdf),[打开Markdown](../../papers/2020/化学/北京/北京卷/2020_化学_北京卷_OCR与考点.md),,pypdf,9
2020,化学,天津,新高考,2020,地方/区域卷,local,天津卷,done,[打开试卷](../../papers/2020/化学/天津/天津卷/2020_化学_天津卷_原卷.pdf),[打开Markdown](../../papers/2020/化学/天津/天津卷/2020_化学_天津卷_OCR与考点.md),,pypdf,8
2020,化学,上海,新高考,2017,地方/区域卷,local,上海卷,pdf_only,[打开试卷](../../papers/2020/化学/上海/上海卷/2020_化学_上海卷_原卷.pdf),,,,
2020,化学,浙江,新高考,2017,地方/区域卷,local,浙江卷,done,[打开试卷](../../papers/2020/化学/浙江/浙江卷/2020_化学_浙江卷_原卷.pdf),[打开Markdown](../../papers/2020/化学/浙江/浙江卷/2020_化学_浙江卷_OCR与考点.md),,pypdf,11
2020,化学,山东,新高考,2020,地方/区域卷,local,山东卷,done,[打开试卷](../../papers/2020/化学/山东/山东卷/2020_化学_山东卷_原卷.pdf),[打开Markdown](../../papers/2020/化学/山东/山东卷/2020_化学_山东卷_OCR与考点.md),,pypdf,10
2020,化学,海南,新高考,2020,地方/区域卷,local,海南卷,done,[打开试卷](../../papers/2020/化学/海南/海南卷/2020_化学_海南卷_原卷.pdf),[打开Markdown](../../papers/2020/化学/海南/海南卷/2020_化学_海南卷_OCR与考点.md),,pypdf,8
2020,生物,北京,新高考,2020,地方/区域卷,local,北京卷,done,[打开试卷](../../papers/2020/生物/北京/北京卷/2020_生物_北京卷_原卷.pdf),[打开Markdown](../../papers/2020/生物/北京/北京卷/2020_生物_北京卷_OCR与考点.md),,pypdf,11
2020,生物,天津,新高考,2020,地方/区域卷,local,天津卷,done,[打开试卷](../../papers/2020/生物/天津/天津卷/2020_生物_天津卷_原卷.pdf),[打开Markdown](../../papers/2020/生物/天津/天津卷/2020_生物_天津卷_OCR与考点.md),,pypdf,9
2020,生物,上海,新高考,2017,地方/区域卷,local,上海卷,done,[打开试卷](../../papers/2020/生物/上海/上海卷/2020_生物_上海卷_原卷.pdf),[打开Markdown](../../papers/2020/生物/上海/上海卷/2020_生物_上海卷_OCR与考点.md),,pypdf,9
2020,生物,浙江,新高考,2017,地方/区域卷,local,浙江卷,done,[打开试卷](../../papers/2020/生物/浙江/浙江卷/2020_生物_浙江卷_原卷.pdf),[打开Markdown](../../papers/2020/生物/浙江/浙江卷/2020_生物_浙江卷_OCR与考点.md),,pypdf,9
2020,生物,山东,新高考,2020,地方/区域卷,local,山东卷,done,[打开试卷](../../papers/2020/生物/山东/山东卷/2020_生物_山东卷_原卷.pdf),[打开Markdown](../../papers/2020/生物/山东/山东卷/2020_生物_山东卷_OCR与考点.md),,pypdf,10
2020,生物,海南,新高考,2020,地方/区域卷,local,海南卷,done,[打开试卷](../../papers/2020/生物/海南/海南卷/2020_生物_海南卷_原卷.pdf),[打开Markdown](../../papers/2020/生物/海南/海南卷/2020_生物_海南卷_OCR与考点.md),,pypdf,8
2020,政治,北京,新高考,2020,地方/区域卷,local,北京卷,done,[打开试卷](../../papers/2020/政治/北京/北京卷/2020_政治_北京卷_原卷.pdf),[打开Markdown](../../papers/2020/政治/北京/北京卷/2020_政治_北京卷_OCR与考点.md),,pypdf,9
2020,政治,天津,新高考,2020,地方/区域卷,local,天津卷,done,[打开试卷](../../papers/2020/政治/天津/天津卷/2020_政治_天津卷_原卷.pdf),[打开Markdown](../../papers/2020/政治/天津/天津卷/2020_政治_天津卷_OCR与考点.md),,pypdf,7
2020,政治,上海,新高考,2017,,missing,,missing,[打开试卷](../../../..),[打开Markdown](../../../..),[打开听力](../../../..),,
2020,政治,浙江,新高考,2017,地方/区域卷,local,浙江卷,done,[打开试卷](../../papers/2020/政治/浙江/浙江卷/2020_政治_浙江卷_原卷.pdf),[打开Markdown](../../papers/2020/政治/浙江/浙江卷/2020_政治_浙江卷_OCR与考点.md),,pypdf,8
2020,政治,山东,新高考,2020,地方/区域卷,local,山东卷,done,[打开试卷](../../papers/2020/政治/山东/山东卷/2020_政治_山东卷_原卷.pdf),[打开Markdown](../../papers/2020/政治/山东/山东卷/2020_政治_山东卷_OCR与考点.md),,pypdf,8
2020,政治,海南,新高考,2020,地方/区域卷,local,海南卷,done,[打开试卷](../../papers/2020/政治/海南/海南卷/2020_政治_海南卷_原卷.pdf),[打开Markdown](../../papers/2020/政治/海南/海南卷/2020_政治_海南卷_OCR与考点.md),,pypdf,8
2020,历史,北京,新高考,2020,地方/区域卷,local,北京卷,done,[打开试卷](../../papers/2020/历史/北京/北京卷/2020_历史_北京卷_原卷.pdf),[打开Markdown](../../papers/2020/历史/北京/北京卷/2020_历史_北京卷_OCR与考点.md),,pypdf,8
2020,历史,天津,新高考,2020,地方/区域卷,local,天津卷,done,[打开试卷](../../papers/2020/历史/天津/天津卷/2020_历史_天津卷_原卷.pdf),[打开Markdown](../../papers/2020/历史/天津/天津卷/2020_历史_天津卷_OCR与考点.md),,pypdf,7
2020,历史,上海,新高考,2017,,missing,,missing,[打开试卷](../../../..),[打开Markdown](../../../..),[打开听力](../../../..),,
2020,历史,浙江,新高考,2017,地方/区域卷,local,浙江卷,done,[打开试卷](../../papers/2020/历史/浙江/浙江卷/2020_历史_浙江卷_原卷.pdf),[打开Markdown](../../papers/2020/历史/浙江/浙江卷/2020_历史_浙江卷_OCR与考点.md),,pypdf,9
2020,历史,山东,新高考,2020,地方/区域卷,local,山东卷,done,[打开试卷](../../papers/2020/历史/山东/山东卷/2020_历史_山东卷_原卷.pdf),[打开Markdown](../../papers/2020/历史/山东/山东卷/2020_历史_山东卷_OCR与考点.md),,pypdf,8
2020,历史,海南,新高考,2020,地方/区域卷,local,海南卷,done,[打开试卷](../../papers/2020/历史/海南/海南卷/2020_历史_海南卷_原卷.pdf),[打开Markdown](../../papers/2020/历史/海南/海南卷/2020_历史_海南卷_OCR与考点.md),,pypdf,7
2020,地理,北京,新高考,2020,地方/区域卷,local,北京卷,done,[打开试卷](../../papers/2020/地理/北京/北京卷/2020_地理_北京卷_原卷.pdf),[打开Markdown](../../papers/2020/地理/北京/北京卷/2020_地理_北京卷_OCR与考点.md),,pypdf,11
2020,地理,天津,新高考,2020,地方/区域卷,local,天津卷,done,[打开试卷](../../papers/2020/地理/天津/天津卷/2020_地理_天津卷_原卷.pdf),[打开Markdown](../../papers/2020/地理/天津/天津卷/2020_地理_天津卷_OCR与考点.md),,pypdf,8
2020,地理,上海,新高考,2017,地方/区域卷,local,上海卷,done,[打开试卷](../../papers/2020/地理/上海/上海卷/2020_地理_上海卷_原卷.pdf),[打开Markdown](../../papers/2020/地理/上海/上海卷/2020_地理_上海卷_OCR与考点.md),,pypdf,6
2020,地理,浙江,新高考,2017,地方/区域卷,local,浙江卷,done,[打开试卷](../../papers/2020/地理/浙江/浙江卷/2020_地理_浙江卷_原卷.pdf),[打开Markdown](../../papers/2020/地理/浙江/浙江卷/2020_地理_浙江卷_OCR与考点.md),,pypdf,10
2020,地理,山东,新高考,2020,地方/区域卷,local,山东卷,done,[打开试卷](../../papers/2020/地理/山东/山东卷/2020_地理_山东卷_原卷.pdf),[打开Markdown](../../papers/2020/地理/山东/山东卷/2020_地理_山东卷_OCR与考点.md),,pypdf,10
2020,地理,海南,新高考,2020,地方/区域卷,local,海南卷,done,[打开试卷](../../papers/2020/地理/海南/海南卷/2020_地理_海南卷_原卷.pdf),[打开Markdown](../../papers/2020/地理/海南/海南卷/2020_地理_海南卷_OCR与考点.md),,pypdf,8
2021,语文,北京,新高考,2020,地方/区域卷,local,北京卷,done,[打开试卷](../../papers/2021/语文/北京/北京卷/2021_语文_北京卷_原卷.pdf),[打开Markdown](../../papers/2021/语文/北京/北京卷/2021_语文_北京卷_OCR与考点.md),,rapidocr,11
2021,语文,天津,新高考,2020,地方/区域卷,local,天津卷,done,[打开试卷](../../papers/2021/语文/天津/天津卷/2021_语文_天津卷_原卷.pdf),[打开Markdown](../../papers/2021/语文/天津/天津卷/2021_语文_天津卷_OCR与考点.md),,rapidocr,11
2021,语文,河北,新高考,2021,全国卷,common,新高考Ⅰ卷,done,[打开试卷](../../papers/2021/语文/全国/新高考Ⅰ卷/2021_语文_新高考Ⅰ卷_原卷.pdf),[打开Markdown](../../papers/2021/语文/全国/新高考Ⅰ卷/2021_语文_新高考Ⅰ卷_OCR与考点.md),,rapidocr,11
2021,语文,辽宁,新高考,2021,全国卷,common,新高考Ⅱ卷,done,[打开试卷](../../papers/2021/语文/全国/新高考Ⅱ卷/2021_语文_新高考Ⅱ卷_原卷.pdf),[打开Markdown](../../papers/2021/语文/全国/新高考Ⅱ卷/2021_语文_新高考Ⅱ卷_OCR与考点.md),,rapidocr,21
2021,语文,上海,新高考,2017,地方/区域卷,local,上海卷,done,[打开试卷](../../papers/2021/语文/上海/上海卷/2021_语文_上海卷_原卷.pdf),[打开Markdown](../../papers/2021/语文/上海/上海卷/2021_语文_上海卷_OCR与考点.md),,rapidocr,9
2021,语文,江苏,新高考,2021,全国卷,common,新高考Ⅰ卷,done,[打开试卷](../../papers/2021/语文/全国/新高考Ⅰ卷/2021_语文_新高考Ⅰ卷_原卷.pdf),[打开Markdown](../../papers/2021/语文/全国/新高考Ⅰ卷/2021_语文_新高考Ⅰ卷_OCR与考点.md),,rapidocr,11
2021,语文,浙江,新高考,2017,地方/区域卷,local,浙江卷,done,[打开试卷](../../papers/2021/语文/浙江/浙江卷/2021_语文_浙江卷_原卷.pdf),[打开Markdown](../../papers/2021/语文/浙江/浙江卷/2021_语文_浙江卷_OCR与考点.md),,rapidocr,9
2021,语文,福建,新高考,2021,全国卷,common,新高考Ⅰ卷,done,[打开试卷](../../papers/2021/语文/全国/新高考Ⅰ卷/2021_语文_新高考Ⅰ卷_原卷.pdf),[打开Markdown](../../papers/2021/语文/全国/新高考Ⅰ卷/2021_语文_新高考Ⅰ卷_OCR与考点.md),,rapidocr,11
2021,语文,山东,新高考,2020,全国卷,common,新高考Ⅰ卷,done,[打开试卷](../../papers/2021/语文/全国/新高考Ⅰ卷/2021_语文_新高考Ⅰ卷_原卷.pdf),[打开Markdown](../../papers/2021/语文/全国/新高考Ⅰ卷/2021_语文_新高考Ⅰ卷_OCR与考点.md),,rapidocr,11
2021,语文,湖北,新高考,2021,全国卷,common,新高考Ⅰ卷,done,[打开试卷](../../papers/2021/语文/全国/新高考Ⅰ卷/2021_语文_新高考Ⅰ卷_原卷.pdf),[打开Markdown](../../papers/2021/语文/全国/新高考Ⅰ卷/2021_语文_新高考Ⅰ卷_OCR与考点.md),,rapidocr,11
2021,语文,湖南,新高考,2021,全国卷,common,新高考Ⅰ卷,done,[打开试卷](../../papers/2021/语文/全国/新高考Ⅰ卷/2021_语文_新高考Ⅰ卷_原卷.pdf),[打开Markdown](../../papers/2021/语文/全国/新高考Ⅰ卷/2021_语文_新高考Ⅰ卷_OCR与考点.md),,rapidocr,11
2021,语文,广东,新高考,2021,全国卷,common,新高考Ⅰ卷,done,[打开试卷](../../papers/2021/语文/全国/新高考Ⅰ卷/2021_语文_新高考Ⅰ卷_原卷.pdf),[打开Markdown](../../papers/2021/语文/全国/新高考Ⅰ卷/2021_语文_新高考Ⅰ卷_OCR与考点.md),,rapidocr,11
2021,语文,海南,新高考,2020,全国卷,common,新高考Ⅱ卷,done,[打开试卷](../../papers/2021/语文/全国/新高考Ⅱ卷/2021_语文_新高考Ⅱ卷_原卷.pdf),[打开Markdown](../../papers/2021/语文/全国/新高考Ⅱ卷/2021_语文_新高考Ⅱ卷_OCR与考点.md),,rapidocr,21
2021,语文,重庆,新高考,2021,全国卷,common,新高考Ⅱ卷,done,[打开试卷](../../papers/2021/语文/全国/新高考Ⅱ卷/2021_语文_新高考Ⅱ卷_原卷.pdf),[打开Markdown](../../papers/2021/语文/全国/新高考Ⅱ卷/2021_语文_新高考Ⅱ卷_OCR与考点.md),,rapidocr,21
2021,数学,北京,新高考,2020,地方/区域卷,local,北京卷,done,[打开试卷](../../papers/2021/数学/北京/北京卷/2021_数学_北京卷_原卷.pdf),[打开Markdown](../../papers/2021/数学/北京/北京卷/2021_数学_北京卷_OCR与考点.md),,pypdf,4
2021,数学,天津,新高考,2020,地方/区域卷,local,天津卷,done,[打开试卷](../../papers/2021/数学/天津/天津卷/2021_数学_天津卷_原卷.pdf),[打开Markdown](../../papers/2021/数学/天津/天津卷/2021_数学_天津卷_OCR与考点.md),,pypdf,5
2021,数学,河北,新高考,2021,全国卷,common,新高考Ⅰ卷,done,[打开试卷](../../papers/2021/数学/全国/新高考Ⅰ卷/2021_数学_新高考Ⅰ卷_原卷.pdf),[打开Markdown](../../papers/2021/数学/全国/新高考Ⅰ卷/2021_数学_新高考Ⅰ卷_OCR与考点.md),,pypdf,5
2021,数学,山西,新高考,2025,全国卷,common,新高考全国Ⅰ卷,done,[打开试卷](../../papers/2021/数学/全国/新高考全国Ⅰ卷/2021_数学_新高考全国Ⅰ卷_原卷.pdf),[打开Markdown](../../papers/2021/数学/全国/新高考全国Ⅰ卷/2021_数学_新高考全国Ⅰ卷_OCR与考点.md),,pypdf,4
2021,数学,内蒙古,新高考,2025,全国卷,common,新高考全国Ⅰ卷,done,[打开试卷](../../papers/2021/数学/全国/新高考全国Ⅰ卷/2021_数学_新高考全国Ⅰ卷_原卷.pdf),[打开Markdown](../../papers/2021/数学/全国/新高考全国Ⅰ卷/2021_数学_新高考全国Ⅰ卷_OCR与考点.md),,pypdf,4
2021,数学,辽宁,新高考,2021,全国卷,common,新高考Ⅱ卷,done,[打开试卷](../../papers/2021/数学/全国/新高考Ⅱ卷/2021_数学_新高考Ⅱ卷_原卷.pdf),[打开Markdown](../../papers/2021/数学/全国/新高考Ⅱ卷/2021_数学_新高考Ⅱ卷_OCR与考点.md),,pypdf,4
2021,数学,吉林,新高考,2024,全国卷,common,新高考全国Ⅰ卷,done,[打开试卷](../../papers/2021/数学/全国/新高考全国Ⅰ卷/2021_数学_新高考全国Ⅰ卷_原卷.pdf),[打开Markdown](../../papers/2021/数学/全国/新高考全国Ⅰ卷/2021_数学_新高考全国Ⅰ卷_OCR与考点.md),,pypdf,4
2021,数学,黑龙江,新高考,2024,全国卷,common,新高考全国Ⅰ卷,done,[打开试卷](../../papers/2021/数学/全国/新高考全国Ⅰ卷/2021_数学_新高考全国Ⅰ卷_原卷.pdf),[打开Markdown](../../papers/2021/数学/全国/新高考全国Ⅰ卷/2021_数学_新高考全国Ⅰ卷_OCR与考点.md),,pypdf,4
2021,数学,上海,新高考,2017,地方/区域卷,local,上海卷,done,[打开试卷](../../papers/2021/数学/上海/上海卷/2021_数学_上海卷_原卷.pdf),[打开Markdown](../../papers/2021/数学/上海/上海卷/2021_数学_上海卷_OCR与考点.md),,pypdf,2
2021,数学,江苏,新高考,2021,全国卷,common,新高考Ⅰ卷,done,[打开试卷](../../papers/2021/数学/全国/新高考Ⅰ卷/2021_数学_新高考Ⅰ卷_原卷.pdf),[打开Markdown](../../papers/2021/数学/全国/新高考Ⅰ卷/2021_数学_新高考Ⅰ卷_OCR与考点.md),,pypdf,5
2021,数学,浙江,新高考,2017,地方/区域卷,local,浙江卷,done,[打开试卷](../../papers/2021/数学/浙江/浙江卷/2021_数学_浙江卷_原卷.pdf),[打开Markdown](../../papers/2021/数学/浙江/浙江卷/2021_数学_浙江卷_OCR与考点.md),,pypdf,7
2021,数学,安徽,新高考,2024,全国卷,common,新高考全国Ⅰ卷,done,[打开试卷](../../papers/2021/数学/全国/新高考全国Ⅰ卷/2021_数学_新高考全国Ⅰ卷_原卷.pdf),[打开Markdown](../../papers/2021/数学/全国/新高考全国Ⅰ卷/2021_数学_新高考全国Ⅰ卷_OCR与考点.md),,pypdf,4
2021,数学,福建,新高考,2021,全国卷,common,新高考Ⅰ卷,done,[打开试卷](../../papers/2021/数学/全国/新高考Ⅰ卷/2021_数学_新高考Ⅰ卷_原卷.pdf),[打开Markdown](../../papers/2021/数学/全国/新高考Ⅰ卷/2021_数学_新高考Ⅰ卷_OCR与考点.md),,pypdf,5
2021,数学,江西,新高考,2024,全国卷,common,新高考全国Ⅰ卷,done,[打开试卷](../../papers/2021/数学/全国/新高考全国Ⅰ卷/2021_数学_新高考全国Ⅰ卷_原卷.pdf),[打开Markdown](../../papers/2021/数学/全国/新高考全国Ⅰ卷/2021_数学_新高考全国Ⅰ卷_OCR与考点.md),,pypdf,4
2021,数学,山东,新高考,2020,全国卷,common,新高考Ⅰ卷,done,[打开试卷](../../papers/2021/数学/全国/新高考Ⅰ卷/2021_数学_新高考Ⅰ卷_原卷.pdf),[打开Markdown](../../papers/2021/数学/全国/新高考Ⅰ卷/2021_数学_新高考Ⅰ卷_OCR与考点.md),,pypdf,5
2021,数学,河南,新高考,2025,全国卷,common,新高考全国Ⅰ卷,done,[打开试卷](../../papers/2021/数学/全国/新高考全国Ⅰ卷/2021_数学_新高考全国Ⅰ卷_原卷.pdf),[打开Markdown](../../papers/2021/数学/全国/新高考全国Ⅰ卷/2021_数学_新高考全国Ⅰ卷_OCR与考点.md),,pypdf,4
2021,数学,湖北,新高考,2021,全国卷,common,新高考Ⅰ卷,done,[打开试卷](../../papers/2021/数学/全国/新高考Ⅰ卷/2021_数学_新高考Ⅰ卷_原卷.pdf),[打开Markdown](../../papers/2021/数学/全国/新高考Ⅰ卷/2021_数学_新高考Ⅰ卷_OCR与考点.md),,pypdf,5
2021,数学,湖南,新高考,2021,全国卷,common,新高考Ⅰ卷,done,[打开试卷](../../papers/2021/数学/全国/新高考Ⅰ卷/2021_数学_新高考Ⅰ卷_原卷.pdf),[打开Markdown](../../papers/2021/数学/全国/新高考Ⅰ卷/2021_数学_新高考Ⅰ卷_OCR与考点.md),,pypdf,5
2021,数学,广东,新高考,2021,全国卷,common,新高考Ⅰ卷,done,[打开试卷](../../papers/2021/数学/全国/新高考Ⅰ卷/2021_数学_新高考Ⅰ卷_原卷.pdf),[打开Markdown](../../papers/2021/数学/全国/新高考Ⅰ卷/2021_数学_新高考Ⅰ卷_OCR与考点.md),,pypdf,5
2021,数学,海南,新高考,2020,全国卷,common,新高考Ⅱ卷,done,[打开试卷](../../papers/2021/数学/全国/新高考Ⅱ卷/2021_数学_新高考Ⅱ卷_原卷.pdf),[打开Markdown](../../papers/2021/数学/全国/新高考Ⅱ卷/2021_数学_新高考Ⅱ卷_OCR与考点.md),,pypdf,4
2021,数学,重庆,新高考,2021,全国卷,common,新高考Ⅱ卷,done,[打开试卷](../../papers/2021/数学/全国/新高考Ⅱ卷/2021_数学_新高考Ⅱ卷_原卷.pdf),[打开Markdown](../../papers/2021/数学/全国/新高考Ⅱ卷/2021_数学_新高考Ⅱ卷_OCR与考点.md),,pypdf,4
2021,数学,陕西,新高考,2025,全国卷,common,新高考全国Ⅰ卷,done,[打开试卷](../../papers/2021/数学/全国/新高考全国Ⅰ卷/2021_数学_新高考全国Ⅰ卷_原卷.pdf),[打开Markdown](../../papers/2021/数学/全国/新高考全国Ⅰ卷/2021_数学_新高考全国Ⅰ卷_OCR与考点.md),,pypdf,4
2021,数学,甘肃,新高考,2024,全国卷,common,新高考全国Ⅰ卷,done,[打开试卷](../../papers/2021/数学/全国/新高考全国Ⅰ卷/2021_数学_新高考全国Ⅰ卷_原卷.pdf),[打开Markdown](../../papers/2021/数学/全国/新高考全国Ⅰ卷/2021_数学_新高考全国Ⅰ卷_OCR与考点.md),,pypdf,4
2021,数学,青海,新高考,2025,全国卷,common,新高考全国Ⅰ卷,done,[打开试卷](../../papers/2021/数学/全国/新高考全国Ⅰ卷/2021_数学_新高考全国Ⅰ卷_原卷.pdf),[打开Markdown](../../papers/2021/数学/全国/新高考全国Ⅰ卷/2021_数学_新高考全国Ⅰ卷_OCR与考点.md),,pypdf,4
2021,数学,宁夏,新高考,2025,全国卷,common,新高考全国Ⅰ卷,done,[打开试卷](../../papers/2021/数学/全国/新高考全国Ⅰ卷/2021_数学_新高考全国Ⅰ卷_原卷.pdf),[打开Markdown](../../papers/2021/数学/全国/新高考全国Ⅰ卷/2021_数学_新高考全国Ⅰ卷_OCR与考点.md),,pypdf,4
2021,数学,新疆,新高考,,全国卷,common,新高考全国Ⅰ卷,done,[打开试卷](../../papers/2021/数学/全国/新高考全国Ⅰ卷/2021_数学_新高考全国Ⅰ卷_原卷.pdf),[打开Markdown](../../papers/2021/数学/全国/新高考全国Ⅰ卷/2021_数学_新高考全国Ⅰ卷_OCR与考点.md),,pypdf,4
2021,英语,北京,新高考,2020,地方/区域卷,local,北京卷,done,[打开试卷](../../papers/2021/英语/北京/北京卷/2021_英语_北京卷_原卷.pdf),[打开Markdown](../../papers/2021/英语/北京/北京卷/2021_英语_北京卷_OCR与考点.md),,pypdf,12
2021,英语,天津,新高考,2020,地方/区域卷,local,天津卷,done,[打开试卷](../../papers/2021/英语/天津/天津卷/2021_英语_天津卷_原卷.pdf),[打开Markdown](../../papers/2021/英语/天津/天津卷/2021_英语_天津卷_OCR与考点.md),,pypdf,13
2021,英语,河北,新高考,2021,全国卷,common,新高考Ⅰ卷,done,[打开试卷](../../papers/2021/英语/全国/新高考Ⅰ卷/2021_英语_新高考Ⅰ卷_原卷.pdf),[打开Markdown](../../papers/2021/英语/全国/新高考Ⅰ卷/2021_英语_新高考Ⅰ卷_OCR与考点.md),[打开听力](../../papers/2021/英语/全国/新高考Ⅰ卷/2021_英语_新高考Ⅰ卷_听力.mp3),pypdf,11
2021,英语,山西,新高考,2025,全国卷,common,新高考全国Ⅰ卷,done,[打开试卷](../../papers/2021/英语/全国/新高考全国Ⅰ卷/2021_英语_新高考全国Ⅰ卷_原卷.pdf),[打开Markdown](../../papers/2021/英语/全国/新高考全国Ⅰ卷/2021_英语_新高考全国Ⅰ卷_OCR与考点.md),[打开听力](../../papers/2021/英语/全国/新高考全国Ⅰ卷/2021_英语_新高考全国Ⅰ卷_听力.mp3),pypdf,17
2021,英语,内蒙古,新高考,2025,全国卷,common,新高考全国Ⅰ卷,done,[打开试卷](../../papers/2021/英语/全国/新高考全国Ⅰ卷/2021_英语_新高考全国Ⅰ卷_原卷.pdf),[打开Markdown](../../papers/2021/英语/全国/新高考全国Ⅰ卷/2021_英语_新高考全国Ⅰ卷_OCR与考点.md),[打开听力](../../papers/2021/英语/全国/新高考全国Ⅰ卷/2021_英语_新高考全国Ⅰ卷_听力.mp3),pypdf,17
2021,英语,辽宁,新高考,2021,全国卷,common,新高考Ⅱ卷,done,[打开试卷](../../papers/2021/英语/全国/新高考Ⅱ卷/2021_英语_新高考Ⅱ卷_原卷.pdf),[打开Markdown](../../papers/2021/英语/全国/新高考Ⅱ卷/2021_英语_新高考Ⅱ卷_OCR与考点.md),[打开听力](../../papers/2021/英语/全国/新高考Ⅱ卷/2021_英语_新高考Ⅱ卷_听力.mp3),pypdf,12
2021,英语,吉林,新高考,2024,全国卷,common,新高考全国Ⅰ卷,done,[打开试卷](../../papers/2021/英语/全国/新高考全国Ⅰ卷/2021_英语_新高考全国Ⅰ卷_原卷.pdf),[打开Markdown](../../papers/2021/英语/全国/新高考全国Ⅰ卷/2021_英语_新高考全国Ⅰ卷_OCR与考点.md),[打开听力](../../papers/2021/英语/全国/新高考全国Ⅰ卷/2021_英语_新高考全国Ⅰ卷_听力.mp3),pypdf,17
2021,英语,黑龙江,新高考,2024,全国卷,common,新高考全国Ⅰ卷,done,[打开试卷](../../papers/2021/英语/全国/新高考全国Ⅰ卷/2021_英语_新高考全国Ⅰ卷_原卷.pdf),[打开Markdown](../../papers/2021/英语/全国/新高考全国Ⅰ卷/2021_英语_新高考全国Ⅰ卷_OCR与考点.md),[打开听力](../../papers/2021/英语/全国/新高考全国Ⅰ卷/2021_英语_新高考全国Ⅰ卷_听力.mp3),pypdf,17
2021,英语,上海,新高考,2017,地方/区域卷,local,上海卷,done,[打开试卷](../../papers/2021/英语/上海/上海卷/2021_英语_上海卷_原卷.pdf),[打开Markdown](../../papers/2021/英语/上海/上海卷/2021_英语_上海卷_OCR与考点.md),[打开听力](../../papers/2021/英语/上海/上海卷/2021_英语_上海卷_听力.mp3),pypdf,17
2021,英语,江苏,新高考,2021,全国卷,common,新高考Ⅰ卷,done,[打开试卷](../../papers/2021/英语/全国/新高考Ⅰ卷/2021_英语_新高考Ⅰ卷_原卷.pdf),[打开Markdown](../../papers/2021/英语/全国/新高考Ⅰ卷/2021_英语_新高考Ⅰ卷_OCR与考点.md),[打开听力](../../papers/2021/英语/全国/新高考Ⅰ卷/2021_英语_新高考Ⅰ卷_听力.mp3),pypdf,11
2021,英语,浙江,新高考,2017,地方/区域卷,local,浙江卷,done,[打开试卷](../../papers/2021/英语/浙江/浙江卷/2021_英语_浙江卷_原卷.pdf),[打开Markdown](../../papers/2021/英语/浙江/浙江卷/2021_英语_浙江卷_OCR与考点.md),[打开听力](../../papers/2021/英语/浙江/浙江卷/2021_英语_浙江卷_听力.mp3),pypdf,11
2021,英语,安徽,新高考,2024,全国卷,common,新高考全国Ⅰ卷,done,[打开试卷](../../papers/2021/英语/全国/新高考全国Ⅰ卷/2021_英语_新高考全国Ⅰ卷_原卷.pdf),[打开Markdown](../../papers/2021/英语/全国/新高考全国Ⅰ卷/2021_英语_新高考全国Ⅰ卷_OCR与考点.md),[打开听力](../../papers/2021/英语/全国/新高考全国Ⅰ卷/2021_英语_新高考全国Ⅰ卷_听力.mp3),pypdf,17
2021,英语,福建,新高考,2021,全国卷,common,新高考Ⅰ卷,done,[打开试卷](../../papers/2021/英语/全国/新高考Ⅰ卷/2021_英语_新高考Ⅰ卷_原卷.pdf),[打开Markdown](../../papers/2021/英语/全国/新高考Ⅰ卷/2021_英语_新高考Ⅰ卷_OCR与考点.md),[打开听力](../../papers/2021/英语/全国/新高考Ⅰ卷/2021_英语_新高考Ⅰ卷_听力.mp3),pypdf,11
2021,英语,江西,新高考,2024,全国卷,common,新高考全国Ⅰ卷,done,[打开试卷](../../papers/2021/英语/全国/新高考全国Ⅰ卷/2021_英语_新高考全国Ⅰ卷_原卷.pdf),[打开Markdown](../../papers/2021/英语/全国/新高考全国Ⅰ卷/2021_英语_新高考全国Ⅰ卷_OCR与考点.md),[打开听力](../../papers/2021/英语/全国/新高考全国Ⅰ卷/2021_英语_新高考全国Ⅰ卷_听力.mp3),pypdf,17
2021,英语,山东,新高考,2020,全国卷,common,新高考Ⅰ卷,done,[打开试卷](../../papers/2021/英语/全国/新高考Ⅰ卷/2021_英语_新高考Ⅰ卷_原卷.pdf),[打开Markdown](../../papers/2021/英语/全国/新高考Ⅰ卷/2021_英语_新高考Ⅰ卷_OCR与考点.md),[打开听力](../../papers/2021/英语/全国/新高考Ⅰ卷/2021_英语_新高考Ⅰ卷_听力.mp3),pypdf,11
2021,英语,河南,新高考,2025,全国卷,common,新高考全国Ⅰ卷,done,[打开试卷](../../papers/2021/英语/全国/新高考全国Ⅰ卷/2021_英语_新高考全国Ⅰ卷_原卷.pdf),[打开Markdown](../../papers/2021/英语/全国/新高考全国Ⅰ卷/2021_英语_新高考全国Ⅰ卷_OCR与考点.md),[打开听力](../../papers/2021/英语/全国/新高考全国Ⅰ卷/2021_英语_新高考全国Ⅰ卷_听力.mp3),pypdf,17
2021,英语,湖北,新高考,2021,全国卷,common,新高考Ⅰ卷,done,[打开试卷](../../papers/2021/英语/全国/新高考Ⅰ卷/2021_英语_新高考Ⅰ卷_原卷.pdf),[打开Markdown](../../papers/2021/英语/全国/新高考Ⅰ卷/2021_英语_新高考Ⅰ卷_OCR与考点.md),[打开听力](../../papers/2021/英语/全国/新高考Ⅰ卷/2021_英语_新高考Ⅰ卷_听力.mp3),pypdf,11
2021,英语,湖南,新高考,2021,全国卷,common,新高考Ⅰ卷,done,[打开试卷](../../papers/2021/英语/全国/新高考Ⅰ卷/2021_英语_新高考Ⅰ卷_原卷.pdf),[打开Markdown](../../papers/2021/英语/全国/新高考Ⅰ卷/2021_英语_新高考Ⅰ卷_OCR与考点.md),[打开听力](../../papers/2021/英语/全国/新高考Ⅰ卷/2021_英语_新高考Ⅰ卷_听力.mp3),pypdf,11
2021,英语,广东,新高考,2021,全国卷,common,新高考Ⅰ卷,done,[打开试卷](../../papers/2021/英语/全国/新高考Ⅰ卷/2021_英语_新高考Ⅰ卷_原卷.pdf),[打开Markdown](../../papers/2021/英语/全国/新高考Ⅰ卷/2021_英语_新高考Ⅰ卷_OCR与考点.md),[打开听力](../../papers/2021/英语/全国/新高考Ⅰ卷/2021_英语_新高考Ⅰ卷_听力.mp3),pypdf,11
2021,英语,海南,新高考,2020,全国卷,common,新高考Ⅱ卷,done,[打开试卷](../../papers/2021/英语/全国/新高考Ⅱ卷/2021_英语_新高考Ⅱ卷_原卷.pdf),[打开Markdown](../../papers/2021/英语/全国/新高考Ⅱ卷/2021_英语_新高考Ⅱ卷_OCR与考点.md),[打开听力](../../papers/2021/英语/全国/新高考Ⅱ卷/2021_英语_新高考Ⅱ卷_听力.mp3),pypdf,12
2021,英语,重庆,新高考,2021,全国卷,common,新高考Ⅱ卷,done,[打开试卷](../../papers/2021/英语/全国/新高考Ⅱ卷/2021_英语_新高考Ⅱ卷_原卷.pdf),[打开Markdown](../../papers/2021/英语/全国/新高考Ⅱ卷/2021_英语_新高考Ⅱ卷_OCR与考点.md),[打开听力](../../papers/2021/英语/全国/新高考Ⅱ卷/2021_英语_新高考Ⅱ卷_听力.mp3),pypdf,12
2021,英语,陕西,新高考,2025,全国卷,common,新高考全国Ⅰ卷,done,[打开试卷](../../papers/2021/英语/全国/新高考全国Ⅰ卷/2021_英语_新高考全国Ⅰ卷_原卷.pdf),[打开Markdown](../../papers/2021/英语/全国/新高考全国Ⅰ卷/2021_英语_新高考全国Ⅰ卷_OCR与考点.md),[打开听力](../../papers/2021/英语/全国/新高考全国Ⅰ卷/2021_英语_新高考全国Ⅰ卷_听力.mp3),pypdf,17
2021,英语,甘肃,新高考,2024,全国卷,common,新高考全国Ⅰ卷,done,[打开试卷](../../papers/2021/英语/全国/新高考全国Ⅰ卷/2021_英语_新高考全国Ⅰ卷_原卷.pdf),[打开Markdown](../../papers/2021/英语/全国/新高考全国Ⅰ卷/2021_英语_新高考全国Ⅰ卷_OCR与考点.md),[打开听力](../../papers/2021/英语/全国/新高考全国Ⅰ卷/2021_英语_新高考全国Ⅰ卷_听力.mp3),pypdf,17
2021,英语,青海,新高考,2025,全国卷,common,新高考全国Ⅰ卷,done,[打开试卷](../../papers/2021/英语/全国/新高考全国Ⅰ卷/2021_英语_新高考全国Ⅰ卷_原卷.pdf),[打开Markdown](../../papers/2021/英语/全国/新高考全国Ⅰ卷/2021_英语_新高考全国Ⅰ卷_OCR与考点.md),[打开听力](../../papers/2021/英语/全国/新高考全国Ⅰ卷/2021_英语_新高考全国Ⅰ卷_听力.mp3),pypdf,17
2021,英语,宁夏,新高考,2025,全国卷,common,新高考全国Ⅰ卷,done,[打开试卷](../../papers/2021/英语/全国/新高考全国Ⅰ卷/2021_英语_新高考全国Ⅰ卷_原卷.pdf),[打开Markdown](../../papers/2021/英语/全国/新高考全国Ⅰ卷/2021_英语_新高考全国Ⅰ卷_OCR与考点.md),[打开听力](../../papers/2021/英语/全国/新高考全国Ⅰ卷/2021_英语_新高考全国Ⅰ卷_听力.mp3),pypdf,17
2021,英语,新疆,新高考,,全国卷,common,新高考全国Ⅰ卷,done,[打开试卷](../../papers/2021/英语/全国/新高考全国Ⅰ卷/2021_英语_新高考全国Ⅰ卷_原卷.pdf),[打开Markdown](../../papers/2021/英语/全国/新高考全国Ⅰ卷/2021_英语_新高考全国Ⅰ卷_OCR与考点.md),[打开听力](../../papers/2021/英语/全国/新高考全国Ⅰ卷/2021_英语_新高考全国Ⅰ卷_听力.mp3),pypdf,17
2021,物理,北京,新高考,2020,地方/区域卷,local,北京卷,done,[打开试卷](../../papers/2021/物理/北京/北京卷/2021_物理_北京卷_原卷.pdf),[打开Markdown](../../papers/2021/物理/北京/北京卷/2021_物理_北京卷_OCR与考点.md),,pypdf,10
2021,物理,天津,新高考,2020,地方/区域卷,local,天津卷,done,[打开试卷](../../papers/2021/物理/天津/天津卷/2021_物理_天津卷_原卷.pdf),[打开Markdown](../../papers/2021/物理/天津/天津卷/2021_物理_天津卷_OCR与考点.md),,pypdf,8
2021,物理,河北,新高考,2021,地方/区域卷,local,河北卷,done,[打开试卷](../../papers/2021/物理/河北/河北卷/2021_物理_河北卷_原卷.pdf),[打开Markdown](../../papers/2021/物理/河北/河北卷/2021_物理_河北卷_OCR与考点.md),,pypdf,10
2021,物理,辽宁,新高考,2021,地方/区域卷,local,辽宁卷,done,[打开试卷](../../papers/2021/物理/辽宁/辽宁卷/2021_物理_辽宁卷_原卷.pdf),[打开Markdown](../../papers/2021/物理/辽宁/辽宁卷/2021_物理_辽宁卷_OCR与考点.md),,pypdf,9
2021,物理,上海,新高考,2017,地方/区域卷,local,上海卷,done,[打开试卷](../../papers/2021/物理/上海/上海卷/2021_物理_上海卷_原卷.pdf),[打开Markdown](../../papers/2021/物理/上海/上海卷/2021_物理_上海卷_OCR与考点.md),,pypdf,5
2021,物理,江苏,新高考,2021,地方/区域卷,local,江苏卷,done,[打开试卷](../../papers/2021/物理/江苏/江苏卷/2021_物理_江苏卷_原卷.pdf),[打开Markdown](../../papers/2021/物理/江苏/江苏卷/2021_物理_江苏卷_OCR与考点.md),,pypdf,9
2021,物理,浙江,新高考,2017,地方/区域卷,local,浙江卷,done,[打开试卷](../../papers/2021/物理/浙江/浙江卷/2021_物理_浙江卷_原卷.pdf),[打开Markdown](../../papers/2021/物理/浙江/浙江卷/2021_物理_浙江卷_OCR与考点.md),,pypdf,12
2021,物理,福建,新高考,2021,地方/区域卷,local,福建卷,done,[打开试卷](../../papers/2021/物理/福建/福建卷/2021_物理_福建卷_原卷.pdf),[打开Markdown](../../papers/2021/物理/福建/福建卷/2021_物理_福建卷_OCR与考点.md),,pypdf,9
2021,物理,山东,新高考,2020,地方/区域卷,local,山东卷,done,[打开试卷](../../papers/2021/物理/山东/山东卷/2021_物理_山东卷_原卷.pdf),[打开Markdown](../../papers/2021/物理/山东/山东卷/2021_物理_山东卷_OCR与考点.md),,pypdf,12
2021,物理,湖北,新高考,2021,地方/区域卷,local,湖北卷,done,[打开试卷](../../papers/2021/物理/湖北/湖北卷/2021_物理_湖北卷_原卷.pdf),[打开Markdown](../../papers/2021/物理/湖北/湖北卷/2021_物理_湖北卷_OCR与考点.md),,pypdf,9
2021,物理,湖南,新高考,2021,地方/区域卷,local,湖南卷,done,[打开试卷](../../papers/2021/物理/湖南/湖南卷/2021_物理_湖南卷_原卷.pdf),[打开Markdown](../../papers/2021/物理/湖南/湖南卷/2021_物理_湖南卷_OCR与考点.md),,pypdf,10
2021,物理,广东,新高考,2021,地方/区域卷,local,广东卷,done,[打开试卷](../../papers/2021/物理/广东/广东卷/2021_物理_广东卷_原卷.pdf),[打开Markdown](../../papers/2021/物理/广东/广东卷/2021_物理_广东卷_OCR与考点.md),,pypdf,9
2021,物理,海南,新高考,2020,地方/区域卷,local,海南卷,done,[打开试卷](../../papers/2021/物理/海南/海南卷/2021_物理_海南卷_原卷.pdf),[打开Markdown](../../papers/2021/物理/海南/海南卷/2021_物理_海南卷_OCR与考点.md),,pypdf,8
2021,物理,重庆,新高考,2021,地方/区域卷,local,重庆卷,done,[打开试卷](../../papers/2021/物理/重庆/重庆卷/2021_物理_重庆卷_原卷.pdf),[打开Markdown](../../papers/2021/物理/重庆/重庆卷/2021_物理_重庆卷_OCR与考点.md),,pypdf,9
2021,化学,北京,新高考,2020,地方/区域卷,local,北京卷,done,[打开试卷](../../papers/2021/化学/北京/北京卷/2021_化学_北京卷_原卷.pdf),[打开Markdown](../../papers/2021/化学/北京/北京卷/2021_化学_北京卷_OCR与考点.md),,pypdf,11
2021,化学,天津,新高考,2020,地方/区域卷,local,天津卷,done,[打开试卷](../../papers/2021/化学/天津/天津卷/2021_化学_天津卷_原卷.pdf),[打开Markdown](../../papers/2021/化学/天津/天津卷/2021_化学_天津卷_OCR与考点.md),,pypdf,10
2021,化学,河北,新高考,2021,地方/区域卷,local,河北卷,done,[打开试卷](../../papers/2021/化学/河北/河北卷/2021_化学_河北卷_原卷.pdf),[打开Markdown](../../papers/2021/化学/河北/河北卷/2021_化学_河北卷_OCR与考点.md),,pypdf,11
2021,化学,辽宁,新高考,2021,地方/区域卷,local,辽宁卷,done,[打开试卷](../../papers/2021/化学/辽宁/辽宁卷/2021_化学_辽宁卷_原卷.pdf),[打开Markdown](../../papers/2021/化学/辽宁/辽宁卷/2021_化学_辽宁卷_OCR与考点.md),,pypdf,12
2021,化学,上海,新高考,2017,地方/区域卷,local,上海卷,done,[打开试卷](../../papers/2021/化学/上海/上海卷/2021_化学_上海卷_原卷.pdf),[打开Markdown](../../papers/2021/化学/上海/上海卷/2021_化学_上海卷_OCR与考点.md),,pypdf,9
2021,化学,江苏,新高考,2021,地方/区域卷,local,江苏卷,done,[打开试卷](../../papers/2021/化学/江苏/江苏卷/2021_化学_江苏卷_原卷.pdf),[打开Markdown](../../papers/2021/化学/江苏/江苏卷/2021_化学_江苏卷_OCR与考点.md),,pypdf,10
2021,化学,浙江,新高考,2017,地方/区域卷,local,浙江卷,done,[打开试卷](../../papers/2021/化学/浙江/浙江卷/2021_化学_浙江卷_原卷.pdf),[打开Markdown](../../papers/2021/化学/浙江/浙江卷/2021_化学_浙江卷_OCR与考点.md),,pypdf,13
2021,化学,福建,新高考,2021,地方/区域卷,local,福建卷,done,[打开试卷](../../papers/2021/化学/福建/福建卷/2021_化学_福建卷_原卷.pdf),[打开Markdown](../../papers/2021/化学/福建/福建卷/2021_化学_福建卷_OCR与考点.md),,pypdf,10
2021,化学,山东,新高考,2020,地方/区域卷,local,山东卷,done,[打开试卷](../../papers/2021/化学/山东/山东卷/2021_化学_山东卷_原卷.pdf),[打开Markdown](../../papers/2021/化学/山东/山东卷/2021_化学_山东卷_OCR与考点.md),,pypdf,10
2021,化学,湖北,新高考,2021,地方/区域卷,local,湖北卷,done,[打开试卷](../../papers/2021/化学/湖北/湖北卷/2021_化学_湖北卷_原卷.pdf),[打开Markdown](../../papers/2021/化学/湖北/湖北卷/2021_化学_湖北卷_OCR与考点.md),,pypdf,11
2021,化学,湖南,新高考,2021,地方/区域卷,local,湖南卷,done,[打开试卷](../../papers/2021/化学/湖南/湖南卷/2021_化学_湖南卷_原卷.pdf),[打开Markdown](../../papers/2021/化学/湖南/湖南卷/2021_化学_湖南卷_OCR与考点.md),,pypdf,12
2021,化学,广东,新高考,2021,地方/区域卷,local,广东卷,done,[打开试卷](../../papers/2021/化学/广东/广东卷/2021_化学_广东卷_原卷.pdf),[打开Markdown](../../papers/2021/化学/广东/广东卷/2021_化学_广东卷_OCR与考点.md),,pypdf,13
2021,化学,海南,新高考,2020,地方/区域卷,local,海南卷,done,[打开试卷](../../papers/2021/化学/海南/海南卷/2021_化学_海南卷_原卷.pdf),[打开Markdown](../../papers/2021/化学/海南/海南卷/2021_化学_海南卷_OCR与考点.md),,pypdf,9
2021,化学,重庆,新高考,2021,地方/区域卷,local,重庆卷,done,[打开试卷](../../papers/2021/化学/重庆/重庆卷/2021_化学_重庆卷_原卷.pdf),[打开Markdown](../../papers/2021/化学/重庆/重庆卷/2021_化学_重庆卷_OCR与考点.md),,pypdf,11
2021,生物,北京,新高考,2020,地方/区域卷,local,北京卷,done,[打开试卷](../../papers/2021/生物/北京/北京卷/2021_生物_北京卷_原卷.pdf),[打开Markdown](../../papers/2021/生物/北京/北京卷/2021_生物_北京卷_OCR与考点.md),,pypdf,12
2021,生物,天津,新高考,2020,地方/区域卷,local,天津卷,done,[打开试卷](../../papers/2021/生物/天津/天津卷/2021_生物_天津卷_原卷.pdf),[打开Markdown](../../papers/2021/生物/天津/天津卷/2021_生物_天津卷_OCR与考点.md),,pypdf,11
2021,生物,河北,新高考,2021,地方/区域卷,local,河北卷,done,[打开试卷](../../papers/2021/生物/河北/河北卷/2021_生物_河北卷_原卷.pdf),[打开Markdown](../../papers/2021/生物/河北/河北卷/2021_生物_河北卷_OCR与考点.md),,pypdf,10
2021,生物,辽宁,新高考,2021,地方/区域卷,local,辽宁卷,done,[打开试卷](../../papers/2021/生物/辽宁/辽宁卷/2021_生物_辽宁卷_原卷.pdf),[打开Markdown](../../papers/2021/生物/辽宁/辽宁卷/2021_生物_辽宁卷_OCR与考点.md),,pypdf,14
2021,生物,上海,新高考,2017,地方/区域卷,local,上海卷,done,[打开试卷](../../papers/2021/生物/上海/上海卷/2021_生物_上海卷_原卷.pdf),[打开Markdown](../../papers/2021/生物/上海/上海卷/2021_生物_上海卷_OCR与考点.md),,pypdf,8
2021,生物,江苏,新高考,2021,地方/区域卷,local,江苏卷,done,[打开试卷](../../papers/2021/生物/江苏/江苏卷/2021_生物_江苏卷_原卷.pdf),[打开Markdown](../../papers/2021/生物/江苏/江苏卷/2021_生物_江苏卷_OCR与考点.md),,pypdf,12
2021,生物,浙江,新高考,2017,地方/区域卷,local,浙江卷,done,[打开试卷](../../papers/2021/生物/浙江/浙江卷/2021_生物_浙江卷_原卷.pdf),[打开Markdown](../../papers/2021/生物/浙江/浙江卷/2021_生物_浙江卷_OCR与考点.md),,pypdf,11
2021,生物,福建,新高考,2021,地方/区域卷,local,福建卷,done,[打开试卷](../../papers/2021/生物/福建/福建卷/2021_生物_福建卷_原卷.pdf),[打开Markdown](../../papers/2021/生物/福建/福建卷/2021_生物_福建卷_OCR与考点.md),,pypdf,13
2021,生物,山东,新高考,2020,地方/区域卷,local,山东卷,done,[打开试卷](../../papers/2021/生物/山东/山东卷/2021_生物_山东卷_原卷.pdf),[打开Markdown](../../papers/2021/生物/山东/山东卷/2021_生物_山东卷_OCR与考点.md),,pypdf,8
2021,生物,湖北,新高考,2021,地方/区域卷,local,湖北卷,done,[打开试卷](../../papers/2021/生物/湖北/湖北卷/2021_生物_湖北卷_原卷.pdf),[打开Markdown](../../papers/2021/生物/湖北/湖北卷/2021_生物_湖北卷_OCR与考点.md),,pypdf,11
2021,生物,湖南,新高考,2021,地方/区域卷,local,湖南卷,done,[打开试卷](../../papers/2021/生物/湖南/湖南卷/2021_生物_湖南卷_原卷.pdf),[打开Markdown](../../papers/2021/生物/湖南/湖南卷/2021_生物_湖南卷_OCR与考点.md),,pypdf,12
2021,生物,广东,新高考,2021,地方/区域卷,local,广东卷,done,[打开试卷](../../papers/2021/生物/广东/广东卷/2021_生物_广东卷_原卷.pdf),[打开Markdown](../../papers/2021/生物/广东/广东卷/2021_生物_广东卷_OCR与考点.md),,pypdf,10
2021,生物,海南,新高考,2020,地方/区域卷,local,海南卷,done,[打开试卷](../../papers/2021/生物/海南/海南卷/2021_生物_海南卷_原卷.pdf),[打开Markdown](../../papers/2021/生物/海南/海南卷/2021_生物_海南卷_OCR与考点.md),,pypdf,10
2021,生物,重庆,新高考,2021,地方/区域卷,local,重庆卷,done,[打开试卷](../../papers/2021/生物/重庆/重庆卷/2021_生物_重庆卷_原卷.pdf),[打开Markdown](../../papers/2021/生物/重庆/重庆卷/2021_生物_重庆卷_OCR与考点.md),,pypdf,11
2021,政治,北京,新高考,2020,地方/区域卷,local,北京卷,done,[打开试卷](../../papers/2021/政治/北京/北京卷/2021_政治_北京卷_原卷.pdf),[打开Markdown](../../papers/2021/政治/北京/北京卷/2021_政治_北京卷_OCR与考点.md),,pypdf,10
2021,政治,天津,新高考,2020,地方/区域卷,local,天津卷,done,[打开试卷](../../papers/2021/政治/天津/天津卷/2021_政治_天津卷_原卷.pdf),[打开Markdown](../../papers/2021/政治/天津/天津卷/2021_政治_天津卷_OCR与考点.md),,pypdf,9
2021,政治,河北,新高考,2021,地方/区域卷,local,河北卷,done,[打开试卷](../../papers/2021/政治/河北/河北卷/2021_政治_河北卷_原卷.pdf),[打开Markdown](../../papers/2021/政治/河北/河北卷/2021_政治_河北卷_OCR与考点.md),,pypdf,7
2021,政治,辽宁,新高考,2021,地方/区域卷,local,辽宁卷,done,[打开试卷](../../papers/2021/政治/辽宁/辽宁卷/2021_政治_辽宁卷_原卷.pdf),[打开Markdown](../../papers/2021/政治/辽宁/辽宁卷/2021_政治_辽宁卷_OCR与考点.md),,pypdf,9
2021,政治,上海,新高考,2017,,missing,,missing,[打开试卷](../../../..),[打开Markdown](../../../..),[打开听力](../../../..),,
2021,政治,江苏,新高考,2021,地方/区域卷,local,江苏卷,done,[打开试卷](../../papers/2021/政治/江苏/江苏卷/2021_政治_江苏卷_原卷.pdf),[打开Markdown](../../papers/2021/政治/江苏/江苏卷/2021_政治_江苏卷_OCR与考点.md),,pypdf,8
2021,政治,浙江,新高考,2017,地方/区域卷,local,浙江卷,done,[打开试卷](../../papers/2021/政治/浙江/浙江卷/2021_政治_浙江卷_原卷.pdf),[打开Markdown](../../papers/2021/政治/浙江/浙江卷/2021_政治_浙江卷_OCR与考点.md),,pypdf,13
2021,政治,福建,新高考,2021,地方/区域卷,local,福建卷,done,[打开试卷](../../papers/2021/政治/福建/福建卷/2021_政治_福建卷_原卷.pdf),[打开Markdown](../../papers/2021/政治/福建/福建卷/2021_政治_福建卷_OCR与考点.md),,pypdf,9
2021,政治,山东,新高考,2020,地方/区域卷,local,山东卷,done,[打开试卷](../../papers/2021/政治/山东/山东卷/2021_政治_山东卷_原卷.pdf),[打开Markdown](../../papers/2021/政治/山东/山东卷/2021_政治_山东卷_OCR与考点.md),,pypdf,8
2021,政治,湖北,新高考,2021,地方/区域卷,local,湖北卷,done,[打开试卷](../../papers/2021/政治/湖北/湖北卷/2021_政治_湖北卷_原卷.pdf),[打开Markdown](../../papers/2021/政治/湖北/湖北卷/2021_政治_湖北卷_OCR与考点.md),,pypdf,8
2021,政治,湖南,新高考,2021,地方/区域卷,local,湖南卷,done,[打开试卷](../../papers/2021/政治/湖南/湖南卷/2021_政治_湖南卷_原卷.pdf),[打开Markdown](../../papers/2021/政治/湖南/湖南卷/2021_政治_湖南卷_OCR与考点.md),,pypdf,7
2021,政治,广东,新高考,2021,地方/区域卷,local,广东卷,done,[打开试卷](../../papers/2021/政治/广东/广东卷/2021_政治_广东卷_原卷.pdf),[打开Markdown](../../papers/2021/政治/广东/广东卷/2021_政治_广东卷_OCR与考点.md),,pypdf,7
2021,政治,海南,新高考,2020,地方/区域卷,local,海南卷,done,[打开试卷](../../papers/2021/政治/海南/海南卷/2021_政治_海南卷_原卷.pdf),[打开Markdown](../../papers/2021/政治/海南/海南卷/2021_政治_海南卷_OCR与考点.md),,pypdf,14
2021,政治,重庆,新高考,2021,,missing,,missing,[打开试卷](../../../..),[打开Markdown](../../../..),[打开听力](../../../..),,
2021,历史,北京,新高考,2020,地方/区域卷,local,北京卷,done,[打开试卷](../../papers/2021/历史/北京/北京卷/2021_历史_北京卷_原卷.pdf),[打开Markdown](../../papers/2021/历史/北京/北京卷/2021_历史_北京卷_OCR与考点.md),,pypdf,10
2021,历史,天津,新高考,2020,地方/区域卷,local,天津卷,done,[打开试卷](../../papers/2021/历史/天津/天津卷/2021_历史_天津卷_原卷.pdf),[打开Markdown](../../papers/2021/历史/天津/天津卷/2021_历史_天津卷_OCR与考点.md),,pypdf,7
2021,历史,河北,新高考,2021,地方/区域卷,local,河北卷,done,[打开试卷](../../papers/2021/历史/河北/河北卷/2021_历史_河北卷_原卷.pdf),[打开Markdown](../../papers/2021/历史/河北/河北卷/2021_历史_河北卷_OCR与考点.md),,pypdf,7
2021,历史,辽宁,新高考,2021,地方/区域卷,local,辽宁卷,done,[打开试卷](../../papers/2021/历史/辽宁/辽宁卷/2021_历史_辽宁卷_原卷.pdf),[打开Markdown](../../papers/2021/历史/辽宁/辽宁卷/2021_历史_辽宁卷_OCR与考点.md),,pypdf,8
2021,历史,上海,新高考,2017,,missing,,missing,[打开试卷](../../../..),[打开Markdown](../../../..),[打开听力](../../../..),,
2021,历史,江苏,新高考,2021,地方/区域卷,local,江苏卷,done,[打开试卷](../../papers/2021/历史/江苏/江苏卷/2021_历史_江苏卷_原卷.pdf),[打开Markdown](../../papers/2021/历史/江苏/江苏卷/2021_历史_江苏卷_OCR与考点.md),,pypdf,6
2021,历史,浙江,新高考,2017,地方/区域卷,local,浙江卷,done,[打开试卷](../../papers/2021/历史/浙江/浙江卷/2021_历史_浙江卷_原卷.pdf),[打开Markdown](../../papers/2021/历史/浙江/浙江卷/2021_历史_浙江卷_OCR与考点.md),,pypdf,10
2021,历史,福建,新高考,2021,地方/区域卷,local,福建卷,done,[打开试卷](../../papers/2021/历史/福建/福建卷/2021_历史_福建卷_原卷.pdf),[打开Markdown](../../papers/2021/历史/福建/福建卷/2021_历史_福建卷_OCR与考点.md),,pypdf,9
2021,历史,山东,新高考,2020,地方/区域卷,local,山东卷,done,[打开试卷](../../papers/2021/历史/山东/山东卷/2021_历史_山东卷_原卷.pdf),[打开Markdown](../../papers/2021/历史/山东/山东卷/2021_历史_山东卷_OCR与考点.md),,pypdf,9
2021,历史,湖北,新高考,2021,地方/区域卷,local,湖北卷,done,[打开试卷](../../papers/2021/历史/湖北/湖北卷/2021_历史_湖北卷_原卷.pdf),[打开Markdown](../../papers/2021/历史/湖北/湖北卷/2021_历史_湖北卷_OCR与考点.md),,pypdf,7
2021,历史,湖南,新高考,2021,地方/区域卷,local,湖南卷,done,[打开试卷](../../papers/2021/历史/湖南/湖南卷/2021_历史_湖南卷_原卷.pdf),[打开Markdown](../../papers/2021/历史/湖南/湖南卷/2021_历史_湖南卷_OCR与考点.md),,pypdf,8
2021,历史,广东,新高考,2021,地方/区域卷,local,广东卷,done,[打开试卷](../../papers/2021/历史/广东/广东卷/2021_历史_广东卷_原卷.pdf),[打开Markdown](../../papers/2021/历史/广东/广东卷/2021_历史_广东卷_OCR与考点.md),,pypdf,6
2021,历史,海南,新高考,2020,地方/区域卷,local,海南卷,done,[打开试卷](../../papers/2021/历史/海南/海南卷/2021_历史_海南卷_原卷.pdf),[打开Markdown](../../papers/2021/历史/海南/海南卷/2021_历史_海南卷_OCR与考点.md),,pypdf,7
2021,历史,重庆,新高考,2021,地方/区域卷,local,重庆卷,done,[打开试卷](../../papers/2021/历史/重庆/重庆卷/2021_历史_重庆卷_原卷.pdf),[打开Markdown](../../papers/2021/历史/重庆/重庆卷/2021_历史_重庆卷_OCR与考点.md),,pypdf,8
2021,地理,北京,新高考,2020,地方/区域卷,local,北京卷,done,[打开试卷](../../papers/2021/地理/北京/北京卷/2021_地理_北京卷_原卷.pdf),[打开Markdown](../../papers/2021/地理/北京/北京卷/2021_地理_北京卷_OCR与考点.md),,pypdf,10
2021,地理,天津,新高考,2020,地方/区域卷,local,天津卷,done,[打开试卷](../../papers/2021/地理/天津/天津卷/2021_地理_天津卷_原卷.pdf),[打开Markdown](../../papers/2021/地理/天津/天津卷/2021_地理_天津卷_OCR与考点.md),,pypdf,8
2021,地理,河北,新高考,2021,地方/区域卷,local,河北卷,done,[打开试卷](../../papers/2021/地理/河北/河北卷/2021_地理_河北卷_原卷.pdf),[打开Markdown](../../papers/2021/地理/河北/河北卷/2021_地理_河北卷_OCR与考点.md),,pypdf,6
2021,地理,辽宁,新高考,2021,地方/区域卷,local,辽宁卷,done,[打开试卷](../../papers/2021/地理/辽宁/辽宁卷/2021_地理_辽宁卷_原卷.pdf),[打开Markdown](../../papers/2021/地理/辽宁/辽宁卷/2021_地理_辽宁卷_OCR与考点.md),,pypdf,9
2021,地理,上海,新高考,2017,地方/区域卷,local,上海卷,done,[打开试卷](../../papers/2021/地理/上海/上海卷/2021_地理_上海卷_原卷.pdf),[打开Markdown](../../papers/2021/地理/上海/上海卷/2021_地理_上海卷_OCR与考点.md),,pypdf,9
2021,地理,江苏,新高考,2021,地方/区域卷,local,江苏卷,done,[打开试卷](../../papers/2021/地理/江苏/江苏卷/2021_地理_江苏卷_原卷.pdf),[打开Markdown](../../papers/2021/地理/江苏/江苏卷/2021_地理_江苏卷_OCR与考点.md),,pypdf,10
2021,地理,浙江,新高考,2017,地方/区域卷,local,浙江卷,done,[打开试卷](../../papers/2021/地理/浙江/浙江卷/2021_地理_浙江卷_原卷.pdf),[打开Markdown](../../papers/2021/地理/浙江/浙江卷/2021_地理_浙江卷_OCR与考点.md),,pypdf,9
2021,地理,福建,新高考,2021,地方/区域卷,local,福建卷,done,[打开试卷](../../papers/2021/地理/福建/福建卷/2021_地理_福建卷_原卷.pdf),[打开Markdown](../../papers/2021/地理/福建/福建卷/2021_地理_福建卷_OCR与考点.md),,pypdf,9
2021,地理,山东,新高考,2020,地方/区域卷,local,山东卷,done,[打开试卷](../../papers/2021/地理/山东/山东卷/2021_地理_山东卷_原卷.pdf),[打开Markdown](../../papers/2021/地理/山东/山东卷/2021_地理_山东卷_OCR与考点.md),,pypdf,8
2021,地理,湖北,新高考,2021,地方/区域卷,local,湖北卷,done,[打开试卷](../../papers/2021/地理/湖北/湖北卷/2021_地理_湖北卷_原卷.pdf),[打开Markdown](../../papers/2021/地理/湖北/湖北卷/2021_地理_湖北卷_OCR与考点.md),,pypdf,9
2021,地理,湖南,新高考,2021,地方/区域卷,local,湖南卷,done,[打开试卷](../../papers/2021/地理/湖南/湖南卷/2021_地理_湖南卷_原卷.pdf),[打开Markdown](../../papers/2021/地理/湖南/湖南卷/2021_地理_湖南卷_OCR与考点.md),,pypdf,9
2021,地理,广东,新高考,2021,地方/区域卷,local,广东卷,done,[打开试卷](../../papers/2021/地理/广东/广东卷/2021_地理_广东卷_原卷.pdf),[打开Markdown](../../papers/2021/地理/广东/广东卷/2021_地理_广东卷_OCR与考点.md),,pypdf,7
2021,地理,海南,新高考,2020,地方/区域卷,local,海南卷,done,[打开试卷](../../papers/2021/地理/海南/海南卷/2021_地理_海南卷_原卷.pdf),[打开Markdown](../../papers/2021/地理/海南/海南卷/2021_地理_海南卷_OCR与考点.md),,pypdf,7
2021,地理,重庆,新高考,2021,地方/区域卷,local,重庆卷,done,[打开试卷](../../papers/2021/地理/重庆/重庆卷/2021_地理_重庆卷_原卷.pdf),[打开Markdown](../../papers/2021/地理/重庆/重庆卷/2021_地理_重庆卷_OCR与考点.md),,pypdf,8
2022,语文,北京,新高考,2020,地方/区域卷,local,北京卷,done,[打开试卷](../../papers/2022/语文/北京/北京卷/2022_语文_北京卷_原卷.pdf),[打开Markdown](../../papers/2022/语文/北京/北京卷/2022_语文_北京卷_OCR与考点.md),,rapidocr,10
2022,语文,天津,新高考,2020,地方/区域卷,local,天津卷,done,[打开试卷](../../papers/2022/语文/天津/天津卷/2022_语文_天津卷_原卷.pdf),[打开Markdown](../../papers/2022/语文/天津/天津卷/2022_语文_天津卷_OCR与考点.md),,rapidocr,10
2022,语文,河北,新高考,2021,全国卷,common,新高考Ⅰ卷,done,[打开试卷](../../papers/2022/语文/全国/新高考Ⅰ卷/2022_语文_新高考Ⅰ卷_原卷.pdf),[打开Markdown](../../papers/2022/语文/全国/新高考Ⅰ卷/2022_语文_新高考Ⅰ卷_OCR与考点.md),,rapidocr,10
2022,语文,辽宁,新高考,2021,全国卷,common,新高考Ⅱ卷,done,[打开试卷](../../papers/2022/语文/全国/新高考Ⅱ卷/2022_语文_新高考Ⅱ卷_原卷.pdf),[打开Markdown](../../papers/2022/语文/全国/新高考Ⅱ卷/2022_语文_新高考Ⅱ卷_OCR与考点.md),,rapidocr,11
2022,语文,上海,新高考,2017,地方/区域卷,local,上海卷,done,[打开试卷](../../papers/2022/语文/上海/上海卷/2022_语文_上海卷_原卷.pdf),[打开Markdown](../../papers/2022/语文/上海/上海卷/2022_语文_上海卷_OCR与考点.md),,rapidocr,8
2022,语文,江苏,新高考,2021,全国卷,common,新高考Ⅰ卷,done,[打开试卷](../../papers/2022/语文/全国/新高考Ⅰ卷/2022_语文_新高考Ⅰ卷_原卷.pdf),[打开Markdown](../../papers/2022/语文/全国/新高考Ⅰ卷/2022_语文_新高考Ⅰ卷_OCR与考点.md),,rapidocr,10
2022,语文,浙江,新高考,2017,地方/区域卷,local,浙江卷,done,[打开试卷](../../papers/2022/语文/浙江/浙江卷/2022_语文_浙江卷_原卷.pdf),[打开Markdown](../../papers/2022/语文/浙江/浙江卷/2022_语文_浙江卷_OCR与考点.md),,rapidocr,11
2022,语文,福建,新高考,2021,全国卷,common,新高考Ⅰ卷,done,[打开试卷](../../papers/2022/语文/全国/新高考Ⅰ卷/2022_语文_新高考Ⅰ卷_原卷.pdf),[打开Markdown](../../papers/2022/语文/全国/新高考Ⅰ卷/2022_语文_新高考Ⅰ卷_OCR与考点.md),,rapidocr,10
2022,语文,山东,新高考,2020,全国卷,common,新高考Ⅰ卷,done,[打开试卷](../../papers/2022/语文/全国/新高考Ⅰ卷/2022_语文_新高考Ⅰ卷_原卷.pdf),[打开Markdown](../../papers/2022/语文/全国/新高考Ⅰ卷/2022_语文_新高考Ⅰ卷_OCR与考点.md),,rapidocr,10
2022,语文,湖北,新高考,2021,全国卷,common,新高考Ⅰ卷,done,[打开试卷](../../papers/2022/语文/全国/新高考Ⅰ卷/2022_语文_新高考Ⅰ卷_原卷.pdf),[打开Markdown](../../papers/2022/语文/全国/新高考Ⅰ卷/2022_语文_新高考Ⅰ卷_OCR与考点.md),,rapidocr,10
2022,语文,湖南,新高考,2021,全国卷,common,新高考Ⅰ卷,done,[打开试卷](../../papers/2022/语文/全国/新高考Ⅰ卷/2022_语文_新高考Ⅰ卷_原卷.pdf),[打开Markdown](../../papers/2022/语文/全国/新高考Ⅰ卷/2022_语文_新高考Ⅰ卷_OCR与考点.md),,rapidocr,10
2022,语文,广东,新高考,2021,全国卷,common,新高考Ⅰ卷,done,[打开试卷](../../papers/2022/语文/全国/新高考Ⅰ卷/2022_语文_新高考Ⅰ卷_原卷.pdf),[打开Markdown](../../papers/2022/语文/全国/新高考Ⅰ卷/2022_语文_新高考Ⅰ卷_OCR与考点.md),,rapidocr,10
2022,语文,海南,新高考,2020,全国卷,common,新高考Ⅱ卷,done,[打开试卷](../../papers/2022/语文/全国/新高考Ⅱ卷/2022_语文_新高考Ⅱ卷_原卷.pdf),[打开Markdown](../../papers/2022/语文/全国/新高考Ⅱ卷/2022_语文_新高考Ⅱ卷_OCR与考点.md),,rapidocr,11
2022,语文,重庆,新高考,2021,全国卷,common,新高考Ⅱ卷,done,[打开试卷](../../papers/2022/语文/全国/新高考Ⅱ卷/2022_语文_新高考Ⅱ卷_原卷.pdf),[打开Markdown](../../papers/2022/语文/全国/新高考Ⅱ卷/2022_语文_新高考Ⅱ卷_OCR与考点.md),,rapidocr,11
2022,数学,北京,新高考,2020,地方/区域卷,local,北京卷,done,[打开试卷](../../papers/2022/数学/北京/北京卷/2022_数学_北京卷_原卷.pdf),[打开Markdown](../../papers/2022/数学/北京/北京卷/2022_数学_北京卷_OCR与考点.md),,pypdf,4
2022,数学,天津,新高考,2020,地方/区域卷,local,天津卷,done,[打开试卷](../../papers/2022/数学/天津/天津卷/2022_数学_天津卷_原卷.pdf),[打开Markdown](../../papers/2022/数学/天津/天津卷/2022_数学_天津卷_OCR与考点.md),,pypdf,6
2022,数学,河北,新高考,2021,全国卷,common,新高考Ⅰ卷,done,[打开试卷](../../papers/2022/数学/全国/新高考Ⅰ卷/2022_数学_新高考Ⅰ卷_原卷.pdf),[打开Markdown](../../papers/2022/数学/全国/新高考Ⅰ卷/2022_数学_新高考Ⅰ卷_OCR与考点.md),,pypdf,5
2022,数学,辽宁,新高考,2021,全国卷,common,新高考Ⅱ卷,done,[打开试卷](../../papers/2022/数学/全国/新高考Ⅱ卷/2022_数学_新高考Ⅱ卷_原卷.pdf),[打开Markdown](../../papers/2022/数学/全国/新高考Ⅱ卷/2022_数学_新高考Ⅱ卷_OCR与考点.md),,pypdf,6
2022,数学,上海,新高考,2017,地方/区域卷,local,上海卷,done,[打开试卷](../../papers/2022/数学/上海/上海卷/2022_数学_上海卷_原卷.pdf),[打开Markdown](../../papers/2022/数学/上海/上海卷/2022_数学_上海卷_OCR与考点.md),,pypdf,4
2022,数学,江苏,新高考,2021,全国卷,common,新高考Ⅰ卷,done,[打开试卷](../../papers/2022/数学/全国/新高考Ⅰ卷/2022_数学_新高考Ⅰ卷_原卷.pdf),[打开Markdown](../../papers/2022/数学/全国/新高考Ⅰ卷/2022_数学_新高考Ⅰ卷_OCR与考点.md),,pypdf,5
2022,数学,浙江,新高考,2017,地方/区域卷,local,浙江卷,done,[打开试卷](../../papers/2022/数学/浙江/浙江卷/2022_数学_浙江卷_原卷.pdf),[打开Markdown](../../papers/2022/数学/浙江/浙江卷/2022_数学_浙江卷_OCR与考点.md),,pypdf,6
2022,数学,福建,新高考,2021,全国卷,common,新高考Ⅰ卷,done,[打开试卷](../../papers/2022/数学/全国/新高考Ⅰ卷/2022_数学_新高考Ⅰ卷_原卷.pdf),[打开Markdown](../../papers/2022/数学/全国/新高考Ⅰ卷/2022_数学_新高考Ⅰ卷_OCR与考点.md),,pypdf,5
2022,数学,山东,新高考,2020,全国卷,common,新高考Ⅰ卷,done,[打开试卷](../../papers/2022/数学/全国/新高考Ⅰ卷/2022_数学_新高考Ⅰ卷_原卷.pdf),[打开Markdown](../../papers/2022/数学/全国/新高考Ⅰ卷/2022_数学_新高考Ⅰ卷_OCR与考点.md),,pypdf,5
2022,数学,湖北,新高考,2021,全国卷,common,新高考Ⅰ卷,done,[打开试卷](../../papers/2022/数学/全国/新高考Ⅰ卷/2022_数学_新高考Ⅰ卷_原卷.pdf),[打开Markdown](../../papers/2022/数学/全国/新高考Ⅰ卷/2022_数学_新高考Ⅰ卷_OCR与考点.md),,pypdf,5
2022,数学,湖南,新高考,2021,全国卷,common,新高考Ⅰ卷,done,[打开试卷](../../papers/2022/数学/全国/新高考Ⅰ卷/2022_数学_新高考Ⅰ卷_原卷.pdf),[打开Markdown](../../papers/2022/数学/全国/新高考Ⅰ卷/2022_数学_新高考Ⅰ卷_OCR与考点.md),,pypdf,5
2022,数学,广东,新高考,2021,全国卷,common,新高考Ⅰ卷,done,[打开试卷](../../papers/2022/数学/全国/新高考Ⅰ卷/2022_数学_新高考Ⅰ卷_原卷.pdf),[打开Markdown](../../papers/2022/数学/全国/新高考Ⅰ卷/2022_数学_新高考Ⅰ卷_OCR与考点.md),,pypdf,5
2022,数学,海南,新高考,2020,全国卷,common,新高考Ⅱ卷,done,[打开试卷](../../papers/2022/数学/全国/新高考Ⅱ卷/2022_数学_新高考Ⅱ卷_原卷.pdf),[打开Markdown](../../papers/2022/数学/全国/新高考Ⅱ卷/2022_数学_新高考Ⅱ卷_OCR与考点.md),,pypdf,6
2022,数学,重庆,新高考,2021,全国卷,common,新高考Ⅱ卷,done,[打开试卷](../../papers/2022/数学/全国/新高考Ⅱ卷/2022_数学_新高考Ⅱ卷_原卷.pdf),[打开Markdown](../../papers/2022/数学/全国/新高考Ⅱ卷/2022_数学_新高考Ⅱ卷_OCR与考点.md),,pypdf,6
2022,英语,北京,新高考,2020,地方/区域卷,local,北京卷,done,[打开试卷](../../papers/2022/英语/北京/北京卷/2022_英语_北京卷_原卷.pdf),[打开Markdown](../../papers/2022/英语/北京/北京卷/2022_英语_北京卷_OCR与考点.md),,pypdf,10
2022,英语,天津,新高考,2020,地方/区域卷,local,天津卷,done,[打开试卷](../../papers/2022/英语/天津/天津卷/2022_英语_天津卷_原卷.pdf),[打开Markdown](../../papers/2022/英语/天津/天津卷/2022_英语_天津卷_OCR与考点.md),,pypdf,12
2022,英语,河北,新高考,2021,全国卷,common,新高考Ⅰ卷,done,[打开试卷](../../papers/2022/英语/全国/新高考Ⅰ卷/2022_英语_新高考Ⅰ卷_原卷.pdf),[打开Markdown](../../papers/2022/英语/全国/新高考Ⅰ卷/2022_英语_新高考Ⅰ卷_OCR与考点.md),[打开听力](../../papers/2022/英语/全国/新高考Ⅰ卷/2022_英语_新高考Ⅰ卷_听力.mp3),pypdf,11
2022,英语,辽宁,新高考,2021,全国卷,common,新高考Ⅱ卷,done,[打开试卷](../../papers/2022/英语/全国/新高考Ⅱ卷/2022_英语_新高考Ⅱ卷_原卷.pdf),[打开Markdown](../../papers/2022/英语/全国/新高考Ⅱ卷/2022_英语_新高考Ⅱ卷_OCR与考点.md),[打开听力](../../papers/2022/英语/全国/新高考Ⅱ卷/2022_英语_新高考Ⅱ卷_听力.mp3),pypdf,13
2022,英语,上海,新高考,2017,地方/区域卷,local,上海卷,done,[打开试卷](../../papers/2022/英语/上海/上海卷/2022_英语_上海卷_原卷.pdf),[打开Markdown](../../papers/2022/英语/上海/上海卷/2022_英语_上海卷_OCR与考点.md),[打开听力](../../papers/2022/英语/上海/上海卷/2022_英语_上海卷_听力.mp3),pypdf,18
2022,英语,江苏,新高考,2021,全国卷,common,新高考Ⅰ卷,done,[打开试卷](../../papers/2022/英语/全国/新高考Ⅰ卷/2022_英语_新高考Ⅰ卷_原卷.pdf),[打开Markdown](../../papers/2022/英语/全国/新高考Ⅰ卷/2022_英语_新高考Ⅰ卷_OCR与考点.md),[打开听力](../../papers/2022/英语/全国/新高考Ⅰ卷/2022_英语_新高考Ⅰ卷_听力.mp3),pypdf,11
2022,英语,浙江,新高考,2017,地方/区域卷,local,浙江卷,done,[打开试卷](../../papers/2022/英语/浙江/浙江卷/2022_英语_浙江卷_原卷.pdf),[打开Markdown](../../papers/2022/英语/浙江/浙江卷/2022_英语_浙江卷_OCR与考点.md),[打开听力](../../papers/2022/英语/浙江/浙江卷/2022_英语_浙江卷_听力.mp3),pypdf,10
2022,英语,福建,新高考,2021,全国卷,common,新高考Ⅰ卷,done,[打开试卷](../../papers/2022/英语/全国/新高考Ⅰ卷/2022_英语_新高考Ⅰ卷_原卷.pdf),[打开Markdown](../../papers/2022/英语/全国/新高考Ⅰ卷/2022_英语_新高考Ⅰ卷_OCR与考点.md),[打开听力](../../papers/2022/英语/全国/新高考Ⅰ卷/2022_英语_新高考Ⅰ卷_听力.mp3),pypdf,11
2022,英语,山东,新高考,2020,全国卷,common,新高考Ⅰ卷,done,[打开试卷](../../papers/2022/英语/全国/新高考Ⅰ卷/2022_英语_新高考Ⅰ卷_原卷.pdf),[打开Markdown](../../papers/2022/英语/全国/新高考Ⅰ卷/2022_英语_新高考Ⅰ卷_OCR与考点.md),[打开听力](../../papers/2022/英语/全国/新高考Ⅰ卷/2022_英语_新高考Ⅰ卷_听力.mp3),pypdf,11
2022,英语,湖北,新高考,2021,全国卷,common,新高考Ⅰ卷,done,[打开试卷](../../papers/2022/英语/全国/新高考Ⅰ卷/2022_英语_新高考Ⅰ卷_原卷.pdf),[打开Markdown](../../papers/2022/英语/全国/新高考Ⅰ卷/2022_英语_新高考Ⅰ卷_OCR与考点.md),[打开听力](../../papers/2022/英语/全国/新高考Ⅰ卷/2022_英语_新高考Ⅰ卷_听力.mp3),pypdf,11
2022,英语,湖南,新高考,2021,全国卷,common,新高考Ⅰ卷,done,[打开试卷](../../papers/2022/英语/全国/新高考Ⅰ卷/2022_英语_新高考Ⅰ卷_原卷.pdf),[打开Markdown](../../papers/2022/英语/全国/新高考Ⅰ卷/2022_英语_新高考Ⅰ卷_OCR与考点.md),[打开听力](../../papers/2022/英语/全国/新高考Ⅰ卷/2022_英语_新高考Ⅰ卷_听力.mp3),pypdf,11
2022,英语,广东,新高考,2021,全国卷,common,新高考Ⅰ卷,done,[打开试卷](../../papers/2022/英语/全国/新高考Ⅰ卷/2022_英语_新高考Ⅰ卷_原卷.pdf),[打开Markdown](../../papers/2022/英语/全国/新高考Ⅰ卷/2022_英语_新高考Ⅰ卷_OCR与考点.md),[打开听力](../../papers/2022/英语/全国/新高考Ⅰ卷/2022_英语_新高考Ⅰ卷_听力.mp3),pypdf,11
2022,英语,海南,新高考,2020,全国卷,common,新高考Ⅱ卷,done,[打开试卷](../../papers/2022/英语/全国/新高考Ⅱ卷/2022_英语_新高考Ⅱ卷_原卷.pdf),[打开Markdown](../../papers/2022/英语/全国/新高考Ⅱ卷/2022_英语_新高考Ⅱ卷_OCR与考点.md),[打开听力](../../papers/2022/英语/全国/新高考Ⅱ卷/2022_英语_新高考Ⅱ卷_听力.mp3),pypdf,13
2022,英语,重庆,新高考,2021,全国卷,common,新高考Ⅱ卷,done,[打开试卷](../../papers/2022/英语/全国/新高考Ⅱ卷/2022_英语_新高考Ⅱ卷_原卷.pdf),[打开Markdown](../../papers/2022/英语/全国/新高考Ⅱ卷/2022_英语_新高考Ⅱ卷_OCR与考点.md),[打开听力](../../papers/2022/英语/全国/新高考Ⅱ卷/2022_英语_新高考Ⅱ卷_听力.mp3),pypdf,13
2022,物理,北京,新高考,2020,地方/区域卷,local,北京卷,done,[打开试卷](../../papers/2022/物理/北京/北京卷/2022_物理_北京卷_原卷.pdf),[打开Markdown](../../papers/2022/物理/北京/北京卷/2022_物理_北京卷_OCR与考点.md),,pypdf,10
2022,物理,天津,新高考,2020,地方/区域卷,local,天津卷,done,[打开试卷](../../papers/2022/物理/天津/天津卷/2022_物理_天津卷_原卷.pdf),[打开Markdown](../../papers/2022/物理/天津/天津卷/2022_物理_天津卷_OCR与考点.md),,pypdf,6
2022,物理,河北,新高考,2021,地方/区域卷,local,河北卷,done,[打开试卷](../../papers/2022/物理/河北/河北卷/2022_物理_河北卷_原卷.pdf),[打开Markdown](../../papers/2022/物理/河北/河北卷/2022_物理_河北卷_OCR与考点.md),,pypdf,12
2022,物理,辽宁,新高考,2021,地方/区域卷,local,辽宁卷,done,[打开试卷](../../papers/2022/物理/辽宁/辽宁卷/2022_物理_辽宁卷_原卷.pdf),[打开Markdown](../../papers/2022/物理/辽宁/辽宁卷/2022_物理_辽宁卷_OCR与考点.md),,pypdf,8
2022,物理,上海,新高考,2017,地方/区域卷,local,上海卷,done,[打开试卷](../../papers/2022/物理/上海/上海卷/2022_物理_上海卷_原卷.pdf),[打开Markdown](../../papers/2022/物理/上海/上海卷/2022_物理_上海卷_OCR与考点.md),,pypdf,6
2022,物理,江苏,新高考,2021,地方/区域卷,local,江苏卷,done,[打开试卷](../../papers/2022/物理/江苏/江苏卷/2022_物理_江苏卷_原卷.pdf),[打开Markdown](../../papers/2022/物理/江苏/江苏卷/2022_物理_江苏卷_OCR与考点.md),,pypdf,8
2022,物理,浙江,新高考,2017,地方/区域卷,local,浙江卷,done,[打开试卷](../../papers/2022/物理/浙江/浙江卷/2022_物理_浙江卷_原卷.pdf),[打开Markdown](../../papers/2022/物理/浙江/浙江卷/2022_物理_浙江卷_OCR与考点.md),,pypdf,12
2022,物理,福建,新高考,2021,地方/区域卷,local,福建卷,done,[打开试卷](../../papers/2022/物理/福建/福建卷/2022_物理_福建卷_原卷.pdf),[打开Markdown](../../papers/2022/物理/福建/福建卷/2022_物理_福建卷_OCR与考点.md),,pypdf,9
2022,物理,山东,新高考,2020,地方/区域卷,local,山东卷,done,[打开试卷](../../papers/2022/物理/山东/山东卷/2022_物理_山东卷_原卷.pdf),[打开Markdown](../../papers/2022/物理/山东/山东卷/2022_物理_山东卷_OCR与考点.md),,pypdf,11
2022,物理,湖北,新高考,2021,地方/区域卷,local,湖北卷,done,[打开试卷](../../papers/2022/物理/湖北/湖北卷/2022_物理_湖北卷_原卷.pdf),[打开Markdown](../../papers/2022/物理/湖北/湖北卷/2022_物理_湖北卷_OCR与考点.md),,pypdf,9
2022,物理,湖南,新高考,2021,地方/区域卷,local,湖南卷,done,[打开试卷](../../papers/2022/物理/湖南/湖南卷/2022_物理_湖南卷_原卷.pdf),[打开Markdown](../../papers/2022/物理/湖南/湖南卷/2022_物理_湖南卷_OCR与考点.md),,pypdf,11
2022,物理,广东,新高考,2021,地方/区域卷,local,广东卷,done,[打开试卷](../../papers/2022/物理/广东/广东卷/2022_物理_广东卷_原卷.pdf),[打开Markdown](../../papers/2022/物理/广东/广东卷/2022_物理_广东卷_OCR与考点.md),,pypdf,9
2022,物理,海南,新高考,2020,地方/区域卷,local,海南卷,done,[打开试卷](../../papers/2022/物理/海南/海南卷/2022_物理_海南卷_原卷.pdf),[打开Markdown](../../papers/2022/物理/海南/海南卷/2022_物理_海南卷_OCR与考点.md),,pypdf,7
2022,物理,重庆,新高考,2021,地方/区域卷,local,重庆卷,done,[打开试卷](../../papers/2022/物理/重庆/重庆卷/2022_物理_重庆卷_原卷.pdf),[打开Markdown](../../papers/2022/物理/重庆/重庆卷/2022_物理_重庆卷_OCR与考点.md),,pypdf,8
2022,化学,北京,新高考,2020,地方/区域卷,local,北京卷,done,[打开试卷](../../papers/2022/化学/北京/北京卷/2022_化学_北京卷_原卷.pdf),[打开Markdown](../../papers/2022/化学/北京/北京卷/2022_化学_北京卷_OCR与考点.md),,pypdf,9
2022,化学,天津,新高考,2020,地方/区域卷,local,天津卷,done,[打开试卷](../../papers/2022/化学/天津/天津卷/2022_化学_天津卷_原卷.pdf),[打开Markdown](../../papers/2022/化学/天津/天津卷/2022_化学_天津卷_OCR与考点.md),,pypdf,9
2022,化学,河北,新高考,2021,地方/区域卷,local,河北卷,done,[打开试卷](../../papers/2022/化学/河北/河北卷/2022_化学_河北卷_原卷.pdf),[打开Markdown](../../papers/2022/化学/河北/河北卷/2022_化学_河北卷_OCR与考点.md),,pypdf,8
2022,化学,辽宁,新高考,2021,地方/区域卷,local,辽宁卷,done,[打开试卷](../../papers/2022/化学/辽宁/辽宁卷/2022_化学_辽宁卷_原卷.pdf),[打开Markdown](../../papers/2022/化学/辽宁/辽宁卷/2022_化学_辽宁卷_OCR与考点.md),,pypdf,10
2022,化学,上海,新高考,2017,地方/区域卷,local,上海卷,done,[打开试卷](../../papers/2022/化学/上海/上海卷/2022_化学_上海卷_原卷.pdf),[打开Markdown](../../papers/2022/化学/上海/上海卷/2022_化学_上海卷_OCR与考点.md),,pypdf,9
2022,化学,江苏,新高考,2021,地方/区域卷,local,江苏卷,done,[打开试卷](../../papers/2022/化学/江苏/江苏卷/2022_化学_江苏卷_原卷.pdf),[打开Markdown](../../papers/2022/化学/江苏/江苏卷/2022_化学_江苏卷_OCR与考点.md),,pypdf,10
2022,化学,浙江,新高考,2017,地方/区域卷,local,浙江卷,done,[打开试卷](../../papers/2022/化学/浙江/浙江卷/2022_化学_浙江卷_原卷.pdf),[打开Markdown](../../papers/2022/化学/浙江/浙江卷/2022_化学_浙江卷_OCR与考点.md),,pypdf,12
2022,化学,福建,新高考,2021,地方/区域卷,local,福建卷,done,[打开试卷](../../papers/2022/化学/福建/福建卷/2022_化学_福建卷_原卷.pdf),[打开Markdown](../../papers/2022/化学/福建/福建卷/2022_化学_福建卷_OCR与考点.md),,pypdf,9
2022,化学,山东,新高考,2020,地方/区域卷,local,山东卷,done,[打开试卷](../../papers/2022/化学/山东/山东卷/2022_化学_山东卷_原卷.pdf),[打开Markdown](../../papers/2022/化学/山东/山东卷/2022_化学_山东卷_OCR与考点.md),,pypdf,13
2022,化学,湖北,新高考,2021,地方/区域卷,local,湖北卷,done,[打开试卷](../../papers/2022/化学/湖北/湖北卷/2022_化学_湖北卷_原卷.pdf),[打开Markdown](../../papers/2022/化学/湖北/湖北卷/2022_化学_湖北卷_OCR与考点.md),,pypdf,10
2022,化学,湖南,新高考,2021,地方/区域卷,local,湖南卷,done,[打开试卷](../../papers/2022/化学/湖南/湖南卷/2022_化学_湖南卷_原卷.pdf),[打开Markdown](../../papers/2022/化学/湖南/湖南卷/2022_化学_湖南卷_OCR与考点.md),,pypdf,13
2022,化学,广东,新高考,2021,地方/区域卷,local,广东卷,done,[打开试卷](../../papers/2022/化学/广东/广东卷/2022_化学_广东卷_原卷.pdf),[打开Markdown](../../papers/2022/化学/广东/广东卷/2022_化学_广东卷_OCR与考点.md),,pypdf,14
2022,化学,海南,新高考,2020,地方/区域卷,local,海南卷,done,[打开试卷](../../papers/2022/化学/海南/海南卷/2022_化学_海南卷_原卷.pdf),[打开Markdown](../../papers/2022/化学/海南/海南卷/2022_化学_海南卷_OCR与考点.md),,pypdf,10
2022,化学,重庆,新高考,2021,地方/区域卷,local,重庆卷,done,[打开试卷](../../papers/2022/化学/重庆/重庆卷/2022_化学_重庆卷_原卷.pdf),[打开Markdown](../../papers/2022/化学/重庆/重庆卷/2022_化学_重庆卷_OCR与考点.md),,pypdf,10
2022,生物,北京,新高考,2020,地方/区域卷,local,北京卷,done,[打开试卷](../../papers/2022/生物/北京/北京卷/2022_生物_北京卷_原卷.pdf),[打开Markdown](../../papers/2022/生物/北京/北京卷/2022_生物_北京卷_OCR与考点.md),,pypdf,11
2022,生物,天津,新高考,2020,地方/区域卷,local,天津卷,done,[打开试卷](../../papers/2022/生物/天津/天津卷/2022_生物_天津卷_原卷.pdf),[打开Markdown](../../papers/2022/生物/天津/天津卷/2022_生物_天津卷_OCR与考点.md),,pypdf,17
2022,生物,河北,新高考,2021,地方/区域卷,local,河北卷,done,[打开试卷](../../papers/2022/生物/河北/河北卷/2022_生物_河北卷_原卷.pdf),[打开Markdown](../../papers/2022/生物/河北/河北卷/2022_生物_河北卷_OCR与考点.md),,pypdf,11
2022,生物,辽宁,新高考,2021,地方/区域卷,local,辽宁卷,done,[打开试卷](../../papers/2022/生物/辽宁/辽宁卷/2022_生物_辽宁卷_原卷.pdf),[打开Markdown](../../papers/2022/生物/辽宁/辽宁卷/2022_生物_辽宁卷_OCR与考点.md),,pypdf,11
2022,生物,上海,新高考,2017,地方/区域卷,local,上海卷,done,[打开试卷](../../papers/2022/生物/上海/上海卷/2022_生物_上海卷_原卷.pdf),[打开Markdown](../../papers/2022/生物/上海/上海卷/2022_生物_上海卷_OCR与考点.md),,pypdf,7
2022,生物,江苏,新高考,2021,地方/区域卷,local,江苏卷,done,[打开试卷](../../papers/2022/生物/江苏/江苏卷/2022_生物_江苏卷_原卷.pdf),[打开Markdown](../../papers/2022/生物/江苏/江苏卷/2022_生物_江苏卷_OCR与考点.md),,pypdf,12
2022,生物,浙江,新高考,2017,地方/区域卷,local,浙江卷,done,[打开试卷](../../papers/2022/生物/浙江/浙江卷/2022_生物_浙江卷_原卷.pdf),[打开Markdown](../../papers/2022/生物/浙江/浙江卷/2022_生物_浙江卷_OCR与考点.md),,pypdf,10
2022,生物,福建,新高考,2021,地方/区域卷,local,福建卷,done,[打开试卷](../../papers/2022/生物/福建/福建卷/2022_生物_福建卷_原卷.pdf),[打开Markdown](../../papers/2022/生物/福建/福建卷/2022_生物_福建卷_OCR与考点.md),,pypdf,8
2022,生物,山东,新高考,2020,地方/区域卷,local,山东卷,done,[打开试卷](../../papers/2022/生物/山东/山东卷/2022_生物_山东卷_原卷.pdf),[打开Markdown](../../papers/2022/生物/山东/山东卷/2022_生物_山东卷_OCR与考点.md),,pypdf,12
2022,生物,湖北,新高考,2021,地方/区域卷,local,湖北卷,done,[打开试卷](../../papers/2022/生物/湖北/湖北卷/2022_生物_湖北卷_原卷.pdf),[打开Markdown](../../papers/2022/生物/湖北/湖北卷/2022_生物_湖北卷_OCR与考点.md),,pypdf,9
2022,生物,湖南,新高考,2021,地方/区域卷,local,湖南卷,done,[打开试卷](../../papers/2022/生物/湖南/湖南卷/2022_生物_湖南卷_原卷.pdf),[打开Markdown](../../papers/2022/生物/湖南/湖南卷/2022_生物_湖南卷_OCR与考点.md),,pypdf,11
2022,生物,广东,新高考,2021,地方/区域卷,local,广东卷,done,[打开试卷](../../papers/2022/生物/广东/广东卷/2022_生物_广东卷_原卷.pdf),[打开Markdown](../../papers/2022/生物/广东/广东卷/2022_生物_广东卷_OCR与考点.md),,pypdf,10
2022,生物,海南,新高考,2020,地方/区域卷,local,海南卷,done,[打开试卷](../../papers/2022/生物/海南/海南卷/2022_生物_海南卷_原卷.pdf),[打开Markdown](../../papers/2022/生物/海南/海南卷/2022_生物_海南卷_OCR与考点.md),,pypdf,9
2022,生物,重庆,新高考,2021,地方/区域卷,local,重庆卷,done,[打开试卷](../../papers/2022/生物/重庆/重庆卷/2022_生物_重庆卷_原卷.pdf),[打开Markdown](../../papers/2022/生物/重庆/重庆卷/2022_生物_重庆卷_OCR与考点.md),,pypdf,12
2022,政治,北京,新高考,2020,地方/区域卷,local,北京卷,done,[打开试卷](../../papers/2022/政治/北京/北京卷/2022_政治_北京卷_原卷.pdf),[打开Markdown](../../papers/2022/政治/北京/北京卷/2022_政治_北京卷_OCR与考点.md),,pypdf,10
2022,政治,天津,新高考,2020,地方/区域卷,local,天津卷,done,[打开试卷](../../papers/2022/政治/天津/天津卷/2022_政治_天津卷_原卷.pdf),[打开Markdown](../../papers/2022/政治/天津/天津卷/2022_政治_天津卷_OCR与考点.md),,pypdf,5
2022,政治,河北,新高考,2021,,missing,,missing,[打开试卷](../../../..),[打开Markdown](../../../..),[打开听力](../../../..),,
2022,政治,辽宁,新高考,2021,地方/区域卷,local,辽宁卷,done,[打开试卷](../../papers/2022/政治/辽宁/辽宁卷/2022_政治_辽宁卷_原卷.pdf),[打开Markdown](../../papers/2022/政治/辽宁/辽宁卷/2022_政治_辽宁卷_OCR与考点.md),,pypdf,8
2022,政治,上海,新高考,2017,,missing,,missing,[打开试卷](../../../..),[打开Markdown](../../../..),[打开听力](../../../..),,
2022,政治,江苏,新高考,2021,地方/区域卷,local,江苏卷,done,[打开试卷](../../papers/2022/政治/江苏/江苏卷/2022_政治_江苏卷_原卷.pdf),[打开Markdown](../../papers/2022/政治/江苏/江苏卷/2022_政治_江苏卷_OCR与考点.md),,pypdf,8
2022,政治,浙江,新高考,2017,地方/区域卷,local,浙江卷,done,[打开试卷](../../papers/2022/政治/浙江/浙江卷/2022_政治_浙江卷_原卷.pdf),[打开Markdown](../../papers/2022/政治/浙江/浙江卷/2022_政治_浙江卷_OCR与考点.md),,pypdf,9
2022,政治,福建,新高考,2021,地方/区域卷,local,福建卷,done,[打开试卷](../../papers/2022/政治/福建/福建卷/2022_政治_福建卷_原卷.pdf),[打开Markdown](../../papers/2022/政治/福建/福建卷/2022_政治_福建卷_OCR与考点.md),,pypdf,10
2022,政治,山东,新高考,2020,地方/区域卷,local,山东卷,done,[打开试卷](../../papers/2022/政治/山东/山东卷/2022_政治_山东卷_原卷.pdf),[打开Markdown](../../papers/2022/政治/山东/山东卷/2022_政治_山东卷_OCR与考点.md),,pypdf,9
2022,政治,湖北,新高考,2021,地方/区域卷,local,湖北卷,done,[打开试卷](../../papers/2022/政治/湖北/湖北卷/2022_政治_湖北卷_原卷.pdf),[打开Markdown](../../papers/2022/政治/湖北/湖北卷/2022_政治_湖北卷_OCR与考点.md),,pypdf,7
2022,政治,湖南,新高考,2021,地方/区域卷,local,湖南卷,done,[打开试卷](../../papers/2022/政治/湖南/湖南卷/2022_政治_湖南卷_原卷.pdf),[打开Markdown](../../papers/2022/政治/湖南/湖南卷/2022_政治_湖南卷_OCR与考点.md),,pypdf,9
2022,政治,广东,新高考,2021,地方/区域卷,local,广东卷,done,[打开试卷](../../papers/2022/政治/广东/广东卷/2022_政治_广东卷_原卷.pdf),[打开Markdown](../../papers/2022/政治/广东/广东卷/2022_政治_广东卷_OCR与考点.md),,pypdf,8
2022,政治,海南,新高考,2020,地方/区域卷,local,海南卷,done,[打开试卷](../../papers/2022/政治/海南/海南卷/2022_政治_海南卷_原卷.pdf),[打开Markdown](../../papers/2022/政治/海南/海南卷/2022_政治_海南卷_OCR与考点.md),,pypdf,8
2022,政治,重庆,新高考,2021,地方/区域卷,local,重庆卷,done,[打开试卷](../../papers/2022/政治/重庆/重庆卷/2022_政治_重庆卷_原卷.pdf),[打开Markdown](../../papers/2022/政治/重庆/重庆卷/2022_政治_重庆卷_OCR与考点.md),,pypdf,8
2022,历史,北京,新高考,2020,地方/区域卷,local,北京卷,done,[打开试卷](../../papers/2022/历史/北京/北京卷/2022_历史_北京卷_原卷.pdf),[打开Markdown](../../papers/2022/历史/北京/北京卷/2022_历史_北京卷_OCR与考点.md),,pypdf,11
2022,历史,天津,新高考,2020,地方/区域卷,local,天津卷,done,[打开试卷](../../papers/2022/历史/天津/天津卷/2022_历史_天津卷_原卷.pdf),[打开Markdown](../../papers/2022/历史/天津/天津卷/2022_历史_天津卷_OCR与考点.md),,pypdf,6
2022,历史,河北,新高考,2021,地方/区域卷,local,河北卷,done,[打开试卷](../../papers/2022/历史/河北/河北卷/2022_历史_河北卷_原卷.pdf),[打开Markdown](../../papers/2022/历史/河北/河北卷/2022_历史_河北卷_OCR与考点.md),,pypdf,7
2022,历史,辽宁,新高考,2021,地方/区域卷,local,辽宁卷,done,[打开试卷](../../papers/2022/历史/辽宁/辽宁卷/2022_历史_辽宁卷_原卷.pdf),[打开Markdown](../../papers/2022/历史/辽宁/辽宁卷/2022_历史_辽宁卷_OCR与考点.md),,pypdf,8
2022,历史,上海,新高考,2017,,missing,,missing,[打开试卷](../../../..),[打开Markdown](../../../..),[打开听力](../../../..),,
2022,历史,江苏,新高考,2021,地方/区域卷,local,江苏卷,done,[打开试卷](../../papers/2022/历史/江苏/江苏卷/2022_历史_江苏卷_原卷.pdf),[打开Markdown](../../papers/2022/历史/江苏/江苏卷/2022_历史_江苏卷_OCR与考点.md),,pypdf,6
2022,历史,浙江,新高考,2017,地方/区域卷,local,浙江卷,done,[打开试卷](../../papers/2022/历史/浙江/浙江卷/2022_历史_浙江卷_原卷.pdf),[打开Markdown](../../papers/2022/历史/浙江/浙江卷/2022_历史_浙江卷_OCR与考点.md),,pypdf,9
2022,历史,福建,新高考,2021,地方/区域卷,local,福建卷,done,[打开试卷](../../papers/2022/历史/福建/福建卷/2022_历史_福建卷_原卷.pdf),[打开Markdown](../../papers/2022/历史/福建/福建卷/2022_历史_福建卷_OCR与考点.md),,pypdf,5
2022,历史,山东,新高考,2020,地方/区域卷,local,山东卷,done,[打开试卷](../../papers/2022/历史/山东/山东卷/2022_历史_山东卷_原卷.pdf),[打开Markdown](../../papers/2022/历史/山东/山东卷/2022_历史_山东卷_OCR与考点.md),,pypdf,7
2022,历史,湖北,新高考,2021,地方/区域卷,local,湖北卷,done,[打开试卷](../../papers/2022/历史/湖北/湖北卷/2022_历史_湖北卷_原卷.pdf),[打开Markdown](../../papers/2022/历史/湖北/湖北卷/2022_历史_湖北卷_OCR与考点.md),,pypdf,8
2022,历史,湖南,新高考,2021,地方/区域卷,local,湖南卷,done,[打开试卷](../../papers/2022/历史/湖南/湖南卷/2022_历史_湖南卷_原卷.pdf),[打开Markdown](../../papers/2022/历史/湖南/湖南卷/2022_历史_湖南卷_OCR与考点.md),,pypdf,7
2022,历史,广东,新高考,2021,地方/区域卷,local,广东卷,done,[打开试卷](../../papers/2022/历史/广东/广东卷/2022_历史_广东卷_原卷.pdf),[打开Markdown](../../papers/2022/历史/广东/广东卷/2022_历史_广东卷_OCR与考点.md),,pypdf,6
2022,历史,海南,新高考,2020,地方/区域卷,local,海南卷,done,[打开试卷](../../papers/2022/历史/海南/海南卷/2022_历史_海南卷_原卷.pdf),[打开Markdown](../../papers/2022/历史/海南/海南卷/2022_历史_海南卷_OCR与考点.md),,pypdf,7
2022,历史,重庆,新高考,2021,地方/区域卷,local,重庆卷,done,[打开试卷](../../papers/2022/历史/重庆/重庆卷/2022_历史_重庆卷_原卷.pdf),[打开Markdown](../../papers/2022/历史/重庆/重庆卷/2022_历史_重庆卷_OCR与考点.md),,pypdf,7
2022,地理,北京,新高考,2020,,missing,,missing,[打开试卷](../../../..),[打开Markdown](../../../..),[打开听力](../../../..),,
2022,地理,天津,新高考,2020,地方/区域卷,local,天津卷,done,[打开试卷](../../papers/2022/地理/天津/天津卷/2022_地理_天津卷_原卷.pdf),[打开Markdown](../../papers/2022/地理/天津/天津卷/2022_地理_天津卷_OCR与考点.md),,pypdf,8
2022,地理,河北,新高考,2021,地方/区域卷,local,河北卷,done,[打开试卷](../../papers/2022/地理/河北/河北卷/2022_地理_河北卷_原卷.pdf),[打开Markdown](../../papers/2022/地理/河北/河北卷/2022_地理_河北卷_OCR与考点.md),,pypdf,11
2022,地理,辽宁,新高考,2021,地方/区域卷,local,辽宁卷,done,[打开试卷](../../papers/2022/地理/辽宁/辽宁卷/2022_地理_辽宁卷_原卷.pdf),[打开Markdown](../../papers/2022/地理/辽宁/辽宁卷/2022_地理_辽宁卷_OCR与考点.md),,pypdf,6
2022,地理,上海,新高考,2017,,missing,,missing,[打开试卷](../../../..),[打开Markdown](../../../..),[打开听力](../../../..),,
2022,地理,江苏,新高考,2021,地方/区域卷,local,江苏卷,done,[打开试卷](../../papers/2022/地理/江苏/江苏卷/2022_地理_江苏卷_原卷.pdf),[打开Markdown](../../papers/2022/地理/江苏/江苏卷/2022_地理_江苏卷_OCR与考点.md),,pypdf,8
2022,地理,浙江,新高考,2017,地方/区域卷,local,浙江卷,done,[打开试卷](../../papers/2022/地理/浙江/浙江卷/2022_地理_浙江卷_原卷.pdf),[打开Markdown](../../papers/2022/地理/浙江/浙江卷/2022_地理_浙江卷_OCR与考点.md),,pypdf,10
2022,地理,福建,新高考,2021,地方/区域卷,local,福建卷,done,[打开试卷](../../papers/2022/地理/福建/福建卷/2022_地理_福建卷_原卷.pdf),[打开Markdown](../../papers/2022/地理/福建/福建卷/2022_地理_福建卷_OCR与考点.md),,pypdf,6
2022,地理,山东,新高考,2020,地方/区域卷,local,山东卷,done,[打开试卷](../../papers/2022/地理/山东/山东卷/2022_地理_山东卷_原卷.pdf),[打开Markdown](../../papers/2022/地理/山东/山东卷/2022_地理_山东卷_OCR与考点.md),,pypdf,8
2022,地理,湖北,新高考,2021,地方/区域卷,local,湖北卷,done,[打开试卷](../../papers/2022/地理/湖北/湖北卷/2022_地理_湖北卷_原卷.pdf),[打开Markdown](../../papers/2022/地理/湖北/湖北卷/2022_地理_湖北卷_OCR与考点.md),,pypdf,6
2022,地理,湖南,新高考,2021,地方/区域卷,local,湖南卷,done,[打开试卷](../../papers/2022/地理/湖南/湖南卷/2022_地理_湖南卷_原卷.pdf),[打开Markdown](../../papers/2022/地理/湖南/湖南卷/2022_地理_湖南卷_OCR与考点.md),,pypdf,9
2022,地理,广东,新高考,2021,地方/区域卷,local,广东卷,done,[打开试卷](../../papers/2022/地理/广东/广东卷/2022_地理_广东卷_原卷.pdf),[打开Markdown](../../papers/2022/地理/广东/广东卷/2022_地理_广东卷_OCR与考点.md),,pypdf,10
2022,地理,海南,新高考,2020,地方/区域卷,local,海南卷,done,[打开试卷](../../papers/2022/地理/海南/海南卷/2022_地理_海南卷_原卷.pdf),[打开Markdown](../../papers/2022/地理/海南/海南卷/2022_地理_海南卷_OCR与考点.md),,pypdf,9
2022,地理,重庆,新高考,2021,地方/区域卷,local,重庆卷,done,[打开试卷](../../papers/2022/地理/重庆/重庆卷/2022_地理_重庆卷_原卷.pdf),[打开Markdown](../../papers/2022/地理/重庆/重庆卷/2022_地理_重庆卷_OCR与考点.md),,pypdf,8
2023,语文,北京,新高考,2020,地方/区域卷,local,北京卷,done,[打开试卷](../../papers/2023/语文/北京/北京卷/2023_语文_北京卷_原卷.pdf),[打开Markdown](../../papers/2023/语文/北京/北京卷/2023_语文_北京卷_OCR与考点.md),,rapidocr,11
2023,语文,天津,新高考,2020,地方/区域卷,local,天津卷,done,[打开试卷](../../papers/2023/语文/天津/天津卷/2023_语文_天津卷_原卷.pdf),[打开Markdown](../../papers/2023/语文/天津/天津卷/2023_语文_天津卷_OCR与考点.md),,rapidocr,10
2023,语文,河北,新高考,2021,全国卷,common,新高考全国Ⅰ卷,done,[打开试卷](../../papers/2023/语文/全国/新高考全国Ⅰ卷/2023_语文_新高考全国Ⅰ卷_原卷.pdf),[打开Markdown](../../papers/2023/语文/全国/新高考全国Ⅰ卷/2023_语文_新高考全国Ⅰ卷_OCR与考点.md),,rapidocr,10
2023,语文,山西,新高考,2025,全国卷,common,新高考全国Ⅱ卷,done,[打开试卷](../../papers/2023/语文/全国/新高考全国Ⅱ卷/2023_语文_新高考全国Ⅱ卷_原卷.pdf),[打开Markdown](../../papers/2023/语文/全国/新高考全国Ⅱ卷/2023_语文_新高考全国Ⅱ卷_OCR与考点.md),,rapidocr,10
2023,语文,辽宁,新高考,2021,全国卷,common,新高考全国Ⅱ卷,done,[打开试卷](../../papers/2023/语文/全国/新高考全国Ⅱ卷/2023_语文_新高考全国Ⅱ卷_原卷.pdf),[打开Markdown](../../papers/2023/语文/全国/新高考全国Ⅱ卷/2023_语文_新高考全国Ⅱ卷_OCR与考点.md),,rapidocr,10
2023,语文,吉林,新高考,2024,全国卷,common,新高考全国Ⅱ卷,done,[打开试卷](../../papers/2023/语文/全国/新高考全国Ⅱ卷/2023_语文_新高考全国Ⅱ卷_原卷.pdf),[打开Markdown](../../papers/2023/语文/全国/新高考全国Ⅱ卷/2023_语文_新高考全国Ⅱ卷_OCR与考点.md),,rapidocr,10
2023,语文,黑龙江,新高考,2024,全国卷,common,新高考全国Ⅱ卷,done,[打开试卷](../../papers/2023/语文/全国/新高考全国Ⅱ卷/2023_语文_新高考全国Ⅱ卷_原卷.pdf),[打开Markdown](../../papers/2023/语文/全国/新高考全国Ⅱ卷/2023_语文_新高考全国Ⅱ卷_OCR与考点.md),,rapidocr,10
2023,语文,上海,新高考,2017,地方/区域卷,local,上海卷,done,[打开试卷](../../papers/2023/语文/上海/上海卷/2023_语文_上海卷_原卷.pdf),[打开Markdown](../../papers/2023/语文/上海/上海卷/2023_语文_上海卷_OCR与考点.md),,rapidocr,10
2023,语文,江苏,新高考,2021,全国卷,common,新高考全国Ⅰ卷,done,[打开试卷](../../papers/2023/语文/全国/新高考全国Ⅰ卷/2023_语文_新高考全国Ⅰ卷_原卷.pdf),[打开Markdown](../../papers/2023/语文/全国/新高考全国Ⅰ卷/2023_语文_新高考全国Ⅰ卷_OCR与考点.md),,rapidocr,10
2023,语文,浙江,新高考,2017,全国卷,common,新高考全国Ⅰ卷,done,[打开试卷](../../papers/2023/语文/全国/新高考全国Ⅰ卷/2023_语文_新高考全国Ⅰ卷_原卷.pdf),[打开Markdown](../../papers/2023/语文/全国/新高考全国Ⅰ卷/2023_语文_新高考全国Ⅰ卷_OCR与考点.md),,rapidocr,10
2023,语文,安徽,新高考,2024,全国卷,common,新高考全国Ⅱ卷,done,[打开试卷](../../papers/2023/语文/全国/新高考全国Ⅱ卷/2023_语文_新高考全国Ⅱ卷_原卷.pdf),[打开Markdown](../../papers/2023/语文/全国/新高考全国Ⅱ卷/2023_语文_新高考全国Ⅱ卷_OCR与考点.md),,rapidocr,10
2023,语文,福建,新高考,2021,全国卷,common,新高考全国Ⅰ卷,done,[打开试卷](../../papers/2023/语文/全国/新高考全国Ⅰ卷/2023_语文_新高考全国Ⅰ卷_原卷.pdf),[打开Markdown](../../papers/2023/语文/全国/新高考全国Ⅰ卷/2023_语文_新高考全国Ⅰ卷_OCR与考点.md),,rapidocr,10
2023,语文,山东,新高考,2020,全国卷,common,新高考全国Ⅰ卷,done,[打开试卷](../../papers/2023/语文/全国/新高考全国Ⅰ卷/2023_语文_新高考全国Ⅰ卷_原卷.pdf),[打开Markdown](../../papers/2023/语文/全国/新高考全国Ⅰ卷/2023_语文_新高考全国Ⅰ卷_OCR与考点.md),,rapidocr,10
2023,语文,湖北,新高考,2021,全国卷,common,新高考全国Ⅰ卷,done,[打开试卷](../../papers/2023/语文/全国/新高考全国Ⅰ卷/2023_语文_新高考全国Ⅰ卷_原卷.pdf),[打开Markdown](../../papers/2023/语文/全国/新高考全国Ⅰ卷/2023_语文_新高考全国Ⅰ卷_OCR与考点.md),,rapidocr,10
2023,语文,湖南,新高考,2021,全国卷,common,新高考全国Ⅰ卷,done,[打开试卷](../../papers/2023/语文/全国/新高考全国Ⅰ卷/2023_语文_新高考全国Ⅰ卷_原卷.pdf),[打开Markdown](../../papers/2023/语文/全国/新高考全国Ⅰ卷/2023_语文_新高考全国Ⅰ卷_OCR与考点.md),,rapidocr,10
2023,语文,广东,新高考,2021,全国卷,common,新高考全国Ⅰ卷,done,[打开试卷](../../papers/2023/语文/全国/新高考全国Ⅰ卷/2023_语文_新高考全国Ⅰ卷_原卷.pdf),[打开Markdown](../../papers/2023/语文/全国/新高考全国Ⅰ卷/2023_语文_新高考全国Ⅰ卷_OCR与考点.md),,rapidocr,10
2023,语文,海南,新高考,2020,全国卷,common,新高考全国Ⅱ卷,done,[打开试卷](../../papers/2023/语文/全国/新高考全国Ⅱ卷/2023_语文_新高考全国Ⅱ卷_原卷.pdf),[打开Markdown](../../papers/2023/语文/全国/新高考全国Ⅱ卷/2023_语文_新高考全国Ⅱ卷_OCR与考点.md),,rapidocr,10
2023,语文,重庆,新高考,2021,全国卷,common,新高考全国Ⅱ卷,done,[打开试卷](../../papers/2023/语文/全国/新高考全国Ⅱ卷/2023_语文_新高考全国Ⅱ卷_原卷.pdf),[打开Markdown](../../papers/2023/语文/全国/新高考全国Ⅱ卷/2023_语文_新高考全国Ⅱ卷_OCR与考点.md),,rapidocr,10
2023,语文,云南,新高考,2025,全国卷,common,新高考全国Ⅱ卷,done,[打开试卷](../../papers/2023/语文/全国/新高考全国Ⅱ卷/2023_语文_新高考全国Ⅱ卷_原卷.pdf),[打开Markdown](../../papers/2023/语文/全国/新高考全国Ⅱ卷/2023_语文_新高考全国Ⅱ卷_OCR与考点.md),,rapidocr,10
2023,数学,北京,新高考,2020,地方/区域卷,local,北京卷,done,[打开试卷](../../papers/2023/数学/北京/北京卷/2023_数学_北京卷_原卷.pdf),[打开Markdown](../../papers/2023/数学/北京/北京卷/2023_数学_北京卷_OCR与考点.md),,pypdf,5
2023,数学,天津,新高考,2020,地方/区域卷,local,天津卷,done,[打开试卷](../../papers/2023/数学/天津/天津卷/2023_数学_天津卷_原卷.pdf),[打开Markdown](../../papers/2023/数学/天津/天津卷/2023_数学_天津卷_OCR与考点.md),,pypdf,5
2023,数学,河北,新高考,2021,全国卷,common,新高考全国Ⅰ卷,done,[打开试卷](../../papers/2023/数学/全国/新高考全国Ⅰ卷/2023_数学_新高考全国Ⅰ卷_原卷.pdf),[打开Markdown](../../papers/2023/数学/全国/新高考全国Ⅰ卷/2023_数学_新高考全国Ⅰ卷_OCR与考点.md),,pypdf,6
2023,数学,山西,新高考,2025,全国卷,common,新高考全国Ⅱ卷,done,[打开试卷](../../papers/2023/数学/全国/新高考全国Ⅱ卷/2023_数学_新高考全国Ⅱ卷_原卷.pdf),[打开Markdown](../../papers/2023/数学/全国/新高考全国Ⅱ卷/2023_数学_新高考全国Ⅱ卷_OCR与考点.md),,pypdf,6
2023,数学,辽宁,新高考,2021,全国卷,common,新高考全国Ⅱ卷,done,[打开试卷](../../papers/2023/数学/全国/新高考全国Ⅱ卷/2023_数学_新高考全国Ⅱ卷_原卷.pdf),[打开Markdown](../../papers/2023/数学/全国/新高考全国Ⅱ卷/2023_数学_新高考全国Ⅱ卷_OCR与考点.md),,pypdf,6
2023,数学,吉林,新高考,2024,全国卷,common,新高考全国Ⅱ卷,done,[打开试卷](../../papers/2023/数学/全国/新高考全国Ⅱ卷/2023_数学_新高考全国Ⅱ卷_原卷.pdf),[打开Markdown](../../papers/2023/数学/全国/新高考全国Ⅱ卷/2023_数学_新高考全国Ⅱ卷_OCR与考点.md),,pypdf,6
2023,数学,黑龙江,新高考,2024,全国卷,common,新高考全国Ⅱ卷,done,[打开试卷](../../papers/2023/数学/全国/新高考全国Ⅱ卷/2023_数学_新高考全国Ⅱ卷_原卷.pdf),[打开Markdown](../../papers/2023/数学/全国/新高考全国Ⅱ卷/2023_数学_新高考全国Ⅱ卷_OCR与考点.md),,pypdf,6
2023,数学,上海,新高考,2017,地方/区域卷,local,上海卷,done,[打开试卷](../../papers/2023/数学/上海/上海卷/2023_数学_上海卷_原卷.pdf),[打开Markdown](../../papers/2023/数学/上海/上海卷/2023_数学_上海卷_OCR与考点.md),,pypdf,4
2023,数学,江苏,新高考,2021,全国卷,common,新高考全国Ⅰ卷,done,[打开试卷](../../papers/2023/数学/全国/新高考全国Ⅰ卷/2023_数学_新高考全国Ⅰ卷_原卷.pdf),[打开Markdown](../../papers/2023/数学/全国/新高考全国Ⅰ卷/2023_数学_新高考全国Ⅰ卷_OCR与考点.md),,pypdf,6
2023,数学,浙江,新高考,2017,全国卷,common,新高考全国Ⅰ卷,done,[打开试卷](../../papers/2023/数学/全国/新高考全国Ⅰ卷/2023_数学_新高考全国Ⅰ卷_原卷.pdf),[打开Markdown](../../papers/2023/数学/全国/新高考全国Ⅰ卷/2023_数学_新高考全国Ⅰ卷_OCR与考点.md),,pypdf,6
2023,数学,安徽,新高考,2024,全国卷,common,新高考全国Ⅱ卷,done,[打开试卷](../../papers/2023/数学/全国/新高考全国Ⅱ卷/2023_数学_新高考全国Ⅱ卷_原卷.pdf),[打开Markdown](../../papers/2023/数学/全国/新高考全国Ⅱ卷/2023_数学_新高考全国Ⅱ卷_OCR与考点.md),,pypdf,6
2023,数学,福建,新高考,2021,全国卷,common,新高考全国Ⅰ卷,done,[打开试卷](../../papers/2023/数学/全国/新高考全国Ⅰ卷/2023_数学_新高考全国Ⅰ卷_原卷.pdf),[打开Markdown](../../papers/2023/数学/全国/新高考全国Ⅰ卷/2023_数学_新高考全国Ⅰ卷_OCR与考点.md),,pypdf,6
2023,数学,山东,新高考,2020,全国卷,common,新高考全国Ⅰ卷,done,[打开试卷](../../papers/2023/数学/全国/新高考全国Ⅰ卷/2023_数学_新高考全国Ⅰ卷_原卷.pdf),[打开Markdown](../../papers/2023/数学/全国/新高考全国Ⅰ卷/2023_数学_新高考全国Ⅰ卷_OCR与考点.md),,pypdf,6
2023,数学,湖北,新高考,2021,全国卷,common,新高考全国Ⅰ卷,done,[打开试卷](../../papers/2023/数学/全国/新高考全国Ⅰ卷/2023_数学_新高考全国Ⅰ卷_原卷.pdf),[打开Markdown](../../papers/2023/数学/全国/新高考全国Ⅰ卷/2023_数学_新高考全国Ⅰ卷_OCR与考点.md),,pypdf,6
2023,数学,湖南,新高考,2021,全国卷,common,新高考全国Ⅰ卷,done,[打开试卷](../../papers/2023/数学/全国/新高考全国Ⅰ卷/2023_数学_新高考全国Ⅰ卷_原卷.pdf),[打开Markdown](../../papers/2023/数学/全国/新高考全国Ⅰ卷/2023_数学_新高考全国Ⅰ卷_OCR与考点.md),,pypdf,6
2023,数学,广东,新高考,2021,全国卷,common,新高考全国Ⅰ卷,done,[打开试卷](../../papers/2023/数学/全国/新高考全国Ⅰ卷/2023_数学_新高考全国Ⅰ卷_原卷.pdf),[打开Markdown](../../papers/2023/数学/全国/新高考全国Ⅰ卷/2023_数学_新高考全国Ⅰ卷_OCR与考点.md),,pypdf,6
2023,数学,海南,新高考,2020,全国卷,common,新高考全国Ⅱ卷,done,[打开试卷](../../papers/2023/数学/全国/新高考全国Ⅱ卷/2023_数学_新高考全国Ⅱ卷_原卷.pdf),[打开Markdown](../../papers/2023/数学/全国/新高考全国Ⅱ卷/2023_数学_新高考全国Ⅱ卷_OCR与考点.md),,pypdf,6
2023,数学,重庆,新高考,2021,全国卷,common,新高考全国Ⅱ卷,done,[打开试卷](../../papers/2023/数学/全国/新高考全国Ⅱ卷/2023_数学_新高考全国Ⅱ卷_原卷.pdf),[打开Markdown](../../papers/2023/数学/全国/新高考全国Ⅱ卷/2023_数学_新高考全国Ⅱ卷_OCR与考点.md),,pypdf,6
2023,数学,云南,新高考,2025,全国卷,common,新高考全国Ⅱ卷,done,[打开试卷](../../papers/2023/数学/全国/新高考全国Ⅱ卷/2023_数学_新高考全国Ⅱ卷_原卷.pdf),[打开Markdown](../../papers/2023/数学/全国/新高考全国Ⅱ卷/2023_数学_新高考全国Ⅱ卷_OCR与考点.md),,pypdf,6
2023,英语,北京,新高考,2020,地方/区域卷,local,北京卷,done,[打开试卷](../../papers/2023/英语/北京/北京卷/2023_英语_北京卷_原卷.pdf),[打开Markdown](../../papers/2023/英语/北京/北京卷/2023_英语_北京卷_OCR与考点.md),,pypdf,10
2023,英语,天津,新高考,2020,地方/区域卷,local,天津卷,done,[打开试卷](../../papers/2023/英语/天津/天津卷/2023_英语_天津卷_原卷.pdf),[打开Markdown](../../papers/2023/英语/天津/天津卷/2023_英语_天津卷_OCR与考点.md),,pypdf,13
2023,英语,河北,新高考,2021,全国卷,common,新高考全国Ⅰ卷,done,[打开试卷](../../papers/2023/英语/全国/新高考全国Ⅰ卷/2023_英语_新高考全国Ⅰ卷_原卷.pdf),[打开Markdown](../../papers/2023/英语/全国/新高考全国Ⅰ卷/2023_英语_新高考全国Ⅰ卷_OCR与考点.md),[打开听力](../../papers/2023/英语/全国/新高考全国Ⅰ卷/2023_英语_新高考全国Ⅰ卷_听力.mp3),pypdf,13
2023,英语,山西,新高考,2025,全国卷,common,新高考全国Ⅱ卷,done,[打开试卷](../../papers/2023/英语/全国/新高考全国Ⅱ卷/2023_英语_新高考全国Ⅱ卷_原卷.pdf),[打开Markdown](../../papers/2023/英语/全国/新高考全国Ⅱ卷/2023_英语_新高考全国Ⅱ卷_OCR与考点.md),[打开听力](../../papers/2023/英语/全国/新高考全国Ⅱ卷/2023_英语_新高考全国Ⅱ卷_听力.mp3),pypdf,13
2023,英语,辽宁,新高考,2021,全国卷,common,新高考全国Ⅱ卷,done,[打开试卷](../../papers/2023/英语/全国/新高考全国Ⅱ卷/2023_英语_新高考全国Ⅱ卷_原卷.pdf),[打开Markdown](../../papers/2023/英语/全国/新高考全国Ⅱ卷/2023_英语_新高考全国Ⅱ卷_OCR与考点.md),[打开听力](../../papers/2023/英语/全国/新高考全国Ⅱ卷/2023_英语_新高考全国Ⅱ卷_听力.mp3),pypdf,13
2023,英语,吉林,新高考,2024,全国卷,common,新高考全国Ⅱ卷,done,[打开试卷](../../papers/2023/英语/全国/新高考全国Ⅱ卷/2023_英语_新高考全国Ⅱ卷_原卷.pdf),[打开Markdown](../../papers/2023/英语/全国/新高考全国Ⅱ卷/2023_英语_新高考全国Ⅱ卷_OCR与考点.md),[打开听力](../../papers/2023/英语/全国/新高考全国Ⅱ卷/2023_英语_新高考全国Ⅱ卷_听力.mp3),pypdf,13
2023,英语,黑龙江,新高考,2024,全国卷,common,新高考全国Ⅱ卷,done,[打开试卷](../../papers/2023/英语/全国/新高考全国Ⅱ卷/2023_英语_新高考全国Ⅱ卷_原卷.pdf),[打开Markdown](../../papers/2023/英语/全国/新高考全国Ⅱ卷/2023_英语_新高考全国Ⅱ卷_OCR与考点.md),[打开听力](../../papers/2023/英语/全国/新高考全国Ⅱ卷/2023_英语_新高考全国Ⅱ卷_听力.mp3),pypdf,13
2023,英语,上海,新高考,2017,地方/区域卷,local,上海卷,done,[打开试卷](../../papers/2023/英语/上海/上海卷/2023_英语_上海卷_原卷.pdf),[打开Markdown](../../papers/2023/英语/上海/上海卷/2023_英语_上海卷_OCR与考点.md),[打开听力](../../papers/2023/英语/上海/上海卷/2023_英语_上海卷_听力.mp3),pypdf,17
2023,英语,江苏,新高考,2021,全国卷,common,新高考全国Ⅰ卷,done,[打开试卷](../../papers/2023/英语/全国/新高考全国Ⅰ卷/2023_英语_新高考全国Ⅰ卷_原卷.pdf),[打开Markdown](../../papers/2023/英语/全国/新高考全国Ⅰ卷/2023_英语_新高考全国Ⅰ卷_OCR与考点.md),[打开听力](../../papers/2023/英语/全国/新高考全国Ⅰ卷/2023_英语_新高考全国Ⅰ卷_听力.mp3),pypdf,13
2023,英语,浙江,新高考,2017,地方/区域卷,local,浙江卷,done,[打开试卷](../../papers/2023/英语/浙江/浙江卷/2023_英语_浙江卷_原卷.pdf),[打开Markdown](../../papers/2023/英语/浙江/浙江卷/2023_英语_浙江卷_OCR与考点.md),[打开听力](../../papers/2023/英语/浙江/浙江卷/2023_英语_浙江卷_听力.mp3),pypdf,13
2023,英语,安徽,新高考,2024,全国卷,common,新高考全国Ⅱ卷,done,[打开试卷](../../papers/2023/英语/全国/新高考全国Ⅱ卷/2023_英语_新高考全国Ⅱ卷_原卷.pdf),[打开Markdown](../../papers/2023/英语/全国/新高考全国Ⅱ卷/2023_英语_新高考全国Ⅱ卷_OCR与考点.md),[打开听力](../../papers/2023/英语/全国/新高考全国Ⅱ卷/2023_英语_新高考全国Ⅱ卷_听力.mp3),pypdf,13
2023,英语,福建,新高考,2021,全国卷,common,新高考全国Ⅰ卷,done,[打开试卷](../../papers/2023/英语/全国/新高考全国Ⅰ卷/2023_英语_新高考全国Ⅰ卷_原卷.pdf),[打开Markdown](../../papers/2023/英语/全国/新高考全国Ⅰ卷/2023_英语_新高考全国Ⅰ卷_OCR与考点.md),[打开听力](../../papers/2023/英语/全国/新高考全国Ⅰ卷/2023_英语_新高考全国Ⅰ卷_听力.mp3),pypdf,13
2023,英语,山东,新高考,2020,全国卷,common,新高考全国Ⅰ卷,done,[打开试卷](../../papers/2023/英语/全国/新高考全国Ⅰ卷/2023_英语_新高考全国Ⅰ卷_原卷.pdf),[打开Markdown](../../papers/2023/英语/全国/新高考全国Ⅰ卷/2023_英语_新高考全国Ⅰ卷_OCR与考点.md),[打开听力](../../papers/2023/英语/全国/新高考全国Ⅰ卷/2023_英语_新高考全国Ⅰ卷_听力.mp3),pypdf,13
2023,英语,湖北,新高考,2021,全国卷,common,新高考全国Ⅰ卷,done,[打开试卷](../../papers/2023/英语/全国/新高考全国Ⅰ卷/2023_英语_新高考全国Ⅰ卷_原卷.pdf),[打开Markdown](../../papers/2023/英语/全国/新高考全国Ⅰ卷/2023_英语_新高考全国Ⅰ卷_OCR与考点.md),[打开听力](../../papers/2023/英语/全国/新高考全国Ⅰ卷/2023_英语_新高考全国Ⅰ卷_听力.mp3),pypdf,13
2023,英语,湖南,新高考,2021,全国卷,common,新高考全国Ⅰ卷,done,[打开试卷](../../papers/2023/英语/全国/新高考全国Ⅰ卷/2023_英语_新高考全国Ⅰ卷_原卷.pdf),[打开Markdown](../../papers/2023/英语/全国/新高考全国Ⅰ卷/2023_英语_新高考全国Ⅰ卷_OCR与考点.md),[打开听力](../../papers/2023/英语/全国/新高考全国Ⅰ卷/2023_英语_新高考全国Ⅰ卷_听力.mp3),pypdf,13
2023,英语,广东,新高考,2021,全国卷,common,新高考全国Ⅰ卷,done,[打开试卷](../../papers/2023/英语/全国/新高考全国Ⅰ卷/2023_英语_新高考全国Ⅰ卷_原卷.pdf),[打开Markdown](../../papers/2023/英语/全国/新高考全国Ⅰ卷/2023_英语_新高考全国Ⅰ卷_OCR与考点.md),[打开听力](../../papers/2023/英语/全国/新高考全国Ⅰ卷/2023_英语_新高考全国Ⅰ卷_听力.mp3),pypdf,13
2023,英语,海南,新高考,2020,全国卷,common,新高考全国Ⅱ卷,done,[打开试卷](../../papers/2023/英语/全国/新高考全国Ⅱ卷/2023_英语_新高考全国Ⅱ卷_原卷.pdf),[打开Markdown](../../papers/2023/英语/全国/新高考全国Ⅱ卷/2023_英语_新高考全国Ⅱ卷_OCR与考点.md),[打开听力](../../papers/2023/英语/全国/新高考全国Ⅱ卷/2023_英语_新高考全国Ⅱ卷_听力.mp3),pypdf,13
2023,英语,重庆,新高考,2021,全国卷,common,新高考全国Ⅱ卷,done,[打开试卷](../../papers/2023/英语/全国/新高考全国Ⅱ卷/2023_英语_新高考全国Ⅱ卷_原卷.pdf),[打开Markdown](../../papers/2023/英语/全国/新高考全国Ⅱ卷/2023_英语_新高考全国Ⅱ卷_OCR与考点.md),[打开听力](../../papers/2023/英语/全国/新高考全国Ⅱ卷/2023_英语_新高考全国Ⅱ卷_听力.mp3),pypdf,13
2023,英语,云南,新高考,2025,全国卷,common,新高考全国Ⅱ卷,done,[打开试卷](../../papers/2023/英语/全国/新高考全国Ⅱ卷/2023_英语_新高考全国Ⅱ卷_原卷.pdf),[打开Markdown](../../papers/2023/英语/全国/新高考全国Ⅱ卷/2023_英语_新高考全国Ⅱ卷_OCR与考点.md),[打开听力](../../papers/2023/英语/全国/新高考全国Ⅱ卷/2023_英语_新高考全国Ⅱ卷_听力.mp3),pypdf,13
2023,物理,北京,新高考,2020,地方/区域卷,local,北京卷,done,[打开试卷](../../papers/2023/物理/北京/北京卷/2023_物理_北京卷_原卷.pdf),[打开Markdown](../../papers/2023/物理/北京/北京卷/2023_物理_北京卷_OCR与考点.md),,pypdf,9
2023,物理,天津,新高考,2020,地方/区域卷,local,天津卷,done,[打开试卷](../../papers/2023/物理/天津/天津卷/2023_物理_天津卷_原卷.pdf),[打开Markdown](../../papers/2023/物理/天津/天津卷/2023_物理_天津卷_OCR与考点.md),,pypdf,6
2023,物理,河北,新高考,2021,地方/区域卷,local,河北卷,done,[打开试卷](../../papers/2023/物理/河北/河北卷/2023_物理_河北卷_原卷.pdf),[打开Markdown](../../papers/2023/物理/河北/河北卷/2023_物理_河北卷_OCR与考点.md),,pypdf,5
2023,物理,辽宁,新高考,2021,地方/区域卷,local,辽宁卷,done,[打开试卷](../../papers/2023/物理/辽宁/辽宁卷/2023_物理_辽宁卷_原卷.pdf),[打开Markdown](../../papers/2023/物理/辽宁/辽宁卷/2023_物理_辽宁卷_OCR与考点.md),,pypdf,8
2023,物理,上海,新高考,2017,地方/区域卷,local,上海卷,done,[打开试卷](../../papers/2023/物理/上海/上海卷/2023_物理_上海卷_原卷.pdf),[打开Markdown](../../papers/2023/物理/上海/上海卷/2023_物理_上海卷_OCR与考点.md),,pypdf,8
2023,物理,江苏,新高考,2021,地方/区域卷,local,江苏卷,done,[打开试卷](../../papers/2023/物理/江苏/江苏卷/2023_物理_江苏卷_原卷.pdf),[打开Markdown](../../papers/2023/物理/江苏/江苏卷/2023_物理_江苏卷_OCR与考点.md),,pypdf,8
2023,物理,浙江,新高考,2017,地方/区域卷,local,浙江卷,done,[打开试卷](../../papers/2023/物理/浙江/浙江卷/2023_物理_浙江卷_原卷.pdf),[打开Markdown](../../papers/2023/物理/浙江/浙江卷/2023_物理_浙江卷_OCR与考点.md),,pypdf,11
2023,物理,福建,新高考,2021,地方/区域卷,local,福建卷,done,[打开试卷](../../papers/2023/物理/福建/福建卷/2023_物理_福建卷_原卷.pdf),[打开Markdown](../../papers/2023/物理/福建/福建卷/2023_物理_福建卷_OCR与考点.md),,pypdf,8
2023,物理,山东,新高考,2020,地方/区域卷,local,山东卷,done,[打开试卷](../../papers/2023/物理/山东/山东卷/2023_物理_山东卷_原卷.pdf),[打开Markdown](../../papers/2023/物理/山东/山东卷/2023_物理_山东卷_OCR与考点.md),,pypdf,10
2023,物理,湖北,新高考,2021,地方/区域卷,local,湖北卷,done,[打开试卷](../../papers/2023/物理/湖北/湖北卷/2023_物理_湖北卷_原卷.pdf),[打开Markdown](../../papers/2023/物理/湖北/湖北卷/2023_物理_湖北卷_OCR与考点.md),,pypdf,9
2023,物理,湖南,新高考,2021,地方/区域卷,local,湖南卷,done,[打开试卷](../../papers/2023/物理/湖南/湖南卷/2023_物理_湖南卷_原卷.pdf),[打开Markdown](../../papers/2023/物理/湖南/湖南卷/2023_物理_湖南卷_OCR与考点.md),,pypdf,11
2023,物理,广东,新高考,2021,地方/区域卷,local,广东卷,done,[打开试卷](../../papers/2023/物理/广东/广东卷/2023_物理_广东卷_原卷.pdf),[打开Markdown](../../papers/2023/物理/广东/广东卷/2023_物理_广东卷_OCR与考点.md),,pypdf,8
2023,物理,海南,新高考,2020,地方/区域卷,local,海南卷,done,[打开试卷](../../papers/2023/物理/海南/海南卷/2023_物理_海南卷_原卷.pdf),[打开Markdown](../../papers/2023/物理/海南/海南卷/2023_物理_海南卷_OCR与考点.md),,pypdf,8
2023,物理,重庆,新高考,2021,地方/区域卷,local,重庆卷,done,[打开试卷](../../papers/2023/物理/重庆/重庆卷/2023_物理_重庆卷_原卷.pdf),[打开Markdown](../../papers/2023/物理/重庆/重庆卷/2023_物理_重庆卷_OCR与考点.md),,pypdf,5
2023,化学,北京,新高考,2020,地方/区域卷,local,北京卷,done,[打开试卷](../../papers/2023/化学/北京/北京卷/2023_化学_北京卷_原卷.pdf),[打开Markdown](../../papers/2023/化学/北京/北京卷/2023_化学_北京卷_OCR与考点.md),,pypdf,12
2023,化学,天津,新高考,2020,地方/区域卷,local,天津卷,done,[打开试卷](../../papers/2023/化学/天津/天津卷/2023_化学_天津卷_原卷.pdf),[打开Markdown](../../papers/2023/化学/天津/天津卷/2023_化学_天津卷_OCR与考点.md),,pypdf,5
2023,化学,河北,新高考,2021,地方/区域卷,local,河北卷,done,[打开试卷](../../papers/2023/化学/河北/河北卷/2023_化学_河北卷_原卷.pdf),[打开Markdown](../../papers/2023/化学/河北/河北卷/2023_化学_河北卷_OCR与考点.md),,pypdf,10
2023,化学,辽宁,新高考,2021,地方/区域卷,local,辽宁卷,done,[打开试卷](../../papers/2023/化学/辽宁/辽宁卷/2023_化学_辽宁卷_原卷.pdf),[打开Markdown](../../papers/2023/化学/辽宁/辽宁卷/2023_化学_辽宁卷_OCR与考点.md),,pypdf,10
2023,化学,上海,新高考,2017,地方/区域卷,local,上海卷,done,[打开试卷](../../papers/2023/化学/上海/上海卷/2023_化学_上海卷_原卷.pdf),[打开Markdown](../../papers/2023/化学/上海/上海卷/2023_化学_上海卷_OCR与考点.md),,pypdf,9
2023,化学,江苏,新高考,2021,地方/区域卷,local,江苏卷,done,[打开试卷](../../papers/2023/化学/江苏/江苏卷/2023_化学_江苏卷_原卷.pdf),[打开Markdown](../../papers/2023/化学/江苏/江苏卷/2023_化学_江苏卷_OCR与考点.md),,pypdf,10
2023,化学,浙江,新高考,2017,地方/区域卷,local,浙江卷,done,[打开试卷](../../papers/2023/化学/浙江/浙江卷/2023_化学_浙江卷_原卷.pdf),[打开Markdown](../../papers/2023/化学/浙江/浙江卷/2023_化学_浙江卷_OCR与考点.md),,pypdf,11
2023,化学,福建,新高考,2021,地方/区域卷,local,福建卷,done,[打开试卷](../../papers/2023/化学/福建/福建卷/2023_化学_福建卷_原卷.pdf),[打开Markdown](../../papers/2023/化学/福建/福建卷/2023_化学_福建卷_OCR与考点.md),,pypdf,9
2023,化学,山东,新高考,2020,地方/区域卷,local,山东卷,done,[打开试卷](../../papers/2023/化学/山东/山东卷/2023_化学_山东卷_原卷.pdf),[打开Markdown](../../papers/2023/化学/山东/山东卷/2023_化学_山东卷_OCR与考点.md),,pypdf,11
2023,化学,湖北,新高考,2021,地方/区域卷,local,湖北卷,done,[打开试卷](../../papers/2023/化学/湖北/湖北卷/2023_化学_湖北卷_原卷.pdf),[打开Markdown](../../papers/2023/化学/湖北/湖北卷/2023_化学_湖北卷_OCR与考点.md),,pypdf,10
2023,化学,湖南,新高考,2021,地方/区域卷,local,湖南卷,done,[打开试卷](../../papers/2023/化学/湖南/湖南卷/2023_化学_湖南卷_原卷.pdf),[打开Markdown](../../papers/2023/化学/湖南/湖南卷/2023_化学_湖南卷_OCR与考点.md),,pypdf,12
2023,化学,广东,新高考,2021,地方/区域卷,local,广东卷,done,[打开试卷](../../papers/2023/化学/广东/广东卷/2023_化学_广东卷_原卷.pdf),[打开Markdown](../../papers/2023/化学/广东/广东卷/2023_化学_广东卷_OCR与考点.md),,pypdf,12
2023,化学,海南,新高考,2020,地方/区域卷,local,海南卷,done,[打开试卷](../../papers/2023/化学/海南/海南卷/2023_化学_海南卷_原卷.pdf),[打开Markdown](../../papers/2023/化学/海南/海南卷/2023_化学_海南卷_OCR与考点.md),,pypdf,8
2023,化学,重庆,新高考,2021,地方/区域卷,local,重庆卷,done,[打开试卷](../../papers/2023/化学/重庆/重庆卷/2023_化学_重庆卷_原卷.pdf),[打开Markdown](../../papers/2023/化学/重庆/重庆卷/2023_化学_重庆卷_OCR与考点.md),,pypdf,21
2023,生物,北京,新高考,2020,地方/区域卷,local,北京卷,done,[打开试卷](../../papers/2023/生物/北京/北京卷/2023_生物_北京卷_原卷.pdf),[打开Markdown](../../papers/2023/生物/北京/北京卷/2023_生物_北京卷_OCR与考点.md),,pypdf,10
2023,生物,天津,新高考,2020,地方/区域卷,local,天津卷,done,[打开试卷](../../papers/2023/生物/天津/天津卷/2023_生物_天津卷_原卷.pdf),[打开Markdown](../../papers/2023/生物/天津/天津卷/2023_生物_天津卷_OCR与考点.md),,pypdf,8
2023,生物,河北,新高考,2021,地方/区域卷,local,河北卷,done,[打开试卷](../../papers/2023/生物/河北/河北卷/2023_生物_河北卷_原卷.pdf),[打开Markdown](../../papers/2023/生物/河北/河北卷/2023_生物_河北卷_OCR与考点.md),,pypdf,7
2023,生物,辽宁,新高考,2021,地方/区域卷,local,辽宁卷,done,[打开试卷](../../papers/2023/生物/辽宁/辽宁卷/2023_生物_辽宁卷_原卷.pdf),[打开Markdown](../../papers/2023/生物/辽宁/辽宁卷/2023_生物_辽宁卷_OCR与考点.md),,pypdf,12
2023,生物,上海,新高考,2017,,missing,,missing,[打开试卷](../../../..),[打开Markdown](../../../..),[打开听力](../../../..),,
2023,生物,江苏,新高考,2021,地方/区域卷,local,江苏卷,done,[打开试卷](../../papers/2023/生物/江苏/江苏卷/2023_生物_江苏卷_原卷.pdf),[打开Markdown](../../papers/2023/生物/江苏/江苏卷/2023_生物_江苏卷_OCR与考点.md),,pypdf,13
2023,生物,浙江,新高考,2017,地方/区域卷,local,浙江卷,done,[打开试卷](../../papers/2023/生物/浙江/浙江卷/2023_生物_浙江卷_原卷.pdf),[打开Markdown](../../papers/2023/生物/浙江/浙江卷/2023_生物_浙江卷_OCR与考点.md),,pypdf,10
2023,生物,福建,新高考,2021,地方/区域卷,local,福建卷,done,[打开试卷](../../papers/2023/生物/福建/福建卷/2023_生物_福建卷_原卷.pdf),[打开Markdown](../../papers/2023/生物/福建/福建卷/2023_生物_福建卷_OCR与考点.md),,rapidocr,4
2023,生物,山东,新高考,2020,地方/区域卷,local,山东卷,done,[打开试卷](../../papers/2023/生物/山东/山东卷/2023_生物_山东卷_原卷.pdf),[打开Markdown](../../papers/2023/生物/山东/山东卷/2023_生物_山东卷_OCR与考点.md),,pypdf,11
2023,生物,湖北,新高考,2021,地方/区域卷,local,湖北卷,done,[打开试卷](../../papers/2023/生物/湖北/湖北卷/2023_生物_湖北卷_原卷.pdf),[打开Markdown](../../papers/2023/生物/湖北/湖北卷/2023_生物_湖北卷_OCR与考点.md),,pypdf,10
2023,生物,湖南,新高考,2021,地方/区域卷,local,湖南卷,done,[打开试卷](../../papers/2023/生物/湖南/湖南卷/2023_生物_湖南卷_原卷.pdf),[打开Markdown](../../papers/2023/生物/湖南/湖南卷/2023_生物_湖南卷_OCR与考点.md),,pypdf,12
2023,生物,广东,新高考,2021,地方/区域卷,local,广东卷,done,[打开试卷](../../papers/2023/生物/广东/广东卷/2023_生物_广东卷_原卷.pdf),[打开Markdown](../../papers/2023/生物/广东/广东卷/2023_生物_广东卷_OCR与考点.md),,pypdf,10
2023,生物,海南,新高考,2020,地方/区域卷,local,海南卷,done,[打开试卷](../../papers/2023/生物/海南/海南卷/2023_生物_海南卷_原卷.pdf),[打开Markdown](../../papers/2023/生物/海南/海南卷/2023_生物_海南卷_OCR与考点.md),,pypdf,10
2023,生物,重庆,新高考,2021,地方/区域卷,local,重庆卷,done,[打开试卷](../../papers/2023/生物/重庆/重庆卷/2023_生物_重庆卷_原卷.pdf),[打开Markdown](../../papers/2023/生物/重庆/重庆卷/2023_生物_重庆卷_OCR与考点.md),,pypdf,10
2023,政治,北京,新高考,2020,地方/区域卷,local,北京卷,done,[打开试卷](../../papers/2023/政治/北京/北京卷/2023_政治_北京卷_原卷.pdf),[打开Markdown](../../papers/2023/政治/北京/北京卷/2023_政治_北京卷_OCR与考点.md),,pypdf,11
2023,政治,天津,新高考,2020,地方/区域卷,local,天津卷,done,[打开试卷](../../papers/2023/政治/天津/天津卷/2023_政治_天津卷_原卷.pdf),[打开Markdown](../../papers/2023/政治/天津/天津卷/2023_政治_天津卷_OCR与考点.md),,pypdf,5
2023,政治,河北,新高考,2021,地方/区域卷,local,河北卷,done,[打开试卷](../../papers/2023/政治/河北/河北卷/2023_政治_河北卷_原卷.pdf),[打开Markdown](../../papers/2023/政治/河北/河北卷/2023_政治_河北卷_OCR与考点.md),,pypdf,7
2023,政治,辽宁,新高考,2021,地方/区域卷,local,辽宁卷,done,[打开试卷](../../papers/2023/政治/辽宁/辽宁卷/2023_政治_辽宁卷_原卷.pdf),[打开Markdown](../../papers/2023/政治/辽宁/辽宁卷/2023_政治_辽宁卷_OCR与考点.md),,pypdf,10
2023,政治,上海,新高考,2017,,missing,,missing,[打开试卷](../../../..),[打开Markdown](../../../..),[打开听力](../../../..),,
2023,政治,江苏,新高考,2021,地方/区域卷,local,江苏卷,done,[打开试卷](../../papers/2023/政治/江苏/江苏卷/2023_政治_江苏卷_原卷.pdf),[打开Markdown](../../papers/2023/政治/江苏/江苏卷/2023_政治_江苏卷_OCR与考点.md),,pypdf,7
2023,政治,浙江,新高考,2017,地方/区域卷,local,浙江卷,done,[打开试卷](../../papers/2023/政治/浙江/浙江卷/2023_政治_浙江卷_原卷.pdf),[打开Markdown](../../papers/2023/政治/浙江/浙江卷/2023_政治_浙江卷_OCR与考点.md),,pypdf,9
2023,政治,福建,新高考,2021,地方/区域卷,local,福建卷,done,[打开试卷](../../papers/2023/政治/福建/福建卷/2023_政治_福建卷_原卷.pdf),[打开Markdown](../../papers/2023/政治/福建/福建卷/2023_政治_福建卷_OCR与考点.md),,pypdf,8
2023,政治,山东,新高考,2020,地方/区域卷,local,山东卷,done,[打开试卷](../../papers/2023/政治/山东/山东卷/2023_政治_山东卷_原卷.pdf),[打开Markdown](../../papers/2023/政治/山东/山东卷/2023_政治_山东卷_OCR与考点.md),,pypdf,10
2023,政治,湖北,新高考,2021,地方/区域卷,local,湖北卷,done,[打开试卷](../../papers/2023/政治/湖北/湖北卷/2023_政治_湖北卷_原卷.pdf),[打开Markdown](../../papers/2023/政治/湖北/湖北卷/2023_政治_湖北卷_OCR与考点.md),,pypdf,9
2023,政治,湖南,新高考,2021,地方/区域卷,local,湖南卷,done,[打开试卷](../../papers/2023/政治/湖南/湖南卷/2023_政治_湖南卷_原卷.pdf),[打开Markdown](../../papers/2023/政治/湖南/湖南卷/2023_政治_湖南卷_OCR与考点.md),,pypdf,9
2023,政治,广东,新高考,2021,地方/区域卷,local,广东卷,done,[打开试卷](../../papers/2023/政治/广东/广东卷/2023_政治_广东卷_原卷.pdf),[打开Markdown](../../papers/2023/政治/广东/广东卷/2023_政治_广东卷_OCR与考点.md),,pypdf,8
2023,政治,海南,新高考,2020,地方/区域卷,local,海南卷,done,[打开试卷](../../papers/2023/政治/海南/海南卷/2023_政治_海南卷_原卷.pdf),[打开Markdown](../../papers/2023/政治/海南/海南卷/2023_政治_海南卷_OCR与考点.md),,pypdf,8
2023,政治,重庆,新高考,2021,地方/区域卷,local,重庆卷,done,[打开试卷](../../papers/2023/政治/重庆/重庆卷/2023_政治_重庆卷_原卷.pdf),[打开Markdown](../../papers/2023/政治/重庆/重庆卷/2023_政治_重庆卷_OCR与考点.md),,pypdf,6
2023,历史,北京,新高考,2020,地方/区域卷,local,北京卷,done,[打开试卷](../../papers/2023/历史/北京/北京卷/2023_历史_北京卷_原卷.pdf),[打开Markdown](../../papers/2023/历史/北京/北京卷/2023_历史_北京卷_OCR与考点.md),,pypdf,8
2023,历史,天津,新高考,2020,地方/区域卷,local,天津卷,done,[打开试卷](../../papers/2023/历史/天津/天津卷/2023_历史_天津卷_原卷.pdf),[打开Markdown](../../papers/2023/历史/天津/天津卷/2023_历史_天津卷_OCR与考点.md),,pypdf,6
2023,历史,河北,新高考,2021,地方/区域卷,local,河北卷,done,[打开试卷](../../papers/2023/历史/河北/河北卷/2023_历史_河北卷_原卷.pdf),[打开Markdown](../../papers/2023/历史/河北/河北卷/2023_历史_河北卷_OCR与考点.md),,pypdf,14
2023,历史,辽宁,新高考,2021,地方/区域卷,local,辽宁卷,done,[打开试卷](../../papers/2023/历史/辽宁/辽宁卷/2023_历史_辽宁卷_原卷.pdf),[打开Markdown](../../papers/2023/历史/辽宁/辽宁卷/2023_历史_辽宁卷_OCR与考点.md),,pypdf,10
2023,历史,上海,新高考,2017,,missing,,missing,[打开试卷](../../../..),[打开Markdown](../../../..),[打开听力](../../../..),,
2023,历史,江苏,新高考,2021,地方/区域卷,local,江苏卷,done,[打开试卷](../../papers/2023/历史/江苏/江苏卷/2023_历史_江苏卷_原卷.pdf),[打开Markdown](../../papers/2023/历史/江苏/江苏卷/2023_历史_江苏卷_OCR与考点.md),,pypdf,12
2023,历史,浙江,新高考,2017,地方/区域卷,local,浙江卷,done,[打开试卷](../../papers/2023/历史/浙江/浙江卷/2023_历史_浙江卷_原卷.pdf),[打开Markdown](../../papers/2023/历史/浙江/浙江卷/2023_历史_浙江卷_OCR与考点.md),,pypdf,10
2023,历史,福建,新高考,2021,地方/区域卷,local,福建卷,done,[打开试卷](../../papers/2023/历史/福建/福建卷/2023_历史_福建卷_原卷.pdf),[打开Markdown](../../papers/2023/历史/福建/福建卷/2023_历史_福建卷_OCR与考点.md),,pypdf,12
2023,历史,山东,新高考,2020,地方/区域卷,local,山东卷,done,[打开试卷](../../papers/2023/历史/山东/山东卷/2023_历史_山东卷_原卷.pdf),[打开Markdown](../../papers/2023/历史/山东/山东卷/2023_历史_山东卷_OCR与考点.md),,pypdf,9
2023,历史,湖北,新高考,2021,地方/区域卷,local,湖北卷,done,[打开试卷](../../papers/2023/历史/湖北/湖北卷/2023_历史_湖北卷_原卷.pdf),[打开Markdown](../../papers/2023/历史/湖北/湖北卷/2023_历史_湖北卷_OCR与考点.md),,pypdf,8
2023,历史,湖南,新高考,2021,地方/区域卷,local,湖南卷,done,[打开试卷](../../papers/2023/历史/湖南/湖南卷/2023_历史_湖南卷_原卷.pdf),[打开Markdown](../../papers/2023/历史/湖南/湖南卷/2023_历史_湖南卷_OCR与考点.md),,pypdf,7
2023,历史,广东,新高考,2021,地方/区域卷,local,广东卷,done,[打开试卷](../../papers/2023/历史/广东/广东卷/2023_历史_广东卷_原卷.pdf),[打开Markdown](../../papers/2023/历史/广东/广东卷/2023_历史_广东卷_OCR与考点.md),,pypdf,7
2023,历史,海南,新高考,2020,地方/区域卷,local,海南卷,done,[打开试卷](../../papers/2023/历史/海南/海南卷/2023_历史_海南卷_原卷.pdf),[打开Markdown](../../papers/2023/历史/海南/海南卷/2023_历史_海南卷_OCR与考点.md),,pypdf,7
2023,历史,重庆,新高考,2021,地方/区域卷,local,重庆卷,done,[打开试卷](../../papers/2023/历史/重庆/重庆卷/2023_历史_重庆卷_原卷.pdf),[打开Markdown](../../papers/2023/历史/重庆/重庆卷/2023_历史_重庆卷_OCR与考点.md),,pypdf,6
2023,地理,北京,新高考,2020,地方/区域卷,local,北京卷,done,[打开试卷](../../papers/2023/地理/北京/北京卷/2023_地理_北京卷_原卷.pdf),[打开Markdown](../../papers/2023/地理/北京/北京卷/2023_地理_北京卷_OCR与考点.md),,pypdf,10
2023,地理,天津,新高考,2020,地方/区域卷,local,天津卷,done,[打开试卷](../../papers/2023/地理/天津/天津卷/2023_地理_天津卷_原卷.pdf),[打开Markdown](../../papers/2023/地理/天津/天津卷/2023_地理_天津卷_OCR与考点.md),,pypdf,7
2023,地理,河北,新高考,2021,地方/区域卷,local,河北卷,done,[打开试卷](../../papers/2023/地理/河北/河北卷/2023_地理_河北卷_原卷.pdf),[打开Markdown](../../papers/2023/地理/河北/河北卷/2023_地理_河北卷_OCR与考点.md),,pypdf,6
2023,地理,辽宁,新高考,2021,地方/区域卷,local,辽宁卷,done,[打开试卷](../../papers/2023/地理/辽宁/辽宁卷/2023_地理_辽宁卷_原卷.pdf),[打开Markdown](../../papers/2023/地理/辽宁/辽宁卷/2023_地理_辽宁卷_OCR与考点.md),,pypdf,10
2023,地理,上海,新高考,2017,,missing,,missing,[打开试卷](../../../..),[打开Markdown](../../../..),[打开听力](../../../..),,
2023,地理,江苏,新高考,2021,地方/区域卷,local,江苏卷,done,[打开试卷](../../papers/2023/地理/江苏/江苏卷/2023_地理_江苏卷_原卷.pdf),[打开Markdown](../../papers/2023/地理/江苏/江苏卷/2023_地理_江苏卷_OCR与考点.md),,pypdf,10
2023,地理,浙江,新高考,2017,地方/区域卷,local,浙江卷,done,[打开试卷](../../papers/2023/地理/浙江/浙江卷/2023_地理_浙江卷_原卷.pdf),[打开Markdown](../../papers/2023/地理/浙江/浙江卷/2023_地理_浙江卷_OCR与考点.md),,pypdf,11
2023,地理,福建,新高考,2021,地方/区域卷,local,福建卷,done,[打开试卷](../../papers/2023/地理/福建/福建卷/2023_地理_福建卷_原卷.pdf),[打开Markdown](../../papers/2023/地理/福建/福建卷/2023_地理_福建卷_OCR与考点.md),,pypdf,7
2023,地理,山东,新高考,2020,地方/区域卷,local,山东卷,done,[打开试卷](../../papers/2023/地理/山东/山东卷/2023_地理_山东卷_原卷.pdf),[打开Markdown](../../papers/2023/地理/山东/山东卷/2023_地理_山东卷_OCR与考点.md),,pypdf,8
2023,地理,湖北,新高考,2021,地方/区域卷,local,湖北卷,done,[打开试卷](../../papers/2023/地理/湖北/湖北卷/2023_地理_湖北卷_原卷.pdf),[打开Markdown](../../papers/2023/地理/湖北/湖北卷/2023_地理_湖北卷_OCR与考点.md),,pypdf,7
2023,地理,湖南,新高考,2021,地方/区域卷,local,湖南卷,done,[打开试卷](../../papers/2023/地理/湖南/湖南卷/2023_地理_湖南卷_原卷.pdf),[打开Markdown](../../papers/2023/地理/湖南/湖南卷/2023_地理_湖南卷_OCR与考点.md),,pypdf,9
2023,地理,广东,新高考,2021,地方/区域卷,local,广东卷,done,[打开试卷](../../papers/2023/地理/广东/广东卷/2023_地理_广东卷_原卷.pdf),[打开Markdown](../../papers/2023/地理/广东/广东卷/2023_地理_广东卷_OCR与考点.md),,pypdf,8
2023,地理,海南,新高考,2020,地方/区域卷,local,海南卷,done,[打开试卷](../../papers/2023/地理/海南/海南卷/2023_地理_海南卷_原卷.pdf),[打开Markdown](../../papers/2023/地理/海南/海南卷/2023_地理_海南卷_OCR与考点.md),,pypdf,7
2023,地理,重庆,新高考,2021,地方/区域卷,local,重庆卷,done,[打开试卷](../../papers/2023/地理/重庆/重庆卷/2023_地理_重庆卷_原卷.pdf),[打开Markdown](../../papers/2023/地理/重庆/重庆卷/2023_地理_重庆卷_OCR与考点.md),,pypdf,6
2024,语文,北京,新高考,2020,地方/区域卷,local,北京卷,done,[打开试卷](../../papers/2024/语文/北京/北京卷/2024_语文_北京卷_原卷.pdf),[打开Markdown](../../papers/2024/语文/北京/北京卷/2024_语文_北京卷_OCR与考点.md),,rapidocr,10
2024,语文,天津,新高考,2020,,missing,,missing,[打开试卷](../../../..),[打开Markdown](../../../..),[打开听力](../../../..),,
2024,语文,河北,新高考,2021,全国卷,common,新高考全国Ⅰ卷,done,[打开试卷](../../papers/2024/语文/全国/新高考全国Ⅰ卷/2024_语文_新高考全国Ⅰ卷_原卷.pdf),[打开Markdown](../../papers/2024/语文/全国/新高考全国Ⅰ卷/2024_语文_新高考全国Ⅰ卷_OCR与考点.md),,rapidocr,9
2024,语文,山西,新高考,2025,全国卷,common,新高考全国Ⅱ卷,done,[打开试卷](../../papers/2024/语文/全国/新高考全国Ⅱ卷/2024_语文_新高考全国Ⅱ卷_原卷.pdf),[打开Markdown](../../papers/2024/语文/全国/新高考全国Ⅱ卷/2024_语文_新高考全国Ⅱ卷_OCR与考点.md),,rapidocr,10
2024,语文,辽宁,新高考,2021,全国卷,common,新高考全国Ⅱ卷,done,[打开试卷](../../papers/2024/语文/全国/新高考全国Ⅱ卷/2024_语文_新高考全国Ⅱ卷_原卷.pdf),[打开Markdown](../../papers/2024/语文/全国/新高考全国Ⅱ卷/2024_语文_新高考全国Ⅱ卷_OCR与考点.md),,rapidocr,10
2024,语文,吉林,新高考,2024,全国卷,common,新高考全国Ⅱ卷,done,[打开试卷](../../papers/2024/语文/全国/新高考全国Ⅱ卷/2024_语文_新高考全国Ⅱ卷_原卷.pdf),[打开Markdown](../../papers/2024/语文/全国/新高考全国Ⅱ卷/2024_语文_新高考全国Ⅱ卷_OCR与考点.md),,rapidocr,10
2024,语文,黑龙江,新高考,2024,全国卷,common,新高考全国Ⅱ卷,done,[打开试卷](../../papers/2024/语文/全国/新高考全国Ⅱ卷/2024_语文_新高考全国Ⅱ卷_原卷.pdf),[打开Markdown](../../papers/2024/语文/全国/新高考全国Ⅱ卷/2024_语文_新高考全国Ⅱ卷_OCR与考点.md),,rapidocr,10
2024,语文,上海,新高考,2017,,missing,,missing,[打开试卷](../../../..),[打开Markdown](../../../..),[打开听力](../../../..),,
2024,语文,江苏,新高考,2021,全国卷,common,新高考全国Ⅰ卷,done,[打开试卷](../../papers/2024/语文/全国/新高考全国Ⅰ卷/2024_语文_新高考全国Ⅰ卷_原卷.pdf),[打开Markdown](../../papers/2024/语文/全国/新高考全国Ⅰ卷/2024_语文_新高考全国Ⅰ卷_OCR与考点.md),,rapidocr,9
2024,语文,浙江,新高考,2017,全国卷,common,新高考全国Ⅰ卷,done,[打开试卷](../../papers/2024/语文/全国/新高考全国Ⅰ卷/2024_语文_新高考全国Ⅰ卷_原卷.pdf),[打开Markdown](../../papers/2024/语文/全国/新高考全国Ⅰ卷/2024_语文_新高考全国Ⅰ卷_OCR与考点.md),,rapidocr,9
2024,语文,安徽,新高考,2024,全国卷,common,新高考全国Ⅰ卷,done,[打开试卷](../../papers/2024/语文/全国/新高考全国Ⅰ卷/2024_语文_新高考全国Ⅰ卷_原卷.pdf),[打开Markdown](../../papers/2024/语文/全国/新高考全国Ⅰ卷/2024_语文_新高考全国Ⅰ卷_OCR与考点.md),,rapidocr,9
2024,语文,福建,新高考,2021,全国卷,common,新高考全国Ⅰ卷,done,[打开试卷](../../papers/2024/语文/全国/新高考全国Ⅰ卷/2024_语文_新高考全国Ⅰ卷_原卷.pdf),[打开Markdown](../../papers/2024/语文/全国/新高考全国Ⅰ卷/2024_语文_新高考全国Ⅰ卷_OCR与考点.md),,rapidocr,9
2024,语文,江西,新高考,2024,全国卷,common,新高考全国Ⅰ卷,done,[打开试卷](../../papers/2024/语文/全国/新高考全国Ⅰ卷/2024_语文_新高考全国Ⅰ卷_原卷.pdf),[打开Markdown](../../papers/2024/语文/全国/新高考全国Ⅰ卷/2024_语文_新高考全国Ⅰ卷_OCR与考点.md),,rapidocr,9
2024,语文,山东,新高考,2020,全国卷,common,新高考全国Ⅰ卷,done,[打开试卷](../../papers/2024/语文/全国/新高考全国Ⅰ卷/2024_语文_新高考全国Ⅰ卷_原卷.pdf),[打开Markdown](../../papers/2024/语文/全国/新高考全国Ⅰ卷/2024_语文_新高考全国Ⅰ卷_OCR与考点.md),,rapidocr,9
2024,语文,河南,新高考,2025,全国卷,common,新高考全国Ⅰ卷,done,[打开试卷](../../papers/2024/语文/全国/新高考全国Ⅰ卷/2024_语文_新高考全国Ⅰ卷_原卷.pdf),[打开Markdown](../../papers/2024/语文/全国/新高考全国Ⅰ卷/2024_语文_新高考全国Ⅰ卷_OCR与考点.md),,rapidocr,9
2024,语文,湖北,新高考,2021,全国卷,common,新高考全国Ⅰ卷,done,[打开试卷](../../papers/2024/语文/全国/新高考全国Ⅰ卷/2024_语文_新高考全国Ⅰ卷_原卷.pdf),[打开Markdown](../../papers/2024/语文/全国/新高考全国Ⅰ卷/2024_语文_新高考全国Ⅰ卷_OCR与考点.md),,rapidocr,9
2024,语文,湖南,新高考,2021,全国卷,common,新高考全国Ⅰ卷,done,[打开试卷](../../papers/2024/语文/全国/新高考全国Ⅰ卷/2024_语文_新高考全国Ⅰ卷_原卷.pdf),[打开Markdown](../../papers/2024/语文/全国/新高考全国Ⅰ卷/2024_语文_新高考全国Ⅰ卷_OCR与考点.md),,rapidocr,9
2024,语文,广东,新高考,2021,全国卷,common,新高考全国Ⅰ卷,done,[打开试卷](../../papers/2024/语文/全国/新高考全国Ⅰ卷/2024_语文_新高考全国Ⅰ卷_原卷.pdf),[打开Markdown](../../papers/2024/语文/全国/新高考全国Ⅰ卷/2024_语文_新高考全国Ⅰ卷_OCR与考点.md),,rapidocr,9
2024,语文,广西,新高考,2024,全国卷,common,新高考全国Ⅱ卷,done,[打开试卷](../../papers/2024/语文/全国/新高考全国Ⅱ卷/2024_语文_新高考全国Ⅱ卷_原卷.pdf),[打开Markdown](../../papers/2024/语文/全国/新高考全国Ⅱ卷/2024_语文_新高考全国Ⅱ卷_OCR与考点.md),,rapidocr,10
2024,语文,海南,新高考,2020,全国卷,common,新高考全国Ⅱ卷,done,[打开试卷](../../papers/2024/语文/全国/新高考全国Ⅱ卷/2024_语文_新高考全国Ⅱ卷_原卷.pdf),[打开Markdown](../../papers/2024/语文/全国/新高考全国Ⅱ卷/2024_语文_新高考全国Ⅱ卷_OCR与考点.md),,rapidocr,10
2024,语文,重庆,新高考,2021,全国卷,common,新高考全国Ⅱ卷,done,[打开试卷](../../papers/2024/语文/全国/新高考全国Ⅱ卷/2024_语文_新高考全国Ⅱ卷_原卷.pdf),[打开Markdown](../../papers/2024/语文/全国/新高考全国Ⅱ卷/2024_语文_新高考全国Ⅱ卷_OCR与考点.md),,rapidocr,10
2024,语文,贵州,新高考,2024,全国卷,common,新高考全国Ⅱ卷,done,[打开试卷](../../papers/2024/语文/全国/新高考全国Ⅱ卷/2024_语文_新高考全国Ⅱ卷_原卷.pdf),[打开Markdown](../../papers/2024/语文/全国/新高考全国Ⅱ卷/2024_语文_新高考全国Ⅱ卷_OCR与考点.md),,rapidocr,10
2024,语文,云南,新高考,2025,全国卷,common,新高考全国Ⅱ卷,done,[打开试卷](../../papers/2024/语文/全国/新高考全国Ⅱ卷/2024_语文_新高考全国Ⅱ卷_原卷.pdf),[打开Markdown](../../papers/2024/语文/全国/新高考全国Ⅱ卷/2024_语文_新高考全国Ⅱ卷_OCR与考点.md),,rapidocr,10
2024,语文,西藏,新高考,,全国卷,common,新高考全国Ⅱ卷,done,[打开试卷](../../papers/2024/语文/全国/新高考全国Ⅱ卷/2024_语文_新高考全国Ⅱ卷_原卷.pdf),[打开Markdown](../../papers/2024/语文/全国/新高考全国Ⅱ卷/2024_语文_新高考全国Ⅱ卷_OCR与考点.md),,rapidocr,10
2024,语文,甘肃,新高考,2024,全国卷,common,新高考全国Ⅱ卷,done,[打开试卷](../../papers/2024/语文/全国/新高考全国Ⅱ卷/2024_语文_新高考全国Ⅱ卷_原卷.pdf),[打开Markdown](../../papers/2024/语文/全国/新高考全国Ⅱ卷/2024_语文_新高考全国Ⅱ卷_OCR与考点.md),,rapidocr,10
2024,语文,新疆,新高考,,全国卷,common,新高考全国Ⅱ卷,done,[打开试卷](../../papers/2024/语文/全国/新高考全国Ⅱ卷/2024_语文_新高考全国Ⅱ卷_原卷.pdf),[打开Markdown](../../papers/2024/语文/全国/新高考全国Ⅱ卷/2024_语文_新高考全国Ⅱ卷_OCR与考点.md),,rapidocr,10
2024,数学,北京,新高考,2020,地方/区域卷,local,北京卷,done,[打开试卷](../../papers/2024/数学/北京/北京卷/2024_数学_北京卷_原卷.pdf),[打开Markdown](../../papers/2024/数学/北京/北京卷/2024_数学_北京卷_OCR与考点.md),,pypdf,4
2024,数学,天津,新高考,2020,地方/区域卷,local,天津卷,done,[打开试卷](../../papers/2024/数学/天津/天津卷/2024_数学_天津卷_原卷.pdf),[打开Markdown](../../papers/2024/数学/天津/天津卷/2024_数学_天津卷_OCR与考点.md),,pypdf,5
2024,数学,河北,新高考,2021,全国卷,common,新高考全国Ⅰ卷,done,[打开试卷](../../papers/2024/数学/全国/新高考全国Ⅰ卷/2024_数学_新高考全国Ⅰ卷_原卷.pdf),[打开Markdown](../../papers/2024/数学/全国/新高考全国Ⅰ卷/2024_数学_新高考全国Ⅰ卷_OCR与考点.md),,pypdf,4
2024,数学,山西,新高考,2025,全国卷,common,新高考全国Ⅱ卷,done,[打开试卷](../../papers/2024/数学/全国/新高考全国Ⅱ卷/2024_数学_新高考全国Ⅱ卷_原卷.pdf),[打开Markdown](../../papers/2024/数学/全国/新高考全国Ⅱ卷/2024_数学_新高考全国Ⅱ卷_OCR与考点.md),,pypdf,4
2024,数学,辽宁,新高考,2021,全国卷,common,新高考全国Ⅱ卷,done,[打开试卷](../../papers/2024/数学/全国/新高考全国Ⅱ卷/2024_数学_新高考全国Ⅱ卷_原卷.pdf),[打开Markdown](../../papers/2024/数学/全国/新高考全国Ⅱ卷/2024_数学_新高考全国Ⅱ卷_OCR与考点.md),,pypdf,4
2024,数学,吉林,新高考,2024,全国卷,common,新高考全国Ⅱ卷,done,[打开试卷](../../papers/2024/数学/全国/新高考全国Ⅱ卷/2024_数学_新高考全国Ⅱ卷_原卷.pdf),[打开Markdown](../../papers/2024/数学/全国/新高考全国Ⅱ卷/2024_数学_新高考全国Ⅱ卷_OCR与考点.md),,pypdf,4
2024,数学,黑龙江,新高考,2024,全国卷,common,新高考全国Ⅱ卷,done,[打开试卷](../../papers/2024/数学/全国/新高考全国Ⅱ卷/2024_数学_新高考全国Ⅱ卷_原卷.pdf),[打开Markdown](../../papers/2024/数学/全国/新高考全国Ⅱ卷/2024_数学_新高考全国Ⅱ卷_OCR与考点.md),,pypdf,4
2024,数学,上海,新高考,2017,地方/区域卷,local,上海卷,done,[打开试卷](../../papers/2024/数学/上海/上海卷/2024_数学_上海卷_原卷.pdf),[打开Markdown](../../papers/2024/数学/上海/上海卷/2024_数学_上海卷_OCR与考点.md),,pypdf,4
2024,数学,江苏,新高考,2021,全国卷,common,新高考全国Ⅰ卷,done,[打开试卷](../../papers/2024/数学/全国/新高考全国Ⅰ卷/2024_数学_新高考全国Ⅰ卷_原卷.pdf),[打开Markdown](../../papers/2024/数学/全国/新高考全国Ⅰ卷/2024_数学_新高考全国Ⅰ卷_OCR与考点.md),,pypdf,4
2024,数学,浙江,新高考,2017,全国卷,common,新高考全国Ⅰ卷,done,[打开试卷](../../papers/2024/数学/全国/新高考全国Ⅰ卷/2024_数学_新高考全国Ⅰ卷_原卷.pdf),[打开Markdown](../../papers/2024/数学/全国/新高考全国Ⅰ卷/2024_数学_新高考全国Ⅰ卷_OCR与考点.md),,pypdf,4
2024,数学,安徽,新高考,2024,全国卷,common,新高考全国Ⅰ卷,done,[打开试卷](../../papers/2024/数学/全国/新高考全国Ⅰ卷/2024_数学_新高考全国Ⅰ卷_原卷.pdf),[打开Markdown](../../papers/2024/数学/全国/新高考全国Ⅰ卷/2024_数学_新高考全国Ⅰ卷_OCR与考点.md),,pypdf,4
2024,数学,福建,新高考,2021,全国卷,common,新高考全国Ⅰ卷,done,[打开试卷](../../papers/2024/数学/全国/新高考全国Ⅰ卷/2024_数学_新高考全国Ⅰ卷_原卷.pdf),[打开Markdown](../../papers/2024/数学/全国/新高考全国Ⅰ卷/2024_数学_新高考全国Ⅰ卷_OCR与考点.md),,pypdf,4
2024,数学,江西,新高考,2024,全国卷,common,新高考全国Ⅰ卷,done,[打开试卷](../../papers/2024/数学/全国/新高考全国Ⅰ卷/2024_数学_新高考全国Ⅰ卷_原卷.pdf),[打开Markdown](../../papers/2024/数学/全国/新高考全国Ⅰ卷/2024_数学_新高考全国Ⅰ卷_OCR与考点.md),,pypdf,4
2024,数学,山东,新高考,2020,全国卷,common,新高考全国Ⅰ卷,done,[打开试卷](../../papers/2024/数学/全国/新高考全国Ⅰ卷/2024_数学_新高考全国Ⅰ卷_原卷.pdf),[打开Markdown](../../papers/2024/数学/全国/新高考全国Ⅰ卷/2024_数学_新高考全国Ⅰ卷_OCR与考点.md),,pypdf,4
2024,数学,河南,新高考,2025,全国卷,common,新高考全国Ⅰ卷,done,[打开试卷](../../papers/2024/数学/全国/新高考全国Ⅰ卷/2024_数学_新高考全国Ⅰ卷_原卷.pdf),[打开Markdown](../../papers/2024/数学/全国/新高考全国Ⅰ卷/2024_数学_新高考全国Ⅰ卷_OCR与考点.md),,pypdf,4
2024,数学,湖北,新高考,2021,全国卷,common,新高考全国Ⅰ卷,done,[打开试卷](../../papers/2024/数学/全国/新高考全国Ⅰ卷/2024_数学_新高考全国Ⅰ卷_原卷.pdf),[打开Markdown](../../papers/2024/数学/全国/新高考全国Ⅰ卷/2024_数学_新高考全国Ⅰ卷_OCR与考点.md),,pypdf,4
2024,数学,湖南,新高考,2021,全国卷,common,新高考全国Ⅰ卷,done,[打开试卷](../../papers/2024/数学/全国/新高考全国Ⅰ卷/2024_数学_新高考全国Ⅰ卷_原卷.pdf),[打开Markdown](../../papers/2024/数学/全国/新高考全国Ⅰ卷/2024_数学_新高考全国Ⅰ卷_OCR与考点.md),,pypdf,4
2024,数学,广东,新高考,2021,全国卷,common,新高考全国Ⅰ卷,done,[打开试卷](../../papers/2024/数学/全国/新高考全国Ⅰ卷/2024_数学_新高考全国Ⅰ卷_原卷.pdf),[打开Markdown](../../papers/2024/数学/全国/新高考全国Ⅰ卷/2024_数学_新高考全国Ⅰ卷_OCR与考点.md),,pypdf,4
2024,数学,广西,新高考,2024,全国卷,common,新高考全国Ⅱ卷,done,[打开试卷](../../papers/2024/数学/全国/新高考全国Ⅱ卷/2024_数学_新高考全国Ⅱ卷_原卷.pdf),[打开Markdown](../../papers/2024/数学/全国/新高考全国Ⅱ卷/2024_数学_新高考全国Ⅱ卷_OCR与考点.md),,pypdf,4
2024,数学,海南,新高考,2020,全国卷,common,新高考全国Ⅱ卷,done,[打开试卷](../../papers/2024/数学/全国/新高考全国Ⅱ卷/2024_数学_新高考全国Ⅱ卷_原卷.pdf),[打开Markdown](../../papers/2024/数学/全国/新高考全国Ⅱ卷/2024_数学_新高考全国Ⅱ卷_OCR与考点.md),,pypdf,4
2024,数学,重庆,新高考,2021,全国卷,common,新高考全国Ⅱ卷,done,[打开试卷](../../papers/2024/数学/全国/新高考全国Ⅱ卷/2024_数学_新高考全国Ⅱ卷_原卷.pdf),[打开Markdown](../../papers/2024/数学/全国/新高考全国Ⅱ卷/2024_数学_新高考全国Ⅱ卷_OCR与考点.md),,pypdf,4
2024,数学,贵州,新高考,2024,全国卷,common,新高考全国Ⅱ卷,done,[打开试卷](../../papers/2024/数学/全国/新高考全国Ⅱ卷/2024_数学_新高考全国Ⅱ卷_原卷.pdf),[打开Markdown](../../papers/2024/数学/全国/新高考全国Ⅱ卷/2024_数学_新高考全国Ⅱ卷_OCR与考点.md),,pypdf,4
2024,数学,云南,新高考,2025,全国卷,common,新高考全国Ⅱ卷,done,[打开试卷](../../papers/2024/数学/全国/新高考全国Ⅱ卷/2024_数学_新高考全国Ⅱ卷_原卷.pdf),[打开Markdown](../../papers/2024/数学/全国/新高考全国Ⅱ卷/2024_数学_新高考全国Ⅱ卷_OCR与考点.md),,pypdf,4
2024,数学,甘肃,新高考,2024,全国卷,common,新高考全国Ⅱ卷,done,[打开试卷](../../papers/2024/数学/全国/新高考全国Ⅱ卷/2024_数学_新高考全国Ⅱ卷_原卷.pdf),[打开Markdown](../../papers/2024/数学/全国/新高考全国Ⅱ卷/2024_数学_新高考全国Ⅱ卷_OCR与考点.md),,pypdf,4
2024,数学,新疆,新高考,,全国卷,common,新高考全国Ⅱ卷,done,[打开试卷](../../papers/2024/数学/全国/新高考全国Ⅱ卷/2024_数学_新高考全国Ⅱ卷_原卷.pdf),[打开Markdown](../../papers/2024/数学/全国/新高考全国Ⅱ卷/2024_数学_新高考全国Ⅱ卷_OCR与考点.md),,pypdf,4
2024,英语,北京,新高考,2020,地方/区域卷,local,北京卷,done,[打开试卷](../../papers/2024/英语/北京/北京卷/2024_英语_北京卷_原卷.pdf),[打开Markdown](../../papers/2024/英语/北京/北京卷/2024_英语_北京卷_OCR与考点.md),,pypdf,9
2024,英语,天津,新高考,2020,,missing,,missing,[打开试卷](../../../..),[打开Markdown](../../../..),[打开听力](../../../..),,
2024,英语,河北,新高考,2021,全国卷,common,新高考全国Ⅰ卷,done,[打开试卷](../../papers/2024/英语/全国/新高考全国Ⅰ卷/2024_英语_新高考全国Ⅰ卷_原卷.pdf),[打开Markdown](../../papers/2024/英语/全国/新高考全国Ⅰ卷/2024_英语_新高考全国Ⅰ卷_OCR与考点.md),[打开听力](../../papers/2024/英语/全国/新高考全国Ⅰ卷/2024_英语_新高考全国Ⅰ卷_听力.mp3),pypdf,12
2024,英语,山西,新高考,2025,全国卷,common,新高考全国Ⅱ卷,done,[打开试卷](../../papers/2024/英语/全国/新高考全国Ⅱ卷/2024_英语_新高考全国Ⅱ卷_原卷.pdf),[打开Markdown](../../papers/2024/英语/全国/新高考全国Ⅱ卷/2024_英语_新高考全国Ⅱ卷_OCR与考点.md),[打开听力](../../papers/2024/英语/全国/新高考全国Ⅱ卷/2024_英语_新高考全国Ⅱ卷_听力.mp3),pypdf,11
2024,英语,辽宁,新高考,2021,全国卷,common,新高考全国Ⅱ卷,done,[打开试卷](../../papers/2024/英语/全国/新高考全国Ⅱ卷/2024_英语_新高考全国Ⅱ卷_原卷.pdf),[打开Markdown](../../papers/2024/英语/全国/新高考全国Ⅱ卷/2024_英语_新高考全国Ⅱ卷_OCR与考点.md),[打开听力](../../papers/2024/英语/全国/新高考全国Ⅱ卷/2024_英语_新高考全国Ⅱ卷_听力.mp3),pypdf,11
2024,英语,吉林,新高考,2024,全国卷,common,新高考全国Ⅱ卷,done,[打开试卷](../../papers/2024/英语/全国/新高考全国Ⅱ卷/2024_英语_新高考全国Ⅱ卷_原卷.pdf),[打开Markdown](../../papers/2024/英语/全国/新高考全国Ⅱ卷/2024_英语_新高考全国Ⅱ卷_OCR与考点.md),[打开听力](../../papers/2024/英语/全国/新高考全国Ⅱ卷/2024_英语_新高考全国Ⅱ卷_听力.mp3),pypdf,11
2024,英语,黑龙江,新高考,2024,全国卷,common,新高考全国Ⅱ卷,done,[打开试卷](../../papers/2024/英语/全国/新高考全国Ⅱ卷/2024_英语_新高考全国Ⅱ卷_原卷.pdf),[打开Markdown](../../papers/2024/英语/全国/新高考全国Ⅱ卷/2024_英语_新高考全国Ⅱ卷_OCR与考点.md),[打开听力](../../papers/2024/英语/全国/新高考全国Ⅱ卷/2024_英语_新高考全国Ⅱ卷_听力.mp3),pypdf,11
2024,英语,上海,新高考,2017,,missing,,missing,[打开试卷](../../../..),[打开Markdown](../../../..),[打开听力](../../../..),,
2024,英语,江苏,新高考,2021,全国卷,common,新高考全国Ⅰ卷,done,[打开试卷](../../papers/2024/英语/全国/新高考全国Ⅰ卷/2024_英语_新高考全国Ⅰ卷_原卷.pdf),[打开Markdown](../../papers/2024/英语/全国/新高考全国Ⅰ卷/2024_英语_新高考全国Ⅰ卷_OCR与考点.md),[打开听力](../../papers/2024/英语/全国/新高考全国Ⅰ卷/2024_英语_新高考全国Ⅰ卷_听力.mp3),pypdf,12
2024,英语,浙江,新高考,2017,地方/区域卷,local,浙江卷,done,[打开试卷](../../papers/2024/英语/浙江/浙江卷/2024_英语_浙江卷_原卷.pdf),[打开Markdown](../../papers/2024/英语/浙江/浙江卷/2024_英语_浙江卷_OCR与考点.md),[打开听力](../../papers/2024/英语/浙江/浙江卷/2024_英语_浙江卷_听力.mp3),pypdf,12
2024,英语,安徽,新高考,2024,全国卷,common,新高考全国Ⅰ卷,done,[打开试卷](../../papers/2024/英语/全国/新高考全国Ⅰ卷/2024_英语_新高考全国Ⅰ卷_原卷.pdf),[打开Markdown](../../papers/2024/英语/全国/新高考全国Ⅰ卷/2024_英语_新高考全国Ⅰ卷_OCR与考点.md),[打开听力](../../papers/2024/英语/全国/新高考全国Ⅰ卷/2024_英语_新高考全国Ⅰ卷_听力.mp3),pypdf,12
2024,英语,福建,新高考,2021,全国卷,common,新高考全国Ⅰ卷,done,[打开试卷](../../papers/2024/英语/全国/新高考全国Ⅰ卷/2024_英语_新高考全国Ⅰ卷_原卷.pdf),[打开Markdown](../../papers/2024/英语/全国/新高考全国Ⅰ卷/2024_英语_新高考全国Ⅰ卷_OCR与考点.md),[打开听力](../../papers/2024/英语/全国/新高考全国Ⅰ卷/2024_英语_新高考全国Ⅰ卷_听力.mp3),pypdf,12
2024,英语,江西,新高考,2024,全国卷,common,新高考全国Ⅰ卷,done,[打开试卷](../../papers/2024/英语/全国/新高考全国Ⅰ卷/2024_英语_新高考全国Ⅰ卷_原卷.pdf),[打开Markdown](../../papers/2024/英语/全国/新高考全国Ⅰ卷/2024_英语_新高考全国Ⅰ卷_OCR与考点.md),[打开听力](../../papers/2024/英语/全国/新高考全国Ⅰ卷/2024_英语_新高考全国Ⅰ卷_听力.mp3),pypdf,12
2024,英语,山东,新高考,2020,全国卷,common,新高考全国Ⅰ卷,done,[打开试卷](../../papers/2024/英语/全国/新高考全国Ⅰ卷/2024_英语_新高考全国Ⅰ卷_原卷.pdf),[打开Markdown](../../papers/2024/英语/全国/新高考全国Ⅰ卷/2024_英语_新高考全国Ⅰ卷_OCR与考点.md),[打开听力](../../papers/2024/英语/全国/新高考全国Ⅰ卷/2024_英语_新高考全国Ⅰ卷_听力.mp3),pypdf,12
2024,英语,河南,新高考,2025,全国卷,common,新高考全国Ⅰ卷,done,[打开试卷](../../papers/2024/英语/全国/新高考全国Ⅰ卷/2024_英语_新高考全国Ⅰ卷_原卷.pdf),[打开Markdown](../../papers/2024/英语/全国/新高考全国Ⅰ卷/2024_英语_新高考全国Ⅰ卷_OCR与考点.md),[打开听力](../../papers/2024/英语/全国/新高考全国Ⅰ卷/2024_英语_新高考全国Ⅰ卷_听力.mp3),pypdf,12
2024,英语,湖北,新高考,2021,全国卷,common,新高考全国Ⅰ卷,done,[打开试卷](../../papers/2024/英语/全国/新高考全国Ⅰ卷/2024_英语_新高考全国Ⅰ卷_原卷.pdf),[打开Markdown](../../papers/2024/英语/全国/新高考全国Ⅰ卷/2024_英语_新高考全国Ⅰ卷_OCR与考点.md),[打开听力](../../papers/2024/英语/全国/新高考全国Ⅰ卷/2024_英语_新高考全国Ⅰ卷_听力.mp3),pypdf,12
2024,英语,湖南,新高考,2021,全国卷,common,新高考全国Ⅰ卷,done,[打开试卷](../../papers/2024/英语/全国/新高考全国Ⅰ卷/2024_英语_新高考全国Ⅰ卷_原卷.pdf),[打开Markdown](../../papers/2024/英语/全国/新高考全国Ⅰ卷/2024_英语_新高考全国Ⅰ卷_OCR与考点.md),[打开听力](../../papers/2024/英语/全国/新高考全国Ⅰ卷/2024_英语_新高考全国Ⅰ卷_听力.mp3),pypdf,12
2024,英语,广东,新高考,2021,全国卷,common,新高考全国Ⅰ卷,done,[打开试卷](../../papers/2024/英语/全国/新高考全国Ⅰ卷/2024_英语_新高考全国Ⅰ卷_原卷.pdf),[打开Markdown](../../papers/2024/英语/全国/新高考全国Ⅰ卷/2024_英语_新高考全国Ⅰ卷_OCR与考点.md),[打开听力](../../papers/2024/英语/全国/新高考全国Ⅰ卷/2024_英语_新高考全国Ⅰ卷_听力.mp3),pypdf,12
2024,英语,广西,新高考,2024,全国卷,common,新高考全国Ⅱ卷,done,[打开试卷](../../papers/2024/英语/全国/新高考全国Ⅱ卷/2024_英语_新高考全国Ⅱ卷_原卷.pdf),[打开Markdown](../../papers/2024/英语/全国/新高考全国Ⅱ卷/2024_英语_新高考全国Ⅱ卷_OCR与考点.md),[打开听力](../../papers/2024/英语/全国/新高考全国Ⅱ卷/2024_英语_新高考全国Ⅱ卷_听力.mp3),pypdf,11
2024,英语,海南,新高考,2020,全国卷,common,新高考全国Ⅱ卷,done,[打开试卷](../../papers/2024/英语/全国/新高考全国Ⅱ卷/2024_英语_新高考全国Ⅱ卷_原卷.pdf),[打开Markdown](../../papers/2024/英语/全国/新高考全国Ⅱ卷/2024_英语_新高考全国Ⅱ卷_OCR与考点.md),[打开听力](../../papers/2024/英语/全国/新高考全国Ⅱ卷/2024_英语_新高考全国Ⅱ卷_听力.mp3),pypdf,11
2024,英语,重庆,新高考,2021,全国卷,common,新高考全国Ⅱ卷,done,[打开试卷](../../papers/2024/英语/全国/新高考全国Ⅱ卷/2024_英语_新高考全国Ⅱ卷_原卷.pdf),[打开Markdown](../../papers/2024/英语/全国/新高考全国Ⅱ卷/2024_英语_新高考全国Ⅱ卷_OCR与考点.md),[打开听力](../../papers/2024/英语/全国/新高考全国Ⅱ卷/2024_英语_新高考全国Ⅱ卷_听力.mp3),pypdf,11
2024,英语,贵州,新高考,2024,全国卷,common,新高考全国Ⅱ卷,done,[打开试卷](../../papers/2024/英语/全国/新高考全国Ⅱ卷/2024_英语_新高考全国Ⅱ卷_原卷.pdf),[打开Markdown](../../papers/2024/英语/全国/新高考全国Ⅱ卷/2024_英语_新高考全国Ⅱ卷_OCR与考点.md),[打开听力](../../papers/2024/英语/全国/新高考全国Ⅱ卷/2024_英语_新高考全国Ⅱ卷_听力.mp3),pypdf,11
2024,英语,云南,新高考,2025,全国卷,common,新高考全国Ⅱ卷,done,[打开试卷](../../papers/2024/英语/全国/新高考全国Ⅱ卷/2024_英语_新高考全国Ⅱ卷_原卷.pdf),[打开Markdown](../../papers/2024/英语/全国/新高考全国Ⅱ卷/2024_英语_新高考全国Ⅱ卷_OCR与考点.md),[打开听力](../../papers/2024/英语/全国/新高考全国Ⅱ卷/2024_英语_新高考全国Ⅱ卷_听力.mp3),pypdf,11
2024,英语,甘肃,新高考,2024,全国卷,common,新高考全国Ⅱ卷,done,[打开试卷](../../papers/2024/英语/全国/新高考全国Ⅱ卷/2024_英语_新高考全国Ⅱ卷_原卷.pdf),[打开Markdown](../../papers/2024/英语/全国/新高考全国Ⅱ卷/2024_英语_新高考全国Ⅱ卷_OCR与考点.md),[打开听力](../../papers/2024/英语/全国/新高考全国Ⅱ卷/2024_英语_新高考全国Ⅱ卷_听力.mp3),pypdf,11
2024,英语,新疆,新高考,,全国卷,common,新高考全国Ⅱ卷,done,[打开试卷](../../papers/2024/英语/全国/新高考全国Ⅱ卷/2024_英语_新高考全国Ⅱ卷_原卷.pdf),[打开Markdown](../../papers/2024/英语/全国/新高考全国Ⅱ卷/2024_英语_新高考全国Ⅱ卷_OCR与考点.md),[打开听力](../../papers/2024/英语/全国/新高考全国Ⅱ卷/2024_英语_新高考全国Ⅱ卷_听力.mp3),pypdf,11
2024,物理,北京,新高考,2020,地方/区域卷,local,北京卷,done,[打开试卷](../../papers/2024/物理/北京/北京卷/2024_物理_北京卷_原卷.pdf),[打开Markdown](../../papers/2024/物理/北京/北京卷/2024_物理_北京卷_OCR与考点.md),,pypdf,8
2024,物理,天津,新高考,2020,,missing,,missing,[打开试卷](../../../..),[打开Markdown](../../../..),[打开听力](../../../..),,
2024,物理,河北,新高考,2021,地方/区域卷,local,河北卷,done,[打开试卷](../../papers/2024/物理/河北/河北卷/2024_物理_河北卷_原卷.pdf),[打开Markdown](../../papers/2024/物理/河北/河北卷/2024_物理_河北卷_OCR与考点.md),,pypdf,8
2024,物理,辽宁,新高考,2021,地方/区域卷,local,辽宁卷,done,[打开试卷](../../papers/2024/物理/辽宁/辽宁卷/2024_物理_辽宁卷_原卷.pdf),[打开Markdown](../../papers/2024/物理/辽宁/辽宁卷/2024_物理_辽宁卷_OCR与考点.md),,pypdf,5
2024,物理,吉林,新高考,2024,地方/区域卷,local,辽宁卷,done,[打开试卷](../../papers/2024/物理/吉林/辽宁卷/2024_物理_吉林辽宁卷_原卷.pdf),[打开Markdown](../../papers/2024/物理/吉林/辽宁卷/2024_物理_吉林辽宁卷_OCR与考点.md),,pypdf,5
2024,物理,黑龙江,新高考,2024,地方/区域卷,local,辽宁卷,done,[打开试卷](../../papers/2024/物理/黑龙江/辽宁卷/2024_物理_黑龙江辽宁卷_原卷.pdf),[打开Markdown](../../papers/2024/物理/黑龙江/辽宁卷/2024_物理_黑龙江辽宁卷_OCR与考点.md),,pypdf,5
2024,物理,上海,新高考,2017,地方/区域卷,local,上海卷,done,[打开试卷](../../papers/2024/物理/上海/上海卷/2024_物理_上海卷_原卷.pdf),[打开Markdown](../../papers/2024/物理/上海/上海卷/2024_物理_上海卷_OCR与考点.md),,pypdf,6
2024,物理,江苏,新高考,2021,地方/区域卷,local,江苏卷,done,[打开试卷](../../papers/2024/物理/江苏/江苏卷/2024_物理_江苏卷_原卷.pdf),[打开Markdown](../../papers/2024/物理/江苏/江苏卷/2024_物理_江苏卷_OCR与考点.md),,pypdf,5
2024,物理,浙江,新高考,2017,地方/区域卷,local,浙江卷,done,[打开试卷](../../papers/2024/物理/浙江/浙江卷/2024_物理_浙江卷_原卷.pdf),[打开Markdown](../../papers/2024/物理/浙江/浙江卷/2024_物理_浙江卷_OCR与考点.md),,pypdf,10
2024,物理,安徽,新高考,2024,地方/区域卷,local,安徽卷,done,[打开试卷](../../papers/2024/物理/安徽/安徽卷/2024_物理_安徽卷_原卷.pdf),[打开Markdown](../../papers/2024/物理/安徽/安徽卷/2024_物理_安徽卷_OCR与考点.md),,pypdf,8
2024,物理,福建,新高考,2021,,missing,,missing,[打开试卷](../../../..),[打开Markdown](../../../..),[打开听力](../../../..),,
2024,物理,江西,新高考,2024,地方/区域卷,local,江西卷,done,[打开试卷](../../papers/2024/物理/江西/江西卷/2024_物理_江西卷_原卷.pdf),[打开Markdown](../../papers/2024/物理/江西/江西卷/2024_物理_江西卷_OCR与考点.md),,pypdf,8
2024,物理,山东,新高考,2020,地方/区域卷,local,山东卷,done,[打开试卷](../../papers/2024/物理/山东/山东卷/2024_物理_山东卷_原卷.pdf),[打开Markdown](../../papers/2024/物理/山东/山东卷/2024_物理_山东卷_OCR与考点.md),,pypdf,9
2024,物理,湖北,新高考,2021,地方/区域卷,local,湖北卷,done,[打开试卷](../../papers/2024/物理/湖北/湖北卷/2024_物理_湖北卷_原卷.pdf),[打开Markdown](../../papers/2024/物理/湖北/湖北卷/2024_物理_湖北卷_OCR与考点.md),,pypdf,7
2024,物理,湖南,新高考,2021,地方/区域卷,local,湖南卷,done,[打开试卷](../../papers/2024/物理/湖南/湖南卷/2024_物理_湖南卷_原卷.pdf),[打开Markdown](../../papers/2024/物理/湖南/湖南卷/2024_物理_湖南卷_OCR与考点.md),,pypdf,8
2024,物理,广东,新高考,2021,地方/区域卷,local,广东卷,done,[打开试卷](../../papers/2024/物理/广东/广东卷/2024_物理_广东卷_原卷.pdf),[打开Markdown](../../papers/2024/物理/广东/广东卷/2024_物理_广东卷_OCR与考点.md),,pypdf,8
2024,物理,广西,新高考,2024,地方/区域卷,local,广西卷,done,[打开试卷](../../papers/2024/物理/广西/广西卷/2024_物理_广西卷_原卷.pdf),[打开Markdown](../../papers/2024/物理/广西/广西卷/2024_物理_广西卷_OCR与考点.md),,pypdf,7
2024,物理,海南,新高考,2020,地方/区域卷,local,海南卷,done,[打开试卷](../../papers/2024/物理/海南/海南卷/2024_物理_海南卷_原卷.pdf),[打开Markdown](../../papers/2024/物理/海南/海南卷/2024_物理_海南卷_OCR与考点.md),,pypdf,8
2024,物理,重庆,新高考,2021,,missing,,missing,[打开试卷](../../../..),[打开Markdown](../../../..),[打开听力](../../../..),,
2024,物理,贵州,新高考,2024,,missing,,missing,[打开试卷](../../../..),[打开Markdown](../../../..),[打开听力](../../../..),,
2024,物理,甘肃,新高考,2024,地方/区域卷,local,甘肃卷,done,[打开试卷](../../papers/2024/物理/甘肃/甘肃卷/2024_物理_甘肃卷_原卷.pdf),[打开Markdown](../../papers/2024/物理/甘肃/甘肃卷/2024_物理_甘肃卷_OCR与考点.md),,pypdf,7
2024,化学,北京,新高考,2020,地方/区域卷,local,北京卷,done,[打开试卷](../../papers/2024/化学/北京/北京卷/2024_化学_北京卷_原卷.pdf),[打开Markdown](../../papers/2024/化学/北京/北京卷/2024_化学_北京卷_OCR与考点.md),,pypdf,10
2024,化学,天津,新高考,2020,,missing,,missing,[打开试卷](../../../..),[打开Markdown](../../../..),[打开听力](../../../..),,
2024,化学,河北,新高考,2021,地方/区域卷,local,河北卷,done,[打开试卷](../../papers/2024/化学/河北/河北卷/2024_化学_河北卷_原卷.pdf),[打开Markdown](../../papers/2024/化学/河北/河北卷/2024_化学_河北卷_OCR与考点.md),,pypdf,10
2024,化学,辽宁,新高考,2021,地方/区域卷,local,辽宁卷,done,[打开试卷](../../papers/2024/化学/辽宁/辽宁卷/2024_化学_辽宁卷_原卷.pdf),[打开Markdown](../../papers/2024/化学/辽宁/辽宁卷/2024_化学_辽宁卷_OCR与考点.md),,pypdf,10
2024,化学,吉林,新高考,2024,地方/区域卷,local,辽宁卷,done,[打开试卷](../../papers/2024/化学/吉林/辽宁卷/2024_化学_吉林辽宁卷_原卷.pdf),[打开Markdown](../../papers/2024/化学/吉林/辽宁卷/2024_化学_吉林辽宁卷_OCR与考点.md),,pypdf,10
2024,化学,黑龙江,新高考,2024,地方/区域卷,local,辽宁卷,done,[打开试卷](../../papers/2024/化学/黑龙江/辽宁卷/2024_化学_黑龙江辽宁卷_原卷.pdf),[打开Markdown](../../papers/2024/化学/黑龙江/辽宁卷/2024_化学_黑龙江辽宁卷_OCR与考点.md),,pypdf,10
2024,化学,上海,新高考,2017,地方/区域卷,local,上海卷,done,[打开试卷](../../papers/2024/化学/上海/上海卷/2024_化学_上海卷_原卷.pdf),[打开Markdown](../../papers/2024/化学/上海/上海卷/2024_化学_上海卷_OCR与考点.md),,pypdf,6
2024,化学,江苏,新高考,2021,地方/区域卷,local,江苏卷,done,[打开试卷](../../papers/2024/化学/江苏/江苏卷/2024_化学_江苏卷_原卷.pdf),[打开Markdown](../../papers/2024/化学/江苏/江苏卷/2024_化学_江苏卷_OCR与考点.md),,pypdf,9
2024,化学,浙江,新高考,2017,地方/区域卷,local,浙江卷,done,[打开试卷](../../papers/2024/化学/浙江/浙江卷/2024_化学_浙江卷_原卷.pdf),[打开Markdown](../../papers/2024/化学/浙江/浙江卷/2024_化学_浙江卷_OCR与考点.md),,pypdf,10
2024,化学,安徽,新高考,2024,地方/区域卷,local,安徽卷,done,[打开试卷](../../papers/2024/化学/安徽/安徽卷/2024_化学_安徽卷_原卷.pdf),[打开Markdown](../../papers/2024/化学/安徽/安徽卷/2024_化学_安徽卷_OCR与考点.md),,pypdf,11
2024,化学,福建,新高考,2021,,missing,,missing,[打开试卷](../../../..),[打开Markdown](../../../..),[打开听力](../../../..),,
2024,化学,江西,新高考,2024,,missing,,missing,[打开试卷](../../../..),[打开Markdown](../../../..),[打开听力](../../../..),,
2024,化学,山东,新高考,2020,地方/区域卷,local,山东卷,done,[打开试卷](../../papers/2024/化学/山东/山东卷/2024_化学_山东卷_原卷.pdf),[打开Markdown](../../papers/2024/化学/山东/山东卷/2024_化学_山东卷_OCR与考点.md),,pypdf,9
2024,化学,湖北,新高考,2021,地方/区域卷,local,湖北卷,done,[打开试卷](../../papers/2024/化学/湖北/湖北卷/2024_化学_湖北卷_原卷.pdf),[打开Markdown](../../papers/2024/化学/湖北/湖北卷/2024_化学_湖北卷_OCR与考点.md),,pypdf,10
2024,化学,湖南,新高考,2021,地方/区域卷,local,湖南卷,done,[打开试卷](../../papers/2024/化学/湖南/湖南卷/2024_化学_湖南卷_原卷.pdf),[打开Markdown](../../papers/2024/化学/湖南/湖南卷/2024_化学_湖南卷_OCR与考点.md),,pypdf,11
2024,化学,广东,新高考,2021,地方/区域卷,local,广东卷,done,[打开试卷](../../papers/2024/化学/广东/广东卷/2024_化学_广东卷_原卷.pdf),[打开Markdown](../../papers/2024/化学/广东/广东卷/2024_化学_广东卷_OCR与考点.md),,pypdf,11
2024,化学,广西,新高考,2024,,missing,,missing,[打开试卷](../../../..),[打开Markdown](../../../..),[打开听力](../../../..),,
2024,化学,海南,新高考,2020,,missing,,missing,[打开试卷](../../../..),[打开Markdown](../../../..),[打开听力](../../../..),,
2024,化学,重庆,新高考,2021,,missing,,missing,[打开试卷](../../../..),[打开Markdown](../../../..),[打开听力](../../../..),,
2024,化学,贵州,新高考,2024,,missing,,missing,[打开试卷](../../../..),[打开Markdown](../../../..),[打开听力](../../../..),,
2024,化学,甘肃,新高考,2024,地方/区域卷,local,甘肃卷,done,[打开试卷](../../papers/2024/化学/甘肃/甘肃卷/2024_化学_甘肃卷_原卷.pdf),[打开Markdown](../../papers/2024/化学/甘肃/甘肃卷/2024_化学_甘肃卷_OCR与考点.md),,pypdf,9
2024,生物,北京,新高考,2020,地方/区域卷,local,北京卷,done,[打开试卷](../../papers/2024/生物/北京/北京卷/2024_生物_北京卷_原卷.pdf),[打开Markdown](../../papers/2024/生物/北京/北京卷/2024_生物_北京卷_OCR与考点.md),,pypdf,10
2024,生物,天津,新高考,2020,,missing,,missing,[打开试卷](../../../..),[打开Markdown](../../../..),[打开听力](../../../..),,
2024,生物,河北,新高考,2021,地方/区域卷,local,河北卷,done,[打开试卷](../../papers/2024/生物/河北/河北卷/2024_生物_河北卷_原卷.pdf),[打开Markdown](../../papers/2024/生物/河北/河北卷/2024_生物_河北卷_OCR与考点.md),,pypdf,9
2024,生物,辽宁,新高考,2021,地方/区域卷,local,辽宁卷,done,[打开试卷](../../papers/2024/生物/辽宁/辽宁卷/2024_生物_辽宁卷_原卷.pdf),[打开Markdown](../../papers/2024/生物/辽宁/辽宁卷/2024_生物_辽宁卷_OCR与考点.md),,pypdf,11
2024,生物,吉林,新高考,2024,地方/区域卷,local,辽宁卷,done,[打开试卷](../../papers/2024/生物/吉林/辽宁卷/2024_生物_吉林辽宁卷_原卷.pdf),[打开Markdown](../../papers/2024/生物/吉林/辽宁卷/2024_生物_吉林辽宁卷_OCR与考点.md),,pypdf,11
2024,生物,黑龙江,新高考,2024,地方/区域卷,local,辽宁卷,done,[打开试卷](../../papers/2024/生物/黑龙江/辽宁卷/2024_生物_黑龙江辽宁卷_原卷.pdf),[打开Markdown](../../papers/2024/生物/黑龙江/辽宁卷/2024_生物_黑龙江辽宁卷_OCR与考点.md),,pypdf,11
2024,生物,上海,新高考,2017,,missing,,missing,[打开试卷](../../../..),[打开Markdown](../../../..),[打开听力](../../../..),,
2024,生物,江苏,新高考,2021,,missing,,missing,[打开试卷](../../../..),[打开Markdown](../../../..),[打开听力](../../../..),,
2024,生物,浙江,新高考,2017,地方/区域卷,local,浙江卷,done,[打开试卷](../../papers/2024/生物/浙江/浙江卷/2024_生物_浙江卷_原卷.pdf),[打开Markdown](../../papers/2024/生物/浙江/浙江卷/2024_生物_浙江卷_OCR与考点.md),,pypdf,10
2024,生物,安徽,新高考,2024,地方/区域卷,local,安徽卷,done,[打开试卷](../../papers/2024/生物/安徽/安徽卷/2024_生物_安徽卷_原卷.pdf),[打开Markdown](../../papers/2024/生物/安徽/安徽卷/2024_生物_安徽卷_OCR与考点.md),,pypdf,9
2024,生物,福建,新高考,2021,,missing,,missing,[打开试卷](../../../..),[打开Markdown](../../../..),[打开听力](../../../..),,
2024,生物,江西,新高考,2024,地方/区域卷,local,江西卷,done,[打开试卷](../../papers/2024/生物/江西/江西卷/2024_生物_江西卷_原卷.pdf),[打开Markdown](../../papers/2024/生物/江西/江西卷/2024_生物_江西卷_OCR与考点.md),,pypdf,10
2024,生物,山东,新高考,2020,地方/区域卷,local,山东卷,done,[打开试卷](../../papers/2024/生物/山东/山东卷/2024_生物_山东卷_原卷.pdf),[打开Markdown](../../papers/2024/生物/山东/山东卷/2024_生物_山东卷_OCR与考点.md),,pypdf,11
2024,生物,湖北,新高考,2021,地方/区域卷,local,湖北卷,done,[打开试卷](../../papers/2024/生物/湖北/湖北卷/2024_生物_湖北卷_原卷.pdf),[打开Markdown](../../papers/2024/生物/湖北/湖北卷/2024_生物_湖北卷_OCR与考点.md),,pypdf,8
2024,生物,湖南,新高考,2021,地方/区域卷,local,湖南卷,done,[打开试卷](../../papers/2024/生物/湖南/湖南卷/2024_生物_湖南卷_原卷.pdf),[打开Markdown](../../papers/2024/生物/湖南/湖南卷/2024_生物_湖南卷_OCR与考点.md),,pypdf,10
2024,生物,广东,新高考,2021,地方/区域卷,local,广东卷,done,[打开试卷](../../papers/2024/生物/广东/广东卷/2024_生物_广东卷_原卷.pdf),[打开Markdown](../../papers/2024/生物/广东/广东卷/2024_生物_广东卷_OCR与考点.md),,pypdf,11
2024,生物,广西,新高考,2024,,missing,,missing,[打开试卷](../../../..),[打开Markdown](../../../..),[打开听力](../../../..),,
2024,生物,海南,新高考,2020,,missing,,missing,[打开试卷](../../../..),[打开Markdown](../../../..),[打开听力](../../../..),,
2024,生物,重庆,新高考,2021,,missing,,missing,[打开试卷](../../../..),[打开Markdown](../../../..),[打开听力](../../../..),,
2024,生物,贵州,新高考,2024,,missing,,missing,[打开试卷](../../../..),[打开Markdown](../../../..),[打开听力](../../../..),,
2024,生物,甘肃,新高考,2024,地方/区域卷,local,甘肃卷,done,[打开试卷](../../papers/2024/生物/甘肃/甘肃卷/2024_生物_甘肃卷_原卷.pdf),[打开Markdown](../../papers/2024/生物/甘肃/甘肃卷/2024_生物_甘肃卷_OCR与考点.md),,pypdf,10
2024,政治,北京,新高考,2020,地方/区域卷,local,北京卷,done,[打开试卷](../../papers/2024/政治/北京/北京卷/2024_政治_北京卷_原卷.pdf),[打开Markdown](../../papers/2024/政治/北京/北京卷/2024_政治_北京卷_OCR与考点.md),,pypdf,9
2024,政治,天津,新高考,2020,,missing,,missing,[打开试卷](../../../..),[打开Markdown](../../../..),[打开听力](../../../..),,
2024,政治,河北,新高考,2021,,missing,,missing,[打开试卷](../../../..),[打开Markdown](../../../..),[打开听力](../../../..),,
2024,政治,辽宁,新高考,2021,地方/区域卷,local,辽宁卷,done,[打开试卷](../../papers/2024/政治/辽宁/辽宁卷/2024_政治_辽宁卷_原卷.pdf),[打开Markdown](../../papers/2024/政治/辽宁/辽宁卷/2024_政治_辽宁卷_OCR与考点.md),,pypdf,8
2024,政治,吉林,新高考,2024,地方/区域卷,local,辽宁卷,done,[打开试卷](../../papers/2024/政治/吉林/辽宁卷/2024_政治_吉林辽宁卷_原卷.pdf),[打开Markdown](../../papers/2024/政治/吉林/辽宁卷/2024_政治_吉林辽宁卷_OCR与考点.md),,pypdf,8
2024,政治,黑龙江,新高考,2024,地方/区域卷,local,辽宁卷,done,[打开试卷](../../papers/2024/政治/黑龙江/辽宁卷/2024_政治_黑龙江辽宁卷_原卷.pdf),[打开Markdown](../../papers/2024/政治/黑龙江/辽宁卷/2024_政治_黑龙江辽宁卷_OCR与考点.md),,pypdf,8
2024,政治,上海,新高考,2017,,missing,,missing,[打开试卷](../../../..),[打开Markdown](../../../..),[打开听力](../../../..),,
2024,政治,江苏,新高考,2021,,missing,,missing,[打开试卷](../../../..),[打开Markdown](../../../..),[打开听力](../../../..),,
2024,政治,浙江,新高考,2017,地方/区域卷,local,浙江卷,done,[打开试卷](../../papers/2024/政治/浙江/浙江卷/2024_政治_浙江卷_原卷.pdf),[打开Markdown](../../papers/2024/政治/浙江/浙江卷/2024_政治_浙江卷_OCR与考点.md),,pypdf,9
2024,政治,安徽,新高考,2024,地方/区域卷,local,安徽卷,done,[打开试卷](../../papers/2024/政治/安徽/安徽卷/2024_政治_安徽卷_原卷.pdf),[打开Markdown](../../papers/2024/政治/安徽/安徽卷/2024_政治_安徽卷_OCR与考点.md),,pypdf,7
2024,政治,福建,新高考,2021,,missing,,missing,[打开试卷](../../../..),[打开Markdown](../../../..),[打开听力](../../../..),,
2024,政治,江西,新高考,2024,,missing,,missing,[打开试卷](../../../..),[打开Markdown](../../../..),[打开听力](../../../..),,
2024,政治,山东,新高考,2020,地方/区域卷,local,山东卷,done,[打开试卷](../../papers/2024/政治/山东/山东卷/2024_政治_山东卷_原卷.pdf),[打开Markdown](../../papers/2024/政治/山东/山东卷/2024_政治_山东卷_OCR与考点.md),,pypdf,8
2024,政治,湖北,新高考,2021,地方/区域卷,local,辽宁卷,done,[打开试卷](../../papers/2024/政治/湖北/辽宁卷/2024_政治_湖北辽宁卷_原卷.pdf),[打开Markdown](../../papers/2024/政治/湖北/辽宁卷/2024_政治_湖北辽宁卷_OCR与考点.md),,pypdf,8
2024,政治,湖南,新高考,2021,地方/区域卷,local,湖南卷,done,[打开试卷](../../papers/2024/政治/湖南/湖南卷/2024_政治_湖南卷_原卷.pdf),[打开Markdown](../../papers/2024/政治/湖南/湖南卷/2024_政治_湖南卷_OCR与考点.md),,pypdf,8
2024,政治,广东,新高考,2021,地方/区域卷,local,广东卷,done,[打开试卷](../../papers/2024/政治/广东/广东卷/2024_政治_广东卷_原卷.pdf),[打开Markdown](../../papers/2024/政治/广东/广东卷/2024_政治_广东卷_OCR与考点.md),,pypdf,8
2024,政治,广西,新高考,2024,,missing,,missing,[打开试卷](../../../..),[打开Markdown](../../../..),[打开听力](../../../..),,
2024,政治,海南,新高考,2020,,missing,,missing,[打开试卷](../../../..),[打开Markdown](../../../..),[打开听力](../../../..),,
2024,政治,重庆,新高考,2021,,missing,,missing,[打开试卷](../../../..),[打开Markdown](../../../..),[打开听力](../../../..),,
2024,政治,贵州,新高考,2024,,missing,,missing,[打开试卷](../../../..),[打开Markdown](../../../..),[打开听力](../../../..),,
2024,政治,甘肃,新高考,2024,,missing,,missing,[打开试卷](../../../..),[打开Markdown](../../../..),[打开听力](../../../..),,
2024,历史,北京,新高考,2020,地方/区域卷,local,北京卷,done,[打开试卷](../../papers/2024/历史/北京/北京卷/2024_历史_北京卷_原卷.pdf),[打开Markdown](../../papers/2024/历史/北京/北京卷/2024_历史_北京卷_OCR与考点.md),,pypdf,9
2024,历史,天津,新高考,2020,,missing,,missing,[打开试卷](../../../..),[打开Markdown](../../../..),[打开听力](../../../..),,
2024,历史,河北,新高考,2021,,missing,,missing,[打开试卷](../../../..),[打开Markdown](../../../..),[打开听力](../../../..),,
2024,历史,辽宁,新高考,2021,地方/区域卷,local,辽宁卷,done,[打开试卷](../../papers/2024/历史/辽宁/辽宁卷/2024_历史_辽宁卷_原卷.pdf),[打开Markdown](../../papers/2024/历史/辽宁/辽宁卷/2024_历史_辽宁卷_OCR与考点.md),,pypdf,5
2024,历史,吉林,新高考,2024,地方/区域卷,local,辽宁卷,done,[打开试卷](../../papers/2024/历史/吉林/辽宁卷/2024_历史_吉林辽宁卷_原卷.pdf),[打开Markdown](../../papers/2024/历史/吉林/辽宁卷/2024_历史_吉林辽宁卷_OCR与考点.md),,pypdf,5
2024,历史,黑龙江,新高考,2024,地方/区域卷,local,辽宁卷,done,[打开试卷](../../papers/2024/历史/黑龙江/辽宁卷/2024_历史_黑龙江辽宁卷_原卷.pdf),[打开Markdown](../../papers/2024/历史/黑龙江/辽宁卷/2024_历史_黑龙江辽宁卷_OCR与考点.md),,pypdf,5
2024,历史,上海,新高考,2017,地方/区域卷,local,上海卷,done,[打开试卷](../../papers/2024/历史/上海/上海卷/2024_历史_上海卷_原卷.pdf),[打开Markdown](../../papers/2024/历史/上海/上海卷/2024_历史_上海卷_OCR与考点.md),,pypdf,5
2024,历史,江苏,新高考,2021,地方/区域卷,local,江苏卷,done,[打开试卷](../../papers/2024/历史/江苏/江苏卷/2024_历史_江苏卷_原卷.pdf),[打开Markdown](../../papers/2024/历史/江苏/江苏卷/2024_历史_江苏卷_OCR与考点.md),,pypdf,6
2024,历史,浙江,新高考,2017,地方/区域卷,local,浙江卷,done,[打开试卷](../../papers/2024/历史/浙江/浙江卷/2024_历史_浙江卷_原卷.pdf),[打开Markdown](../../papers/2024/历史/浙江/浙江卷/2024_历史_浙江卷_OCR与考点.md),,pypdf,8
2024,历史,安徽,新高考,2024,地方/区域卷,local,安徽卷,done,[打开试卷](../../papers/2024/历史/安徽/安徽卷/2024_历史_安徽卷_原卷.pdf),[打开Markdown](../../papers/2024/历史/安徽/安徽卷/2024_历史_安徽卷_OCR与考点.md),,pypdf,6
2024,历史,福建,新高考,2021,,missing,,missing,[打开试卷](../../../..),[打开Markdown](../../../..),[打开听力](../../../..),,
2024,历史,江西,新高考,2024,,missing,,missing,[打开试卷](../../../..),[打开Markdown](../../../..),[打开听力](../../../..),,
2024,历史,山东,新高考,2020,地方/区域卷,local,山东卷,done,[打开试卷](../../papers/2024/历史/山东/山东卷/2024_历史_山东卷_原卷.pdf),[打开Markdown](../../papers/2024/历史/山东/山东卷/2024_历史_山东卷_OCR与考点.md),,pypdf,8
2024,历史,湖北,新高考,2021,地方/区域卷,local,湖北卷,done,[打开试卷](../../papers/2024/历史/湖北/湖北卷/2024_历史_湖北卷_原卷.pdf),[打开Markdown](../../papers/2024/历史/湖北/湖北卷/2024_历史_湖北卷_OCR与考点.md),,pypdf,6
2024,历史,湖南,新高考,2021,地方/区域卷,local,湖南卷,done,[打开试卷](../../papers/2024/历史/湖南/湖南卷/2024_历史_湖南卷_原卷.pdf),[打开Markdown](../../papers/2024/历史/湖南/湖南卷/2024_历史_湖南卷_OCR与考点.md),,pypdf,6
2024,历史,广东,新高考,2021,地方/区域卷,local,广东卷,done,[打开试卷](../../papers/2024/历史/广东/广东卷/2024_历史_广东卷_原卷.pdf),[打开Markdown](../../papers/2024/历史/广东/广东卷/2024_历史_广东卷_OCR与考点.md),,pypdf,4
2024,历史,广西,新高考,2024,,missing,,missing,[打开试卷](../../../..),[打开Markdown](../../../..),[打开听力](../../../..),,
2024,历史,海南,新高考,2020,,missing,,missing,[打开试卷](../../../..),[打开Markdown](../../../..),[打开听力](../../../..),,
2024,历史,重庆,新高考,2021,地方/区域卷,local,重庆卷,done,[打开试卷](../../papers/2024/历史/重庆/重庆卷/2024_历史_重庆卷_原卷.pdf),[打开Markdown](../../papers/2024/历史/重庆/重庆卷/2024_历史_重庆卷_OCR与考点.md),,pypdf,3
2024,历史,贵州,新高考,2024,,missing,,missing,[打开试卷](../../../..),[打开Markdown](../../../..),[打开听力](../../../..),,
2024,历史,甘肃,新高考,2024,地方/区域卷,local,甘肃卷,done,[打开试卷](../../papers/2024/历史/甘肃/甘肃卷/2024_历史_甘肃卷_原卷.pdf),[打开Markdown](../../papers/2024/历史/甘肃/甘肃卷/2024_历史_甘肃卷_OCR与考点.md),,pypdf,6
2024,地理,北京,新高考,2020,地方/区域卷,local,北京卷,done,[打开试卷](../../papers/2024/地理/北京/北京卷/2024_地理_北京卷_原卷.pdf),[打开Markdown](../../papers/2024/地理/北京/北京卷/2024_地理_北京卷_OCR与考点.md),,pypdf,7
2024,地理,天津,新高考,2020,,missing,,missing,[打开试卷](../../../..),[打开Markdown](../../../..),[打开听力](../../../..),,
2024,地理,河北,新高考,2021,,missing,,missing,[打开试卷](../../../..),[打开Markdown](../../../..),[打开听力](../../../..),,
2024,地理,辽宁,新高考,2021,地方/区域卷,local,辽宁卷,done,[打开试卷](../../papers/2024/地理/辽宁/辽宁卷/2024_地理_辽宁卷_原卷.pdf),[打开Markdown](../../papers/2024/地理/辽宁/辽宁卷/2024_地理_辽宁卷_OCR与考点.md),,pypdf,7
2024,地理,吉林,新高考,2024,地方/区域卷,local,辽宁卷,done,[打开试卷](../../papers/2024/地理/吉林/辽宁卷/2024_地理_吉林辽宁卷_原卷.pdf),[打开Markdown](../../papers/2024/地理/吉林/辽宁卷/2024_地理_吉林辽宁卷_OCR与考点.md),,pypdf,7
2024,地理,黑龙江,新高考,2024,地方/区域卷,local,辽宁卷,done,[打开试卷](../../papers/2024/地理/黑龙江/辽宁卷/2024_地理_黑龙江辽宁卷_原卷.pdf),[打开Markdown](../../papers/2024/地理/黑龙江/辽宁卷/2024_地理_黑龙江辽宁卷_OCR与考点.md),,pypdf,7
2024,地理,上海,新高考,2017,地方/区域卷,local,上海卷,done,[打开试卷](../../papers/2024/地理/上海/上海卷/2024_地理_上海卷_原卷.pdf),[打开Markdown](../../papers/2024/地理/上海/上海卷/2024_地理_上海卷_OCR与考点.md),,pypdf,8
2024,地理,江苏,新高考,2021,,missing,,missing,[打开试卷](../../../..),[打开Markdown](../../../..),[打开听力](../../../..),,
2024,地理,浙江,新高考,2017,地方/区域卷,local,浙江卷,done,[打开试卷](../../papers/2024/地理/浙江/浙江卷/2024_地理_浙江卷_原卷.pdf),[打开Markdown](../../papers/2024/地理/浙江/浙江卷/2024_地理_浙江卷_OCR与考点.md),,pypdf,10
2024,地理,安徽,新高考,2024,地方/区域卷,local,安徽卷,done,[打开试卷](../../papers/2024/地理/安徽/安徽卷/2024_地理_安徽卷_原卷.pdf),[打开Markdown](../../papers/2024/地理/安徽/安徽卷/2024_地理_安徽卷_OCR与考点.md),,pypdf,7
2024,地理,福建,新高考,2021,地方/区域卷,local,福建卷,done,[打开试卷](../../papers/2024/地理/福建/福建卷/2024_地理_福建卷_原卷.pdf),[打开Markdown](../../papers/2024/地理/福建/福建卷/2024_地理_福建卷_OCR与考点.md),,pypdf,6
2024,地理,江西,新高考,2024,地方/区域卷,local,江西卷,done,[打开试卷](../../papers/2024/地理/江西/江西卷/2024_地理_江西卷_原卷.pdf),[打开Markdown](../../papers/2024/地理/江西/江西卷/2024_地理_江西卷_OCR与考点.md),,pypdf,6
2024,地理,山东,新高考,2020,地方/区域卷,local,山东卷,done,[打开试卷](../../papers/2024/地理/山东/山东卷/2024_地理_山东卷_原卷.pdf),[打开Markdown](../../papers/2024/地理/山东/山东卷/2024_地理_山东卷_OCR与考点.md),,pypdf,7
2024,地理,湖北,新高考,2021,地方/区域卷,local,湖北卷,done,[打开试卷](../../papers/2024/地理/湖北/湖北卷/2024_地理_湖北卷_原卷.pdf),[打开Markdown](../../papers/2024/地理/湖北/湖北卷/2024_地理_湖北卷_OCR与考点.md),,pypdf,7
2024,地理,湖南,新高考,2021,地方/区域卷,local,湖南卷,done,[打开试卷](../../papers/2024/地理/湖南/湖南卷/2024_地理_湖南卷_原卷.pdf),[打开Markdown](../../papers/2024/地理/湖南/湖南卷/2024_地理_湖南卷_OCR与考点.md),,pypdf,7
2024,地理,广东,新高考,2021,地方/区域卷,local,广东卷,done,[打开试卷](../../papers/2024/地理/广东/广东卷/2024_地理_广东卷_原卷.pdf),[打开Markdown](../../papers/2024/地理/广东/广东卷/2024_地理_广东卷_OCR与考点.md),,pypdf,7
2024,地理,广西,新高考,2024,,missing,,missing,[打开试卷](../../../..),[打开Markdown](../../../..),[打开听力](../../../..),,
2024,地理,海南,新高考,2020,,missing,,missing,[打开试卷](../../../..),[打开Markdown](../../../..),[打开听力](../../../..),,
2024,地理,重庆,新高考,2021,,missing,,missing,[打开试卷](../../../..),[打开Markdown](../../../..),[打开听力](../../../..),,
2024,地理,贵州,新高考,2024,,missing,,missing,[打开试卷](../../../..),[打开Markdown](../../../..),[打开听力](../../../..),,
2024,地理,甘肃,新高考,2024,地方/区域卷,local,甘肃卷,done,[打开试卷](../../papers/2024/地理/甘肃/甘肃卷/2024_地理_甘肃卷_原卷.pdf),[打开Markdown](../../papers/2024/地理/甘肃/甘肃卷/2024_地理_甘肃卷_OCR与考点.md),,pypdf,5
2025,语文,北京,新高考,2020,地方/区域卷,local,北京卷,done,[打开试卷](../../papers/2025/语文/北京/北京卷/2025_语文_北京卷_原卷.pdf),[打开Markdown](../../papers/2025/语文/北京/北京卷/2025_语文_北京卷_OCR与考点.md),,pypdf,27
2025,语文,天津,新高考,2020,地方/区域卷,local,天津卷,missing,[打开试卷](../../../..),[打开Markdown](../../../..),[打开听力](../../../..),,
2025,语文,河北,新高考,2021,地方/区域卷,local,新高考全国Ⅰ卷,done,[打开试卷](../../papers/2025/语文/全国/新高考全国Ⅰ卷/2025_语文_新高考全国Ⅰ卷_原卷.pdf),[打开Markdown](../../papers/2025/语文/全国/新高考全国Ⅰ卷/2025_语文_新高考全国Ⅰ卷_OCR与考点.md),,pypdf,26
2025,语文,山西,新高考,2025,地方/区域卷,local,新高考全国Ⅱ卷,done,[打开试卷](../../papers/2025/语文/全国/新高考全国Ⅱ卷/2025_语文_新高考全国Ⅱ卷_原卷.pdf),[打开Markdown](../../papers/2025/语文/全国/新高考全国Ⅱ卷/2025_语文_新高考全国Ⅱ卷_OCR与考点.md),,pypdf,
2025,语文,内蒙古,新高考,2025,地方/区域卷,local,新高考全国Ⅱ卷,done,[打开试卷](../../papers/2025/语文/全国/新高考全国Ⅱ卷/2025_语文_新高考全国Ⅱ卷_原卷.pdf),[打开Markdown](../../papers/2025/语文/全国/新高考全国Ⅱ卷/2025_语文_新高考全国Ⅱ卷_OCR与考点.md),,pypdf,
2025,语文,辽宁,新高考,2021,地方/区域卷,local,新高考全国Ⅱ卷,done,[打开试卷](../../papers/2025/语文/全国/新高考全国Ⅱ卷/2025_语文_新高考全国Ⅱ卷_原卷.pdf),[打开Markdown](../../papers/2025/语文/全国/新高考全国Ⅱ卷/2025_语文_新高考全国Ⅱ卷_OCR与考点.md),,pypdf,
2025,语文,吉林,新高考,2024,地方/区域卷,local,新高考全国Ⅱ卷,done,[打开试卷](../../papers/2025/语文/全国/新高考全国Ⅱ卷/2025_语文_新高考全国Ⅱ卷_原卷.pdf),[打开Markdown](../../papers/2025/语文/全国/新高考全国Ⅱ卷/2025_语文_新高考全国Ⅱ卷_OCR与考点.md),,pypdf,
2025,语文,黑龙江,新高考,2024,地方/区域卷,local,新高考全国Ⅱ卷,done,[打开试卷](../../papers/2025/语文/全国/新高考全国Ⅱ卷/2025_语文_新高考全国Ⅱ卷_原卷.pdf),[打开Markdown](../../papers/2025/语文/全国/新高考全国Ⅱ卷/2025_语文_新高考全国Ⅱ卷_OCR与考点.md),,pypdf,
2025,语文,上海,新高考,2017,地方/区域卷,local,上海卷,missing,[打开试卷](../../../..),[打开Markdown](../../../..),[打开听力](../../../..),,
2025,语文,江苏,新高考,2021,地方/区域卷,local,新高考全国Ⅰ卷,done,[打开试卷](../../papers/2025/语文/全国/新高考全国Ⅰ卷/2025_语文_新高考全国Ⅰ卷_原卷.pdf),[打开Markdown](../../papers/2025/语文/全国/新高考全国Ⅰ卷/2025_语文_新高考全国Ⅰ卷_OCR与考点.md),,pypdf,26
2025,语文,浙江,新高考,2017,地方/区域卷,local,新高考全国Ⅰ卷,done,[打开试卷](../../papers/2025/语文/全国/新高考全国Ⅰ卷/2025_语文_新高考全国Ⅰ卷_原卷.pdf),[打开Markdown](../../papers/2025/语文/全国/新高考全国Ⅰ卷/2025_语文_新高考全国Ⅰ卷_OCR与考点.md),,pypdf,26
2025,语文,安徽,新高考,2024,地方/区域卷,local,新高考全国Ⅰ卷,done,[打开试卷](../../papers/2025/语文/全国/新高考全国Ⅰ卷/2025_语文_新高考全国Ⅰ卷_原卷.pdf),[打开Markdown](../../papers/2025/语文/全国/新高考全国Ⅰ卷/2025_语文_新高考全国Ⅰ卷_OCR与考点.md),,pypdf,26
2025,语文,福建,新高考,2021,地方/区域卷,local,新高考全国Ⅰ卷,done,[打开试卷](../../papers/2025/语文/全国/新高考全国Ⅰ卷/2025_语文_新高考全国Ⅰ卷_原卷.pdf),[打开Markdown](../../papers/2025/语文/全国/新高考全国Ⅰ卷/2025_语文_新高考全国Ⅰ卷_OCR与考点.md),,pypdf,26
2025,语文,江西,新高考,2024,地方/区域卷,local,新高考全国Ⅰ卷,done,[打开试卷](../../papers/2025/语文/全国/新高考全国Ⅰ卷/2025_语文_新高考全国Ⅰ卷_原卷.pdf),[打开Markdown](../../papers/2025/语文/全国/新高考全国Ⅰ卷/2025_语文_新高考全国Ⅰ卷_OCR与考点.md),,pypdf,26
2025,语文,山东,新高考,2020,地方/区域卷,local,新高考全国Ⅰ卷,done,[打开试卷](../../papers/2025/语文/全国/新高考全国Ⅰ卷/2025_语文_新高考全国Ⅰ卷_原卷.pdf),[打开Markdown](../../papers/2025/语文/全国/新高考全国Ⅰ卷/2025_语文_新高考全国Ⅰ卷_OCR与考点.md),,pypdf,26
2025,语文,河南,新高考,2025,地方/区域卷,local,新高考全国Ⅰ卷,done,[打开试卷](../../papers/2025/语文/全国/新高考全国Ⅰ卷/2025_语文_新高考全国Ⅰ卷_原卷.pdf),[打开Markdown](../../papers/2025/语文/全国/新高考全国Ⅰ卷/2025_语文_新高考全国Ⅰ卷_OCR与考点.md),,pypdf,26
2025,语文,湖北,新高考,2021,地方/区域卷,local,新高考全国Ⅰ卷,done,[打开试卷](../../papers/2025/语文/全国/新高考全国Ⅰ卷/2025_语文_新高考全国Ⅰ卷_原卷.pdf),[打开Markdown](../../papers/2025/语文/全国/新高考全国Ⅰ卷/2025_语文_新高考全国Ⅰ卷_OCR与考点.md),,pypdf,26
2025,语文,湖南,新高考,2021,地方/区域卷,local,新高考全国Ⅰ卷,done,[打开试卷](../../papers/2025/语文/全国/新高考全国Ⅰ卷/2025_语文_新高考全国Ⅰ卷_原卷.pdf),[打开Markdown](../../papers/2025/语文/全国/新高考全国Ⅰ卷/2025_语文_新高考全国Ⅰ卷_OCR与考点.md),,pypdf,26
2025,语文,广东,新高考,2021,地方/区域卷,local,新高考全国Ⅰ卷,done,[打开试卷](../../papers/2025/语文/全国/新高考全国Ⅰ卷/2025_语文_新高考全国Ⅰ卷_原卷.pdf),[打开Markdown](../../papers/2025/语文/全国/新高考全国Ⅰ卷/2025_语文_新高考全国Ⅰ卷_OCR与考点.md),,pypdf,26
2025,语文,广西,新高考,2024,地方/区域卷,local,新高考全国Ⅱ卷,done,[打开试卷](../../papers/2025/语文/全国/新高考全国Ⅱ卷/2025_语文_新高考全国Ⅱ卷_原卷.pdf),[打开Markdown](../../papers/2025/语文/全国/新高考全国Ⅱ卷/2025_语文_新高考全国Ⅱ卷_OCR与考点.md),,pypdf,
2025,语文,海南,新高考,2020,地方/区域卷,local,新高考全国Ⅱ卷,done,[打开试卷](../../papers/2025/语文/全国/新高考全国Ⅱ卷/2025_语文_新高考全国Ⅱ卷_原卷.pdf),[打开Markdown](../../papers/2025/语文/全国/新高考全国Ⅱ卷/2025_语文_新高考全国Ⅱ卷_OCR与考点.md),,pypdf,
2025,语文,重庆,新高考,2021,地方/区域卷,local,新高考全国Ⅱ卷,done,[打开试卷](../../papers/2025/语文/全国/新高考全国Ⅱ卷/2025_语文_新高考全国Ⅱ卷_原卷.pdf),[打开Markdown](../../papers/2025/语文/全国/新高考全国Ⅱ卷/2025_语文_新高考全国Ⅱ卷_OCR与考点.md),,pypdf,
2025,语文,四川,新高考,2025,地方/区域卷,local,新高考全国Ⅱ卷,done,[打开试卷](../../papers/2025/语文/全国/新高考全国Ⅱ卷/2025_语文_新高考全国Ⅱ卷_原卷.pdf),[打开Markdown](../../papers/2025/语文/全国/新高考全国Ⅱ卷/2025_语文_新高考全国Ⅱ卷_OCR与考点.md),,pypdf,
2025,语文,贵州,新高考,2024,地方/区域卷,local,新高考全国Ⅱ卷,done,[打开试卷](../../papers/2025/语文/全国/新高考全国Ⅱ卷/2025_语文_新高考全国Ⅱ卷_原卷.pdf),[打开Markdown](../../papers/2025/语文/全国/新高考全国Ⅱ卷/2025_语文_新高考全国Ⅱ卷_OCR与考点.md),,pypdf,
2025,语文,云南,新高考,2025,地方/区域卷,local,新高考全国Ⅱ卷,done,[打开试卷](../../papers/2025/语文/全国/新高考全国Ⅱ卷/2025_语文_新高考全国Ⅱ卷_原卷.pdf),[打开Markdown](../../papers/2025/语文/全国/新高考全国Ⅱ卷/2025_语文_新高考全国Ⅱ卷_OCR与考点.md),,pypdf,
2025,语文,西藏,新高考,,地方/区域卷,local,新高考全国Ⅱ卷,done,[打开试卷](../../papers/2025/语文/全国/新高考全国Ⅱ卷/2025_语文_新高考全国Ⅱ卷_原卷.pdf),[打开Markdown](../../papers/2025/语文/全国/新高考全国Ⅱ卷/2025_语文_新高考全国Ⅱ卷_OCR与考点.md),,pypdf,
2025,语文,陕西,新高考,2025,地方/区域卷,local,新高考全国Ⅱ卷,done,[打开试卷](../../papers/2025/语文/全国/新高考全国Ⅱ卷/2025_语文_新高考全国Ⅱ卷_原卷.pdf),[打开Markdown](../../papers/2025/语文/全国/新高考全国Ⅱ卷/2025_语文_新高考全国Ⅱ卷_OCR与考点.md),,pypdf,
2025,语文,甘肃,新高考,2024,地方/区域卷,local,新高考全国Ⅱ卷,done,[打开试卷](../../papers/2025/语文/全国/新高考全国Ⅱ卷/2025_语文_新高考全国Ⅱ卷_原卷.pdf),[打开Markdown](../../papers/2025/语文/全国/新高考全国Ⅱ卷/2025_语文_新高考全国Ⅱ卷_OCR与考点.md),,pypdf,
2025,语文,青海,新高考,2025,地方/区域卷,local,新高考全国Ⅱ卷,done,[打开试卷](../../papers/2025/语文/全国/新高考全国Ⅱ卷/2025_语文_新高考全国Ⅱ卷_原卷.pdf),[打开Markdown](../../papers/2025/语文/全国/新高考全国Ⅱ卷/2025_语文_新高考全国Ⅱ卷_OCR与考点.md),,pypdf,
2025,语文,宁夏,新高考,2025,地方/区域卷,local,新高考全国Ⅱ卷,done,[打开试卷](../../papers/2025/语文/全国/新高考全国Ⅱ卷/2025_语文_新高考全国Ⅱ卷_原卷.pdf),[打开Markdown](../../papers/2025/语文/全国/新高考全国Ⅱ卷/2025_语文_新高考全国Ⅱ卷_OCR与考点.md),,pypdf,
2025,语文,新疆,新高考,,地方/区域卷,local,新高考全国Ⅱ卷,done,[打开试卷](../../papers/2025/语文/全国/新高考全国Ⅱ卷/2025_语文_新高考全国Ⅱ卷_原卷.pdf),[打开Markdown](../../papers/2025/语文/全国/新高考全国Ⅱ卷/2025_语文_新高考全国Ⅱ卷_OCR与考点.md),,pypdf,
2025,数学,北京,新高考,2020,地方/区域卷,local,北京卷,done,[打开试卷](../../papers/2025/数学/北京/北京卷/2025_数学_北京卷_原卷.pdf),[打开Markdown](../../papers/2025/数学/北京/北京卷/2025_数学_北京卷_OCR与考点.md),,pypdf,19
2025,数学,天津,新高考,2020,地方/区域卷,local,天津卷,done,[打开试卷](../../papers/2025/数学/天津/天津卷/2025_数学_天津卷_原卷.pdf),[打开Markdown](../../papers/2025/数学/天津/天津卷/2025_数学_天津卷_OCR与考点.md),,pypdf,20
2025,数学,河北,新高考,2021,地方/区域卷,local,新高考全国Ⅰ卷,done,[打开试卷](../../papers/2025/数学/全国/新高考全国Ⅰ卷/2025_数学_新高考全国Ⅰ卷_原卷.pdf),[打开Markdown](../../papers/2025/数学/全国/新高考全国Ⅰ卷/2025_数学_新高考全国Ⅰ卷_OCR与考点.md),,pypdf,30
2025,数学,山西,新高考,2025,地方/区域卷,local,新高考全国Ⅱ卷,done,[打开试卷](../../papers/2025/数学/全国/新高考全国Ⅱ卷/2025_数学_新高考全国Ⅱ卷_原卷.pdf),[打开Markdown](../../papers/2025/数学/全国/新高考全国Ⅱ卷/2025_数学_新高考全国Ⅱ卷_OCR与考点.md),,rapidocr,6
2025,数学,内蒙古,新高考,2025,地方/区域卷,local,新高考全国Ⅱ卷,done,[打开试卷](../../papers/2025/数学/全国/新高考全国Ⅱ卷/2025_数学_新高考全国Ⅱ卷_原卷.pdf),[打开Markdown](../../papers/2025/数学/全国/新高考全国Ⅱ卷/2025_数学_新高考全国Ⅱ卷_OCR与考点.md),,rapidocr,6
2025,数学,辽宁,新高考,2021,地方/区域卷,local,新高考全国Ⅱ卷,done,[打开试卷](../../papers/2025/数学/全国/新高考全国Ⅱ卷/2025_数学_新高考全国Ⅱ卷_原卷.pdf),[打开Markdown](../../papers/2025/数学/全国/新高考全国Ⅱ卷/2025_数学_新高考全国Ⅱ卷_OCR与考点.md),,rapidocr,6
2025,数学,吉林,新高考,2024,地方/区域卷,local,新高考全国Ⅱ卷,done,[打开试卷](../../papers/2025/数学/全国/新高考全国Ⅱ卷/2025_数学_新高考全国Ⅱ卷_原卷.pdf),[打开Markdown](../../papers/2025/数学/全国/新高考全国Ⅱ卷/2025_数学_新高考全国Ⅱ卷_OCR与考点.md),,rapidocr,6
2025,数学,黑龙江,新高考,2024,地方/区域卷,local,新高考全国Ⅱ卷,done,[打开试卷](../../papers/2025/数学/全国/新高考全国Ⅱ卷/2025_数学_新高考全国Ⅱ卷_原卷.pdf),[打开Markdown](../../papers/2025/数学/全国/新高考全国Ⅱ卷/2025_数学_新高考全国Ⅱ卷_OCR与考点.md),,rapidocr,6
2025,数学,上海,新高考,2017,地方/区域卷,local,上海卷,done,[打开试卷](../../papers/2025/数学/上海/上海卷/2025_数学_上海卷_原卷.pdf),[打开Markdown](../../papers/2025/数学/上海/上海卷/2025_数学_上海卷_OCR与考点.md),,pypdf,4
2025,数学,江苏,新高考,2021,地方/区域卷,local,新高考全国Ⅰ卷,done,[打开试卷](../../papers/2025/数学/全国/新高考全国Ⅰ卷/2025_数学_新高考全国Ⅰ卷_原卷.pdf),[打开Markdown](../../papers/2025/数学/全国/新高考全国Ⅰ卷/2025_数学_新高考全国Ⅰ卷_OCR与考点.md),,pypdf,30
2025,数学,浙江,新高考,2017,地方/区域卷,local,新高考全国Ⅰ卷,done,[打开试卷](../../papers/2025/数学/全国/新高考全国Ⅰ卷/2025_数学_新高考全国Ⅰ卷_原卷.pdf),[打开Markdown](../../papers/2025/数学/全国/新高考全国Ⅰ卷/2025_数学_新高考全国Ⅰ卷_OCR与考点.md),,pypdf,30
2025,数学,安徽,新高考,2024,地方/区域卷,local,新高考全国Ⅰ卷,done,[打开试卷](../../papers/2025/数学/全国/新高考全国Ⅰ卷/2025_数学_新高考全国Ⅰ卷_原卷.pdf),[打开Markdown](../../papers/2025/数学/全国/新高考全国Ⅰ卷/2025_数学_新高考全国Ⅰ卷_OCR与考点.md),,pypdf,30
2025,数学,福建,新高考,2021,地方/区域卷,local,新高考全国Ⅰ卷,done,[打开试卷](../../papers/2025/数学/全国/新高考全国Ⅰ卷/2025_数学_新高考全国Ⅰ卷_原卷.pdf),[打开Markdown](../../papers/2025/数学/全国/新高考全国Ⅰ卷/2025_数学_新高考全国Ⅰ卷_OCR与考点.md),,pypdf,30
2025,数学,江西,新高考,2024,地方/区域卷,local,新高考全国Ⅰ卷,done,[打开试卷](../../papers/2025/数学/全国/新高考全国Ⅰ卷/2025_数学_新高考全国Ⅰ卷_原卷.pdf),[打开Markdown](../../papers/2025/数学/全国/新高考全国Ⅰ卷/2025_数学_新高考全国Ⅰ卷_OCR与考点.md),,pypdf,30
2025,数学,山东,新高考,2020,地方/区域卷,local,新高考全国Ⅰ卷,done,[打开试卷](../../papers/2025/数学/全国/新高考全国Ⅰ卷/2025_数学_新高考全国Ⅰ卷_原卷.pdf),[打开Markdown](../../papers/2025/数学/全国/新高考全国Ⅰ卷/2025_数学_新高考全国Ⅰ卷_OCR与考点.md),,pypdf,30
2025,数学,河南,新高考,2025,地方/区域卷,local,新高考全国Ⅰ卷,done,[打开试卷](../../papers/2025/数学/全国/新高考全国Ⅰ卷/2025_数学_新高考全国Ⅰ卷_原卷.pdf),[打开Markdown](../../papers/2025/数学/全国/新高考全国Ⅰ卷/2025_数学_新高考全国Ⅰ卷_OCR与考点.md),,pypdf,30
2025,数学,湖北,新高考,2021,地方/区域卷,local,新高考全国Ⅰ卷,done,[打开试卷](../../papers/2025/数学/全国/新高考全国Ⅰ卷/2025_数学_新高考全国Ⅰ卷_原卷.pdf),[打开Markdown](../../papers/2025/数学/全国/新高考全国Ⅰ卷/2025_数学_新高考全国Ⅰ卷_OCR与考点.md),,pypdf,30
2025,数学,湖南,新高考,2021,地方/区域卷,local,新高考全国Ⅰ卷,done,[打开试卷](../../papers/2025/数学/全国/新高考全国Ⅰ卷/2025_数学_新高考全国Ⅰ卷_原卷.pdf),[打开Markdown](../../papers/2025/数学/全国/新高考全国Ⅰ卷/2025_数学_新高考全国Ⅰ卷_OCR与考点.md),,pypdf,30
2025,数学,广东,新高考,2021,地方/区域卷,local,新高考全国Ⅰ卷,done,[打开试卷](../../papers/2025/数学/全国/新高考全国Ⅰ卷/2025_数学_新高考全国Ⅰ卷_原卷.pdf),[打开Markdown](../../papers/2025/数学/全国/新高考全国Ⅰ卷/2025_数学_新高考全国Ⅰ卷_OCR与考点.md),,pypdf,30
2025,数学,广西,新高考,2024,地方/区域卷,local,新高考全国Ⅱ卷,done,[打开试卷](../../papers/2025/数学/全国/新高考全国Ⅱ卷/2025_数学_新高考全国Ⅱ卷_原卷.pdf),[打开Markdown](../../papers/2025/数学/全国/新高考全国Ⅱ卷/2025_数学_新高考全国Ⅱ卷_OCR与考点.md),,rapidocr,6
2025,数学,海南,新高考,2020,地方/区域卷,local,新高考全国Ⅱ卷,done,[打开试卷](../../papers/2025/数学/全国/新高考全国Ⅱ卷/2025_数学_新高考全国Ⅱ卷_原卷.pdf),[打开Markdown](../../papers/2025/数学/全国/新高考全国Ⅱ卷/2025_数学_新高考全国Ⅱ卷_OCR与考点.md),,rapidocr,6
2025,数学,重庆,新高考,2021,地方/区域卷,local,新高考全国Ⅱ卷,done,[打开试卷](../../papers/2025/数学/全国/新高考全国Ⅱ卷/2025_数学_新高考全国Ⅱ卷_原卷.pdf),[打开Markdown](../../papers/2025/数学/全国/新高考全国Ⅱ卷/2025_数学_新高考全国Ⅱ卷_OCR与考点.md),,rapidocr,6
2025,数学,四川,新高考,2025,地方/区域卷,local,新高考全国Ⅱ卷,done,[打开试卷](../../papers/2025/数学/全国/新高考全国Ⅱ卷/2025_数学_新高考全国Ⅱ卷_原卷.pdf),[打开Markdown](../../papers/2025/数学/全国/新高考全国Ⅱ卷/2025_数学_新高考全国Ⅱ卷_OCR与考点.md),,rapidocr,6
2025,数学,贵州,新高考,2024,地方/区域卷,local,新高考全国Ⅱ卷,done,[打开试卷](../../papers/2025/数学/全国/新高考全国Ⅱ卷/2025_数学_新高考全国Ⅱ卷_原卷.pdf),[打开Markdown](../../papers/2025/数学/全国/新高考全国Ⅱ卷/2025_数学_新高考全国Ⅱ卷_OCR与考点.md),,rapidocr,6
2025,数学,云南,新高考,2025,地方/区域卷,local,新高考全国Ⅱ卷,done,[打开试卷](../../papers/2025/数学/全国/新高考全国Ⅱ卷/2025_数学_新高考全国Ⅱ卷_原卷.pdf),[打开Markdown](../../papers/2025/数学/全国/新高考全国Ⅱ卷/2025_数学_新高考全国Ⅱ卷_OCR与考点.md),,rapidocr,6
2025,数学,西藏,新高考,,地方/区域卷,local,新高考全国Ⅱ卷,done,[打开试卷](../../papers/2025/数学/全国/新高考全国Ⅱ卷/2025_数学_新高考全国Ⅱ卷_原卷.pdf),[打开Markdown](../../papers/2025/数学/全国/新高考全国Ⅱ卷/2025_数学_新高考全国Ⅱ卷_OCR与考点.md),,rapidocr,6
2025,数学,陕西,新高考,2025,地方/区域卷,local,新高考全国Ⅱ卷,done,[打开试卷](../../papers/2025/数学/全国/新高考全国Ⅱ卷/2025_数学_新高考全国Ⅱ卷_原卷.pdf),[打开Markdown](../../papers/2025/数学/全国/新高考全国Ⅱ卷/2025_数学_新高考全国Ⅱ卷_OCR与考点.md),,rapidocr,6
2025,数学,甘肃,新高考,2024,地方/区域卷,local,新高考全国Ⅰ卷,done,[打开试卷](../../papers/2025/数学/全国/新高考全国Ⅰ卷/2025_数学_新高考全国Ⅰ卷_原卷.pdf),[打开Markdown](../../papers/2025/数学/全国/新高考全国Ⅰ卷/2025_数学_新高考全国Ⅰ卷_OCR与考点.md),,pypdf,30
2025,数学,青海,新高考,2025,地方/区域卷,local,新高考全国Ⅱ卷,done,[打开试卷](../../papers/2025/数学/全国/新高考全国Ⅱ卷/2025_数学_新高考全国Ⅱ卷_原卷.pdf),[打开Markdown](../../papers/2025/数学/全国/新高考全国Ⅱ卷/2025_数学_新高考全国Ⅱ卷_OCR与考点.md),,rapidocr,6
2025,数学,宁夏,新高考,2025,地方/区域卷,local,新高考全国Ⅱ卷,done,[打开试卷](../../papers/2025/数学/全国/新高考全国Ⅱ卷/2025_数学_新高考全国Ⅱ卷_原卷.pdf),[打开Markdown](../../papers/2025/数学/全国/新高考全国Ⅱ卷/2025_数学_新高考全国Ⅱ卷_OCR与考点.md),,rapidocr,6
2025,数学,新疆,新高考,,地方/区域卷,local,新高考全国Ⅱ卷,done,[打开试卷](../../papers/2025/数学/全国/新高考全国Ⅱ卷/2025_数学_新高考全国Ⅱ卷_原卷.pdf),[打开Markdown](../../papers/2025/数学/全国/新高考全国Ⅱ卷/2025_数学_新高考全国Ⅱ卷_OCR与考点.md),,rapidocr,6
2025,英语,北京,新高考,2020,地方/区域卷,local,北京卷,done,[打开试卷](../../papers/2025/英语/北京/北京卷/2025_英语_北京卷_原卷.pdf),[打开Markdown](../../papers/2025/英语/北京/北京卷/2025_英语_北京卷_OCR与考点.md),,pypdf,22
2025,英语,天津,新高考,2020,,missing,,missing,[打开试卷](../../../..),[打开Markdown](../../../..),[打开听力](../../../..),,
2025,英语,河北,新高考,2021,地方/区域卷,local,新高考全国Ⅰ卷,done,[打开试卷](../../papers/2025/英语/全国/新高考全国Ⅰ卷/2025_英语_新高考全国Ⅰ卷_原卷.pdf),[打开Markdown](../../papers/2025/英语/全国/新高考全国Ⅰ卷/2025_英语_新高考全国Ⅰ卷_OCR与考点.md),[打开听力](../../papers/2025/英语/全国/新高考全国Ⅰ卷/2025_英语_新高考全国Ⅰ卷_听力.mp3),pypdf,11
2025,英语,山西,新高考,2025,地方/区域卷,local,新高考全国Ⅱ卷,done,[打开试卷](../../papers/2025/英语/全国/新高考全国Ⅱ卷/2025_英语_新高考全国Ⅱ卷_原卷.pdf),[打开Markdown](../../papers/2025/英语/全国/新高考全国Ⅱ卷/2025_英语_新高考全国Ⅱ卷_OCR与考点.md),[打开听力](../../papers/2025/英语/全国/新高考全国Ⅱ卷/2025_英语_新高考全国Ⅱ卷_听力.mp3),pypdf,
2025,英语,内蒙古,新高考,2025,地方/区域卷,local,新高考全国Ⅱ卷,done,[打开试卷](../../papers/2025/英语/全国/新高考全国Ⅱ卷/2025_英语_新高考全国Ⅱ卷_原卷.pdf),[打开Markdown](../../papers/2025/英语/全国/新高考全国Ⅱ卷/2025_英语_新高考全国Ⅱ卷_OCR与考点.md),[打开听力](../../papers/2025/英语/全国/新高考全国Ⅱ卷/2025_英语_新高考全国Ⅱ卷_听力.mp3),pypdf,
2025,英语,辽宁,新高考,2021,地方/区域卷,local,新高考全国Ⅱ卷,done,[打开试卷](../../papers/2025/英语/全国/新高考全国Ⅱ卷/2025_英语_新高考全国Ⅱ卷_原卷.pdf),[打开Markdown](../../papers/2025/英语/全国/新高考全国Ⅱ卷/2025_英语_新高考全国Ⅱ卷_OCR与考点.md),[打开听力](../../papers/2025/英语/全国/新高考全国Ⅱ卷/2025_英语_新高考全国Ⅱ卷_听力.mp3),pypdf,
2025,英语,吉林,新高考,2024,地方/区域卷,local,新高考全国Ⅱ卷,done,[打开试卷](../../papers/2025/英语/全国/新高考全国Ⅱ卷/2025_英语_新高考全国Ⅱ卷_原卷.pdf),[打开Markdown](../../papers/2025/英语/全国/新高考全国Ⅱ卷/2025_英语_新高考全国Ⅱ卷_OCR与考点.md),[打开听力](../../papers/2025/英语/全国/新高考全国Ⅱ卷/2025_英语_新高考全国Ⅱ卷_听力.mp3),pypdf,
2025,英语,黑龙江,新高考,2024,地方/区域卷,local,新高考全国Ⅱ卷,done,[打开试卷](../../papers/2025/英语/全国/新高考全国Ⅱ卷/2025_英语_新高考全国Ⅱ卷_原卷.pdf),[打开Markdown](../../papers/2025/英语/全国/新高考全国Ⅱ卷/2025_英语_新高考全国Ⅱ卷_OCR与考点.md),[打开听力](../../papers/2025/英语/全国/新高考全国Ⅱ卷/2025_英语_新高考全国Ⅱ卷_听力.mp3),pypdf,
2025,英语,上海,新高考,2017,,missing,,missing,[打开试卷](../../../..),[打开Markdown](../../../..),[打开听力](../../../..),,
2025,英语,江苏,新高考,2021,地方/区域卷,local,新高考全国Ⅰ卷,done,[打开试卷](../../papers/2025/英语/全国/新高考全国Ⅰ卷/2025_英语_新高考全国Ⅰ卷_原卷.pdf),[打开Markdown](../../papers/2025/英语/全国/新高考全国Ⅰ卷/2025_英语_新高考全国Ⅰ卷_OCR与考点.md),[打开听力](../../papers/2025/英语/全国/新高考全国Ⅰ卷/2025_英语_新高考全国Ⅰ卷_听力.mp3),pypdf,11
2025,英语,浙江,新高考,2017,地方/区域卷,local,新高考全国Ⅰ卷,done,[打开试卷](../../papers/2025/英语/全国/新高考全国Ⅰ卷/2025_英语_新高考全国Ⅰ卷_原卷.pdf),[打开Markdown](../../papers/2025/英语/全国/新高考全国Ⅰ卷/2025_英语_新高考全国Ⅰ卷_OCR与考点.md),[打开听力](../../papers/2025/英语/全国/新高考全国Ⅰ卷/2025_英语_新高考全国Ⅰ卷_听力.mp3),pypdf,11
2025,英语,安徽,新高考,2024,地方/区域卷,local,新高考全国Ⅰ卷,done,[打开试卷](../../papers/2025/英语/全国/新高考全国Ⅰ卷/2025_英语_新高考全国Ⅰ卷_原卷.pdf),[打开Markdown](../../papers/2025/英语/全国/新高考全国Ⅰ卷/2025_英语_新高考全国Ⅰ卷_OCR与考点.md),[打开听力](../../papers/2025/英语/全国/新高考全国Ⅰ卷/2025_英语_新高考全国Ⅰ卷_听力.mp3),pypdf,11
2025,英语,福建,新高考,2021,地方/区域卷,local,新高考全国Ⅰ卷,done,[打开试卷](../../papers/2025/英语/全国/新高考全国Ⅰ卷/2025_英语_新高考全国Ⅰ卷_原卷.pdf),[打开Markdown](../../papers/2025/英语/全国/新高考全国Ⅰ卷/2025_英语_新高考全国Ⅰ卷_OCR与考点.md),[打开听力](../../papers/2025/英语/全国/新高考全国Ⅰ卷/2025_英语_新高考全国Ⅰ卷_听力.mp3),pypdf,11
2025,英语,江西,新高考,2024,地方/区域卷,local,新高考全国Ⅰ卷,done,[打开试卷](../../papers/2025/英语/全国/新高考全国Ⅰ卷/2025_英语_新高考全国Ⅰ卷_原卷.pdf),[打开Markdown](../../papers/2025/英语/全国/新高考全国Ⅰ卷/2025_英语_新高考全国Ⅰ卷_OCR与考点.md),[打开听力](../../papers/2025/英语/全国/新高考全国Ⅰ卷/2025_英语_新高考全国Ⅰ卷_听力.mp3),pypdf,11
2025,英语,山东,新高考,2020,地方/区域卷,local,新高考全国Ⅰ卷,done,[打开试卷](../../papers/2025/英语/全国/新高考全国Ⅰ卷/2025_英语_新高考全国Ⅰ卷_原卷.pdf),[打开Markdown](../../papers/2025/英语/全国/新高考全国Ⅰ卷/2025_英语_新高考全国Ⅰ卷_OCR与考点.md),[打开听力](../../papers/2025/英语/全国/新高考全国Ⅰ卷/2025_英语_新高考全国Ⅰ卷_听力.mp3),pypdf,11
2025,英语,河南,新高考,2025,地方/区域卷,local,新高考全国Ⅰ卷,done,[打开试卷](../../papers/2025/英语/全国/新高考全国Ⅰ卷/2025_英语_新高考全国Ⅰ卷_原卷.pdf),[打开Markdown](../../papers/2025/英语/全国/新高考全国Ⅰ卷/2025_英语_新高考全国Ⅰ卷_OCR与考点.md),[打开听力](../../papers/2025/英语/全国/新高考全国Ⅰ卷/2025_英语_新高考全国Ⅰ卷_听力.mp3),pypdf,11
2025,英语,湖北,新高考,2021,地方/区域卷,local,新高考全国Ⅰ卷,done,[打开试卷](../../papers/2025/英语/全国/新高考全国Ⅰ卷/2025_英语_新高考全国Ⅰ卷_原卷.pdf),[打开Markdown](../../papers/2025/英语/全国/新高考全国Ⅰ卷/2025_英语_新高考全国Ⅰ卷_OCR与考点.md),[打开听力](../../papers/2025/英语/全国/新高考全国Ⅰ卷/2025_英语_新高考全国Ⅰ卷_听力.mp3),pypdf,11
2025,英语,湖南,新高考,2021,地方/区域卷,local,新高考全国Ⅰ卷,done,[打开试卷](../../papers/2025/英语/全国/新高考全国Ⅰ卷/2025_英语_新高考全国Ⅰ卷_原卷.pdf),[打开Markdown](../../papers/2025/英语/全国/新高考全国Ⅰ卷/2025_英语_新高考全国Ⅰ卷_OCR与考点.md),[打开听力](../../papers/2025/英语/全国/新高考全国Ⅰ卷/2025_英语_新高考全国Ⅰ卷_听力.mp3),pypdf,11
2025,英语,广东,新高考,2021,地方/区域卷,local,新高考全国Ⅰ卷,done,[打开试卷](../../papers/2025/英语/全国/新高考全国Ⅰ卷/2025_英语_新高考全国Ⅰ卷_原卷.pdf),[打开Markdown](../../papers/2025/英语/全国/新高考全国Ⅰ卷/2025_英语_新高考全国Ⅰ卷_OCR与考点.md),[打开听力](../../papers/2025/英语/全国/新高考全国Ⅰ卷/2025_英语_新高考全国Ⅰ卷_听力.mp3),pypdf,11
2025,英语,广西,新高考,2024,地方/区域卷,local,新高考全国Ⅱ卷,done,[打开试卷](../../papers/2025/英语/全国/新高考全国Ⅱ卷/2025_英语_新高考全国Ⅱ卷_原卷.pdf),[打开Markdown](../../papers/2025/英语/全国/新高考全国Ⅱ卷/2025_英语_新高考全国Ⅱ卷_OCR与考点.md),[打开听力](../../papers/2025/英语/全国/新高考全国Ⅱ卷/2025_英语_新高考全国Ⅱ卷_听力.mp3),pypdf,
2025,英语,海南,新高考,2020,地方/区域卷,local,新高考全国Ⅱ卷,done,[打开试卷](../../papers/2025/英语/全国/新高考全国Ⅱ卷/2025_英语_新高考全国Ⅱ卷_原卷.pdf),[打开Markdown](../../papers/2025/英语/全国/新高考全国Ⅱ卷/2025_英语_新高考全国Ⅱ卷_OCR与考点.md),[打开听力](../../papers/2025/英语/全国/新高考全国Ⅱ卷/2025_英语_新高考全国Ⅱ卷_听力.mp3),pypdf,
2025,英语,重庆,新高考,2021,地方/区域卷,local,新高考全国Ⅱ卷,done,[打开试卷](../../papers/2025/英语/全国/新高考全国Ⅱ卷/2025_英语_新高考全国Ⅱ卷_原卷.pdf),[打开Markdown](../../papers/2025/英语/全国/新高考全国Ⅱ卷/2025_英语_新高考全国Ⅱ卷_OCR与考点.md),[打开听力](../../papers/2025/英语/全国/新高考全国Ⅱ卷/2025_英语_新高考全国Ⅱ卷_听力.mp3),pypdf,
2025,英语,四川,新高考,2025,地方/区域卷,local,新高考全国Ⅱ卷,done,[打开试卷](../../papers/2025/英语/全国/新高考全国Ⅱ卷/2025_英语_新高考全国Ⅱ卷_原卷.pdf),[打开Markdown](../../papers/2025/英语/全国/新高考全国Ⅱ卷/2025_英语_新高考全国Ⅱ卷_OCR与考点.md),[打开听力](../../papers/2025/英语/全国/新高考全国Ⅱ卷/2025_英语_新高考全国Ⅱ卷_听力.mp3),pypdf,
2025,英语,贵州,新高考,2024,地方/区域卷,local,新高考全国Ⅱ卷,done,[打开试卷](../../papers/2025/英语/全国/新高考全国Ⅱ卷/2025_英语_新高考全国Ⅱ卷_原卷.pdf),[打开Markdown](../../papers/2025/英语/全国/新高考全国Ⅱ卷/2025_英语_新高考全国Ⅱ卷_OCR与考点.md),[打开听力](../../papers/2025/英语/全国/新高考全国Ⅱ卷/2025_英语_新高考全国Ⅱ卷_听力.mp3),pypdf,
2025,英语,云南,新高考,2025,地方/区域卷,local,新高考全国Ⅱ卷,done,[打开试卷](../../papers/2025/英语/全国/新高考全国Ⅱ卷/2025_英语_新高考全国Ⅱ卷_原卷.pdf),[打开Markdown](../../papers/2025/英语/全国/新高考全国Ⅱ卷/2025_英语_新高考全国Ⅱ卷_OCR与考点.md),[打开听力](../../papers/2025/英语/全国/新高考全国Ⅱ卷/2025_英语_新高考全国Ⅱ卷_听力.mp3),pypdf,
2025,英语,西藏,新高考,,全国卷,common,新高考全国Ⅱ卷,done,[打开试卷](../../papers/2025/英语/全国/新高考全国Ⅱ卷/2025_英语_新高考全国Ⅱ卷_原卷.pdf),[打开Markdown](../../papers/2025/英语/全国/新高考全国Ⅱ卷/2025_英语_新高考全国Ⅱ卷_OCR与考点.md),[打开听力](../../papers/2025/英语/全国/新高考全国Ⅱ卷/2025_英语_新高考全国Ⅱ卷_听力.mp3),pypdf,
2025,英语,陕西,新高考,2025,地方/区域卷,local,新高考全国Ⅱ卷,done,[打开试卷](../../papers/2025/英语/全国/新高考全国Ⅱ卷/2025_英语_新高考全国Ⅱ卷_原卷.pdf),[打开Markdown](../../papers/2025/英语/全国/新高考全国Ⅱ卷/2025_英语_新高考全国Ⅱ卷_OCR与考点.md),[打开听力](../../papers/2025/英语/全国/新高考全国Ⅱ卷/2025_英语_新高考全国Ⅱ卷_听力.mp3),pypdf,
2025,英语,甘肃,新高考,2024,地方/区域卷,local,新高考全国Ⅱ卷,done,[打开试卷](../../papers/2025/英语/全国/新高考全国Ⅱ卷/2025_英语_新高考全国Ⅱ卷_原卷.pdf),[打开Markdown](../../papers/2025/英语/全国/新高考全国Ⅱ卷/2025_英语_新高考全国Ⅱ卷_OCR与考点.md),[打开听力](../../papers/2025/英语/全国/新高考全国Ⅱ卷/2025_英语_新高考全国Ⅱ卷_听力.mp3),pypdf,
2025,英语,青海,新高考,2025,地方/区域卷,local,新高考全国Ⅱ卷,done,[打开试卷](../../papers/2025/英语/全国/新高考全国Ⅱ卷/2025_英语_新高考全国Ⅱ卷_原卷.pdf),[打开Markdown](../../papers/2025/英语/全国/新高考全国Ⅱ卷/2025_英语_新高考全国Ⅱ卷_OCR与考点.md),[打开听力](../../papers/2025/英语/全国/新高考全国Ⅱ卷/2025_英语_新高考全国Ⅱ卷_听力.mp3),pypdf,
2025,英语,宁夏,新高考,2025,地方/区域卷,local,新高考全国Ⅱ卷,done,[打开试卷](../../papers/2025/英语/全国/新高考全国Ⅱ卷/2025_英语_新高考全国Ⅱ卷_原卷.pdf),[打开Markdown](../../papers/2025/英语/全国/新高考全国Ⅱ卷/2025_英语_新高考全国Ⅱ卷_OCR与考点.md),[打开听力](../../papers/2025/英语/全国/新高考全国Ⅱ卷/2025_英语_新高考全国Ⅱ卷_听力.mp3),pypdf,
2025,英语,新疆,新高考,,地方/区域卷,local,新高考全国Ⅱ卷,done,[打开试卷](../../papers/2025/英语/全国/新高考全国Ⅱ卷/2025_英语_新高考全国Ⅱ卷_原卷.pdf),[打开Markdown](../../papers/2025/英语/全国/新高考全国Ⅱ卷/2025_英语_新高考全国Ⅱ卷_OCR与考点.md),[打开听力](../../papers/2025/英语/全国/新高考全国Ⅱ卷/2025_英语_新高考全国Ⅱ卷_听力.mp3),pypdf,
2025,物理,北京,新高考,2020,地方/区域卷,local,北京卷,done,[打开试卷](../../papers/2025/物理/北京/北京卷/2025_物理_北京卷_原卷.pdf),[打开Markdown](../../papers/2025/物理/北京/北京卷/2025_物理_北京卷_OCR与考点.md),,pypdf,20
2025,物理,天津,新高考,2020,,missing,,missing,[打开试卷](../../../..),[打开Markdown](../../../..),[打开听力](../../../..),,
2025,物理,河北,新高考,2021,地方/区域卷,local,河北卷,done,[打开试卷](../../papers/2025/物理/河北/河北卷/2025_物理_河北卷_原卷.pdf),[打开Markdown](../../papers/2025/物理/河北/河北卷/2025_物理_河北卷_OCR与考点.md),,pypdf,16
2025,物理,山西,新高考,2025,地方/区域卷,local,山西卷,done,[打开试卷](../../papers/2025/物理/山西/山西卷/2025_物理_山西卷_原卷.pdf),[打开Markdown](../../papers/2025/物理/山西/山西卷/2025_物理_山西卷_OCR与考点.md),,pypdf,15
2025,物理,内蒙古,新高考,2025,地方/区域卷,local,内蒙古卷,done,[打开试卷](../../papers/2025/物理/内蒙古/内蒙古卷/2025_物理_内蒙古卷_原卷.pdf),[打开Markdown](../../papers/2025/物理/内蒙古/内蒙古卷/2025_物理_内蒙古卷_OCR与考点.md),,pypdf,13
2025,物理,辽宁,新高考,2021,地方/区域卷,local,内蒙古卷,done,[打开试卷](../../papers/2025/物理/辽宁/内蒙古卷/2025_物理_辽宁内蒙古卷_原卷.pdf),[打开Markdown](../../papers/2025/物理/辽宁/内蒙古卷/2025_物理_辽宁内蒙古卷_OCR与考点.md),,pypdf,13
2025,物理,吉林,新高考,2024,地方/区域卷,local,内蒙古卷,done,[打开试卷](../../papers/2025/物理/吉林/内蒙古卷/2025_物理_吉林内蒙古卷_原卷.pdf),[打开Markdown](../../papers/2025/物理/吉林/内蒙古卷/2025_物理_吉林内蒙古卷_OCR与考点.md),,pypdf,13
2025,物理,黑龙江,新高考,2024,地方/区域卷,local,内蒙古卷,done,[打开试卷](../../papers/2025/物理/黑龙江/内蒙古卷/2025_物理_黑龙江内蒙古卷_原卷.pdf),[打开Markdown](../../papers/2025/物理/黑龙江/内蒙古卷/2025_物理_黑龙江内蒙古卷_OCR与考点.md),,rapidocr,16
2025,物理,上海,新高考,2017,地方/区域卷,local,上海卷,done,[打开试卷](../../papers/2025/物理/上海/上海卷/2025_物理_上海卷_原卷.pdf),[打开Markdown](../../papers/2025/物理/上海/上海卷/2025_物理_上海卷_OCR与考点.md),,pypdf,9
2025,物理,江苏,新高考,2021,地方/区域卷,local,江苏卷,done,[打开试卷](../../papers/2025/物理/江苏/江苏卷/2025_物理_江苏卷_原卷.pdf),[打开Markdown](../../papers/2025/物理/江苏/江苏卷/2025_物理_江苏卷_OCR与考点.md),,rapidocr,14
2025,物理,浙江,新高考,2017,地方/区域卷,local,浙江卷,missing,[打开试卷](../../../..),[打开Markdown](../../../..),[打开听力](../../../..),,
2025,物理,安徽,新高考,2024,地方/区域卷,local,安徽卷,done,[打开试卷](../../papers/2025/物理/安徽/安徽卷/2025_物理_安徽卷_原卷.pdf),[打开Markdown](../../papers/2025/物理/安徽/安徽卷/2025_物理_安徽卷_OCR与考点.md),,pypdf,9
2025,物理,福建,新高考,2021,地方/区域卷,local,福建卷,done,[打开试卷](../../papers/2025/物理/福建/福建卷/2025_物理_福建卷_原卷.pdf),[打开Markdown](../../papers/2025/物理/福建/福建卷/2025_物理_福建卷_OCR与考点.md),,rapidocr,2
2025,物理,江西,新高考,2024,地方/区域卷,local,江西卷,done,[打开试卷](../../papers/2025/物理/江西/江西卷/2025_物理_江西卷_原卷.pdf),[打开Markdown](../../papers/2025/物理/江西/江西卷/2025_物理_江西卷_OCR与考点.md),,rapidocr,7
2025,物理,山东,新高考,2020,地方/区域卷,local,山东卷,done,[打开试卷](../../papers/2025/物理/山东/山东卷/2025_物理_山东卷_原卷.pdf),[打开Markdown](../../papers/2025/物理/山东/山东卷/2025_物理_山东卷_OCR与考点.md),,pypdf,20
2025,物理,河南,新高考,2025,地方/区域卷,local,河南卷,done,[打开试卷](../../papers/2025/物理/河南/河南卷/2025_物理_河南卷_原卷.pdf),[打开Markdown](../../papers/2025/物理/河南/河南卷/2025_物理_河南卷_OCR与考点.md),,rapidocr,7
2025,物理,湖北,新高考,2021,地方/区域卷,local,湖北卷,done,[打开试卷](../../papers/2025/物理/湖北/湖北卷/2025_物理_湖北卷_原卷.pdf),[打开Markdown](../../papers/2025/物理/湖北/湖北卷/2025_物理_湖北卷_OCR与考点.md),,rapidocr,5
2025,物理,湖南,新高考,2021,地方/区域卷,local,湖南卷,done,[打开试卷](../../papers/2025/物理/湖南/湖南卷/2025_物理_湖南卷_原卷.pdf),[打开Markdown](../../papers/2025/物理/湖南/湖南卷/2025_物理_湖南卷_OCR与考点.md),,pypdf,10
2025,物理,广东,新高考,2021,地方/区域卷,local,广东卷,done,[打开试卷](../../papers/2025/物理/广东/广东卷/2025_物理_广东卷_原卷.pdf),[打开Markdown](../../papers/2025/物理/广东/广东卷/2025_物理_广东卷_OCR与考点.md),,rapidocr,3
2025,物理,广西,新高考,2024,地方/区域卷,local,广西卷,done,[打开试卷](../../papers/2025/物理/广西/广西卷/2025_物理_广西卷_原卷.pdf),[打开Markdown](../../papers/2025/物理/广西/广西卷/2025_物理_广西卷_OCR与考点.md),,pypdf,11
2025,物理,海南,新高考,2020,地方/区域卷,local,海南卷,done,[打开试卷](../../papers/2025/物理/海南/海南卷/2025_物理_海南卷_原卷.pdf),[打开Markdown](../../papers/2025/物理/海南/海南卷/2025_物理_海南卷_OCR与考点.md),,pypdf,7
2025,物理,重庆,新高考,2021,地方/区域卷,local,重庆卷,done,[打开试卷](../../papers/2025/物理/重庆/重庆卷/2025_物理_重庆卷_原卷.pdf),[打开Markdown](../../papers/2025/物理/重庆/重庆卷/2025_物理_重庆卷_OCR与考点.md),,pypdf,16
2025,物理,四川,新高考,2025,地方/区域卷,local,四川卷,done,[打开试卷](../../papers/2025/物理/四川/四川卷/2025_物理_四川卷_原卷.pdf),[打开Markdown](../../papers/2025/物理/四川/四川卷/2025_物理_四川卷_OCR与考点.md),,pypdf,
2025,物理,贵州,新高考,2024,,missing,,missing,[打开试卷](../../../..),[打开Markdown](../../../..),[打开听力](../../../..),,
2025,物理,云南,新高考,2025,地方/区域卷,local,云南卷,done,[打开试卷](../../papers/2025/物理/云南/云南卷/2025_物理_云南卷_原卷.pdf),[打开Markdown](../../papers/2025/物理/云南/云南卷/2025_物理_云南卷_OCR与考点.md),,pypdf,8
2025,物理,陕西,新高考,2025,地方/区域卷,local,山西卷,done,[打开试卷](../../papers/2025/物理/陕西/山西卷/2025_物理_陕西山西卷_原卷.pdf),[打开Markdown](../../papers/2025/物理/陕西/山西卷/2025_物理_陕西山西卷_OCR与考点.md),,pypdf,15
2025,物理,甘肃,新高考,2024,地方/区域卷,local,甘肃卷,done,[打开试卷](../../papers/2025/物理/甘肃/甘肃卷/2025_物理_甘肃卷_原卷.pdf),[打开Markdown](../../papers/2025/物理/甘肃/甘肃卷/2025_物理_甘肃卷_OCR与考点.md),,pypdf,17
2025,物理,青海,新高考,2025,地方/区域卷,local,山西卷,done,[打开试卷](../../papers/2025/物理/青海/山西卷/2025_物理_青海山西卷_原卷.pdf),[打开Markdown](../../papers/2025/物理/青海/山西卷/2025_物理_青海山西卷_OCR与考点.md),,pypdf,15
2025,物理,宁夏,新高考,2025,地方/区域卷,local,山西卷,done,[打开试卷](../../papers/2025/物理/宁夏/山西卷/2025_物理_宁夏山西卷_原卷.pdf),[打开Markdown](../../papers/2025/物理/宁夏/山西卷/2025_物理_宁夏山西卷_OCR与考点.md),,pypdf,15
2025,化学,北京,新高考,2020,地方/区域卷,local,北京卷,done,[打开试卷](../../papers/2025/化学/北京/北京卷/2025_化学_北京卷_原卷.pdf),[打开Markdown](../../papers/2025/化学/北京/北京卷/2025_化学_北京卷_OCR与考点.md),,rapidocr,3
2025,化学,天津,新高考,2020,,missing,,missing,[打开试卷](../../../..),[打开Markdown](../../../..),[打开听力](../../../..),,
2025,化学,河北,新高考,2021,地方/区域卷,local,河北卷,done,[打开试卷](../../papers/2025/化学/河北/河北卷/2025_化学_河北卷_原卷.pdf),[打开Markdown](../../papers/2025/化学/河北/河北卷/2025_化学_河北卷_OCR与考点.md),,pypdf,22
2025,化学,山西,新高考,2025,地方/区域卷,local,山西卷,done,[打开试卷](../../papers/2025/化学/山西/山西卷/2025_化学_山西卷_原卷.pdf),[打开Markdown](../../papers/2025/化学/山西/山西卷/2025_化学_山西卷_OCR与考点.md),,rapidocr,8
2025,化学,内蒙古,新高考,2025,地方/区域卷,local,内蒙古卷,done,[打开试卷](../../papers/2025/化学/内蒙古/内蒙古卷/2025_化学_内蒙古卷_原卷.pdf),[打开Markdown](../../papers/2025/化学/内蒙古/内蒙古卷/2025_化学_内蒙古卷_OCR与考点.md),,pypdf,9
2025,化学,辽宁,新高考,2021,地方/区域卷,local,辽宁卷,done,[打开试卷](../../papers/2025/化学/辽宁/辽宁卷/2025_化学_辽宁卷_原卷.pdf),[打开Markdown](../../papers/2025/化学/辽宁/辽宁卷/2025_化学_辽宁卷_OCR与考点.md),,pypdf,9
2025,化学,吉林,新高考,2024,地方/区域卷,local,吉林卷,done,[打开试卷](../../papers/2025/化学/吉林/吉林卷/2025_化学_吉林卷_原卷.pdf),[打开Markdown](../../papers/2025/化学/吉林/吉林卷/2025_化学_吉林卷_OCR与考点.md),,pypdf,9
2025,化学,黑龙江,新高考,2024,地方/区域卷,local,黑龙江卷,done,[打开试卷](../../papers/2025/化学/黑龙江/黑龙江卷/2025_化学_黑龙江卷_原卷.pdf),[打开Markdown](../../papers/2025/化学/黑龙江/黑龙江卷/2025_化学_黑龙江卷_OCR与考点.md),,pypdf,9
2025,化学,上海,新高考,2017,地方/区域卷,local,上海卷,done,[打开试卷](../../papers/2025/化学/上海/上海卷/2025_化学_上海卷_原卷.pdf),[打开Markdown](../../papers/2025/化学/上海/上海卷/2025_化学_上海卷_OCR与考点.md),,pypdf,10
2025,化学,江苏,新高考,2021,地方/区域卷,local,江苏卷,done,[打开试卷](../../papers/2025/化学/江苏/江苏卷/2025_化学_江苏卷_原卷.pdf),[打开Markdown](../../papers/2025/化学/江苏/江苏卷/2025_化学_江苏卷_OCR与考点.md),,pypdf,14
2025,化学,浙江,新高考,2017,地方/区域卷,local,浙江卷,done,[打开试卷](../../papers/2025/化学/浙江/浙江卷/2025_化学_浙江卷_原卷.pdf),[打开Markdown](../../papers/2025/化学/浙江/浙江卷/2025_化学_浙江卷_OCR与考点.md),,rapidocr,5
2025,化学,安徽,新高考,2024,地方/区域卷,local,安徽卷,done,[打开试卷](../../papers/2025/化学/安徽/安徽卷/2025_化学_安徽卷_原卷.pdf),[打开Markdown](../../papers/2025/化学/安徽/安徽卷/2025_化学_安徽卷_OCR与考点.md),,pypdf,8
2025,化学,福建,新高考,2021,地方/区域卷,local,福建卷,done,[打开试卷](../../papers/2025/化学/福建/福建卷/2025_化学_福建卷_原卷.pdf),[打开Markdown](../../papers/2025/化学/福建/福建卷/2025_化学_福建卷_OCR与考点.md),,rapidocr,4
2025,化学,江西,新高考,2024,地方/区域卷,local,江西卷,missing,[打开试卷](../../../..),[打开Markdown](../../../..),[打开听力](../../../..),,
2025,化学,山东,新高考,2020,地方/区域卷,local,山东卷,done,[打开试卷](../../papers/2025/化学/山东/山东卷/2025_化学_山东卷_原卷.pdf),[打开Markdown](../../papers/2025/化学/山东/山东卷/2025_化学_山东卷_OCR与考点.md),,pypdf,10
2025,化学,河南,新高考,2025,地方/区域卷,local,河南卷,done,[打开试卷](../../papers/2025/化学/河南/河南卷/2025_化学_河南卷_原卷.pdf),[打开Markdown](../../papers/2025/化学/河南/河南卷/2025_化学_河南卷_OCR与考点.md),,rapidocr,10
2025,化学,湖北,新高考,2021,地方/区域卷,local,湖北卷,done,[打开试卷](../../papers/2025/化学/湖北/湖北卷/2025_化学_湖北卷_原卷.pdf),[打开Markdown](../../papers/2025/化学/湖北/湖北卷/2025_化学_湖北卷_OCR与考点.md),,rapidocr,8
2025,化学,湖南,新高考,2021,地方/区域卷,local,湖南卷,done,[打开试卷](../../papers/2025/化学/湖南/湖南卷/2025_化学_湖南卷_原卷.pdf),[打开Markdown](../../papers/2025/化学/湖南/湖南卷/2025_化学_湖南卷_OCR与考点.md),,pypdf,24
2025,化学,广东,新高考,2021,地方/区域卷,local,广东卷,done,[打开试卷](../../papers/2025/化学/广东/广东卷/2025_化学_广东卷_原卷.pdf),[打开Markdown](../../papers/2025/化学/广东/广东卷/2025_化学_广东卷_OCR与考点.md),,rapidocr,3
2025,化学,广西,新高考,2024,,missing,,missing,[打开试卷](../../../..),[打开Markdown](../../../..),[打开听力](../../../..),,
2025,化学,海南,新高考,2020,,missing,,missing,[打开试卷](../../../..),[打开Markdown](../../../..),[打开听力](../../../..),,
2025,化学,重庆,新高考,2021,地方/区域卷,local,重庆卷,done,[打开试卷](../../papers/2025/化学/重庆/重庆卷/2025_化学_重庆卷_原卷.pdf),[打开Markdown](../../papers/2025/化学/重庆/重庆卷/2025_化学_重庆卷_OCR与考点.md),,pypdf,21
2025,化学,四川,新高考,2025,地方/区域卷,local,四川卷,done,[打开试卷](../../papers/2025/化学/四川/四川卷/2025_化学_四川卷_原卷.pdf),[打开Markdown](../../papers/2025/化学/四川/四川卷/2025_化学_四川卷_OCR与考点.md),,rapidocr,
2025,化学,贵州,新高考,2024,,missing,,missing,[打开试卷](../../../..),[打开Markdown](../../../..),[打开听力](../../../..),,
2025,化学,云南,新高考,2025,地方/区域卷,local,云南卷,done,[打开试卷](../../papers/2025/化学/云南/云南卷/2025_化学_云南卷_原卷.pdf),[打开Markdown](../../papers/2025/化学/云南/云南卷/2025_化学_云南卷_OCR与考点.md),,rapidocr,4
2025,化学,陕西,新高考,2025,地方/区域卷,local,山西卷,done,[打开试卷](../../papers/2025/化学/陕西/山西卷/2025_化学_陕西山西卷_原卷.pdf),[打开Markdown](../../papers/2025/化学/陕西/山西卷/2025_化学_陕西山西卷_OCR与考点.md),,rapidocr,8
2025,化学,甘肃,新高考,2024,地方/区域卷,local,甘肃卷,done,[打开试卷](../../papers/2025/化学/甘肃/甘肃卷/2025_化学_甘肃卷_原卷.pdf),[打开Markdown](../../papers/2025/化学/甘肃/甘肃卷/2025_化学_甘肃卷_OCR与考点.md),,pypdf,8
2025,化学,青海,新高考,2025,地方/区域卷,local,山西卷,done,[打开试卷](../../papers/2025/化学/青海/山西卷/2025_化学_青海山西卷_原卷.pdf),[打开Markdown](../../papers/2025/化学/青海/山西卷/2025_化学_青海山西卷_OCR与考点.md),,rapidocr,8
2025,化学,宁夏,新高考,2025,地方/区域卷,local,山西卷,done,[打开试卷](../../papers/2025/化学/宁夏/山西卷/2025_化学_宁夏山西卷_原卷.pdf),[打开Markdown](../../papers/2025/化学/宁夏/山西卷/2025_化学_宁夏山西卷_OCR与考点.md),,rapidocr,8
2025,生物,北京,新高考,2020,地方/区域卷,local,北京卷,done,[打开试卷](../../papers/2025/生物/北京/北京卷/2025_生物_北京卷_原卷.pdf),[打开Markdown](../../papers/2025/生物/北京/北京卷/2025_生物_北京卷_OCR与考点.md),,pypdf,24
2025,生物,天津,新高考,2020,,missing,,missing,[打开试卷](../../../..),[打开Markdown](../../../..),[打开听力](../../../..),,
2025,生物,河北,新高考,2021,地方/区域卷,local,河北卷,done,[打开试卷](../../papers/2025/生物/河北/河北卷/2025_生物_河北卷_原卷.pdf),[打开Markdown](../../papers/2025/生物/河北/河北卷/2025_生物_河北卷_OCR与考点.md),,pypdf,24
2025,生物,山西,新高考,2025,地方/区域卷,local,山西卷,done,[打开试卷](../../papers/2025/生物/山西/山西卷/2025_生物_山西卷_原卷.pdf),[打开Markdown](../../papers/2025/生物/山西/山西卷/2025_生物_山西卷_OCR与考点.md),,pypdf,21
2025,生物,内蒙古,新高考,2025,地方/区域卷,local,内蒙古卷,done,[打开试卷](../../papers/2025/生物/内蒙古/内蒙古卷/2025_生物_内蒙古卷_原卷.pdf),[打开Markdown](../../papers/2025/生物/内蒙古/内蒙古卷/2025_生物_内蒙古卷_OCR与考点.md),,pypdf,27
2025,生物,辽宁,新高考,2021,地方/区域卷,local,内蒙古卷,done,[打开试卷](../../papers/2025/生物/辽宁/内蒙古卷/2025_生物_辽宁内蒙古卷_原卷.pdf),[打开Markdown](../../papers/2025/生物/辽宁/内蒙古卷/2025_生物_辽宁内蒙古卷_OCR与考点.md),,pypdf,27
2025,生物,吉林,新高考,2024,地方/区域卷,local,内蒙古卷,done,[打开试卷](../../papers/2025/生物/吉林/内蒙古卷/2025_生物_吉林内蒙古卷_原卷.pdf),[打开Markdown](../../papers/2025/生物/吉林/内蒙古卷/2025_生物_吉林内蒙古卷_OCR与考点.md),,pypdf,27
2025,生物,黑龙江,新高考,2024,地方/区域卷,local,内蒙古卷,done,[打开试卷](../../papers/2025/生物/黑龙江/内蒙古卷/2025_生物_黑龙江内蒙古卷_原卷.pdf),[打开Markdown](../../papers/2025/生物/黑龙江/内蒙古卷/2025_生物_黑龙江内蒙古卷_OCR与考点.md),,pypdf,27
2025,生物,上海,新高考,2017,,missing,,missing,[打开试卷](../../../..),[打开Markdown](../../../..),[打开听力](../../../..),,
2025,生物,江苏,新高考,2021,地方/区域卷,local,江苏卷,done,[打开试卷](../../papers/2025/生物/江苏/江苏卷/2025_生物_江苏卷_原卷.pdf),[打开Markdown](../../papers/2025/生物/江苏/江苏卷/2025_生物_江苏卷_OCR与考点.md),,pypdf,14
2025,生物,浙江,新高考,2017,地方/区域卷,local,浙江卷,missing,[打开试卷](../../../..),[打开Markdown](../../../..),[打开听力](../../../..),,
2025,生物,安徽,新高考,2024,地方/区域卷,local,安徽卷,done,[打开试卷](../../papers/2025/生物/安徽/安徽卷/2025_生物_安徽卷_原卷.pdf),[打开Markdown](../../papers/2025/生物/安徽/安徽卷/2025_生物_安徽卷_OCR与考点.md),,rapidocr,8
2025,生物,福建,新高考,2021,地方/区域卷,local,福建卷,missing,[打开试卷](../../../..),[打开Markdown](../../../..),[打开听力](../../../..),,
2025,生物,江西,新高考,2024,,missing,,missing,[打开试卷](../../../..),[打开Markdown](../../../..),[打开听力](../../../..),,
2025,生物,山东,新高考,2020,地方/区域卷,local,山东卷,done,[打开试卷](../../papers/2025/生物/山东/山东卷/2025_生物_山东卷_原卷.pdf),[打开Markdown](../../papers/2025/生物/山东/山东卷/2025_生物_山东卷_OCR与考点.md),,rapidocr,7
2025,生物,河南,新高考,2025,地方/区域卷,local,河南卷,done,[打开试卷](../../papers/2025/生物/河南/河南卷/2025_生物_河南卷_原卷.pdf),[打开Markdown](../../papers/2025/生物/河南/河南卷/2025_生物_河南卷_OCR与考点.md),,pypdf,23
2025,生物,湖北,新高考,2021,地方/区域卷,local,湖北卷,done,[打开试卷](../../papers/2025/生物/湖北/湖北卷/2025_生物_湖北卷_原卷.pdf),[打开Markdown](../../papers/2025/生物/湖北/湖北卷/2025_生物_湖北卷_OCR与考点.md),,pypdf,12
2025,生物,湖南,新高考,2021,地方/区域卷,local,湖南卷,done,[打开试卷](../../papers/2025/生物/湖南/湖南卷/2025_生物_湖南卷_原卷.pdf),[打开Markdown](../../papers/2025/生物/湖南/湖南卷/2025_生物_湖南卷_OCR与考点.md),,pypdf,22
2025,生物,广东,新高考,2021,地方/区域卷,local,广东卷,done,[打开试卷](../../papers/2025/生物/广东/广东卷/2025_生物_广东卷_原卷.pdf),[打开Markdown](../../papers/2025/生物/广东/广东卷/2025_生物_广东卷_OCR与考点.md),,pypdf,23
2025,生物,广西,新高考,2024,,missing,,missing,[打开试卷](../../../..),[打开Markdown](../../../..),[打开听力](../../../..),,
2025,生物,海南,新高考,2020,,missing,,missing,[打开试卷](../../../..),[打开Markdown](../../../..),[打开听力](../../../..),,
2025,生物,重庆,新高考,2021,地方/区域卷,local,重庆卷,missing,[打开试卷](../../../..),[打开Markdown](../../../..),[打开听力](../../../..),,
2025,生物,四川,新高考,2025,地方/区域卷,local,四川卷,done,[打开试卷](../../papers/2025/生物/四川/四川卷/2025_生物_四川卷_原卷.pdf),[打开Markdown](../../papers/2025/生物/四川/四川卷/2025_生物_四川卷_OCR与考点.md),,pypdf,
2025,生物,贵州,新高考,2024,,missing,,missing,[打开试卷](../../../..),[打开Markdown](../../../..),[打开听力](../../../..),,
2025,生物,云南,新高考,2025,地方/区域卷,local,云南卷,done,[打开试卷](../../papers/2025/生物/云南/云南卷/2025_生物_云南卷_原卷.pdf),[打开Markdown](../../papers/2025/生物/云南/云南卷/2025_生物_云南卷_OCR与考点.md),,pypdf,19
2025,生物,陕西,新高考,2025,地方/区域卷,local,山西卷,done,[打开试卷](../../papers/2025/生物/陕西/山西卷/2025_生物_陕西山西卷_原卷.pdf),[打开Markdown](../../papers/2025/生物/陕西/山西卷/2025_生物_陕西山西卷_OCR与考点.md),,pypdf,21
2025,生物,甘肃,新高考,2024,,missing,,missing,[打开试卷](../../../..),[打开Markdown](../../../..),[打开听力](../../../..),,
2025,生物,青海,新高考,2025,地方/区域卷,local,山西卷,done,[打开试卷](../../papers/2025/生物/青海/山西卷/2025_生物_青海山西卷_原卷.pdf),[打开Markdown](../../papers/2025/生物/青海/山西卷/2025_生物_青海山西卷_OCR与考点.md),,pypdf,21
2025,生物,宁夏,新高考,2025,地方/区域卷,local,山西卷,done,[打开试卷](../../papers/2025/生物/宁夏/山西卷/2025_生物_宁夏山西卷_原卷.pdf),[打开Markdown](../../papers/2025/生物/宁夏/山西卷/2025_生物_宁夏山西卷_OCR与考点.md),,pypdf,21
2025,政治,北京,新高考,2020,地方/区域卷,local,北京卷,done,[打开试卷](../../papers/2025/政治/北京/北京卷/2025_政治_北京卷_原卷.pdf),[打开Markdown](../../papers/2025/政治/北京/北京卷/2025_政治_北京卷_OCR与考点.md),,pypdf,26
2025,政治,天津,新高考,2020,地方/区域卷,local,天津卷,missing,[打开试卷](../../../..),[打开Markdown](../../../..),[打开听力](../../../..),,
2025,政治,河北,新高考,2021,地方/区域卷,local,河北卷,done,[打开试卷](../../papers/2025/政治/河北/河北卷/2025_政治_河北卷_原卷.pdf),[打开Markdown](../../papers/2025/政治/河北/河北卷/2025_政治_河北卷_OCR与考点.md),,pypdf,20
2025,政治,山西,新高考,2025,,missing,,missing,[打开试卷](../../../..),[打开Markdown](../../../..),[打开听力](../../../..),,
2025,政治,内蒙古,新高考,2025,地方/区域卷,local,内蒙古卷,done,[打开试卷](../../papers/2025/政治/内蒙古/内蒙古卷/2025_政治_内蒙古卷_原卷.pdf),[打开Markdown](../../papers/2025/政治/内蒙古/内蒙古卷/2025_政治_内蒙古卷_OCR与考点.md),,pypdf,11
2025,政治,辽宁,新高考,2021,地方/区域卷,local,内蒙古卷,done,[打开试卷](../../papers/2025/政治/辽宁/内蒙古卷/2025_政治_辽宁内蒙古卷_原卷.pdf),[打开Markdown](../../papers/2025/政治/辽宁/内蒙古卷/2025_政治_辽宁内蒙古卷_OCR与考点.md),,pypdf,11
2025,政治,吉林,新高考,2024,地方/区域卷,local,内蒙古卷,done,[打开试卷](../../papers/2025/政治/吉林/内蒙古卷/2025_政治_吉林内蒙古卷_原卷.pdf),[打开Markdown](../../papers/2025/政治/吉林/内蒙古卷/2025_政治_吉林内蒙古卷_OCR与考点.md),,pypdf,11
2025,政治,黑龙江,新高考,2024,地方/区域卷,local,内蒙古卷,done,[打开试卷](../../papers/2025/政治/黑龙江/内蒙古卷/2025_政治_黑龙江内蒙古卷_原卷.pdf),[打开Markdown](../../papers/2025/政治/黑龙江/内蒙古卷/2025_政治_黑龙江内蒙古卷_OCR与考点.md),,pypdf,11
2025,政治,上海,新高考,2017,,missing,,missing,[打开试卷](../../../..),[打开Markdown](../../../..),[打开听力](../../../..),,
2025,政治,江苏,新高考,2021,地方/区域卷,local,江苏卷,done,[打开试卷](../../papers/2025/政治/江苏/江苏卷/2025_政治_江苏卷_原卷.pdf),[打开Markdown](../../papers/2025/政治/江苏/江苏卷/2025_政治_江苏卷_OCR与考点.md),,pypdf,11
2025,政治,浙江,新高考,2017,,missing,,missing,[打开试卷](../../../..),[打开Markdown](../../../..),[打开听力](../../../..),,
2025,政治,安徽,新高考,2024,地方/区域卷,local,安徽卷,done,[打开试卷](../../papers/2025/政治/安徽/安徽卷/2025_政治_安徽卷_原卷.pdf),[打开Markdown](../../papers/2025/政治/安徽/安徽卷/2025_政治_安徽卷_OCR与考点.md),,pypdf,20
2025,政治,福建,新高考,2021,地方/区域卷,local,福建卷,missing,[打开试卷](../../../..),[打开Markdown](../../../..),[打开听力](../../../..),,
2025,政治,江西,新高考,2024,地方/区域卷,local,江西卷,missing,[打开试卷](../../../..),[打开Markdown](../../../..),[打开听力](../../../..),,
2025,政治,山东,新高考,2020,地方/区域卷,local,山东卷,done,[打开试卷](../../papers/2025/政治/山东/山东卷/2025_政治_山东卷_原卷.pdf),[打开Markdown](../../papers/2025/政治/山东/山东卷/2025_政治_山东卷_OCR与考点.md),,rapidocr,10
2025,政治,河南,新高考,2025,地方/区域卷,local,河南卷,done,[打开试卷](../../papers/2025/政治/河南/河南卷/2025_政治_河南卷_原卷.pdf),[打开Markdown](../../papers/2025/政治/河南/河南卷/2025_政治_河南卷_OCR与考点.md),,pypdf,19
2025,政治,湖北,新高考,2021,地方/区域卷,local,湖北卷,done,[打开试卷](../../papers/2025/政治/湖北/湖北卷/2025_政治_湖北卷_原卷.pdf),[打开Markdown](../../papers/2025/政治/湖北/湖北卷/2025_政治_湖北卷_OCR与考点.md),,pypdf,19
2025,政治,湖南,新高考,2021,地方/区域卷,local,湖南卷,done,[打开试卷](../../papers/2025/政治/湖南/湖南卷/2025_政治_湖南卷_原卷.pdf),[打开Markdown](../../papers/2025/政治/湖南/湖南卷/2025_政治_湖南卷_OCR与考点.md),,pypdf,20
2025,政治,广东,新高考,2021,地方/区域卷,local,广东卷,done,[打开试卷](../../papers/2025/政治/广东/广东卷/2025_政治_广东卷_原卷.pdf),[打开Markdown](../../papers/2025/政治/广东/广东卷/2025_政治_广东卷_OCR与考点.md),,pypdf,21
2025,政治,广西,新高考,2024,地方/区域卷,local,广西卷,missing,[打开试卷](../../../..),[打开Markdown](../../../..),[打开听力](../../../..),,
2025,政治,海南,新高考,2020,,missing,,missing,[打开试卷](../../../..),[打开Markdown](../../../..),[打开听力](../../../..),,
2025,政治,重庆,新高考,2021,地方/区域卷,local,重庆卷,missing,[打开试卷](../../../..),[打开Markdown](../../../..),[打开听力](../../../..),,
2025,政治,四川,新高考,2025,地方/区域卷,local,四川卷,missing,[打开试卷](../../../..),[打开Markdown](../../../..),[打开听力](../../../..),,
2025,政治,贵州,新高考,2024,地方/区域卷,local,贵州卷,missing,[打开试卷](../../../..),[打开Markdown](../../../..),[打开听力](../../../..),,
2025,政治,云南,新高考,2025,地方/区域卷,local,云南卷,done,[打开试卷](../../papers/2025/政治/云南/云南卷/2025_政治_云南卷_原卷.pdf),[打开Markdown](../../papers/2025/政治/云南/云南卷/2025_政治_云南卷_OCR与考点.md),,pypdf,20
2025,政治,陕西,新高考,2025,,missing,,missing,[打开试卷](../../../..),[打开Markdown](../../../..),[打开听力](../../../..),,
2025,政治,甘肃,新高考,2024,,missing,,missing,[打开试卷](../../../..),[打开Markdown](../../../..),[打开听力](../../../..),,
2025,政治,青海,新高考,2025,,missing,,missing,[打开试卷](../../../..),[打开Markdown](../../../..),[打开听力](../../../..),,
2025,政治,宁夏,新高考,2025,,missing,,missing,[打开试卷](../../../..),[打开Markdown](../../../..),[打开听力](../../../..),,
2025,历史,北京,新高考,2020,地方/区域卷,local,北京卷,done,[打开试卷](../../papers/2025/历史/北京/北京卷/2025_历史_北京卷_原卷.pdf),[打开Markdown](../../papers/2025/历史/北京/北京卷/2025_历史_北京卷_OCR与考点.md),,pypdf,18
2025,历史,天津,新高考,2020,,missing,,missing,[打开试卷](../../../..),[打开Markdown](../../../..),[打开听力](../../../..),,
2025,历史,河北,新高考,2021,地方/区域卷,local,河北卷,missing,[打开试卷](../../../..),[打开Markdown](../../../..),[打开听力](../../../..),,
2025,历史,山西,新高考,2025,地方/区域卷,local,山西卷,done,[打开试卷](../../papers/2025/历史/山西/山西卷/2025_历史_山西卷_原卷.pdf),[打开Markdown](../../papers/2025/历史/山西/山西卷/2025_历史_山西卷_OCR与考点.md),,pypdf,14
2025,历史,内蒙古,新高考,2025,地方/区域卷,local,内蒙古卷,done,[打开试卷](../../papers/2025/历史/内蒙古/内蒙古卷/2025_历史_内蒙古卷_原卷.pdf),[打开Markdown](../../papers/2025/历史/内蒙古/内蒙古卷/2025_历史_内蒙古卷_OCR与考点.md),,pypdf,15
2025,历史,辽宁,新高考,2021,地方/区域卷,local,内蒙古卷,done,[打开试卷](../../papers/2025/历史/辽宁/内蒙古卷/2025_历史_辽宁内蒙古卷_原卷.pdf),[打开Markdown](../../papers/2025/历史/辽宁/内蒙古卷/2025_历史_辽宁内蒙古卷_OCR与考点.md),,pypdf,15
2025,历史,吉林,新高考,2024,地方/区域卷,local,内蒙古卷,done,[打开试卷](../../papers/2025/历史/吉林/内蒙古卷/2025_历史_吉林内蒙古卷_原卷.pdf),[打开Markdown](../../papers/2025/历史/吉林/内蒙古卷/2025_历史_吉林内蒙古卷_OCR与考点.md),,pypdf,15
2025,历史,黑龙江,新高考,2024,地方/区域卷,local,内蒙古卷,done,[打开试卷](../../papers/2025/历史/黑龙江/内蒙古卷/2025_历史_黑龙江内蒙古卷_原卷.pdf),[打开Markdown](../../papers/2025/历史/黑龙江/内蒙古卷/2025_历史_黑龙江内蒙古卷_OCR与考点.md),,pypdf,9
2025,历史,上海,新高考,2017,,missing,,missing,[打开试卷](../../../..),[打开Markdown](../../../..),[打开听力](../../../..),,
2025,历史,江苏,新高考,2021,地方/区域卷,local,江苏卷,done,[打开试卷](../../papers/2025/历史/江苏/江苏卷/2025_历史_江苏卷_原卷.pdf),[打开Markdown](../../papers/2025/历史/江苏/江苏卷/2025_历史_江苏卷_OCR与考点.md),,pypdf,9
2025,历史,浙江,新高考,2017,,missing,,missing,[打开试卷](../../../..),[打开Markdown](../../../..),[打开听力](../../../..),,
2025,历史,安徽,新高考,2024,地方/区域卷,local,安徽卷,done,[打开试卷](../../papers/2025/历史/安徽/安徽卷/2025_历史_安徽卷_原卷.pdf),[打开Markdown](../../papers/2025/历史/安徽/安徽卷/2025_历史_安徽卷_OCR与考点.md),,pypdf,15
2025,历史,福建,新高考,2021,,missing,,missing,[打开试卷](../../../..),[打开Markdown](../../../..),[打开听力](../../../..),,
2025,历史,江西,新高考,2024,,missing,,missing,[打开试卷](../../../..),[打开Markdown](../../../..),[打开听力](../../../..),,
2025,历史,山东,新高考,2020,地方/区域卷,local,山东卷,done,[打开试卷](../../papers/2025/历史/山东/山东卷/2025_历史_山东卷_原卷.pdf),[打开Markdown](../../papers/2025/历史/山东/山东卷/2025_历史_山东卷_OCR与考点.md),,rapidocr,8
2025,历史,河南,新高考,2025,地方/区域卷,local,河南卷,done,[打开试卷](../../papers/2025/历史/河南/河南卷/2025_历史_河南卷_原卷.pdf),[打开Markdown](../../papers/2025/历史/河南/河南卷/2025_历史_河南卷_OCR与考点.md),,pypdf,16
2025,历史,湖北,新高考,2021,地方/区域卷,local,湖北卷,done,[打开试卷](../../papers/2025/历史/湖北/湖北卷/2025_历史_湖北卷_原卷.pdf),[打开Markdown](../../papers/2025/历史/湖北/湖北卷/2025_历史_湖北卷_OCR与考点.md),,pypdf,17
2025,历史,湖南,新高考,2021,地方/区域卷,local,湖南卷,done,[打开试卷](../../papers/2025/历史/湖南/湖南卷/2025_历史_湖南卷_原卷.pdf),[打开Markdown](../../papers/2025/历史/湖南/湖南卷/2025_历史_湖南卷_OCR与考点.md),,pypdf,15
2025,历史,广东,新高考,2021,地方/区域卷,local,广东卷,done,[打开试卷](../../papers/2025/历史/广东/广东卷/2025_历史_广东卷_原卷.pdf),[打开Markdown](../../papers/2025/历史/广东/广东卷/2025_历史_广东卷_OCR与考点.md),,pypdf,16
2025,历史,广西,新高考,2024,,missing,,missing,[打开试卷](../../../..),[打开Markdown](../../../..),[打开听力](../../../..),,
2025,历史,海南,新高考,2020,,missing,,missing,[打开试卷](../../../..),[打开Markdown](../../../..),[打开听力](../../../..),,
2025,历史,重庆,新高考,2021,地方/区域卷,local,重庆卷,done,[打开试卷](../../papers/2025/历史/重庆/重庆卷/2025_历史_重庆卷_原卷.pdf),[打开Markdown](../../papers/2025/历史/重庆/重庆卷/2025_历史_重庆卷_OCR与考点.md),,pypdf,14
2025,历史,四川,新高考,2025,地方/区域卷,local,四川卷,done,[打开试卷](../../papers/2025/历史/四川/四川卷/2025_历史_四川卷_原卷.pdf),[打开Markdown](../../papers/2025/历史/四川/四川卷/2025_历史_四川卷_OCR与考点.md),,pypdf,14
2025,历史,贵州,新高考,2024,,missing,,missing,[打开试卷](../../../..),[打开Markdown](../../../..),[打开听力](../../../..),,
2025,历史,云南,新高考,2025,地方/区域卷,local,云南卷,done,[打开试卷](../../papers/2025/历史/云南/云南卷/2025_历史_云南卷_原卷.pdf),[打开Markdown](../../papers/2025/历史/云南/云南卷/2025_历史_云南卷_OCR与考点.md),,pypdf,15
2025,历史,陕西,新高考,2025,地方/区域卷,local,山西卷,done,[打开试卷](../../papers/2025/历史/陕西/山西卷/2025_历史_陕西山西卷_原卷.pdf),[打开Markdown](../../papers/2025/历史/陕西/山西卷/2025_历史_陕西山西卷_OCR与考点.md),,pypdf,14
2025,历史,甘肃,新高考,2024,地方/区域卷,local,甘肃卷,done,[打开试卷](../../papers/2025/历史/甘肃/甘肃卷/2025_历史_甘肃卷_原卷.pdf),[打开Markdown](../../papers/2025/历史/甘肃/甘肃卷/2025_历史_甘肃卷_OCR与考点.md),,pypdf,14
2025,历史,青海,新高考,2025,地方/区域卷,local,山西卷,done,[打开试卷](../../papers/2025/历史/青海/山西卷/2025_历史_青海山西卷_原卷.pdf),[打开Markdown](../../papers/2025/历史/青海/山西卷/2025_历史_青海山西卷_OCR与考点.md),,pypdf,14
2025,历史,宁夏,新高考,2025,地方/区域卷,local,山西卷,done,[打开试卷](../../papers/2025/历史/宁夏/山西卷/2025_历史_宁夏山西卷_原卷.pdf),[打开Markdown](../../papers/2025/历史/宁夏/山西卷/2025_历史_宁夏山西卷_OCR与考点.md),,pypdf,14
2025,地理,北京,新高考,2020,地方/区域卷,local,北京卷,done,[打开试卷](../../papers/2025/地理/北京/北京卷/2025_地理_北京卷_原卷.pdf),[打开Markdown](../../papers/2025/地理/北京/北京卷/2025_地理_北京卷_OCR与考点.md),,pypdf,17
2025,地理,天津,新高考,2020,,missing,,missing,[打开试卷](../../../..),[打开Markdown](../../../..),[打开听力](../../../..),,
2025,地理,河北,新高考,2021,地方/区域卷,local,河北卷,done,[打开试卷](../../papers/2025/地理/河北/河北卷/2025_地理_河北卷_原卷.pdf),[打开Markdown](../../papers/2025/地理/河北/河北卷/2025_地理_河北卷_OCR与考点.md),,pypdf,17
2025,地理,山西,新高考,2025,地方/区域卷,local,山西卷,done,[打开试卷](../../papers/2025/地理/山西/山西卷/2025_地理_山西卷_原卷.pdf),[打开Markdown](../../papers/2025/地理/山西/山西卷/2025_地理_山西卷_OCR与考点.md),,pypdf,16
2025,地理,内蒙古,新高考,2025,地方/区域卷,local,内蒙古卷,done,[打开试卷](../../papers/2025/地理/内蒙古/内蒙古卷/2025_地理_内蒙古卷_原卷.pdf),[打开Markdown](../../papers/2025/地理/内蒙古/内蒙古卷/2025_地理_内蒙古卷_OCR与考点.md),,pypdf,16
2025,地理,辽宁,新高考,2021,地方/区域卷,local,内蒙古卷,done,[打开试卷](../../papers/2025/地理/辽宁/内蒙古卷/2025_地理_辽宁内蒙古卷_原卷.pdf),[打开Markdown](../../papers/2025/地理/辽宁/内蒙古卷/2025_地理_辽宁内蒙古卷_OCR与考点.md),,pypdf,16
2025,地理,吉林,新高考,2024,地方/区域卷,local,内蒙古卷,done,[打开试卷](../../papers/2025/地理/吉林/内蒙古卷/2025_地理_吉林内蒙古卷_原卷.pdf),[打开Markdown](../../papers/2025/地理/吉林/内蒙古卷/2025_地理_吉林内蒙古卷_OCR与考点.md),,pypdf,16
2025,地理,黑龙江,新高考,2024,地方/区域卷,local,内蒙古卷,done,[打开试卷](../../papers/2025/地理/黑龙江/内蒙古卷/2025_地理_黑龙江内蒙古卷_原卷.pdf),[打开Markdown](../../papers/2025/地理/黑龙江/内蒙古卷/2025_地理_黑龙江内蒙古卷_OCR与考点.md),,pypdf,10
2025,地理,上海,新高考,2017,地方/区域卷,local,上海卷,done,[打开试卷](../../papers/2025/地理/上海/上海卷/2025_地理_上海卷_原卷.pdf),[打开Markdown](../../papers/2025/地理/上海/上海卷/2025_地理_上海卷_OCR与考点.md),,pypdf,17
2025,地理,江苏,新高考,2021,地方/区域卷,local,江苏卷,done,[打开试卷](../../papers/2025/地理/江苏/江苏卷/2025_地理_江苏卷_原卷.pdf),[打开Markdown](../../papers/2025/地理/江苏/江苏卷/2025_地理_江苏卷_OCR与考点.md),,pypdf,10
2025,地理,浙江,新高考,2017,地方/区域卷,local,浙江卷,done,[打开试卷](../../papers/2025/地理/浙江/浙江卷/2025_地理_浙江卷_原卷.pdf),[打开Markdown](../../papers/2025/地理/浙江/浙江卷/2025_地理_浙江卷_OCR与考点.md),,pypdf,19
2025,地理,安徽,新高考,2024,地方/区域卷,local,安徽卷,done,[打开试卷](../../papers/2025/地理/安徽/安徽卷/2025_地理_安徽卷_原卷.pdf),[打开Markdown](../../papers/2025/地理/安徽/安徽卷/2025_地理_安徽卷_OCR与考点.md),,pypdf,16
2025,地理,福建,新高考,2021,,missing,,missing,[打开试卷](../../../..),[打开Markdown](../../../..),[打开听力](../../../..),,
2025,地理,江西,新高考,2024,地方/区域卷,local,江西卷,missing,[打开试卷](../../../..),[打开Markdown](../../../..),[打开听力](../../../..),,
2025,地理,山东,新高考,2020,地方/区域卷,local,山东卷,done,[打开试卷](../../papers/2025/地理/山东/山东卷/2025_地理_山东卷_原卷.pdf),[打开Markdown](../../papers/2025/地理/山东/山东卷/2025_地理_山东卷_OCR与考点.md),,rapidocr,9
2025,地理,河南,新高考,2025,地方/区域卷,local,河南卷,done,[打开试卷](../../papers/2025/地理/河南/河南卷/2025_地理_河南卷_原卷.pdf),[打开Markdown](../../papers/2025/地理/河南/河南卷/2025_地理_河南卷_OCR与考点.md),,pypdf,13
2025,地理,湖北,新高考,2021,地方/区域卷,local,湖北卷,done,[打开试卷](../../papers/2025/地理/湖北/湖北卷/2025_地理_湖北卷_原卷.pdf),[打开Markdown](../../papers/2025/地理/湖北/湖北卷/2025_地理_湖北卷_OCR与考点.md),,pypdf,14
2025,地理,湖南,新高考,2021,地方/区域卷,local,湖南卷,done,[打开试卷](../../papers/2025/地理/湖南/湖南卷/2025_地理_湖南卷_原卷.pdf),[打开Markdown](../../papers/2025/地理/湖南/湖南卷/2025_地理_湖南卷_OCR与考点.md),,pypdf,16
2025,地理,广东,新高考,2021,地方/区域卷,local,广东卷,done,[打开试卷](../../papers/2025/地理/广东/广东卷/2025_地理_广东卷_原卷.pdf),[打开Markdown](../../papers/2025/地理/广东/广东卷/2025_地理_广东卷_OCR与考点.md),,pypdf,5
2025,地理,广西,新高考,2024,,missing,,missing,[打开试卷](../../../..),[打开Markdown](../../../..),[打开听力](../../../..),,
2025,地理,海南,新高考,2020,,missing,,missing,[打开试卷](../../../..),[打开Markdown](../../../..),[打开听力](../../../..),,
2025,地理,重庆,新高考,2021,地方/区域卷,local,重庆卷,missing,[打开试卷](../../../..),[打开Markdown](../../../..),[打开听力](../../../..),,
2025,地理,四川,新高考,2025,地方/区域卷,local,四川卷,missing,[打开试卷](../../../..),[打开Markdown](../../../..),[打开听力](../../../..),,
2025,地理,贵州,新高考,2024,地方/区域卷,local,贵州卷,missing,[打开试卷](../../../..),[打开Markdown](../../../..),[打开听力](../../../..),,
2025,地理,云南,新高考,2025,地方/区域卷,local,云南卷,done,[打开试卷](../../papers/2025/地理/云南/云南卷/2025_地理_云南卷_原卷.pdf),[打开Markdown](../../papers/2025/地理/云南/云南卷/2025_地理_云南卷_OCR与考点.md),,pypdf,14
2025,地理,陕西,新高考,2025,地方/区域卷,local,山西卷,done,[打开试卷](../../papers/2025/地理/陕西/山西卷/2025_地理_陕西山西卷_原卷.pdf),[打开Markdown](../../papers/2025/地理/陕西/山西卷/2025_地理_陕西山西卷_OCR与考点.md),,pypdf,16
2025,地理,甘肃,新高考,2024,,missing,,missing,[打开试卷](../../../..),[打开Markdown](../../../..),[打开听力](../../../..),,
2025,地理,青海,新高考,2025,地方/区域卷,local,山西卷,done,[打开试卷](../../papers/2025/地理/青海/山西卷/2025_地理_青海山西卷_原卷.pdf),[打开Markdown](../../papers/2025/地理/青海/山西卷/2025_地理_青海山西卷_OCR与考点.md),,pypdf,16
2025,地理,宁夏,新高考,2025,地方/区域卷,local,山西卷,done,[打开试卷](../../papers/2025/地理/宁夏/山西卷/2025_地理_宁夏山西卷_原卷.pdf),[打开Markdown](../../papers/2025/地理/宁夏/山西卷/2025_地理_宁夏山西卷_OCR与考点.md),,pypdf,16
2026,语文,北京,新高考,2020,,missing,,missing,[打开试卷](../../../..),[打开Markdown](../../../..),[打开听力](../../../..),,
2026,语文,天津,新高考,2020,,missing,,missing,[打开试卷](../../../..),[打开Markdown](../../../..),[打开听力](../../../..),,
2026,语文,河北,新高考,2021,全国卷,common,新高考全国Ⅰ卷,done,[打开试卷](../../papers/2026/语文/全国/新高考全国Ⅰ卷/2026_语文_新高考全国Ⅰ卷_原卷.pdf),[打开Markdown](../../papers/2026/语文/全国/新高考全国Ⅰ卷/2026_语文_新高考全国Ⅰ卷_OCR与考点.md),,rapidocr,4
2026,语文,山西,新高考,2025,全国卷,common,新高考全国Ⅱ卷,done,[打开试卷](../../papers/2026/语文/全国/新高考全国Ⅱ卷/2026_语文_新高考全国Ⅱ卷_原卷.pdf),[打开Markdown](../../papers/2026/语文/全国/新高考全国Ⅱ卷/2026_语文_新高考全国Ⅱ卷_OCR与考点.md),,pypdf,7
2026,语文,内蒙古,新高考,2025,全国卷,common,新高考全国Ⅱ卷,done,[打开试卷](../../papers/2026/语文/全国/新高考全国Ⅱ卷/2026_语文_新高考全国Ⅱ卷_原卷.pdf),[打开Markdown](../../papers/2026/语文/全国/新高考全国Ⅱ卷/2026_语文_新高考全国Ⅱ卷_OCR与考点.md),,pypdf,7
2026,语文,辽宁,新高考,2021,全国卷,common,新高考全国Ⅱ卷,done,[打开试卷](../../papers/2026/语文/全国/新高考全国Ⅱ卷/2026_语文_新高考全国Ⅱ卷_原卷.pdf),[打开Markdown](../../papers/2026/语文/全国/新高考全国Ⅱ卷/2026_语文_新高考全国Ⅱ卷_OCR与考点.md),,pypdf,7
2026,语文,吉林,新高考,2024,全国卷,common,新高考全国Ⅱ卷,done,[打开试卷](../../papers/2026/语文/全国/新高考全国Ⅱ卷/2026_语文_新高考全国Ⅱ卷_原卷.pdf),[打开Markdown](../../papers/2026/语文/全国/新高考全国Ⅱ卷/2026_语文_新高考全国Ⅱ卷_OCR与考点.md),,pypdf,7
2026,语文,黑龙江,新高考,2024,全国卷,common,新高考全国Ⅱ卷,done,[打开试卷](../../papers/2026/语文/全国/新高考全国Ⅱ卷/2026_语文_新高考全国Ⅱ卷_原卷.pdf),[打开Markdown](../../papers/2026/语文/全国/新高考全国Ⅱ卷/2026_语文_新高考全国Ⅱ卷_OCR与考点.md),,pypdf,7
2026,语文,上海,新高考,2017,,missing,,missing,[打开试卷](../../../..),[打开Markdown](../../../..),[打开听力](../../../..),,
2026,语文,江苏,新高考,2021,全国卷,common,新高考全国Ⅰ卷,done,[打开试卷](../../papers/2026/语文/全国/新高考全国Ⅰ卷/2026_语文_新高考全国Ⅰ卷_原卷.pdf),[打开Markdown](../../papers/2026/语文/全国/新高考全国Ⅰ卷/2026_语文_新高考全国Ⅰ卷_OCR与考点.md),,rapidocr,4
2026,语文,浙江,新高考,2017,全国卷,common,新高考全国Ⅰ卷,done,[打开试卷](../../papers/2026/语文/全国/新高考全国Ⅰ卷/2026_语文_新高考全国Ⅰ卷_原卷.pdf),[打开Markdown](../../papers/2026/语文/全国/新高考全国Ⅰ卷/2026_语文_新高考全国Ⅰ卷_OCR与考点.md),,rapidocr,4
2026,语文,安徽,新高考,2024,全国卷,common,新高考全国Ⅰ卷,done,[打开试卷](../../papers/2026/语文/全国/新高考全国Ⅰ卷/2026_语文_新高考全国Ⅰ卷_原卷.pdf),[打开Markdown](../../papers/2026/语文/全国/新高考全国Ⅰ卷/2026_语文_新高考全国Ⅰ卷_OCR与考点.md),,rapidocr,4
2026,语文,福建,新高考,2021,全国卷,common,新高考全国Ⅰ卷,done,[打开试卷](../../papers/2026/语文/全国/新高考全国Ⅰ卷/2026_语文_新高考全国Ⅰ卷_原卷.pdf),[打开Markdown](../../papers/2026/语文/全国/新高考全国Ⅰ卷/2026_语文_新高考全国Ⅰ卷_OCR与考点.md),,rapidocr,4
2026,语文,江西,新高考,2024,全国卷,common,新高考全国Ⅰ卷,done,[打开试卷](../../papers/2026/语文/全国/新高考全国Ⅰ卷/2026_语文_新高考全国Ⅰ卷_原卷.pdf),[打开Markdown](../../papers/2026/语文/全国/新高考全国Ⅰ卷/2026_语文_新高考全国Ⅰ卷_OCR与考点.md),,rapidocr,4
2026,语文,山东,新高考,2020,全国卷,common,新高考全国Ⅰ卷,done,[打开试卷](../../papers/2026/语文/全国/新高考全国Ⅰ卷/2026_语文_新高考全国Ⅰ卷_原卷.pdf),[打开Markdown](../../papers/2026/语文/全国/新高考全国Ⅰ卷/2026_语文_新高考全国Ⅰ卷_OCR与考点.md),,rapidocr,4
2026,语文,河南,新高考,2025,全国卷,common,新高考全国Ⅰ卷,done,[打开试卷](../../papers/2026/语文/全国/新高考全国Ⅰ卷/2026_语文_新高考全国Ⅰ卷_原卷.pdf),[打开Markdown](../../papers/2026/语文/全国/新高考全国Ⅰ卷/2026_语文_新高考全国Ⅰ卷_OCR与考点.md),,rapidocr,4
2026,语文,湖北,新高考,2021,全国卷,common,新高考全国Ⅰ卷,done,[打开试卷](../../papers/2026/语文/全国/新高考全国Ⅰ卷/2026_语文_新高考全国Ⅰ卷_原卷.pdf),[打开Markdown](../../papers/2026/语文/全国/新高考全国Ⅰ卷/2026_语文_新高考全国Ⅰ卷_OCR与考点.md),,rapidocr,4
2026,语文,湖南,新高考,2021,全国卷,common,新高考全国Ⅰ卷,done,[打开试卷](../../papers/2026/语文/全国/新高考全国Ⅰ卷/2026_语文_新高考全国Ⅰ卷_原卷.pdf),[打开Markdown](../../papers/2026/语文/全国/新高考全国Ⅰ卷/2026_语文_新高考全国Ⅰ卷_OCR与考点.md),,rapidocr,4
2026,语文,广东,新高考,2021,全国卷,common,新高考全国Ⅰ卷,done,[打开试卷](../../papers/2026/语文/全国/新高考全国Ⅰ卷/2026_语文_新高考全国Ⅰ卷_原卷.pdf),[打开Markdown](../../papers/2026/语文/全国/新高考全国Ⅰ卷/2026_语文_新高考全国Ⅰ卷_OCR与考点.md),,rapidocr,4
2026,语文,广西,新高考,2024,全国卷,common,新高考全国Ⅱ卷,done,[打开试卷](../../papers/2026/语文/全国/新高考全国Ⅱ卷/2026_语文_新高考全国Ⅱ卷_原卷.pdf),[打开Markdown](../../papers/2026/语文/全国/新高考全国Ⅱ卷/2026_语文_新高考全国Ⅱ卷_OCR与考点.md),,pypdf,7
2026,语文,海南,新高考,2020,全国卷,common,新高考全国Ⅱ卷,done,[打开试卷](../../papers/2026/语文/全国/新高考全国Ⅱ卷/2026_语文_新高考全国Ⅱ卷_原卷.pdf),[打开Markdown](../../papers/2026/语文/全国/新高考全国Ⅱ卷/2026_语文_新高考全国Ⅱ卷_OCR与考点.md),,pypdf,7
2026,语文,重庆,新高考,2021,全国卷,common,新高考全国Ⅱ卷,done,[打开试卷](../../papers/2026/语文/全国/新高考全国Ⅱ卷/2026_语文_新高考全国Ⅱ卷_原卷.pdf),[打开Markdown](../../papers/2026/语文/全国/新高考全国Ⅱ卷/2026_语文_新高考全国Ⅱ卷_OCR与考点.md),,pypdf,7
2026,语文,四川,新高考,2025,全国卷,common,新高考全国Ⅱ卷,done,[打开试卷](../../papers/2026/语文/全国/新高考全国Ⅱ卷/2026_语文_新高考全国Ⅱ卷_原卷.pdf),[打开Markdown](../../papers/2026/语文/全国/新高考全国Ⅱ卷/2026_语文_新高考全国Ⅱ卷_OCR与考点.md),,pypdf,7
2026,语文,贵州,新高考,2024,全国卷,common,新高考全国Ⅱ卷,done,[打开试卷](../../papers/2026/语文/全国/新高考全国Ⅱ卷/2026_语文_新高考全国Ⅱ卷_原卷.pdf),[打开Markdown](../../papers/2026/语文/全国/新高考全国Ⅱ卷/2026_语文_新高考全国Ⅱ卷_OCR与考点.md),,pypdf,7
2026,语文,云南,新高考,2025,全国卷,common,新高考全国Ⅱ卷,done,[打开试卷](../../papers/2026/语文/全国/新高考全国Ⅱ卷/2026_语文_新高考全国Ⅱ卷_原卷.pdf),[打开Markdown](../../papers/2026/语文/全国/新高考全国Ⅱ卷/2026_语文_新高考全国Ⅱ卷_OCR与考点.md),,pypdf,7
2026,语文,西藏,新高考,,全国卷,common,新高考全国Ⅱ卷,done,[打开试卷](../../papers/2026/语文/全国/新高考全国Ⅱ卷/2026_语文_新高考全国Ⅱ卷_原卷.pdf),[打开Markdown](../../papers/2026/语文/全国/新高考全国Ⅱ卷/2026_语文_新高考全国Ⅱ卷_OCR与考点.md),,pypdf,7
2026,语文,陕西,新高考,2025,全国卷,common,新高考全国Ⅱ卷,done,[打开试卷](../../papers/2026/语文/全国/新高考全国Ⅱ卷/2026_语文_新高考全国Ⅱ卷_原卷.pdf),[打开Markdown](../../papers/2026/语文/全国/新高考全国Ⅱ卷/2026_语文_新高考全国Ⅱ卷_OCR与考点.md),,pypdf,7
2026,语文,甘肃,新高考,2024,全国卷,common,新高考全国Ⅱ卷,done,[打开试卷](../../papers/2026/语文/全国/新高考全国Ⅱ卷/2026_语文_新高考全国Ⅱ卷_原卷.pdf),[打开Markdown](../../papers/2026/语文/全国/新高考全国Ⅱ卷/2026_语文_新高考全国Ⅱ卷_OCR与考点.md),,pypdf,7
2026,语文,青海,新高考,2025,全国卷,common,新高考全国Ⅱ卷,done,[打开试卷](../../papers/2026/语文/全国/新高考全国Ⅱ卷/2026_语文_新高考全国Ⅱ卷_原卷.pdf),[打开Markdown](../../papers/2026/语文/全国/新高考全国Ⅱ卷/2026_语文_新高考全国Ⅱ卷_OCR与考点.md),,pypdf,7
2026,语文,宁夏,新高考,2025,全国卷,common,新高考全国Ⅱ卷,done,[打开试卷](../../papers/2026/语文/全国/新高考全国Ⅱ卷/2026_语文_新高考全国Ⅱ卷_原卷.pdf),[打开Markdown](../../papers/2026/语文/全国/新高考全国Ⅱ卷/2026_语文_新高考全国Ⅱ卷_OCR与考点.md),,pypdf,7
2026,语文,新疆,新高考,,全国卷,common,新高考全国Ⅱ卷,done,[打开试卷](../../papers/2026/语文/全国/新高考全国Ⅱ卷/2026_语文_新高考全国Ⅱ卷_原卷.pdf),[打开Markdown](../../papers/2026/语文/全国/新高考全国Ⅱ卷/2026_语文_新高考全国Ⅱ卷_OCR与考点.md),,pypdf,7
2026,数学,北京,新高考,2020,,missing,,missing,[打开试卷](../../../..),[打开Markdown](../../../..),[打开听力](../../../..),,
2026,数学,天津,新高考,2020,地方/区域卷,local,天津卷,done,[打开试卷](../../papers/2026/数学/天津/天津卷/2026_数学_天津卷_原卷.pdf),[打开Markdown](../../papers/2026/数学/天津/天津卷/2026_数学_天津卷_OCR与考点.md),,rapidocr,8
2026,数学,河北,新高考,2021,全国卷,common,新高考全国Ⅰ卷,missing,[打开试卷](../../../..),[打开Markdown](../../../..),[打开听力](../../../..),,
2026,数学,山西,新高考,2025,全国卷,common,新高考全国Ⅱ卷,missing,[打开试卷](../../../..),[打开Markdown](../../../..),[打开听力](../../../..),,
2026,数学,内蒙古,新高考,2025,全国卷,common,新高考全国Ⅱ卷,missing,[打开试卷](../../../..),[打开Markdown](../../../..),[打开听力](../../../..),,
2026,数学,辽宁,新高考,2021,全国卷,common,新高考全国Ⅱ卷,missing,[打开试卷](../../../..),[打开Markdown](../../../..),[打开听力](../../../..),,
2026,数学,吉林,新高考,2024,全国卷,common,新高考全国Ⅱ卷,missing,[打开试卷](../../../..),[打开Markdown](../../../..),[打开听力](../../../..),,
2026,数学,黑龙江,新高考,2024,全国卷,common,新高考全国Ⅱ卷,missing,[打开试卷](../../../..),[打开Markdown](../../../..),[打开听力](../../../..),,
2026,数学,上海,新高考,2017,,missing,,missing,[打开试卷](../../../..),[打开Markdown](../../../..),[打开听力](../../../..),,
2026,数学,江苏,新高考,2021,全国卷,common,新高考全国Ⅰ卷,missing,[打开试卷](../../../..),[打开Markdown](../../../..),[打开听力](../../../..),,
2026,数学,浙江,新高考,2017,全国卷,common,新高考全国Ⅰ卷,missing,[打开试卷](../../../..),[打开Markdown](../../../..),[打开听力](../../../..),,
2026,数学,安徽,新高考,2024,全国卷,common,新高考全国Ⅰ卷,missing,[打开试卷](../../../..),[打开Markdown](../../../..),[打开听力](../../../..),,
2026,数学,福建,新高考,2021,全国卷,common,新高考全国Ⅰ卷,missing,[打开试卷](../../../..),[打开Markdown](../../../..),[打开听力](../../../..),,
2026,数学,江西,新高考,2024,全国卷,common,新高考全国Ⅰ卷,missing,[打开试卷](../../../..),[打开Markdown](../../../..),[打开听力](../../../..),,
2026,数学,山东,新高考,2020,全国卷,common,新高考全国Ⅰ卷,missing,[打开试卷](../../../..),[打开Markdown](../../../..),[打开听力](../../../..),,
2026,数学,河南,新高考,2025,全国卷,common,新高考全国Ⅰ卷,missing,[打开试卷](../../../..),[打开Markdown](../../../..),[打开听力](../../../..),,
2026,数学,湖北,新高考,2021,全国卷,common,新高考全国Ⅰ卷,missing,[打开试卷](../../../..),[打开Markdown](../../../..),[打开听力](../../../..),,
2026,数学,湖南,新高考,2021,全国卷,common,新高考全国Ⅰ卷,missing,[打开试卷](../../../..),[打开Markdown](../../../..),[打开听力](../../../..),,
2026,数学,广东,新高考,2021,全国卷,common,新高考全国Ⅰ卷,missing,[打开试卷](../../../..),[打开Markdown](../../../..),[打开听力](../../../..),,
2026,数学,广西,新高考,2024,全国卷,common,新高考全国Ⅱ卷,missing,[打开试卷](../../../..),[打开Markdown](../../../..),[打开听力](../../../..),,
2026,数学,海南,新高考,2020,全国卷,common,新高考全国Ⅱ卷,missing,[打开试卷](../../../..),[打开Markdown](../../../..),[打开听力](../../../..),,
2026,数学,重庆,新高考,2021,全国卷,common,新高考全国Ⅱ卷,missing,[打开试卷](../../../..),[打开Markdown](../../../..),[打开听力](../../../..),,
2026,数学,四川,新高考,2025,全国卷,common,新高考Ⅱ卷,done,[打开试卷](../../papers/2026/数学/全国/新高考Ⅱ卷/2026_数学_新高考Ⅱ卷_原卷.pdf),[打开Markdown](../../papers/2026/数学/全国/新高考Ⅱ卷/2026_数学_新高考Ⅱ卷_OCR与考点.md),,pypdf,4
2026,数学,贵州,新高考,2024,全国卷,common,新高考全国Ⅱ卷,missing,[打开试卷](../../../..),[打开Markdown](../../../..),[打开听力](../../../..),,
2026,数学,云南,新高考,2025,全国卷,common,新高考全国Ⅱ卷,missing,[打开试卷](../../../..),[打开Markdown](../../../..),[打开听力](../../../..),,
2026,数学,西藏,新高考,,全国卷,common,新高考全国Ⅱ卷,missing,[打开试卷](../../../..),[打开Markdown](../../../..),[打开听力](../../../..),,
2026,数学,陕西,新高考,2025,全国卷,common,新高考全国Ⅱ卷,missing,[打开试卷](../../../..),[打开Markdown](../../../..),[打开听力](../../../..),,
2026,数学,甘肃,新高考,2024,全国卷,common,新高考全国Ⅱ卷,missing,[打开试卷](../../../..),[打开Markdown](../../../..),[打开听力](../../../..),,
2026,数学,青海,新高考,2025,全国卷,common,新高考全国Ⅱ卷,missing,[打开试卷](../../../..),[打开Markdown](../../../..),[打开听力](../../../..),,
2026,数学,宁夏,新高考,2025,全国卷,common,新高考全国Ⅱ卷,missing,[打开试卷](../../../..),[打开Markdown](../../../..),[打开听力](../../../..),,
2026,数学,新疆,新高考,,全国卷,common,新高考全国Ⅱ卷,missing,[打开试卷](../../../..),[打开Markdown](../../../..),[打开听力](../../../..),,
2026,英语,北京,新高考,2020,,missing,,missing,[打开试卷](../../../..),[打开Markdown](../../../..),[打开听力](../../../..),,
2026,英语,天津,新高考,2020,,missing,,missing,[打开试卷](../../../..),[打开Markdown](../../../..),[打开听力](../../../..),,
2026,英语,河北,新高考,2021,全国卷,common,新高考全国Ⅰ卷,done,[打开试卷](../../papers/2026/英语/全国/新高考全国Ⅰ卷/2026_英语_新高考全国Ⅰ卷_原卷.pdf),[打开Markdown](../../papers/2026/英语/全国/新高考全国Ⅰ卷/2026_英语_新高考全国Ⅰ卷_OCR与考点.md),[打开听力](../../papers/2026/英语/全国/新高考全国Ⅰ卷/2026_英语_新高考全国Ⅰ卷_听力.mp3),pypdf,9
2026,英语,山西,新高考,2025,全国卷,common,新高考全国Ⅱ卷,missing,[打开试卷](../../../..),[打开Markdown](../../../..),[打开听力](../../../..),,
2026,英语,内蒙古,新高考,2025,全国卷,common,新高考全国Ⅱ卷,missing,[打开试卷](../../../..),[打开Markdown](../../../..),[打开听力](../../../..),,
2026,英语,辽宁,新高考,2021,全国卷,common,新高考全国Ⅱ卷,missing,[打开试卷](../../../..),[打开Markdown](../../../..),[打开听力](../../../..),,
2026,英语,吉林,新高考,2024,全国卷,common,新高考全国Ⅱ卷,missing,[打开试卷](../../../..),[打开Markdown](../../../..),[打开听力](../../../..),,
2026,英语,黑龙江,新高考,2024,全国卷,common,新高考全国Ⅱ卷,missing,[打开试卷](../../../..),[打开Markdown](../../../..),[打开听力](../../../..),,
2026,英语,上海,新高考,2017,,missing,,missing,[打开试卷](../../../..),[打开Markdown](../../../..),[打开听力](../../../..),,
2026,英语,江苏,新高考,2021,全国卷,common,新高考全国Ⅰ卷,done,[打开试卷](../../papers/2026/英语/全国/新高考全国Ⅰ卷/2026_英语_新高考全国Ⅰ卷_原卷.pdf),[打开Markdown](../../papers/2026/英语/全国/新高考全国Ⅰ卷/2026_英语_新高考全国Ⅰ卷_OCR与考点.md),[打开听力](../../papers/2026/英语/全国/新高考全国Ⅰ卷/2026_英语_新高考全国Ⅰ卷_听力.mp3),pypdf,9
2026,英语,浙江,新高考,2017,全国卷,common,新高考全国Ⅰ卷,done,[打开试卷](../../papers/2026/英语/全国/新高考全国Ⅰ卷/2026_英语_新高考全国Ⅰ卷_原卷.pdf),[打开Markdown](../../papers/2026/英语/全国/新高考全国Ⅰ卷/2026_英语_新高考全国Ⅰ卷_OCR与考点.md),[打开听力](../../papers/2026/英语/全国/新高考全国Ⅰ卷/2026_英语_新高考全国Ⅰ卷_听力.mp3),pypdf,9
2026,英语,安徽,新高考,2024,全国卷,common,新高考全国Ⅰ卷,done,[打开试卷](../../papers/2026/英语/全国/新高考全国Ⅰ卷/2026_英语_新高考全国Ⅰ卷_原卷.pdf),[打开Markdown](../../papers/2026/英语/全国/新高考全国Ⅰ卷/2026_英语_新高考全国Ⅰ卷_OCR与考点.md),[打开听力](../../papers/2026/英语/全国/新高考全国Ⅰ卷/2026_英语_新高考全国Ⅰ卷_听力.mp3),pypdf,9
2026,英语,福建,新高考,2021,全国卷,common,新高考全国Ⅰ卷,done,[打开试卷](../../papers/2026/英语/全国/新高考全国Ⅰ卷/2026_英语_新高考全国Ⅰ卷_原卷.pdf),[打开Markdown](../../papers/2026/英语/全国/新高考全国Ⅰ卷/2026_英语_新高考全国Ⅰ卷_OCR与考点.md),[打开听力](../../papers/2026/英语/全国/新高考全国Ⅰ卷/2026_英语_新高考全国Ⅰ卷_听力.mp3),pypdf,9
2026,英语,江西,新高考,2024,全国卷,common,新高考全国Ⅰ卷,done,[打开试卷](../../papers/2026/英语/全国/新高考全国Ⅰ卷/2026_英语_新高考全国Ⅰ卷_原卷.pdf),[打开Markdown](../../papers/2026/英语/全国/新高考全国Ⅰ卷/2026_英语_新高考全国Ⅰ卷_OCR与考点.md),[打开听力](../../papers/2026/英语/全国/新高考全国Ⅰ卷/2026_英语_新高考全国Ⅰ卷_听力.mp3),pypdf,9
2026,英语,山东,新高考,2020,全国卷,common,新高考全国Ⅰ卷,done,[打开试卷](../../papers/2026/英语/全国/新高考全国Ⅰ卷/2026_英语_新高考全国Ⅰ卷_原卷.pdf),[打开Markdown](../../papers/2026/英语/全国/新高考全国Ⅰ卷/2026_英语_新高考全国Ⅰ卷_OCR与考点.md),[打开听力](../../papers/2026/英语/全国/新高考全国Ⅰ卷/2026_英语_新高考全国Ⅰ卷_听力.mp3),pypdf,9
2026,英语,河南,新高考,2025,全国卷,common,新高考全国Ⅰ卷,done,[打开试卷](../../papers/2026/英语/全国/新高考全国Ⅰ卷/2026_英语_新高考全国Ⅰ卷_原卷.pdf),[打开Markdown](../../papers/2026/英语/全国/新高考全国Ⅰ卷/2026_英语_新高考全国Ⅰ卷_OCR与考点.md),[打开听力](../../papers/2026/英语/全国/新高考全国Ⅰ卷/2026_英语_新高考全国Ⅰ卷_听力.mp3),pypdf,9
2026,英语,湖北,新高考,2021,全国卷,common,新高考全国Ⅰ卷,done,[打开试卷](../../papers/2026/英语/全国/新高考全国Ⅰ卷/2026_英语_新高考全国Ⅰ卷_原卷.pdf),[打开Markdown](../../papers/2026/英语/全国/新高考全国Ⅰ卷/2026_英语_新高考全国Ⅰ卷_OCR与考点.md),[打开听力](../../papers/2026/英语/全国/新高考全国Ⅰ卷/2026_英语_新高考全国Ⅰ卷_听力.mp3),pypdf,9
2026,英语,湖南,新高考,2021,全国卷,common,新高考全国Ⅰ卷,done,[打开试卷](../../papers/2026/英语/全国/新高考全国Ⅰ卷/2026_英语_新高考全国Ⅰ卷_原卷.pdf),[打开Markdown](../../papers/2026/英语/全国/新高考全国Ⅰ卷/2026_英语_新高考全国Ⅰ卷_OCR与考点.md),[打开听力](../../papers/2026/英语/全国/新高考全国Ⅰ卷/2026_英语_新高考全国Ⅰ卷_听力.mp3),pypdf,9
2026,英语,广东,新高考,2021,全国卷,common,新高考全国Ⅰ卷,done,[打开试卷](../../papers/2026/英语/全国/新高考全国Ⅰ卷/2026_英语_新高考全国Ⅰ卷_原卷.pdf),[打开Markdown](../../papers/2026/英语/全国/新高考全国Ⅰ卷/2026_英语_新高考全国Ⅰ卷_OCR与考点.md),[打开听力](../../papers/2026/英语/全国/新高考全国Ⅰ卷/2026_英语_新高考全国Ⅰ卷_听力.mp3),pypdf,9
2026,英语,广西,新高考,2024,全国卷,common,新高考全国Ⅱ卷,missing,[打开试卷](../../../..),[打开Markdown](../../../..),[打开听力](../../../..),,
2026,英语,海南,新高考,2020,全国卷,common,新高考全国Ⅱ卷,missing,[打开试卷](../../../..),[打开Markdown](../../../..),[打开听力](../../../..),,
2026,英语,重庆,新高考,2021,全国卷,common,新高考全国Ⅱ卷,missing,[打开试卷](../../../..),[打开Markdown](../../../..),[打开听力](../../../..),,
2026,英语,四川,新高考,2025,全国卷,common,新高考Ⅱ卷,done,[打开试卷](../../papers/2026/英语/全国/新高考Ⅱ卷/2026_英语_新高考Ⅱ卷_原卷.pdf),[打开Markdown](../../papers/2026/英语/全国/新高考Ⅱ卷/2026_英语_新高考Ⅱ卷_OCR与考点.md),,pypdf,12
2026,英语,贵州,新高考,2024,全国卷,common,新高考全国Ⅱ卷,missing,[打开试卷](../../../..),[打开Markdown](../../../..),[打开听力](../../../..),,
2026,英语,云南,新高考,2025,全国卷,common,新高考全国Ⅱ卷,missing,[打开试卷](../../../..),[打开Markdown](../../../..),[打开听力](../../../..),,
2026,英语,西藏,新高考,,全国卷,common,新高考全国Ⅱ卷,missing,[打开试卷](../../../..),[打开Markdown](../../../..),[打开听力](../../../..),,
2026,英语,陕西,新高考,2025,全国卷,common,新高考全国Ⅱ卷,missing,[打开试卷](../../../..),[打开Markdown](../../../..),[打开听力](../../../..),,
2026,英语,甘肃,新高考,2024,全国卷,common,新高考全国Ⅱ卷,missing,[打开试卷](../../../..),[打开Markdown](../../../..),[打开听力](../../../..),,
2026,英语,青海,新高考,2025,全国卷,common,新高考全国Ⅱ卷,missing,[打开试卷](../../../..),[打开Markdown](../../../..),[打开听力](../../../..),,
2026,英语,宁夏,新高考,2025,全国卷,common,新高考全国Ⅱ卷,missing,[打开试卷](../../../..),[打开Markdown](../../../..),[打开听力](../../../..),,
2026,英语,新疆,新高考,,全国卷,common,新高考全国Ⅱ卷,missing,[打开试卷](../../../..),[打开Markdown](../../../..),[打开听力](../../../..),,
2026,物理,北京,新高考,2020,地方/区域卷,local,北京卷,missing,[打开试卷](../../../..),[打开Markdown](../../../..),[打开听力](../../../..),,
2026,物理,天津,新高考,2020,地方/区域卷,local,天津卷,missing,[打开试卷](../../../..),[打开Markdown](../../../..),[打开听力](../../../..),,
2026,物理,河北,新高考,2021,地方/区域卷,local,河北卷,done,[打开试卷](../../papers/2026/物理/河北/河北卷/2026_物理_河北卷_原卷.pdf),[打开Markdown](../../papers/2026/物理/河北/河北卷/2026_物理_河北卷_OCR与考点.md),,pypdf,8
2026,物理,山西,新高考,2025,地方/区域卷,local,山西卷,done,[打开试卷](../../papers/2026/物理/山西/山西卷/2026_物理_山西卷_原卷.pdf),[打开Markdown](../../papers/2026/物理/山西/山西卷/2026_物理_山西卷_OCR与考点.md),,pypdf,7
2026,物理,内蒙古,新高考,2025,地方/区域卷,local,内蒙古卷,done,[打开试卷](../../papers/2026/物理/内蒙古/内蒙古卷/2026_物理_内蒙古卷_原卷.pdf),[打开Markdown](../../papers/2026/物理/内蒙古/内蒙古卷/2026_物理_内蒙古卷_OCR与考点.md),,pypdf,8
2026,物理,辽宁,新高考,2021,地方/区域卷,local,辽宁卷,done,[打开试卷](../../papers/2026/物理/辽宁/辽宁卷/2026_物理_辽宁卷_原卷.pdf),[打开Markdown](../../papers/2026/物理/辽宁/辽宁卷/2026_物理_辽宁卷_OCR与考点.md),,pypdf,8
2026,物理,吉林,新高考,2024,地方/区域卷,local,吉林卷,done,[打开试卷](../../papers/2026/物理/吉林/吉林卷/2026_物理_吉林卷_原卷.pdf),[打开Markdown](../../papers/2026/物理/吉林/吉林卷/2026_物理_吉林卷_OCR与考点.md),,pypdf,8
2026,物理,黑龙江,新高考,2024,地方/区域卷,local,黑龙江卷,done,[打开试卷](../../papers/2026/物理/黑龙江/黑龙江卷/2026_物理_黑龙江卷_原卷.pdf),[打开Markdown](../../papers/2026/物理/黑龙江/黑龙江卷/2026_物理_黑龙江卷_OCR与考点.md),,pypdf,8
2026,物理,上海,新高考,2017,,missing,,missing,[打开试卷](../../../..),[打开Markdown](../../../..),[打开听力](../../../..),,
2026,物理,江苏,新高考,2021,地方/区域卷,local,江苏卷,done,[打开试卷](../../papers/2026/物理/江苏/江苏卷/2026_物理_江苏卷_原卷.pdf),[打开Markdown](../../papers/2026/物理/江苏/江苏卷/2026_物理_江苏卷_OCR与考点.md),,pypdf,6
2026,物理,浙江,新高考,2017,地方/区域卷,local,浙江卷,missing,[打开试卷](../../../..),[打开Markdown](../../../..),[打开听力](../../../..),,
2026,物理,安徽,新高考,2024,地方/区域卷,local,安徽卷,missing,[打开试卷](../../../..),[打开Markdown](../../../..),[打开听力](../../../..),,
2026,物理,福建,新高考,2021,地方/区域卷,local,福建卷,missing,[打开试卷](../../../..),[打开Markdown](../../../..),[打开听力](../../../..),,
2026,物理,江西,新高考,2024,地方/区域卷,local,江西卷,missing,[打开试卷](../../../..),[打开Markdown](../../../..),[打开听力](../../../..),,
2026,物理,山东,新高考,2020,地方/区域卷,local,山东卷,done,[打开试卷](../../papers/2026/物理/山东/山东卷/2026_物理_山东卷_原卷.pdf),[打开Markdown](../../papers/2026/物理/山东/山东卷/2026_物理_山东卷_OCR与考点.md),,pypdf,9
2026,物理,河南,新高考,2025,地方/区域卷,local,河南卷,done,[打开试卷](../../papers/2026/物理/河南/河南卷/2026_物理_河南卷_原卷.pdf),[打开Markdown](../../papers/2026/物理/河南/河南卷/2026_物理_河南卷_OCR与考点.md),,pypdf,9
2026,物理,湖北,新高考,2021,地方/区域卷,local,湖北卷,done,[打开试卷](../../papers/2026/物理/湖北/湖北卷/2026_物理_湖北卷_原卷.pdf),[打开Markdown](../../papers/2026/物理/湖北/湖北卷/2026_物理_湖北卷_OCR与考点.md),,pypdf,8
2026,物理,湖南,新高考,2021,地方/区域卷,local,湖南卷,done,[打开试卷](../../papers/2026/物理/湖南/湖南卷/2026_物理_湖南卷_原卷.pdf),[打开Markdown](../../papers/2026/物理/湖南/湖南卷/2026_物理_湖南卷_OCR与考点.md),,pypdf,8
2026,物理,广东,新高考,2021,地方/区域卷,local,广东卷,done,[打开试卷](../../papers/2026/物理/广东/广东卷/2026_物理_广东卷_原卷.pdf),[打开Markdown](../../papers/2026/物理/广东/广东卷/2026_物理_广东卷_OCR与考点.md),,pypdf,6
2026,物理,广西,新高考,2024,地方/区域卷,local,广西卷,missing,[打开试卷](../../../..),[打开Markdown](../../../..),[打开听力](../../../..),,
2026,物理,海南,新高考,2020,地方/区域卷,local,海南卷,missing,[打开试卷](../../../..),[打开Markdown](../../../..),[打开听力](../../../..),,
2026,物理,重庆,新高考,2021,地方/区域卷,local,重庆卷,missing,[打开试卷](../../../..),[打开Markdown](../../../..),[打开听力](../../../..),,
2026,物理,四川,新高考,2025,地方/区域卷,local,四川卷,done,[打开试卷](../../papers/2026/物理/四川/四川卷/2026_物理_四川卷_原卷.pdf),[打开Markdown](../../papers/2026/物理/四川/四川卷/2026_物理_四川卷_OCR与考点.md),,pypdf,9
2026,物理,贵州,新高考,2024,地方/区域卷,local,贵州卷,done,[打开试卷](../../papers/2026/物理/贵州/贵州卷/2026_物理_贵州卷_原卷.pdf),[打开Markdown](../../papers/2026/物理/贵州/贵州卷/2026_物理_贵州卷_OCR与考点.md),,pypdf,8
2026,物理,云南,新高考,2025,地方/区域卷,local,云南卷,done,[打开试卷](../../papers/2026/物理/云南/云南卷/2026_物理_云南卷_原卷.pdf),[打开Markdown](../../papers/2026/物理/云南/云南卷/2026_物理_云南卷_OCR与考点.md),,rapidocr,9
2026,物理,陕西,新高考,2025,地方/区域卷,local,陕西卷,done,[打开试卷](../../papers/2026/物理/陕西/陕西卷/2026_物理_陕西卷_原卷.pdf),[打开Markdown](../../papers/2026/物理/陕西/陕西卷/2026_物理_陕西卷_OCR与考点.md),,pypdf,7
2026,物理,甘肃,新高考,2024,地方/区域卷,local,甘肃卷,missing,[打开试卷](../../../..),[打开Markdown](../../../..),[打开听力](../../../..),,
2026,物理,青海,新高考,2025,地方/区域卷,local,青海卷,done,[打开试卷](../../papers/2026/物理/青海/青海卷/2026_物理_青海卷_原卷.pdf),[打开Markdown](../../papers/2026/物理/青海/青海卷/2026_物理_青海卷_OCR与考点.md),,pypdf,7
2026,物理,宁夏,新高考,2025,地方/区域卷,local,宁夏卷,done,[打开试卷](../../papers/2026/物理/宁夏/宁夏卷/2026_物理_宁夏卷_原卷.pdf),[打开Markdown](../../papers/2026/物理/宁夏/宁夏卷/2026_物理_宁夏卷_OCR与考点.md),,pypdf,7
2026,化学,北京,新高考,2020,地方/区域卷,local,北京卷,missing,[打开试卷](../../../..),[打开Markdown](../../../..),[打开听力](../../../..),,
2026,化学,天津,新高考,2020,地方/区域卷,local,天津卷,missing,[打开试卷](../../../..),[打开Markdown](../../../..),[打开听力](../../../..),,
2026,化学,河北,新高考,2021,地方/区域卷,local,河北卷,done,[打开试卷](../../papers/2026/化学/河北/河北卷/2026_化学_河北卷_原卷.pdf),[打开Markdown](../../papers/2026/化学/河北/河北卷/2026_化学_河北卷_OCR与考点.md),,pypdf,12
2026,化学,山西,新高考,2025,地方/区域卷,local,陕西卷,done,[打开试卷](../../papers/2026/化学/山西/陕西卷/2026_化学_山西陕西卷_原卷.pdf),[打开Markdown](../../papers/2026/化学/山西/陕西卷/2026_化学_山西陕西卷_OCR与考点.md),,pypdf,10
2026,化学,内蒙古,新高考,2025,地方/区域卷,local,内蒙古卷,done,[打开试卷](../../papers/2026/化学/内蒙古/内蒙古卷/2026_化学_内蒙古卷_原卷.pdf),[打开Markdown](../../papers/2026/化学/内蒙古/内蒙古卷/2026_化学_内蒙古卷_OCR与考点.md),,pypdf,8
2026,化学,辽宁,新高考,2021,地方/区域卷,local,辽宁卷,done,[打开试卷](../../papers/2026/化学/辽宁/辽宁卷/2026_化学_辽宁卷_原卷.pdf),[打开Markdown](../../papers/2026/化学/辽宁/辽宁卷/2026_化学_辽宁卷_OCR与考点.md),,pypdf,8
2026,化学,吉林,新高考,2024,地方/区域卷,local,吉林卷,done,[打开试卷](../../papers/2026/化学/吉林/吉林卷/2026_化学_吉林卷_原卷.pdf),[打开Markdown](../../papers/2026/化学/吉林/吉林卷/2026_化学_吉林卷_OCR与考点.md),,pypdf,8
2026,化学,黑龙江,新高考,2024,地方/区域卷,local,黑龙江卷,done,[打开试卷](../../papers/2026/化学/黑龙江/黑龙江卷/2026_化学_黑龙江卷_原卷.pdf),[打开Markdown](../../papers/2026/化学/黑龙江/黑龙江卷/2026_化学_黑龙江卷_OCR与考点.md),,pypdf,8
2026,化学,上海,新高考,2017,,missing,,missing,[打开试卷](../../../..),[打开Markdown](../../../..),[打开听力](../../../..),,
2026,化学,江苏,新高考,2021,地方/区域卷,local,江苏卷,done,[打开试卷](../../papers/2026/化学/江苏/江苏卷/2026_化学_江苏卷_原卷.pdf),[打开Markdown](../../papers/2026/化学/江苏/江苏卷/2026_化学_江苏卷_OCR与考点.md),,pypdf,7
2026,化学,浙江,新高考,2017,地方/区域卷,local,浙江卷,done,[打开试卷](../../papers/2026/化学/浙江/浙江卷/2026_化学_浙江卷_原卷.pdf),[打开Markdown](../../papers/2026/化学/浙江/浙江卷/2026_化学_浙江卷_OCR与考点.md),,pypdf,8
2026,化学,安徽,新高考,2024,地方/区域卷,local,安徽卷,missing,[打开试卷](../../../..),[打开Markdown](../../../..),[打开听力](../../../..),,
2026,化学,福建,新高考,2021,地方/区域卷,local,福建卷,missing,[打开试卷](../../../..),[打开Markdown](../../../..),[打开听力](../../../..),,
2026,化学,江西,新高考,2024,地方/区域卷,local,江西卷,missing,[打开试卷](../../../..),[打开Markdown](../../../..),[打开听力](../../../..),,
2026,化学,山东,新高考,2020,地方/区域卷,local,山东卷,missing,[打开试卷](../../../..),[打开Markdown](../../../..),[打开听力](../../../..),,
2026,化学,河南,新高考,2025,地方/区域卷,local,河南卷,done,[打开试卷](../../papers/2026/化学/河南/河南卷/2026_化学_河南卷_原卷.pdf),[打开Markdown](../../papers/2026/化学/河南/河南卷/2026_化学_河南卷_OCR与考点.md),,pypdf,9
2026,化学,湖北,新高考,2021,地方/区域卷,local,湖北卷,missing,[打开试卷](../../../..),[打开Markdown](../../../..),[打开听力](../../../..),,
2026,化学,湖南,新高考,2021,地方/区域卷,local,湖南卷,done,[打开试卷](../../papers/2026/化学/湖南/湖南卷/2026_化学_湖南卷_原卷.pdf),[打开Markdown](../../papers/2026/化学/湖南/湖南卷/2026_化学_湖南卷_OCR与考点.md),,pypdf,8
2026,化学,广东,新高考,2021,地方/区域卷,local,广东卷,done,[打开试卷](../../papers/2026/化学/广东/广东卷/2026_化学_广东卷_原卷.pdf),[打开Markdown](../../papers/2026/化学/广东/广东卷/2026_化学_广东卷_OCR与考点.md),,pypdf,4
2026,化学,广西,新高考,2024,地方/区域卷,local,广西卷,missing,[打开试卷](../../../..),[打开Markdown](../../../..),[打开听力](../../../..),,
2026,化学,海南,新高考,2020,地方/区域卷,local,海南卷,missing,[打开试卷](../../../..),[打开Markdown](../../../..),[打开听力](../../../..),,
2026,化学,重庆,新高考,2021,地方/区域卷,local,重庆卷,missing,[打开试卷](../../../..),[打开Markdown](../../../..),[打开听力](../../../..),,
2026,化学,四川,新高考,2025,地方/区域卷,local,四川卷,done,[打开试卷](../../papers/2026/化学/四川/四川卷/2026_化学_四川卷_原卷.pdf),[打开Markdown](../../papers/2026/化学/四川/四川卷/2026_化学_四川卷_OCR与考点.md),,rapidocr,10
2026,化学,贵州,新高考,2024,地方/区域卷,local,贵州卷,done,[打开试卷](../../papers/2026/化学/贵州/贵州卷/2026_化学_贵州卷_原卷.pdf),[打开Markdown](../../papers/2026/化学/贵州/贵州卷/2026_化学_贵州卷_OCR与考点.md),,pypdf,8
2026,化学,云南,新高考,2025,地方/区域卷,local,云南卷,done,[打开试卷](../../papers/2026/化学/云南/云南卷/2026_化学_云南卷_原卷.pdf),[打开Markdown](../../papers/2026/化学/云南/云南卷/2026_化学_云南卷_OCR与考点.md),,pypdf,8
2026,化学,陕西,新高考,2025,地方/区域卷,local,陕西卷,done,[打开试卷](../../papers/2026/化学/陕西/陕西卷/2026_化学_陕西卷_原卷.pdf),[打开Markdown](../../papers/2026/化学/陕西/陕西卷/2026_化学_陕西卷_OCR与考点.md),,pypdf,9
2026,化学,甘肃,新高考,2024,地方/区域卷,local,甘肃卷,missing,[打开试卷](../../../..),[打开Markdown](../../../..),[打开听力](../../../..),,
2026,化学,青海,新高考,2025,地方/区域卷,local,陕西卷,done,[打开试卷](../../papers/2026/化学/青海/陕西卷/2026_化学_青海陕西卷_原卷.pdf),[打开Markdown](../../papers/2026/化学/青海/陕西卷/2026_化学_青海陕西卷_OCR与考点.md),,pypdf,10
2026,化学,宁夏,新高考,2025,地方/区域卷,local,陕西卷,done,[打开试卷](../../papers/2026/化学/宁夏/陕西卷/2026_化学_宁夏陕西卷_原卷.pdf),[打开Markdown](../../papers/2026/化学/宁夏/陕西卷/2026_化学_宁夏陕西卷_OCR与考点.md),,pypdf,10
2026,生物,北京,新高考,2020,地方/区域卷,local,北京卷,missing,[打开试卷](../../../..),[打开Markdown](../../../..),[打开听力](../../../..),,
2026,生物,天津,新高考,2020,地方/区域卷,local,天津卷,missing,[打开试卷](../../../..),[打开Markdown](../../../..),[打开听力](../../../..),,
2026,生物,河北,新高考,2021,地方/区域卷,local,河北卷,done,[打开试卷](../../papers/2026/生物/河北/河北卷/2026_生物_河北卷_原卷.pdf),[打开Markdown](../../papers/2026/生物/河北/河北卷/2026_生物_河北卷_OCR与考点.md),,pypdf,8
2026,生物,山西,新高考,2025,地方/区域卷,local,山西卷,done,[打开试卷](../../papers/2026/生物/山西/山西卷/2026_生物_山西卷_原卷.pdf),[打开Markdown](../../papers/2026/生物/山西/山西卷/2026_生物_山西卷_OCR与考点.md),,pypdf,9
2026,生物,内蒙古,新高考,2025,地方/区域卷,local,内蒙古卷,done,[打开试卷](../../papers/2026/生物/内蒙古/内蒙古卷/2026_生物_内蒙古卷_原卷.pdf),[打开Markdown](../../papers/2026/生物/内蒙古/内蒙古卷/2026_生物_内蒙古卷_OCR与考点.md),,pypdf,10
2026,生物,辽宁,新高考,2021,地方/区域卷,local,辽宁卷,done,[打开试卷](../../papers/2026/生物/辽宁/辽宁卷/2026_生物_辽宁卷_原卷.pdf),[打开Markdown](../../papers/2026/生物/辽宁/辽宁卷/2026_生物_辽宁卷_OCR与考点.md),,pypdf,10
2026,生物,吉林,新高考,2024,地方/区域卷,local,吉林卷,done,[打开试卷](../../papers/2026/生物/吉林/吉林卷/2026_生物_吉林卷_原卷.pdf),[打开Markdown](../../papers/2026/生物/吉林/吉林卷/2026_生物_吉林卷_OCR与考点.md),,pypdf,10
2026,生物,黑龙江,新高考,2024,地方/区域卷,local,黑龙江卷,done,[打开试卷](../../papers/2026/生物/黑龙江/黑龙江卷/2026_生物_黑龙江卷_原卷.pdf),[打开Markdown](../../papers/2026/生物/黑龙江/黑龙江卷/2026_生物_黑龙江卷_OCR与考点.md),,pypdf,10
2026,生物,上海,新高考,2017,,missing,,missing,[打开试卷](../../../..),[打开Markdown](../../../..),[打开听力](../../../..),,
2026,生物,江苏,新高考,2021,地方/区域卷,local,江苏卷,missing,[打开试卷](../../../..),[打开Markdown](../../../..),[打开听力](../../../..),,
2026,生物,浙江,新高考,2017,地方/区域卷,local,浙江卷,missing,[打开试卷](../../../..),[打开Markdown](../../../..),[打开听力](../../../..),,
2026,生物,安徽,新高考,2024,地方/区域卷,local,安徽卷,done,[打开试卷](../../papers/2026/生物/安徽/安徽卷/2026_生物_安徽卷_原卷.pdf),[打开Markdown](../../papers/2026/生物/安徽/安徽卷/2026_生物_安徽卷_OCR与考点.md),,rapidocr,8
2026,生物,福建,新高考,2021,全国卷,common,新高考Ⅰ卷,done,[打开试卷](../../papers/2026/生物/全国/新高考Ⅰ卷/2026_生物_新高考Ⅰ卷_原卷.pdf),[打开Markdown](../../papers/2026/生物/全国/新高考Ⅰ卷/2026_生物_新高考Ⅰ卷_OCR与考点.md),,rapidocr,1
2026,生物,江西,新高考,2024,地方/区域卷,local,江西卷,done,[打开试卷](../../papers/2026/生物/江西/江西卷/2026_生物_江西卷_原卷.pdf),[打开Markdown](../../papers/2026/生物/江西/江西卷/2026_生物_江西卷_OCR与考点.md),,pypdf,8
2026,生物,山东,新高考,2020,地方/区域卷,local,山东卷,done,[打开试卷](../../papers/2026/生物/山东/山东卷/2026_生物_山东卷_原卷.pdf),[打开Markdown](../../papers/2026/生物/山东/山东卷/2026_生物_山东卷_OCR与考点.md),,pypdf,8
2026,生物,河南,新高考,2025,地方/区域卷,local,河南卷,done,[打开试卷](../../papers/2026/生物/河南/河南卷/2026_生物_河南卷_原卷.pdf),[打开Markdown](../../papers/2026/生物/河南/河南卷/2026_生物_河南卷_OCR与考点.md),,pypdf,7
2026,生物,湖北,新高考,2021,地方/区域卷,local,湖北卷,done,[打开试卷](../../papers/2026/生物/湖北/湖北卷/2026_生物_湖北卷_原卷.pdf),[打开Markdown](../../papers/2026/生物/湖北/湖北卷/2026_生物_湖北卷_OCR与考点.md),,pypdf,8
2026,生物,湖南,新高考,2021,地方/区域卷,local,湖南卷,done,[打开试卷](../../papers/2026/生物/湖南/湖南卷/2026_生物_湖南卷_原卷.pdf),[打开Markdown](../../papers/2026/生物/湖南/湖南卷/2026_生物_湖南卷_OCR与考点.md),,pypdf,8
2026,生物,广东,新高考,2021,地方/区域卷,local,广东卷,done,[打开试卷](../../papers/2026/生物/广东/广东卷/2026_生物_广东卷_原卷.pdf),[打开Markdown](../../papers/2026/生物/广东/广东卷/2026_生物_广东卷_OCR与考点.md),,pypdf,8
2026,生物,广西,新高考,2024,地方/区域卷,local,广西卷,missing,[打开试卷](../../../..),[打开Markdown](../../../..),[打开听力](../../../..),,
2026,生物,海南,新高考,2020,地方/区域卷,local,海南卷,missing,[打开试卷](../../../..),[打开Markdown](../../../..),[打开听力](../../../..),,
2026,生物,重庆,新高考,2021,地方/区域卷,local,重庆卷,missing,[打开试卷](../../../..),[打开Markdown](../../../..),[打开听力](../../../..),,
2026,生物,四川,新高考,2025,地方/区域卷,local,四川卷,done,[打开试卷](../../papers/2026/生物/四川/四川卷/2026_生物_四川卷_原卷.pdf),[打开Markdown](../../papers/2026/生物/四川/四川卷/2026_生物_四川卷_OCR与考点.md),,pypdf,5
2026,生物,贵州,新高考,2024,地方/区域卷,local,贵州卷,done,[打开试卷](../../papers/2026/生物/贵州/贵州卷/2026_生物_贵州卷_原卷.pdf),[打开Markdown](../../papers/2026/生物/贵州/贵州卷/2026_生物_贵州卷_OCR与考点.md),,pypdf,7
2026,生物,云南,新高考,2025,地方/区域卷,local,云南卷,done,[打开试卷](../../papers/2026/生物/云南/云南卷/2026_生物_云南卷_原卷.pdf),[打开Markdown](../../papers/2026/生物/云南/云南卷/2026_生物_云南卷_OCR与考点.md),,rapidocr,8
2026,生物,陕西,新高考,2025,地方/区域卷,local,陕西卷,done,[打开试卷](../../papers/2026/生物/陕西/陕西卷/2026_生物_陕西卷_原卷.pdf),[打开Markdown](../../papers/2026/生物/陕西/陕西卷/2026_生物_陕西卷_OCR与考点.md),,pypdf,9
2026,生物,甘肃,新高考,2024,地方/区域卷,local,甘肃卷,missing,[打开试卷](../../../..),[打开Markdown](../../../..),[打开听力](../../../..),,
2026,生物,青海,新高考,2025,地方/区域卷,local,青海卷,done,[打开试卷](../../papers/2026/生物/青海/青海卷/2026_生物_青海卷_原卷.pdf),[打开Markdown](../../papers/2026/生物/青海/青海卷/2026_生物_青海卷_OCR与考点.md),,pypdf,9
2026,生物,宁夏,新高考,2025,地方/区域卷,local,宁夏卷,done,[打开试卷](../../papers/2026/生物/宁夏/宁夏卷/2026_生物_宁夏卷_原卷.pdf),[打开Markdown](../../papers/2026/生物/宁夏/宁夏卷/2026_生物_宁夏卷_OCR与考点.md),,pypdf,9
2026,政治,北京,新高考,2020,地方/区域卷,local,北京卷,done,[打开试卷](../../papers/2026/政治/北京/北京卷/2026_政治_北京卷_原卷.pdf),[打开Markdown](../../papers/2026/政治/北京/北京卷/2026_政治_北京卷_OCR与考点.md),,rapidocr,1
2026,政治,天津,新高考,2020,地方/区域卷,local,天津卷,missing,[打开试卷](../../../..),[打开Markdown](../../../..),[打开听力](../../../..),,
2026,政治,河北,新高考,2021,地方/区域卷,local,河北卷,done,[打开试卷](../../papers/2026/政治/河北/河北卷/2026_政治_河北卷_原卷.pdf),[打开Markdown](../../papers/2026/政治/河北/河北卷/2026_政治_河北卷_OCR与考点.md),,pypdf,6
2026,政治,山西,新高考,2025,地方/区域卷,local,陕西卷,done,[打开试卷](../../papers/2026/政治/山西/陕西卷/2026_政治_山西陕西卷_原卷.pdf),[打开Markdown](../../papers/2026/政治/山西/陕西卷/2026_政治_山西陕西卷_OCR与考点.md),,pypdf,7
2026,政治,内蒙古,新高考,2025,地方/区域卷,local,内蒙古卷,missing,[打开试卷](../../../..),[打开Markdown](../../../..),[打开听力](../../../..),,
2026,政治,辽宁,新高考,2021,地方/区域卷,local,辽宁卷,missing,[打开试卷](../../../..),[打开Markdown](../../../..),[打开听力](../../../..),,
2026,政治,吉林,新高考,2024,地方/区域卷,local,吉林卷,missing,[打开试卷](../../../..),[打开Markdown](../../../..),[打开听力](../../../..),,
2026,政治,黑龙江,新高考,2024,地方/区域卷,local,黑龙江卷,missing,[打开试卷](../../../..),[打开Markdown](../../../..),[打开听力](../../../..),,
2026,政治,上海,新高考,2017,,missing,,missing,[打开试卷](../../../..),[打开Markdown](../../../..),[打开听力](../../../..),,
2026,政治,江苏,新高考,2021,地方/区域卷,local,江苏卷,missing,[打开试卷](../../../..),[打开Markdown](../../../..),[打开听力](../../../..),,
2026,政治,浙江,新高考,2017,地方/区域卷,local,浙江卷,missing,[打开试卷](../../../..),[打开Markdown](../../../..),[打开听力](../../../..),,
2026,政治,安徽,新高考,2024,地方/区域卷,local,安徽卷,missing,[打开试卷](../../../..),[打开Markdown](../../../..),[打开听力](../../../..),,
2026,政治,福建,新高考,2021,地方/区域卷,local,福建卷,missing,[打开试卷](../../../..),[打开Markdown](../../../..),[打开听力](../../../..),,
2026,政治,江西,新高考,2024,地方/区域卷,local,江西卷,missing,[打开试卷](../../../..),[打开Markdown](../../../..),[打开听力](../../../..),,
2026,政治,山东,新高考,2020,地方/区域卷,local,山东卷,done,[打开试卷](../../papers/2026/政治/山东/山东卷/2026_政治_山东卷_原卷.pdf),[打开Markdown](../../papers/2026/政治/山东/山东卷/2026_政治_山东卷_OCR与考点.md),,pypdf,8
2026,政治,河南,新高考,2025,地方/区域卷,local,河南卷,done,[打开试卷](../../papers/2026/政治/河南/河南卷/2026_政治_河南卷_原卷.pdf),[打开Markdown](../../papers/2026/政治/河南/河南卷/2026_政治_河南卷_OCR与考点.md),,rapidocr,8
2026,政治,湖北,新高考,2021,地方/区域卷,local,湖北卷,done,[打开试卷](../../papers/2026/政治/湖北/湖北卷/2026_政治_湖北卷_原卷.pdf),[打开Markdown](../../papers/2026/政治/湖北/湖北卷/2026_政治_湖北卷_OCR与考点.md),,pypdf,5
2026,政治,湖南,新高考,2021,全国卷,common,新高考Ⅰ卷,done,[打开试卷](../../papers/2026/政治/全国/新高考Ⅰ卷/2026_政治_新高考Ⅰ卷_原卷.pdf),[打开Markdown](../../papers/2026/政治/全国/新高考Ⅰ卷/2026_政治_新高考Ⅰ卷_OCR与考点.md),,rapidocr,1
2026,政治,广东,新高考,2021,地方/区域卷,local,广东卷,missing,[打开试卷](../../../..),[打开Markdown](../../../..),[打开听力](../../../..),,
2026,政治,广西,新高考,2024,全国卷,common,新高考Ⅱ卷,done,[打开试卷](../../papers/2026/政治/全国/新高考Ⅱ卷/2026_政治_新高考Ⅱ卷_原卷.pdf),[打开Markdown](../../papers/2026/政治/全国/新高考Ⅱ卷/2026_政治_新高考Ⅱ卷_OCR与考点.md),,rapidocr,1
2026,政治,海南,新高考,2020,地方/区域卷,local,海南卷,missing,[打开试卷](../../../..),[打开Markdown](../../../..),[打开听力](../../../..),,
2026,政治,重庆,新高考,2021,全国卷,common,新高考Ⅱ卷,done,[打开试卷](../../papers/2026/政治/全国/新高考Ⅱ卷/2026_政治_新高考Ⅱ卷_原卷.pdf),[打开Markdown](../../papers/2026/政治/全国/新高考Ⅱ卷/2026_政治_新高考Ⅱ卷_OCR与考点.md),,rapidocr,1
2026,政治,四川,新高考,2025,地方/区域卷,local,四川卷,missing,[打开试卷](../../../..),[打开Markdown](../../../..),[打开听力](../../../..),,
2026,政治,贵州,新高考,2024,地方/区域卷,local,贵州卷,missing,[打开试卷](../../../..),[打开Markdown](../../../..),[打开听力](../../../..),,
2026,政治,云南,新高考,2025,地方/区域卷,local,云南卷,done,[打开试卷](../../papers/2026/政治/云南/云南卷/2026_政治_云南卷_原卷.pdf),[打开Markdown](../../papers/2026/政治/云南/云南卷/2026_政治_云南卷_OCR与考点.md),,pypdf,7
2026,政治,陕西,新高考,2025,地方/区域卷,local,陕西卷,done,[打开试卷](../../papers/2026/政治/陕西/陕西卷/2026_政治_陕西卷_原卷.pdf),[打开Markdown](../../papers/2026/政治/陕西/陕西卷/2026_政治_陕西卷_OCR与考点.md),,pypdf,7
2026,政治,甘肃,新高考,2024,地方/区域卷,local,甘肃卷,missing,[打开试卷](../../../..),[打开Markdown](../../../..),[打开听力](../../../..),,
2026,政治,青海,新高考,2025,地方/区域卷,local,陕西卷,done,[打开试卷](../../papers/2026/政治/青海/陕西卷/2026_政治_青海陕西卷_原卷.pdf),[打开Markdown](../../papers/2026/政治/青海/陕西卷/2026_政治_青海陕西卷_OCR与考点.md),,pypdf,7
2026,政治,宁夏,新高考,2025,地方/区域卷,local,陕西卷,done,[打开试卷](../../papers/2026/政治/宁夏/陕西卷/2026_政治_宁夏陕西卷_原卷.pdf),[打开Markdown](../../papers/2026/政治/宁夏/陕西卷/2026_政治_宁夏陕西卷_OCR与考点.md),,pypdf,7
2026,历史,北京,新高考,2020,地方/区域卷,local,北京卷,missing,[打开试卷](../../../..),[打开Markdown](../../../..),[打开听力](../../../..),,
2026,历史,天津,新高考,2020,地方/区域卷,local,天津卷,missing,[打开试卷](../../../..),[打开Markdown](../../../..),[打开听力](../../../..),,
2026,历史,河北,新高考,2021,地方/区域卷,local,河北卷,missing,[打开试卷](../../../..),[打开Markdown](../../../..),[打开听力](../../../..),,
2026,历史,山西,新高考,2025,地方/区域卷,local,山西卷,done,[打开试卷](../../papers/2026/历史/山西/山西卷/2026_历史_山西卷_原卷.pdf),[打开Markdown](../../papers/2026/历史/山西/山西卷/2026_历史_山西卷_OCR与考点.md),,rapidocr,4
2026,历史,内蒙古,新高考,2025,地方/区域卷,local,辽宁卷,missing,[打开试卷](../../../..),[打开Markdown](../../../..),[打开听力](../../../..),,
2026,历史,辽宁,新高考,2021,地方/区域卷,local,辽宁卷,missing,[打开试卷](../../../..),[打开Markdown](../../../..),[打开听力](../../../..),,
2026,历史,吉林,新高考,2024,地方/区域卷,local,辽宁卷,missing,[打开试卷](../../../..),[打开Markdown](../../../..),[打开听力](../../../..),,
2026,历史,黑龙江,新高考,2024,地方/区域卷,local,辽宁卷,missing,[打开试卷](../../../..),[打开Markdown](../../../..),[打开听力](../../../..),,
2026,历史,上海,新高考,2017,,missing,,missing,[打开试卷](../../../..),[打开Markdown](../../../..),[打开听力](../../../..),,
2026,历史,江苏,新高考,2021,地方/区域卷,local,江苏卷,done,[打开试卷](../../papers/2026/历史/江苏/江苏卷/2026_历史_江苏卷_原卷.pdf),[打开Markdown](../../papers/2026/历史/江苏/江苏卷/2026_历史_江苏卷_OCR与考点.md),,pypdf,6
2026,历史,浙江,新高考,2017,地方/区域卷,local,浙江卷,done,[打开试卷](../../papers/2026/历史/浙江/浙江卷/2026_历史_浙江卷_原卷.pdf),[打开Markdown](../../papers/2026/历史/浙江/浙江卷/2026_历史_浙江卷_OCR与考点.md),,pypdf,6
2026,历史,安徽,新高考,2024,地方/区域卷,local,安徽卷,missing,[打开试卷](../../../..),[打开Markdown](../../../..),[打开听力](../../../..),,
2026,历史,福建,新高考,2021,地方/区域卷,local,福建卷,missing,[打开试卷](../../../..),[打开Markdown](../../../..),[打开听力](../../../..),,
2026,历史,江西,新高考,2024,地方/区域卷,local,江西卷,missing,[打开试卷](../../../..),[打开Markdown](../../../..),[打开听力](../../../..),,
2026,历史,山东,新高考,2020,地方/区域卷,local,山东卷,done,[打开试卷](../../papers/2026/历史/山东/山东卷/2026_历史_山东卷_原卷.pdf),[打开Markdown](../../papers/2026/历史/山东/山东卷/2026_历史_山东卷_OCR与考点.md),,pypdf,4
2026,历史,河南,新高考,2025,地方/区域卷,local,河南卷,done,[打开试卷](../../papers/2026/历史/河南/河南卷/2026_历史_河南卷_原卷.pdf),[打开Markdown](../../papers/2026/历史/河南/河南卷/2026_历史_河南卷_OCR与考点.md),,rapidocr,16
2026,历史,湖北,新高考,2021,地方/区域卷,local,湖北卷,missing,[打开试卷](../../../..),[打开Markdown](../../../..),[打开听力](../../../..),,
2026,历史,湖南,新高考,2021,地方/区域卷,local,湖南卷,done,[打开试卷](../../papers/2026/历史/湖南/湖南卷/2026_历史_湖南卷_原卷.pdf),[打开Markdown](../../papers/2026/历史/湖南/湖南卷/2026_历史_湖南卷_OCR与考点.md),,rapidocr,7
2026,历史,广东,新高考,2021,地方/区域卷,local,广东卷,done,[打开试卷](../../papers/2026/历史/广东/广东卷/2026_历史_广东卷_原卷.pdf),[打开Markdown](../../papers/2026/历史/广东/广东卷/2026_历史_广东卷_OCR与考点.md),,pypdf,6
2026,历史,广西,新高考,2024,地方/区域卷,local,广西卷,missing,[打开试卷](../../../..),[打开Markdown](../../../..),[打开听力](../../../..),,
2026,历史,海南,新高考,2020,地方/区域卷,local,海南卷,missing,[打开试卷](../../../..),[打开Markdown](../../../..),[打开听力](../../../..),,
2026,历史,重庆,新高考,2021,地方/区域卷,local,重庆卷,missing,[打开试卷](../../../..),[打开Markdown](../../../..),[打开听力](../../../..),,
2026,历史,四川,新高考,2025,地方/区域卷,local,四川卷,done,[打开试卷](../../papers/2026/历史/四川/四川卷/2026_历史_四川卷_原卷.pdf),[打开Markdown](../../papers/2026/历史/四川/四川卷/2026_历史_四川卷_OCR与考点.md),,pypdf,5
2026,历史,贵州,新高考,2024,地方/区域卷,local,贵州卷,missing,[打开试卷](../../../..),[打开Markdown](../../../..),[打开听力](../../../..),,
2026,历史,云南,新高考,2025,全国卷,common,新高考Ⅱ卷,done,[打开试卷](../../papers/2026/历史/全国/新高考Ⅱ卷/2026_历史_新高考Ⅱ卷_原卷.pdf),[打开Markdown](../../papers/2026/历史/全国/新高考Ⅱ卷/2026_历史_新高考Ⅱ卷_OCR与考点.md),,rapidocr,4
2026,历史,陕西,新高考,2025,地方/区域卷,local,陕西卷,done,[打开试卷](../../papers/2026/历史/陕西/陕西卷/2026_历史_陕西卷_原卷.pdf),[打开Markdown](../../papers/2026/历史/陕西/陕西卷/2026_历史_陕西卷_OCR与考点.md),,rapidocr,4
2026,历史,甘肃,新高考,2024,地方/区域卷,local,甘肃卷,missing,[打开试卷](../../../..),[打开Markdown](../../../..),[打开听力](../../../..),,
2026,历史,青海,新高考,2025,地方/区域卷,local,青海卷,done,[打开试卷](../../papers/2026/历史/青海/青海卷/2026_历史_青海卷_原卷.pdf),[打开Markdown](../../papers/2026/历史/青海/青海卷/2026_历史_青海卷_OCR与考点.md),,rapidocr,4
2026,历史,宁夏,新高考,2025,地方/区域卷,local,宁夏卷,done,[打开试卷](../../papers/2026/历史/宁夏/宁夏卷/2026_历史_宁夏卷_原卷.pdf),[打开Markdown](../../papers/2026/历史/宁夏/宁夏卷/2026_历史_宁夏卷_OCR与考点.md),,rapidocr,4
2026,地理,北京,新高考,2020,,missing,,missing,[打开试卷](../../../..),[打开Markdown](../../../..),[打开听力](../../../..),,
2026,地理,天津,新高考,2020,,missing,,missing,[打开试卷](../../../..),[打开Markdown](../../../..),[打开听力](../../../..),,
2026,地理,河北,新高考,2021,地方/区域卷,local,河北卷,done,[打开试卷](../../papers/2026/地理/河北/河北卷/2026_地理_河北卷_原卷.pdf),[打开Markdown](../../papers/2026/地理/河北/河北卷/2026_地理_河北卷_OCR与考点.md),,pypdf,4
2026,地理,山西,新高考,2025,地方/区域卷,local,陕西卷,done,[打开试卷](../../papers/2026/地理/山西/陕西卷/2026_地理_山西陕西卷_原卷.pdf),[打开Markdown](../../papers/2026/地理/山西/陕西卷/2026_地理_山西陕西卷_OCR与考点.md),,pypdf,8
2026,地理,内蒙古,新高考,2025,地方/区域卷,local,内蒙古卷,done,[打开试卷](../../papers/2026/地理/内蒙古/内蒙古卷/2026_地理_内蒙古卷_原卷.pdf),[打开Markdown](../../papers/2026/地理/内蒙古/内蒙古卷/2026_地理_内蒙古卷_OCR与考点.md),,pypdf,6
2026,地理,辽宁,新高考,2021,地方/区域卷,local,辽宁卷,done,[打开试卷](../../papers/2026/地理/辽宁/辽宁卷/2026_地理_辽宁卷_原卷.pdf),[打开Markdown](../../papers/2026/地理/辽宁/辽宁卷/2026_地理_辽宁卷_OCR与考点.md),,pypdf,6
2026,地理,吉林,新高考,2024,地方/区域卷,local,吉林卷,done,[打开试卷](../../papers/2026/地理/吉林/吉林卷/2026_地理_吉林卷_原卷.pdf),[打开Markdown](../../papers/2026/地理/吉林/吉林卷/2026_地理_吉林卷_OCR与考点.md),,pypdf,6
2026,地理,黑龙江,新高考,2024,地方/区域卷,local,黑龙江卷,done,[打开试卷](../../papers/2026/地理/黑龙江/黑龙江卷/2026_地理_黑龙江卷_原卷.pdf),[打开Markdown](../../papers/2026/地理/黑龙江/黑龙江卷/2026_地理_黑龙江卷_OCR与考点.md),,pypdf,6
2026,地理,上海,新高考,2017,,missing,,missing,[打开试卷](../../../..),[打开Markdown](../../../..),[打开听力](../../../..),,
2026,地理,江苏,新高考,2021,全国卷,common,新高考Ⅰ卷,done,[打开试卷](../../papers/2026/地理/全国/新高考Ⅰ卷/2026_地理_新高考Ⅰ卷_原卷.pdf),[打开Markdown](../../papers/2026/地理/全国/新高考Ⅰ卷/2026_地理_新高考Ⅰ卷_OCR与考点.md),,rapidocr,1
2026,地理,浙江,新高考,2017,,missing,,missing,[打开试卷](../../../..),[打开Markdown](../../../..),[打开听力](../../../..),,
2026,地理,安徽,新高考,2024,地方/区域卷,local,安徽卷,missing,[打开试卷](../../../..),[打开Markdown](../../../..),[打开听力](../../../..),,
2026,地理,福建,新高考,2021,全国卷,common,新高考Ⅰ卷,done,[打开试卷](../../papers/2026/地理/全国/新高考Ⅰ卷/2026_地理_新高考Ⅰ卷_原卷.pdf),[打开Markdown](../../papers/2026/地理/全国/新高考Ⅰ卷/2026_地理_新高考Ⅰ卷_OCR与考点.md),,rapidocr,1
2026,地理,江西,新高考,2024,地方/区域卷,local,江西卷,missing,[打开试卷](../../../..),[打开Markdown](../../../..),[打开听力](../../../..),,
2026,地理,山东,新高考,2020,地方/区域卷,local,山东卷,done,[打开试卷](../../papers/2026/地理/山东/山东卷/2026_地理_山东卷_原卷.pdf),[打开Markdown](../../papers/2026/地理/山东/山东卷/2026_地理_山东卷_OCR与考点.md),,pypdf,9
2026,地理,河南,新高考,2025,地方/区域卷,local,河南卷,missing,[打开试卷](../../../..),[打开Markdown](../../../..),[打开听力](../../../..),,
2026,地理,湖北,新高考,2021,地方/区域卷,local,湖北卷,missing,[打开试卷](../../../..),[打开Markdown](../../../..),[打开听力](../../../..),,
2026,地理,湖南,新高考,2021,地方/区域卷,local,湖南卷,done,[打开试卷](../../papers/2026/地理/湖南/湖南卷/2026_地理_湖南卷_原卷.pdf),[打开Markdown](../../papers/2026/地理/湖南/湖南卷/2026_地理_湖南卷_OCR与考点.md),,pypdf,7
2026,地理,广东,新高考,2021,地方/区域卷,local,广东卷,done,[打开试卷](../../papers/2026/地理/广东/广东卷/2026_地理_广东卷_原卷.pdf),[打开Markdown](../../papers/2026/地理/广东/广东卷/2026_地理_广东卷_OCR与考点.md),,rapidocr,6
2026,地理,广西,新高考,2024,全国卷,common,新高考Ⅱ卷,done,[打开试卷](../../papers/2026/地理/全国/新高考Ⅱ卷/2026_地理_新高考Ⅱ卷_原卷.pdf),[打开Markdown](../../papers/2026/地理/全国/新高考Ⅱ卷/2026_地理_新高考Ⅱ卷_OCR与考点.md),,rapidocr,2
2026,地理,海南,新高考,2020,,missing,,missing,[打开试卷](../../../..),[打开Markdown](../../../..),[打开听力](../../../..),,
2026,地理,重庆,新高考,2021,地方/区域卷,local,重庆卷,missing,[打开试卷](../../../..),[打开Markdown](../../../..),[打开听力](../../../..),,
2026,地理,四川,新高考,2025,地方/区域卷,local,四川卷,done,[打开试卷](../../papers/2026/地理/四川/四川卷/2026_地理_四川卷_原卷.pdf),[打开Markdown](../../papers/2026/地理/四川/四川卷/2026_地理_四川卷_OCR与考点.md),,pypdf,6
2026,地理,贵州,新高考,2024,地方/区域卷,local,贵州卷,missing,[打开试卷](../../../..),[打开Markdown](../../../..),[打开听力](../../../..),,
2026,地理,云南,新高考,2025,地方/区域卷,local,云南卷,missing,[打开试卷](../../../..),[打开Markdown](../../../..),[打开听力](../../../..),,
2026,地理,陕西,新高考,2025,地方/区域卷,local,陕西卷,done,[打开试卷](../../papers/2026/地理/陕西/陕西卷/2026_地理_陕西卷_原卷.pdf),[打开Markdown](../../papers/2026/地理/陕西/陕西卷/2026_地理_陕西卷_OCR与考点.md),,pypdf,8
2026,地理,甘肃,新高考,2024,地方/区域卷,local,甘肃卷,missing,[打开试卷](../../../..),[打开Markdown](../../../..),[打开听力](../../../..),,
2026,地理,青海,新高考,2025,地方/区域卷,local,陕西卷,done,[打开试卷](../../papers/2026/地理/青海/陕西卷/2026_地理_青海陕西卷_原卷.pdf),[打开Markdown](../../papers/2026/地理/青海/陕西卷/2026_地理_青海陕西卷_OCR与考点.md),,pypdf,8
2026,地理,宁夏,新高考,2025,地方/区域卷,local,陕西卷,done,[打开试卷](../../papers/2026/地理/宁夏/陕西卷/2026_地理_宁夏陕西卷_原卷.pdf),[打开Markdown](../../papers/2026/地理/宁夏/陕西卷/2026_地理_宁夏陕西卷_OCR与考点.md),,pypdf,8
