年份,科目,地区,高考模式,改革起始年,卷别性质,范围,卷型,状态,来源文件,建议Repo路径,文件数
2008,语文,北京,老高考,2020,地方/区域卷,local,北京卷,present_local,H:\New folder\【新·PDF版】2008-2024·高考语文真题\版本2：语文（按省份分类）2008-2024\2008-2024·（北京）语文高考真题\2008年高考语文试卷（北京）（空白卷）.pdf,papers/2008/语文/北京/北京卷/2008_语文_北京_北京卷_原卷.pdf,2
2008,语文,天津,老高考,2020,地方/区域卷,local,天津卷,present_local,H:\New folder\【新·PDF版】2008-2024·高考语文真题\版本2：语文（按省份分类）2008-2024\2008-2023·（天津）语文高考真题\2008年高考语文试卷（天津）（空白卷） .pdf,papers/2008/语文/天津/天津卷/2008_语文_天津_天津卷_原卷.pdf,2
2008,语文,河北,老高考,2021,全国卷,common,全国I卷,present_common,H:\New folder\【新·PDF版】2008-2024·高考语文真题\版本2：语文（按省份分类）2008-2024\2008-2024·（河北）语文高考真题\2008年高考语文试卷（全国Ⅰ卷）（空白卷）.pdf,papers/2008/语文/全国/全国I卷/2008_语文_河北_全国I卷_原卷.pdf,2
2008,语文,山西,老高考,2025,全国卷,common,全国I卷,present_common,H:\New folder\【新·PDF版】2008-2024·高考语文真题\版本2：语文（按省份分类）2008-2024\2008-2024·（山西）语文高考真题\2008年高考语文试卷（全国Ⅰ卷）（空白卷）.pdf,papers/2008/语文/全国/全国I卷/2008_语文_山西_全国I卷_原卷.pdf,2
2008,语文,内蒙古,老高考,2025,全国卷,common,全国II卷,present_common,H:\New folder\【新·PDF版】2008-2024·高考语文真题\版本2：语文（按省份分类）2008-2024\2008-2024·（内蒙古）语文高考真题\2008年高考语文试卷（全国Ⅱ卷）（空白卷）.pdf,papers/2008/语文/全国/全国II卷/2008_语文_内蒙古_全国II卷_原卷.pdf,2
2008,语文,辽宁,老高考,2021,,missing,,missing,,,0
2008,语文,吉林,老高考,2024,全国卷,common,全国II卷,present_common,H:\New folder\【新·PDF版】2008-2024·高考语文真题\版本2：语文（按省份分类）2008-2024\2008-2024·（吉林）语文高考真题\2008年高考语文试卷（全国Ⅱ卷）（空白卷）.pdf,papers/2008/语文/全国/全国II卷/2008_语文_吉林_全国II卷_原卷.pdf,2
2008,语文,黑龙江,老高考,2024,全国卷,common,全国II卷,present_common,H:\New folder\【新·PDF版】2008-2024·高考语文真题\版本2：语文（按省份分类）2008-2024\2008-2024·（黑龙江）语文高考真题\2008年高考语文试卷（全国Ⅱ卷）（空白卷）.pdf,papers/2008/语文/全国/全国II卷/2008_语文_黑龙江_全国II卷_原卷.pdf,2
2008,语文,上海,老高考,2017,地方/区域卷,local,上海卷,present_local,H:\New folder\【新·PDF版】2008-2024·高考语文真题\版本2：语文（按省份分类）2008-2024\2008-2023·（上海）语文高考真题\2008年高考语文试卷（上海）（秋考）（空白卷）.pdf,papers/2008/语文/上海/上海卷/2008_语文_上海_上海卷_原卷.pdf,2
2008,语文,江苏,老高考,2021,地方/区域卷,local,江苏卷,present_local,H:\New folder\【新·PDF版】2008-2024·高考语文真题\版本2：语文（按省份分类）2008-2024\2008-2024·（江苏）语文高考真题\2008年高考语文试卷（江苏）（空白卷）.pdf,papers/2008/语文/江苏/江苏卷/2008_语文_江苏_江苏卷_原卷.pdf,2
2008,语文,浙江,老高考,2017,地方/区域卷,local,浙江卷,present_local,H:\New folder\【新·PDF版】2008-2024·高考语文真题\版本2：语文（按省份分类）2008-2024\2008-2024·（浙江）语文高考真题\2008年高考语文试卷（浙江）（空白卷）.pdf,papers/2008/语文/浙江/浙江卷/2008_语文_浙江_浙江卷_原卷.pdf,2
2008,语文,安徽,老高考,2024,,missing,,missing,,,0
2008,语文,福建,老高考,2021,,missing,,missing,,,0
2008,语文,江西,老高考,2024,,missing,,missing,,,0
2008,语文,山东,老高考,2020,地方/区域卷,local,山东卷,present_local,H:\New folder\【新·PDF版】2008-2024·高考语文真题\版本2：语文（按省份分类）2008-2024\2008-2024·（山东）语文高考真题\2008年高考语文试卷（山东）（空白卷）.pdf,papers/2008/语文/山东/山东卷/2008_语文_山东_山东卷_原卷.pdf,2
2008,语文,河南,老高考,2025,全国卷,common,全国I卷,present_common,H:\New folder\【新·PDF版】2008-2024·高考语文真题\版本2：语文（按省份分类）2008-2024\2008-2024·（河南）语文高考真题\2008年高考语文试卷（全国Ⅰ卷）（空白卷）.pdf,papers/2008/语文/全国/全国I卷/2008_语文_河南_全国I卷_原卷.pdf,2
2008,语文,湖北,老高考,2021,,missing,,missing,,,0
2008,语文,湖南,老高考,2021,地方/区域卷,local,湖南卷,present_local,H:\New folder\【新·PDF版】2008-2024·高考语文真题\版本2：语文（按省份分类）2008-2024\2008-2024·（湖南）语文高考真题\2008年高考语文试卷（湖南）（空白卷）.pdf,papers/2008/语文/湖南/湖南卷/2008_语文_湖南_湖南卷_原卷.pdf,2
2008,语文,广东,老高考,2021,地方/区域卷,local,广东卷,present_local,H:\New folder\【新·PDF版】2008-2024·高考语文真题\版本2：语文（按省份分类）2008-2024\2008-2024·（广东）语文高考真题\2008年高考语文试卷（广东）（空白卷）.pdf,papers/2008/语文/广东/广东卷/2008_语文_广东_广东卷_原卷.pdf,2
2008,语文,广西,老高考,2024,全国卷,common,全国I卷,present_common,H:\New folder\【新·PDF版】2008-2024·高考语文真题\版本2：语文（按省份分类）2008-2024\2008-2024·（广西）语文高考真题\2008年高考语文试卷（全国Ⅰ卷）（空白卷）.pdf,papers/2008/语文/全国/全国I卷/2008_语文_广西_全国I卷_原卷.pdf,2
2008,语文,海南,老高考,2020,全国卷,common,海南卷,present_common,H:\New folder\【新·PDF版】2008-2024·高考语文真题\版本2：语文（按省份分类）2008-2024\2008-2024·（海南）语文高考真题\2008年高考语文试卷（新课标）（海南宁夏）（空白卷）.pdf,papers/2008/语文/全国/海南卷/2008_语文_海南_海南卷_原卷.pdf,2
2008,语文,重庆,老高考,2021,,missing,,missing,,,0
2008,语文,四川,老高考,2025,地方/区域卷,local,四川卷,present_local,H:\New folder\【新·PDF版】2008-2024·高考语文真题\版本2：语文（按省份分类）2008-2024\2008-2024·（四川）语文高考真题\2008年高考语文试卷（四川）（空白卷）.pdf,papers/2008/语文/四川/四川卷/2008_语文_四川_四川卷_原卷.pdf,2
2008,语文,贵州,老高考,2024,全国卷,common,全国II卷,present_common,H:\New folder\【新·PDF版】2008-2024·高考语文真题\版本2：语文（按省份分类）2008-2024\2008-2024·（贵州）语文高考真题\2008年高考语文试卷（全国Ⅱ卷）（空白卷）.pdf,papers/2008/语文/全国/全国II卷/2008_语文_贵州_全国II卷_原卷.pdf,2
2008,语文,云南,老高考,2025,全国卷,common,全国II卷,present_common,H:\New folder\【新·PDF版】2008-2024·高考语文真题\版本2：语文（按省份分类）2008-2024\2008-2024·（云南）语文高考真题\2008年高考语文试卷（全国Ⅱ卷）（空白卷）.pdf,papers/2008/语文/全国/全国II卷/2008_语文_云南_全国II卷_原卷.pdf,2
2008,语文,西藏,老高考,,全国卷,common,全国II卷,present_common,H:\New folder\【新·PDF版】2008-2024·高考语文真题\版本2：语文（按省份分类）2008-2024\2008-2024·（西藏）语文高考真题\2008年高考语文试卷（全国Ⅱ卷）（空白卷）.pdf,papers/2008/语文/全国/全国II卷/2008_语文_西藏_全国II卷_原卷.pdf,2
2008,语文,陕西,老高考,2025,全国卷,common,全国II卷,present_common,H:\New folder\【新·PDF版】2008-2024·高考语文真题\版本2：语文（按省份分类）2008-2024\2008-2024·（陕西）语文高考真题\2008年高考语文试卷（全国Ⅱ卷）（空白卷）.pdf,papers/2008/语文/全国/全国II卷/2008_语文_陕西_全国II卷_原卷.pdf,2
2008,语文,甘肃,老高考,2024,全国卷,common,全国II卷,present_common,H:\New folder\【新·PDF版】2008-2024·高考语文真题\版本2：语文（按省份分类）2008-2024\2008-2024·（甘肃）语文高考真题\2008年高考语文试卷（全国Ⅱ卷）（空白卷）.pdf,papers/2008/语文/全国/全国II卷/2008_语文_甘肃_全国II卷_原卷.pdf,2
2008,语文,青海,老高考,2025,全国卷,common,全国II卷,present_common,H:\New folder\【新·PDF版】2008-2024·高考语文真题\版本2：语文（按省份分类）2008-2024\2008-2024·（青海）语文高考真题\2008年高考语文试卷（全国Ⅱ卷）（空白卷）.pdf,papers/2008/语文/全国/全国II卷/2008_语文_青海_全国II卷_原卷.pdf,2
2008,语文,宁夏,老高考,2025,全国卷,common,海南卷,present_common,H:\New folder\【新·PDF版】2008-2024·高考语文真题\版本2：语文（按省份分类）2008-2024\2008-2024·（宁夏）语文高考真题\2008年高考语文试卷（新课标）（海南宁夏）（空白卷）.pdf,papers/2008/语文/全国/海南卷/2008_语文_宁夏_海南卷_原卷.pdf,2
2008,语文,新疆,老高考,,全国卷,common,全国II卷,present_common,H:\New folder\【新·PDF版】2008-2024·高考语文真题\版本2：语文（按省份分类）2008-2024\2008-2024·（新疆）语文高考真题\2008年高考语文试卷（全国Ⅱ卷）（空白卷）.pdf,papers/2008/语文/全国/全国II卷/2008_语文_新疆_全国II卷_原卷.pdf,2
2008,数学,北京,老高考,2020,地方/区域卷,local,北京卷,present_local,H:\New folder\【新】2008-2024·高考数学真题\【PDF版】2008-2024·高考数学真题\版本2：数学（按省份分类）2008-2024\2008-2024·（北京）数学高考真题\2008年高考数学试卷（文）（北京）（空白卷）.pdf,papers/2008/数学/北京/北京卷/2008_数学_北京_北京卷_原卷.pdf,4
2008,数学,天津,老高考,2020,地方/区域卷,local,天津卷,present_local,H:\New folder\【新】2008-2024·高考数学真题\【PDF版】2008-2024·高考数学真题\版本2：数学（按省份分类）2008-2024\2008-2024·（天津）数学高考真题\2008年高考数学试卷（文）（天津）（空白卷）.pdf,papers/2008/数学/天津/天津卷/2008_数学_天津_天津卷_原卷.pdf,4
2008,数学,河北,老高考,2021,全国卷,common,河北卷,present_common,H:\New folder\【新】2008-2024·高考数学真题\【PDF版】2008-2024·高考数学真题\版本2：数学（按省份分类）2008-2024\2008-2024·（河北）数学高考真题\2008年高考数学试卷（文）（全国卷Ⅰ）（空白卷）.pdf,papers/2008/数学/全国/河北卷/2008_数学_河北_河北卷_原卷.pdf,4
2008,数学,山西,老高考,2025,全国卷,common,山西卷,present_common,H:\New folder\【新】2008-2024·高考数学真题\【PDF版】2008-2024·高考数学真题\版本2：数学（按省份分类）2008-2024\2008-2024·（山西）数学高考真题\2008年高考数学试卷（文）（全国卷Ⅰ）（空白卷）.pdf,papers/2008/数学/全国/山西卷/2008_数学_山西_山西卷_原卷.pdf,4
2008,数学,内蒙古,老高考,2025,全国卷,common,内蒙古卷,present_common,H:\New folder\【新】2008-2024·高考数学真题\【PDF版】2008-2024·高考数学真题\版本2：数学（按省份分类）2008-2024\2008-2024·（内蒙古）数学高考真题\2008年高考数学试卷（文）（全国卷Ⅱ）（空白卷）.pdf,papers/2008/数学/全国/内蒙古卷/2008_数学_内蒙古_内蒙古卷_原卷.pdf,4
2008,数学,辽宁,老高考,2021,地方/区域卷,local,辽宁卷,present_local,H:\New folder\【新】2008-2024·高考数学真题\【PDF版】2008-2024·高考数学真题\版本2：数学（按省份分类）2008-2024\2008-2024·（辽宁）数学高考真题\2008年高考数学试卷（理）（辽宁）（空白卷）.pdf,papers/2008/数学/辽宁/辽宁卷/2008_数学_辽宁_辽宁卷_原卷.pdf,2
2008,数学,吉林,老高考,2024,全国卷,common,吉林卷,present_common,H:\New folder\【新】2008-2024·高考数学真题\【PDF版】2008-2024·高考数学真题\版本2：数学（按省份分类）2008-2024\2008-2024·（吉林）数学高考真题\2008年高考数学试卷（文）（全国卷Ⅱ）（空白卷）.pdf,papers/2008/数学/全国/吉林卷/2008_数学_吉林_吉林卷_原卷.pdf,4
2008,数学,黑龙江,老高考,2024,全国卷,common,黑龙江卷,present_common,H:\New folder\【新】2008-2024·高考数学真题\【PDF版】2008-2024·高考数学真题\版本2：数学（按省份分类）2008-2024\2008-2024·（黑龙江）数学高考真题\2008年高考数学试卷（文）（全国卷Ⅱ）（空白卷）.pdf,papers/2008/数学/全国/黑龙江卷/2008_数学_黑龙江_黑龙江卷_原卷.pdf,4
2008,数学,上海,老高考,2017,地方/区域卷,local,上海卷,present_local,H:\New folder\【新】2008-2024·高考数学真题\【PDF版】2008-2024·高考数学真题\版本2：数学（按省份分类）2008-2024\2008-2024·（上海）数学高考真题\2008年高考数学试卷（文）（上海）（空白卷）.pdf,papers/2008/数学/上海/上海卷/2008_数学_上海_上海卷_原卷.pdf,4
2008,数学,江苏,老高考,2021,地方/区域卷,local,江苏卷,present_local,H:\New folder\【新】2008-2024·高考数学真题\【PDF版】2008-2024·高考数学真题\版本2：数学（按省份分类）2008-2024\2008-2024·（江苏）数学高考真题\2008年高考数学试卷（江苏）（空白卷）.pdf,papers/2008/数学/江苏/江苏卷/2008_数学_江苏_江苏卷_原卷.pdf,2
2008,数学,浙江,老高考,2017,地方/区域卷,local,浙江卷,present_local,H:\New folder\【新】2008-2024·高考数学真题\【PDF版】2008-2024·高考数学真题\版本2：数学（按省份分类）2008-2024\2008-2024·（浙江）数学高考真题\2008年高考数学试卷（文）（浙江）（空白卷）.pdf,papers/2008/数学/浙江/浙江卷/2008_数学_浙江_浙江卷_原卷.pdf,4
2008,数学,安徽,老高考,2024,,missing,,missing,,,0
2008,数学,福建,老高考,2021,,missing,,missing,,,0
2008,数学,江西,老高考,2024,地方/区域卷,local,江西卷,present_local,H:\New folder\【新】2008-2024·高考数学真题\【PDF版】2008-2024·高考数学真题\版本2：数学（按省份分类）2008-2024\2008-2024·（江西）数学高考真题\2008年高考数学试卷（文）（江西）（空白卷）.pdf,papers/2008/数学/江西/江西卷/2008_数学_江西_江西卷_原卷.pdf,4
2008,数学,山东,老高考,2020,地方/区域卷,local,山东卷,present_local,H:\New folder\【新】2008-2024·高考数学真题\【PDF版】2008-2024·高考数学真题\版本2：数学（按省份分类）2008-2024\2008-2024·（山东）数学高考真题\2008年高考数学试卷（文）（山东）（空白卷）.pdf,papers/2008/数学/山东/山东卷/2008_数学_山东_山东卷_原卷.pdf,4
2008,数学,河南,老高考,2025,全国卷,common,河南卷,present_common,H:\New folder\【新】2008-2024·高考数学真题\【PDF版】2008-2024·高考数学真题\版本2：数学（按省份分类）2008-2024\2008-2024·（河南）数学高考真题\2008年高考数学试卷（文）（全国卷Ⅰ）（空白卷）.pdf,papers/2008/数学/全国/河南卷/2008_数学_河南_河南卷_原卷.pdf,4
2008,数学,湖北,老高考,2021,,missing,,missing,,,0
2008,数学,湖南,老高考,2021,地方/区域卷,local,湖南卷,present_local,H:\New folder\【新】2008-2024·高考数学真题\【PDF版】2008-2024·高考数学真题\版本2：数学（按省份分类）2008-2024\2008-2024·（湖南）数学高考真题\2008年高考数学试卷（文）（湖南）（空白卷）.pdf,papers/2008/数学/湖南/湖南卷/2008_数学_湖南_湖南卷_原卷.pdf,4
2008,数学,广东,老高考,2021,地方/区域卷,local,广东卷,present_local,H:\New folder\【新】2008-2024·高考数学真题\【PDF版】2008-2024·高考数学真题\版本2：数学（按省份分类）2008-2024\2008-2024·（广东）数学高考真题\2008年高考数学试卷（文）（广东）（空白卷）.pdf,papers/2008/数学/广东/广东卷/2008_数学_广东_广东卷_原卷.pdf,4
2008,数学,广西,老高考,2024,全国卷,common,广西卷,present_common,H:\New folder\【新】2008-2024·高考数学真题\【PDF版】2008-2024·高考数学真题\版本2：数学（按省份分类）2008-2024\2008-2024·（广西）数学高考真题\2008年高考数学试卷（文）（全国卷Ⅰ）（空白卷）.pdf,papers/2008/数学/全国/广西卷/2008_数学_广西_广西卷_原卷.pdf,4
2008,数学,海南,老高考,2020,全国卷,common,海南卷,present_common,H:\New folder\【新】2008-2024·高考数学真题\【PDF版】2008-2024·高考数学真题\版本2：数学（按省份分类）2008-2024\2008-2024·（海南）数学高考真题\2008年高考数学试卷（文）（新课标）（海南宁夏）（空白卷）.pdf,papers/2008/数学/全国/海南卷/2008_数学_海南_海南卷_原卷.pdf,4
2008,数学,重庆,老高考,2021,,missing,,missing,,,0
2008,数学,四川,老高考,2025,地方/区域卷,local,四川卷,present_local,H:\New folder\【新】2008-2024·高考数学真题\【PDF版】2008-2024·高考数学真题\版本2：数学（按省份分类）2008-2024\2008-2024·（四川）数学高考真题\2008年高考数学试卷（文）（四川）（延考区）（空白卷）.pdf,papers/2008/数学/四川/四川卷/2008_数学_四川_四川卷_原卷.pdf,8
2008,数学,贵州,老高考,2024,全国卷,common,贵州卷,present_common,H:\New folder\【新】2008-2024·高考数学真题\【PDF版】2008-2024·高考数学真题\版本2：数学（按省份分类）2008-2024\2008-2024·（贵州）数学高考真题\2008年高考数学试卷（文）（全国卷Ⅱ）（空白卷）.pdf,papers/2008/数学/全国/贵州卷/2008_数学_贵州_贵州卷_原卷.pdf,4
2008,数学,云南,老高考,2025,全国卷,common,云南卷,present_common,H:\New folder\【新】2008-2024·高考数学真题\【PDF版】2008-2024·高考数学真题\版本2：数学（按省份分类）2008-2024\2008-2024·（云南）数学高考真题\2008年高考数学试卷（文）（全国卷Ⅱ）（空白卷）.pdf,papers/2008/数学/全国/云南卷/2008_数学_云南_云南卷_原卷.pdf,4
2008,数学,西藏,老高考,,全国卷,common,西藏卷,present_common,H:\New folder\【新】2008-2024·高考数学真题\【PDF版】2008-2024·高考数学真题\版本2：数学（按省份分类）2008-2024\2008-2024·（西藏）数学高考真题\2008年高考数学试卷（文）（全国卷Ⅱ）（空白卷）.pdf,papers/2008/数学/全国/西藏卷/2008_数学_西藏_西藏卷_原卷.pdf,4
2008,数学,陕西,老高考,2025,地方/区域卷,local,陕西卷,present_local,H:\New folder\【新】2008-2024·高考数学真题\【PDF版】2008-2024·高考数学真题\版本2：数学（按省份分类）2008-2024\2008-2024·（陕西）数学高考真题\2008年高考数学试卷（文）（陕西）（空白卷）.pdf,papers/2008/数学/陕西/陕西卷/2008_数学_陕西_陕西卷_原卷.pdf,4
2008,数学,甘肃,老高考,2024,全国卷,common,甘肃卷,present_common,H:\New folder\【新】2008-2024·高考数学真题\【PDF版】2008-2024·高考数学真题\版本2：数学（按省份分类）2008-2024\2008-2024·（甘肃）数学高考真题\2008年高考数学试卷（文）（全国卷Ⅱ）（空白卷）.pdf,papers/2008/数学/全国/甘肃卷/2008_数学_甘肃_甘肃卷_原卷.pdf,4
2008,数学,青海,老高考,2025,全国卷,common,青海卷,present_common,H:\New folder\【新】2008-2024·高考数学真题\【PDF版】2008-2024·高考数学真题\版本2：数学（按省份分类）2008-2024\2008-2024·（青海）数学高考真题\2008年高考数学试卷（文）（全国卷Ⅱ）（空白卷）.pdf,papers/2008/数学/全国/青海卷/2008_数学_青海_青海卷_原卷.pdf,4
2008,数学,宁夏,老高考,2025,全国卷,common,海南卷,present_common,H:\New folder\【新】2008-2024·高考数学真题\【PDF版】2008-2024·高考数学真题\版本2：数学（按省份分类）2008-2024\2008-2024·（宁夏）数学高考真题\2008年高考数学试卷（文）（新课标）（海南宁夏）（空白卷）.pdf,papers/2008/数学/全国/海南卷/2008_数学_宁夏_海南卷_原卷.pdf,4
2008,数学,新疆,老高考,,全国卷,common,新疆卷,present_common,H:\New folder\【新】2008-2024·高考数学真题\【PDF版】2008-2024·高考数学真题\版本2：数学（按省份分类）2008-2024\2008-2024·（新疆）数学高考真题\2008年高考数学试卷（文）（全国卷Ⅱ）（空白卷）.pdf,papers/2008/数学/全国/新疆卷/2008_数学_新疆_新疆卷_原卷.pdf,4
2008,英语,北京,老高考,2020,地方/区域卷,local,北京卷,present_local,H:\New folder\【新·PDF版】2008-2024·高考英语真题\版本2：英语（按省份分类）2008-2024\2008-2024·（北京）英语高考真题\2008年高考英语试卷（北京）听力音频.mp3,papers/2008/英语/北京/北京卷/2008_英语_北京_北京卷_原卷.mp3,3
2008,英语,天津,老高考,2020,地方/区域卷,local,天津卷,present_local,H:\New folder\【新·PDF版】2008-2024·高考英语真题\版本2：英语（按省份分类）2008-2024\2008-2023·（天津）英语高考真题\2008年高考英语试卷（天津卷）听力音频.mp3,papers/2008/英语/天津/天津卷/2008_英语_天津_天津卷_原卷.mp3,3
2008,英语,河北,老高考,2021,全国卷,common,全国I卷,present_common,H:\New folder\【新·PDF版】2008-2024·高考英语真题\版本2：英语（按省份分类）2008-2024\2008-2024·（河北）英语高考真题\2008年高考英语试卷（全国Ⅰ卷）听力音频.mp3,papers/2008/英语/全国/全国I卷/2008_英语_河北_全国I卷_原卷.mp3,3
2008,英语,山西,老高考,2025,全国卷,common,全国I卷,present_common,H:\New folder\【新·PDF版】2008-2024·高考英语真题\版本2：英语（按省份分类）2008-2024\2008-2024·（山西）英语高考真题\2008年高考英语试卷（全国Ⅰ卷）听力音频.mp3,papers/2008/英语/全国/全国I卷/2008_英语_山西_全国I卷_原卷.mp3,3
2008,英语,内蒙古,老高考,2025,全国卷,common,全国II卷,present_common,H:\New folder\【新·PDF版】2008-2024·高考英语真题\版本2：英语（按省份分类）2008-2024\2008-2024·（内蒙古）英语高考真题\2008年高考英语试卷（全国Ⅱ卷）听力音频.mp3,papers/2008/英语/全国/全国II卷/2008_英语_内蒙古_全国II卷_原卷.mp3,3
2008,英语,辽宁,老高考,2021,,missing,,missing,,,0
2008,英语,吉林,老高考,2024,全国卷,common,全国II卷,present_common,H:\New folder\【新·PDF版】2008-2024·高考英语真题\版本2：英语（按省份分类）2008-2024\2008-2024·（吉林）英语高考真题\2008年高考英语试卷（全国Ⅱ卷）听力音频.mp3,papers/2008/英语/全国/全国II卷/2008_英语_吉林_全国II卷_原卷.mp3,3
2008,英语,黑龙江,老高考,2024,全国卷,common,全国II卷,present_common,H:\New folder\【新·PDF版】2008-2024·高考英语真题\版本2：英语（按省份分类）2008-2024\2008-2024·（黑龙江）英语高考真题\2008年高考英语试卷（全国Ⅱ卷）听力音频.mp3,papers/2008/英语/全国/全国II卷/2008_英语_黑龙江_全国II卷_原卷.mp3,3
2008,英语,上海,老高考,2017,地方/区域卷,local,上海卷,present_local,H:\New folder\【新·PDF版】2008-2024·高考英语真题\版本2：英语（按省份分类）2008-2024\2008-2023·（上海）英语高考真题\2008年高考英语试卷（上海）（秋考）听力音频.mp3,papers/2008/英语/上海/上海卷/2008_英语_上海_上海卷_原卷.mp3,3
2008,英语,江苏,老高考,2021,地方/区域卷,local,江苏卷,present_local,H:\New folder\【新·PDF版】2008-2024·高考英语真题\版本2：英语（按省份分类）2008-2024\2008-2024·（江苏）英语高考真题\2008年高考英语试卷（江苏）听力音频.mp3,papers/2008/英语/江苏/江苏卷/2008_英语_江苏_江苏卷_原卷.mp3,3
2008,英语,浙江,老高考,2017,地方/区域卷,local,浙江卷,present_local,H:\New folder\【新·PDF版】2008-2024·高考英语真题\版本2：英语（按省份分类）2008-2024\2008-2024·（浙江）英语高考真题\2008年高考英语试卷（浙江）（空白卷）.pdf,papers/2008/英语/浙江/浙江卷/2008_英语_浙江_浙江卷_原卷.pdf,2
2008,英语,安徽,老高考,2024,,missing,,missing,,,0
2008,英语,福建,老高考,2021,,missing,,missing,,,0
2008,英语,江西,老高考,2024,,missing,,missing,,,0
2008,英语,山东,老高考,2020,地方/区域卷,local,山东卷,present_local,H:\New folder\【新·PDF版】2008-2024·高考英语真题\版本2：英语（按省份分类）2008-2024\2008-2024·（山东）英语高考真题\2008年高考英语试卷（山东）听力音频.mp3,papers/2008/英语/山东/山东卷/2008_英语_山东_山东卷_原卷.mp3,3
2008,英语,河南,老高考,2025,全国卷,common,全国I卷,present_common,H:\New folder\【新·PDF版】2008-2024·高考英语真题\版本2：英语（按省份分类）2008-2024\2008-2024·（河南）英语高考真题\2008年高考英语试卷（全国Ⅰ卷）听力音频.mp3,papers/2008/英语/全国/全国I卷/2008_英语_河南_全国I卷_原卷.mp3,3
2008,英语,湖北,老高考,2021,,missing,,missing,,,0
2008,英语,湖南,老高考,2021,地方/区域卷,local,湖南卷,present_local,H:\New folder\【新·PDF版】2008-2024·高考英语真题\版本2：英语（按省份分类）2008-2024\2008-2024·（湖南）英语高考真题\2008年高考英语试卷（湖南）听力音频.mp3,papers/2008/英语/湖南/湖南卷/2008_英语_湖南_湖南卷_原卷.mp3,3
2008,英语,广东,老高考,2021,地方/区域卷,local,广东卷,present_local,H:\New folder\【新·PDF版】2008-2024·高考英语真题\版本2：英语（按省份分类）2008-2024\2008-2024·（广东）英语高考真题\2008年高考英语试卷（广东）（空白卷）.pdf,papers/2008/英语/广东/广东卷/2008_英语_广东_广东卷_原卷.pdf,2
2008,英语,广西,老高考,2024,全国卷,common,全国I卷,present_common,H:\New folder\【新·PDF版】2008-2024·高考英语真题\版本2：英语（按省份分类）2008-2024\2008-2024·（广西）英语高考真题\2008年高考英语试卷（全国Ⅰ卷）听力音频.mp3,papers/2008/英语/全国/全国I卷/2008_英语_广西_全国I卷_原卷.mp3,3
2008,英语,海南,老高考,2020,地方/区域卷,local,海南卷,present_local,H:\New folder\【新·PDF版】2008-2024·高考英语真题\版本2：英语（按省份分类）2008-2024\2008-2024·（海南）英语高考真题\2008年高考英语试卷（宁夏、海南）听力音频.mp3,papers/2008/英语/海南/海南卷/2008_英语_海南_海南卷_原卷.mp3,3
2008,英语,重庆,老高考,2021,,missing,,missing,,,0
2008,英语,四川,老高考,2025,地方/区域卷,local,四川卷,present_local,H:\New folder\【新·PDF版】2008-2024·高考英语真题\版本2：英语（按省份分类）2008-2024\2008-2024·（四川）英语高考真题\2008年高考英语试卷（四川）（空白卷）.pdf,papers/2008/英语/四川/四川卷/2008_英语_四川_四川卷_原卷.pdf,2
2008,英语,贵州,老高考,2024,全国卷,common,全国II卷,present_common,H:\New folder\【新·PDF版】2008-2024·高考英语真题\版本2：英语（按省份分类）2008-2024\2008-2024·（贵州）英语高考真题\2008年高考英语试卷（全国Ⅱ卷）听力音频.mp3,papers/2008/英语/全国/全国II卷/2008_英语_贵州_全国II卷_原卷.mp3,3
2008,英语,云南,老高考,2025,全国卷,common,全国II卷,present_common,H:\New folder\【新·PDF版】2008-2024·高考英语真题\版本2：英语（按省份分类）2008-2024\2008-2024·（云南）英语高考真题\2008年高考英语试卷（全国Ⅱ卷）听力音频.mp3,papers/2008/英语/全国/全国II卷/2008_英语_云南_全国II卷_原卷.mp3,3
2008,英语,西藏,老高考,,全国卷,common,全国II卷,present_common,H:\New folder\【新·PDF版】2008-2024·高考英语真题\版本2：英语（按省份分类）2008-2024\2008-2024·（西藏）英语高考真题\2008年高考英语试卷（全国Ⅱ卷）听力音频.mp3,papers/2008/英语/全国/全国II卷/2008_英语_西藏_全国II卷_原卷.mp3,3
2008,英语,陕西,老高考,2025,地方/区域卷,local,陕西卷,present_local,H:\New folder\【新·PDF版】2008-2024·高考英语真题\版本2：英语（按省份分类）2008-2024\2008-2024·（陕西）英语高考真题\2008年高考英语试卷（陕西）（空白卷）.pdf,papers/2008/英语/陕西/陕西卷/2008_英语_陕西_陕西卷_原卷.pdf,2
2008,英语,甘肃,老高考,2024,全国卷,common,全国II卷,present_common,H:\New folder\【新·PDF版】2008-2024·高考英语真题\版本2：英语（按省份分类）2008-2024\2008-2024·（甘肃）英语高考真题\2008年高考英语试卷（全国Ⅱ卷）听力音频.mp3,papers/2008/英语/全国/全国II卷/2008_英语_甘肃_全国II卷_原卷.mp3,3
2008,英语,青海,老高考,2025,全国卷,common,全国II卷,present_common,H:\New folder\【新·PDF版】2008-2024·高考英语真题\版本2：英语（按省份分类）2008-2024\2008-2024·（青海）英语高考真题\2008年高考英语试卷（全国Ⅱ卷）听力音频.mp3,papers/2008/英语/全国/全国II卷/2008_英语_青海_全国II卷_原卷.mp3,3
2008,英语,宁夏,老高考,2025,地方/区域卷,local,海南卷,present_local,H:\New folder\【新·PDF版】2008-2024·高考英语真题\版本2：英语（按省份分类）2008-2024\2008-2024·（宁夏）英语高考真题\2008年高考英语试卷（宁夏、海南卷）听力音频.mp3,papers/2008/英语/宁夏/海南卷/2008_英语_宁夏_海南卷_原卷.mp3,3
2008,英语,新疆,老高考,,全国卷,common,全国II卷,present_common,H:\New folder\【新·PDF版】2008-2024·高考英语真题\版本2：英语（按省份分类）2008-2024\2008-2024·（新疆）英语高考真题\2008年高考英语试卷（全国Ⅱ卷）听力音频.mp3,papers/2008/英语/全国/全国II卷/2008_英语_新疆_全国II卷_原卷.mp3,3
2008,物理,北京,老高考,2020,地方/区域卷,local,北京卷,present_local,H:\New folder\【新·PDF版】2008-2024·高考物理真题\版本2：物理（按省份分类）2008-2024\2008-2024·（北京）物理高考真题\2008年高考物理试卷（北京）（空白卷）.pdf,papers/2008/物理/北京/北京卷/2008_物理_北京_北京卷_原卷.pdf,2
2008,物理,天津,老高考,2020,地方/区域卷,local,天津卷,present_local,H:\New folder\【新·PDF版】2008-2024·高考物理真题\版本2：物理（按省份分类）2008-2024\2008-2023·（天津）物理高考真题\2008年高考物理真题（天津）（空白卷）.pdf,papers/2008/物理/天津/天津卷/2008_物理_天津_天津卷_原卷.pdf,2
2008,物理,河北,老高考,2021,全国卷,common,河北卷,present_common,H:\New folder\【新·PDF版】2008-2024·高考物理真题\版本2：物理（按省份分类）2008-2024\2008-2024·（河北）物理高考真题\2008年高考物理试卷（全国卷Ⅰ）（空白卷）.pdf,papers/2008/物理/全国/河北卷/2008_物理_河北_河北卷_原卷.pdf,2
2008,物理,山西,老高考,2025,全国卷,common,山西卷,present_common,H:\New folder\【新·PDF版】2008-2024·高考物理真题\版本2：物理（按省份分类）2008-2024\2008-2024·（山西）物理高考真题\2008年高考物理试卷（全国卷Ⅰ）（空白卷）.pdf,papers/2008/物理/全国/山西卷/2008_物理_山西_山西卷_原卷.pdf,2
2008,物理,内蒙古,老高考,2025,全国卷,common,内蒙古卷,present_common,H:\New folder\【新·PDF版】2008-2024·高考物理真题\版本2：物理（按省份分类）2008-2024\2008-2024·（内蒙古）物理高考真题\2008年高考物理试卷（全国卷Ⅱ）（空白卷）.pdf,papers/2008/物理/全国/内蒙古卷/2008_物理_内蒙古_内蒙古卷_原卷.pdf,2
2008,物理,辽宁,老高考,2021,,missing,,missing,,,0
2008,物理,吉林,老高考,2024,全国卷,common,吉林卷,present_common,H:\New folder\【新·PDF版】2008-2024·高考物理真题\版本2：物理（按省份分类）2008-2024\2008-2024·（吉林）物理高考真题\2008年高考物理试卷（全国卷Ⅱ）（空白卷）.pdf,papers/2008/物理/全国/吉林卷/2008_物理_吉林_吉林卷_原卷.pdf,2
2008,物理,黑龙江,老高考,2024,全国卷,common,黑龙江卷,present_common,H:\New folder\【新·PDF版】2008-2024·高考物理真题\版本2：物理（按省份分类）2008-2024\2008-2024·（黑龙江）物理高考真题\2008年高考物理试卷（全国卷Ⅱ）（空白卷）.pdf,papers/2008/物理/全国/黑龙江卷/2008_物理_黑龙江_黑龙江卷_原卷.pdf,2
2008,物理,上海,老高考,2017,地方/区域卷,local,上海卷,present_local,H:\New folder\【新·PDF版】2008-2024·高考物理真题\版本2：物理（按省份分类）2008-2024\2008-2024·（上海）物理高考真题\2008年高考物理试卷（上海）（空白卷）.pdf,papers/2008/物理/上海/上海卷/2008_物理_上海_上海卷_原卷.pdf,2
2008,物理,江苏,老高考,2021,地方/区域卷,local,江苏卷,present_local,H:\New folder\【新·PDF版】2008-2024·高考物理真题\版本2：物理（按省份分类）2008-2024\2008-2024·（江苏）物理高考真题\2008年高考物理试卷（江苏）（空白卷）.pdf,papers/2008/物理/江苏/江苏卷/2008_物理_江苏_江苏卷_原卷.pdf,2
2008,物理,浙江,老高考,2017,地方/区域卷,local,浙江卷,present_local,H:\New folder\【新·PDF版】2008-2024·高考物理真题\版本2：物理（按省份分类）2008-2024\2008-2024·（浙江）物理高考真题\2008年高考物理真题（浙江）（空白卷）.pdf,papers/2008/物理/浙江/浙江卷/2008_物理_浙江_浙江卷_原卷.pdf,2
2008,物理,安徽,老高考,2024,,missing,,missing,,,0
2008,物理,福建,老高考,2021,,missing,,missing,,,0
2008,物理,江西,老高考,2024,全国卷,common,江西卷,present_common,H:\New folder\【新·PDF版】2008-2024·高考物理真题\版本2：物理（按省份分类）2008-2024\2008-2024·（江西）物理高考真题\2008年高考物理试卷（全国卷Ⅰ）（空白卷）.pdf,papers/2008/物理/全国/江西卷/2008_物理_江西_江西卷_原卷.pdf,2
2008,物理,山东,老高考,2020,地方/区域卷,local,山东卷,present_local,H:\New folder\【新·PDF版】2008-2024·高考物理真题\版本2：物理（按省份分类）2008-2024\2008-2024·（山东）物理高考真题\2008年高考物理真题（山东）（空白卷）.pdf,papers/2008/物理/山东/山东卷/2008_物理_山东_山东卷_原卷.pdf,2
2008,物理,河南,老高考,2025,全国卷,common,河南卷,present_common,H:\New folder\【新·PDF版】2008-2024·高考物理真题\版本2：物理（按省份分类）2008-2024\2008-2024·（河南）物理高考真题\2008年高考物理试卷（全国卷Ⅰ）（空白卷）.pdf,papers/2008/物理/全国/河南卷/2008_物理_河南_河南卷_原卷.pdf,2
2008,物理,湖北,老高考,2021,全国卷,common,湖北卷,present_common,H:\New folder\【新·PDF版】2008-2024·高考物理真题\版本2：物理（按省份分类）2008-2024\2008-2024·（湖北）物理高考真题\2008年高考物理试卷（全国卷Ⅰ）（空白卷）.pdf,papers/2008/物理/全国/湖北卷/2008_物理_湖北_湖北卷_原卷.pdf,2
2008,物理,湖南,老高考,2021,全国卷,common,湖南卷,present_common,H:\New folder\【新·PDF版】2008-2024·高考物理真题\版本2：物理（按省份分类）2008-2024\2008-2024·（湖南）物理高考真题\2008年高考物理试卷（全国卷Ⅰ）（空白卷）.pdf,papers/2008/物理/全国/湖南卷/2008_物理_湖南_湖南卷_原卷.pdf,2
2008,物理,广东,老高考,2021,地方/区域卷,local,广东卷,present_local,H:\New folder\【新·PDF版】2008-2024·高考物理真题\版本2：物理（按省份分类）2008-2024\2008-2024·（广东）物理高考真题\2008年高考物理试卷（广东）（空白卷）.pdf,papers/2008/物理/广东/广东卷/2008_物理_广东_广东卷_原卷.pdf,2
2008,物理,广西,老高考,2024,全国卷,common,广西卷,present_common,H:\New folder\【新·PDF版】2008-2024·高考物理真题\版本2：物理（按省份分类）2008-2024\2008-2024·（广西）物理高考真题\2008年高考物理试卷（全国卷Ⅰ）（空白卷）.pdf,papers/2008/物理/全国/广西卷/2008_物理_广西_广西卷_原卷.pdf,2
2008,物理,海南,老高考,2020,地方/区域卷,local,海南卷,present_local,H:\New folder\【新·PDF版】2008-2024·高考物理真题\版本2：物理（按省份分类）2008-2024\2008-2024·（海南）物理高考真题\2008年高考物理试卷（海南）（空白卷）.pdf,papers/2008/物理/海南/海南卷/2008_物理_海南_海南卷_原卷.pdf,2
2008,物理,重庆,老高考,2021,,missing,,missing,,,0
2008,物理,四川,老高考,2025,地方/区域卷,local,四川卷,present_local,H:\New folder\【新·PDF版】2008-2024·高考物理真题\版本2：物理（按省份分类）2008-2024\2008-2024·（四川）物理高考真题\2008年高考物理真题（四川）（空白卷）.pdf,papers/2008/物理/四川/四川卷/2008_物理_四川_四川卷_原卷.pdf,2
2008,物理,贵州,老高考,2024,全国卷,common,贵州卷,present_common,H:\New folder\【新·PDF版】2008-2024·高考物理真题\版本2：物理（按省份分类）2008-2024\2008-2023·（贵州）物理高考真题\2008年高考物理试卷（全国卷Ⅱ）（空白卷）.pdf,papers/2008/物理/全国/贵州卷/2008_物理_贵州_贵州卷_原卷.pdf,2
2008,物理,云南,老高考,2025,全国卷,common,云南卷,present_common,H:\New folder\【新·PDF版】2008-2024·高考物理真题\版本2：物理（按省份分类）2008-2024\2008-2024·（云南）物理高考真题\2008年高考物理试卷（全国卷Ⅱ）（空白卷）.pdf,papers/2008/物理/全国/云南卷/2008_物理_云南_云南卷_原卷.pdf,2
2008,物理,西藏,老高考,,全国卷,common,西藏卷,present_common,H:\New folder\【新·PDF版】2008-2024·高考物理真题\版本2：物理（按省份分类）2008-2024\2008-2024·（西藏）物理高考真题\2008年高考物理试卷（全国卷Ⅱ）（空白卷）.pdf,papers/2008/物理/全国/西藏卷/2008_物理_西藏_西藏卷_原卷.pdf,2
2008,物理,陕西,老高考,2025,全国卷,common,陕西卷,present_common,H:\New folder\【新·PDF版】2008-2024·高考物理真题\版本2：物理（按省份分类）2008-2024\2008-2024·（陕西）物理高考真题\2008年高考物理试卷（全国卷Ⅱ）（空白卷）.pdf,papers/2008/物理/全国/陕西卷/2008_物理_陕西_陕西卷_原卷.pdf,2
2008,物理,甘肃,老高考,2024,全国卷,common,甘肃卷,present_common,H:\New folder\【新·PDF版】2008-2024·高考物理真题\版本2：物理（按省份分类）2008-2024\2008-2024·（甘肃）物理高考真题\2008年高考物理试卷（全国卷Ⅱ）（空白卷）.pdf,papers/2008/物理/全国/甘肃卷/2008_物理_甘肃_甘肃卷_原卷.pdf,2
2008,物理,青海,老高考,2025,全国卷,common,青海卷,present_common,H:\New folder\【新·PDF版】2008-2024·高考物理真题\版本2：物理（按省份分类）2008-2024\2008-2024·（青海）物理高考真题\2008年高考物理试卷（全国卷Ⅱ）（空白卷）.pdf,papers/2008/物理/全国/青海卷/2008_物理_青海_青海卷_原卷.pdf,2
2008,物理,宁夏,老高考,2025,,missing,,missing,,,0
2008,物理,新疆,老高考,,全国卷,common,新疆卷,present_common,H:\New folder\【新·PDF版】2008-2024·高考物理真题\版本2：物理（按省份分类）2008-2024\2008-2024·（新疆）物理高考真题\2008年高考物理试卷（全国卷Ⅱ）（空白卷）.pdf,papers/2008/物理/全国/新疆卷/2008_物理_新疆_新疆卷_原卷.pdf,2
2008,化学,北京,老高考,2020,地方/区域卷,local,北京卷,present_local,H:\New folder\【新·PDF版】2008-2024·高考化学真题\版本2：化学（按省份分类）2008-2024\2008-2024·（北京）化学高考真题\2008年高考化学试卷（北京）（空白卷）.pdf,papers/2008/化学/北京/北京卷/2008_化学_北京_北京卷_原卷.pdf,2
2008,化学,天津,老高考,2020,地方/区域卷,local,天津卷,present_local,H:\New folder\【新·PDF版】2008-2024·高考化学真题\版本2：化学（按省份分类）2008-2024\2008-2023·（天津）化学高考真题\2008年高考化学试卷（天津）（空白卷）.pdf,papers/2008/化学/天津/天津卷/2008_化学_天津_天津卷_原卷.pdf,2
2008,化学,河北,老高考,2021,全国卷,common,河北卷,present_common,H:\New folder\【新·PDF版】2008-2024·高考化学真题\版本2：化学（按省份分类）2008-2024\2008-2024·（河北）化学高考真题\2008年高考化学试卷（全国卷Ⅰ）（空白卷）.pdf,papers/2008/化学/全国/河北卷/2008_化学_河北_河北卷_原卷.pdf,2
2008,化学,山西,老高考,2025,全国卷,common,山西卷,present_common,H:\New folder\【新·PDF版】2008-2024·高考化学真题\版本2：化学（按省份分类）2008-2024\2008-2024·（山西）化学高考真题\2008年高考化学试卷（全国卷Ⅰ）（空白卷）.pdf,papers/2008/化学/全国/山西卷/2008_化学_山西_山西卷_原卷.pdf,2
2008,化学,内蒙古,老高考,2025,全国卷,common,内蒙古卷,present_common,H:\New folder\【新·PDF版】2008-2024·高考化学真题\版本2：化学（按省份分类）2008-2024\2008-2024·（内蒙古）化学高考真题\2008年高考化学试卷（全国卷Ⅱ）（空白卷）.pdf,papers/2008/化学/全国/内蒙古卷/2008_化学_内蒙古_内蒙古卷_原卷.pdf,2
2008,化学,辽宁,老高考,2021,,missing,,missing,,,0
2008,化学,吉林,老高考,2024,全国卷,common,吉林卷,present_common,H:\New folder\【新·PDF版】2008-2024·高考化学真题\版本2：化学（按省份分类）2008-2024\2008-2024·（吉林）化学高考真题\2008年高考化学试卷（全国卷Ⅱ）（空白卷）.pdf,papers/2008/化学/全国/吉林卷/2008_化学_吉林_吉林卷_原卷.pdf,2
2008,化学,黑龙江,老高考,2024,全国卷,common,黑龙江卷,present_common,H:\New folder\【新·PDF版】2008-2024·高考化学真题\版本2：化学（按省份分类）2008-2024\2008-2024·（黑龙江）化学高考真题\2008年高考化学试卷（全国卷Ⅱ）（空白卷）.pdf,papers/2008/化学/全国/黑龙江卷/2008_化学_黑龙江_黑龙江卷_原卷.pdf,2
2008,化学,上海,老高考,2017,地方/区域卷,local,上海卷,present_local,H:\New folder\【新·PDF版】2008-2024·高考化学真题\版本2：化学（按省份分类）2008-2024\2008-2024·（上海）化学高考真题\2008年高考化学试卷（上海）（空白卷）.pdf,papers/2008/化学/上海/上海卷/2008_化学_上海_上海卷_原卷.pdf,2
2008,化学,江苏,老高考,2021,地方/区域卷,local,江苏卷,present_local,H:\New folder\【新·PDF版】2008-2024·高考化学真题\版本2：化学（按省份分类）2008-2024\2008-2024·（江苏）化学高考真题\2008年高考化学试卷（江苏）（空白卷）.pdf,papers/2008/化学/江苏/江苏卷/2008_化学_江苏_江苏卷_原卷.pdf,2
2008,化学,浙江,老高考,2017,地方/区域卷,local,浙江卷,present_local,H:\New folder\【新·PDF版】2008-2024·高考化学真题\版本2：化学（按省份分类）2008-2024\2008-2024·（浙江）化学高考真题\2008年高考化学试卷（浙江）（空白卷）.pdf,papers/2008/化学/浙江/浙江卷/2008_化学_浙江_浙江卷_原卷.pdf,2
2008,化学,安徽,老高考,2024,,missing,,missing,,,0
2008,化学,福建,老高考,2021,,missing,,missing,,,0
2008,化学,江西,老高考,2024,全国卷,common,江西卷,present_common,H:\New folder\【新·PDF版】2008-2024·高考化学真题\版本2：化学（按省份分类）2008-2024\2008-2023·（江西）化学高考真题\2008年高考化学试卷（全国卷Ⅰ）（空白卷）.pdf,papers/2008/化学/全国/江西卷/2008_化学_江西_江西卷_原卷.pdf,2
2008,化学,山东,老高考,2020,地方/区域卷,local,山东卷,present_local,H:\New folder\【新·PDF版】2008-2024·高考化学真题\版本2：化学（按省份分类）2008-2024\2008-2024·（山东）化学高考真题\2008年高考化学试卷（山东）（空白卷）.pdf,papers/2008/化学/山东/山东卷/2008_化学_山东_山东卷_原卷.pdf,2
2008,化学,河南,老高考,2025,全国卷,common,河南卷,present_common,H:\New folder\【新·PDF版】2008-2024·高考化学真题\版本2：化学（按省份分类）2008-2024\2008-2024·（河南）化学高考真题\2008年高考化学试卷（全国卷Ⅰ）（空白卷）.pdf,papers/2008/化学/全国/河南卷/2008_化学_河南_河南卷_原卷.pdf,2
2008,化学,湖北,老高考,2021,全国卷,common,湖北卷,present_common,H:\New folder\【新·PDF版】2008-2024·高考化学真题\版本2：化学（按省份分类）2008-2024\2008-2024·（湖北）化学高考真题\2008年高考化学试卷（全国卷Ⅰ）（空白卷）(1).pdf,papers/2008/化学/全国/湖北卷/2008_化学_湖北_湖北卷_原卷.pdf,3
2008,化学,湖南,老高考,2021,全国卷,common,湖南卷,present_common,H:\New folder\【新·PDF版】2008-2024·高考化学真题\版本2：化学（按省份分类）2008-2024\2008-2024·（湖南）化学高考真题\2008年高考化学试卷（全国卷Ⅰ）（空白卷）.pdf,papers/2008/化学/全国/湖南卷/2008_化学_湖南_湖南卷_原卷.pdf,2
2008,化学,广东,老高考,2021,地方/区域卷,local,广东卷,present_local,H:\New folder\【新·PDF版】2008-2024·高考化学真题\版本2：化学（按省份分类）2008-2024\2008-2024·（广东）化学高考真题\2008年高考化学试卷（广东）（空白卷）.pdf,papers/2008/化学/广东/广东卷/2008_化学_广东_广东卷_原卷.pdf,2
2008,化学,广西,老高考,2024,全国卷,common,广西卷,present_common,H:\New folder\【新·PDF版】2008-2024·高考化学真题\版本2：化学（按省份分类）2008-2024\2008-2023·（广西）化学高考真题\2008年高考化学试卷（全国卷Ⅰ）（空白卷）.pdf,papers/2008/化学/全国/广西卷/2008_化学_广西_广西卷_原卷.pdf,2
2008,化学,海南,老高考,2020,地方/区域卷,local,海南卷,present_local,H:\New folder\【新·PDF版】2008-2024·高考化学真题\版本2：化学（按省份分类）2008-2024\2008-2023·（海南）化学高考真题\2008年高考化学试卷（海南）（空白卷）.pdf,papers/2008/化学/海南/海南卷/2008_化学_海南_海南卷_原卷.pdf,2
2008,化学,重庆,老高考,2021,,missing,,missing,,,0
2008,化学,四川,老高考,2025,地方/区域卷,local,四川卷,present_local,H:\New folder\【新·PDF版】2008-2024·高考化学真题\版本2：化学（按省份分类）2008-2024\2008-2024·（四川）化学高考真题\2008年高考化学试卷（四川）（空白卷）.pdf,papers/2008/化学/四川/四川卷/2008_化学_四川_四川卷_原卷.pdf,2
2008,化学,贵州,老高考,2024,全国卷,common,贵州卷,present_common,H:\New folder\【新·PDF版】2008-2024·高考化学真题\版本2：化学（按省份分类）2008-2024\2008-2023·（贵州）化学高考真题\2008年高考化学试卷（全国卷Ⅱ）（空白卷）.pdf,papers/2008/化学/全国/贵州卷/2008_化学_贵州_贵州卷_原卷.pdf,2
2008,化学,云南,老高考,2025,全国卷,common,云南卷,present_common,H:\New folder\【新·PDF版】2008-2024·高考化学真题\版本2：化学（按省份分类）2008-2024\2008-2024·（云南）化学高考真题\2008年高考化学试卷（全国卷Ⅱ）（空白卷）.pdf,papers/2008/化学/全国/云南卷/2008_化学_云南_云南卷_原卷.pdf,2
2008,化学,西藏,老高考,,全国卷,common,西藏卷,present_common,H:\New folder\【新·PDF版】2008-2024·高考化学真题\版本2：化学（按省份分类）2008-2024\2008-2024·（西藏）化学高考真题\2008年高考化学试卷（全国卷Ⅱ）（空白卷）.pdf,papers/2008/化学/全国/西藏卷/2008_化学_西藏_西藏卷_原卷.pdf,2
2008,化学,陕西,老高考,2025,全国卷,common,陕西卷,present_common,H:\New folder\【新·PDF版】2008-2024·高考化学真题\版本2：化学（按省份分类）2008-2024\2008-2024·（陕西）化学高考真题\2008年高考化学试卷（全国卷Ⅱ）（空白卷）.pdf,papers/2008/化学/全国/陕西卷/2008_化学_陕西_陕西卷_原卷.pdf,2
2008,化学,甘肃,老高考,2024,全国卷,common,甘肃卷,present_common,H:\New folder\【新·PDF版】2008-2024·高考化学真题\版本2：化学（按省份分类）2008-2024\2008-2024·（甘肃）化学高考真题\2008年高考化学试卷（全国卷Ⅱ）（空白卷）.pdf,papers/2008/化学/全国/甘肃卷/2008_化学_甘肃_甘肃卷_原卷.pdf,2
2008,化学,青海,老高考,2025,全国卷,common,青海卷,present_common,H:\New folder\【新·PDF版】2008-2024·高考化学真题\版本2：化学（按省份分类）2008-2024\2008-2024·（青海）化学高考真题\2008年高考化学试卷（全国卷Ⅱ）（空白卷）.pdf,papers/2008/化学/全国/青海卷/2008_化学_青海_青海卷_原卷.pdf,2
2008,化学,宁夏,老高考,2025,,missing,,missing,,,0
2008,化学,新疆,老高考,,全国卷,common,新疆卷,present_common,H:\New folder\【新·PDF版】2008-2024·高考化学真题\版本2：化学（按省份分类）2008-2024\2008-2024·（新疆）化学高考真题\2008年高考化学试卷（全国卷Ⅱ）（空白卷）.pdf,papers/2008/化学/全国/新疆卷/2008_化学_新疆_新疆卷_原卷.pdf,2
2008,生物,北京,老高考,2020,地方/区域卷,local,北京卷,present_local,H:\New folder\【新·PDF版】2008-2024·高考生物真题\版本2：生物（按省份分类）2008-2024\2008-2024·（北京）生物高考真题\2008年高考生物试卷（北京）（空白卷）.pdf,papers/2008/生物/北京/北京卷/2008_生物_北京_北京卷_原卷.pdf,2
2008,生物,天津,老高考,2020,地方/区域卷,local,天津卷,present_local,H:\New folder\【新·PDF版】2008-2024·高考生物真题\版本2：生物（按省份分类）2008-2024\2008-2023·（天津）生物高考真题\2008年高考生物试卷（天津）（空白卷）.pdf,papers/2008/生物/天津/天津卷/2008_生物_天津_天津卷_原卷.pdf,2
2008,生物,河北,老高考,2021,全国卷,common,河北卷,present_common,H:\New folder\【新·PDF版】2008-2024·高考生物真题\版本2：生物（按省份分类）2008-2024\2008-2024·（河北）生物高考真题\2008年高考生物试卷（全国卷Ⅰ）（空白卷）.pdf,papers/2008/生物/全国/河北卷/2008_生物_河北_河北卷_原卷.pdf,2
2008,生物,山西,老高考,2025,全国卷,common,山西卷,present_common,H:\New folder\【新·PDF版】2008-2024·高考生物真题\版本2：生物（按省份分类）2008-2024\2008-2024·（山西）生物高考真题\2008年高考生物试卷（全国卷Ⅰ）（空白卷）.pdf,papers/2008/生物/全国/山西卷/2008_生物_山西_山西卷_原卷.pdf,2
2008,生物,内蒙古,老高考,2025,全国卷,common,内蒙古卷,present_common,H:\New folder\【新·PDF版】2008-2024·高考生物真题\版本2：生物（按省份分类）2008-2024\2008-2024·（内蒙古）生物高考真题\2008年高考生物试卷（全国卷Ⅱ）（空白卷）.pdf,papers/2008/生物/全国/内蒙古卷/2008_生物_内蒙古_内蒙古卷_原卷.pdf,2
2008,生物,辽宁,老高考,2021,,missing,,missing,,,0
2008,生物,吉林,老高考,2024,全国卷,common,吉林卷,present_common,H:\New folder\【新·PDF版】2008-2024·高考生物真题\版本2：生物（按省份分类）2008-2024\2008-2024·（吉林）生物高考真题\2008年高考生物试卷（全国卷Ⅱ）（空白卷）.pdf,papers/2008/生物/全国/吉林卷/2008_生物_吉林_吉林卷_原卷.pdf,2
2008,生物,黑龙江,老高考,2024,全国卷,common,黑龙江卷,present_common,H:\New folder\【新·PDF版】2008-2024·高考生物真题\版本2：生物（按省份分类）2008-2024\2008-2024·（黑龙江）生物高考真题\2008年高考生物试卷（全国卷Ⅱ）（空白卷）.pdf,papers/2008/生物/全国/黑龙江卷/2008_生物_黑龙江_黑龙江卷_原卷.pdf,2
2008,生物,上海,老高考,2017,地方/区域卷,local,上海卷,present_local,H:\New folder\【新·PDF版】2008-2024·高考生物真题\版本2：生物（按省份分类）2008-2024\2008-2022·（上海）生物高考真题\2008年高考生物试卷（上海）（空白卷）.pdf,papers/2008/生物/上海/上海卷/2008_生物_上海_上海卷_原卷.pdf,2
2008,生物,江苏,老高考,2021,地方/区域卷,local,江苏卷,present_local,H:\New folder\【新·PDF版】2008-2024·高考生物真题\版本2：生物（按省份分类）2008-2024\2008-2023·（江苏）生物高考真题\2008年高考生物试卷（江苏）（空白卷）.pdf,papers/2008/生物/江苏/江苏卷/2008_生物_江苏_江苏卷_原卷.pdf,2
2008,生物,浙江,老高考,2017,地方/区域卷,local,浙江卷,present_local,H:\New folder\【新·PDF版】2008-2024·高考生物真题\版本2：生物（按省份分类）2008-2024\2008-2024·（浙江）生物高考真题\2008年高考生物试卷（浙江）（空白卷）.pdf,papers/2008/生物/浙江/浙江卷/2008_生物_浙江_浙江卷_原卷.pdf,2
2008,生物,安徽,老高考,2024,,missing,,missing,,,0
2008,生物,福建,老高考,2021,,missing,,missing,,,0
2008,生物,江西,老高考,2024,全国卷,common,江西卷,present_common,H:\New folder\【新·PDF版】2008-2024·高考生物真题\版本2：生物（按省份分类）2008-2024\2008-2024·（江西）生物高考真题\2008年高考生物试卷（全国卷Ⅰ）（空白卷）.pdf,papers/2008/生物/全国/江西卷/2008_生物_江西_江西卷_原卷.pdf,2
2008,生物,山东,老高考,2020,地方/区域卷,local,山东卷,present_local,H:\New folder\【新·PDF版】2008-2024·高考生物真题\版本2：生物（按省份分类）2008-2024\2008-2024·（山东）生物高考真题\2008年高考生物试卷（山东）（空白卷）.pdf,papers/2008/生物/山东/山东卷/2008_生物_山东_山东卷_原卷.pdf,2
2008,生物,河南,老高考,2025,全国卷,common,河南卷,present_common,H:\New folder\【新·PDF版】2008-2024·高考生物真题\版本2：生物（按省份分类）2008-2024\2008-2024·（河南）生物高考真题\2008年高考生物试卷（全国卷Ⅰ）（空白卷）.pdf,papers/2008/生物/全国/河南卷/2008_生物_河南_河南卷_原卷.pdf,2
2008,生物,湖北,老高考,2021,全国卷,common,湖北卷,present_common,H:\New folder\【新·PDF版】2008-2024·高考生物真题\版本2：生物（按省份分类）2008-2024\2008-2024·（湖北）生物高考真题\2008年高考生物试卷（全国卷Ⅰ）（空白卷）.pdf,papers/2008/生物/全国/湖北卷/2008_生物_湖北_湖北卷_原卷.pdf,2
2008,生物,湖南,老高考,2021,全国卷,common,湖南卷,present_common,H:\New folder\【新·PDF版】2008-2024·高考生物真题\版本2：生物（按省份分类）2008-2024\2008-2024·（湖南）生物高考真题\2008年高考生物试卷（全国卷Ⅰ）（空白卷）.pdf,papers/2008/生物/全国/湖南卷/2008_生物_湖南_湖南卷_原卷.pdf,2
2008,生物,广东,老高考,2021,地方/区域卷,local,广东卷,present_local,H:\New folder\【新·PDF版】2008-2024·高考生物真题\版本2：生物（按省份分类）2008-2024\2008-2024·（广东）生物高考真题\2008年高考生物试卷（广东）（空白卷）.pdf,papers/2008/生物/广东/广东卷/2008_生物_广东_广东卷_原卷.pdf,2
2008,生物,广西,老高考,2024,全国卷,common,广西卷,present_common,H:\New folder\【新·PDF版】2008-2024·高考生物真题\版本2：生物（按省份分类）2008-2024\2008-2023·（广西）生物高考真题\2008年高考生物试卷（全国卷Ⅰ）（空白卷）.pdf,papers/2008/生物/全国/广西卷/2008_生物_广西_广西卷_原卷.pdf,2
2008,生物,海南,老高考,2020,地方/区域卷,local,海南卷,present_local,H:\New folder\【新·PDF版】2008-2024·高考生物真题\版本2：生物（按省份分类）2008-2024\2008-2023·（海南）生物高考真题\2008年高考生物试卷（海南）（空白卷）.pdf,papers/2008/生物/海南/海南卷/2008_生物_海南_海南卷_原卷.pdf,2
2008,生物,重庆,老高考,2021,,missing,,missing,,,0
2008,生物,四川,老高考,2025,地方/区域卷,local,四川卷,present_local,H:\New folder\【新·PDF版】2008-2024·高考生物真题\版本2：生物（按省份分类）2008-2024\2008-2024·（四川）生物高考真题\2008年高考生物试卷（四川）（空白卷）.pdf,papers/2008/生物/四川/四川卷/2008_生物_四川_四川卷_原卷.pdf,2
2008,生物,贵州,老高考,2024,全国卷,common,贵州卷,present_common,H:\New folder\【新·PDF版】2008-2024·高考生物真题\版本2：生物（按省份分类）2008-2024\2008-2023·（贵州）生物高考真题\2008年高考生物试卷（全国卷Ⅱ）（空白卷）.pdf,papers/2008/生物/全国/贵州卷/2008_生物_贵州_贵州卷_原卷.pdf,2
2008,生物,云南,老高考,2025,全国卷,common,云南卷,present_common,H:\New folder\【新·PDF版】2008-2024·高考生物真题\版本2：生物（按省份分类）2008-2024\2008-2024·（云南）生物高考真题\2008年高考生物试卷（全国卷Ⅱ）（空白卷）.pdf,papers/2008/生物/全国/云南卷/2008_生物_云南_云南卷_原卷.pdf,2
2008,生物,西藏,老高考,,全国卷,common,西藏卷,present_common,H:\New folder\【新·PDF版】2008-2024·高考生物真题\版本2：生物（按省份分类）2008-2024\2008-2024·（西藏）生物高考真题\2008年高考生物试卷（全国卷Ⅱ）（空白卷）.pdf,papers/2008/生物/全国/西藏卷/2008_生物_西藏_西藏卷_原卷.pdf,2
2008,生物,陕西,老高考,2025,全国卷,common,陕西卷,present_common,H:\New folder\【新·PDF版】2008-2024·高考生物真题\版本2：生物（按省份分类）2008-2024\2008-2024·（陕西）生物高考真题\2008年高考生物试卷（全国卷Ⅱ）（空白卷）.pdf,papers/2008/生物/全国/陕西卷/2008_生物_陕西_陕西卷_原卷.pdf,2
2008,生物,甘肃,老高考,2024,全国卷,common,甘肃卷,present_common,H:\New folder\【新·PDF版】2008-2024·高考生物真题\版本2：生物（按省份分类）2008-2024\2008-2024·（甘肃）生物高考真题\2008年高考生物试卷（全国卷Ⅱ）（空白卷）.pdf,papers/2008/生物/全国/甘肃卷/2008_生物_甘肃_甘肃卷_原卷.pdf,2
2008,生物,青海,老高考,2025,全国卷,common,青海卷,present_common,H:\New folder\【新·PDF版】2008-2024·高考生物真题\版本2：生物（按省份分类）2008-2024\2008-2024·（青海）生物高考真题\2008年高考生物试卷（全国卷Ⅱ）（空白卷）.pdf,papers/2008/生物/全国/青海卷/2008_生物_青海_青海卷_原卷.pdf,2
2008,生物,宁夏,老高考,2025,,missing,,missing,,,0
2008,生物,新疆,老高考,,全国卷,common,新疆卷,present_common,H:\New folder\【新·PDF版】2008-2024·高考生物真题\版本2：生物（按省份分类）2008-2024\2008-2024·（新疆）生物高考真题\2008年高考生物试卷（全国卷Ⅱ）（空白卷）.pdf,papers/2008/生物/全国/新疆卷/2008_生物_新疆_新疆卷_原卷.pdf,2
2008,政治,北京,老高考,2020,地方/区域卷,local,北京卷,present_local,H:\New folder\【新·PDF版】2008-2024·高考政治真题\版本2：政治（按省份分类）2008-2024\2008-2024·（北京）政治高考真题\2008年高考生物试卷（北京）（空白卷）.pdf,papers/2008/政治/北京/北京卷/2008_政治_北京_北京卷_原卷.pdf,2
2008,政治,天津,老高考,2020,地方/区域卷,local,天津卷,present_local,H:\New folder\【新·PDF版】2008-2024·高考政治真题\版本2：政治（按省份分类）2008-2024\2008-2023·（天津）政治高考真题\2008年高考政治试卷（天津）（空白卷）.pdf,papers/2008/政治/天津/天津卷/2008_政治_天津_天津卷_原卷.pdf,2
2008,政治,河北,老高考,2021,全国卷,common,全国I卷,present_common,H:\New folder\【新·PDF版】2008-2024·高考政治真题\版本2：政治（按省份分类）2008-2024\2008-2021_2023·（河北）政治高考真题\2008年高考政治试卷（全国Ⅰ卷）（空白卷）.pdf,papers/2008/政治/全国/全国I卷/2008_政治_河北_全国I卷_原卷.pdf,2
2008,政治,山西,老高考,2025,全国卷,common,全国I卷,present_common,H:\New folder\【新·PDF版】2008-2024·高考政治真题\版本2：政治（按省份分类）2008-2024\2008-2024·（山西）政治高考真题\2008年高考政治试卷（全国Ⅰ卷）（空白卷）.pdf,papers/2008/政治/全国/全国I卷/2008_政治_山西_全国I卷_原卷.pdf,2
2008,政治,内蒙古,老高考,2025,全国卷,common,全国II卷,present_common,H:\New folder\【新·PDF版】2008-2024·高考政治真题\版本2：政治（按省份分类）2008-2024\2008-2023·（内蒙古）政治高考真题\2008年高考政治试卷（全国Ⅱ卷）（空白卷）.pdf,papers/2008/政治/全国/全国II卷/2008_政治_内蒙古_全国II卷_原卷.pdf,2
2008,政治,辽宁,老高考,2021,,missing,,missing,,,0
2008,政治,吉林,老高考,2024,全国卷,common,全国II卷,present_common,H:\New folder\【新·PDF版】2008-2024·高考政治真题\版本2：政治（按省份分类）2008-2024\2008-2024·（吉林）政治高考真题\2008年高考政治试卷（全国Ⅱ卷）（空白卷）.pdf,papers/2008/政治/全国/全国II卷/2008_政治_吉林_全国II卷_原卷.pdf,2
2008,政治,黑龙江,老高考,2024,全国卷,common,全国II卷,present_common,H:\New folder\【新·PDF版】2008-2024·高考政治真题\版本2：政治（按省份分类）2008-2024\2008-2024·（黑龙江）政治高考真题\2008年高考政治试卷（全国Ⅱ卷）（空白卷）.pdf,papers/2008/政治/全国/全国II卷/2008_政治_黑龙江_全国II卷_原卷.pdf,2
2008,政治,上海,老高考,2017,地方/区域卷,local,上海卷,present_local,H:\New folder\【新·PDF版】2008-2024·高考政治真题\版本2：政治（按省份分类）2008-2024\2008-2017·（上海）政治高考真题\2008年高考政治试卷（上海）（空白卷）.pdf,papers/2008/政治/上海/上海卷/2008_政治_上海_上海卷_原卷.pdf,2
2008,政治,江苏,老高考,2021,地方/区域卷,local,江苏卷,present_local,H:\New folder\【新·PDF版】2008-2024·高考政治真题\版本2：政治（按省份分类）2008-2024\2008-2023·（江苏）政治高考真题\2008年高考政治试卷（江苏）（解析卷）.pdf,papers/2008/政治/江苏/江苏卷/2008_政治_江苏_江苏卷_原卷.pdf,2
2008,政治,浙江,老高考,2017,地方/区域卷,local,浙江卷,present_local,H:\New folder\【新·PDF版】2008-2024·高考政治真题\版本2：政治（按省份分类）2008-2024\2008-2024·（浙江）政治高考真题\2008年高考政治试卷（浙江）（空白卷）.pdf,papers/2008/政治/浙江/浙江卷/2008_政治_浙江_浙江卷_原卷.pdf,2
2008,政治,安徽,老高考,2024,,missing,,missing,,,0
2008,政治,福建,老高考,2021,,missing,,missing,,,0
2008,政治,江西,老高考,2024,全国卷,common,全国I卷,present_common,H:\New folder\【新·PDF版】2008-2024·高考政治真题\版本2：政治（按省份分类）2008-2024\2008-2023·（江西）政治高考真题\2008年高考政治试卷（全国Ⅰ卷）（空白卷）.pdf,papers/2008/政治/全国/全国I卷/2008_政治_江西_全国I卷_原卷.pdf,2
2008,政治,山东,老高考,2020,地方/区域卷,local,山东卷,present_local,H:\New folder\【新·PDF版】2008-2024·高考政治真题\版本2：政治（按省份分类）2008-2024\2008-2024·（山东）政治高考真题\2008年高考生物政治（山东）（空白卷）.pdf,papers/2008/政治/山东/山东卷/2008_政治_山东_山东卷_原卷.pdf,2
2008,政治,河南,老高考,2025,全国卷,common,全国I卷,present_common,H:\New folder\【新·PDF版】2008-2024·高考政治真题\版本2：政治（按省份分类）2008-2024\2008-2024·（河南）政治高考真题\2008年高考政治试卷（全国Ⅰ卷）（空白卷）.pdf,papers/2008/政治/全国/全国I卷/2008_政治_河南_全国I卷_原卷.pdf,2
2008,政治,湖北,老高考,2021,全国卷,common,全国I卷,present_common,H:\New folder\【新·PDF版】2008-2024·高考政治真题\版本2：政治（按省份分类）2008-2024\2008-2024·（湖北）政治高考真题\2008年高考政治试卷（全国Ⅰ卷）（空白卷）.pdf,papers/2008/政治/全国/全国I卷/2008_政治_湖北_全国I卷_原卷.pdf,2
2008,政治,湖南,老高考,2021,全国卷,common,全国I卷,present_common,H:\New folder\【新·PDF版】2008-2024·高考政治真题\版本2：政治（按省份分类）2008-2024\2008-2024·（湖南）政治高考真题\2008年高考政治试卷（全国Ⅰ卷）（空白卷）.pdf,papers/2008/政治/全国/全国I卷/2008_政治_湖南_全国I卷_原卷.pdf,2
2008,政治,广东,老高考,2021,地方/区域卷,local,广东卷,present_local,H:\New folder\【新·PDF版】2008-2024·高考政治真题\版本2：政治（按省份分类）2008-2024\2008-2024·（广东）政治高考真题\2008年高考政治试卷（广东）（空白卷）.pdf,papers/2008/政治/广东/广东卷/2008_政治_广东_广东卷_原卷.pdf,2
2008,政治,广西,老高考,2024,全国卷,common,全国I卷,present_common,H:\New folder\【新·PDF版】2008-2024·高考政治真题\版本2：政治（按省份分类）2008-2024\2008-2023·（广西）政治高考真题\2008年高考政治试卷（全国Ⅰ卷）（空白卷）.pdf,papers/2008/政治/全国/全国I卷/2008_政治_广西_全国I卷_原卷.pdf,2
2008,政治,海南,老高考,2020,地方/区域卷,local,海南卷,present_local,H:\New folder\【新·PDF版】2008-2024·高考政治真题\版本2：政治（按省份分类）2008-2024\2008-2023·（海南）政治高考真题\2008年高考政治试卷（海南）（空白卷）.pdf,papers/2008/政治/海南/海南卷/2008_政治_海南_海南卷_原卷.pdf,2
2008,政治,重庆,老高考,2021,,missing,,missing,,,0
2008,政治,四川,老高考,2025,地方/区域卷,local,四川卷,present_local,H:\New folder\【新·PDF版】2008-2024·高考政治真题\版本2：政治（按省份分类）2008-2024\2008-2023·（四川）政治高考真题\2008年高考政治试卷（四川）（空白卷）.pdf,papers/2008/政治/四川/四川卷/2008_政治_四川_四川卷_原卷.pdf,2
2008,政治,贵州,老高考,2024,全国卷,common,全国II卷,present_common,H:\New folder\【新·PDF版】2008-2024·高考政治真题\版本2：政治（按省份分类）2008-2024\2008-2023·（贵州）政治高考真题\2008年高考政治试卷（全国Ⅱ卷）（空白卷）.pdf,papers/2008/政治/全国/全国II卷/2008_政治_贵州_全国II卷_原卷.pdf,2
2008,政治,云南,老高考,2025,全国卷,common,全国II卷,present_common,H:\New folder\【新·PDF版】2008-2024·高考政治真题\版本2：政治（按省份分类）2008-2024\2008-2024·（云南）政治高考真题\2008年高考政治试卷（全国Ⅱ卷）（空白卷）.pdf,papers/2008/政治/全国/全国II卷/2008_政治_云南_全国II卷_原卷.pdf,2
2008,政治,西藏,老高考,,全国卷,common,全国II卷,present_common,H:\New folder\【新·PDF版】2008-2024·高考政治真题\版本2：政治（按省份分类）2008-2024\2008-2024·（西藏）政治高考真题\2008年高考政治试卷（全国Ⅱ卷）（空白卷）.pdf,papers/2008/政治/全国/全国II卷/2008_政治_西藏_全国II卷_原卷.pdf,2
2008,政治,陕西,老高考,2025,全国卷,common,全国II卷,present_common,H:\New folder\【新·PDF版】2008-2024·高考政治真题\版本2：政治（按省份分类）2008-2024\2008-2023·（陕西）政治高考真题\2008年高考政治试卷（全国Ⅱ卷）（空白卷）.pdf,papers/2008/政治/全国/全国II卷/2008_政治_陕西_全国II卷_原卷.pdf,2
2008,政治,甘肃,老高考,2024,全国卷,common,全国II卷,present_common,H:\New folder\【新·PDF版】2008-2024·高考政治真题\版本2：政治（按省份分类）2008-2024\2008-2023·（甘肃）政治高考真题\2008年高考政治试卷（全国Ⅱ卷）（空白卷）.pdf,papers/2008/政治/全国/全国II卷/2008_政治_甘肃_全国II卷_原卷.pdf,2
2008,政治,青海,老高考,2025,全国卷,common,全国II卷,present_common,H:\New folder\【新·PDF版】2008-2024·高考政治真题\版本2：政治（按省份分类）2008-2024\2008-2023·（青海）政治高考真题\2008年高考政治试卷（全国Ⅱ卷）（空白卷）.pdf,papers/2008/政治/全国/全国II卷/2008_政治_青海_全国II卷_原卷.pdf,2
2008,政治,宁夏,老高考,2025,,missing,,missing,,,0
2008,政治,新疆,老高考,,全国卷,common,全国II卷,present_common,H:\New folder\【新·PDF版】2008-2024·高考政治真题\版本2：政治（按省份分类）2008-2024\2008-2024·（新疆）政治高考真题\2008年高考政治试卷（全国Ⅱ卷）（空白卷）.pdf,papers/2008/政治/全国/全国II卷/2008_政治_新疆_全国II卷_原卷.pdf,2
2008,历史,北京,老高考,2020,地方/区域卷,local,北京卷,present_local,H:\New folder\【新·PDF版】2008-2024·高考历史真题\版本2：历史（按省份分类）2008-2024\2008-2024·（北京）历史高考真题\2008年高考历史试卷（北京）（空白卷）.pdf,papers/2008/历史/北京/北京卷/2008_历史_北京_北京卷_原卷.pdf,2
2008,历史,天津,老高考,2020,地方/区域卷,local,天津卷,present_local,H:\New folder\【新·PDF版】2008-2024·高考历史真题\版本2：历史（按省份分类）2008-2024\2008-2023·（天津）历史高考真题\2008年高考历史试卷（天津）（空白卷）.pdf,papers/2008/历史/天津/天津卷/2008_历史_天津_天津卷_原卷.pdf,2
2008,历史,河北,老高考,2021,全国卷,common,河北卷,present_common,H:\New folder\【新·PDF版】2008-2024·高考历史真题\版本2：历史（按省份分类）2008-2024\2008-2023·（河北）历史高考真题\2008年高考历史试卷（全国卷Ⅰ）（空白卷）.pdf,papers/2008/历史/全国/河北卷/2008_历史_河北_河北卷_原卷.pdf,2
2008,历史,山西,老高考,2025,全国卷,common,山西卷,present_common,H:\New folder\【新·PDF版】2008-2024·高考历史真题\版本2：历史（按省份分类）2008-2024\2008-2024·（山西）历史高考真题\2008年高考历史试卷（全国卷Ⅰ）（空白卷）.pdf,papers/2008/历史/全国/山西卷/2008_历史_山西_山西卷_原卷.pdf,2
2008,历史,内蒙古,老高考,2025,全国卷,common,内蒙古卷,present_common,H:\New folder\【新·PDF版】2008-2024·高考历史真题\版本2：历史（按省份分类）2008-2024\2008-2024·（内蒙古）历史高考真题\2008年高考历史试卷（全国卷Ⅱ）（空白卷）.pdf,papers/2008/历史/全国/内蒙古卷/2008_历史_内蒙古_内蒙古卷_原卷.pdf,2
2008,历史,辽宁,老高考,2021,,missing,,missing,,,0
2008,历史,吉林,老高考,2024,全国卷,common,吉林卷,present_common,H:\New folder\【新·PDF版】2008-2024·高考历史真题\版本2：历史（按省份分类）2008-2024\2008-2024·（吉林）历史高考真题\2008年高考历史试卷（全国卷Ⅱ）（空白卷）.pdf,papers/2008/历史/全国/吉林卷/2008_历史_吉林_吉林卷_原卷.pdf,2
2008,历史,黑龙江,老高考,2024,全国卷,common,黑龙江卷,present_common,H:\New folder\【新·PDF版】2008-2024·高考历史真题\版本2：历史（按省份分类）2008-2024\2008-2024·（黑龙江）历史高考真题\2008年高考历史试卷（全国卷Ⅱ）（空白卷）.pdf,papers/2008/历史/全国/黑龙江卷/2008_历史_黑龙江_黑龙江卷_原卷.pdf,2
2008,历史,上海,老高考,2017,地方/区域卷,local,上海卷,present_local,"H:\New folder\【新·PDF版】2008-2024·高考历史真题\版本2：历史（按省份分类）2008-2024\2008-2017_2019,2024·（上海）历史高考真题\2008年高考历史试卷（上海）（空白卷）.pdf",papers/2008/历史/上海/上海卷/2008_历史_上海_上海卷_原卷.pdf,2
2008,历史,江苏,老高考,2021,地方/区域卷,local,江苏卷,present_local,H:\New folder\【新·PDF版】2008-2024·高考历史真题\版本2：历史（按省份分类）2008-2024\2008-2024·（江苏）历史高考真题\2008年高考历史试卷（江苏）（空白卷）.pdf,papers/2008/历史/江苏/江苏卷/2008_历史_江苏_江苏卷_原卷.pdf,2
2008,历史,浙江,老高考,2017,地方/区域卷,local,浙江卷,present_local,H:\New folder\【新·PDF版】2008-2024·高考历史真题\版本2：历史（按省份分类）2008-2024\2008-2024·（浙江）历史高考真题\2008年高考历史试卷（浙江）（空白卷）.pdf,papers/2008/历史/浙江/浙江卷/2008_历史_浙江_浙江卷_原卷.pdf,2
2008,历史,安徽,老高考,2024,,missing,,missing,,,0
2008,历史,福建,老高考,2021,,missing,,missing,,,0
2008,历史,江西,老高考,2024,全国卷,common,江西卷,present_common,H:\New folder\【新·PDF版】2008-2024·高考历史真题\版本2：历史（按省份分类）2008-2024\2008-2023·（江西）历史高考真题\2008年高考历史试卷（全国卷Ⅰ）（空白卷）.pdf,papers/2008/历史/全国/江西卷/2008_历史_江西_江西卷_原卷.pdf,2
2008,历史,山东,老高考,2020,地方/区域卷,local,山东卷,present_local,H:\New folder\【新·PDF版】2008-2024·高考历史真题\版本2：历史（按省份分类）2008-2024\2008-2024·（山东）历史高考真题\2008年高考历史试卷（山东）（空白卷）.pdf,papers/2008/历史/山东/山东卷/2008_历史_山东_山东卷_原卷.pdf,2
2008,历史,河南,老高考,2025,全国卷,common,河南卷,present_common,H:\New folder\【新·PDF版】2008-2024·高考历史真题\版本2：历史（按省份分类）2008-2024\2008-2024·（河南）历史高考真题\2008年高考历史试卷（全国卷Ⅰ）（空白卷）.pdf,papers/2008/历史/全国/河南卷/2008_历史_河南_河南卷_原卷.pdf,2
2008,历史,湖北,老高考,2021,全国卷,common,湖北卷,present_common,H:\New folder\【新·PDF版】2008-2024·高考历史真题\版本2：历史（按省份分类）2008-2024\2008-2024·（湖北）历史高考真题\2008年高考历史试卷（全国卷Ⅰ）（空白卷）.pdf,papers/2008/历史/全国/湖北卷/2008_历史_湖北_湖北卷_原卷.pdf,2
2008,历史,湖南,老高考,2021,全国卷,common,湖南卷,present_common,H:\New folder\【新·PDF版】2008-2024·高考历史真题\版本2：历史（按省份分类）2008-2024\2008-2024·（湖南）历史高考真题\2008年高考历史试卷（全国卷Ⅰ）（空白卷）.pdf,papers/2008/历史/全国/湖南卷/2008_历史_湖南_湖南卷_原卷.pdf,2
2008,历史,广东,老高考,2021,地方/区域卷,local,广东卷,present_local,H:\New folder\【新·PDF版】2008-2024·高考历史真题\版本2：历史（按省份分类）2008-2024\2008-2024·（广东）历史高考真题\2008年高考历史试卷（广东）（空白卷）.pdf,papers/2008/历史/广东/广东卷/2008_历史_广东_广东卷_原卷.pdf,2
2008,历史,广西,老高考,2024,全国卷,common,广西卷,present_common,H:\New folder\【新·PDF版】2008-2024·高考历史真题\版本2：历史（按省份分类）2008-2024\2008-2023·（广西）历史高考真题\2008年高考历史试卷（全国卷Ⅰ）（空白卷）.pdf,papers/2008/历史/全国/广西卷/2008_历史_广西_广西卷_原卷.pdf,2
2008,历史,海南,老高考,2020,地方/区域卷,local,海南卷,present_local,H:\New folder\【新·PDF版】2008-2024·高考历史真题\版本2：历史（按省份分类）2008-2024\2008-2023·（海南）历史高考真题\2008年高考历史试卷（海南）（空白卷）.pdf,papers/2008/历史/海南/海南卷/2008_历史_海南_海南卷_原卷.pdf,2
2008,历史,重庆,老高考,2021,,missing,,missing,,,0
2008,历史,四川,老高考,2025,地方/区域卷,local,四川卷,present_local,H:\New folder\【新·PDF版】2008-2024·高考历史真题\版本2：历史（按省份分类）2008-2024\2008-2024·（四川）历史高考真题\2008年高考历史试卷（四川）（空白卷）.pdf,papers/2008/历史/四川/四川卷/2008_历史_四川_四川卷_原卷.pdf,2
2008,历史,贵州,老高考,2024,全国卷,common,贵州卷,present_common,H:\New folder\【新·PDF版】2008-2024·高考历史真题\版本2：历史（按省份分类）2008-2024\2008-2023·（贵州）历史高考真题\2008年高考历史试卷（全国卷Ⅱ）（空白卷）.pdf,papers/2008/历史/全国/贵州卷/2008_历史_贵州_贵州卷_原卷.pdf,2
2008,历史,云南,老高考,2025,全国卷,common,云南卷,present_common,H:\New folder\【新·PDF版】2008-2024·高考历史真题\版本2：历史（按省份分类）2008-2024\2008-2024·（云南）历史高考真题\2008年高考历史试卷（全国卷Ⅱ）（空白卷）.pdf,papers/2008/历史/全国/云南卷/2008_历史_云南_云南卷_原卷.pdf,2
2008,历史,西藏,老高考,,全国卷,common,西藏卷,present_common,H:\New folder\【新·PDF版】2008-2024·高考历史真题\版本2：历史（按省份分类）2008-2024\2008-2024·（西藏）历史高考真题\2008年高考历史试卷（全国卷Ⅱ）（空白卷）.pdf,papers/2008/历史/全国/西藏卷/2008_历史_西藏_西藏卷_原卷.pdf,2
2008,历史,陕西,老高考,2025,全国卷,common,陕西卷,present_common,H:\New folder\【新·PDF版】2008-2024·高考历史真题\版本2：历史（按省份分类）2008-2024\2008-2024·（陕西）历史高考真题\2008年高考历史试卷（全国卷Ⅱ）（空白卷）.pdf,papers/2008/历史/全国/陕西卷/2008_历史_陕西_陕西卷_原卷.pdf,2
2008,历史,甘肃,老高考,2024,全国卷,common,甘肃卷,present_common,H:\New folder\【新·PDF版】2008-2024·高考历史真题\版本2：历史（按省份分类）2008-2024\2008-2024·（甘肃）历史高考真题\2008年高考历史试卷（全国卷Ⅱ）（空白卷）.pdf,papers/2008/历史/全国/甘肃卷/2008_历史_甘肃_甘肃卷_原卷.pdf,2
2008,历史,青海,老高考,2025,全国卷,common,青海卷,present_common,H:\New folder\【新·PDF版】2008-2024·高考历史真题\版本2：历史（按省份分类）2008-2024\2008-2024·（青海）历史高考真题\2008年高考历史试卷（全国卷Ⅱ）（空白卷）.pdf,papers/2008/历史/全国/青海卷/2008_历史_青海_青海卷_原卷.pdf,2
2008,历史,宁夏,老高考,2025,,missing,,missing,,,0
2008,历史,新疆,老高考,,全国卷,common,新疆卷,present_common,H:\New folder\【新·PDF版】2008-2024·高考历史真题\版本2：历史（按省份分类）2008-2024\2008-2024·（新疆）历史高考真题\2008年高考历史试卷（全国卷Ⅱ）（空白卷）.pdf,papers/2008/历史/全国/新疆卷/2008_历史_新疆_新疆卷_原卷.pdf,2
2008,地理,北京,老高考,2020,地方/区域卷,local,北京卷,present_local,H:\New folder\【新·PDF版】2008-2024·高考地理真题\版本2：地理（按省份分类）2008-2024\2008-2024·（北京）地理高考真题\2008年高考地理试卷（北京）（空白卷）.pdf,papers/2008/地理/北京/北京卷/2008_地理_北京_北京卷_原卷.pdf,2
2008,地理,天津,老高考,2020,地方/区域卷,local,天津卷,present_local,H:\New folder\【新·PDF版】2008-2024·高考地理真题\版本2：地理（按省份分类）2008-2024\2008-2023·（天津）地理高考真题\2008年高考地理试卷（天津）（空白卷）.pdf,papers/2008/地理/天津/天津卷/2008_地理_天津_天津卷_原卷.pdf,2
2008,地理,河北,老高考,2021,全国卷,common,河北卷,present_common,H:\New folder\【新·PDF版】2008-2024·高考地理真题\版本2：地理（按省份分类）2008-2024\2008-2023·（河北）地理高考真题\2008年高考地理试卷（全国卷Ⅰ）（空白卷）.pdf,papers/2008/地理/全国/河北卷/2008_地理_河北_河北卷_原卷.pdf,2
2008,地理,山西,老高考,2025,全国卷,common,山西卷,present_common,H:\New folder\【新·PDF版】2008-2024·高考地理真题\版本2：地理（按省份分类）2008-2024\2008-2024·（山西）地理高考真题\2008年高考地理试卷（全国卷Ⅰ）（空白卷）.pdf,papers/2008/地理/全国/山西卷/2008_地理_山西_山西卷_原卷.pdf,2
2008,地理,内蒙古,老高考,2025,全国卷,common,内蒙古卷,present_common,H:\New folder\【新·PDF版】2008-2024·高考地理真题\版本2：地理（按省份分类）2008-2024\2008-2024·（内蒙古）地理高考真题\2008年高考地理试卷（全国卷Ⅱ）（空白卷）.pdf,papers/2008/地理/全国/内蒙古卷/2008_地理_内蒙古_内蒙古卷_原卷.pdf,2
2008,地理,辽宁,老高考,2021,,missing,,missing,,,0
2008,地理,吉林,老高考,2024,全国卷,common,吉林卷,present_common,H:\New folder\【新·PDF版】2008-2024·高考地理真题\版本2：地理（按省份分类）2008-2024\2008-2024·（吉林）地理高考真题\2008年高考地理试卷（全国卷Ⅱ）（空白卷）.pdf,papers/2008/地理/全国/吉林卷/2008_地理_吉林_吉林卷_原卷.pdf,2
2008,地理,黑龙江,老高考,2024,全国卷,common,黑龙江卷,present_common,H:\New folder\【新·PDF版】2008-2024·高考地理真题\版本2：地理（按省份分类）2008-2024\2008-2024·（黑龙江）地理高考真题\2008年高考地理试卷（全国卷Ⅱ）（空白卷）.pdf,papers/2008/地理/全国/黑龙江卷/2008_地理_黑龙江_黑龙江卷_原卷.pdf,2
2008,地理,上海,老高考,2017,地方/区域卷,local,上海卷,present_local,"H:\New folder\【新·PDF版】2008-2024·高考地理真题\版本2：地理（按省份分类）2008-2024\2008-2021,2024·（上海）地理高考真题\2008年高考地理试卷（上海）（空白卷）.pdf",papers/2008/地理/上海/上海卷/2008_地理_上海_上海卷_原卷.pdf,2
2008,地理,江苏,老高考,2021,地方/区域卷,local,江苏卷,present_local,H:\New folder\【新·PDF版】2008-2024·高考地理真题\版本2：地理（按省份分类）2008-2024\2008-2023·（江苏）地理高考真题\2008年高考地理试卷（江苏）（空白卷）.pdf,papers/2008/地理/江苏/江苏卷/2008_地理_江苏_江苏卷_原卷.pdf,2
2008,地理,浙江,老高考,2017,地方/区域卷,local,浙江卷,present_local,H:\New folder\【新·PDF版】2008-2024·高考地理真题\版本2：地理（按省份分类）2008-2024\2008-2024·（浙江）地理高考真题\2008年高考地理试卷（浙江）（空白卷）.pdf,papers/2008/地理/浙江/浙江卷/2008_地理_浙江_浙江卷_原卷.pdf,2
2008,地理,安徽,老高考,2024,,missing,,missing,,,0
2008,地理,福建,老高考,2021,,missing,,missing,,,0
2008,地理,江西,老高考,2024,全国卷,common,江西卷,present_common,H:\New folder\【新·PDF版】2008-2024·高考地理真题\版本2：地理（按省份分类）2008-2024\2008-2024·（江西）地理高考真题\2008年高考地理试卷（全国卷Ⅰ）（空白卷）.pdf,papers/2008/地理/全国/江西卷/2008_地理_江西_江西卷_原卷.pdf,2
2008,地理,山东,老高考,2020,地方/区域卷,local,山东卷,present_local,H:\New folder\【新·PDF版】2008-2024·高考地理真题\版本2：地理（按省份分类）2008-2024\2008-2024·（山东）地理高考真题\2008年高考地理试卷（山东）（空白卷）.pdf,papers/2008/地理/山东/山东卷/2008_地理_山东_山东卷_原卷.pdf,2
2008,地理,河南,老高考,2025,全国卷,common,河南卷,present_common,H:\New folder\【新·PDF版】2008-2024·高考地理真题\版本2：地理（按省份分类）2008-2024\2008-2024·（河南）地理高考真题\2008年高考地理试卷（全国卷Ⅰ）（空白卷）.pdf,papers/2008/地理/全国/河南卷/2008_地理_河南_河南卷_原卷.pdf,2
2008,地理,湖北,老高考,2021,全国卷,common,湖北卷,present_common,H:\New folder\【新·PDF版】2008-2024·高考地理真题\版本2：地理（按省份分类）2008-2024\2008-2024·（湖北）地理高考真题\2008年高考地理试卷（全国卷Ⅰ）（空白卷）.pdf,papers/2008/地理/全国/湖北卷/2008_地理_湖北_湖北卷_原卷.pdf,2
2008,地理,湖南,老高考,2021,全国卷,common,湖南卷,present_common,H:\New folder\【新·PDF版】2008-2024·高考地理真题\版本2：地理（按省份分类）2008-2024\2008-2024·（湖南）地理高考真题\2008年高考地理试卷（全国卷Ⅰ）（空白卷）.pdf,papers/2008/地理/全国/湖南卷/2008_地理_湖南_湖南卷_原卷.pdf,2
2008,地理,广东,老高考,2021,地方/区域卷,local,广东卷,present_local,H:\New folder\【新·PDF版】2008-2024·高考地理真题\版本2：地理（按省份分类）2008-2024\2008-2024·（广东）地理高考真题\2008年高考地理试卷（广东）（空白卷）.pdf,papers/2008/地理/广东/广东卷/2008_地理_广东_广东卷_原卷.pdf,2
2008,地理,广西,老高考,2024,全国卷,common,广西卷,present_common,H:\New folder\【新·PDF版】2008-2024·高考地理真题\版本2：地理（按省份分类）2008-2024\2008-2023·（广西）地理高考真题\2008年高考地理试卷（全国卷Ⅰ）（空白卷）.pdf,papers/2008/地理/全国/广西卷/2008_地理_广西_广西卷_原卷.pdf,2
2008,地理,海南,老高考,2020,地方/区域卷,local,海南卷,present_local,H:\New folder\【新·PDF版】2008-2024·高考地理真题\版本2：地理（按省份分类）2008-2024\2008-2023·（海南）地理高考真题\2008年高考地理试卷（海南）（空白卷）.pdf,papers/2008/地理/海南/海南卷/2008_地理_海南_海南卷_原卷.pdf,2
2008,地理,重庆,老高考,2021,,missing,,missing,,,0
2008,地理,四川,老高考,2025,地方/区域卷,local,四川卷,present_local,H:\New folder\【新·PDF版】2008-2024·高考地理真题\版本2：地理（按省份分类）2008-2024\2008-2024·（四川）地理高考真题\2008年高考地理试卷（四川）（空白卷）.pdf,papers/2008/地理/四川/四川卷/2008_地理_四川_四川卷_原卷.pdf,2
2008,地理,贵州,老高考,2024,全国卷,common,贵州卷,present_common,H:\New folder\【新·PDF版】2008-2024·高考地理真题\版本2：地理（按省份分类）2008-2024\2008-2023·（贵州）地理高考真题\2008年高考地理试卷（全国卷Ⅱ）（空白卷）.pdf,papers/2008/地理/全国/贵州卷/2008_地理_贵州_贵州卷_原卷.pdf,2
2008,地理,云南,老高考,2025,全国卷,common,云南卷,present_common,H:\New folder\【新·PDF版】2008-2024·高考地理真题\版本2：地理（按省份分类）2008-2024\2008-2024·（云南）地理高考真题\2008年高考地理试卷（全国卷Ⅱ）（空白卷）.pdf,papers/2008/地理/全国/云南卷/2008_地理_云南_云南卷_原卷.pdf,2
2008,地理,西藏,老高考,,全国卷,common,西藏卷,present_common,H:\New folder\【新·PDF版】2008-2024·高考地理真题\版本2：地理（按省份分类）2008-2024\2008-2024·（西藏）地理高考真题\2008年高考地理试卷（全国卷Ⅱ）（空白卷）.pdf,papers/2008/地理/全国/西藏卷/2008_地理_西藏_西藏卷_原卷.pdf,2
2008,地理,陕西,老高考,2025,全国卷,common,陕西卷,present_common,H:\New folder\【新·PDF版】2008-2024·高考地理真题\版本2：地理（按省份分类）2008-2024\2008-2024·（陕西）地理高考真题\2008年高考地理试卷（全国卷Ⅱ）（空白卷）.pdf,papers/2008/地理/全国/陕西卷/2008_地理_陕西_陕西卷_原卷.pdf,2
2008,地理,甘肃,老高考,2024,全国卷,common,甘肃卷,present_common,H:\New folder\【新·PDF版】2008-2024·高考地理真题\版本2：地理（按省份分类）2008-2024\2008-2024·（甘肃）地理高考真题\2008年高考地理试卷（全国卷Ⅱ）（空白卷）.pdf,papers/2008/地理/全国/甘肃卷/2008_地理_甘肃_甘肃卷_原卷.pdf,2
2008,地理,青海,老高考,2025,全国卷,common,青海卷,present_common,H:\New folder\【新·PDF版】2008-2024·高考地理真题\版本2：地理（按省份分类）2008-2024\2008-2024·（青海）地理高考真题\2008年高考地理试卷（全国卷Ⅱ）（空白卷）.pdf,papers/2008/地理/全国/青海卷/2008_地理_青海_青海卷_原卷.pdf,2
2008,地理,宁夏,老高考,2025,,missing,,missing,,,0
2008,地理,新疆,老高考,,全国卷,common,新疆卷,present_common,H:\New folder\【新·PDF版】2008-2024·高考地理真题\版本2：地理（按省份分类）2008-2024\2008-2024·（新疆）地理高考真题\2008年高考地理试卷（全国卷Ⅱ）（空白卷）.pdf,papers/2008/地理/全国/新疆卷/2008_地理_新疆_新疆卷_原卷.pdf,2
2009,语文,北京,老高考,2020,地方/区域卷,local,北京卷,present_local,H:\New folder\【新·PDF版】2008-2024·高考语文真题\版本2：语文（按省份分类）2008-2024\2008-2024·（北京）语文高考真题\2009年高考语文试卷（北京）（空白卷）.pdf,papers/2009/语文/北京/北京卷/2009_语文_北京_北京卷_原卷.pdf,2
2009,语文,天津,老高考,2020,地方/区域卷,local,天津卷,present_local,H:\New folder\【新·PDF版】2008-2024·高考语文真题\版本2：语文（按省份分类）2008-2024\2008-2023·（天津）语文高考真题\2009年高考语文试卷（天津）（空白卷） .pdf,papers/2009/语文/天津/天津卷/2009_语文_天津_天津卷_原卷.pdf,2
2009,语文,河北,老高考,2021,全国卷,common,全国I卷,present_common,H:\New folder\【新·PDF版】2008-2024·高考语文真题\版本2：语文（按省份分类）2008-2024\2008-2024·（河北）语文高考真题\2009年高考语文试卷（全国Ⅰ卷）（空白卷）.pdf,papers/2009/语文/全国/全国I卷/2009_语文_河北_全国I卷_原卷.pdf,2
2009,语文,山西,老高考,2025,全国卷,common,全国I卷,present_common,H:\New folder\【新·PDF版】2008-2024·高考语文真题\版本2：语文（按省份分类）2008-2024\2008-2024·（山西）语文高考真题\2009年高考语文试卷（全国Ⅰ卷）（空白卷）.pdf,papers/2009/语文/全国/全国I卷/2009_语文_山西_全国I卷_原卷.pdf,1
2009,语文,内蒙古,老高考,2025,全国卷,common,全国II卷,present_common,H:\New folder\【新·PDF版】2008-2024·高考语文真题\版本2：语文（按省份分类）2008-2024\2008-2024·（内蒙古）语文高考真题\2009年高考语文试卷（全国Ⅱ卷）（空白卷）.pdf,papers/2009/语文/全国/全国II卷/2009_语文_内蒙古_全国II卷_原卷.pdf,2
2009,语文,辽宁,老高考,2021,,missing,,missing,,,0
2009,语文,吉林,老高考,2024,全国卷,common,全国II卷,present_common,H:\New folder\【新·PDF版】2008-2024·高考语文真题\版本2：语文（按省份分类）2008-2024\2008-2024·（吉林）语文高考真题\2009年高考语文试卷（全国Ⅱ卷）（空白卷）.pdf,papers/2009/语文/全国/全国II卷/2009_语文_吉林_全国II卷_原卷.pdf,2
2009,语文,黑龙江,老高考,2024,全国卷,common,全国II卷,present_common,H:\New folder\【新·PDF版】2008-2024·高考语文真题\版本2：语文（按省份分类）2008-2024\2008-2024·（黑龙江）语文高考真题\2009年高考语文试卷（全国Ⅱ卷）（空白卷）.pdf,papers/2009/语文/全国/全国II卷/2009_语文_黑龙江_全国II卷_原卷.pdf,2
2009,语文,上海,老高考,2017,地方/区域卷,local,上海卷,present_local,H:\New folder\【新·PDF版】2008-2024·高考语文真题\版本2：语文（按省份分类）2008-2024\2008-2023·（上海）语文高考真题\2009年高考语文试卷（上海）（秋考）（空白卷）.pdf,papers/2009/语文/上海/上海卷/2009_语文_上海_上海卷_原卷.pdf,2
2009,语文,江苏,老高考,2021,地方/区域卷,local,江苏卷,present_local,H:\New folder\【新·PDF版】2008-2024·高考语文真题\版本2：语文（按省份分类）2008-2024\2008-2024·（江苏）语文高考真题\2009年高考语文试卷（江苏）（空白卷）.pdf,papers/2009/语文/江苏/江苏卷/2009_语文_江苏_江苏卷_原卷.pdf,2
2009,语文,浙江,老高考,2017,地方/区域卷,local,浙江卷,present_local,H:\New folder\【新·PDF版】2008-2024·高考语文真题\版本2：语文（按省份分类）2008-2024\2008-2024·（浙江）语文高考真题\2009年高考语文试卷（浙江）（空白卷）.pdf,papers/2009/语文/浙江/浙江卷/2009_语文_浙江_浙江卷_原卷.pdf,2
2009,语文,安徽,老高考,2024,,missing,,missing,,,0
2009,语文,福建,老高考,2021,,missing,,missing,,,0
2009,语文,江西,老高考,2024,,missing,,missing,,,0
2009,语文,山东,老高考,2020,地方/区域卷,local,山东卷,present_local,H:\New folder\【新·PDF版】2008-2024·高考语文真题\版本2：语文（按省份分类）2008-2024\2008-2024·（山东）语文高考真题\2009年高考语文试卷（山东）（空白卷）.pdf,papers/2009/语文/山东/山东卷/2009_语文_山东_山东卷_原卷.pdf,2
2009,语文,河南,老高考,2025,全国卷,common,全国I卷,present_common,H:\New folder\【新·PDF版】2008-2024·高考语文真题\版本2：语文（按省份分类）2008-2024\2008-2024·（河南）语文高考真题\2009年高考语文试卷（全国Ⅰ卷）（空白卷）.pdf,papers/2009/语文/全国/全国I卷/2009_语文_河南_全国I卷_原卷.pdf,2
2009,语文,湖北,老高考,2021,,missing,,missing,,,0
2009,语文,湖南,老高考,2021,地方/区域卷,local,湖南卷,present_local,H:\New folder\【新·PDF版】2008-2024·高考语文真题\版本2：语文（按省份分类）2008-2024\2008-2024·（湖南）语文高考真题\2009年高考语文试卷（湖南）（空白卷）.pdf,papers/2009/语文/湖南/湖南卷/2009_语文_湖南_湖南卷_原卷.pdf,2
2009,语文,广东,老高考,2021,地方/区域卷,local,广东卷,present_local,H:\New folder\【新·PDF版】2008-2024·高考语文真题\版本2：语文（按省份分类）2008-2024\2008-2024·（广东）语文高考真题\2009年高考语文试卷（广东）（空白卷）.pdf,papers/2009/语文/广东/广东卷/2009_语文_广东_广东卷_原卷.pdf,2
2009,语文,广西,老高考,2024,全国卷,common,全国I卷,present_common,H:\New folder\【新·PDF版】2008-2024·高考语文真题\版本2：语文（按省份分类）2008-2024\2008-2024·（广西）语文高考真题\2009年高考语文试卷（全国Ⅰ卷）（空白卷）.pdf,papers/2009/语文/全国/全国I卷/2009_语文_广西_全国I卷_原卷.pdf,2
2009,语文,海南,老高考,2020,全国卷,common,海南卷,present_common,H:\New folder\【新·PDF版】2008-2024·高考语文真题\版本2：语文（按省份分类）2008-2024\2008-2024·（海南）语文高考真题\2009年高考语文试卷（新课标）（海南宁夏）（空白卷）.pdf,papers/2009/语文/全国/海南卷/2009_语文_海南_海南卷_原卷.pdf,2
2009,语文,重庆,老高考,2021,,missing,,missing,,,0
2009,语文,四川,老高考,2025,地方/区域卷,local,四川卷,present_local,H:\New folder\【新·PDF版】2008-2024·高考语文真题\版本2：语文（按省份分类）2008-2024\2008-2024·（四川）语文高考真题\2009年高考语文试卷（四川）（空白卷）.pdf,papers/2009/语文/四川/四川卷/2009_语文_四川_四川卷_原卷.pdf,2
2009,语文,贵州,老高考,2024,全国卷,common,全国II卷,present_common,H:\New folder\【新·PDF版】2008-2024·高考语文真题\版本2：语文（按省份分类）2008-2024\2008-2024·（贵州）语文高考真题\2009年高考语文试卷（全国Ⅱ卷）（空白卷）.pdf,papers/2009/语文/全国/全国II卷/2009_语文_贵州_全国II卷_原卷.pdf,2
2009,语文,云南,老高考,2025,全国卷,common,全国II卷,present_common,H:\New folder\【新·PDF版】2008-2024·高考语文真题\版本2：语文（按省份分类）2008-2024\2008-2024·（云南）语文高考真题\2009年高考语文试卷（全国Ⅱ卷）（空白卷）.pdf,papers/2009/语文/全国/全国II卷/2009_语文_云南_全国II卷_原卷.pdf,2
2009,语文,西藏,老高考,,全国卷,common,全国II卷,present_common,H:\New folder\【新·PDF版】2008-2024·高考语文真题\版本2：语文（按省份分类）2008-2024\2008-2024·（西藏）语文高考真题\2009年高考语文试卷（全国Ⅱ卷）（空白卷）.pdf,papers/2009/语文/全国/全国II卷/2009_语文_西藏_全国II卷_原卷.pdf,2
2009,语文,陕西,老高考,2025,全国卷,common,全国II卷,present_common,H:\New folder\【新·PDF版】2008-2024·高考语文真题\版本2：语文（按省份分类）2008-2024\2008-2024·（陕西）语文高考真题\2009年高考语文试卷（全国Ⅱ卷）（空白卷）.pdf,papers/2009/语文/全国/全国II卷/2009_语文_陕西_全国II卷_原卷.pdf,2
2009,语文,甘肃,老高考,2024,全国卷,common,全国II卷,present_common,H:\New folder\【新·PDF版】2008-2024·高考语文真题\版本2：语文（按省份分类）2008-2024\2008-2024·（甘肃）语文高考真题\2009年高考语文试卷（全国Ⅱ卷）（空白卷）.pdf,papers/2009/语文/全国/全国II卷/2009_语文_甘肃_全国II卷_原卷.pdf,2
2009,语文,青海,老高考,2025,全国卷,common,全国II卷,present_common,H:\New folder\【新·PDF版】2008-2024·高考语文真题\版本2：语文（按省份分类）2008-2024\2008-2024·（青海）语文高考真题\2009年高考语文试卷（全国Ⅱ卷）（空白卷）.pdf,papers/2009/语文/全国/全国II卷/2009_语文_青海_全国II卷_原卷.pdf,2
2009,语文,宁夏,老高考,2025,全国卷,common,海南卷,present_common,H:\New folder\【新·PDF版】2008-2024·高考语文真题\版本2：语文（按省份分类）2008-2024\2008-2024·（宁夏）语文高考真题\2009年高考语文试卷（新课标）（海南宁夏）（空白卷）.pdf,papers/2009/语文/全国/海南卷/2009_语文_宁夏_海南卷_原卷.pdf,2
2009,语文,新疆,老高考,,全国卷,common,全国II卷,present_common,H:\New folder\【新·PDF版】2008-2024·高考语文真题\版本2：语文（按省份分类）2008-2024\2008-2024·（新疆）语文高考真题\2009年高考语文试卷（全国Ⅱ卷）（空白卷）.pdf,papers/2009/语文/全国/全国II卷/2009_语文_新疆_全国II卷_原卷.pdf,2
2009,数学,北京,老高考,2020,地方/区域卷,local,北京卷,present_local,H:\New folder\【新】2008-2024·高考数学真题\【PDF版】2008-2024·高考数学真题\版本2：数学（按省份分类）2008-2024\2008-2024·（北京）数学高考真题\2009年高考数学试卷（文）（北京）（空白卷）.pdf,papers/2009/数学/北京/北京卷/2009_数学_北京_北京卷_原卷.pdf,4
2009,数学,天津,老高考,2020,地方/区域卷,local,天津卷,present_local,H:\New folder\【新】2008-2024·高考数学真题\【PDF版】2008-2024·高考数学真题\版本2：数学（按省份分类）2008-2024\2008-2024·（天津）数学高考真题\2009年高考数学试卷（文）（天津）（空白卷）.pdf,papers/2009/数学/天津/天津卷/2009_数学_天津_天津卷_原卷.pdf,4
2009,数学,河北,老高考,2021,全国卷,common,河北卷,present_common,H:\New folder\【新】2008-2024·高考数学真题\【PDF版】2008-2024·高考数学真题\版本2：数学（按省份分类）2008-2024\2008-2024·（河北）数学高考真题\2009年高考数学试卷（文）（全国卷Ⅰ）（空白卷）.pdf,papers/2009/数学/全国/河北卷/2009_数学_河北_河北卷_原卷.pdf,4
2009,数学,山西,老高考,2025,全国卷,common,山西卷,present_common,H:\New folder\【新】2008-2024·高考数学真题\【PDF版】2008-2024·高考数学真题\版本2：数学（按省份分类）2008-2024\2008-2024·（山西）数学高考真题\2009年高考数学试卷（文）（全国卷Ⅰ）（空白卷）.pdf,papers/2009/数学/全国/山西卷/2009_数学_山西_山西卷_原卷.pdf,4
2009,数学,内蒙古,老高考,2025,全国卷,common,内蒙古卷,present_common,H:\New folder\【新】2008-2024·高考数学真题\【PDF版】2008-2024·高考数学真题\版本2：数学（按省份分类）2008-2024\2008-2024·（内蒙古）数学高考真题\2009年高考数学试卷（文）（全国卷Ⅱ）（空白卷）.pdf,papers/2009/数学/全国/内蒙古卷/2009_数学_内蒙古_内蒙古卷_原卷.pdf,4
2009,数学,辽宁,老高考,2021,地方/区域卷,local,辽宁卷,present_local,H:\New folder\【新】2008-2024·高考数学真题\【PDF版】2008-2024·高考数学真题\版本2：数学（按省份分类）2008-2024\2008-2024·（辽宁）数学高考真题\2009年高考数学试卷（理）（辽宁）（空白卷）.pdf,papers/2009/数学/辽宁/辽宁卷/2009_数学_辽宁_辽宁卷_原卷.pdf,2
2009,数学,吉林,老高考,2024,全国卷,common,吉林卷,present_common,H:\New folder\【新】2008-2024·高考数学真题\【PDF版】2008-2024·高考数学真题\版本2：数学（按省份分类）2008-2024\2008-2024·（吉林）数学高考真题\2009年高考数学试卷（文）（全国卷Ⅱ）（空白卷）.pdf,papers/2009/数学/全国/吉林卷/2009_数学_吉林_吉林卷_原卷.pdf,4
2009,数学,黑龙江,老高考,2024,全国卷,common,黑龙江卷,present_common,H:\New folder\【新】2008-2024·高考数学真题\【PDF版】2008-2024·高考数学真题\版本2：数学（按省份分类）2008-2024\2008-2024·（黑龙江）数学高考真题\2009年高考数学试卷（文）（全国卷Ⅱ）（空白卷）.pdf,papers/2009/数学/全国/黑龙江卷/2009_数学_黑龙江_黑龙江卷_原卷.pdf,4
2009,数学,上海,老高考,2017,地方/区域卷,local,上海卷,present_local,H:\New folder\【新】2008-2024·高考数学真题\【PDF版】2008-2024·高考数学真题\版本2：数学（按省份分类）2008-2024\2008-2024·（上海）数学高考真题\2009年高考数学试卷（文）（上海）（空白卷）.pdf,papers/2009/数学/上海/上海卷/2009_数学_上海_上海卷_原卷.pdf,4
2009,数学,江苏,老高考,2021,地方/区域卷,local,江苏卷,present_local,H:\New folder\【新】2008-2024·高考数学真题\【PDF版】2008-2024·高考数学真题\版本2：数学（按省份分类）2008-2024\2008-2024·（江苏）数学高考真题\2009年高考数学试卷（江苏）（空白卷）.pdf,papers/2009/数学/江苏/江苏卷/2009_数学_江苏_江苏卷_原卷.pdf,2
2009,数学,浙江,老高考,2017,地方/区域卷,local,浙江卷,present_local,H:\New folder\【新】2008-2024·高考数学真题\【PDF版】2008-2024·高考数学真题\版本2：数学（按省份分类）2008-2024\2008-2024·（浙江）数学高考真题\2009年高考数学试卷（文）（浙江）（空白卷）.pdf,papers/2009/数学/浙江/浙江卷/2009_数学_浙江_浙江卷_原卷.pdf,4
2009,数学,安徽,老高考,2024,,missing,,missing,,,0
2009,数学,福建,老高考,2021,,missing,,missing,,,0
2009,数学,江西,老高考,2024,地方/区域卷,local,江西卷,present_local,H:\New folder\【新】2008-2024·高考数学真题\【PDF版】2008-2024·高考数学真题\版本2：数学（按省份分类）2008-2024\2008-2024·（江西）数学高考真题\2009年高考数学试卷（文）（江西）（空白卷）.pdf,papers/2009/数学/江西/江西卷/2009_数学_江西_江西卷_原卷.pdf,4
2009,数学,山东,老高考,2020,地方/区域卷,local,山东卷,present_local,H:\New folder\【新】2008-2024·高考数学真题\【PDF版】2008-2024·高考数学真题\版本2：数学（按省份分类）2008-2024\2008-2024·（山东）数学高考真题\2009年高考数学试卷（文）（山东）（空白卷）.pdf,papers/2009/数学/山东/山东卷/2009_数学_山东_山东卷_原卷.pdf,4
2009,数学,河南,老高考,2025,全国卷,common,河南卷,present_common,H:\New folder\【新】2008-2024·高考数学真题\【PDF版】2008-2024·高考数学真题\版本2：数学（按省份分类）2008-2024\2008-2024·（河南）数学高考真题\2009年高考数学试卷（文）（全国卷Ⅰ）（空白卷）.pdf,papers/2009/数学/全国/河南卷/2009_数学_河南_河南卷_原卷.pdf,4
2009,数学,湖北,老高考,2021,,missing,,missing,,,0
2009,数学,湖南,老高考,2021,地方/区域卷,local,湖南卷,present_local,H:\New folder\【新】2008-2024·高考数学真题\【PDF版】2008-2024·高考数学真题\版本2：数学（按省份分类）2008-2024\2008-2024·（湖南）数学高考真题\2009年高考数学试卷（文）（湖南）（空白卷）.pdf,papers/2009/数学/湖南/湖南卷/2009_数学_湖南_湖南卷_原卷.pdf,4
2009,数学,广东,老高考,2021,地方/区域卷,local,广东卷,present_local,H:\New folder\【新】2008-2024·高考数学真题\【PDF版】2008-2024·高考数学真题\版本2：数学（按省份分类）2008-2024\2008-2024·（广东）数学高考真题\2009年高考数学试卷（文）（广东）（空白卷）.pdf,papers/2009/数学/广东/广东卷/2009_数学_广东_广东卷_原卷.pdf,4
2009,数学,广西,老高考,2024,全国卷,common,广西卷,present_common,H:\New folder\【新】2008-2024·高考数学真题\【PDF版】2008-2024·高考数学真题\版本2：数学（按省份分类）2008-2024\2008-2024·（广西）数学高考真题\2009年高考数学试卷（文）（全国卷Ⅰ）（空白卷）.pdf,papers/2009/数学/全国/广西卷/2009_数学_广西_广西卷_原卷.pdf,4
2009,数学,海南,老高考,2020,全国卷,common,海南卷,present_common,H:\New folder\【新】2008-2024·高考数学真题\【PDF版】2008-2024·高考数学真题\版本2：数学（按省份分类）2008-2024\2008-2024·（海南）数学高考真题\2009年高考数学试卷（文）（新课标）（海南宁夏）（空白卷）.pdf,papers/2009/数学/全国/海南卷/2009_数学_海南_海南卷_原卷.pdf,4
2009,数学,重庆,老高考,2021,,missing,,missing,,,0
2009,数学,四川,老高考,2025,地方/区域卷,local,四川卷,present_local,H:\New folder\【新】2008-2024·高考数学真题\【PDF版】2008-2024·高考数学真题\版本2：数学（按省份分类）2008-2024\2008-2024·（四川）数学高考真题\2009年高考数学试卷（文）（四川）（空白卷）.pdf,papers/2009/数学/四川/四川卷/2009_数学_四川_四川卷_原卷.pdf,4
2009,数学,贵州,老高考,2024,全国卷,common,贵州卷,present_common,H:\New folder\【新】2008-2024·高考数学真题\【PDF版】2008-2024·高考数学真题\版本2：数学（按省份分类）2008-2024\2008-2024·（贵州）数学高考真题\2009年高考数学试卷（文）（全国卷Ⅱ）（空白卷）.pdf,papers/2009/数学/全国/贵州卷/2009_数学_贵州_贵州卷_原卷.pdf,4
2009,数学,云南,老高考,2025,全国卷,common,云南卷,present_common,H:\New folder\【新】2008-2024·高考数学真题\【PDF版】2008-2024·高考数学真题\版本2：数学（按省份分类）2008-2024\2008-2024·（云南）数学高考真题\2009年高考数学试卷（文）（全国卷Ⅱ）（空白卷）.pdf,papers/2009/数学/全国/云南卷/2009_数学_云南_云南卷_原卷.pdf,4
2009,数学,西藏,老高考,,全国卷,common,西藏卷,present_common,H:\New folder\【新】2008-2024·高考数学真题\【PDF版】2008-2024·高考数学真题\版本2：数学（按省份分类）2008-2024\2008-2024·（西藏）数学高考真题\2009年高考数学试卷（文）（全国卷Ⅱ）（空白卷）.pdf,papers/2009/数学/全国/西藏卷/2009_数学_西藏_西藏卷_原卷.pdf,4
2009,数学,陕西,老高考,2025,地方/区域卷,local,陕西卷,present_local,H:\New folder\【新】2008-2024·高考数学真题\【PDF版】2008-2024·高考数学真题\版本2：数学（按省份分类）2008-2024\2008-2024·（陕西）数学高考真题\2009年高考数学试卷（文）（陕西）（空白卷）.pdf,papers/2009/数学/陕西/陕西卷/2009_数学_陕西_陕西卷_原卷.pdf,4
2009,数学,甘肃,老高考,2024,全国卷,common,甘肃卷,present_common,H:\New folder\【新】2008-2024·高考数学真题\【PDF版】2008-2024·高考数学真题\版本2：数学（按省份分类）2008-2024\2008-2024·（甘肃）数学高考真题\2009年高考数学试卷（文）（全国卷Ⅱ）（空白卷）.pdf,papers/2009/数学/全国/甘肃卷/2009_数学_甘肃_甘肃卷_原卷.pdf,4
2009,数学,青海,老高考,2025,全国卷,common,青海卷,present_common,H:\New folder\【新】2008-2024·高考数学真题\【PDF版】2008-2024·高考数学真题\版本2：数学（按省份分类）2008-2024\2008-2024·（青海）数学高考真题\2009年高考数学试卷（文）（全国卷Ⅱ）（空白卷）.pdf,papers/2009/数学/全国/青海卷/2009_数学_青海_青海卷_原卷.pdf,4
2009,数学,宁夏,老高考,2025,全国卷,common,海南卷,present_common,H:\New folder\【新】2008-2024·高考数学真题\【PDF版】2008-2024·高考数学真题\版本2：数学（按省份分类）2008-2024\2008-2024·（宁夏）数学高考真题\2009年高考数学试卷（文）（新课标）（海南宁夏）（空白卷）.pdf,papers/2009/数学/全国/海南卷/2009_数学_宁夏_海南卷_原卷.pdf,4
2009,数学,新疆,老高考,,全国卷,common,新疆卷,present_common,H:\New folder\【新】2008-2024·高考数学真题\【PDF版】2008-2024·高考数学真题\版本2：数学（按省份分类）2008-2024\2008-2024·（新疆）数学高考真题\2009年高考数学试卷（文）（全国卷Ⅱ）（空白卷）.pdf,papers/2009/数学/全国/新疆卷/2009_数学_新疆_新疆卷_原卷.pdf,4
2009,英语,北京,老高考,2020,地方/区域卷,local,北京卷,present_local,H:\New folder\【新·PDF版】2008-2024·高考英语真题\版本2：英语（按省份分类）2008-2024\2008-2024·（北京）英语高考真题\2009年高考英语试卷（北京）听力音频.mp3,papers/2009/英语/北京/北京卷/2009_英语_北京_北京卷_原卷.mp3,3
2009,英语,天津,老高考,2020,地方/区域卷,local,天津卷,present_local,H:\New folder\【新·PDF版】2008-2024·高考英语真题\版本2：英语（按省份分类）2008-2024\2008-2023·（天津）英语高考真题\2009年高考英语试卷（天津卷）听力音频.mp3,papers/2009/英语/天津/天津卷/2009_英语_天津_天津卷_原卷.mp3,3
2009,英语,河北,老高考,2021,全国卷,common,全国I卷,present_common,H:\New folder\【新·PDF版】2008-2024·高考英语真题\版本2：英语（按省份分类）2008-2024\2008-2024·（河北）英语高考真题\2009年高考英语试卷（全国Ⅰ卷）听力音频.mp3,papers/2009/英语/全国/全国I卷/2009_英语_河北_全国I卷_原卷.mp3,3
2009,英语,山西,老高考,2025,全国卷,common,全国I卷,present_common,H:\New folder\【新·PDF版】2008-2024·高考英语真题\版本2：英语（按省份分类）2008-2024\2008-2024·（山西）英语高考真题\2009年高考英语试卷（全国Ⅰ卷）听力音频.mp3,papers/2009/英语/全国/全国I卷/2009_英语_山西_全国I卷_原卷.mp3,3
2009,英语,内蒙古,老高考,2025,全国卷,common,全国II卷,present_common,H:\New folder\【新·PDF版】2008-2024·高考英语真题\版本2：英语（按省份分类）2008-2024\2008-2024·（内蒙古）英语高考真题\2009年高考英语试卷（全国Ⅱ卷）听力音频.mp3,papers/2009/英语/全国/全国II卷/2009_英语_内蒙古_全国II卷_原卷.mp3,3
2009,英语,辽宁,老高考,2021,,missing,,missing,,,0
2009,英语,吉林,老高考,2024,全国卷,common,全国II卷,present_common,H:\New folder\【新·PDF版】2008-2024·高考英语真题\版本2：英语（按省份分类）2008-2024\2008-2024·（吉林）英语高考真题\2009年高考英语试卷（全国Ⅱ卷）听力音频.mp3,papers/2009/英语/全国/全国II卷/2009_英语_吉林_全国II卷_原卷.mp3,3
2009,英语,黑龙江,老高考,2024,全国卷,common,全国II卷,present_common,H:\New folder\【新·PDF版】2008-2024·高考英语真题\版本2：英语（按省份分类）2008-2024\2008-2024·（黑龙江）英语高考真题\2009年高考英语试卷（全国Ⅱ卷）听力音频.mp3,papers/2009/英语/全国/全国II卷/2009_英语_黑龙江_全国II卷_原卷.mp3,3
2009,英语,上海,老高考,2017,地方/区域卷,local,上海卷,present_local,H:\New folder\【新·PDF版】2008-2024·高考英语真题\版本2：英语（按省份分类）2008-2024\2008-2023·（上海）英语高考真题\2009年高考英语试卷（上海）（秋考）听力音频.mp3,papers/2009/英语/上海/上海卷/2009_英语_上海_上海卷_原卷.mp3,3
2009,英语,江苏,老高考,2021,地方/区域卷,local,江苏卷,present_local,H:\New folder\【新·PDF版】2008-2024·高考英语真题\版本2：英语（按省份分类）2008-2024\2008-2024·（江苏）英语高考真题\2009年高考英语试卷（江苏）听力音频.mp3,papers/2009/英语/江苏/江苏卷/2009_英语_江苏_江苏卷_原卷.mp3,3
2009,英语,浙江,老高考,2017,地方/区域卷,local,浙江卷,present_local,H:\New folder\【新·PDF版】2008-2024·高考英语真题\版本2：英语（按省份分类）2008-2024\2008-2024·（浙江）英语高考真题\2009年高考英语试卷（浙江）（空白卷）.pdf,papers/2009/英语/浙江/浙江卷/2009_英语_浙江_浙江卷_原卷.pdf,2
2009,英语,安徽,老高考,2024,,missing,,missing,,,0
2009,英语,福建,老高考,2021,,missing,,missing,,,0
2009,英语,江西,老高考,2024,,missing,,missing,,,0
2009,英语,山东,老高考,2020,地方/区域卷,local,山东卷,present_local,H:\New folder\【新·PDF版】2008-2024·高考英语真题\版本2：英语（按省份分类）2008-2024\2008-2024·（山东）英语高考真题\2009年高考英语试卷（山东）听力音频.mp3,papers/2009/英语/山东/山东卷/2009_英语_山东_山东卷_原卷.mp3,3
2009,英语,河南,老高考,2025,全国卷,common,全国I卷,present_common,H:\New folder\【新·PDF版】2008-2024·高考英语真题\版本2：英语（按省份分类）2008-2024\2008-2024·（河南）英语高考真题\2009年高考英语试卷（全国Ⅰ卷）听力音频.mp3,papers/2009/英语/全国/全国I卷/2009_英语_河南_全国I卷_原卷.mp3,3
2009,英语,湖北,老高考,2021,,missing,,missing,,,0
2009,英语,湖南,老高考,2021,地方/区域卷,local,湖南卷,present_local,H:\New folder\【新·PDF版】2008-2024·高考英语真题\版本2：英语（按省份分类）2008-2024\2008-2024·（湖南）英语高考真题\2009年高考英语试卷（湖南）听力音频.mp3,papers/2009/英语/湖南/湖南卷/2009_英语_湖南_湖南卷_原卷.mp3,3
2009,英语,广东,老高考,2021,地方/区域卷,local,广东卷,present_local,H:\New folder\【新·PDF版】2008-2024·高考英语真题\版本2：英语（按省份分类）2008-2024\2008-2024·（广东）英语高考真题\2009年高考英语试卷（广东）（空白卷）.pdf,papers/2009/英语/广东/广东卷/2009_英语_广东_广东卷_原卷.pdf,2
2009,英语,广西,老高考,2024,全国卷,common,全国I卷,present_common,H:\New folder\【新·PDF版】2008-2024·高考英语真题\版本2：英语（按省份分类）2008-2024\2008-2024·（广西）英语高考真题\2009年高考英语试卷（全国Ⅰ卷）听力音频.mp3,papers/2009/英语/全国/全国I卷/2009_英语_广西_全国I卷_原卷.mp3,3
2009,英语,海南,老高考,2020,全国卷,common,全国II卷,present_common,H:\New folder\【新·PDF版】2008-2024·高考英语真题\版本2：英语（按省份分类）2008-2024\2008-2024·（海南）英语高考真题\2009年高考英语试卷（全国Ⅱ卷）听力音频.mp3,papers/2009/英语/全国/全国II卷/2009_英语_海南_全国II卷_原卷.mp3,3
2009,英语,重庆,老高考,2021,,missing,,missing,,,0
2009,英语,四川,老高考,2025,地方/区域卷,local,四川卷,present_local,H:\New folder\【新·PDF版】2008-2024·高考英语真题\版本2：英语（按省份分类）2008-2024\2008-2024·（四川）英语高考真题\2009年高考英语试卷（四川）（空白卷）.pdf,papers/2009/英语/四川/四川卷/2009_英语_四川_四川卷_原卷.pdf,2
2009,英语,贵州,老高考,2024,全国卷,common,全国II卷,present_common,H:\New folder\【新·PDF版】2008-2024·高考英语真题\版本2：英语（按省份分类）2008-2024\2008-2024·（贵州）英语高考真题\2009年高考英语试卷（全国Ⅱ卷）听力音频.mp3,papers/2009/英语/全国/全国II卷/2009_英语_贵州_全国II卷_原卷.mp3,3
2009,英语,云南,老高考,2025,全国卷,common,全国II卷,present_common,H:\New folder\【新·PDF版】2008-2024·高考英语真题\版本2：英语（按省份分类）2008-2024\2008-2024·（云南）英语高考真题\2009年高考英语试卷（全国Ⅱ卷）听力音频.mp3,papers/2009/英语/全国/全国II卷/2009_英语_云南_全国II卷_原卷.mp3,3
2009,英语,西藏,老高考,,全国卷,common,全国II卷,present_common,H:\New folder\【新·PDF版】2008-2024·高考英语真题\版本2：英语（按省份分类）2008-2024\2008-2024·（西藏）英语高考真题\2009年高考英语试卷（全国Ⅱ卷）听力音频.mp3,papers/2009/英语/全国/全国II卷/2009_英语_西藏_全国II卷_原卷.mp3,3
2009,英语,陕西,老高考,2025,地方/区域卷,local,陕西卷,present_local,H:\New folder\【新·PDF版】2008-2024·高考英语真题\版本2：英语（按省份分类）2008-2024\2008-2024·（陕西）英语高考真题\2009年高考英语试卷（陕西）（空白卷）.pdf,papers/2009/英语/陕西/陕西卷/2009_英语_陕西_陕西卷_原卷.pdf,2
2009,英语,甘肃,老高考,2024,全国卷,common,全国II卷,present_common,H:\New folder\【新·PDF版】2008-2024·高考英语真题\版本2：英语（按省份分类）2008-2024\2008-2024·（甘肃）英语高考真题\2009年高考英语试卷（全国Ⅱ卷）听力音频.mp3,papers/2009/英语/全国/全国II卷/2009_英语_甘肃_全国II卷_原卷.mp3,3
2009,英语,青海,老高考,2025,全国卷,common,全国II卷,present_common,H:\New folder\【新·PDF版】2008-2024·高考英语真题\版本2：英语（按省份分类）2008-2024\2008-2024·（青海）英语高考真题\2009年高考英语试卷（全国Ⅱ卷）听力音频.mp3,papers/2009/英语/全国/全国II卷/2009_英语_青海_全国II卷_原卷.mp3,3
2009,英语,宁夏,老高考,2025,全国卷,common,全国II卷,present_common,H:\New folder\【新·PDF版】2008-2024·高考英语真题\版本2：英语（按省份分类）2008-2024\2008-2024·（宁夏）英语高考真题\2009年高考英语试卷（全国Ⅱ卷）听力音频.mp3,papers/2009/英语/全国/全国II卷/2009_英语_宁夏_全国II卷_原卷.mp3,3
2009,英语,新疆,老高考,,全国卷,common,全国II卷,present_common,H:\New folder\【新·PDF版】2008-2024·高考英语真题\版本2：英语（按省份分类）2008-2024\2008-2024·（新疆）英语高考真题\2009年高考英语试卷（全国Ⅱ卷）听力音频.mp3,papers/2009/英语/全国/全国II卷/2009_英语_新疆_全国II卷_原卷.mp3,3
2009,物理,北京,老高考,2020,地方/区域卷,local,北京卷,present_local,H:\New folder\【新·PDF版】2008-2024·高考物理真题\版本2：物理（按省份分类）2008-2024\2008-2024·（北京）物理高考真题\2009年高考物理试卷（北京）（空白卷）.pdf,papers/2009/物理/北京/北京卷/2009_物理_北京_北京卷_原卷.pdf,2
2009,物理,天津,老高考,2020,地方/区域卷,local,天津卷,present_local,H:\New folder\【新·PDF版】2008-2024·高考物理真题\版本2：物理（按省份分类）2008-2024\2008-2023·（天津）物理高考真题\2009年高考物理真题（天津）（空白卷）.pdf,papers/2009/物理/天津/天津卷/2009_物理_天津_天津卷_原卷.pdf,2
2009,物理,河北,老高考,2021,全国卷,common,河北卷,present_common,H:\New folder\【新·PDF版】2008-2024·高考物理真题\版本2：物理（按省份分类）2008-2024\2008-2024·（河北）物理高考真题\2009年高考物理试卷（全国卷Ⅰ）（空白卷）.pdf,papers/2009/物理/全国/河北卷/2009_物理_河北_河北卷_原卷.pdf,2
2009,物理,山西,老高考,2025,全国卷,common,山西卷,present_common,H:\New folder\【新·PDF版】2008-2024·高考物理真题\版本2：物理（按省份分类）2008-2024\2008-2024·（山西）物理高考真题\2009年高考物理试卷（全国卷Ⅰ）（空白卷）.pdf,papers/2009/物理/全国/山西卷/2009_物理_山西_山西卷_原卷.pdf,2
2009,物理,内蒙古,老高考,2025,全国卷,common,内蒙古卷,present_common,H:\New folder\【新·PDF版】2008-2024·高考物理真题\版本2：物理（按省份分类）2008-2024\2008-2024·（内蒙古）物理高考真题\2009年高考物理试卷（全国卷Ⅱ）（空白卷）.pdf,papers/2009/物理/全国/内蒙古卷/2009_物理_内蒙古_内蒙古卷_原卷.pdf,2
2009,物理,辽宁,老高考,2021,,missing,,missing,,,0
2009,物理,吉林,老高考,2024,全国卷,common,吉林卷,present_common,H:\New folder\【新·PDF版】2008-2024·高考物理真题\版本2：物理（按省份分类）2008-2024\2008-2024·（吉林）物理高考真题\2009年高考物理试卷（全国卷Ⅱ）（空白卷）.pdf,papers/2009/物理/全国/吉林卷/2009_物理_吉林_吉林卷_原卷.pdf,2
2009,物理,黑龙江,老高考,2024,全国卷,common,黑龙江卷,present_common,H:\New folder\【新·PDF版】2008-2024·高考物理真题\版本2：物理（按省份分类）2008-2024\2008-2024·（黑龙江）物理高考真题\2009年高考物理试卷（全国卷Ⅱ）（空白卷）.pdf,papers/2009/物理/全国/黑龙江卷/2009_物理_黑龙江_黑龙江卷_原卷.pdf,2
2009,物理,上海,老高考,2017,地方/区域卷,local,上海卷,present_local,H:\New folder\【新·PDF版】2008-2024·高考物理真题\版本2：物理（按省份分类）2008-2024\2008-2024·（上海）物理高考真题\2009年高考物理试卷（上海）（空白卷）.pdf,papers/2009/物理/上海/上海卷/2009_物理_上海_上海卷_原卷.pdf,2
2009,物理,江苏,老高考,2021,地方/区域卷,local,江苏卷,present_local,H:\New folder\【新·PDF版】2008-2024·高考物理真题\版本2：物理（按省份分类）2008-2024\2008-2024·（江苏）物理高考真题\2009年高考物理试卷（江苏）（空白卷）.pdf,papers/2009/物理/江苏/江苏卷/2009_物理_江苏_江苏卷_原卷.pdf,2
2009,物理,浙江,老高考,2017,地方/区域卷,local,浙江卷,present_local,H:\New folder\【新·PDF版】2008-2024·高考物理真题\版本2：物理（按省份分类）2008-2024\2008-2024·（浙江）物理高考真题\2009年高考物理真题（浙江）（空白卷）.pdf,papers/2009/物理/浙江/浙江卷/2009_物理_浙江_浙江卷_原卷.pdf,2
2009,物理,安徽,老高考,2024,,missing,,missing,,,0
2009,物理,福建,老高考,2021,,missing,,missing,,,0
2009,物理,江西,老高考,2024,全国卷,common,江西卷,present_common,H:\New folder\【新·PDF版】2008-2024·高考物理真题\版本2：物理（按省份分类）2008-2024\2008-2024·（江西）物理高考真题\2009年高考物理试卷（全国卷Ⅰ）（空白卷）.pdf,papers/2009/物理/全国/江西卷/2009_物理_江西_江西卷_原卷.pdf,2
2009,物理,山东,老高考,2020,地方/区域卷,local,山东卷,present_local,H:\New folder\【新·PDF版】2008-2024·高考物理真题\版本2：物理（按省份分类）2008-2024\2008-2024·（山东）物理高考真题\2009年高考物理真题（山东）（空白卷）.pdf,papers/2009/物理/山东/山东卷/2009_物理_山东_山东卷_原卷.pdf,2
2009,物理,河南,老高考,2025,全国卷,common,河南卷,present_common,H:\New folder\【新·PDF版】2008-2024·高考物理真题\版本2：物理（按省份分类）2008-2024\2008-2024·（河南）物理高考真题\2009年高考物理试卷（全国卷Ⅰ）（空白卷）.pdf,papers/2009/物理/全国/河南卷/2009_物理_河南_河南卷_原卷.pdf,2
2009,物理,湖北,老高考,2021,全国卷,common,湖北卷,present_common,H:\New folder\【新·PDF版】2008-2024·高考物理真题\版本2：物理（按省份分类）2008-2024\2008-2024·（湖北）物理高考真题\2009年高考物理试卷（全国卷Ⅰ）（空白卷）.pdf,papers/2009/物理/全国/湖北卷/2009_物理_湖北_湖北卷_原卷.pdf,2
2009,物理,湖南,老高考,2021,全国卷,common,湖南卷,present_common,H:\New folder\【新·PDF版】2008-2024·高考物理真题\版本2：物理（按省份分类）2008-2024\2008-2024·（湖南）物理高考真题\2009年高考物理试卷（全国卷Ⅰ）（空白卷）.pdf,papers/2009/物理/全国/湖南卷/2009_物理_湖南_湖南卷_原卷.pdf,2
2009,物理,广东,老高考,2021,地方/区域卷,local,广东卷,present_local,H:\New folder\【新·PDF版】2008-2024·高考物理真题\版本2：物理（按省份分类）2008-2024\2008-2024·（广东）物理高考真题\2009年高考物理试卷（广东）（空白卷）.pdf,papers/2009/物理/广东/广东卷/2009_物理_广东_广东卷_原卷.pdf,2
2009,物理,广西,老高考,2024,全国卷,common,广西卷,present_common,H:\New folder\【新·PDF版】2008-2024·高考物理真题\版本2：物理（按省份分类）2008-2024\2008-2024·（广西）物理高考真题\2009年高考物理试卷（全国卷Ⅰ）（空白卷）.pdf,papers/2009/物理/全国/广西卷/2009_物理_广西_广西卷_原卷.pdf,2
2009,物理,海南,老高考,2020,地方/区域卷,local,海南卷,present_local,H:\New folder\【新·PDF版】2008-2024·高考物理真题\版本2：物理（按省份分类）2008-2024\2008-2024·（海南）物理高考真题\2009年高考物理试卷（海南）（空白卷）.pdf,papers/2009/物理/海南/海南卷/2009_物理_海南_海南卷_原卷.pdf,2
2009,物理,重庆,老高考,2021,,missing,,missing,,,0
2009,物理,四川,老高考,2025,地方/区域卷,local,四川卷,present_local,H:\New folder\【新·PDF版】2008-2024·高考物理真题\版本2：物理（按省份分类）2008-2024\2008-2024·（四川）物理高考真题\2009年高考物理真题（四川）（空白卷）.pdf,papers/2009/物理/四川/四川卷/2009_物理_四川_四川卷_原卷.pdf,2
2009,物理,贵州,老高考,2024,全国卷,common,贵州卷,present_common,H:\New folder\【新·PDF版】2008-2024·高考物理真题\版本2：物理（按省份分类）2008-2024\2008-2023·（贵州）物理高考真题\2009年高考物理试卷（全国卷Ⅱ）（空白卷）.pdf,papers/2009/物理/全国/贵州卷/2009_物理_贵州_贵州卷_原卷.pdf,2
2009,物理,云南,老高考,2025,全国卷,common,云南卷,present_common,H:\New folder\【新·PDF版】2008-2024·高考物理真题\版本2：物理（按省份分类）2008-2024\2008-2024·（云南）物理高考真题\2009年高考物理试卷（全国卷Ⅱ）（空白卷）.pdf,papers/2009/物理/全国/云南卷/2009_物理_云南_云南卷_原卷.pdf,2
2009,物理,西藏,老高考,,全国卷,common,西藏卷,present_common,H:\New folder\【新·PDF版】2008-2024·高考物理真题\版本2：物理（按省份分类）2008-2024\2008-2024·（西藏）物理高考真题\2009年高考物理试卷（全国卷Ⅱ）（空白卷）.pdf,papers/2009/物理/全国/西藏卷/2009_物理_西藏_西藏卷_原卷.pdf,2
2009,物理,陕西,老高考,2025,全国卷,common,陕西卷,present_common,H:\New folder\【新·PDF版】2008-2024·高考物理真题\版本2：物理（按省份分类）2008-2024\2008-2024·（陕西）物理高考真题\2009年高考物理试卷（全国卷Ⅱ）（空白卷）.pdf,papers/2009/物理/全国/陕西卷/2009_物理_陕西_陕西卷_原卷.pdf,2
2009,物理,甘肃,老高考,2024,全国卷,common,甘肃卷,present_common,H:\New folder\【新·PDF版】2008-2024·高考物理真题\版本2：物理（按省份分类）2008-2024\2008-2024·（甘肃）物理高考真题\2009年高考物理试卷（全国卷Ⅱ）（空白卷）.pdf,papers/2009/物理/全国/甘肃卷/2009_物理_甘肃_甘肃卷_原卷.pdf,2
2009,物理,青海,老高考,2025,全国卷,common,青海卷,present_common,H:\New folder\【新·PDF版】2008-2024·高考物理真题\版本2：物理（按省份分类）2008-2024\2008-2024·（青海）物理高考真题\2009年高考物理试卷（全国卷Ⅱ）（空白卷）.pdf,papers/2009/物理/全国/青海卷/2009_物理_青海_青海卷_原卷.pdf,2
2009,物理,宁夏,老高考,2025,,missing,,missing,,,0
2009,物理,新疆,老高考,,全国卷,common,新疆卷,present_common,H:\New folder\【新·PDF版】2008-2024·高考物理真题\版本2：物理（按省份分类）2008-2024\2008-2024·（新疆）物理高考真题\2009年高考物理试卷（全国卷Ⅱ）（空白卷）.pdf,papers/2009/物理/全国/新疆卷/2009_物理_新疆_新疆卷_原卷.pdf,2
2009,化学,北京,老高考,2020,地方/区域卷,local,北京卷,present_local,H:\New folder\【新·PDF版】2008-2024·高考化学真题\版本2：化学（按省份分类）2008-2024\2008-2024·（北京）化学高考真题\2009年高考化学试卷（北京）（空白卷）.pdf,papers/2009/化学/北京/北京卷/2009_化学_北京_北京卷_原卷.pdf,2
2009,化学,天津,老高考,2020,地方/区域卷,local,天津卷,present_local,H:\New folder\【新·PDF版】2008-2024·高考化学真题\版本2：化学（按省份分类）2008-2024\2008-2023·（天津）化学高考真题\2009年高考化学试卷（天津）（空白卷）.pdf,papers/2009/化学/天津/天津卷/2009_化学_天津_天津卷_原卷.pdf,2
2009,化学,河北,老高考,2021,全国卷,common,河北卷,present_common,H:\New folder\【新·PDF版】2008-2024·高考化学真题\版本2：化学（按省份分类）2008-2024\2008-2024·（河北）化学高考真题\2009年高考化学试卷（全国卷Ⅰ）（空白卷）.pdf,papers/2009/化学/全国/河北卷/2009_化学_河北_河北卷_原卷.pdf,2
2009,化学,山西,老高考,2025,全国卷,common,山西卷,present_common,H:\New folder\【新·PDF版】2008-2024·高考化学真题\版本2：化学（按省份分类）2008-2024\2008-2024·（山西）化学高考真题\2009年高考化学试卷（全国卷Ⅰ）（空白卷）.pdf,papers/2009/化学/全国/山西卷/2009_化学_山西_山西卷_原卷.pdf,2
2009,化学,内蒙古,老高考,2025,全国卷,common,内蒙古卷,present_common,H:\New folder\【新·PDF版】2008-2024·高考化学真题\版本2：化学（按省份分类）2008-2024\2008-2024·（内蒙古）化学高考真题\2009年高考化学试卷（全国卷Ⅱ）（空白卷）.pdf,papers/2009/化学/全国/内蒙古卷/2009_化学_内蒙古_内蒙古卷_原卷.pdf,2
2009,化学,辽宁,老高考,2021,,missing,,missing,,,0
2009,化学,吉林,老高考,2024,全国卷,common,吉林卷,present_common,H:\New folder\【新·PDF版】2008-2024·高考化学真题\版本2：化学（按省份分类）2008-2024\2008-2024·（吉林）化学高考真题\2009年高考化学试卷（全国卷Ⅱ）（空白卷）.pdf,papers/2009/化学/全国/吉林卷/2009_化学_吉林_吉林卷_原卷.pdf,2
2009,化学,黑龙江,老高考,2024,全国卷,common,黑龙江卷,present_common,H:\New folder\【新·PDF版】2008-2024·高考化学真题\版本2：化学（按省份分类）2008-2024\2008-2024·（黑龙江）化学高考真题\2009年高考化学试卷（全国卷Ⅱ）（空白卷）.pdf,papers/2009/化学/全国/黑龙江卷/2009_化学_黑龙江_黑龙江卷_原卷.pdf,2
2009,化学,上海,老高考,2017,地方/区域卷,local,上海卷,present_local,H:\New folder\【新·PDF版】2008-2024·高考化学真题\版本2：化学（按省份分类）2008-2024\2008-2024·（上海）化学高考真题\2009年高考化学试卷（上海）（空白卷）.pdf,papers/2009/化学/上海/上海卷/2009_化学_上海_上海卷_原卷.pdf,2
2009,化学,江苏,老高考,2021,地方/区域卷,local,江苏卷,present_local,H:\New folder\【新·PDF版】2008-2024·高考化学真题\版本2：化学（按省份分类）2008-2024\2008-2024·（江苏）化学高考真题\2009年高考化学试卷（江苏）（空白卷）.pdf,papers/2009/化学/江苏/江苏卷/2009_化学_江苏_江苏卷_原卷.pdf,2
2009,化学,浙江,老高考,2017,地方/区域卷,local,浙江卷,present_local,H:\New folder\【新·PDF版】2008-2024·高考化学真题\版本2：化学（按省份分类）2008-2024\2008-2024·（浙江）化学高考真题\2009年高考化学试卷（浙江）（空白卷）.pdf,papers/2009/化学/浙江/浙江卷/2009_化学_浙江_浙江卷_原卷.pdf,2
2009,化学,安徽,老高考,2024,,missing,,missing,,,0
2009,化学,福建,老高考,2021,,missing,,missing,,,0
2009,化学,江西,老高考,2024,全国卷,common,江西卷,present_common,H:\New folder\【新·PDF版】2008-2024·高考化学真题\版本2：化学（按省份分类）2008-2024\2008-2023·（江西）化学高考真题\2009年高考化学试卷（全国卷Ⅰ）（空白卷）.pdf,papers/2009/化学/全国/江西卷/2009_化学_江西_江西卷_原卷.pdf,2
2009,化学,山东,老高考,2020,地方/区域卷,local,山东卷,present_local,H:\New folder\【新·PDF版】2008-2024·高考化学真题\版本2：化学（按省份分类）2008-2024\2008-2024·（山东）化学高考真题\2009年高考化学试卷（山东）（空白卷）.pdf,papers/2009/化学/山东/山东卷/2009_化学_山东_山东卷_原卷.pdf,2
2009,化学,河南,老高考,2025,全国卷,common,河南卷,present_common,H:\New folder\【新·PDF版】2008-2024·高考化学真题\版本2：化学（按省份分类）2008-2024\2008-2024·（河南）化学高考真题\2009年高考化学试卷（全国卷Ⅰ）（空白卷）.pdf,papers/2009/化学/全国/河南卷/2009_化学_河南_河南卷_原卷.pdf,2
2009,化学,湖北,老高考,2021,全国卷,common,湖北卷,present_common,H:\New folder\【新·PDF版】2008-2024·高考化学真题\版本2：化学（按省份分类）2008-2024\2008-2024·（湖北）化学高考真题\2009年高考化学试卷（全国卷Ⅰ）（空白卷）.pdf,papers/2009/化学/全国/湖北卷/2009_化学_湖北_湖北卷_原卷.pdf,2
2009,化学,湖南,老高考,2021,全国卷,common,湖南卷,present_common,H:\New folder\【新·PDF版】2008-2024·高考化学真题\版本2：化学（按省份分类）2008-2024\2008-2024·（湖南）化学高考真题\2009年高考化学试卷（全国卷Ⅰ）（空白卷）.pdf,papers/2009/化学/全国/湖南卷/2009_化学_湖南_湖南卷_原卷.pdf,2
2009,化学,广东,老高考,2021,地方/区域卷,local,广东卷,present_local,H:\New folder\【新·PDF版】2008-2024·高考化学真题\版本2：化学（按省份分类）2008-2024\2008-2024·（广东）化学高考真题\2009年高考化学试卷（广东）（空白卷）.pdf,papers/2009/化学/广东/广东卷/2009_化学_广东_广东卷_原卷.pdf,2
2009,化学,广西,老高考,2024,全国卷,common,广西卷,present_common,H:\New folder\【新·PDF版】2008-2024·高考化学真题\版本2：化学（按省份分类）2008-2024\2008-2023·（广西）化学高考真题\2009年高考化学试卷（全国卷Ⅰ）（空白卷）.pdf,papers/2009/化学/全国/广西卷/2009_化学_广西_广西卷_原卷.pdf,2
2009,化学,海南,老高考,2020,地方/区域卷,local,海南卷,present_local,H:\New folder\【新·PDF版】2008-2024·高考化学真题\版本2：化学（按省份分类）2008-2024\2008-2023·（海南）化学高考真题\2009年高考化学试卷（海南）（空白卷）.pdf,papers/2009/化学/海南/海南卷/2009_化学_海南_海南卷_原卷.pdf,2
2009,化学,重庆,老高考,2021,,missing,,missing,,,0
2009,化学,四川,老高考,2025,地方/区域卷,local,四川卷,present_local,H:\New folder\【新·PDF版】2008-2024·高考化学真题\版本2：化学（按省份分类）2008-2024\2008-2024·（四川）化学高考真题\2009年高考化学试卷（四川）（空白卷）.pdf,papers/2009/化学/四川/四川卷/2009_化学_四川_四川卷_原卷.pdf,2
2009,化学,贵州,老高考,2024,全国卷,common,贵州卷,present_common,H:\New folder\【新·PDF版】2008-2024·高考化学真题\版本2：化学（按省份分类）2008-2024\2008-2023·（贵州）化学高考真题\2009年高考化学试卷（全国卷Ⅱ）（空白卷）.pdf,papers/2009/化学/全国/贵州卷/2009_化学_贵州_贵州卷_原卷.pdf,2
2009,化学,云南,老高考,2025,全国卷,common,云南卷,present_common,H:\New folder\【新·PDF版】2008-2024·高考化学真题\版本2：化学（按省份分类）2008-2024\2008-2024·（云南）化学高考真题\2009年高考化学试卷（全国卷Ⅱ）（空白卷）.pdf,papers/2009/化学/全国/云南卷/2009_化学_云南_云南卷_原卷.pdf,2
2009,化学,西藏,老高考,,全国卷,common,西藏卷,present_common,H:\New folder\【新·PDF版】2008-2024·高考化学真题\版本2：化学（按省份分类）2008-2024\2008-2024·（西藏）化学高考真题\2009年高考化学试卷（全国卷Ⅱ）（空白卷）.pdf,papers/2009/化学/全国/西藏卷/2009_化学_西藏_西藏卷_原卷.pdf,2
2009,化学,陕西,老高考,2025,全国卷,common,陕西卷,present_common,H:\New folder\【新·PDF版】2008-2024·高考化学真题\版本2：化学（按省份分类）2008-2024\2008-2024·（陕西）化学高考真题\2009年高考化学试卷（全国卷Ⅱ）（空白卷）.pdf,papers/2009/化学/全国/陕西卷/2009_化学_陕西_陕西卷_原卷.pdf,2
2009,化学,甘肃,老高考,2024,全国卷,common,甘肃卷,present_common,H:\New folder\【新·PDF版】2008-2024·高考化学真题\版本2：化学（按省份分类）2008-2024\2008-2024·（甘肃）化学高考真题\2009年高考化学试卷（全国卷Ⅱ）（空白卷）.pdf,papers/2009/化学/全国/甘肃卷/2009_化学_甘肃_甘肃卷_原卷.pdf,2
2009,化学,青海,老高考,2025,全国卷,common,青海卷,present_common,H:\New folder\【新·PDF版】2008-2024·高考化学真题\版本2：化学（按省份分类）2008-2024\2008-2024·（青海）化学高考真题\2009年高考化学试卷（全国卷Ⅱ）（空白卷）.pdf,papers/2009/化学/全国/青海卷/2009_化学_青海_青海卷_原卷.pdf,2
2009,化学,宁夏,老高考,2025,,missing,,missing,,,0
2009,化学,新疆,老高考,,全国卷,common,新疆卷,present_common,H:\New folder\【新·PDF版】2008-2024·高考化学真题\版本2：化学（按省份分类）2008-2024\2008-2024·（新疆）化学高考真题\2009年高考化学试卷（全国卷Ⅱ）（空白卷）.pdf,papers/2009/化学/全国/新疆卷/2009_化学_新疆_新疆卷_原卷.pdf,2
2009,生物,北京,老高考,2020,地方/区域卷,local,北京卷,present_local,H:\New folder\【新·PDF版】2008-2024·高考生物真题\版本2：生物（按省份分类）2008-2024\2008-2024·（北京）生物高考真题\2009年高考生物试卷（北京）（空白卷）.pdf,papers/2009/生物/北京/北京卷/2009_生物_北京_北京卷_原卷.pdf,2
2009,生物,天津,老高考,2020,地方/区域卷,local,天津卷,present_local,H:\New folder\【新·PDF版】2008-2024·高考生物真题\版本2：生物（按省份分类）2008-2024\2008-2023·（天津）生物高考真题\2009年高考生物试卷（天津）（空白卷）.pdf,papers/2009/生物/天津/天津卷/2009_生物_天津_天津卷_原卷.pdf,2
2009,生物,河北,老高考,2021,全国卷,common,河北卷,present_common,H:\New folder\【新·PDF版】2008-2024·高考生物真题\版本2：生物（按省份分类）2008-2024\2008-2024·（河北）生物高考真题\2009年高考生物试卷（全国卷Ⅰ）（空白卷）.pdf,papers/2009/生物/全国/河北卷/2009_生物_河北_河北卷_原卷.pdf,2
2009,生物,山西,老高考,2025,全国卷,common,山西卷,present_common,H:\New folder\【新·PDF版】2008-2024·高考生物真题\版本2：生物（按省份分类）2008-2024\2008-2024·（山西）生物高考真题\2009年高考生物试卷（全国卷Ⅰ）（空白卷）.pdf,papers/2009/生物/全国/山西卷/2009_生物_山西_山西卷_原卷.pdf,2
2009,生物,内蒙古,老高考,2025,全国卷,common,内蒙古卷,present_common,H:\New folder\【新·PDF版】2008-2024·高考生物真题\版本2：生物（按省份分类）2008-2024\2008-2024·（内蒙古）生物高考真题\2009年高考生物试卷（全国卷Ⅱ）（空白卷）.pdf,papers/2009/生物/全国/内蒙古卷/2009_生物_内蒙古_内蒙古卷_原卷.pdf,2
2009,生物,辽宁,老高考,2021,,missing,,missing,,,0
2009,生物,吉林,老高考,2024,全国卷,common,吉林卷,present_common,H:\New folder\【新·PDF版】2008-2024·高考生物真题\版本2：生物（按省份分类）2008-2024\2008-2024·（吉林）生物高考真题\2009年高考生物试卷（全国卷Ⅱ）（空白卷）.pdf,papers/2009/生物/全国/吉林卷/2009_生物_吉林_吉林卷_原卷.pdf,2
2009,生物,黑龙江,老高考,2024,全国卷,common,黑龙江卷,present_common,H:\New folder\【新·PDF版】2008-2024·高考生物真题\版本2：生物（按省份分类）2008-2024\2008-2024·（黑龙江）生物高考真题\2009年高考生物试卷（全国卷Ⅱ）（空白卷）.pdf,papers/2009/生物/全国/黑龙江卷/2009_生物_黑龙江_黑龙江卷_原卷.pdf,2
2009,生物,上海,老高考,2017,地方/区域卷,local,上海卷,present_local,H:\New folder\【新·PDF版】2008-2024·高考生物真题\版本2：生物（按省份分类）2008-2024\2008-2022·（上海）生物高考真题\2009年高考生物试卷（上海）（空白卷）.pdf,papers/2009/生物/上海/上海卷/2009_生物_上海_上海卷_原卷.pdf,2
2009,生物,江苏,老高考,2021,地方/区域卷,local,江苏卷,present_local,H:\New folder\【新·PDF版】2008-2024·高考生物真题\版本2：生物（按省份分类）2008-2024\2008-2023·（江苏）生物高考真题\2009年高考生物试卷（江苏）（空白卷）.pdf,papers/2009/生物/江苏/江苏卷/2009_生物_江苏_江苏卷_原卷.pdf,2
2009,生物,浙江,老高考,2017,地方/区域卷,local,浙江卷,present_local,H:\New folder\【新·PDF版】2008-2024·高考生物真题\版本2：生物（按省份分类）2008-2024\2008-2024·（浙江）生物高考真题\2009年高考生物试卷（浙江）（空白卷）.pdf,papers/2009/生物/浙江/浙江卷/2009_生物_浙江_浙江卷_原卷.pdf,2
2009,生物,安徽,老高考,2024,,missing,,missing,,,0
2009,生物,福建,老高考,2021,,missing,,missing,,,0
2009,生物,江西,老高考,2024,全国卷,common,江西卷,present_common,H:\New folder\【新·PDF版】2008-2024·高考生物真题\版本2：生物（按省份分类）2008-2024\2008-2024·（江西）生物高考真题\2009年高考生物试卷（全国卷Ⅰ）（空白卷）.pdf,papers/2009/生物/全国/江西卷/2009_生物_江西_江西卷_原卷.pdf,2
2009,生物,山东,老高考,2020,地方/区域卷,local,山东卷,present_local,H:\New folder\【新·PDF版】2008-2024·高考生物真题\版本2：生物（按省份分类）2008-2024\2008-2024·（山东）生物高考真题\2009年高考生物试卷（山东）（空白卷）.pdf,papers/2009/生物/山东/山东卷/2009_生物_山东_山东卷_原卷.pdf,2
2009,生物,河南,老高考,2025,全国卷,common,河南卷,present_common,H:\New folder\【新·PDF版】2008-2024·高考生物真题\版本2：生物（按省份分类）2008-2024\2008-2024·（河南）生物高考真题\2009年高考生物试卷（全国卷Ⅰ）（空白卷）.pdf,papers/2009/生物/全国/河南卷/2009_生物_河南_河南卷_原卷.pdf,2
2009,生物,湖北,老高考,2021,全国卷,common,湖北卷,present_common,H:\New folder\【新·PDF版】2008-2024·高考生物真题\版本2：生物（按省份分类）2008-2024\2008-2024·（湖北）生物高考真题\2009年高考生物试卷（全国卷Ⅰ）（空白卷）.pdf,papers/2009/生物/全国/湖北卷/2009_生物_湖北_湖北卷_原卷.pdf,2
2009,生物,湖南,老高考,2021,全国卷,common,湖南卷,present_common,H:\New folder\【新·PDF版】2008-2024·高考生物真题\版本2：生物（按省份分类）2008-2024\2008-2024·（湖南）生物高考真题\2009年高考生物试卷（全国卷Ⅰ）（空白卷）.pdf,papers/2009/生物/全国/湖南卷/2009_生物_湖南_湖南卷_原卷.pdf,2
2009,生物,广东,老高考,2021,地方/区域卷,local,广东卷,present_local,H:\New folder\【新·PDF版】2008-2024·高考生物真题\版本2：生物（按省份分类）2008-2024\2008-2024·（广东）生物高考真题\2009年高考生物试卷（广东）（空白卷）.pdf,papers/2009/生物/广东/广东卷/2009_生物_广东_广东卷_原卷.pdf,2
2009,生物,广西,老高考,2024,全国卷,common,广西卷,present_common,H:\New folder\【新·PDF版】2008-2024·高考生物真题\版本2：生物（按省份分类）2008-2024\2008-2023·（广西）生物高考真题\2009年高考生物试卷（全国卷Ⅰ）（空白卷）.pdf,papers/2009/生物/全国/广西卷/2009_生物_广西_广西卷_原卷.pdf,2
2009,生物,海南,老高考,2020,地方/区域卷,local,海南卷,present_local,H:\New folder\【新·PDF版】2008-2024·高考生物真题\版本2：生物（按省份分类）2008-2024\2008-2023·（海南）生物高考真题\2009年高考生物试卷（海南）（空白卷）.pdf,papers/2009/生物/海南/海南卷/2009_生物_海南_海南卷_原卷.pdf,2
2009,生物,重庆,老高考,2021,,missing,,missing,,,0
2009,生物,四川,老高考,2025,地方/区域卷,local,四川卷,present_local,H:\New folder\【新·PDF版】2008-2024·高考生物真题\版本2：生物（按省份分类）2008-2024\2008-2024·（四川）生物高考真题\2009年高考生物试卷（四川）（空白卷）.pdf,papers/2009/生物/四川/四川卷/2009_生物_四川_四川卷_原卷.pdf,2
2009,生物,贵州,老高考,2024,全国卷,common,贵州卷,present_common,H:\New folder\【新·PDF版】2008-2024·高考生物真题\版本2：生物（按省份分类）2008-2024\2008-2023·（贵州）生物高考真题\2009年高考生物试卷（全国卷Ⅱ）（空白卷）.pdf,papers/2009/生物/全国/贵州卷/2009_生物_贵州_贵州卷_原卷.pdf,2
2009,生物,云南,老高考,2025,全国卷,common,云南卷,present_common,H:\New folder\【新·PDF版】2008-2024·高考生物真题\版本2：生物（按省份分类）2008-2024\2008-2024·（云南）生物高考真题\2009年高考生物试卷（全国卷Ⅱ）（空白卷）.pdf,papers/2009/生物/全国/云南卷/2009_生物_云南_云南卷_原卷.pdf,2
2009,生物,西藏,老高考,,全国卷,common,西藏卷,present_common,H:\New folder\【新·PDF版】2008-2024·高考生物真题\版本2：生物（按省份分类）2008-2024\2008-2024·（西藏）生物高考真题\2009年高考生物试卷（全国卷Ⅱ）（空白卷）.pdf,papers/2009/生物/全国/西藏卷/2009_生物_西藏_西藏卷_原卷.pdf,2
2009,生物,陕西,老高考,2025,全国卷,common,陕西卷,present_common,H:\New folder\【新·PDF版】2008-2024·高考生物真题\版本2：生物（按省份分类）2008-2024\2008-2024·（陕西）生物高考真题\2009年高考生物试卷（全国卷Ⅱ）（空白卷）.pdf,papers/2009/生物/全国/陕西卷/2009_生物_陕西_陕西卷_原卷.pdf,2
2009,生物,甘肃,老高考,2024,全国卷,common,甘肃卷,present_common,H:\New folder\【新·PDF版】2008-2024·高考生物真题\版本2：生物（按省份分类）2008-2024\2008-2024·（甘肃）生物高考真题\2009年高考生物试卷（全国卷Ⅱ）（空白卷）.pdf,papers/2009/生物/全国/甘肃卷/2009_生物_甘肃_甘肃卷_原卷.pdf,2
2009,生物,青海,老高考,2025,全国卷,common,青海卷,present_common,H:\New folder\【新·PDF版】2008-2024·高考生物真题\版本2：生物（按省份分类）2008-2024\2008-2024·（青海）生物高考真题\2009年高考生物试卷（全国卷Ⅱ）（空白卷）.pdf,papers/2009/生物/全国/青海卷/2009_生物_青海_青海卷_原卷.pdf,2
2009,生物,宁夏,老高考,2025,,missing,,missing,,,0
2009,生物,新疆,老高考,,全国卷,common,新疆卷,present_common,H:\New folder\【新·PDF版】2008-2024·高考生物真题\版本2：生物（按省份分类）2008-2024\2008-2024·（新疆）生物高考真题\2009年高考生物试卷（全国卷Ⅱ）（空白卷）.pdf,papers/2009/生物/全国/新疆卷/2009_生物_新疆_新疆卷_原卷.pdf,2
2009,政治,北京,老高考,2020,地方/区域卷,local,北京卷,present_local,H:\New folder\【新·PDF版】2008-2024·高考政治真题\版本2：政治（按省份分类）2008-2024\2008-2024·（北京）政治高考真题\2009年高考生物试卷（北京）（空白卷）.pdf,papers/2009/政治/北京/北京卷/2009_政治_北京_北京卷_原卷.pdf,2
2009,政治,天津,老高考,2020,地方/区域卷,local,天津卷,present_local,H:\New folder\【新·PDF版】2008-2024·高考政治真题\版本2：政治（按省份分类）2008-2024\2008-2023·（天津）政治高考真题\2009年高考政治试卷（天津）（空白卷）.pdf,papers/2009/政治/天津/天津卷/2009_政治_天津_天津卷_原卷.pdf,2
2009,政治,河北,老高考,2021,全国卷,common,全国I卷,present_common,H:\New folder\【新·PDF版】2008-2024·高考政治真题\版本2：政治（按省份分类）2008-2024\2008-2021_2023·（河北）政治高考真题\2009年高考政治试卷（全国Ⅰ卷）（空白卷）.pdf,papers/2009/政治/全国/全国I卷/2009_政治_河北_全国I卷_原卷.pdf,2
2009,政治,山西,老高考,2025,全国卷,common,全国I卷,present_common,H:\New folder\【新·PDF版】2008-2024·高考政治真题\版本2：政治（按省份分类）2008-2024\2008-2024·（山西）政治高考真题\2009年高考政治试卷（全国Ⅰ卷）（空白卷）.pdf,papers/2009/政治/全国/全国I卷/2009_政治_山西_全国I卷_原卷.pdf,2
2009,政治,内蒙古,老高考,2025,全国卷,common,全国II卷,present_common,H:\New folder\【新·PDF版】2008-2024·高考政治真题\版本2：政治（按省份分类）2008-2024\2008-2023·（内蒙古）政治高考真题\2009年高考政治试卷（全国Ⅱ卷）（空白卷）.pdf,papers/2009/政治/全国/全国II卷/2009_政治_内蒙古_全国II卷_原卷.pdf,2
2009,政治,辽宁,老高考,2021,,missing,,missing,,,0
2009,政治,吉林,老高考,2024,全国卷,common,全国II卷,present_common,H:\New folder\【新·PDF版】2008-2024·高考政治真题\版本2：政治（按省份分类）2008-2024\2008-2024·（吉林）政治高考真题\2009年高考政治试卷（全国Ⅱ卷）（空白卷）.pdf,papers/2009/政治/全国/全国II卷/2009_政治_吉林_全国II卷_原卷.pdf,2
2009,政治,黑龙江,老高考,2024,全国卷,common,全国II卷,present_common,H:\New folder\【新·PDF版】2008-2024·高考政治真题\版本2：政治（按省份分类）2008-2024\2008-2024·（黑龙江）政治高考真题\2009年高考政治试卷（全国Ⅱ卷）（空白卷）.pdf,papers/2009/政治/全国/全国II卷/2009_政治_黑龙江_全国II卷_原卷.pdf,2
2009,政治,上海,老高考,2017,地方/区域卷,local,上海卷,present_local,H:\New folder\【新·PDF版】2008-2024·高考政治真题\版本2：政治（按省份分类）2008-2024\2008-2017·（上海）政治高考真题\2009年高考政治试卷（上海）（空白卷）.pdf,papers/2009/政治/上海/上海卷/2009_政治_上海_上海卷_原卷.pdf,2
2009,政治,江苏,老高考,2021,地方/区域卷,local,江苏卷,present_local,H:\New folder\【新·PDF版】2008-2024·高考政治真题\版本2：政治（按省份分类）2008-2024\2008-2023·（江苏）政治高考真题\2009年高考政治试卷（江苏）（空白卷）.pdf,papers/2009/政治/江苏/江苏卷/2009_政治_江苏_江苏卷_原卷.pdf,2
2009,政治,浙江,老高考,2017,地方/区域卷,local,浙江卷,present_local,H:\New folder\【新·PDF版】2008-2024·高考政治真题\版本2：政治（按省份分类）2008-2024\2008-2024·（浙江）政治高考真题\2009年高考政治试卷（浙江）（空白卷）.pdf,papers/2009/政治/浙江/浙江卷/2009_政治_浙江_浙江卷_原卷.pdf,2
2009,政治,安徽,老高考,2024,,missing,,missing,,,0
2009,政治,福建,老高考,2021,,missing,,missing,,,0
2009,政治,江西,老高考,2024,全国卷,common,全国I卷,present_common,H:\New folder\【新·PDF版】2008-2024·高考政治真题\版本2：政治（按省份分类）2008-2024\2008-2023·（江西）政治高考真题\2009年高考政治试卷（全国Ⅰ卷）（空白卷）.pdf,papers/2009/政治/全国/全国I卷/2009_政治_江西_全国I卷_原卷.pdf,2
2009,政治,山东,老高考,2020,地方/区域卷,local,山东卷,present_local,H:\New folder\【新·PDF版】2008-2024·高考政治真题\版本2：政治（按省份分类）2008-2024\2008-2024·（山东）政治高考真题\2009年高考生物政治（山东）（空白卷）.pdf,papers/2009/政治/山东/山东卷/2009_政治_山东_山东卷_原卷.pdf,2
2009,政治,河南,老高考,2025,全国卷,common,全国I卷,present_common,H:\New folder\【新·PDF版】2008-2024·高考政治真题\版本2：政治（按省份分类）2008-2024\2008-2024·（河南）政治高考真题\2009年高考政治试卷（全国Ⅰ卷）（空白卷）.pdf,papers/2009/政治/全国/全国I卷/2009_政治_河南_全国I卷_原卷.pdf,2
2009,政治,湖北,老高考,2021,全国卷,common,全国I卷,present_common,H:\New folder\【新·PDF版】2008-2024·高考政治真题\版本2：政治（按省份分类）2008-2024\2008-2024·（湖北）政治高考真题\2009年高考政治试卷（全国Ⅰ卷）（空白卷）.pdf,papers/2009/政治/全国/全国I卷/2009_政治_湖北_全国I卷_原卷.pdf,2
2009,政治,湖南,老高考,2021,全国卷,common,全国I卷,present_common,H:\New folder\【新·PDF版】2008-2024·高考政治真题\版本2：政治（按省份分类）2008-2024\2008-2024·（湖南）政治高考真题\2009年高考政治试卷（全国Ⅰ卷）（空白卷）.pdf,papers/2009/政治/全国/全国I卷/2009_政治_湖南_全国I卷_原卷.pdf,2
2009,政治,广东,老高考,2021,地方/区域卷,local,广东卷,present_local,H:\New folder\【新·PDF版】2008-2024·高考政治真题\版本2：政治（按省份分类）2008-2024\2008-2024·（广东）政治高考真题\2009年高考政治试卷（广东）（空白卷）.pdf,papers/2009/政治/广东/广东卷/2009_政治_广东_广东卷_原卷.pdf,2
2009,政治,广西,老高考,2024,全国卷,common,全国I卷,present_common,H:\New folder\【新·PDF版】2008-2024·高考政治真题\版本2：政治（按省份分类）2008-2024\2008-2023·（广西）政治高考真题\2009年高考政治试卷（全国Ⅰ卷）（空白卷）.pdf,papers/2009/政治/全国/全国I卷/2009_政治_广西_全国I卷_原卷.pdf,2
2009,政治,海南,老高考,2020,地方/区域卷,local,海南卷,present_local,H:\New folder\【新·PDF版】2008-2024·高考政治真题\版本2：政治（按省份分类）2008-2024\2008-2023·（海南）政治高考真题\2009年高考政治试卷（海南）（空白卷）.pdf,papers/2009/政治/海南/海南卷/2009_政治_海南_海南卷_原卷.pdf,2
2009,政治,重庆,老高考,2021,,missing,,missing,,,0
2009,政治,四川,老高考,2025,地方/区域卷,local,四川卷,present_local,H:\New folder\【新·PDF版】2008-2024·高考政治真题\版本2：政治（按省份分类）2008-2024\2008-2023·（四川）政治高考真题\2009年高考政治试卷（四川）（空白卷）.pdf,papers/2009/政治/四川/四川卷/2009_政治_四川_四川卷_原卷.pdf,2
2009,政治,贵州,老高考,2024,全国卷,common,全国II卷,present_common,H:\New folder\【新·PDF版】2008-2024·高考政治真题\版本2：政治（按省份分类）2008-2024\2008-2023·（贵州）政治高考真题\2009年高考政治试卷（全国Ⅱ卷）（空白卷）.pdf,papers/2009/政治/全国/全国II卷/2009_政治_贵州_全国II卷_原卷.pdf,2
2009,政治,云南,老高考,2025,全国卷,common,全国II卷,present_common,H:\New folder\【新·PDF版】2008-2024·高考政治真题\版本2：政治（按省份分类）2008-2024\2008-2024·（云南）政治高考真题\2009年高考政治试卷（全国Ⅱ卷）（空白卷）.pdf,papers/2009/政治/全国/全国II卷/2009_政治_云南_全国II卷_原卷.pdf,2
2009,政治,西藏,老高考,,全国卷,common,全国II卷,present_common,H:\New folder\【新·PDF版】2008-2024·高考政治真题\版本2：政治（按省份分类）2008-2024\2008-2024·（西藏）政治高考真题\2009年高考政治试卷（全国Ⅱ卷）（空白卷）.pdf,papers/2009/政治/全国/全国II卷/2009_政治_西藏_全国II卷_原卷.pdf,2
2009,政治,陕西,老高考,2025,全国卷,common,全国II卷,present_common,H:\New folder\【新·PDF版】2008-2024·高考政治真题\版本2：政治（按省份分类）2008-2024\2008-2023·（陕西）政治高考真题\2009年高考政治试卷（全国Ⅱ卷）（空白卷）.pdf,papers/2009/政治/全国/全国II卷/2009_政治_陕西_全国II卷_原卷.pdf,2
2009,政治,甘肃,老高考,2024,全国卷,common,全国II卷,present_common,H:\New folder\【新·PDF版】2008-2024·高考政治真题\版本2：政治（按省份分类）2008-2024\2008-2023·（甘肃）政治高考真题\2009年高考政治试卷（全国Ⅱ卷）（空白卷）.pdf,papers/2009/政治/全国/全国II卷/2009_政治_甘肃_全国II卷_原卷.pdf,2
2009,政治,青海,老高考,2025,全国卷,common,全国II卷,present_common,H:\New folder\【新·PDF版】2008-2024·高考政治真题\版本2：政治（按省份分类）2008-2024\2008-2023·（青海）政治高考真题\2009年高考政治试卷（全国Ⅱ卷）（空白卷）.pdf,papers/2009/政治/全国/全国II卷/2009_政治_青海_全国II卷_原卷.pdf,2
2009,政治,宁夏,老高考,2025,,missing,,missing,,,0
2009,政治,新疆,老高考,,全国卷,common,全国II卷,present_common,H:\New folder\【新·PDF版】2008-2024·高考政治真题\版本2：政治（按省份分类）2008-2024\2008-2024·（新疆）政治高考真题\2009年高考政治试卷（全国Ⅱ卷）（空白卷）.pdf,papers/2009/政治/全国/全国II卷/2009_政治_新疆_全国II卷_原卷.pdf,2
2009,历史,北京,老高考,2020,地方/区域卷,local,北京卷,present_local,H:\New folder\【新·PDF版】2008-2024·高考历史真题\版本2：历史（按省份分类）2008-2024\2008-2024·（北京）历史高考真题\2009年高考历史试卷（北京）（空白卷）.pdf,papers/2009/历史/北京/北京卷/2009_历史_北京_北京卷_原卷.pdf,2
2009,历史,天津,老高考,2020,地方/区域卷,local,天津卷,present_local,H:\New folder\【新·PDF版】2008-2024·高考历史真题\版本2：历史（按省份分类）2008-2024\2008-2023·（天津）历史高考真题\2009年高考历史试卷（天津）（空白卷）.pdf,papers/2009/历史/天津/天津卷/2009_历史_天津_天津卷_原卷.pdf,2
2009,历史,河北,老高考,2021,全国卷,common,河北卷,present_common,H:\New folder\【新·PDF版】2008-2024·高考历史真题\版本2：历史（按省份分类）2008-2024\2008-2023·（河北）历史高考真题\2009年高考历史试卷（全国卷Ⅰ）（空白卷）.pdf,papers/2009/历史/全国/河北卷/2009_历史_河北_河北卷_原卷.pdf,2
2009,历史,山西,老高考,2025,全国卷,common,山西卷,present_common,H:\New folder\【新·PDF版】2008-2024·高考历史真题\版本2：历史（按省份分类）2008-2024\2008-2024·（山西）历史高考真题\2009年高考历史试卷（全国卷Ⅰ）（空白卷）.pdf,papers/2009/历史/全国/山西卷/2009_历史_山西_山西卷_原卷.pdf,2
2009,历史,内蒙古,老高考,2025,全国卷,common,内蒙古卷,present_common,H:\New folder\【新·PDF版】2008-2024·高考历史真题\版本2：历史（按省份分类）2008-2024\2008-2024·（内蒙古）历史高考真题\2009年高考历史试卷（全国卷Ⅱ）（空白卷）.pdf,papers/2009/历史/全国/内蒙古卷/2009_历史_内蒙古_内蒙古卷_原卷.pdf,2
2009,历史,辽宁,老高考,2021,,missing,,missing,,,0
2009,历史,吉林,老高考,2024,全国卷,common,吉林卷,present_common,H:\New folder\【新·PDF版】2008-2024·高考历史真题\版本2：历史（按省份分类）2008-2024\2008-2024·（吉林）历史高考真题\2009年高考历史试卷（全国卷Ⅱ）（空白卷）.pdf,papers/2009/历史/全国/吉林卷/2009_历史_吉林_吉林卷_原卷.pdf,2
2009,历史,黑龙江,老高考,2024,全国卷,common,黑龙江卷,present_common,H:\New folder\【新·PDF版】2008-2024·高考历史真题\版本2：历史（按省份分类）2008-2024\2008-2024·（黑龙江）历史高考真题\2009年高考历史试卷（全国卷Ⅱ）（空白卷）.pdf,papers/2009/历史/全国/黑龙江卷/2009_历史_黑龙江_黑龙江卷_原卷.pdf,2
2009,历史,上海,老高考,2017,地方/区域卷,local,上海卷,present_local,"H:\New folder\【新·PDF版】2008-2024·高考历史真题\版本2：历史（按省份分类）2008-2024\2008-2017_2019,2024·（上海）历史高考真题\2009年高考历史试卷（上海）（空白卷）.pdf",papers/2009/历史/上海/上海卷/2009_历史_上海_上海卷_原卷.pdf,2
2009,历史,江苏,老高考,2021,地方/区域卷,local,江苏卷,present_local,H:\New folder\【新·PDF版】2008-2024·高考历史真题\版本2：历史（按省份分类）2008-2024\2008-2024·（江苏）历史高考真题\2009年高考历史试卷（江苏）（空白卷）.pdf,papers/2009/历史/江苏/江苏卷/2009_历史_江苏_江苏卷_原卷.pdf,2
2009,历史,浙江,老高考,2017,地方/区域卷,local,浙江卷,present_local,H:\New folder\【新·PDF版】2008-2024·高考历史真题\版本2：历史（按省份分类）2008-2024\2008-2024·（浙江）历史高考真题\2009年高考历史试卷（浙江）（空白卷）.pdf,papers/2009/历史/浙江/浙江卷/2009_历史_浙江_浙江卷_原卷.pdf,2
2009,历史,安徽,老高考,2024,,missing,,missing,,,0
2009,历史,福建,老高考,2021,,missing,,missing,,,0
2009,历史,江西,老高考,2024,全国卷,common,江西卷,present_common,H:\New folder\【新·PDF版】2008-2024·高考历史真题\版本2：历史（按省份分类）2008-2024\2008-2023·（江西）历史高考真题\2009年高考历史试卷（全国卷Ⅰ）（空白卷）.pdf,papers/2009/历史/全国/江西卷/2009_历史_江西_江西卷_原卷.pdf,2
2009,历史,山东,老高考,2020,地方/区域卷,local,山东卷,present_local,H:\New folder\【新·PDF版】2008-2024·高考历史真题\版本2：历史（按省份分类）2008-2024\2008-2024·（山东）历史高考真题\2009年高考历史试卷（山东）（空白卷）.pdf,papers/2009/历史/山东/山东卷/2009_历史_山东_山东卷_原卷.pdf,2
2009,历史,河南,老高考,2025,全国卷,common,河南卷,present_common,H:\New folder\【新·PDF版】2008-2024·高考历史真题\版本2：历史（按省份分类）2008-2024\2008-2024·（河南）历史高考真题\2009年高考历史试卷（全国卷Ⅰ）（空白卷）.pdf,papers/2009/历史/全国/河南卷/2009_历史_河南_河南卷_原卷.pdf,2
2009,历史,湖北,老高考,2021,全国卷,common,湖北卷,present_common,H:\New folder\【新·PDF版】2008-2024·高考历史真题\版本2：历史（按省份分类）2008-2024\2008-2024·（湖北）历史高考真题\2009年高考历史试卷（全国卷Ⅰ）（空白卷）.pdf,papers/2009/历史/全国/湖北卷/2009_历史_湖北_湖北卷_原卷.pdf,2
2009,历史,湖南,老高考,2021,全国卷,common,湖南卷,present_common,H:\New folder\【新·PDF版】2008-2024·高考历史真题\版本2：历史（按省份分类）2008-2024\2008-2024·（湖南）历史高考真题\2009年高考历史试卷（全国卷Ⅰ）（空白卷）.pdf,papers/2009/历史/全国/湖南卷/2009_历史_湖南_湖南卷_原卷.pdf,2
2009,历史,广东,老高考,2021,地方/区域卷,local,广东卷,present_local,H:\New folder\【新·PDF版】2008-2024·高考历史真题\版本2：历史（按省份分类）2008-2024\2008-2024·（广东）历史高考真题\2009年高考历史试卷（广东）（空白卷）.pdf,papers/2009/历史/广东/广东卷/2009_历史_广东_广东卷_原卷.pdf,2
2009,历史,广西,老高考,2024,全国卷,common,广西卷,present_common,H:\New folder\【新·PDF版】2008-2024·高考历史真题\版本2：历史（按省份分类）2008-2024\2008-2023·（广西）历史高考真题\2009年高考历史试卷（全国卷Ⅰ）（空白卷）.pdf,papers/2009/历史/全国/广西卷/2009_历史_广西_广西卷_原卷.pdf,2
2009,历史,海南,老高考,2020,地方/区域卷,local,海南卷,present_local,H:\New folder\【新·PDF版】2008-2024·高考历史真题\版本2：历史（按省份分类）2008-2024\2008-2023·（海南）历史高考真题\2009年高考历史试卷（海南）（空白卷）.pdf,papers/2009/历史/海南/海南卷/2009_历史_海南_海南卷_原卷.pdf,2
2009,历史,重庆,老高考,2021,,missing,,missing,,,0
2009,历史,四川,老高考,2025,地方/区域卷,local,四川卷,present_local,H:\New folder\【新·PDF版】2008-2024·高考历史真题\版本2：历史（按省份分类）2008-2024\2008-2024·（四川）历史高考真题\2009年高考历史试卷（四川）（空白卷）.pdf,papers/2009/历史/四川/四川卷/2009_历史_四川_四川卷_原卷.pdf,2
2009,历史,贵州,老高考,2024,全国卷,common,贵州卷,present_common,H:\New folder\【新·PDF版】2008-2024·高考历史真题\版本2：历史（按省份分类）2008-2024\2008-2023·（贵州）历史高考真题\2009年高考历史试卷（全国卷Ⅱ）（空白卷）.pdf,papers/2009/历史/全国/贵州卷/2009_历史_贵州_贵州卷_原卷.pdf,2
2009,历史,云南,老高考,2025,全国卷,common,云南卷,present_common,H:\New folder\【新·PDF版】2008-2024·高考历史真题\版本2：历史（按省份分类）2008-2024\2008-2024·（云南）历史高考真题\2009年高考历史试卷（全国卷Ⅱ）（空白卷）.pdf,papers/2009/历史/全国/云南卷/2009_历史_云南_云南卷_原卷.pdf,2
2009,历史,西藏,老高考,,全国卷,common,西藏卷,present_common,H:\New folder\【新·PDF版】2008-2024·高考历史真题\版本2：历史（按省份分类）2008-2024\2008-2024·（西藏）历史高考真题\2009年高考历史试卷（全国卷Ⅱ）（空白卷）.pdf,papers/2009/历史/全国/西藏卷/2009_历史_西藏_西藏卷_原卷.pdf,2
2009,历史,陕西,老高考,2025,全国卷,common,陕西卷,present_common,H:\New folder\【新·PDF版】2008-2024·高考历史真题\版本2：历史（按省份分类）2008-2024\2008-2024·（陕西）历史高考真题\2009年高考历史试卷（全国卷Ⅱ）（空白卷）.pdf,papers/2009/历史/全国/陕西卷/2009_历史_陕西_陕西卷_原卷.pdf,2
2009,历史,甘肃,老高考,2024,全国卷,common,甘肃卷,present_common,H:\New folder\【新·PDF版】2008-2024·高考历史真题\版本2：历史（按省份分类）2008-2024\2008-2024·（甘肃）历史高考真题\2009年高考历史试卷（全国卷Ⅱ）（空白卷）.pdf,papers/2009/历史/全国/甘肃卷/2009_历史_甘肃_甘肃卷_原卷.pdf,2
2009,历史,青海,老高考,2025,全国卷,common,青海卷,present_common,H:\New folder\【新·PDF版】2008-2024·高考历史真题\版本2：历史（按省份分类）2008-2024\2008-2024·（青海）历史高考真题\2009年高考历史试卷（全国卷Ⅱ）（空白卷）.pdf,papers/2009/历史/全国/青海卷/2009_历史_青海_青海卷_原卷.pdf,2
2009,历史,宁夏,老高考,2025,,missing,,missing,,,0
2009,历史,新疆,老高考,,全国卷,common,新疆卷,present_common,H:\New folder\【新·PDF版】2008-2024·高考历史真题\版本2：历史（按省份分类）2008-2024\2008-2024·（新疆）历史高考真题\2009年高考历史试卷（全国卷Ⅱ）（空白卷）.pdf,papers/2009/历史/全国/新疆卷/2009_历史_新疆_新疆卷_原卷.pdf,2
2009,地理,北京,老高考,2020,地方/区域卷,local,北京卷,present_local,H:\New folder\【新·PDF版】2008-2024·高考地理真题\版本2：地理（按省份分类）2008-2024\2008-2024·（北京）地理高考真题\2009年高考地理试卷（北京）（空白卷）.pdf,papers/2009/地理/北京/北京卷/2009_地理_北京_北京卷_原卷.pdf,2
2009,地理,天津,老高考,2020,地方/区域卷,local,天津卷,present_local,H:\New folder\【新·PDF版】2008-2024·高考地理真题\版本2：地理（按省份分类）2008-2024\2008-2023·（天津）地理高考真题\2009年高考地理试卷（天津）（空白卷）.pdf,papers/2009/地理/天津/天津卷/2009_地理_天津_天津卷_原卷.pdf,2
2009,地理,河北,老高考,2021,全国卷,common,河北卷,present_common,H:\New folder\【新·PDF版】2008-2024·高考地理真题\版本2：地理（按省份分类）2008-2024\2008-2023·（河北）地理高考真题\2009年高考地理试卷（全国卷Ⅰ）（空白卷）.pdf,papers/2009/地理/全国/河北卷/2009_地理_河北_河北卷_原卷.pdf,2
2009,地理,山西,老高考,2025,全国卷,common,山西卷,present_common,H:\New folder\【新·PDF版】2008-2024·高考地理真题\版本2：地理（按省份分类）2008-2024\2008-2024·（山西）地理高考真题\2009年高考地理试卷（全国卷Ⅰ）（空白卷）.pdf,papers/2009/地理/全国/山西卷/2009_地理_山西_山西卷_原卷.pdf,2
2009,地理,内蒙古,老高考,2025,全国卷,common,内蒙古卷,present_common,H:\New folder\【新·PDF版】2008-2024·高考地理真题\版本2：地理（按省份分类）2008-2024\2008-2024·（内蒙古）地理高考真题\2009年高考地理试卷（全国卷Ⅱ）（空白卷）.pdf,papers/2009/地理/全国/内蒙古卷/2009_地理_内蒙古_内蒙古卷_原卷.pdf,2
2009,地理,辽宁,老高考,2021,,missing,,missing,,,0
2009,地理,吉林,老高考,2024,全国卷,common,吉林卷,present_common,H:\New folder\【新·PDF版】2008-2024·高考地理真题\版本2：地理（按省份分类）2008-2024\2008-2024·（吉林）地理高考真题\2009年高考地理试卷（全国卷Ⅱ）（空白卷）.pdf,papers/2009/地理/全国/吉林卷/2009_地理_吉林_吉林卷_原卷.pdf,2
2009,地理,黑龙江,老高考,2024,全国卷,common,黑龙江卷,present_common,H:\New folder\【新·PDF版】2008-2024·高考地理真题\版本2：地理（按省份分类）2008-2024\2008-2024·（黑龙江）地理高考真题\2009年高考地理试卷（全国卷Ⅱ）（空白卷）.pdf,papers/2009/地理/全国/黑龙江卷/2009_地理_黑龙江_黑龙江卷_原卷.pdf,2
2009,地理,上海,老高考,2017,地方/区域卷,local,上海卷,present_local,"H:\New folder\【新·PDF版】2008-2024·高考地理真题\版本2：地理（按省份分类）2008-2024\2008-2021,2024·（上海）地理高考真题\2009年高考地理试卷（上海）（空白卷）.pdf",papers/2009/地理/上海/上海卷/2009_地理_上海_上海卷_原卷.pdf,2
2009,地理,江苏,老高考,2021,地方/区域卷,local,江苏卷,present_local,H:\New folder\【新·PDF版】2008-2024·高考地理真题\版本2：地理（按省份分类）2008-2024\2008-2023·（江苏）地理高考真题\2009年高考地理试卷（江苏）（空白卷）.pdf,papers/2009/地理/江苏/江苏卷/2009_地理_江苏_江苏卷_原卷.pdf,2
2009,地理,浙江,老高考,2017,地方/区域卷,local,浙江卷,present_local,H:\New folder\【新·PDF版】2008-2024·高考地理真题\版本2：地理（按省份分类）2008-2024\2008-2024·（浙江）地理高考真题\2009年高考地理试卷（浙江）（空白卷）.pdf,papers/2009/地理/浙江/浙江卷/2009_地理_浙江_浙江卷_原卷.pdf,2
2009,地理,安徽,老高考,2024,,missing,,missing,,,0
2009,地理,福建,老高考,2021,,missing,,missing,,,0
2009,地理,江西,老高考,2024,全国卷,common,江西卷,present_common,H:\New folder\【新·PDF版】2008-2024·高考地理真题\版本2：地理（按省份分类）2008-2024\2008-2024·（江西）地理高考真题\2009年高考地理试卷（全国卷Ⅰ）（空白卷）.pdf,papers/2009/地理/全国/江西卷/2009_地理_江西_江西卷_原卷.pdf,2
2009,地理,山东,老高考,2020,地方/区域卷,local,山东卷,present_local,H:\New folder\【新·PDF版】2008-2024·高考地理真题\版本2：地理（按省份分类）2008-2024\2008-2024·（山东）地理高考真题\2009年高考地理试卷（山东）（空白卷）.pdf,papers/2009/地理/山东/山东卷/2009_地理_山东_山东卷_原卷.pdf,2
2009,地理,河南,老高考,2025,全国卷,common,河南卷,present_common,H:\New folder\【新·PDF版】2008-2024·高考地理真题\版本2：地理（按省份分类）2008-2024\2008-2024·（河南）地理高考真题\2009年高考地理试卷（全国卷Ⅰ）（空白卷）.pdf,papers/2009/地理/全国/河南卷/2009_地理_河南_河南卷_原卷.pdf,2
2009,地理,湖北,老高考,2021,全国卷,common,湖北卷,present_common,H:\New folder\【新·PDF版】2008-2024·高考地理真题\版本2：地理（按省份分类）2008-2024\2008-2024·（湖北）地理高考真题\2009年高考地理试卷（全国卷Ⅰ）（空白卷）.pdf,papers/2009/地理/全国/湖北卷/2009_地理_湖北_湖北卷_原卷.pdf,2
2009,地理,湖南,老高考,2021,全国卷,common,湖南卷,present_common,H:\New folder\【新·PDF版】2008-2024·高考地理真题\版本2：地理（按省份分类）2008-2024\2008-2024·（湖南）地理高考真题\2009年高考地理试卷（全国卷Ⅰ）（空白卷）.pdf,papers/2009/地理/全国/湖南卷/2009_地理_湖南_湖南卷_原卷.pdf,2
2009,地理,广东,老高考,2021,地方/区域卷,local,广东卷,present_local,H:\New folder\【新·PDF版】2008-2024·高考地理真题\版本2：地理（按省份分类）2008-2024\2008-2024·（广东）地理高考真题\2009年高考地理试卷（广东）（空白卷）.pdf,papers/2009/地理/广东/广东卷/2009_地理_广东_广东卷_原卷.pdf,2
2009,地理,广西,老高考,2024,全国卷,common,广西卷,present_common,H:\New folder\【新·PDF版】2008-2024·高考地理真题\版本2：地理（按省份分类）2008-2024\2008-2023·（广西）地理高考真题\2009年高考地理试卷（全国卷Ⅰ）（空白卷）.pdf,papers/2009/地理/全国/广西卷/2009_地理_广西_广西卷_原卷.pdf,2
2009,地理,海南,老高考,2020,地方/区域卷,local,海南卷,present_local,H:\New folder\【新·PDF版】2008-2024·高考地理真题\版本2：地理（按省份分类）2008-2024\2008-2023·（海南）地理高考真题\2009年高考地理试卷（海南）（空白卷）.pdf,papers/2009/地理/海南/海南卷/2009_地理_海南_海南卷_原卷.pdf,2
2009,地理,重庆,老高考,2021,,missing,,missing,,,0
2009,地理,四川,老高考,2025,地方/区域卷,local,四川卷,present_local,H:\New folder\【新·PDF版】2008-2024·高考地理真题\版本2：地理（按省份分类）2008-2024\2008-2024·（四川）地理高考真题\2009年高考地理试卷（四川）（空白卷）.pdf,papers/2009/地理/四川/四川卷/2009_地理_四川_四川卷_原卷.pdf,2
2009,地理,贵州,老高考,2024,全国卷,common,贵州卷,present_common,H:\New folder\【新·PDF版】2008-2024·高考地理真题\版本2：地理（按省份分类）2008-2024\2008-2023·（贵州）地理高考真题\2009年高考地理试卷（全国卷Ⅱ）（空白卷）.pdf,papers/2009/地理/全国/贵州卷/2009_地理_贵州_贵州卷_原卷.pdf,2
2009,地理,云南,老高考,2025,全国卷,common,云南卷,present_common,H:\New folder\【新·PDF版】2008-2024·高考地理真题\版本2：地理（按省份分类）2008-2024\2008-2024·（云南）地理高考真题\2009年高考地理试卷（全国卷Ⅱ）（空白卷）.pdf,papers/2009/地理/全国/云南卷/2009_地理_云南_云南卷_原卷.pdf,2
2009,地理,西藏,老高考,,全国卷,common,西藏卷,present_common,H:\New folder\【新·PDF版】2008-2024·高考地理真题\版本2：地理（按省份分类）2008-2024\2008-2024·（西藏）地理高考真题\2009年高考地理试卷（全国卷Ⅱ）（空白卷）.pdf,papers/2009/地理/全国/西藏卷/2009_地理_西藏_西藏卷_原卷.pdf,2
2009,地理,陕西,老高考,2025,全国卷,common,陕西卷,present_common,H:\New folder\【新·PDF版】2008-2024·高考地理真题\版本2：地理（按省份分类）2008-2024\2008-2024·（陕西）地理高考真题\2009年高考地理试卷（全国卷Ⅱ）（空白卷）.pdf,papers/2009/地理/全国/陕西卷/2009_地理_陕西_陕西卷_原卷.pdf,2
2009,地理,甘肃,老高考,2024,全国卷,common,甘肃卷,present_common,H:\New folder\【新·PDF版】2008-2024·高考地理真题\版本2：地理（按省份分类）2008-2024\2008-2024·（甘肃）地理高考真题\2009年高考地理试卷（全国卷Ⅱ）（空白卷）.pdf,papers/2009/地理/全国/甘肃卷/2009_地理_甘肃_甘肃卷_原卷.pdf,2
2009,地理,青海,老高考,2025,全国卷,common,青海卷,present_common,H:\New folder\【新·PDF版】2008-2024·高考地理真题\版本2：地理（按省份分类）2008-2024\2008-2024·（青海）地理高考真题\2009年高考地理试卷（全国卷Ⅱ）（空白卷）.pdf,papers/2009/地理/全国/青海卷/2009_地理_青海_青海卷_原卷.pdf,2
2009,地理,宁夏,老高考,2025,,missing,,missing,,,0
2009,地理,新疆,老高考,,全国卷,common,新疆卷,present_common,H:\New folder\【新·PDF版】2008-2024·高考地理真题\版本2：地理（按省份分类）2008-2024\2008-2024·（新疆）地理高考真题\2009年高考地理试卷（全国卷Ⅱ）（空白卷）.pdf,papers/2009/地理/全国/新疆卷/2009_地理_新疆_新疆卷_原卷.pdf,2
2010,语文,北京,老高考,2020,地方/区域卷,local,北京卷,present_local,H:\New folder\【新·PDF版】2008-2024·高考语文真题\版本2：语文（按省份分类）2008-2024\2008-2024·（北京）语文高考真题\2010年高考语文试卷（北京）（空白卷）.pdf,papers/2010/语文/北京/北京卷/2010_语文_北京_北京卷_原卷.pdf,2
2010,语文,天津,老高考,2020,地方/区域卷,local,天津卷,present_local,H:\New folder\【新·PDF版】2008-2024·高考语文真题\版本2：语文（按省份分类）2008-2024\2008-2023·（天津）语文高考真题\2010年高考语文试卷（天津）（空白卷） .pdf,papers/2010/语文/天津/天津卷/2010_语文_天津_天津卷_原卷.pdf,2
2010,语文,河北,老高考,2021,全国卷,common,全国I卷,present_common,H:\New folder\【新·PDF版】2008-2024·高考语文真题\版本2：语文（按省份分类）2008-2024\2008-2024·（河北）语文高考真题\2010年高考语文试卷（全国Ⅰ卷，大纲版Ⅰ）（空白卷）.pdf,papers/2010/语文/全国/全国I卷/2010_语文_河北_全国I卷_原卷.pdf,2
2010,语文,山西,老高考,2025,全国卷,common,全国I卷,present_common,H:\New folder\【新·PDF版】2008-2024·高考语文真题\版本2：语文（按省份分类）2008-2024\2008-2024·（山西）语文高考真题\2010年高考语文试卷（全国Ⅰ卷，大纲版Ⅰ）（空白卷）.pdf,papers/2010/语文/全国/全国I卷/2010_语文_山西_全国I卷_原卷.pdf,2
2010,语文,内蒙古,老高考,2025,全国卷,common,全国II卷,present_common,H:\New folder\【新·PDF版】2008-2024·高考语文真题\版本2：语文（按省份分类）2008-2024\2008-2024·（内蒙古）语文高考真题\2010年高考语文试卷（全国Ⅱ卷，大纲版Ⅱ）（空白卷）.pdf,papers/2010/语文/全国/全国II卷/2010_语文_内蒙古_全国II卷_原卷.pdf,2
2010,语文,辽宁,老高考,2021,,missing,,missing,,,0
2010,语文,吉林,老高考,2024,全国卷,common,吉林卷,present_common,H:\New folder\【新·PDF版】2008-2024·高考语文真题\版本2：语文（按省份分类）2008-2024\2008-2024·（吉林）语文高考真题\2010年高考语文试卷（新课标）（空白卷）.pdf,papers/2010/语文/全国/吉林卷/2010_语文_吉林_吉林卷_原卷.pdf,2
2010,语文,黑龙江,老高考,2024,全国卷,common,黑龙江卷,present_common,H:\New folder\【新·PDF版】2008-2024·高考语文真题\版本2：语文（按省份分类）2008-2024\2008-2024·（黑龙江）语文高考真题\2010年高考语文试卷（新课标）（空白卷）.pdf,papers/2010/语文/全国/黑龙江卷/2010_语文_黑龙江_黑龙江卷_原卷.pdf,2
2010,语文,上海,老高考,2017,地方/区域卷,local,上海卷,present_local,H:\New folder\【新·PDF版】2008-2024·高考语文真题\版本2：语文（按省份分类）2008-2024\2008-2023·（上海）语文高考真题\2010年高考语文试卷（上海）（秋考）（空白卷）.pdf,papers/2010/语文/上海/上海卷/2010_语文_上海_上海卷_原卷.pdf,2
2010,语文,江苏,老高考,2021,地方/区域卷,local,江苏卷,present_local,H:\New folder\【新·PDF版】2008-2024·高考语文真题\版本2：语文（按省份分类）2008-2024\2008-2024·（江苏）语文高考真题\2010年高考语文试卷（江苏）（空白卷）.pdf,papers/2010/语文/江苏/江苏卷/2010_语文_江苏_江苏卷_原卷.pdf,2
2010,语文,浙江,老高考,2017,地方/区域卷,local,浙江卷,present_local,H:\New folder\【新·PDF版】2008-2024·高考语文真题\版本2：语文（按省份分类）2008-2024\2008-2024·（浙江）语文高考真题\2010年高考语文试卷（浙江）（空白卷）.pdf,papers/2010/语文/浙江/浙江卷/2010_语文_浙江_浙江卷_原卷.pdf,2
2010,语文,安徽,老高考,2024,,missing,,missing,,,0
2010,语文,福建,老高考,2021,,missing,,missing,,,0
2010,语文,江西,老高考,2024,,missing,,missing,,,0
2010,语文,山东,老高考,2020,地方/区域卷,local,山东卷,present_local,H:\New folder\【新·PDF版】2008-2024·高考语文真题\版本2：语文（按省份分类）2008-2024\2008-2024·（山东）语文高考真题\2010年高考语文试卷（山东）（空白卷）.pdf,papers/2010/语文/山东/山东卷/2010_语文_山东_山东卷_原卷.pdf,2
2010,语文,河南,老高考,2025,全国卷,common,全国I卷,present_common,H:\New folder\【新·PDF版】2008-2024·高考语文真题\版本2：语文（按省份分类）2008-2024\2008-2024·（河南）语文高考真题\2010年高考语文试卷（全国Ⅰ卷，大纲版Ⅰ）（空白卷）.pdf,papers/2010/语文/全国/全国I卷/2010_语文_河南_全国I卷_原卷.pdf,2
2010,语文,湖北,老高考,2021,,missing,,missing,,,0
2010,语文,湖南,老高考,2021,地方/区域卷,local,湖南卷,present_local,H:\New folder\【新·PDF版】2008-2024·高考语文真题\版本2：语文（按省份分类）2008-2024\2008-2024·（湖南）语文高考真题\2010年高考语文试卷（湖南）（空白卷）.pdf,papers/2010/语文/湖南/湖南卷/2010_语文_湖南_湖南卷_原卷.pdf,2
2010,语文,广东,老高考,2021,地方/区域卷,local,广东卷,present_local,H:\New folder\【新·PDF版】2008-2024·高考语文真题\版本2：语文（按省份分类）2008-2024\2008-2024·（广东）语文高考真题\2010年高考语文试卷（广东）（空白卷）.pdf,papers/2010/语文/广东/广东卷/2010_语文_广东_广东卷_原卷.pdf,2
2010,语文,广西,老高考,2024,全国卷,common,全国I卷,present_common,H:\New folder\【新·PDF版】2008-2024·高考语文真题\版本2：语文（按省份分类）2008-2024\2008-2024·（广西）语文高考真题\2010年高考语文试卷（全国Ⅰ卷，大纲版Ⅰ）（空白卷）.pdf,papers/2010/语文/全国/全国I卷/2010_语文_广西_全国I卷_原卷.pdf,2
2010,语文,海南,老高考,2020,全国卷,common,海南卷,present_common,H:\New folder\【新·PDF版】2008-2024·高考语文真题\版本2：语文（按省份分类）2008-2024\2008-2024·（海南）语文高考真题\2010年高考语文试卷（新课标）（海南宁夏）（空白卷）.pdf,papers/2010/语文/全国/海南卷/2010_语文_海南_海南卷_原卷.pdf,2
2010,语文,重庆,老高考,2021,,missing,,missing,,,0
2010,语文,四川,老高考,2025,地方/区域卷,local,四川卷,present_local,H:\New folder\【新·PDF版】2008-2024·高考语文真题\版本2：语文（按省份分类）2008-2024\2008-2024·（四川）语文高考真题\2010年高考语文试卷（四川）（空白卷）.pdf,papers/2010/语文/四川/四川卷/2010_语文_四川_四川卷_原卷.pdf,2
2010,语文,贵州,老高考,2024,全国卷,common,全国II卷,present_common,H:\New folder\【新·PDF版】2008-2024·高考语文真题\版本2：语文（按省份分类）2008-2024\2008-2024·（贵州）语文高考真题\2010年高考语文试卷（全国Ⅱ卷，大纲版Ⅱ）（空白卷）.pdf,papers/2010/语文/全国/全国II卷/2010_语文_贵州_全国II卷_原卷.pdf,2
2010,语文,云南,老高考,2025,全国卷,common,全国II卷,present_common,H:\New folder\【新·PDF版】2008-2024·高考语文真题\版本2：语文（按省份分类）2008-2024\2008-2024·（云南）语文高考真题\2010年高考语文试卷（全国Ⅱ卷，大纲版Ⅱ）（空白卷）.pdf,papers/2010/语文/全国/全国II卷/2010_语文_云南_全国II卷_原卷.pdf,2
2010,语文,西藏,老高考,,全国卷,common,全国II卷,present_common,H:\New folder\【新·PDF版】2008-2024·高考语文真题\版本2：语文（按省份分类）2008-2024\2008-2024·（西藏）语文高考真题\2010年高考语文试卷（全国Ⅱ卷，大纲版Ⅱ）（空白卷）.pdf,papers/2010/语文/全国/全国II卷/2010_语文_西藏_全国II卷_原卷.pdf,2
2010,语文,陕西,老高考,2025,全国卷,common,全国II卷,present_common,H:\New folder\【新·PDF版】2008-2024·高考语文真题\版本2：语文（按省份分类）2008-2024\2008-2024·（陕西）语文高考真题\2010年高考语文试卷（全国Ⅱ卷，大纲版Ⅱ）（空白卷）.pdf,papers/2010/语文/全国/全国II卷/2010_语文_陕西_全国II卷_原卷.pdf,2
2010,语文,甘肃,老高考,2024,全国卷,common,全国II卷,present_common,H:\New folder\【新·PDF版】2008-2024·高考语文真题\版本2：语文（按省份分类）2008-2024\2008-2024·（甘肃）语文高考真题\2010年高考语文试卷（全国Ⅱ卷，大纲版Ⅱ）（空白卷）.pdf,papers/2010/语文/全国/全国II卷/2010_语文_甘肃_全国II卷_原卷.pdf,2
2010,语文,青海,老高考,2025,全国卷,common,全国II卷,present_common,H:\New folder\【新·PDF版】2008-2024·高考语文真题\版本2：语文（按省份分类）2008-2024\2008-2024·（青海）语文高考真题\2010年高考语文试卷（全国Ⅱ卷，大纲版Ⅱ）（空白卷）.pdf,papers/2010/语文/全国/全国II卷/2010_语文_青海_全国II卷_原卷.pdf,2
2010,语文,宁夏,老高考,2025,全国卷,common,海南卷,present_common,H:\New folder\【新·PDF版】2008-2024·高考语文真题\版本2：语文（按省份分类）2008-2024\2008-2024·（宁夏）语文高考真题\2010年高考语文试卷（新课标）（海南宁夏）（空白卷）.pdf,papers/2010/语文/全国/海南卷/2010_语文_宁夏_海南卷_原卷.pdf,2
2010,语文,新疆,老高考,,全国卷,common,全国II卷,present_common,H:\New folder\【新·PDF版】2008-2024·高考语文真题\版本2：语文（按省份分类）2008-2024\2008-2024·（新疆）语文高考真题\2010年高考语文试卷（全国Ⅱ卷，大纲版Ⅱ）（空白卷）.pdf,papers/2010/语文/全国/全国II卷/2010_语文_新疆_全国II卷_原卷.pdf,2
2010,数学,北京,老高考,2020,地方/区域卷,local,北京卷,present_local,H:\New folder\【新】2008-2024·高考数学真题\【PDF版】2008-2024·高考数学真题\版本2：数学（按省份分类）2008-2024\2008-2024·（北京）数学高考真题\2010年高考数学试卷（文）（北京）（空白卷）.pdf,papers/2010/数学/北京/北京卷/2010_数学_北京_北京卷_原卷.pdf,4
2010,数学,天津,老高考,2020,地方/区域卷,local,天津卷,present_local,H:\New folder\【新】2008-2024·高考数学真题\【PDF版】2008-2024·高考数学真题\版本2：数学（按省份分类）2008-2024\2008-2024·（天津）数学高考真题\2010年高考数学试卷（文）（天津）（空白卷）.pdf,papers/2010/数学/天津/天津卷/2010_数学_天津_天津卷_原卷.pdf,4
2010,数学,河北,老高考,2021,全国卷,common,全国I卷,present_common,H:\New folder\【新】2008-2024·高考数学真题\【PDF版】2008-2024·高考数学真题\版本2：数学（按省份分类）2008-2024\2008-2024·（河北）数学高考真题\2010年高考数学试卷（文）（大纲版Ⅰ，全国Ⅰ卷）（空白卷）.pdf,papers/2010/数学/全国/全国I卷/2010_数学_河北_全国I卷_原卷.pdf,4
2010,数学,山西,老高考,2025,全国卷,common,全国I卷,present_common,H:\New folder\【新】2008-2024·高考数学真题\【PDF版】2008-2024·高考数学真题\版本2：数学（按省份分类）2008-2024\2008-2024·（山西）数学高考真题\2010年高考数学试卷（文）（大纲版Ⅰ，全国Ⅰ卷）（空白卷）.pdf,papers/2010/数学/全国/全国I卷/2010_数学_山西_全国I卷_原卷.pdf,4
2010,数学,内蒙古,老高考,2025,全国卷,common,内蒙古卷,present_common,H:\New folder\【新】2008-2024·高考数学真题\【PDF版】2008-2024·高考数学真题\版本2：数学（按省份分类）2008-2024\2008-2024·（内蒙古）数学高考真题\2010年高考数学试卷（文）（大纲版Ⅱ，全国卷Ⅱ）（空白卷）.pdf,papers/2010/数学/全国/内蒙古卷/2010_数学_内蒙古_内蒙古卷_原卷.pdf,4
2010,数学,辽宁,老高考,2021,地方/区域卷,local,辽宁卷,present_local,H:\New folder\【新】2008-2024·高考数学真题\【PDF版】2008-2024·高考数学真题\版本2：数学（按省份分类）2008-2024\2008-2024·（辽宁）数学高考真题\2010年高考数学试卷（理）（辽宁）（空白卷）.pdf,papers/2010/数学/辽宁/辽宁卷/2010_数学_辽宁_辽宁卷_原卷.pdf,2
2010,数学,吉林,老高考,2024,全国卷,common,吉林卷,present_common,H:\New folder\【新】2008-2024·高考数学真题\【PDF版】2008-2024·高考数学真题\版本2：数学（按省份分类）2008-2024\2008-2024·（吉林）数学高考真题\2010年高考数学试卷（文）（新课标）（空白卷）.pdf,papers/2010/数学/全国/吉林卷/2010_数学_吉林_吉林卷_原卷.pdf,4
2010,数学,黑龙江,老高考,2024,全国卷,common,黑龙江卷,present_common,H:\New folder\【新】2008-2024·高考数学真题\【PDF版】2008-2024·高考数学真题\版本2：数学（按省份分类）2008-2024\2008-2024·（黑龙江）数学高考真题\2010年高考数学试卷（文）（新课标）（空白卷）.pdf,papers/2010/数学/全国/黑龙江卷/2010_数学_黑龙江_黑龙江卷_原卷.pdf,4
2010,数学,上海,老高考,2017,地方/区域卷,local,上海卷,present_local,H:\New folder\【新】2008-2024·高考数学真题\【PDF版】2008-2024·高考数学真题\版本2：数学（按省份分类）2008-2024\2008-2024·（上海）数学高考真题\2010年高考数学试卷（文）（上海）（空白卷）.pdf,papers/2010/数学/上海/上海卷/2010_数学_上海_上海卷_原卷.pdf,4
2010,数学,江苏,老高考,2021,地方/区域卷,local,江苏卷,present_local,H:\New folder\【新】2008-2024·高考数学真题\【PDF版】2008-2024·高考数学真题\版本2：数学（按省份分类）2008-2024\2008-2024·（江苏）数学高考真题\2010年高考数学试卷（江苏）（空白卷）.pdf,papers/2010/数学/江苏/江苏卷/2010_数学_江苏_江苏卷_原卷.pdf,2
2010,数学,浙江,老高考,2017,地方/区域卷,local,浙江卷,present_local,H:\New folder\【新】2008-2024·高考数学真题\【PDF版】2008-2024·高考数学真题\版本2：数学（按省份分类）2008-2024\2008-2024·（浙江）数学高考真题\2010年高考数学试卷（文）（浙江）（空白卷）.pdf,papers/2010/数学/浙江/浙江卷/2010_数学_浙江_浙江卷_原卷.pdf,4
2010,数学,安徽,老高考,2024,,missing,,missing,,,0
2010,数学,福建,老高考,2021,,missing,,missing,,,0
2010,数学,江西,老高考,2024,地方/区域卷,local,江西卷,present_local,H:\New folder\【新】2008-2024·高考数学真题\【PDF版】2008-2024·高考数学真题\版本2：数学（按省份分类）2008-2024\2008-2024·（江西）数学高考真题\2010年高考数学试卷（文）（江西）（空白卷）.pdf,papers/2010/数学/江西/江西卷/2010_数学_江西_江西卷_原卷.pdf,4
2010,数学,山东,老高考,2020,地方/区域卷,local,山东卷,present_local,H:\New folder\【新】2008-2024·高考数学真题\【PDF版】2008-2024·高考数学真题\版本2：数学（按省份分类）2008-2024\2008-2024·（山东）数学高考真题\2010年高考数学试卷（文）（山东）（空白卷）.pdf,papers/2010/数学/山东/山东卷/2010_数学_山东_山东卷_原卷.pdf,4
2010,数学,河南,老高考,2025,全国卷,common,全国I卷,present_common,H:\New folder\【新】2008-2024·高考数学真题\【PDF版】2008-2024·高考数学真题\版本2：数学（按省份分类）2008-2024\2008-2024·（河南）数学高考真题\2010年高考数学试卷（文）（大纲版Ⅰ，全国Ⅰ卷）（空白卷）.pdf,papers/2010/数学/全国/全国I卷/2010_数学_河南_全国I卷_原卷.pdf,4
2010,数学,湖北,老高考,2021,,missing,,missing,,,0
2010,数学,湖南,老高考,2021,地方/区域卷,local,湖南卷,present_local,H:\New folder\【新】2008-2024·高考数学真题\【PDF版】2008-2024·高考数学真题\版本2：数学（按省份分类）2008-2024\2008-2024·（湖南）数学高考真题\2010年高考数学试卷（文）（湖南）（空白卷）.pdf,papers/2010/数学/湖南/湖南卷/2010_数学_湖南_湖南卷_原卷.pdf,4
2010,数学,广东,老高考,2021,地方/区域卷,local,广东卷,present_local,H:\New folder\【新】2008-2024·高考数学真题\【PDF版】2008-2024·高考数学真题\版本2：数学（按省份分类）2008-2024\2008-2024·（广东）数学高考真题\2010年高考数学试卷（文）（广东）（空白卷）.pdf,papers/2010/数学/广东/广东卷/2010_数学_广东_广东卷_原卷.pdf,4
2010,数学,广西,老高考,2024,全国卷,common,全国I卷,present_common,H:\New folder\【新】2008-2024·高考数学真题\【PDF版】2008-2024·高考数学真题\版本2：数学（按省份分类）2008-2024\2008-2024·（广西）数学高考真题\2010年高考数学试卷（文）（大纲版Ⅰ，全国Ⅰ卷）（空白卷）.pdf,papers/2010/数学/全国/全国I卷/2010_数学_广西_全国I卷_原卷.pdf,4
2010,数学,海南,老高考,2020,全国卷,common,海南卷,present_common,H:\New folder\【新】2008-2024·高考数学真题\【PDF版】2008-2024·高考数学真题\版本2：数学（按省份分类）2008-2024\2008-2024·（海南）数学高考真题\2010年高考数学试卷（文）（新课标）（海南宁夏）（空白卷）.pdf,papers/2010/数学/全国/海南卷/2010_数学_海南_海南卷_原卷.pdf,4
2010,数学,重庆,老高考,2021,,missing,,missing,,,0
2010,数学,四川,老高考,2025,地方/区域卷,local,四川卷,present_local,H:\New folder\【新】2008-2024·高考数学真题\【PDF版】2008-2024·高考数学真题\版本2：数学（按省份分类）2008-2024\2008-2024·（四川）数学高考真题\2010年高考数学试卷（文）（四川）（空白卷）.pdf,papers/2010/数学/四川/四川卷/2010_数学_四川_四川卷_原卷.pdf,4
2010,数学,贵州,老高考,2024,全国卷,common,贵州卷,present_common,H:\New folder\【新】2008-2024·高考数学真题\【PDF版】2008-2024·高考数学真题\版本2：数学（按省份分类）2008-2024\2008-2024·（贵州）数学高考真题\2010年高考数学试卷（文）（大纲版Ⅱ，全国卷Ⅱ）（空白卷）.pdf,papers/2010/数学/全国/贵州卷/2010_数学_贵州_贵州卷_原卷.pdf,4
2010,数学,云南,老高考,2025,全国卷,common,云南卷,present_common,H:\New folder\【新】2008-2024·高考数学真题\【PDF版】2008-2024·高考数学真题\版本2：数学（按省份分类）2008-2024\2008-2024·（云南）数学高考真题\2010年高考数学试卷（文）（大纲版Ⅱ，全国卷Ⅱ）（空白卷）.pdf,papers/2010/数学/全国/云南卷/2010_数学_云南_云南卷_原卷.pdf,4
2010,数学,西藏,老高考,,全国卷,common,西藏卷,present_common,H:\New folder\【新】2008-2024·高考数学真题\【PDF版】2008-2024·高考数学真题\版本2：数学（按省份分类）2008-2024\2008-2024·（西藏）数学高考真题\2010年高考数学试卷（文）（大纲版Ⅱ，全国卷Ⅱ）（空白卷）.pdf,papers/2010/数学/全国/西藏卷/2010_数学_西藏_西藏卷_原卷.pdf,4
2010,数学,陕西,老高考,2025,地方/区域卷,local,陕西卷,present_local,H:\New folder\【新】2008-2024·高考数学真题\【PDF版】2008-2024·高考数学真题\版本2：数学（按省份分类）2008-2024\2008-2024·（陕西）数学高考真题\2010年高考数学试卷（文）（陕西）（空白卷）.pdf,papers/2010/数学/陕西/陕西卷/2010_数学_陕西_陕西卷_原卷.pdf,4
2010,数学,甘肃,老高考,2024,全国卷,common,甘肃卷,present_common,H:\New folder\【新】2008-2024·高考数学真题\【PDF版】2008-2024·高考数学真题\版本2：数学（按省份分类）2008-2024\2008-2024·（甘肃）数学高考真题\2010年高考数学试卷（文）（大纲版Ⅱ，全国卷Ⅱ）（空白卷）.pdf,papers/2010/数学/全国/甘肃卷/2010_数学_甘肃_甘肃卷_原卷.pdf,4
2010,数学,青海,老高考,2025,全国卷,common,青海卷,present_common,H:\New folder\【新】2008-2024·高考数学真题\【PDF版】2008-2024·高考数学真题\版本2：数学（按省份分类）2008-2024\2008-2024·（青海）数学高考真题\2010年高考数学试卷（文）（大纲版Ⅱ，全国卷Ⅱ）（空白卷）.pdf,papers/2010/数学/全国/青海卷/2010_数学_青海_青海卷_原卷.pdf,4
2010,数学,宁夏,老高考,2025,全国卷,common,海南卷,present_common,H:\New folder\【新】2008-2024·高考数学真题\【PDF版】2008-2024·高考数学真题\版本2：数学（按省份分类）2008-2024\2008-2024·（宁夏）数学高考真题\2010年高考数学试卷（文）（新课标）（海南宁夏）（空白卷）.pdf,papers/2010/数学/全国/海南卷/2010_数学_宁夏_海南卷_原卷.pdf,4
2010,数学,新疆,老高考,,全国卷,common,新疆卷,present_common,H:\New folder\【新】2008-2024·高考数学真题\【PDF版】2008-2024·高考数学真题\版本2：数学（按省份分类）2008-2024\2008-2024·（新疆）数学高考真题\2010年高考数学试卷（文）（大纲版Ⅱ，全国卷Ⅱ）（空白卷）.pdf,papers/2010/数学/全国/新疆卷/2010_数学_新疆_新疆卷_原卷.pdf,4
2010,英语,北京,老高考,2020,地方/区域卷,local,北京卷,present_local,H:\New folder\【新·PDF版】2008-2024·高考英语真题\版本2：英语（按省份分类）2008-2024\2008-2024·（北京）英语高考真题\2010年高考英语试卷（北京）听力音频.mp3,papers/2010/英语/北京/北京卷/2010_英语_北京_北京卷_原卷.mp3,3
2010,英语,天津,老高考,2020,地方/区域卷,local,天津卷,present_local,H:\New folder\【新·PDF版】2008-2024·高考英语真题\版本2：英语（按省份分类）2008-2024\2008-2023·（天津）英语高考真题\2010年高考英语试卷（天津）（空白卷）.pdf,papers/2010/英语/天津/天津卷/2010_英语_天津_天津卷_原卷.pdf,2
2010,英语,河北,老高考,2021,全国卷,common,新课标全国I卷,present_common,H:\New folder\【新·PDF版】2008-2024·高考英语真题\版本2：英语（按省份分类）2008-2024\2008-2024·（河北）英语高考真题\2010年高考英语试卷（新课标Ⅰ卷）听力音频.mp3,papers/2010/英语/全国/新课标全国I卷/2010_英语_河北_新课标全国I卷_原卷.mp3,3
2010,英语,山西,老高考,2025,全国卷,common,新课标全国I卷,present_common,H:\New folder\【新·PDF版】2008-2024·高考英语真题\版本2：英语（按省份分类）2008-2024\2008-2024·（山西）英语高考真题\2010年高考英语试卷（新课标Ⅰ卷）听力音频.mp3,papers/2010/英语/全国/新课标全国I卷/2010_英语_山西_新课标全国I卷_原卷.mp3,3
2010,英语,内蒙古,老高考,2025,全国卷,common,新课标全国II卷,present_common,H:\New folder\【新·PDF版】2008-2024·高考英语真题\版本2：英语（按省份分类）2008-2024\2008-2024·（内蒙古）英语高考真题\2010年高考英语试卷（新课标Ⅱ卷）听力音频.mp3,papers/2010/英语/全国/新课标全国II卷/2010_英语_内蒙古_新课标全国II卷_原卷.mp3,3
2010,英语,辽宁,老高考,2021,,missing,,missing,,,0
2010,英语,吉林,老高考,2024,全国卷,common,新课标全国II卷,present_common,H:\New folder\【新·PDF版】2008-2024·高考英语真题\版本2：英语（按省份分类）2008-2024\2008-2024·（吉林）英语高考真题\2010年高考英语试卷（新课标Ⅱ卷）听力音频.mp3,papers/2010/英语/全国/新课标全国II卷/2010_英语_吉林_新课标全国II卷_原卷.mp3,3
2010,英语,黑龙江,老高考,2024,全国卷,common,新课标全国II卷,present_common,H:\New folder\【新·PDF版】2008-2024·高考英语真题\版本2：英语（按省份分类）2008-2024\2008-2024·（黑龙江）英语高考真题\2010年高考英语试卷（新课标Ⅱ卷）听力音频.mp3,papers/2010/英语/全国/新课标全国II卷/2010_英语_黑龙江_新课标全国II卷_原卷.mp3,3
2010,英语,上海,老高考,2017,地方/区域卷,local,上海卷,present_local,H:\New folder\【新·PDF版】2008-2024·高考英语真题\版本2：英语（按省份分类）2008-2024\2008-2023·（上海）英语高考真题\2010年高考英语试卷（上海）（秋考）听力音频.mp3,papers/2010/英语/上海/上海卷/2010_英语_上海_上海卷_原卷.mp3,3
2010,英语,江苏,老高考,2021,地方/区域卷,local,江苏卷,present_local,H:\New folder\【新·PDF版】2008-2024·高考英语真题\版本2：英语（按省份分类）2008-2024\2008-2024·（江苏）英语高考真题\2010年高考英语试卷（江苏）听力音频.mp3,papers/2010/英语/江苏/江苏卷/2010_英语_江苏_江苏卷_原卷.mp3,3
2010,英语,浙江,老高考,2017,地方/区域卷,local,浙江卷,present_local,H:\New folder\【新·PDF版】2008-2024·高考英语真题\版本2：英语（按省份分类）2008-2024\2008-2024·（浙江）英语高考真题\2010年高考英语试卷（浙江）（空白卷）.pdf,papers/2010/英语/浙江/浙江卷/2010_英语_浙江_浙江卷_原卷.pdf,2
2010,英语,安徽,老高考,2024,,missing,,missing,,,0
2010,英语,福建,老高考,2021,,missing,,missing,,,0
2010,英语,江西,老高考,2024,,missing,,missing,,,0
2010,英语,山东,老高考,2020,地方/区域卷,local,山东卷,present_local,H:\New folder\【新·PDF版】2008-2024·高考英语真题\版本2：英语（按省份分类）2008-2024\2008-2024·（山东）英语高考真题\2010年高考英语试卷（山东）听力音频.mp3,papers/2010/英语/山东/山东卷/2010_英语_山东_山东卷_原卷.mp3,3
2010,英语,河南,老高考,2025,全国卷,common,新课标全国I卷,present_common,H:\New folder\【新·PDF版】2008-2024·高考英语真题\版本2：英语（按省份分类）2008-2024\2008-2024·（河南）英语高考真题\2010年高考英语试卷（新课标Ⅰ卷）听力音频.mp3,papers/2010/英语/全国/新课标全国I卷/2010_英语_河南_新课标全国I卷_原卷.mp3,3
2010,英语,湖北,老高考,2021,,missing,,missing,,,0
2010,英语,湖南,老高考,2021,地方/区域卷,local,湖南卷,present_local,H:\New folder\【新·PDF版】2008-2024·高考英语真题\版本2：英语（按省份分类）2008-2024\2008-2024·（湖南）英语高考真题\2010年高考英语试卷（湖南）听力音频.mp3,papers/2010/英语/湖南/湖南卷/2010_英语_湖南_湖南卷_原卷.mp3,3
2010,英语,广东,老高考,2021,地方/区域卷,local,广东卷,present_local,H:\New folder\【新·PDF版】2008-2024·高考英语真题\版本2：英语（按省份分类）2008-2024\2008-2024·（广东）英语高考真题\2010年高考英语试卷（广东）（空白卷）.pdf,papers/2010/英语/广东/广东卷/2010_英语_广东_广东卷_原卷.pdf,2
2010,英语,广西,老高考,2024,全国卷,common,新课标全国I卷,present_common,H:\New folder\【新·PDF版】2008-2024·高考英语真题\版本2：英语（按省份分类）2008-2024\2008-2024·（广西）英语高考真题\2010年高考英语试卷（新课标Ⅰ卷）听力音频.mp3,papers/2010/英语/全国/新课标全国I卷/2010_英语_广西_新课标全国I卷_原卷.mp3,3
2010,英语,海南,老高考,2020,全国卷,common,新课标全国II卷,present_common,H:\New folder\【新·PDF版】2008-2024·高考英语真题\版本2：英语（按省份分类）2008-2024\2008-2024·（海南）英语高考真题\2010年高考英语试卷（新课标Ⅱ卷）听力音频.mp3,papers/2010/英语/全国/新课标全国II卷/2010_英语_海南_新课标全国II卷_原卷.mp3,3
2010,英语,重庆,老高考,2021,,missing,,missing,,,0
2010,英语,四川,老高考,2025,地方/区域卷,local,四川卷,present_local,H:\New folder\【新·PDF版】2008-2024·高考英语真题\版本2：英语（按省份分类）2008-2024\2008-2024·（四川）英语高考真题\2010年高考英语试卷（四川）（空白卷）.pdf,papers/2010/英语/四川/四川卷/2010_英语_四川_四川卷_原卷.pdf,2
2010,英语,贵州,老高考,2024,全国卷,common,新课标全国II卷,present_common,H:\New folder\【新·PDF版】2008-2024·高考英语真题\版本2：英语（按省份分类）2008-2024\2008-2024·（贵州）英语高考真题\2010年高考英语试卷（新课标Ⅱ卷）听力音频.mp3,papers/2010/英语/全国/新课标全国II卷/2010_英语_贵州_新课标全国II卷_原卷.mp3,3
2010,英语,云南,老高考,2025,全国卷,common,新课标全国II卷,present_common,H:\New folder\【新·PDF版】2008-2024·高考英语真题\版本2：英语（按省份分类）2008-2024\2008-2024·（云南）英语高考真题\2010年高考英语试卷（新课标Ⅱ卷）听力音频.mp3,papers/2010/英语/全国/新课标全国II卷/2010_英语_云南_新课标全国II卷_原卷.mp3,3
2010,英语,西藏,老高考,,全国卷,common,新课标全国II卷,present_common,H:\New folder\【新·PDF版】2008-2024·高考英语真题\版本2：英语（按省份分类）2008-2024\2008-2024·（西藏）英语高考真题\2010年高考英语试卷（新课标Ⅱ卷）听力音频.mp3,papers/2010/英语/全国/新课标全国II卷/2010_英语_西藏_新课标全国II卷_原卷.mp3,3
2010,英语,陕西,老高考,2025,地方/区域卷,local,陕西卷,present_local,H:\New folder\【新·PDF版】2008-2024·高考英语真题\版本2：英语（按省份分类）2008-2024\2008-2024·（陕西）英语高考真题\2010年高考英语试卷（陕西）（空白卷）.pdf,papers/2010/英语/陕西/陕西卷/2010_英语_陕西_陕西卷_原卷.pdf,2
2010,英语,甘肃,老高考,2024,全国卷,common,新课标全国II卷,present_common,H:\New folder\【新·PDF版】2008-2024·高考英语真题\版本2：英语（按省份分类）2008-2024\2008-2024·（甘肃）英语高考真题\2010年高考英语试卷（新课标Ⅱ卷）听力音频.mp3,papers/2010/英语/全国/新课标全国II卷/2010_英语_甘肃_新课标全国II卷_原卷.mp3,3
2010,英语,青海,老高考,2025,全国卷,common,新课标全国II卷,present_common,H:\New folder\【新·PDF版】2008-2024·高考英语真题\版本2：英语（按省份分类）2008-2024\2008-2024·（青海）英语高考真题\2010年高考英语试卷（新课标Ⅱ卷）听力音频.mp3,papers/2010/英语/全国/新课标全国II卷/2010_英语_青海_新课标全国II卷_原卷.mp3,3
2010,英语,宁夏,老高考,2025,全国卷,common,新课标全国II卷,present_common,H:\New folder\【新·PDF版】2008-2024·高考英语真题\版本2：英语（按省份分类）2008-2024\2008-2024·（宁夏）英语高考真题\2010年高考英语试卷（新课标Ⅱ卷）听力音频.mp3,papers/2010/英语/全国/新课标全国II卷/2010_英语_宁夏_新课标全国II卷_原卷.mp3,3
2010,英语,新疆,老高考,,全国卷,common,新课标全国II卷,present_common,H:\New folder\【新·PDF版】2008-2024·高考英语真题\版本2：英语（按省份分类）2008-2024\2008-2024·（新疆）英语高考真题\2010年高考英语试卷（新课标Ⅱ卷）听力音频.mp3,papers/2010/英语/全国/新课标全国II卷/2010_英语_新疆_新课标全国II卷_原卷.mp3,3
2010,物理,北京,老高考,2020,地方/区域卷,local,北京卷,present_local,H:\New folder\【新·PDF版】2008-2024·高考物理真题\版本2：物理（按省份分类）2008-2024\2008-2024·（北京）物理高考真题\2010年高考物理试卷（北京）（空白卷）.pdf,papers/2010/物理/北京/北京卷/2010_物理_北京_北京卷_原卷.pdf,2
2010,物理,天津,老高考,2020,地方/区域卷,local,天津卷,present_local,H:\New folder\【新·PDF版】2008-2024·高考物理真题\版本2：物理（按省份分类）2008-2024\2008-2023·（天津）物理高考真题\2010年高考物理真题（天津）（空白卷）.pdf,papers/2010/物理/天津/天津卷/2010_物理_天津_天津卷_原卷.pdf,2
2010,物理,河北,老高考,2021,全国卷,common,河北卷,present_common,H:\New folder\【新·PDF版】2008-2024·高考物理真题\版本2：物理（按省份分类）2008-2024\2008-2024·（河北）物理高考真题\2010年高考物理试卷（全国卷Ⅰ）（空白卷）.pdf,papers/2010/物理/全国/河北卷/2010_物理_河北_河北卷_原卷.pdf,2
2010,物理,山西,老高考,2025,全国卷,common,山西卷,present_common,H:\New folder\【新·PDF版】2008-2024·高考物理真题\版本2：物理（按省份分类）2008-2024\2008-2024·（山西）物理高考真题\2010年高考物理试卷（全国卷Ⅰ）（空白卷）.pdf,papers/2010/物理/全国/山西卷/2010_物理_山西_山西卷_原卷.pdf,2
2010,物理,内蒙古,老高考,2025,全国卷,common,内蒙古卷,present_common,H:\New folder\【新·PDF版】2008-2024·高考物理真题\版本2：物理（按省份分类）2008-2024\2008-2024·（内蒙古）物理高考真题\2010年高考物理试卷（全国卷Ⅱ）（空白卷）.pdf,papers/2010/物理/全国/内蒙古卷/2010_物理_内蒙古_内蒙古卷_原卷.pdf,2
2010,物理,辽宁,老高考,2021,全国卷,common,辽宁卷,present_common,H:\New folder\【新·PDF版】2008-2024·高考物理真题\版本2：物理（按省份分类）2008-2024\2010-2024·（辽宁）物理高考真题\2010年高考物理试卷（新课标）（空白卷）.pdf,papers/2010/物理/全国/辽宁卷/2010_物理_辽宁_辽宁卷_原卷.pdf,2
2010,物理,吉林,老高考,2024,全国卷,common,新课标全国I卷,present_common,H:\New folder\【新·PDF版】2008-2024·高考物理真题\版本2：物理（按省份分类）2008-2024\2008-2024·（吉林）物理高考真题\2010年高考物理试卷（新课标Ⅰ）（空白卷）.pdf,papers/2010/物理/全国/新课标全国I卷/2010_物理_吉林_新课标全国I卷_原卷.pdf,2
2010,物理,黑龙江,老高考,2024,全国卷,common,黑龙江卷,present_common,H:\New folder\【新·PDF版】2008-2024·高考物理真题\版本2：物理（按省份分类）2008-2024\2008-2024·（黑龙江）物理高考真题\2010年高考物理试卷（新课标）（空白卷）.pdf,papers/2010/物理/全国/黑龙江卷/2010_物理_黑龙江_黑龙江卷_原卷.pdf,2
2010,物理,上海,老高考,2017,地方/区域卷,local,上海卷,present_local,H:\New folder\【新·PDF版】2008-2024·高考物理真题\版本2：物理（按省份分类）2008-2024\2008-2024·（上海）物理高考真题\2010年高考物理试卷（上海）（空白卷）.pdf,papers/2010/物理/上海/上海卷/2010_物理_上海_上海卷_原卷.pdf,2
2010,物理,江苏,老高考,2021,地方/区域卷,local,江苏卷,present_local,H:\New folder\【新·PDF版】2008-2024·高考物理真题\版本2：物理（按省份分类）2008-2024\2008-2024·（江苏）物理高考真题\2010年高考物理试卷（江苏）（空白卷）.pdf,papers/2010/物理/江苏/江苏卷/2010_物理_江苏_江苏卷_原卷.pdf,2
2010,物理,浙江,老高考,2017,地方/区域卷,local,浙江卷,present_local,H:\New folder\【新·PDF版】2008-2024·高考物理真题\版本2：物理（按省份分类）2008-2024\2008-2024·（浙江）物理高考真题\2010年高考物理真题（浙江）（空白卷）.pdf,papers/2010/物理/浙江/浙江卷/2010_物理_浙江_浙江卷_原卷.pdf,2
2010,物理,安徽,老高考,2024,,missing,,missing,,,0
2010,物理,福建,老高考,2021,,missing,,missing,,,0
2010,物理,江西,老高考,2024,全国卷,common,江西卷,present_common,H:\New folder\【新·PDF版】2008-2024·高考物理真题\版本2：物理（按省份分类）2008-2024\2008-2024·（江西）物理高考真题\2010年高考物理试卷（全国卷Ⅰ）（空白卷）.pdf,papers/2010/物理/全国/江西卷/2010_物理_江西_江西卷_原卷.pdf,2
2010,物理,山东,老高考,2020,地方/区域卷,local,山东卷,present_local,H:\New folder\【新·PDF版】2008-2024·高考物理真题\版本2：物理（按省份分类）2008-2024\2008-2024·（山东）物理高考真题\2010年高考物理真题（山东）（空白卷）.pdf,papers/2010/物理/山东/山东卷/2010_物理_山东_山东卷_原卷.pdf,2
2010,物理,河南,老高考,2025,全国卷,common,河南卷,present_common,H:\New folder\【新·PDF版】2008-2024·高考物理真题\版本2：物理（按省份分类）2008-2024\2008-2024·（河南）物理高考真题\2010年高考物理试卷（全国卷Ⅰ）（空白卷）.pdf,papers/2010/物理/全国/河南卷/2010_物理_河南_河南卷_原卷.pdf,2
2010,物理,湖北,老高考,2021,全国卷,common,湖北卷,present_common,H:\New folder\【新·PDF版】2008-2024·高考物理真题\版本2：物理（按省份分类）2008-2024\2008-2024·（湖北）物理高考真题\2010年高考物理试卷（全国卷Ⅰ）（空白卷）.pdf,papers/2010/物理/全国/湖北卷/2010_物理_湖北_湖北卷_原卷.pdf,2
2010,物理,湖南,老高考,2021,全国卷,common,湖南卷,present_common,H:\New folder\【新·PDF版】2008-2024·高考物理真题\版本2：物理（按省份分类）2008-2024\2008-2024·（湖南）物理高考真题\2010年高考物理试卷（全国卷Ⅰ）（空白卷）.pdf,papers/2010/物理/全国/湖南卷/2010_物理_湖南_湖南卷_原卷.pdf,2
2010,物理,广东,老高考,2021,地方/区域卷,local,广东卷,present_local,H:\New folder\【新·PDF版】2008-2024·高考物理真题\版本2：物理（按省份分类）2008-2024\2008-2024·（广东）物理高考真题\2010年高考物理试卷（广东）（空白卷）.pdf,papers/2010/物理/广东/广东卷/2010_物理_广东_广东卷_原卷.pdf,2
2010,物理,广西,老高考,2024,全国卷,common,广西卷,present_common,H:\New folder\【新·PDF版】2008-2024·高考物理真题\版本2：物理（按省份分类）2008-2024\2008-2024·（广西）物理高考真题\2010年高考物理试卷（全国卷Ⅰ）（空白卷）.pdf,papers/2010/物理/全国/广西卷/2010_物理_广西_广西卷_原卷.pdf,2
2010,物理,海南,老高考,2020,地方/区域卷,local,海南卷,present_local,H:\New folder\【新·PDF版】2008-2024·高考物理真题\版本2：物理（按省份分类）2008-2024\2008-2024·（海南）物理高考真题\2010年高考物理试卷（海南）（空白卷）.pdf,papers/2010/物理/海南/海南卷/2010_物理_海南_海南卷_原卷.pdf,2
2010,物理,重庆,老高考,2021,,missing,,missing,,,0
2010,物理,四川,老高考,2025,地方/区域卷,local,四川卷,present_local,H:\New folder\【新·PDF版】2008-2024·高考物理真题\版本2：物理（按省份分类）2008-2024\2008-2024·（四川）物理高考真题\2010年高考物理真题（四川）（空白卷）.pdf,papers/2010/物理/四川/四川卷/2010_物理_四川_四川卷_原卷.pdf,2
2010,物理,贵州,老高考,2024,全国卷,common,贵州卷,present_common,H:\New folder\【新·PDF版】2008-2024·高考物理真题\版本2：物理（按省份分类）2008-2024\2008-2023·（贵州）物理高考真题\2010年高考物理试卷（全国卷Ⅱ）（空白卷）.pdf,papers/2010/物理/全国/贵州卷/2010_物理_贵州_贵州卷_原卷.pdf,2
2010,物理,云南,老高考,2025,全国卷,common,云南卷,present_common,H:\New folder\【新·PDF版】2008-2024·高考物理真题\版本2：物理（按省份分类）2008-2024\2008-2024·（云南）物理高考真题\2010年高考物理试卷（全国卷Ⅱ）（空白卷）.pdf,papers/2010/物理/全国/云南卷/2010_物理_云南_云南卷_原卷.pdf,2
2010,物理,西藏,老高考,,全国卷,common,西藏卷,present_common,H:\New folder\【新·PDF版】2008-2024·高考物理真题\版本2：物理（按省份分类）2008-2024\2008-2024·（西藏）物理高考真题\2010年高考物理试卷（全国卷Ⅱ）（空白卷）.pdf,papers/2010/物理/全国/西藏卷/2010_物理_西藏_西藏卷_原卷.pdf,2
2010,物理,陕西,老高考,2025,全国卷,common,陕西卷,present_common,H:\New folder\【新·PDF版】2008-2024·高考物理真题\版本2：物理（按省份分类）2008-2024\2008-2024·（陕西）物理高考真题\2010年高考物理试卷（全国卷Ⅱ）（空白卷）.pdf,papers/2010/物理/全国/陕西卷/2010_物理_陕西_陕西卷_原卷.pdf,2
2010,物理,甘肃,老高考,2024,全国卷,common,甘肃卷,present_common,H:\New folder\【新·PDF版】2008-2024·高考物理真题\版本2：物理（按省份分类）2008-2024\2008-2024·（甘肃）物理高考真题\2010年高考物理试卷（全国卷Ⅱ）（空白卷）.pdf,papers/2010/物理/全国/甘肃卷/2010_物理_甘肃_甘肃卷_原卷.pdf,2
2010,物理,青海,老高考,2025,全国卷,common,青海卷,present_common,H:\New folder\【新·PDF版】2008-2024·高考物理真题\版本2：物理（按省份分类）2008-2024\2008-2024·（青海）物理高考真题\2010年高考物理试卷（全国卷Ⅱ）（空白卷）.pdf,papers/2010/物理/全国/青海卷/2010_物理_青海_青海卷_原卷.pdf,2
2010,物理,宁夏,老高考,2025,全国卷,common,宁夏卷,present_common,H:\New folder\【新·PDF版】2008-2024·高考物理真题\版本2：物理（按省份分类）2008-2024\2010-2024·（宁夏）物理高考真题\2010年高考物理试卷（新课标）（空白卷）.pdf,papers/2010/物理/全国/宁夏卷/2010_物理_宁夏_宁夏卷_原卷.pdf,2
2010,物理,新疆,老高考,,全国卷,common,新疆卷,present_common,H:\New folder\【新·PDF版】2008-2024·高考物理真题\版本2：物理（按省份分类）2008-2024\2008-2024·（新疆）物理高考真题\2010年高考物理试卷（全国卷Ⅱ）（空白卷）.pdf,papers/2010/物理/全国/新疆卷/2010_物理_新疆_新疆卷_原卷.pdf,2
2010,化学,北京,老高考,2020,地方/区域卷,local,北京卷,present_local,H:\New folder\【新·PDF版】2008-2024·高考化学真题\版本2：化学（按省份分类）2008-2024\2008-2024·（北京）化学高考真题\2010年高考化学试卷（北京）（空白卷）.pdf,papers/2010/化学/北京/北京卷/2010_化学_北京_北京卷_原卷.pdf,2
2010,化学,天津,老高考,2020,地方/区域卷,local,天津卷,present_local,H:\New folder\【新·PDF版】2008-2024·高考化学真题\版本2：化学（按省份分类）2008-2024\2008-2023·（天津）化学高考真题\2010年高考化学试卷（天津）（空白卷）.pdf,papers/2010/化学/天津/天津卷/2010_化学_天津_天津卷_原卷.pdf,2
2010,化学,河北,老高考,2021,全国卷,common,河北卷,present_common,H:\New folder\【新·PDF版】2008-2024·高考化学真题\版本2：化学（按省份分类）2008-2024\2008-2024·（河北）化学高考真题\2010年高考化学试卷（全国卷Ⅰ）（空白卷）.pdf,papers/2010/化学/全国/河北卷/2010_化学_河北_河北卷_原卷.pdf,2
2010,化学,山西,老高考,2025,全国卷,common,山西卷,present_common,H:\New folder\【新·PDF版】2008-2024·高考化学真题\版本2：化学（按省份分类）2008-2024\2008-2024·（山西）化学高考真题\2010年高考化学试卷（全国卷Ⅰ）（空白卷）.pdf,papers/2010/化学/全国/山西卷/2010_化学_山西_山西卷_原卷.pdf,2
2010,化学,内蒙古,老高考,2025,全国卷,common,内蒙古卷,present_common,H:\New folder\【新·PDF版】2008-2024·高考化学真题\版本2：化学（按省份分类）2008-2024\2008-2024·（内蒙古）化学高考真题\2010年高考化学试卷（全国卷Ⅱ）（空白卷）.pdf,papers/2010/化学/全国/内蒙古卷/2010_化学_内蒙古_内蒙古卷_原卷.pdf,2
2010,化学,辽宁,老高考,2021,全国卷,common,辽宁卷,present_common,H:\New folder\【新·PDF版】2008-2024·高考化学真题\版本2：化学（按省份分类）2008-2024\2010-2024·（辽宁）化学高考真题\2010年高考化学试卷（新课标）（空白卷）.pdf,papers/2010/化学/全国/辽宁卷/2010_化学_辽宁_辽宁卷_原卷.pdf,2
2010,化学,吉林,老高考,2024,全国卷,common,吉林卷,present_common,H:\New folder\【新·PDF版】2008-2024·高考化学真题\版本2：化学（按省份分类）2008-2024\2008-2024·（吉林）化学高考真题\2010年高考化学试卷（新课标）（空白卷）.pdf,papers/2010/化学/全国/吉林卷/2010_化学_吉林_吉林卷_原卷.pdf,2
2010,化学,黑龙江,老高考,2024,全国卷,common,黑龙江卷,present_common,H:\New folder\【新·PDF版】2008-2024·高考化学真题\版本2：化学（按省份分类）2008-2024\2008-2024·（黑龙江）化学高考真题\2010年高考化学试卷（新课标）（空白卷）.pdf,papers/2010/化学/全国/黑龙江卷/2010_化学_黑龙江_黑龙江卷_原卷.pdf,2
2010,化学,上海,老高考,2017,地方/区域卷,local,上海卷,present_local,H:\New folder\【新·PDF版】2008-2024·高考化学真题\版本2：化学（按省份分类）2008-2024\2008-2024·（上海）化学高考真题\2010年高考化学试卷（上海）（空白卷）.pdf,papers/2010/化学/上海/上海卷/2010_化学_上海_上海卷_原卷.pdf,2
2010,化学,江苏,老高考,2021,地方/区域卷,local,江苏卷,present_local,H:\New folder\【新·PDF版】2008-2024·高考化学真题\版本2：化学（按省份分类）2008-2024\2008-2024·（江苏）化学高考真题\2010年高考化学试卷（江苏）（空白卷）.pdf,papers/2010/化学/江苏/江苏卷/2010_化学_江苏_江苏卷_原卷.pdf,2
2010,化学,浙江,老高考,2017,地方/区域卷,local,浙江卷,present_local,H:\New folder\【新·PDF版】2008-2024·高考化学真题\版本2：化学（按省份分类）2008-2024\2008-2024·（浙江）化学高考真题\2010年高考化学试卷（浙江）（空白卷）.pdf,papers/2010/化学/浙江/浙江卷/2010_化学_浙江_浙江卷_原卷.pdf,2
2010,化学,安徽,老高考,2024,,missing,,missing,,,0
2010,化学,福建,老高考,2021,,missing,,missing,,,0
2010,化学,江西,老高考,2024,全国卷,common,江西卷,present_common,H:\New folder\【新·PDF版】2008-2024·高考化学真题\版本2：化学（按省份分类）2008-2024\2008-2023·（江西）化学高考真题\2010年高考化学试卷（全国卷Ⅰ）（空白卷）.pdf,papers/2010/化学/全国/江西卷/2010_化学_江西_江西卷_原卷.pdf,2
2010,化学,山东,老高考,2020,地方/区域卷,local,山东卷,present_local,H:\New folder\【新·PDF版】2008-2024·高考化学真题\版本2：化学（按省份分类）2008-2024\2008-2024·（山东）化学高考真题\2010年高考化学试卷（山东）（空白卷）.pdf,papers/2010/化学/山东/山东卷/2010_化学_山东_山东卷_原卷.pdf,2
2010,化学,河南,老高考,2025,全国卷,common,河南卷,present_common,H:\New folder\【新·PDF版】2008-2024·高考化学真题\版本2：化学（按省份分类）2008-2024\2008-2024·（河南）化学高考真题\2010年高考化学试卷（全国卷Ⅰ）（空白卷）.pdf,papers/2010/化学/全国/河南卷/2010_化学_河南_河南卷_原卷.pdf,2
2010,化学,湖北,老高考,2021,全国卷,common,湖北卷,present_common,H:\New folder\【新·PDF版】2008-2024·高考化学真题\版本2：化学（按省份分类）2008-2024\2008-2024·（湖北）化学高考真题\2010年高考化学试卷（全国卷Ⅰ）（空白卷）.pdf,papers/2010/化学/全国/湖北卷/2010_化学_湖北_湖北卷_原卷.pdf,2
2010,化学,湖南,老高考,2021,全国卷,common,湖南卷,present_common,H:\New folder\【新·PDF版】2008-2024·高考化学真题\版本2：化学（按省份分类）2008-2024\2008-2024·（湖南）化学高考真题\2010年高考化学试卷（全国卷Ⅰ）（空白卷）.pdf,papers/2010/化学/全国/湖南卷/2010_化学_湖南_湖南卷_原卷.pdf,2
2010,化学,广东,老高考,2021,地方/区域卷,local,广东卷,present_local,H:\New folder\【新·PDF版】2008-2024·高考化学真题\版本2：化学（按省份分类）2008-2024\2008-2024·（广东）化学高考真题\2010年高考化学试卷（广东）（空白卷）.pdf,papers/2010/化学/广东/广东卷/2010_化学_广东_广东卷_原卷.pdf,2
2010,化学,广西,老高考,2024,全国卷,common,广西卷,present_common,H:\New folder\【新·PDF版】2008-2024·高考化学真题\版本2：化学（按省份分类）2008-2024\2008-2023·（广西）化学高考真题\2010年高考化学试卷（全国卷Ⅰ）（空白卷）.pdf,papers/2010/化学/全国/广西卷/2010_化学_广西_广西卷_原卷.pdf,2
2010,化学,海南,老高考,2020,地方/区域卷,local,海南卷,present_local,H:\New folder\【新·PDF版】2008-2024·高考化学真题\版本2：化学（按省份分类）2008-2024\2008-2023·（海南）化学高考真题\2010年高考化学试卷（海南）（空白卷）.pdf,papers/2010/化学/海南/海南卷/2010_化学_海南_海南卷_原卷.pdf,2
2010,化学,重庆,老高考,2021,,missing,,missing,,,0
2010,化学,四川,老高考,2025,地方/区域卷,local,四川卷,present_local,H:\New folder\【新·PDF版】2008-2024·高考化学真题\版本2：化学（按省份分类）2008-2024\2008-2024·（四川）化学高考真题\2010年高考化学试卷（四川）（空白卷）.pdf,papers/2010/化学/四川/四川卷/2010_化学_四川_四川卷_原卷.pdf,2
2010,化学,贵州,老高考,2024,全国卷,common,贵州卷,present_common,H:\New folder\【新·PDF版】2008-2024·高考化学真题\版本2：化学（按省份分类）2008-2024\2008-2023·（贵州）化学高考真题\2010年高考化学试卷（全国卷Ⅱ）（空白卷）.pdf,papers/2010/化学/全国/贵州卷/2010_化学_贵州_贵州卷_原卷.pdf,2
2010,化学,云南,老高考,2025,全国卷,common,云南卷,present_common,H:\New folder\【新·PDF版】2008-2024·高考化学真题\版本2：化学（按省份分类）2008-2024\2008-2024·（云南）化学高考真题\2010年高考化学试卷（全国卷Ⅱ）（空白卷）.pdf,papers/2010/化学/全国/云南卷/2010_化学_云南_云南卷_原卷.pdf,2
2010,化学,西藏,老高考,,全国卷,common,西藏卷,present_common,H:\New folder\【新·PDF版】2008-2024·高考化学真题\版本2：化学（按省份分类）2008-2024\2008-2024·（西藏）化学高考真题\2010年高考化学试卷（全国卷Ⅱ）（空白卷）.pdf,papers/2010/化学/全国/西藏卷/2010_化学_西藏_西藏卷_原卷.pdf,2
2010,化学,陕西,老高考,2025,全国卷,common,陕西卷,present_common,H:\New folder\【新·PDF版】2008-2024·高考化学真题\版本2：化学（按省份分类）2008-2024\2008-2024·（陕西）化学高考真题\2010年高考化学试卷（全国卷Ⅱ）（空白卷）.pdf,papers/2010/化学/全国/陕西卷/2010_化学_陕西_陕西卷_原卷.pdf,2
2010,化学,甘肃,老高考,2024,全国卷,common,甘肃卷,present_common,H:\New folder\【新·PDF版】2008-2024·高考化学真题\版本2：化学（按省份分类）2008-2024\2008-2024·（甘肃）化学高考真题\2010年高考化学试卷（全国卷Ⅱ）（空白卷）.pdf,papers/2010/化学/全国/甘肃卷/2010_化学_甘肃_甘肃卷_原卷.pdf,2
2010,化学,青海,老高考,2025,全国卷,common,青海卷,present_common,H:\New folder\【新·PDF版】2008-2024·高考化学真题\版本2：化学（按省份分类）2008-2024\2008-2024·（青海）化学高考真题\2010年高考化学试卷（全国卷Ⅱ）（空白卷）.pdf,papers/2010/化学/全国/青海卷/2010_化学_青海_青海卷_原卷.pdf,2
2010,化学,宁夏,老高考,2025,全国卷,common,宁夏卷,present_common,H:\New folder\【新·PDF版】2008-2024·高考化学真题\版本2：化学（按省份分类）2008-2024\2010-2024·（宁夏）化学高考真题\2010年高考化学试卷（新课标）（空白卷）.pdf,papers/2010/化学/全国/宁夏卷/2010_化学_宁夏_宁夏卷_原卷.pdf,2
2010,化学,新疆,老高考,,全国卷,common,新疆卷,present_common,H:\New folder\【新·PDF版】2008-2024·高考化学真题\版本2：化学（按省份分类）2008-2024\2008-2024·（新疆）化学高考真题\2010年高考化学试卷（全国卷Ⅱ）（空白卷）.pdf,papers/2010/化学/全国/新疆卷/2010_化学_新疆_新疆卷_原卷.pdf,2
2010,生物,北京,老高考,2020,地方/区域卷,local,北京卷,present_local,H:\New folder\【新·PDF版】2008-2024·高考生物真题\版本2：生物（按省份分类）2008-2024\2008-2024·（北京）生物高考真题\2010年高考生物试卷（北京）（空白卷）.pdf,papers/2010/生物/北京/北京卷/2010_生物_北京_北京卷_原卷.pdf,2
2010,生物,天津,老高考,2020,地方/区域卷,local,天津卷,present_local,H:\New folder\【新·PDF版】2008-2024·高考生物真题\版本2：生物（按省份分类）2008-2024\2008-2023·（天津）生物高考真题\2010年高考生物试卷（天津）（空白卷）.pdf,papers/2010/生物/天津/天津卷/2010_生物_天津_天津卷_原卷.pdf,2
2010,生物,河北,老高考,2021,全国卷,common,河北卷,present_common,H:\New folder\【新·PDF版】2008-2024·高考生物真题\版本2：生物（按省份分类）2008-2024\2008-2024·（河北）生物高考真题\2010年高考生物试卷（全国卷Ⅰ）（空白卷）.pdf,papers/2010/生物/全国/河北卷/2010_生物_河北_河北卷_原卷.pdf,2
2010,生物,山西,老高考,2025,全国卷,common,山西卷,present_common,H:\New folder\【新·PDF版】2008-2024·高考生物真题\版本2：生物（按省份分类）2008-2024\2008-2024·（山西）生物高考真题\2010年高考生物试卷（全国卷Ⅰ）（空白卷）.pdf,papers/2010/生物/全国/山西卷/2010_生物_山西_山西卷_原卷.pdf,2
2010,生物,内蒙古,老高考,2025,全国卷,common,内蒙古卷,present_common,H:\New folder\【新·PDF版】2008-2024·高考生物真题\版本2：生物（按省份分类）2008-2024\2008-2024·（内蒙古）生物高考真题\2010年高考生物试卷（全国卷Ⅱ）（空白卷）.pdf,papers/2010/生物/全国/内蒙古卷/2010_生物_内蒙古_内蒙古卷_原卷.pdf,2
2010,生物,辽宁,老高考,2021,全国卷,common,辽宁卷,present_common,H:\New folder\【新·PDF版】2008-2024·高考生物真题\版本2：生物（按省份分类）2008-2024\2010-2024·（辽宁）生物高考真题\2010年高考生物试卷（新课标）（空白卷）.pdf,papers/2010/生物/全国/辽宁卷/2010_生物_辽宁_辽宁卷_原卷.pdf,2
2010,生物,吉林,老高考,2024,全国卷,common,吉林卷,present_common,H:\New folder\【新·PDF版】2008-2024·高考生物真题\版本2：生物（按省份分类）2008-2024\2008-2024·（吉林）生物高考真题\2010年高考生物试卷（新课标）（空白卷）.pdf,papers/2010/生物/全国/吉林卷/2010_生物_吉林_吉林卷_原卷.pdf,2
2010,生物,黑龙江,老高考,2024,全国卷,common,黑龙江卷,present_common,H:\New folder\【新·PDF版】2008-2024·高考生物真题\版本2：生物（按省份分类）2008-2024\2008-2024·（黑龙江）生物高考真题\2010年高考生物试卷（新课标）（空白卷）.pdf,papers/2010/生物/全国/黑龙江卷/2010_生物_黑龙江_黑龙江卷_原卷.pdf,2
2010,生物,上海,老高考,2017,地方/区域卷,local,上海卷,present_local,H:\New folder\【新·PDF版】2008-2024·高考生物真题\版本2：生物（按省份分类）2008-2024\2008-2022·（上海）生物高考真题\2010年高考生物试卷（上海）（空白卷）.pdf,papers/2010/生物/上海/上海卷/2010_生物_上海_上海卷_原卷.pdf,2
2010,生物,江苏,老高考,2021,地方/区域卷,local,江苏卷,present_local,H:\New folder\【新·PDF版】2008-2024·高考生物真题\版本2：生物（按省份分类）2008-2024\2008-2023·（江苏）生物高考真题\2010年高考生物试卷（江苏）（空白卷）.pdf,papers/2010/生物/江苏/江苏卷/2010_生物_江苏_江苏卷_原卷.pdf,2
2010,生物,浙江,老高考,2017,地方/区域卷,local,浙江卷,present_local,H:\New folder\【新·PDF版】2008-2024·高考生物真题\版本2：生物（按省份分类）2008-2024\2008-2024·（浙江）生物高考真题\2010年高考生物试卷（浙江）（空白卷）.pdf,papers/2010/生物/浙江/浙江卷/2010_生物_浙江_浙江卷_原卷.pdf,2
2010,生物,安徽,老高考,2024,,missing,,missing,,,0
2010,生物,福建,老高考,2021,,missing,,missing,,,0
2010,生物,江西,老高考,2024,全国卷,common,江西卷,present_common,H:\New folder\【新·PDF版】2008-2024·高考生物真题\版本2：生物（按省份分类）2008-2024\2008-2024·（江西）生物高考真题\2010年高考生物试卷（全国卷Ⅰ）（空白卷）.pdf,papers/2010/生物/全国/江西卷/2010_生物_江西_江西卷_原卷.pdf,2
2010,生物,山东,老高考,2020,地方/区域卷,local,山东卷,present_local,H:\New folder\【新·PDF版】2008-2024·高考生物真题\版本2：生物（按省份分类）2008-2024\2008-2024·（山东）生物高考真题\2010年高考生物试卷（山东）（空白卷）.pdf,papers/2010/生物/山东/山东卷/2010_生物_山东_山东卷_原卷.pdf,2
2010,生物,河南,老高考,2025,全国卷,common,河南卷,present_common,H:\New folder\【新·PDF版】2008-2024·高考生物真题\版本2：生物（按省份分类）2008-2024\2008-2024·（河南）生物高考真题\2010年高考生物试卷（全国卷Ⅰ）（空白卷）.pdf,papers/2010/生物/全国/河南卷/2010_生物_河南_河南卷_原卷.pdf,2
2010,生物,湖北,老高考,2021,全国卷,common,湖北卷,present_common,H:\New folder\【新·PDF版】2008-2024·高考生物真题\版本2：生物（按省份分类）2008-2024\2008-2024·（湖北）生物高考真题\2010年高考生物试卷（全国卷Ⅰ）（空白卷）.pdf,papers/2010/生物/全国/湖北卷/2010_生物_湖北_湖北卷_原卷.pdf,2
2010,生物,湖南,老高考,2021,全国卷,common,湖南卷,present_common,H:\New folder\【新·PDF版】2008-2024·高考生物真题\版本2：生物（按省份分类）2008-2024\2008-2024·（湖南）生物高考真题\2010年高考生物试卷（全国卷Ⅰ）（空白卷）.pdf,papers/2010/生物/全国/湖南卷/2010_生物_湖南_湖南卷_原卷.pdf,2
2010,生物,广东,老高考,2021,地方/区域卷,local,广东卷,present_local,H:\New folder\【新·PDF版】2008-2024·高考生物真题\版本2：生物（按省份分类）2008-2024\2008-2024·（广东）生物高考真题\2010年高考生物试卷（广东）（空白卷）.pdf,papers/2010/生物/广东/广东卷/2010_生物_广东_广东卷_原卷.pdf,2
2010,生物,广西,老高考,2024,全国卷,common,广西卷,present_common,H:\New folder\【新·PDF版】2008-2024·高考生物真题\版本2：生物（按省份分类）2008-2024\2008-2023·（广西）生物高考真题\2010年高考生物试卷（全国卷Ⅰ）（空白卷）.pdf,papers/2010/生物/全国/广西卷/2010_生物_广西_广西卷_原卷.pdf,2
2010,生物,海南,老高考,2020,地方/区域卷,local,海南卷,present_local,H:\New folder\【新·PDF版】2008-2024·高考生物真题\版本2：生物（按省份分类）2008-2024\2008-2023·（海南）生物高考真题\2010年高考生物试卷（海南）（空白卷）.pdf,papers/2010/生物/海南/海南卷/2010_生物_海南_海南卷_原卷.pdf,2
2010,生物,重庆,老高考,2021,,missing,,missing,,,0
2010,生物,四川,老高考,2025,地方/区域卷,local,四川卷,present_local,H:\New folder\【新·PDF版】2008-2024·高考生物真题\版本2：生物（按省份分类）2008-2024\2008-2024·（四川）生物高考真题\2010年高考生物试卷（四川）（空白卷）.pdf,papers/2010/生物/四川/四川卷/2010_生物_四川_四川卷_原卷.pdf,2
2010,生物,贵州,老高考,2024,全国卷,common,贵州卷,present_common,H:\New folder\【新·PDF版】2008-2024·高考生物真题\版本2：生物（按省份分类）2008-2024\2008-2023·（贵州）生物高考真题\2010年高考生物试卷（全国卷Ⅱ）（空白卷）.pdf,papers/2010/生物/全国/贵州卷/2010_生物_贵州_贵州卷_原卷.pdf,2
2010,生物,云南,老高考,2025,全国卷,common,云南卷,present_common,H:\New folder\【新·PDF版】2008-2024·高考生物真题\版本2：生物（按省份分类）2008-2024\2008-2024·（云南）生物高考真题\2010年高考生物试卷（全国卷Ⅱ）（空白卷）.pdf,papers/2010/生物/全国/云南卷/2010_生物_云南_云南卷_原卷.pdf,2
2010,生物,西藏,老高考,,全国卷,common,西藏卷,present_common,H:\New folder\【新·PDF版】2008-2024·高考生物真题\版本2：生物（按省份分类）2008-2024\2008-2024·（西藏）生物高考真题\2010年高考生物试卷（全国卷Ⅱ）（空白卷）.pdf,papers/2010/生物/全国/西藏卷/2010_生物_西藏_西藏卷_原卷.pdf,2
2010,生物,陕西,老高考,2025,全国卷,common,陕西卷,present_common,H:\New folder\【新·PDF版】2008-2024·高考生物真题\版本2：生物（按省份分类）2008-2024\2008-2024·（陕西）生物高考真题\2010年高考生物试卷（全国卷Ⅱ）（空白卷）.pdf,papers/2010/生物/全国/陕西卷/2010_生物_陕西_陕西卷_原卷.pdf,2
2010,生物,甘肃,老高考,2024,全国卷,common,甘肃卷,present_common,H:\New folder\【新·PDF版】2008-2024·高考生物真题\版本2：生物（按省份分类）2008-2024\2008-2024·（甘肃）生物高考真题\2010年高考生物试卷（全国卷Ⅱ）（空白卷）.pdf,papers/2010/生物/全国/甘肃卷/2010_生物_甘肃_甘肃卷_原卷.pdf,2
2010,生物,青海,老高考,2025,全国卷,common,青海卷,present_common,H:\New folder\【新·PDF版】2008-2024·高考生物真题\版本2：生物（按省份分类）2008-2024\2008-2024·（青海）生物高考真题\2010年高考生物试卷（全国卷Ⅱ）（空白卷）.pdf,papers/2010/生物/全国/青海卷/2010_生物_青海_青海卷_原卷.pdf,2
2010,生物,宁夏,老高考,2025,全国卷,common,宁夏卷,present_common,H:\New folder\【新·PDF版】2008-2024·高考生物真题\版本2：生物（按省份分类）2008-2024\2010-2024·（宁夏）生物高考真题\2010年高考生物试卷（新课标）（空白卷）.pdf,papers/2010/生物/全国/宁夏卷/2010_生物_宁夏_宁夏卷_原卷.pdf,2
2010,生物,新疆,老高考,,全国卷,common,新疆卷,present_common,H:\New folder\【新·PDF版】2008-2024·高考生物真题\版本2：生物（按省份分类）2008-2024\2008-2024·（新疆）生物高考真题\2010年高考生物试卷（全国卷Ⅱ）（空白卷）.pdf,papers/2010/生物/全国/新疆卷/2010_生物_新疆_新疆卷_原卷.pdf,2
2010,政治,北京,老高考,2020,地方/区域卷,local,北京卷,present_local,H:\New folder\【新·PDF版】2008-2024·高考政治真题\版本2：政治（按省份分类）2008-2024\2008-2024·（北京）政治高考真题\2010年高考生物试卷（北京）（空白卷）.pdf,papers/2010/政治/北京/北京卷/2010_政治_北京_北京卷_原卷.pdf,2
2010,政治,天津,老高考,2020,地方/区域卷,local,天津卷,present_local,H:\New folder\【新·PDF版】2008-2024·高考政治真题\版本2：政治（按省份分类）2008-2024\2008-2023·（天津）政治高考真题\2010年高考政治试卷（天津）（空白卷）.pdf,papers/2010/政治/天津/天津卷/2010_政治_天津_天津卷_原卷.pdf,2
2010,政治,河北,老高考,2021,全国卷,common,全国I卷,present_common,H:\New folder\【新·PDF版】2008-2024·高考政治真题\版本2：政治（按省份分类）2008-2024\2008-2021_2023·（河北）政治高考真题\2010年高考政治试卷（全国Ⅰ卷）（空白卷）.pdf,papers/2010/政治/全国/全国I卷/2010_政治_河北_全国I卷_原卷.pdf,2
2010,政治,山西,老高考,2025,全国卷,common,全国I卷,present_common,H:\New folder\【新·PDF版】2008-2024·高考政治真题\版本2：政治（按省份分类）2008-2024\2008-2024·（山西）政治高考真题\2010年高考政治试卷（全国Ⅰ卷）（空白卷）.pdf,papers/2010/政治/全国/全国I卷/2010_政治_山西_全国I卷_原卷.pdf,2
2010,政治,内蒙古,老高考,2025,全国卷,common,全国II卷,present_common,H:\New folder\【新·PDF版】2008-2024·高考政治真题\版本2：政治（按省份分类）2008-2024\2008-2023·（内蒙古）政治高考真题\2010年高考政治试卷（全国Ⅱ卷）（空白卷）.pdf,papers/2010/政治/全国/全国II卷/2010_政治_内蒙古_全国II卷_原卷.pdf,2
2010,政治,辽宁,老高考,2021,全国卷,common,辽宁卷,present_common,H:\New folder\【新·PDF版】2008-2024·高考政治真题\版本2：政治（按省份分类）2008-2024\2010-2024·（辽宁）政治高考真题\2010年高考政治试卷（新课标）（空白卷）.pdf,papers/2010/政治/全国/辽宁卷/2010_政治_辽宁_辽宁卷_原卷.pdf,2
2010,政治,吉林,老高考,2024,全国卷,common,吉林卷,present_common,H:\New folder\【新·PDF版】2008-2024·高考政治真题\版本2：政治（按省份分类）2008-2024\2008-2024·（吉林）政治高考真题\2010年高考政治试卷（新课标）（空白卷）.pdf,papers/2010/政治/全国/吉林卷/2010_政治_吉林_吉林卷_原卷.pdf,2
2010,政治,黑龙江,老高考,2024,全国卷,common,黑龙江卷,present_common,H:\New folder\【新·PDF版】2008-2024·高考政治真题\版本2：政治（按省份分类）2008-2024\2008-2024·（黑龙江）政治高考真题\2010年高考政治试卷（新课标）（空白卷）.pdf,papers/2010/政治/全国/黑龙江卷/2010_政治_黑龙江_黑龙江卷_原卷.pdf,2
2010,政治,上海,老高考,2017,地方/区域卷,local,上海卷,present_local,H:\New folder\【新·PDF版】2008-2024·高考政治真题\版本2：政治（按省份分类）2008-2024\2008-2017·（上海）政治高考真题\2010年高考政治试卷（上海）（空白卷）.pdf,papers/2010/政治/上海/上海卷/2010_政治_上海_上海卷_原卷.pdf,2
2010,政治,江苏,老高考,2021,地方/区域卷,local,江苏卷,present_local,H:\New folder\【新·PDF版】2008-2024·高考政治真题\版本2：政治（按省份分类）2008-2024\2008-2023·（江苏）政治高考真题\2010年高考政治试卷（江苏）（空白卷）.pdf,papers/2010/政治/江苏/江苏卷/2010_政治_江苏_江苏卷_原卷.pdf,2
2010,政治,浙江,老高考,2017,地方/区域卷,local,浙江卷,present_local,H:\New folder\【新·PDF版】2008-2024·高考政治真题\版本2：政治（按省份分类）2008-2024\2008-2024·（浙江）政治高考真题\2010年高考政治试卷（浙江）（空白卷）.pdf,papers/2010/政治/浙江/浙江卷/2010_政治_浙江_浙江卷_原卷.pdf,2
2010,政治,安徽,老高考,2024,,missing,,missing,,,0
2010,政治,福建,老高考,2021,,missing,,missing,,,0
2010,政治,江西,老高考,2024,全国卷,common,全国I卷,present_common,H:\New folder\【新·PDF版】2008-2024·高考政治真题\版本2：政治（按省份分类）2008-2024\2008-2023·（江西）政治高考真题\2010年高考政治试卷（全国Ⅰ卷）（空白卷）.pdf,papers/2010/政治/全国/全国I卷/2010_政治_江西_全国I卷_原卷.pdf,2
2010,政治,山东,老高考,2020,地方/区域卷,local,山东卷,present_local,H:\New folder\【新·PDF版】2008-2024·高考政治真题\版本2：政治（按省份分类）2008-2024\2008-2024·（山东）政治高考真题\2010年高考生物政治（山东）（空白卷）.pdf,papers/2010/政治/山东/山东卷/2010_政治_山东_山东卷_原卷.pdf,2
2010,政治,河南,老高考,2025,全国卷,common,全国I卷,present_common,H:\New folder\【新·PDF版】2008-2024·高考政治真题\版本2：政治（按省份分类）2008-2024\2008-2024·（河南）政治高考真题\2010年高考政治试卷（全国Ⅰ卷）（空白卷）.pdf,papers/2010/政治/全国/全国I卷/2010_政治_河南_全国I卷_原卷.pdf,2
2010,政治,湖北,老高考,2021,全国卷,common,全国I卷,present_common,H:\New folder\【新·PDF版】2008-2024·高考政治真题\版本2：政治（按省份分类）2008-2024\2008-2024·（湖北）政治高考真题\2010年高考政治试卷（全国Ⅰ卷）（空白卷）.pdf,papers/2010/政治/全国/全国I卷/2010_政治_湖北_全国I卷_原卷.pdf,2
2010,政治,湖南,老高考,2021,全国卷,common,全国I卷,present_common,H:\New folder\【新·PDF版】2008-2024·高考政治真题\版本2：政治（按省份分类）2008-2024\2008-2024·（湖南）政治高考真题\2010年高考政治试卷（全国Ⅰ卷）（空白卷）.pdf,papers/2010/政治/全国/全国I卷/2010_政治_湖南_全国I卷_原卷.pdf,2
2010,政治,广东,老高考,2021,地方/区域卷,local,广东卷,present_local,H:\New folder\【新·PDF版】2008-2024·高考政治真题\版本2：政治（按省份分类）2008-2024\2008-2024·（广东）政治高考真题\2010年高考政治试卷（广东）（空白卷）.pdf,papers/2010/政治/广东/广东卷/2010_政治_广东_广东卷_原卷.pdf,2
2010,政治,广西,老高考,2024,全国卷,common,全国I卷,present_common,H:\New folder\【新·PDF版】2008-2024·高考政治真题\版本2：政治（按省份分类）2008-2024\2008-2023·（广西）政治高考真题\2010年高考政治试卷（全国Ⅰ卷）（空白卷）.pdf,papers/2010/政治/全国/全国I卷/2010_政治_广西_全国I卷_原卷.pdf,2
2010,政治,海南,老高考,2020,地方/区域卷,local,海南卷,present_local,H:\New folder\【新·PDF版】2008-2024·高考政治真题\版本2：政治（按省份分类）2008-2024\2008-2023·（海南）政治高考真题\2010年高考政治试卷（海南）（空白卷）.pdf,papers/2010/政治/海南/海南卷/2010_政治_海南_海南卷_原卷.pdf,2
2010,政治,重庆,老高考,2021,,missing,,missing,,,0
2010,政治,四川,老高考,2025,地方/区域卷,local,四川卷,present_local,H:\New folder\【新·PDF版】2008-2024·高考政治真题\版本2：政治（按省份分类）2008-2024\2008-2023·（四川）政治高考真题\2010年高考政治试卷（四川）（空白卷）.pdf,papers/2010/政治/四川/四川卷/2010_政治_四川_四川卷_原卷.pdf,2
2010,政治,贵州,老高考,2024,全国卷,common,全国II卷,present_common,H:\New folder\【新·PDF版】2008-2024·高考政治真题\版本2：政治（按省份分类）2008-2024\2008-2023·（贵州）政治高考真题\2010年高考政治试卷（全国Ⅱ卷）（空白卷）.pdf,papers/2010/政治/全国/全国II卷/2010_政治_贵州_全国II卷_原卷.pdf,2
2010,政治,云南,老高考,2025,全国卷,common,全国II卷,present_common,H:\New folder\【新·PDF版】2008-2024·高考政治真题\版本2：政治（按省份分类）2008-2024\2008-2024·（云南）政治高考真题\2010年高考政治试卷（全国Ⅱ卷）（空白卷）.pdf,papers/2010/政治/全国/全国II卷/2010_政治_云南_全国II卷_原卷.pdf,2
2010,政治,西藏,老高考,,全国卷,common,全国II卷,present_common,H:\New folder\【新·PDF版】2008-2024·高考政治真题\版本2：政治（按省份分类）2008-2024\2008-2024·（西藏）政治高考真题\2010年高考政治试卷（全国Ⅱ卷）（空白卷）.pdf,papers/2010/政治/全国/全国II卷/2010_政治_西藏_全国II卷_原卷.pdf,2
2010,政治,陕西,老高考,2025,全国卷,common,全国II卷,present_common,H:\New folder\【新·PDF版】2008-2024·高考政治真题\版本2：政治（按省份分类）2008-2024\2008-2023·（陕西）政治高考真题\2010年高考政治试卷（全国Ⅱ卷）（空白卷）.pdf,papers/2010/政治/全国/全国II卷/2010_政治_陕西_全国II卷_原卷.pdf,2
2010,政治,甘肃,老高考,2024,全国卷,common,全国II卷,present_common,H:\New folder\【新·PDF版】2008-2024·高考政治真题\版本2：政治（按省份分类）2008-2024\2008-2023·（甘肃）政治高考真题\2010年高考政治试卷（全国Ⅱ卷）（空白卷）.pdf,papers/2010/政治/全国/全国II卷/2010_政治_甘肃_全国II卷_原卷.pdf,2
2010,政治,青海,老高考,2025,全国卷,common,全国II卷,present_common,H:\New folder\【新·PDF版】2008-2024·高考政治真题\版本2：政治（按省份分类）2008-2024\2008-2023·（青海）政治高考真题\2010年高考政治试卷（全国Ⅱ卷）（空白卷）.pdf,papers/2010/政治/全国/全国II卷/2010_政治_青海_全国II卷_原卷.pdf,2
2010,政治,宁夏,老高考,2025,全国卷,common,宁夏卷,present_common,H:\New folder\【新·PDF版】2008-2024·高考政治真题\版本2：政治（按省份分类）2008-2024\2010-2023·（宁夏）政治高考真题\2010年高考政治试卷（新课标）（空白卷）.pdf,papers/2010/政治/全国/宁夏卷/2010_政治_宁夏_宁夏卷_原卷.pdf,2
2010,政治,新疆,老高考,,全国卷,common,全国II卷,present_common,H:\New folder\【新·PDF版】2008-2024·高考政治真题\版本2：政治（按省份分类）2008-2024\2008-2024·（新疆）政治高考真题\2010年高考政治试卷（全国Ⅱ卷）（空白卷）.pdf,papers/2010/政治/全国/全国II卷/2010_政治_新疆_全国II卷_原卷.pdf,2
2010,历史,北京,老高考,2020,地方/区域卷,local,北京卷,present_local,H:\New folder\【新·PDF版】2008-2024·高考历史真题\版本2：历史（按省份分类）2008-2024\2008-2024·（北京）历史高考真题\2010年高考历史试卷（北京）（空白卷）.pdf,papers/2010/历史/北京/北京卷/2010_历史_北京_北京卷_原卷.pdf,2
2010,历史,天津,老高考,2020,地方/区域卷,local,天津卷,present_local,H:\New folder\【新·PDF版】2008-2024·高考历史真题\版本2：历史（按省份分类）2008-2024\2008-2023·（天津）历史高考真题\2010年高考历史试卷（天津）（空白卷）.pdf,papers/2010/历史/天津/天津卷/2010_历史_天津_天津卷_原卷.pdf,2
2010,历史,河北,老高考,2021,全国卷,common,河北卷,present_common,H:\New folder\【新·PDF版】2008-2024·高考历史真题\版本2：历史（按省份分类）2008-2024\2008-2023·（河北）历史高考真题\2010年高考历史试卷（全国卷Ⅰ）（空白卷）.pdf,papers/2010/历史/全国/河北卷/2010_历史_河北_河北卷_原卷.pdf,2
2010,历史,山西,老高考,2025,全国卷,common,山西卷,present_common,H:\New folder\【新·PDF版】2008-2024·高考历史真题\版本2：历史（按省份分类）2008-2024\2008-2024·（山西）历史高考真题\2010年高考历史试卷（全国卷Ⅰ）（空白卷）.pdf,papers/2010/历史/全国/山西卷/2010_历史_山西_山西卷_原卷.pdf,2
2010,历史,内蒙古,老高考,2025,全国卷,common,内蒙古卷,present_common,H:\New folder\【新·PDF版】2008-2024·高考历史真题\版本2：历史（按省份分类）2008-2024\2008-2024·（内蒙古）历史高考真题\2010年高考历史试卷（全国卷Ⅱ）（空白卷）.pdf,papers/2010/历史/全国/内蒙古卷/2010_历史_内蒙古_内蒙古卷_原卷.pdf,2
2010,历史,辽宁,老高考,2021,全国卷,common,辽宁卷,present_common,H:\New folder\【新·PDF版】2008-2024·高考历史真题\版本2：历史（按省份分类）2008-2024\2010-2024·（辽宁）历史高考真题\2010年高考历史试卷（新课标）（空白卷）.pdf,papers/2010/历史/全国/辽宁卷/2010_历史_辽宁_辽宁卷_原卷.pdf,2
2010,历史,吉林,老高考,2024,全国卷,common,吉林卷,present_common,H:\New folder\【新·PDF版】2008-2024·高考历史真题\版本2：历史（按省份分类）2008-2024\2008-2024·（吉林）历史高考真题\2010年高考历史试卷（新课标）（空白卷）.pdf,papers/2010/历史/全国/吉林卷/2010_历史_吉林_吉林卷_原卷.pdf,2
2010,历史,黑龙江,老高考,2024,全国卷,common,黑龙江卷,present_common,H:\New folder\【新·PDF版】2008-2024·高考历史真题\版本2：历史（按省份分类）2008-2024\2008-2024·（黑龙江）历史高考真题\2010年高考历史试卷（新课标）（空白卷）.pdf,papers/2010/历史/全国/黑龙江卷/2010_历史_黑龙江_黑龙江卷_原卷.pdf,2
2010,历史,上海,老高考,2017,地方/区域卷,local,上海卷,present_local,"H:\New folder\【新·PDF版】2008-2024·高考历史真题\版本2：历史（按省份分类）2008-2024\2008-2017_2019,2024·（上海）历史高考真题\2010年高考历史试卷（上海）（空白卷）.pdf",papers/2010/历史/上海/上海卷/2010_历史_上海_上海卷_原卷.pdf,2
2010,历史,江苏,老高考,2021,地方/区域卷,local,江苏卷,present_local,H:\New folder\【新·PDF版】2008-2024·高考历史真题\版本2：历史（按省份分类）2008-2024\2008-2024·（江苏）历史高考真题\2010年高考历史试卷（江苏）（空白卷）.pdf,papers/2010/历史/江苏/江苏卷/2010_历史_江苏_江苏卷_原卷.pdf,2
2010,历史,浙江,老高考,2017,地方/区域卷,local,浙江卷,present_local,H:\New folder\【新·PDF版】2008-2024·高考历史真题\版本2：历史（按省份分类）2008-2024\2008-2024·（浙江）历史高考真题\2010年高考历史试卷（浙江）（空白卷）.pdf,papers/2010/历史/浙江/浙江卷/2010_历史_浙江_浙江卷_原卷.pdf,2
2010,历史,安徽,老高考,2024,,missing,,missing,,,0
2010,历史,福建,老高考,2021,,missing,,missing,,,0
2010,历史,江西,老高考,2024,全国卷,common,江西卷,present_common,H:\New folder\【新·PDF版】2008-2024·高考历史真题\版本2：历史（按省份分类）2008-2024\2008-2023·（江西）历史高考真题\2010年高考历史试卷（全国卷Ⅰ）（空白卷）.pdf,papers/2010/历史/全国/江西卷/2010_历史_江西_江西卷_原卷.pdf,2
2010,历史,山东,老高考,2020,地方/区域卷,local,山东卷,present_local,H:\New folder\【新·PDF版】2008-2024·高考历史真题\版本2：历史（按省份分类）2008-2024\2008-2024·（山东）历史高考真题\2010年高考历史试卷（山东）（空白卷）.pdf,papers/2010/历史/山东/山东卷/2010_历史_山东_山东卷_原卷.pdf,2
2010,历史,河南,老高考,2025,全国卷,common,河南卷,present_common,H:\New folder\【新·PDF版】2008-2024·高考历史真题\版本2：历史（按省份分类）2008-2024\2008-2024·（河南）历史高考真题\2010年高考历史试卷（全国卷Ⅰ）（空白卷）.pdf,papers/2010/历史/全国/河南卷/2010_历史_河南_河南卷_原卷.pdf,2
2010,历史,湖北,老高考,2021,全国卷,common,湖北卷,present_common,H:\New folder\【新·PDF版】2008-2024·高考历史真题\版本2：历史（按省份分类）2008-2024\2008-2024·（湖北）历史高考真题\2010年高考历史试卷（全国卷Ⅰ）（空白卷）.pdf,papers/2010/历史/全国/湖北卷/2010_历史_湖北_湖北卷_原卷.pdf,2
2010,历史,湖南,老高考,2021,全国卷,common,湖南卷,present_common,H:\New folder\【新·PDF版】2008-2024·高考历史真题\版本2：历史（按省份分类）2008-2024\2008-2024·（湖南）历史高考真题\2010年高考历史试卷（全国卷Ⅰ）（空白卷）.pdf,papers/2010/历史/全国/湖南卷/2010_历史_湖南_湖南卷_原卷.pdf,2
2010,历史,广东,老高考,2021,地方/区域卷,local,广东卷,present_local,H:\New folder\【新·PDF版】2008-2024·高考历史真题\版本2：历史（按省份分类）2008-2024\2008-2024·（广东）历史高考真题\2010年高考历史试卷（广东）（空白卷）.pdf,papers/2010/历史/广东/广东卷/2010_历史_广东_广东卷_原卷.pdf,2
2010,历史,广西,老高考,2024,全国卷,common,广西卷,present_common,H:\New folder\【新·PDF版】2008-2024·高考历史真题\版本2：历史（按省份分类）2008-2024\2008-2023·（广西）历史高考真题\2010年高考历史试卷（全国卷Ⅰ）（空白卷）.pdf,papers/2010/历史/全国/广西卷/2010_历史_广西_广西卷_原卷.pdf,2
2010,历史,海南,老高考,2020,地方/区域卷,local,海南卷,present_local,H:\New folder\【新·PDF版】2008-2024·高考历史真题\版本2：历史（按省份分类）2008-2024\2008-2023·（海南）历史高考真题\2010年高考历史试卷（海南）（空白卷）.pdf,papers/2010/历史/海南/海南卷/2010_历史_海南_海南卷_原卷.pdf,2
2010,历史,重庆,老高考,2021,,missing,,missing,,,0
2010,历史,四川,老高考,2025,地方/区域卷,local,四川卷,present_local,H:\New folder\【新·PDF版】2008-2024·高考历史真题\版本2：历史（按省份分类）2008-2024\2008-2024·（四川）历史高考真题\2010年高考历史试卷（四川）（空白卷）.pdf,papers/2010/历史/四川/四川卷/2010_历史_四川_四川卷_原卷.pdf,2
2010,历史,贵州,老高考,2024,全国卷,common,贵州卷,present_common,H:\New folder\【新·PDF版】2008-2024·高考历史真题\版本2：历史（按省份分类）2008-2024\2008-2023·（贵州）历史高考真题\2010年高考历史试卷（全国卷Ⅱ）（空白卷）.pdf,papers/2010/历史/全国/贵州卷/2010_历史_贵州_贵州卷_原卷.pdf,2
2010,历史,云南,老高考,2025,全国卷,common,云南卷,present_common,H:\New folder\【新·PDF版】2008-2024·高考历史真题\版本2：历史（按省份分类）2008-2024\2008-2024·（云南）历史高考真题\2010年高考历史试卷（全国卷Ⅱ）（空白卷）.pdf,papers/2010/历史/全国/云南卷/2010_历史_云南_云南卷_原卷.pdf,2
2010,历史,西藏,老高考,,全国卷,common,西藏卷,present_common,H:\New folder\【新·PDF版】2008-2024·高考历史真题\版本2：历史（按省份分类）2008-2024\2008-2024·（西藏）历史高考真题\2010年高考历史试卷（全国卷Ⅱ）（空白卷）.pdf,papers/2010/历史/全国/西藏卷/2010_历史_西藏_西藏卷_原卷.pdf,2
2010,历史,陕西,老高考,2025,全国卷,common,陕西卷,present_common,H:\New folder\【新·PDF版】2008-2024·高考历史真题\版本2：历史（按省份分类）2008-2024\2008-2024·（陕西）历史高考真题\2010年高考历史试卷（全国卷Ⅱ）（空白卷）.pdf,papers/2010/历史/全国/陕西卷/2010_历史_陕西_陕西卷_原卷.pdf,2
2010,历史,甘肃,老高考,2024,全国卷,common,甘肃卷,present_common,H:\New folder\【新·PDF版】2008-2024·高考历史真题\版本2：历史（按省份分类）2008-2024\2008-2024·（甘肃）历史高考真题\2010年高考历史试卷（全国卷Ⅱ）（空白卷）.pdf,papers/2010/历史/全国/甘肃卷/2010_历史_甘肃_甘肃卷_原卷.pdf,2
2010,历史,青海,老高考,2025,全国卷,common,青海卷,present_common,H:\New folder\【新·PDF版】2008-2024·高考历史真题\版本2：历史（按省份分类）2008-2024\2008-2024·（青海）历史高考真题\2010年高考历史试卷（全国卷Ⅱ）（空白卷）.pdf,papers/2010/历史/全国/青海卷/2010_历史_青海_青海卷_原卷.pdf,2
2010,历史,宁夏,老高考,2025,全国卷,common,宁夏卷,present_common,H:\New folder\【新·PDF版】2008-2024·高考历史真题\版本2：历史（按省份分类）2008-2024\2010-2024·（宁夏）历史高考真题\2010年高考历史试卷（新课标）（空白卷）.pdf,papers/2010/历史/全国/宁夏卷/2010_历史_宁夏_宁夏卷_原卷.pdf,2
2010,历史,新疆,老高考,,全国卷,common,新疆卷,present_common,H:\New folder\【新·PDF版】2008-2024·高考历史真题\版本2：历史（按省份分类）2008-2024\2008-2024·（新疆）历史高考真题\2010年高考历史试卷（全国卷Ⅱ）（空白卷）.pdf,papers/2010/历史/全国/新疆卷/2010_历史_新疆_新疆卷_原卷.pdf,2
2010,地理,北京,老高考,2020,地方/区域卷,local,北京卷,present_local,H:\New folder\【新·PDF版】2008-2024·高考地理真题\版本2：地理（按省份分类）2008-2024\2008-2024·（北京）地理高考真题\2010年高考地理试卷（北京）（空白卷）.pdf,papers/2010/地理/北京/北京卷/2010_地理_北京_北京卷_原卷.pdf,2
2010,地理,天津,老高考,2020,地方/区域卷,local,天津卷,present_local,H:\New folder\【新·PDF版】2008-2024·高考地理真题\版本2：地理（按省份分类）2008-2024\2008-2023·（天津）地理高考真题\2010年高考地理试卷（天津）（空白卷）.pdf,papers/2010/地理/天津/天津卷/2010_地理_天津_天津卷_原卷.pdf,2
2010,地理,河北,老高考,2021,全国卷,common,河北卷,present_common,H:\New folder\【新·PDF版】2008-2024·高考地理真题\版本2：地理（按省份分类）2008-2024\2008-2023·（河北）地理高考真题\2010年高考地理试卷（全国卷Ⅰ）（空白卷）.pdf,papers/2010/地理/全国/河北卷/2010_地理_河北_河北卷_原卷.pdf,2
2010,地理,山西,老高考,2025,全国卷,common,山西卷,present_common,H:\New folder\【新·PDF版】2008-2024·高考地理真题\版本2：地理（按省份分类）2008-2024\2008-2024·（山西）地理高考真题\2010年高考地理试卷（全国卷Ⅰ）（空白卷）.pdf,papers/2010/地理/全国/山西卷/2010_地理_山西_山西卷_原卷.pdf,2
2010,地理,内蒙古,老高考,2025,全国卷,common,内蒙古卷,present_common,H:\New folder\【新·PDF版】2008-2024·高考地理真题\版本2：地理（按省份分类）2008-2024\2008-2024·（内蒙古）地理高考真题\2010年高考地理试卷（全国卷Ⅱ）（空白卷）.pdf,papers/2010/地理/全国/内蒙古卷/2010_地理_内蒙古_内蒙古卷_原卷.pdf,2
2010,地理,辽宁,老高考,2021,全国卷,common,辽宁卷,present_common,H:\New folder\【新·PDF版】2008-2024·高考地理真题\版本2：地理（按省份分类）2008-2024\2010-2024·（辽宁）地理高考真题\2010年高考地理试卷（新课标卷）（空白卷）.pdf,papers/2010/地理/全国/辽宁卷/2010_地理_辽宁_辽宁卷_原卷.pdf,2
2010,地理,吉林,老高考,2024,全国卷,common,吉林卷,present_common,H:\New folder\【新·PDF版】2008-2024·高考地理真题\版本2：地理（按省份分类）2008-2024\2008-2024·（吉林）地理高考真题\2010年高考地理试卷（新课标卷）（空白卷）.pdf,papers/2010/地理/全国/吉林卷/2010_地理_吉林_吉林卷_原卷.pdf,2
2010,地理,黑龙江,老高考,2024,全国卷,common,黑龙江卷,present_common,H:\New folder\【新·PDF版】2008-2024·高考地理真题\版本2：地理（按省份分类）2008-2024\2008-2024·（黑龙江）地理高考真题\2010年高考地理试卷（新课标卷）（空白卷）.pdf,papers/2010/地理/全国/黑龙江卷/2010_地理_黑龙江_黑龙江卷_原卷.pdf,2
2010,地理,上海,老高考,2017,地方/区域卷,local,上海卷,present_local,"H:\New folder\【新·PDF版】2008-2024·高考地理真题\版本2：地理（按省份分类）2008-2024\2008-2021,2024·（上海）地理高考真题\2010年高考地理试卷（上海）（空白卷）.pdf",papers/2010/地理/上海/上海卷/2010_地理_上海_上海卷_原卷.pdf,2
2010,地理,江苏,老高考,2021,地方/区域卷,local,江苏卷,present_local,H:\New folder\【新·PDF版】2008-2024·高考地理真题\版本2：地理（按省份分类）2008-2024\2008-2023·（江苏）地理高考真题\2010年高考地理试卷（江苏）（空白卷）.pdf,papers/2010/地理/江苏/江苏卷/2010_地理_江苏_江苏卷_原卷.pdf,2
2010,地理,浙江,老高考,2017,地方/区域卷,local,浙江卷,present_local,H:\New folder\【新·PDF版】2008-2024·高考地理真题\版本2：地理（按省份分类）2008-2024\2008-2024·（浙江）地理高考真题\2010年高考地理试卷（浙江）（空白卷）.pdf,papers/2010/地理/浙江/浙江卷/2010_地理_浙江_浙江卷_原卷.pdf,2
2010,地理,安徽,老高考,2024,,missing,,missing,,,0
2010,地理,福建,老高考,2021,,missing,,missing,,,0
2010,地理,江西,老高考,2024,全国卷,common,江西卷,present_common,H:\New folder\【新·PDF版】2008-2024·高考地理真题\版本2：地理（按省份分类）2008-2024\2008-2024·（江西）地理高考真题\2010年高考地理试卷（全国卷Ⅰ）（空白卷）.pdf,papers/2010/地理/全国/江西卷/2010_地理_江西_江西卷_原卷.pdf,2
2010,地理,山东,老高考,2020,地方/区域卷,local,山东卷,present_local,H:\New folder\【新·PDF版】2008-2024·高考地理真题\版本2：地理（按省份分类）2008-2024\2008-2024·（山东）地理高考真题\2010年高考地理试卷（山东）（空白卷）.pdf,papers/2010/地理/山东/山东卷/2010_地理_山东_山东卷_原卷.pdf,2
2010,地理,河南,老高考,2025,全国卷,common,河南卷,present_common,H:\New folder\【新·PDF版】2008-2024·高考地理真题\版本2：地理（按省份分类）2008-2024\2008-2024·（河南）地理高考真题\2010年高考地理试卷（全国卷Ⅰ）（空白卷）.pdf,papers/2010/地理/全国/河南卷/2010_地理_河南_河南卷_原卷.pdf,2
2010,地理,湖北,老高考,2021,全国卷,common,湖北卷,present_common,H:\New folder\【新·PDF版】2008-2024·高考地理真题\版本2：地理（按省份分类）2008-2024\2008-2024·（湖北）地理高考真题\2010年高考地理试卷（全国卷Ⅰ）（空白卷）.pdf,papers/2010/地理/全国/湖北卷/2010_地理_湖北_湖北卷_原卷.pdf,2
2010,地理,湖南,老高考,2021,全国卷,common,湖南卷,present_common,H:\New folder\【新·PDF版】2008-2024·高考地理真题\版本2：地理（按省份分类）2008-2024\2008-2024·（湖南）地理高考真题\2010年高考地理试卷（全国卷Ⅰ）（空白卷）.pdf,papers/2010/地理/全国/湖南卷/2010_地理_湖南_湖南卷_原卷.pdf,2
2010,地理,广东,老高考,2021,地方/区域卷,local,广东卷,present_local,H:\New folder\【新·PDF版】2008-2024·高考地理真题\版本2：地理（按省份分类）2008-2024\2008-2024·（广东）地理高考真题\2010年高考地理试卷（广东）（空白卷）.pdf,papers/2010/地理/广东/广东卷/2010_地理_广东_广东卷_原卷.pdf,2
2010,地理,广西,老高考,2024,全国卷,common,广西卷,present_common,H:\New folder\【新·PDF版】2008-2024·高考地理真题\版本2：地理（按省份分类）2008-2024\2008-2023·（广西）地理高考真题\2010年高考地理试卷（全国卷Ⅰ）（空白卷）.pdf,papers/2010/地理/全国/广西卷/2010_地理_广西_广西卷_原卷.pdf,2
2010,地理,海南,老高考,2020,地方/区域卷,local,海南卷,present_local,H:\New folder\【新·PDF版】2008-2024·高考地理真题\版本2：地理（按省份分类）2008-2024\2008-2023·（海南）地理高考真题\2010年高考地理试卷（海南）（空白卷）.pdf,papers/2010/地理/海南/海南卷/2010_地理_海南_海南卷_原卷.pdf,2
2010,地理,重庆,老高考,2021,,missing,,missing,,,0
2010,地理,四川,老高考,2025,地方/区域卷,local,四川卷,present_local,H:\New folder\【新·PDF版】2008-2024·高考地理真题\版本2：地理（按省份分类）2008-2024\2008-2024·（四川）地理高考真题\2010年高考地理试卷（四川）（空白卷）.pdf,papers/2010/地理/四川/四川卷/2010_地理_四川_四川卷_原卷.pdf,2
2010,地理,贵州,老高考,2024,全国卷,common,贵州卷,present_common,H:\New folder\【新·PDF版】2008-2024·高考地理真题\版本2：地理（按省份分类）2008-2024\2008-2023·（贵州）地理高考真题\2010年高考地理试卷（全国卷Ⅱ）（空白卷）.pdf,papers/2010/地理/全国/贵州卷/2010_地理_贵州_贵州卷_原卷.pdf,2
2010,地理,云南,老高考,2025,全国卷,common,云南卷,present_common,H:\New folder\【新·PDF版】2008-2024·高考地理真题\版本2：地理（按省份分类）2008-2024\2008-2024·（云南）地理高考真题\2010年高考地理试卷（全国卷Ⅱ）（空白卷）.pdf,papers/2010/地理/全国/云南卷/2010_地理_云南_云南卷_原卷.pdf,2
2010,地理,西藏,老高考,,全国卷,common,西藏卷,present_common,H:\New folder\【新·PDF版】2008-2024·高考地理真题\版本2：地理（按省份分类）2008-2024\2008-2024·（西藏）地理高考真题\2010年高考地理试卷（全国卷Ⅱ）（空白卷）.pdf,papers/2010/地理/全国/西藏卷/2010_地理_西藏_西藏卷_原卷.pdf,2
2010,地理,陕西,老高考,2025,全国卷,common,陕西卷,present_common,H:\New folder\【新·PDF版】2008-2024·高考地理真题\版本2：地理（按省份分类）2008-2024\2008-2024·（陕西）地理高考真题\2010年高考地理试卷（全国卷Ⅱ）（空白卷）.pdf,papers/2010/地理/全国/陕西卷/2010_地理_陕西_陕西卷_原卷.pdf,2
2010,地理,甘肃,老高考,2024,全国卷,common,甘肃卷,present_common,H:\New folder\【新·PDF版】2008-2024·高考地理真题\版本2：地理（按省份分类）2008-2024\2008-2024·（甘肃）地理高考真题\2010年高考地理试卷（全国卷Ⅱ）（空白卷）.pdf,papers/2010/地理/全国/甘肃卷/2010_地理_甘肃_甘肃卷_原卷.pdf,2
2010,地理,青海,老高考,2025,全国卷,common,青海卷,present_common,H:\New folder\【新·PDF版】2008-2024·高考地理真题\版本2：地理（按省份分类）2008-2024\2008-2024·（青海）地理高考真题\2010年高考地理试卷（全国卷Ⅱ）（空白卷）.pdf,papers/2010/地理/全国/青海卷/2010_地理_青海_青海卷_原卷.pdf,2
2010,地理,宁夏,老高考,2025,全国卷,common,宁夏卷,present_common,H:\New folder\【新·PDF版】2008-2024·高考地理真题\版本2：地理（按省份分类）2008-2024\2010-2024·（宁夏）地理高考真题\2010年高考地理试卷（新课标卷）（空白卷）.pdf,papers/2010/地理/全国/宁夏卷/2010_地理_宁夏_宁夏卷_原卷.pdf,2
2010,地理,新疆,老高考,,全国卷,common,新疆卷,present_common,H:\New folder\【新·PDF版】2008-2024·高考地理真题\版本2：地理（按省份分类）2008-2024\2008-2024·（新疆）地理高考真题\2010年高考地理试卷（全国卷Ⅱ）（空白卷）.pdf,papers/2010/地理/全国/新疆卷/2010_地理_新疆_新疆卷_原卷.pdf,2
2011,语文,北京,老高考,2020,地方/区域卷,local,北京卷,present_local,H:\New folder\【新·PDF版】2008-2024·高考语文真题\版本2：语文（按省份分类）2008-2024\2008-2024·（北京）语文高考真题\2011年高考语文试卷（北京）（空白卷）.pdf,papers/2011/语文/北京/北京卷/2011_语文_北京_北京卷_原卷.pdf,2
2011,语文,天津,老高考,2020,地方/区域卷,local,天津卷,present_local,H:\New folder\【新·PDF版】2008-2024·高考语文真题\版本2：语文（按省份分类）2008-2024\2008-2023·（天津）语文高考真题\2011年高考语文试卷（天津）（空白卷） .pdf,papers/2011/语文/天津/天津卷/2011_语文_天津_天津卷_原卷.pdf,2
2011,语文,河北,老高考,2021,全国卷,common,全国II卷,present_common,H:\New folder\【新·PDF版】2008-2024·高考语文真题\版本2：语文（按省份分类）2008-2024\2008-2024·（河北）语文高考真题\2011年高考语文试卷（大纲版，全国Ⅱ卷）（空白卷） .pdf,papers/2011/语文/全国/全国II卷/2011_语文_河北_全国II卷_原卷.pdf,2
2011,语文,山西,老高考,2025,全国卷,common,全国II卷,present_common,H:\New folder\【新·PDF版】2008-2024·高考语文真题\版本2：语文（按省份分类）2008-2024\2008-2024·（山西）语文高考真题\2011年高考语文试卷（大纲版，全国Ⅱ卷）（空白卷） .pdf,papers/2011/语文/全国/全国II卷/2011_语文_山西_全国II卷_原卷.pdf,2
2011,语文,内蒙古,老高考,2025,全国卷,common,全国II卷,present_common,H:\New folder\【新·PDF版】2008-2024·高考语文真题\版本2：语文（按省份分类）2008-2024\2008-2024·（内蒙古）语文高考真题\2011年高考语文试卷（大纲版，全国Ⅱ卷）（空白卷） .pdf,papers/2011/语文/全国/全国II卷/2011_语文_内蒙古_全国II卷_原卷.pdf,2
2011,语文,辽宁,老高考,2021,,missing,,missing,,,0
2011,语文,吉林,老高考,2024,全国卷,common,吉林卷,present_common,H:\New folder\【新·PDF版】2008-2024·高考语文真题\版本2：语文（按省份分类）2008-2024\2008-2024·（吉林）语文高考真题\2011年高考语文试卷（新课标）（空白卷）.pdf,papers/2011/语文/全国/吉林卷/2011_语文_吉林_吉林卷_原卷.pdf,2
2011,语文,黑龙江,老高考,2024,全国卷,common,黑龙江卷,present_common,H:\New folder\【新·PDF版】2008-2024·高考语文真题\版本2：语文（按省份分类）2008-2024\2008-2024·（黑龙江）语文高考真题\2011年高考语文试卷（新课标）（空白卷）.pdf,papers/2011/语文/全国/黑龙江卷/2011_语文_黑龙江_黑龙江卷_原卷.pdf,2
2011,语文,上海,老高考,2017,地方/区域卷,local,上海卷,present_local,H:\New folder\【新·PDF版】2008-2024·高考语文真题\版本2：语文（按省份分类）2008-2024\2008-2023·（上海）语文高考真题\2011年高考语文试卷（上海）（秋考）（空白卷）.pdf,papers/2011/语文/上海/上海卷/2011_语文_上海_上海卷_原卷.pdf,2
2011,语文,江苏,老高考,2021,地方/区域卷,local,江苏卷,present_local,H:\New folder\【新·PDF版】2008-2024·高考语文真题\版本2：语文（按省份分类）2008-2024\2008-2024·（江苏）语文高考真题\2011年高考语文试卷（江苏）（空白卷）.pdf,papers/2011/语文/江苏/江苏卷/2011_语文_江苏_江苏卷_原卷.pdf,2
2011,语文,浙江,老高考,2017,地方/区域卷,local,浙江卷,present_local,H:\New folder\【新·PDF版】2008-2024·高考语文真题\版本2：语文（按省份分类）2008-2024\2008-2024·（浙江）语文高考真题\2011年高考语文试卷（浙江）（空白卷）.pdf,papers/2011/语文/浙江/浙江卷/2011_语文_浙江_浙江卷_原卷.pdf,2
2011,语文,安徽,老高考,2024,,missing,,missing,,,0
2011,语文,福建,老高考,2021,,missing,,missing,,,0
2011,语文,江西,老高考,2024,,missing,,missing,,,0
2011,语文,山东,老高考,2020,地方/区域卷,local,山东卷,present_local,H:\New folder\【新·PDF版】2008-2024·高考语文真题\版本2：语文（按省份分类）2008-2024\2008-2024·（山东）语文高考真题\2011年高考语文试卷（山东）（空白卷）.pdf,papers/2011/语文/山东/山东卷/2011_语文_山东_山东卷_原卷.pdf,2
2011,语文,河南,老高考,2025,全国卷,common,河南卷,present_common,H:\New folder\【新·PDF版】2008-2024·高考语文真题\版本2：语文（按省份分类）2008-2024\2008-2024·（河南）语文高考真题\2011年高考语文试卷（新课标）（空白卷）.pdf,papers/2011/语文/全国/河南卷/2011_语文_河南_河南卷_原卷.pdf,2
2011,语文,湖北,老高考,2021,,missing,,missing,,,0
2011,语文,湖南,老高考,2021,地方/区域卷,local,湖南卷,present_local,H:\New folder\【新·PDF版】2008-2024·高考语文真题\版本2：语文（按省份分类）2008-2024\2008-2024·（湖南）语文高考真题\2011年高考语文试卷（湖南）（空白卷）.pdf,papers/2011/语文/湖南/湖南卷/2011_语文_湖南_湖南卷_原卷.pdf,2
2011,语文,广东,老高考,2021,地方/区域卷,local,广东卷,present_local,H:\New folder\【新·PDF版】2008-2024·高考语文真题\版本2：语文（按省份分类）2008-2024\2008-2024·（广东）语文高考真题\2011年高考语文试卷（广东）（空白卷）.pdf,papers/2011/语文/广东/广东卷/2011_语文_广东_广东卷_原卷.pdf,2
2011,语文,广西,老高考,2024,全国卷,common,广西卷,present_common,H:\New folder\【新·PDF版】2008-2024·高考语文真题\版本2：语文（按省份分类）2008-2024\2008-2024·（广西）语文高考真题\2011年高考语文试卷（新课标）（空白卷）.pdf,papers/2011/语文/全国/广西卷/2011_语文_广西_广西卷_原卷.pdf,2
2011,语文,海南,老高考,2020,全国卷,common,海南卷,present_common,H:\New folder\【新·PDF版】2008-2024·高考语文真题\版本2：语文（按省份分类）2008-2024\2008-2024·（海南）语文高考真题\2011年高考语文试卷（新课标）（空白卷）.pdf,papers/2011/语文/全国/海南卷/2011_语文_海南_海南卷_原卷.pdf,2
2011,语文,重庆,老高考,2021,,missing,,missing,,,0
2011,语文,四川,老高考,2025,地方/区域卷,local,四川卷,present_local,H:\New folder\【新·PDF版】2008-2024·高考语文真题\版本2：语文（按省份分类）2008-2024\2008-2024·（四川）语文高考真题\2011年高考语文试卷（四川）（空白卷）.pdf,papers/2011/语文/四川/四川卷/2011_语文_四川_四川卷_原卷.pdf,2
2011,语文,贵州,老高考,2024,全国卷,common,全国II卷,present_common,H:\New folder\【新·PDF版】2008-2024·高考语文真题\版本2：语文（按省份分类）2008-2024\2008-2024·（贵州）语文高考真题\2011年高考语文试卷（大纲版，全国Ⅱ卷）（空白卷） .pdf,papers/2011/语文/全国/全国II卷/2011_语文_贵州_全国II卷_原卷.pdf,2
2011,语文,云南,老高考,2025,全国卷,common,云南卷,present_common,H:\New folder\【新·PDF版】2008-2024·高考语文真题\版本2：语文（按省份分类）2008-2024\2008-2024·（云南）语文高考真题\2011年高考语文试卷（新课标）（空白卷）.pdf,papers/2011/语文/全国/云南卷/2011_语文_云南_云南卷_原卷.pdf,2
2011,语文,西藏,老高考,,全国卷,common,全国II卷,present_common,H:\New folder\【新·PDF版】2008-2024·高考语文真题\版本2：语文（按省份分类）2008-2024\2008-2024·（西藏）语文高考真题\2011年高考语文试卷（大纲版，全国Ⅱ卷）（空白卷） .pdf,papers/2011/语文/全国/全国II卷/2011_语文_西藏_全国II卷_原卷.pdf,2
2011,语文,陕西,老高考,2025,全国卷,common,陕西卷,present_common,H:\New folder\【新·PDF版】2008-2024·高考语文真题\版本2：语文（按省份分类）2008-2024\2008-2024·（陕西）语文高考真题\2011年高考语文试卷（新课标）（空白卷）.pdf,papers/2011/语文/全国/陕西卷/2011_语文_陕西_陕西卷_原卷.pdf,2
2011,语文,甘肃,老高考,2024,全国卷,common,甘肃卷,present_common,H:\New folder\【新·PDF版】2008-2024·高考语文真题\版本2：语文（按省份分类）2008-2024\2008-2024·（甘肃）语文高考真题\2011年高考语文试卷（新课标）（空白卷）.pdf,papers/2011/语文/全国/甘肃卷/2011_语文_甘肃_甘肃卷_原卷.pdf,1
2011,语文,青海,老高考,2025,全国卷,common,全国II卷,present_common,H:\New folder\【新·PDF版】2008-2024·高考语文真题\版本2：语文（按省份分类）2008-2024\2008-2024·（青海）语文高考真题\2011年高考语文试卷（大纲版，全国Ⅱ卷）（空白卷） .pdf,papers/2011/语文/全国/全国II卷/2011_语文_青海_全国II卷_原卷.pdf,2
2011,语文,宁夏,老高考,2025,全国卷,common,宁夏卷,present_common,H:\New folder\【新·PDF版】2008-2024·高考语文真题\版本2：语文（按省份分类）2008-2024\2008-2024·（宁夏）语文高考真题\2011年高考语文试卷（新课标）（空白卷）.pdf,papers/2011/语文/全国/宁夏卷/2011_语文_宁夏_宁夏卷_原卷.pdf,2
2011,语文,新疆,老高考,,全国卷,common,新疆卷,present_common,H:\New folder\【新·PDF版】2008-2024·高考语文真题\版本2：语文（按省份分类）2008-2024\2008-2024·（新疆）语文高考真题\2011年高考语文试卷（新课标）（空白卷）.pdf,papers/2011/语文/全国/新疆卷/2011_语文_新疆_新疆卷_原卷.pdf,2
2011,数学,北京,老高考,2020,地方/区域卷,local,北京卷,present_local,H:\New folder\【新】2008-2024·高考数学真题\【PDF版】2008-2024·高考数学真题\版本2：数学（按省份分类）2008-2024\2008-2024·（北京）数学高考真题\2011年高考数学试卷（文）（北京）（空白卷）.pdf,papers/2011/数学/北京/北京卷/2011_数学_北京_北京卷_原卷.pdf,4
2011,数学,天津,老高考,2020,地方/区域卷,local,天津卷,present_local,H:\New folder\【新】2008-2024·高考数学真题\【PDF版】2008-2024·高考数学真题\版本2：数学（按省份分类）2008-2024\2008-2024·（天津）数学高考真题\2011年高考数学试卷（文）（天津）（空白卷）.pdf,papers/2011/数学/天津/天津卷/2011_数学_天津_天津卷_原卷.pdf,4
2011,数学,河北,老高考,2021,地方/区域卷,local,河北卷,present_local,H:\New folder\【新】2008-2024·高考数学真题\【PDF版】2008-2024·高考数学真题\版本2：数学（按省份分类）2008-2024\2008-2024·（河北）数学高考真题\2011年高考数学试卷（文）（大纲版）（空白卷）.pdf,papers/2011/数学/河北/河北卷/2011_数学_河北_河北卷_原卷.pdf,4
2011,数学,山西,老高考,2025,全国卷,common,山西卷,present_common,H:\New folder\【新】2008-2024·高考数学真题\【PDF版】2008-2024·高考数学真题\版本2：数学（按省份分类）2008-2024\2008-2024·（山西）数学高考真题\2011年高考数学试卷（文）（新课标）（空白卷）.pdf,papers/2011/数学/全国/山西卷/2011_数学_山西_山西卷_原卷.pdf,4
2011,数学,内蒙古,老高考,2025,地方/区域卷,local,内蒙古卷,present_local,H:\New folder\【新】2008-2024·高考数学真题\【PDF版】2008-2024·高考数学真题\版本2：数学（按省份分类）2008-2024\2008-2024·（内蒙古）数学高考真题\2011年高考数学试卷（文）（大纲版）（空白卷）.pdf,papers/2011/数学/内蒙古/内蒙古卷/2011_数学_内蒙古_内蒙古卷_原卷.pdf,4
2011,数学,辽宁,老高考,2021,地方/区域卷,local,辽宁卷,present_local,H:\New folder\【新】2008-2024·高考数学真题\【PDF版】2008-2024·高考数学真题\版本2：数学（按省份分类）2008-2024\2008-2024·（辽宁）数学高考真题\2011年高考数学试卷（理）（辽宁）（空白卷）.pdf,papers/2011/数学/辽宁/辽宁卷/2011_数学_辽宁_辽宁卷_原卷.pdf,2
2011,数学,吉林,老高考,2024,全国卷,common,吉林卷,present_common,H:\New folder\【新】2008-2024·高考数学真题\【PDF版】2008-2024·高考数学真题\版本2：数学（按省份分类）2008-2024\2008-2024·（吉林）数学高考真题\2011年高考数学试卷（文）（新课标）（空白卷）.pdf,papers/2011/数学/全国/吉林卷/2011_数学_吉林_吉林卷_原卷.pdf,4
2011,数学,黑龙江,老高考,2024,全国卷,common,黑龙江卷,present_common,H:\New folder\【新】2008-2024·高考数学真题\【PDF版】2008-2024·高考数学真题\版本2：数学（按省份分类）2008-2024\2008-2024·（黑龙江）数学高考真题\2011年高考数学试卷（文）（新课标）（空白卷）.pdf,papers/2011/数学/全国/黑龙江卷/2011_数学_黑龙江_黑龙江卷_原卷.pdf,4
2011,数学,上海,老高考,2017,地方/区域卷,local,上海卷,present_local,H:\New folder\【新】2008-2024·高考数学真题\【PDF版】2008-2024·高考数学真题\版本2：数学（按省份分类）2008-2024\2008-2024·（上海）数学高考真题\2011年高考数学试卷（文）（上海）（空白卷）.pdf,papers/2011/数学/上海/上海卷/2011_数学_上海_上海卷_原卷.pdf,4
2011,数学,江苏,老高考,2021,地方/区域卷,local,江苏卷,present_local,H:\New folder\【新】2008-2024·高考数学真题\【PDF版】2008-2024·高考数学真题\版本2：数学（按省份分类）2008-2024\2008-2024·（江苏）数学高考真题\2011年高考数学试卷（江苏）（空白卷）.pdf,papers/2011/数学/江苏/江苏卷/2011_数学_江苏_江苏卷_原卷.pdf,2
2011,数学,浙江,老高考,2017,地方/区域卷,local,浙江卷,present_local,H:\New folder\【新】2008-2024·高考数学真题\【PDF版】2008-2024·高考数学真题\版本2：数学（按省份分类）2008-2024\2008-2024·（浙江）数学高考真题\2011年高考数学试卷（文）（浙江）（空白卷）.pdf,papers/2011/数学/浙江/浙江卷/2011_数学_浙江_浙江卷_原卷.pdf,4
2011,数学,安徽,老高考,2024,,missing,,missing,,,0
2011,数学,福建,老高考,2021,,missing,,missing,,,0
2011,数学,江西,老高考,2024,地方/区域卷,local,江西卷,present_local,H:\New folder\【新】2008-2024·高考数学真题\【PDF版】2008-2024·高考数学真题\版本2：数学（按省份分类）2008-2024\2008-2024·（江西）数学高考真题\2011年高考数学试卷（文）（江西）（空白卷）.pdf,papers/2011/数学/江西/江西卷/2011_数学_江西_江西卷_原卷.pdf,4
2011,数学,山东,老高考,2020,地方/区域卷,local,山东卷,present_local,H:\New folder\【新】2008-2024·高考数学真题\【PDF版】2008-2024·高考数学真题\版本2：数学（按省份分类）2008-2024\2008-2024·（山东）数学高考真题\2011年高考数学试卷（文）（山东）（空白卷）.pdf,papers/2011/数学/山东/山东卷/2011_数学_山东_山东卷_原卷.pdf,4
2011,数学,河南,老高考,2025,全国卷,common,河南卷,present_common,H:\New folder\【新】2008-2024·高考数学真题\【PDF版】2008-2024·高考数学真题\版本2：数学（按省份分类）2008-2024\2008-2024·（河南）数学高考真题\2011年高考数学试卷（文）（新课标）（空白卷）.pdf,papers/2011/数学/全国/河南卷/2011_数学_河南_河南卷_原卷.pdf,4
2011,数学,湖北,老高考,2021,,missing,,missing,,,0
2011,数学,湖南,老高考,2021,地方/区域卷,local,湖南卷,present_local,H:\New folder\【新】2008-2024·高考数学真题\【PDF版】2008-2024·高考数学真题\版本2：数学（按省份分类）2008-2024\2008-2024·（湖南）数学高考真题\2011年高考数学试卷（文）（湖南）（空白卷）.pdf,papers/2011/数学/湖南/湖南卷/2011_数学_湖南_湖南卷_原卷.pdf,4
2011,数学,广东,老高考,2021,地方/区域卷,local,广东卷,present_local,H:\New folder\【新】2008-2024·高考数学真题\【PDF版】2008-2024·高考数学真题\版本2：数学（按省份分类）2008-2024\2008-2024·（广东）数学高考真题\2011年高考数学试卷（文）（广东）（空白卷）.pdf,papers/2011/数学/广东/广东卷/2011_数学_广东_广东卷_原卷.pdf,4
2011,数学,广西,老高考,2024,全国卷,common,广西卷,present_common,H:\New folder\【新】2008-2024·高考数学真题\【PDF版】2008-2024·高考数学真题\版本2：数学（按省份分类）2008-2024\2008-2024·（广西）数学高考真题\2011年高考数学试卷（文）（新课标）（空白卷）.pdf,papers/2011/数学/全国/广西卷/2011_数学_广西_广西卷_原卷.pdf,4
2011,数学,海南,老高考,2020,全国卷,common,海南卷,present_common,H:\New folder\【新】2008-2024·高考数学真题\【PDF版】2008-2024·高考数学真题\版本2：数学（按省份分类）2008-2024\2008-2024·（海南）数学高考真题\2011年高考数学试卷（文）（新课标）（空白卷）.pdf,papers/2011/数学/全国/海南卷/2011_数学_海南_海南卷_原卷.pdf,4
2011,数学,重庆,老高考,2021,,missing,,missing,,,0
2011,数学,四川,老高考,2025,地方/区域卷,local,四川卷,present_local,H:\New folder\【新】2008-2024·高考数学真题\【PDF版】2008-2024·高考数学真题\版本2：数学（按省份分类）2008-2024\2008-2024·（四川）数学高考真题\2011年高考数学试卷（文）（四川）（空白卷）.pdf,papers/2011/数学/四川/四川卷/2011_数学_四川_四川卷_原卷.pdf,4
2011,数学,贵州,老高考,2024,地方/区域卷,local,贵州卷,present_local,H:\New folder\【新】2008-2024·高考数学真题\【PDF版】2008-2024·高考数学真题\版本2：数学（按省份分类）2008-2024\2008-2024·（贵州）数学高考真题\2011年高考数学试卷（文）（大纲版）（空白卷）.pdf,papers/2011/数学/贵州/贵州卷/2011_数学_贵州_贵州卷_原卷.pdf,4
2011,数学,云南,老高考,2025,全国卷,common,云南卷,present_common,H:\New folder\【新】2008-2024·高考数学真题\【PDF版】2008-2024·高考数学真题\版本2：数学（按省份分类）2008-2024\2008-2024·（云南）数学高考真题\2011年高考数学试卷（文）（新课标）（空白卷）.pdf,papers/2011/数学/全国/云南卷/2011_数学_云南_云南卷_原卷.pdf,4
2011,数学,西藏,老高考,,地方/区域卷,local,西藏卷,present_local,H:\New folder\【新】2008-2024·高考数学真题\【PDF版】2008-2024·高考数学真题\版本2：数学（按省份分类）2008-2024\2008-2024·（西藏）数学高考真题\2011年高考数学试卷（文）（大纲版）（空白卷）.pdf,papers/2011/数学/西藏/西藏卷/2011_数学_西藏_西藏卷_原卷.pdf,4
2011,数学,陕西,老高考,2025,地方/区域卷,local,陕西卷,present_local,H:\New folder\【新】2008-2024·高考数学真题\【PDF版】2008-2024·高考数学真题\版本2：数学（按省份分类）2008-2024\2008-2024·（陕西）数学高考真题\2011年高考数学试卷（文）（陕西）（空白卷）.pdf,papers/2011/数学/陕西/陕西卷/2011_数学_陕西_陕西卷_原卷.pdf,4
2011,数学,甘肃,老高考,2024,全国卷,common,甘肃卷,present_common,H:\New folder\【新】2008-2024·高考数学真题\【PDF版】2008-2024·高考数学真题\版本2：数学（按省份分类）2008-2024\2008-2024·（甘肃）数学高考真题\2011年高考数学试卷（文）（新课标）（空白卷）.pdf,papers/2011/数学/全国/甘肃卷/2011_数学_甘肃_甘肃卷_原卷.pdf,4
2011,数学,青海,老高考,2025,地方/区域卷,local,青海卷,present_local,H:\New folder\【新】2008-2024·高考数学真题\【PDF版】2008-2024·高考数学真题\版本2：数学（按省份分类）2008-2024\2008-2024·（青海）数学高考真题\2011年高考数学试卷（文）（大纲版）（空白卷）.pdf,papers/2011/数学/青海/青海卷/2011_数学_青海_青海卷_原卷.pdf,4
2011,数学,宁夏,老高考,2025,全国卷,common,宁夏卷,present_common,H:\New folder\【新】2008-2024·高考数学真题\【PDF版】2008-2024·高考数学真题\版本2：数学（按省份分类）2008-2024\2008-2024·（宁夏）数学高考真题\2011年高考数学试卷（文）（新课标）（空白卷）.pdf,papers/2011/数学/全国/宁夏卷/2011_数学_宁夏_宁夏卷_原卷.pdf,4
2011,数学,新疆,老高考,,全国卷,common,新疆卷,present_common,H:\New folder\【新】2008-2024·高考数学真题\【PDF版】2008-2024·高考数学真题\版本2：数学（按省份分类）2008-2024\2008-2024·（新疆）数学高考真题\2011年高考数学试卷（文）（新课标）（空白卷）.pdf,papers/2011/数学/全国/新疆卷/2011_数学_新疆_新疆卷_原卷.pdf,4
2011,英语,北京,老高考,2020,地方/区域卷,local,北京卷,present_local,H:\New folder\【新·PDF版】2008-2024·高考英语真题\版本2：英语（按省份分类）2008-2024\2008-2024·（北京）英语高考真题\2011年高考英语试卷（北京）听力音频.mp3,papers/2011/英语/北京/北京卷/2011_英语_北京_北京卷_原卷.mp3,3
2011,英语,天津,老高考,2020,地方/区域卷,local,天津卷,present_local,H:\New folder\【新·PDF版】2008-2024·高考英语真题\版本2：英语（按省份分类）2008-2024\2008-2023·（天津）英语高考真题\2011年高考英语试卷（天津）（空白卷）.pdf,papers/2011/英语/天津/天津卷/2011_英语_天津_天津卷_原卷.pdf,2
2011,英语,河北,老高考,2021,全国卷,common,河北卷,present_common,H:\New folder\【新·PDF版】2008-2024·高考英语真题\版本2：英语（按省份分类）2008-2024\2008-2024·（河北）英语高考真题\2011年高考英语试卷（新课标）听力音频.mp3,papers/2011/英语/全国/河北卷/2011_英语_河北_河北卷_原卷.mp3,3
2011,英语,山西,老高考,2025,全国卷,common,山西卷,present_common,H:\New folder\【新·PDF版】2008-2024·高考英语真题\版本2：英语（按省份分类）2008-2024\2008-2024·（山西）英语高考真题\2011年高考英语试卷（新课标）听力音频.mp3,papers/2011/英语/全国/山西卷/2011_英语_山西_山西卷_原卷.mp3,3
2011,英语,内蒙古,老高考,2025,全国卷,common,内蒙古卷,present_common,H:\New folder\【新·PDF版】2008-2024·高考英语真题\版本2：英语（按省份分类）2008-2024\2008-2024·（内蒙古）英语高考真题\2011年高考英语试卷（新课标）听力音频.mp3,papers/2011/英语/全国/内蒙古卷/2011_英语_内蒙古_内蒙古卷_原卷.mp3,3
2011,英语,辽宁,老高考,2021,,missing,,missing,,,0
2011,英语,吉林,老高考,2024,全国卷,common,吉林卷,present_common,H:\New folder\【新·PDF版】2008-2024·高考英语真题\版本2：英语（按省份分类）2008-2024\2008-2024·（吉林）英语高考真题\2011年高考英语试卷（新课标）听力音频.mp3,papers/2011/英语/全国/吉林卷/2011_英语_吉林_吉林卷_原卷.mp3,3
2011,英语,黑龙江,老高考,2024,全国卷,common,黑龙江卷,present_common,H:\New folder\【新·PDF版】2008-2024·高考英语真题\版本2：英语（按省份分类）2008-2024\2008-2024·（黑龙江）英语高考真题\2011年高考英语试卷（新课标）听力音频.mp3,papers/2011/英语/全国/黑龙江卷/2011_英语_黑龙江_黑龙江卷_原卷.mp3,3
2011,英语,上海,老高考,2017,地方/区域卷,local,上海卷,present_local,H:\New folder\【新·PDF版】2008-2024·高考英语真题\版本2：英语（按省份分类）2008-2024\2008-2023·（上海）英语高考真题\2011年高考英语试卷（上海）（秋考）听力音频.mp3,papers/2011/英语/上海/上海卷/2011_英语_上海_上海卷_原卷.mp3,3
2011,英语,江苏,老高考,2021,地方/区域卷,local,江苏卷,present_local,H:\New folder\【新·PDF版】2008-2024·高考英语真题\版本2：英语（按省份分类）2008-2024\2008-2024·（江苏）英语高考真题\2011年高考英语试卷（江苏）听力音频.mp3,papers/2011/英语/江苏/江苏卷/2011_英语_江苏_江苏卷_原卷.mp3,3
2011,英语,浙江,老高考,2017,地方/区域卷,local,浙江卷,present_local,H:\New folder\【新·PDF版】2008-2024·高考英语真题\版本2：英语（按省份分类）2008-2024\2008-2024·（浙江）英语高考真题\2011年高考英语试卷（浙江）（空白卷）.pdf,papers/2011/英语/浙江/浙江卷/2011_英语_浙江_浙江卷_原卷.pdf,2
2011,英语,安徽,老高考,2024,,missing,,missing,,,0
2011,英语,福建,老高考,2021,,missing,,missing,,,0
2011,英语,江西,老高考,2024,,missing,,missing,,,0
2011,英语,山东,老高考,2020,地方/区域卷,local,山东卷,present_local,H:\New folder\【新·PDF版】2008-2024·高考英语真题\版本2：英语（按省份分类）2008-2024\2008-2024·（山东）英语高考真题\2011年高考英语试卷（山东）听力音频.mp3,papers/2011/英语/山东/山东卷/2011_英语_山东_山东卷_原卷.mp3,3
2011,英语,河南,老高考,2025,全国卷,common,河南卷,present_common,H:\New folder\【新·PDF版】2008-2024·高考英语真题\版本2：英语（按省份分类）2008-2024\2008-2024·（河南）英语高考真题\2011年高考英语试卷（新课标）听力音频.mp3,papers/2011/英语/全国/河南卷/2011_英语_河南_河南卷_原卷.mp3,3
2011,英语,湖北,老高考,2021,,missing,,missing,,,0
2011,英语,湖南,老高考,2021,地方/区域卷,local,湖南卷,present_local,H:\New folder\【新·PDF版】2008-2024·高考英语真题\版本2：英语（按省份分类）2008-2024\2008-2024·（湖南）英语高考真题\2011年高考英语试卷（湖南）听力音频.mp3,papers/2011/英语/湖南/湖南卷/2011_英语_湖南_湖南卷_原卷.mp3,3
2011,英语,广东,老高考,2021,地方/区域卷,local,广东卷,present_local,H:\New folder\【新·PDF版】2008-2024·高考英语真题\版本2：英语（按省份分类）2008-2024\2008-2024·（广东）英语高考真题\2011年高考英语试卷（广东）（空白卷）.pdf,papers/2011/英语/广东/广东卷/2011_英语_广东_广东卷_原卷.pdf,2
2011,英语,广西,老高考,2024,全国卷,common,广西卷,present_common,H:\New folder\【新·PDF版】2008-2024·高考英语真题\版本2：英语（按省份分类）2008-2024\2008-2024·（广西）英语高考真题\2011年高考英语试卷（新课标）听力音频.mp3,papers/2011/英语/全国/广西卷/2011_英语_广西_广西卷_原卷.mp3,3
2011,英语,海南,老高考,2020,全国卷,common,海南卷,present_common,H:\New folder\【新·PDF版】2008-2024·高考英语真题\版本2：英语（按省份分类）2008-2024\2008-2024·（海南）英语高考真题\2011年高考英语试卷（新课标）听力音频.mp3,papers/2011/英语/全国/海南卷/2011_英语_海南_海南卷_原卷.mp3,3
2011,英语,重庆,老高考,2021,,missing,,missing,,,0
2011,英语,四川,老高考,2025,地方/区域卷,local,四川卷,present_local,H:\New folder\【新·PDF版】2008-2024·高考英语真题\版本2：英语（按省份分类）2008-2024\2008-2024·（四川）英语高考真题\2011年高考英语试卷（四川）（空白卷）.pdf,papers/2011/英语/四川/四川卷/2011_英语_四川_四川卷_原卷.pdf,2
2011,英语,贵州,老高考,2024,全国卷,common,贵州卷,present_common,H:\New folder\【新·PDF版】2008-2024·高考英语真题\版本2：英语（按省份分类）2008-2024\2008-2024·（贵州）英语高考真题\2011年高考英语试卷（新课标）听力音频.mp3,papers/2011/英语/全国/贵州卷/2011_英语_贵州_贵州卷_原卷.mp3,3
2011,英语,云南,老高考,2025,全国卷,common,云南卷,present_common,H:\New folder\【新·PDF版】2008-2024·高考英语真题\版本2：英语（按省份分类）2008-2024\2008-2024·（云南）英语高考真题\2011年高考英语试卷（新课标）听力音频.mp3,papers/2011/英语/全国/云南卷/2011_英语_云南_云南卷_原卷.mp3,3
2011,英语,西藏,老高考,,全国卷,common,西藏卷,present_common,H:\New folder\【新·PDF版】2008-2024·高考英语真题\版本2：英语（按省份分类）2008-2024\2008-2024·（西藏）英语高考真题\2011年高考英语试卷（新课标）听力音频.mp3,papers/2011/英语/全国/西藏卷/2011_英语_西藏_西藏卷_原卷.mp3,3
2011,英语,陕西,老高考,2025,地方/区域卷,local,陕西卷,present_local,H:\New folder\【新·PDF版】2008-2024·高考英语真题\版本2：英语（按省份分类）2008-2024\2008-2024·（陕西）英语高考真题\2011年高考英语试卷（陕西）（空白卷）.pdf,papers/2011/英语/陕西/陕西卷/2011_英语_陕西_陕西卷_原卷.pdf,2
2011,英语,甘肃,老高考,2024,全国卷,common,甘肃卷,present_common,H:\New folder\【新·PDF版】2008-2024·高考英语真题\版本2：英语（按省份分类）2008-2024\2008-2024·（甘肃）英语高考真题\2011年高考英语试卷（新课标）听力音频.mp3,papers/2011/英语/全国/甘肃卷/2011_英语_甘肃_甘肃卷_原卷.mp3,3
2011,英语,青海,老高考,2025,全国卷,common,青海卷,present_common,H:\New folder\【新·PDF版】2008-2024·高考英语真题\版本2：英语（按省份分类）2008-2024\2008-2024·（青海）英语高考真题\2011年高考英语试卷（新课标）听力音频.mp3,papers/2011/英语/全国/青海卷/2011_英语_青海_青海卷_原卷.mp3,3
2011,英语,宁夏,老高考,2025,全国卷,common,宁夏卷,present_common,H:\New folder\【新·PDF版】2008-2024·高考英语真题\版本2：英语（按省份分类）2008-2024\2008-2024·（宁夏）英语高考真题\2011年高考英语试卷（新课标）听力音频.mp3,papers/2011/英语/全国/宁夏卷/2011_英语_宁夏_宁夏卷_原卷.mp3,3
2011,英语,新疆,老高考,,全国卷,common,新疆卷,present_common,H:\New folder\【新·PDF版】2008-2024·高考英语真题\版本2：英语（按省份分类）2008-2024\2008-2024·（新疆）英语高考真题\2011年高考英语试卷（新课标）听力音频.mp3,papers/2011/英语/全国/新疆卷/2011_英语_新疆_新疆卷_原卷.mp3,3
2011,物理,北京,老高考,2020,地方/区域卷,local,北京卷,present_local,H:\New folder\【新·PDF版】2008-2024·高考物理真题\版本2：物理（按省份分类）2008-2024\2008-2024·（北京）物理高考真题\2011年高考物理试卷（北京）（空白卷）.pdf,papers/2011/物理/北京/北京卷/2011_物理_北京_北京卷_原卷.pdf,2
2011,物理,天津,老高考,2020,地方/区域卷,local,天津卷,present_local,H:\New folder\【新·PDF版】2008-2024·高考物理真题\版本2：物理（按省份分类）2008-2024\2008-2023·（天津）物理高考真题\2011年高考物理真题（天津）（空白卷）.pdf,papers/2011/物理/天津/天津卷/2011_物理_天津_天津卷_原卷.pdf,2
2011,物理,河北,老高考,2021,全国卷,common,河北卷,present_common,H:\New folder\【新·PDF版】2008-2024·高考物理真题\版本2：物理（按省份分类）2008-2024\2008-2024·（河北）物理高考真题\2011年高考物理试卷（新课标）（空白卷）.pdf,papers/2011/物理/全国/河北卷/2011_物理_河北_河北卷_原卷.pdf,2
2011,物理,山西,老高考,2025,全国卷,common,山西卷,present_common,H:\New folder\【新·PDF版】2008-2024·高考物理真题\版本2：物理（按省份分类）2008-2024\2008-2024·（山西）物理高考真题\2011年高考物理试卷（新课标）（空白卷）.pdf,papers/2011/物理/全国/山西卷/2011_物理_山西_山西卷_原卷.pdf,2
2011,物理,内蒙古,老高考,2025,全国卷,common,全国II卷,present_common,H:\New folder\【新·PDF版】2008-2024·高考物理真题\版本2：物理（按省份分类）2008-2024\2008-2024·（内蒙古）物理高考真题\2011年高考物理试卷（全国Ⅱ卷，大纲卷）（空白卷）.pdf,papers/2011/物理/全国/全国II卷/2011_物理_内蒙古_全国II卷_原卷.pdf,2
2011,物理,辽宁,老高考,2021,全国卷,common,辽宁卷,present_common,H:\New folder\【新·PDF版】2008-2024·高考物理真题\版本2：物理（按省份分类）2008-2024\2010-2024·（辽宁）物理高考真题\2011年高考物理试卷（新课标）（空白卷）.pdf,papers/2011/物理/全国/辽宁卷/2011_物理_辽宁_辽宁卷_原卷.pdf,2
2011,物理,吉林,老高考,2024,全国卷,common,吉林卷,present_common,H:\New folder\【新·PDF版】2008-2024·高考物理真题\版本2：物理（按省份分类）2008-2024\2008-2024·（吉林）物理高考真题\2011年高考物理试卷（新课标）（空白卷）.pdf,papers/2011/物理/全国/吉林卷/2011_物理_吉林_吉林卷_原卷.pdf,2
2011,物理,黑龙江,老高考,2024,全国卷,common,黑龙江卷,present_common,H:\New folder\【新·PDF版】2008-2024·高考物理真题\版本2：物理（按省份分类）2008-2024\2008-2024·（黑龙江）物理高考真题\2011年高考物理试卷（新课标）（空白卷）.pdf,papers/2011/物理/全国/黑龙江卷/2011_物理_黑龙江_黑龙江卷_原卷.pdf,2
2011,物理,上海,老高考,2017,地方/区域卷,local,上海卷,present_local,H:\New folder\【新·PDF版】2008-2024·高考物理真题\版本2：物理（按省份分类）2008-2024\2008-2024·（上海）物理高考真题\2011年高考物理试卷（上海）（空白卷）.pdf,papers/2011/物理/上海/上海卷/2011_物理_上海_上海卷_原卷.pdf,2
2011,物理,江苏,老高考,2021,地方/区域卷,local,江苏卷,present_local,H:\New folder\【新·PDF版】2008-2024·高考物理真题\版本2：物理（按省份分类）2008-2024\2008-2024·（江苏）物理高考真题\2011年高考物理试卷（江苏）（空白卷）.pdf,papers/2011/物理/江苏/江苏卷/2011_物理_江苏_江苏卷_原卷.pdf,2
2011,物理,浙江,老高考,2017,地方/区域卷,local,浙江卷,present_local,H:\New folder\【新·PDF版】2008-2024·高考物理真题\版本2：物理（按省份分类）2008-2024\2008-2024·（浙江）物理高考真题\2011年高考物理真题（浙江）（空白卷）.pdf,papers/2011/物理/浙江/浙江卷/2011_物理_浙江_浙江卷_原卷.pdf,2
2011,物理,安徽,老高考,2024,,missing,,missing,,,0
2011,物理,福建,老高考,2021,,missing,,missing,,,0
2011,物理,江西,老高考,2024,全国卷,common,江西卷,present_common,H:\New folder\【新·PDF版】2008-2024·高考物理真题\版本2：物理（按省份分类）2008-2024\2008-2024·（江西）物理高考真题\2011年高考物理试卷（新课标）（空白卷）.pdf,papers/2011/物理/全国/江西卷/2011_物理_江西_江西卷_原卷.pdf,2
2011,物理,山东,老高考,2020,地方/区域卷,local,山东卷,present_local,H:\New folder\【新·PDF版】2008-2024·高考物理真题\版本2：物理（按省份分类）2008-2024\2008-2024·（山东）物理高考真题\2011年高考物理真题（山东）（空白卷）.pdf,papers/2011/物理/山东/山东卷/2011_物理_山东_山东卷_原卷.pdf,2
2011,物理,河南,老高考,2025,全国卷,common,河南卷,present_common,H:\New folder\【新·PDF版】2008-2024·高考物理真题\版本2：物理（按省份分类）2008-2024\2008-2024·（河南）物理高考真题\2011年高考物理试卷（新课标）（空白卷）.pdf,papers/2011/物理/全国/河南卷/2011_物理_河南_河南卷_原卷.pdf,2
2011,物理,湖北,老高考,2021,全国卷,common,湖北卷,present_common,H:\New folder\【新·PDF版】2008-2024·高考物理真题\版本2：物理（按省份分类）2008-2024\2008-2024·（湖北）物理高考真题\2011年高考物理试卷（新课标）（空白卷）.pdf,papers/2011/物理/全国/湖北卷/2011_物理_湖北_湖北卷_原卷.pdf,2
2011,物理,湖南,老高考,2021,全国卷,common,湖南卷,present_common,H:\New folder\【新·PDF版】2008-2024·高考物理真题\版本2：物理（按省份分类）2008-2024\2008-2024·（湖南）物理高考真题\2011年高考物理试卷（新课标）（空白卷）.pdf,papers/2011/物理/全国/湖南卷/2011_物理_湖南_湖南卷_原卷.pdf,2
2011,物理,广东,老高考,2021,地方/区域卷,local,广东卷,present_local,H:\New folder\【新·PDF版】2008-2024·高考物理真题\版本2：物理（按省份分类）2008-2024\2008-2024·（广东）物理高考真题\2011年高考物理试卷（广东）（空白卷）.pdf,papers/2011/物理/广东/广东卷/2011_物理_广东_广东卷_原卷.pdf,2
2011,物理,广西,老高考,2024,全国卷,common,广西卷,present_common,H:\New folder\【新·PDF版】2008-2024·高考物理真题\版本2：物理（按省份分类）2008-2024\2008-2024·（广西）物理高考真题\2011年高考物理试卷（新课标）（空白卷）.pdf,papers/2011/物理/全国/广西卷/2011_物理_广西_广西卷_原卷.pdf,2
2011,物理,海南,老高考,2020,地方/区域卷,local,海南卷,present_local,H:\New folder\【新·PDF版】2008-2024·高考物理真题\版本2：物理（按省份分类）2008-2024\2008-2024·（海南）物理高考真题\2011年高考物理试卷（海南）（空白卷）.pdf,papers/2011/物理/海南/海南卷/2011_物理_海南_海南卷_原卷.pdf,2
2011,物理,重庆,老高考,2021,,missing,,missing,,,0
2011,物理,四川,老高考,2025,地方/区域卷,local,四川卷,present_local,H:\New folder\【新·PDF版】2008-2024·高考物理真题\版本2：物理（按省份分类）2008-2024\2008-2024·（四川）物理高考真题\2011年高考物理真题（四川）（空白卷）.pdf,papers/2011/物理/四川/四川卷/2011_物理_四川_四川卷_原卷.pdf,2
2011,物理,贵州,老高考,2024,全国卷,common,全国II卷,present_common,H:\New folder\【新·PDF版】2008-2024·高考物理真题\版本2：物理（按省份分类）2008-2024\2008-2023·（贵州）物理高考真题\2011年高考物理试卷（全国Ⅱ卷，大纲卷）（空白卷）.pdf,papers/2011/物理/全国/全国II卷/2011_物理_贵州_全国II卷_原卷.pdf,2
2011,物理,云南,老高考,2025,全国卷,common,云南卷,present_common,H:\New folder\【新·PDF版】2008-2024·高考物理真题\版本2：物理（按省份分类）2008-2024\2008-2024·（云南）物理高考真题\2011年高考物理试卷（新课标）（空白卷）.pdf,papers/2011/物理/全国/云南卷/2011_物理_云南_云南卷_原卷.pdf,2
2011,物理,西藏,老高考,,全国卷,common,西藏卷,present_common,H:\New folder\【新·PDF版】2008-2024·高考物理真题\版本2：物理（按省份分类）2008-2024\2008-2024·（西藏）物理高考真题\2011年高考物理试卷（新课标）（空白卷）.pdf,papers/2011/物理/全国/西藏卷/2011_物理_西藏_西藏卷_原卷.pdf,2
2011,物理,陕西,老高考,2025,全国卷,common,陕西卷,present_common,H:\New folder\【新·PDF版】2008-2024·高考物理真题\版本2：物理（按省份分类）2008-2024\2008-2024·（陕西）物理高考真题\2011年高考物理试卷（新课标）（空白卷）.pdf,papers/2011/物理/全国/陕西卷/2011_物理_陕西_陕西卷_原卷.pdf,2
2011,物理,甘肃,老高考,2024,全国卷,common,全国II卷,present_common,H:\New folder\【新·PDF版】2008-2024·高考物理真题\版本2：物理（按省份分类）2008-2024\2008-2024·（甘肃）物理高考真题\2011年高考物理试卷（全国Ⅱ卷，大纲卷）（空白卷）.pdf,papers/2011/物理/全国/全国II卷/2011_物理_甘肃_全国II卷_原卷.pdf,2
2011,物理,青海,老高考,2025,全国卷,common,全国II卷,present_common,H:\New folder\【新·PDF版】2008-2024·高考物理真题\版本2：物理（按省份分类）2008-2024\2008-2024·（青海）物理高考真题\2011年高考物理试卷（全国Ⅱ卷，大纲卷）（空白卷）.pdf,papers/2011/物理/全国/全国II卷/2011_物理_青海_全国II卷_原卷.pdf,2
2011,物理,宁夏,老高考,2025,全国卷,common,宁夏卷,present_common,H:\New folder\【新·PDF版】2008-2024·高考物理真题\版本2：物理（按省份分类）2008-2024\2010-2024·（宁夏）物理高考真题\2011年高考物理试卷（新课标）（空白卷）.pdf,papers/2011/物理/全国/宁夏卷/2011_物理_宁夏_宁夏卷_原卷.pdf,2
2011,物理,新疆,老高考,,全国卷,common,新疆卷,present_common,H:\New folder\【新·PDF版】2008-2024·高考物理真题\版本2：物理（按省份分类）2008-2024\2008-2024·（新疆）物理高考真题\2011年高考物理试卷（新课标）（空白卷）.pdf,papers/2011/物理/全国/新疆卷/2011_物理_新疆_新疆卷_原卷.pdf,2
2011,化学,北京,老高考,2020,地方/区域卷,local,北京卷,present_local,H:\New folder\【新·PDF版】2008-2024·高考化学真题\版本2：化学（按省份分类）2008-2024\2008-2024·（北京）化学高考真题\2011年高考化学试卷（北京）（空白卷）.pdf,papers/2011/化学/北京/北京卷/2011_化学_北京_北京卷_原卷.pdf,2
2011,化学,天津,老高考,2020,地方/区域卷,local,天津卷,present_local,H:\New folder\【新·PDF版】2008-2024·高考化学真题\版本2：化学（按省份分类）2008-2024\2008-2023·（天津）化学高考真题\2011年高考化学试卷（天津）（空白卷）.pdf,papers/2011/化学/天津/天津卷/2011_化学_天津_天津卷_原卷.pdf,2
2011,化学,河北,老高考,2021,全国卷,common,河北卷,present_common,H:\New folder\【新·PDF版】2008-2024·高考化学真题\版本2：化学（按省份分类）2008-2024\2008-2024·（河北）化学高考真题\2011年高考化学试卷（新课标）（空白卷）.pdf,papers/2011/化学/全国/河北卷/2011_化学_河北_河北卷_原卷.pdf,2
2011,化学,山西,老高考,2025,全国卷,common,山西卷,present_common,H:\New folder\【新·PDF版】2008-2024·高考化学真题\版本2：化学（按省份分类）2008-2024\2008-2024·（山西）化学高考真题\2011年高考化学试卷（新课标）（空白卷）.pdf,papers/2011/化学/全国/山西卷/2011_化学_山西_山西卷_原卷.pdf,2
2011,化学,内蒙古,老高考,2025,全国卷,common,全国II卷,present_common,H:\New folder\【新·PDF版】2008-2024·高考化学真题\版本2：化学（按省份分类）2008-2024\2008-2024·（内蒙古）化学高考真题\2011年高考化学试卷（大纲卷，全国Ⅱ卷）（空白卷）.pdf,papers/2011/化学/全国/全国II卷/2011_化学_内蒙古_全国II卷_原卷.pdf,2
2011,化学,辽宁,老高考,2021,全国卷,common,辽宁卷,present_common,H:\New folder\【新·PDF版】2008-2024·高考化学真题\版本2：化学（按省份分类）2008-2024\2010-2024·（辽宁）化学高考真题\2011年高考化学试卷（新课标）（空白卷）.pdf,papers/2011/化学/全国/辽宁卷/2011_化学_辽宁_辽宁卷_原卷.pdf,2
2011,化学,吉林,老高考,2024,全国卷,common,吉林卷,present_common,H:\New folder\【新·PDF版】2008-2024·高考化学真题\版本2：化学（按省份分类）2008-2024\2008-2024·（吉林）化学高考真题\2011年高考化学试卷（新课标）（空白卷）.pdf,papers/2011/化学/全国/吉林卷/2011_化学_吉林_吉林卷_原卷.pdf,2
2011,化学,黑龙江,老高考,2024,全国卷,common,黑龙江卷,present_common,H:\New folder\【新·PDF版】2008-2024·高考化学真题\版本2：化学（按省份分类）2008-2024\2008-2024·（黑龙江）化学高考真题\2011年高考化学试卷（新课标）（空白卷）.pdf,papers/2011/化学/全国/黑龙江卷/2011_化学_黑龙江_黑龙江卷_原卷.pdf,2
2011,化学,上海,老高考,2017,地方/区域卷,local,上海卷,present_local,H:\New folder\【新·PDF版】2008-2024·高考化学真题\版本2：化学（按省份分类）2008-2024\2008-2024·（上海）化学高考真题\2011年高考化学试卷（上海）（空白卷）.pdf,papers/2011/化学/上海/上海卷/2011_化学_上海_上海卷_原卷.pdf,2
2011,化学,江苏,老高考,2021,地方/区域卷,local,江苏卷,present_local,H:\New folder\【新·PDF版】2008-2024·高考化学真题\版本2：化学（按省份分类）2008-2024\2008-2024·（江苏）化学高考真题\2011年高考化学试卷（江苏）（空白卷）.pdf,papers/2011/化学/江苏/江苏卷/2011_化学_江苏_江苏卷_原卷.pdf,2
2011,化学,浙江,老高考,2017,地方/区域卷,local,浙江卷,present_local,H:\New folder\【新·PDF版】2008-2024·高考化学真题\版本2：化学（按省份分类）2008-2024\2008-2024·（浙江）化学高考真题\2011年高考化学试卷（浙江）（空白卷）.pdf,papers/2011/化学/浙江/浙江卷/2011_化学_浙江_浙江卷_原卷.pdf,2
2011,化学,安徽,老高考,2024,,missing,,missing,,,0
2011,化学,福建,老高考,2021,,missing,,missing,,,0
2011,化学,江西,老高考,2024,全国卷,common,江西卷,present_common,H:\New folder\【新·PDF版】2008-2024·高考化学真题\版本2：化学（按省份分类）2008-2024\2008-2023·（江西）化学高考真题\2011年高考化学试卷（新课标）（空白卷）.pdf,papers/2011/化学/全国/江西卷/2011_化学_江西_江西卷_原卷.pdf,2
2011,化学,山东,老高考,2020,地方/区域卷,local,山东卷,present_local,H:\New folder\【新·PDF版】2008-2024·高考化学真题\版本2：化学（按省份分类）2008-2024\2008-2024·（山东）化学高考真题\2011年高考化学试卷（山东）（空白卷）.pdf,papers/2011/化学/山东/山东卷/2011_化学_山东_山东卷_原卷.pdf,2
2011,化学,河南,老高考,2025,全国卷,common,河南卷,present_common,H:\New folder\【新·PDF版】2008-2024·高考化学真题\版本2：化学（按省份分类）2008-2024\2008-2024·（河南）化学高考真题\2011年高考化学试卷（新课标）（空白卷）.pdf,papers/2011/化学/全国/河南卷/2011_化学_河南_河南卷_原卷.pdf,2
2011,化学,湖北,老高考,2021,全国卷,common,湖北卷,present_common,H:\New folder\【新·PDF版】2008-2024·高考化学真题\版本2：化学（按省份分类）2008-2024\2008-2024·（湖北）化学高考真题\2011年高考化学试卷（新课标）（空白卷）.pdf,papers/2011/化学/全国/湖北卷/2011_化学_湖北_湖北卷_原卷.pdf,2
2011,化学,湖南,老高考,2021,全国卷,common,湖南卷,present_common,H:\New folder\【新·PDF版】2008-2024·高考化学真题\版本2：化学（按省份分类）2008-2024\2008-2024·（湖南）化学高考真题\2011年高考化学试卷（新课标）（空白卷）.pdf,papers/2011/化学/全国/湖南卷/2011_化学_湖南_湖南卷_原卷.pdf,2
2011,化学,广东,老高考,2021,地方/区域卷,local,广东卷,present_local,H:\New folder\【新·PDF版】2008-2024·高考化学真题\版本2：化学（按省份分类）2008-2024\2008-2024·（广东）化学高考真题\2011年高考化学试卷（广东）（空白卷）.pdf,papers/2011/化学/广东/广东卷/2011_化学_广东_广东卷_原卷.pdf,2
2011,化学,广西,老高考,2024,全国卷,common,广西卷,present_common,H:\New folder\【新·PDF版】2008-2024·高考化学真题\版本2：化学（按省份分类）2008-2024\2008-2023·（广西）化学高考真题\2011年高考化学试卷（新课标）（空白卷）.pdf,papers/2011/化学/全国/广西卷/2011_化学_广西_广西卷_原卷.pdf,2
2011,化学,海南,老高考,2020,地方/区域卷,local,海南卷,present_local,H:\New folder\【新·PDF版】2008-2024·高考化学真题\版本2：化学（按省份分类）2008-2024\2008-2023·（海南）化学高考真题\2011年高考化学试卷（海南）（空白卷）.pdf,papers/2011/化学/海南/海南卷/2011_化学_海南_海南卷_原卷.pdf,2
2011,化学,重庆,老高考,2021,,missing,,missing,,,0
2011,化学,四川,老高考,2025,地方/区域卷,local,四川卷,present_local,H:\New folder\【新·PDF版】2008-2024·高考化学真题\版本2：化学（按省份分类）2008-2024\2008-2024·（四川）化学高考真题\2011年高考化学试卷（四川）（空白卷）.pdf,papers/2011/化学/四川/四川卷/2011_化学_四川_四川卷_原卷.pdf,2
2011,化学,贵州,老高考,2024,全国卷,common,全国II卷,present_common,H:\New folder\【新·PDF版】2008-2024·高考化学真题\版本2：化学（按省份分类）2008-2024\2008-2023·（贵州）化学高考真题\2011年高考化学试卷（大纲卷，全国Ⅱ卷）（空白卷）.pdf,papers/2011/化学/全国/全国II卷/2011_化学_贵州_全国II卷_原卷.pdf,2
2011,化学,云南,老高考,2025,全国卷,common,云南卷,present_common,H:\New folder\【新·PDF版】2008-2024·高考化学真题\版本2：化学（按省份分类）2008-2024\2008-2024·（云南）化学高考真题\2011年高考化学试卷（新课标）（空白卷）.pdf,papers/2011/化学/全国/云南卷/2011_化学_云南_云南卷_原卷.pdf,2
2011,化学,西藏,老高考,,全国卷,common,西藏卷,present_common,H:\New folder\【新·PDF版】2008-2024·高考化学真题\版本2：化学（按省份分类）2008-2024\2008-2024·（西藏）化学高考真题\2011年高考化学试卷（新课标）（空白卷）.pdf,papers/2011/化学/全国/西藏卷/2011_化学_西藏_西藏卷_原卷.pdf,2
2011,化学,陕西,老高考,2025,全国卷,common,陕西卷,present_common,H:\New folder\【新·PDF版】2008-2024·高考化学真题\版本2：化学（按省份分类）2008-2024\2008-2024·（陕西）化学高考真题\2011年高考化学试卷（新课标）（空白卷）.pdf,papers/2011/化学/全国/陕西卷/2011_化学_陕西_陕西卷_原卷.pdf,2
2011,化学,甘肃,老高考,2024,全国卷,common,全国II卷,present_common,H:\New folder\【新·PDF版】2008-2024·高考化学真题\版本2：化学（按省份分类）2008-2024\2008-2024·（甘肃）化学高考真题\2011年高考化学试卷（大纲卷，全国Ⅱ卷）（空白卷）.pdf,papers/2011/化学/全国/全国II卷/2011_化学_甘肃_全国II卷_原卷.pdf,2
2011,化学,青海,老高考,2025,全国卷,common,全国II卷,present_common,H:\New folder\【新·PDF版】2008-2024·高考化学真题\版本2：化学（按省份分类）2008-2024\2008-2024·（青海）化学高考真题\2011年高考化学试卷（大纲卷，全国Ⅱ卷）（空白卷）.pdf,papers/2011/化学/全国/全国II卷/2011_化学_青海_全国II卷_原卷.pdf,2
2011,化学,宁夏,老高考,2025,全国卷,common,宁夏卷,present_common,H:\New folder\【新·PDF版】2008-2024·高考化学真题\版本2：化学（按省份分类）2008-2024\2010-2024·（宁夏）化学高考真题\2011年高考化学试卷（新课标）（空白卷）.pdf,papers/2011/化学/全国/宁夏卷/2011_化学_宁夏_宁夏卷_原卷.pdf,2
2011,化学,新疆,老高考,,全国卷,common,新疆卷,present_common,H:\New folder\【新·PDF版】2008-2024·高考化学真题\版本2：化学（按省份分类）2008-2024\2008-2024·（新疆）化学高考真题\2011年高考化学试卷（新课标）（空白卷）.pdf,papers/2011/化学/全国/新疆卷/2011_化学_新疆_新疆卷_原卷.pdf,2
2011,生物,北京,老高考,2020,地方/区域卷,local,北京卷,present_local,H:\New folder\【新·PDF版】2008-2024·高考生物真题\版本2：生物（按省份分类）2008-2024\2008-2024·（北京）生物高考真题\2011年高考生物试卷（北京）（空白卷）.pdf,papers/2011/生物/北京/北京卷/2011_生物_北京_北京卷_原卷.pdf,2
2011,生物,天津,老高考,2020,地方/区域卷,local,天津卷,present_local,H:\New folder\【新·PDF版】2008-2024·高考生物真题\版本2：生物（按省份分类）2008-2024\2008-2023·（天津）生物高考真题\2011年高考生物试卷（天津）（空白卷）.pdf,papers/2011/生物/天津/天津卷/2011_生物_天津_天津卷_原卷.pdf,2
2011,生物,河北,老高考,2021,全国卷,common,河北卷,present_common,H:\New folder\【新·PDF版】2008-2024·高考生物真题\版本2：生物（按省份分类）2008-2024\2008-2024·（河北）生物高考真题\2011年高考生物试卷（新课标）（空白卷）.pdf,papers/2011/生物/全国/河北卷/2011_生物_河北_河北卷_原卷.pdf,2
2011,生物,山西,老高考,2025,全国卷,common,山西卷,present_common,H:\New folder\【新·PDF版】2008-2024·高考生物真题\版本2：生物（按省份分类）2008-2024\2008-2024·（山西）生物高考真题\2011年高考生物试卷（新课标）（空白卷）.pdf,papers/2011/生物/全国/山西卷/2011_生物_山西_山西卷_原卷.pdf,2
2011,生物,内蒙古,老高考,2025,全国卷,common,全国II卷,present_common,H:\New folder\【新·PDF版】2008-2024·高考生物真题\版本2：生物（按省份分类）2008-2024\2008-2024·（内蒙古）生物高考真题\2011年高考生物试卷（大纲版，全国Ⅱ卷）（空白卷）.pdf,papers/2011/生物/全国/全国II卷/2011_生物_内蒙古_全国II卷_原卷.pdf,2
2011,生物,辽宁,老高考,2021,全国卷,common,辽宁卷,present_common,H:\New folder\【新·PDF版】2008-2024·高考生物真题\版本2：生物（按省份分类）2008-2024\2010-2024·（辽宁）生物高考真题\2011年高考生物试卷（新课标）（空白卷）.pdf,papers/2011/生物/全国/辽宁卷/2011_生物_辽宁_辽宁卷_原卷.pdf,2
2011,生物,吉林,老高考,2024,全国卷,common,吉林卷,present_common,H:\New folder\【新·PDF版】2008-2024·高考生物真题\版本2：生物（按省份分类）2008-2024\2008-2024·（吉林）生物高考真题\2011年高考生物试卷（新课标）（空白卷）.pdf,papers/2011/生物/全国/吉林卷/2011_生物_吉林_吉林卷_原卷.pdf,2
2011,生物,黑龙江,老高考,2024,全国卷,common,黑龙江卷,present_common,H:\New folder\【新·PDF版】2008-2024·高考生物真题\版本2：生物（按省份分类）2008-2024\2008-2024·（黑龙江）生物高考真题\2011年高考生物试卷（新课标）（空白卷）.pdf,papers/2011/生物/全国/黑龙江卷/2011_生物_黑龙江_黑龙江卷_原卷.pdf,2
2011,生物,上海,老高考,2017,地方/区域卷,local,上海卷,present_local,H:\New folder\【新·PDF版】2008-2024·高考生物真题\版本2：生物（按省份分类）2008-2024\2008-2022·（上海）生物高考真题\2011年高考生物试卷（上海）（空白卷）.pdf,papers/2011/生物/上海/上海卷/2011_生物_上海_上海卷_原卷.pdf,2
2011,生物,江苏,老高考,2021,地方/区域卷,local,江苏卷,present_local,H:\New folder\【新·PDF版】2008-2024·高考生物真题\版本2：生物（按省份分类）2008-2024\2008-2023·（江苏）生物高考真题\2011年高考生物试卷（江苏）（空白卷）.pdf,papers/2011/生物/江苏/江苏卷/2011_生物_江苏_江苏卷_原卷.pdf,2
2011,生物,浙江,老高考,2017,地方/区域卷,local,浙江卷,present_local,H:\New folder\【新·PDF版】2008-2024·高考生物真题\版本2：生物（按省份分类）2008-2024\2008-2024·（浙江）生物高考真题\2011年高考生物试卷（浙江）（空白卷）.pdf,papers/2011/生物/浙江/浙江卷/2011_生物_浙江_浙江卷_原卷.pdf,2
2011,生物,安徽,老高考,2024,,missing,,missing,,,0
2011,生物,福建,老高考,2021,,missing,,missing,,,0
2011,生物,江西,老高考,2024,全国卷,common,江西卷,present_common,H:\New folder\【新·PDF版】2008-2024·高考生物真题\版本2：生物（按省份分类）2008-2024\2008-2024·（江西）生物高考真题\2011年高考生物试卷（新课标）（空白卷）.pdf,papers/2011/生物/全国/江西卷/2011_生物_江西_江西卷_原卷.pdf,2
2011,生物,山东,老高考,2020,地方/区域卷,local,山东卷,present_local,H:\New folder\【新·PDF版】2008-2024·高考生物真题\版本2：生物（按省份分类）2008-2024\2008-2024·（山东）生物高考真题\2011年高考生物试卷（山东）（空白卷）.pdf,papers/2011/生物/山东/山东卷/2011_生物_山东_山东卷_原卷.pdf,2
2011,生物,河南,老高考,2025,全国卷,common,河南卷,present_common,H:\New folder\【新·PDF版】2008-2024·高考生物真题\版本2：生物（按省份分类）2008-2024\2008-2024·（河南）生物高考真题\2011年高考生物试卷（新课标）（空白卷）.pdf,papers/2011/生物/全国/河南卷/2011_生物_河南_河南卷_原卷.pdf,2
2011,生物,湖北,老高考,2021,全国卷,common,湖北卷,present_common,H:\New folder\【新·PDF版】2008-2024·高考生物真题\版本2：生物（按省份分类）2008-2024\2008-2024·（湖北）生物高考真题\2011年高考生物试卷（新课标）（空白卷）.pdf,papers/2011/生物/全国/湖北卷/2011_生物_湖北_湖北卷_原卷.pdf,2
2011,生物,湖南,老高考,2021,全国卷,common,湖南卷,present_common,H:\New folder\【新·PDF版】2008-2024·高考生物真题\版本2：生物（按省份分类）2008-2024\2008-2024·（湖南）生物高考真题\2011年高考生物试卷（新课标）（空白卷）.pdf,papers/2011/生物/全国/湖南卷/2011_生物_湖南_湖南卷_原卷.pdf,2
2011,生物,广东,老高考,2021,地方/区域卷,local,广东卷,present_local,H:\New folder\【新·PDF版】2008-2024·高考生物真题\版本2：生物（按省份分类）2008-2024\2008-2024·（广东）生物高考真题\2011年高考生物试卷（广东）（空白卷）.pdf,papers/2011/生物/广东/广东卷/2011_生物_广东_广东卷_原卷.pdf,2
2011,生物,广西,老高考,2024,全国卷,common,广西卷,present_common,H:\New folder\【新·PDF版】2008-2024·高考生物真题\版本2：生物（按省份分类）2008-2024\2008-2023·（广西）生物高考真题\2011年高考生物试卷（新课标）（空白卷）.pdf,papers/2011/生物/全国/广西卷/2011_生物_广西_广西卷_原卷.pdf,2
2011,生物,海南,老高考,2020,地方/区域卷,local,海南卷,present_local,H:\New folder\【新·PDF版】2008-2024·高考生物真题\版本2：生物（按省份分类）2008-2024\2008-2023·（海南）生物高考真题\2011年高考生物试卷（海南）（空白卷）.pdf,papers/2011/生物/海南/海南卷/2011_生物_海南_海南卷_原卷.pdf,2
2011,生物,重庆,老高考,2021,,missing,,missing,,,0
2011,生物,四川,老高考,2025,地方/区域卷,local,四川卷,present_local,H:\New folder\【新·PDF版】2008-2024·高考生物真题\版本2：生物（按省份分类）2008-2024\2008-2024·（四川）生物高考真题\2011年高考生物试卷（四川）（空白卷）.pdf,papers/2011/生物/四川/四川卷/2011_生物_四川_四川卷_原卷.pdf,2
2011,生物,贵州,老高考,2024,全国卷,common,全国II卷,present_common,H:\New folder\【新·PDF版】2008-2024·高考生物真题\版本2：生物（按省份分类）2008-2024\2008-2023·（贵州）生物高考真题\2011年高考生物试卷（大纲版，全国Ⅱ卷）（空白卷）.pdf,papers/2011/生物/全国/全国II卷/2011_生物_贵州_全国II卷_原卷.pdf,2
2011,生物,云南,老高考,2025,全国卷,common,云南卷,present_common,H:\New folder\【新·PDF版】2008-2024·高考生物真题\版本2：生物（按省份分类）2008-2024\2008-2024·（云南）生物高考真题\2011年高考生物试卷（新课标）（空白卷）.pdf,papers/2011/生物/全国/云南卷/2011_生物_云南_云南卷_原卷.pdf,2
2011,生物,西藏,老高考,,全国卷,common,西藏卷,present_common,H:\New folder\【新·PDF版】2008-2024·高考生物真题\版本2：生物（按省份分类）2008-2024\2008-2024·（西藏）生物高考真题\2011年高考生物试卷（新课标）（空白卷）.pdf,papers/2011/生物/全国/西藏卷/2011_生物_西藏_西藏卷_原卷.pdf,2
2011,生物,陕西,老高考,2025,全国卷,common,陕西卷,present_common,H:\New folder\【新·PDF版】2008-2024·高考生物真题\版本2：生物（按省份分类）2008-2024\2008-2024·（陕西）生物高考真题\2011年高考生物试卷（新课标）（空白卷）.pdf,papers/2011/生物/全国/陕西卷/2011_生物_陕西_陕西卷_原卷.pdf,2
2011,生物,甘肃,老高考,2024,全国卷,common,全国II卷,present_common,H:\New folder\【新·PDF版】2008-2024·高考生物真题\版本2：生物（按省份分类）2008-2024\2008-2024·（甘肃）生物高考真题\2011年高考生物试卷（大纲版，全国Ⅱ卷）（空白卷）.pdf,papers/2011/生物/全国/全国II卷/2011_生物_甘肃_全国II卷_原卷.pdf,2
2011,生物,青海,老高考,2025,全国卷,common,全国II卷,present_common,H:\New folder\【新·PDF版】2008-2024·高考生物真题\版本2：生物（按省份分类）2008-2024\2008-2024·（青海）生物高考真题\2011年高考生物试卷（大纲版，全国Ⅱ卷）（空白卷）.pdf,papers/2011/生物/全国/全国II卷/2011_生物_青海_全国II卷_原卷.pdf,2
2011,生物,宁夏,老高考,2025,全国卷,common,宁夏卷,present_common,H:\New folder\【新·PDF版】2008-2024·高考生物真题\版本2：生物（按省份分类）2008-2024\2010-2024·（宁夏）生物高考真题\2011年高考生物试卷（新课标）（空白卷）.pdf,papers/2011/生物/全国/宁夏卷/2011_生物_宁夏_宁夏卷_原卷.pdf,2
2011,生物,新疆,老高考,,全国卷,common,新疆卷,present_common,H:\New folder\【新·PDF版】2008-2024·高考生物真题\版本2：生物（按省份分类）2008-2024\2008-2024·（新疆）生物高考真题\2011年高考生物试卷（新课标）（空白卷）.pdf,papers/2011/生物/全国/新疆卷/2011_生物_新疆_新疆卷_原卷.pdf,2
2011,政治,北京,老高考,2020,地方/区域卷,local,北京卷,present_local,H:\New folder\【新·PDF版】2008-2024·高考政治真题\版本2：政治（按省份分类）2008-2024\2008-2024·（北京）政治高考真题\2011年高考生物试卷（北京）（空白卷）.pdf,papers/2011/政治/北京/北京卷/2011_政治_北京_北京卷_原卷.pdf,2
2011,政治,天津,老高考,2020,地方/区域卷,local,天津卷,present_local,H:\New folder\【新·PDF版】2008-2024·高考政治真题\版本2：政治（按省份分类）2008-2024\2008-2023·（天津）政治高考真题\2011年高考政治试卷（天津）（空白卷）.pdf,papers/2011/政治/天津/天津卷/2011_政治_天津_天津卷_原卷.pdf,2
2011,政治,河北,老高考,2021,全国卷,common,河北卷,present_common,H:\New folder\【新·PDF版】2008-2024·高考政治真题\版本2：政治（按省份分类）2008-2024\2008-2021_2023·（河北）政治高考真题\2011年高考政治试卷（新课标）（空白卷）.pdf,papers/2011/政治/全国/河北卷/2011_政治_河北_河北卷_原卷.pdf,2
2011,政治,山西,老高考,2025,全国卷,common,山西卷,present_common,H:\New folder\【新·PDF版】2008-2024·高考政治真题\版本2：政治（按省份分类）2008-2024\2008-2024·（山西）政治高考真题\2011年高考政治试卷（新课标）（空白卷）.pdf,papers/2011/政治/全国/山西卷/2011_政治_山西_山西卷_原卷.pdf,2
2011,政治,内蒙古,老高考,2025,全国卷,common,全国II卷,present_common,H:\New folder\【新·PDF版】2008-2024·高考政治真题\版本2：政治（按省份分类）2008-2024\2008-2023·（内蒙古）政治高考真题\2011年高考政治试卷（大纲版，全国Ⅱ卷）（空白卷）.pdf,papers/2011/政治/全国/全国II卷/2011_政治_内蒙古_全国II卷_原卷.pdf,2
2011,政治,辽宁,老高考,2021,全国卷,common,辽宁卷,present_common,H:\New folder\【新·PDF版】2008-2024·高考政治真题\版本2：政治（按省份分类）2008-2024\2010-2024·（辽宁）政治高考真题\2011年高考政治试卷（新课标）（空白卷）.pdf,papers/2011/政治/全国/辽宁卷/2011_政治_辽宁_辽宁卷_原卷.pdf,2
2011,政治,吉林,老高考,2024,全国卷,common,吉林卷,present_common,H:\New folder\【新·PDF版】2008-2024·高考政治真题\版本2：政治（按省份分类）2008-2024\2008-2024·（吉林）政治高考真题\2011年高考政治试卷（新课标）（空白卷）.pdf,papers/2011/政治/全国/吉林卷/2011_政治_吉林_吉林卷_原卷.pdf,2
2011,政治,黑龙江,老高考,2024,全国卷,common,黑龙江卷,present_common,H:\New folder\【新·PDF版】2008-2024·高考政治真题\版本2：政治（按省份分类）2008-2024\2008-2024·（黑龙江）政治高考真题\2011年高考政治试卷（新课标）（空白卷）.pdf,papers/2011/政治/全国/黑龙江卷/2011_政治_黑龙江_黑龙江卷_原卷.pdf,2
2011,政治,上海,老高考,2017,地方/区域卷,local,上海卷,present_local,H:\New folder\【新·PDF版】2008-2024·高考政治真题\版本2：政治（按省份分类）2008-2024\2008-2017·（上海）政治高考真题\2011年高考政治试卷（上海）（空白卷）.pdf,papers/2011/政治/上海/上海卷/2011_政治_上海_上海卷_原卷.pdf,2
2011,政治,江苏,老高考,2021,地方/区域卷,local,江苏卷,present_local,H:\New folder\【新·PDF版】2008-2024·高考政治真题\版本2：政治（按省份分类）2008-2024\2008-2023·（江苏）政治高考真题\2011年高考政治试卷（江苏）（空白卷）.pdf,papers/2011/政治/江苏/江苏卷/2011_政治_江苏_江苏卷_原卷.pdf,2
2011,政治,浙江,老高考,2017,地方/区域卷,local,浙江卷,present_local,H:\New folder\【新·PDF版】2008-2024·高考政治真题\版本2：政治（按省份分类）2008-2024\2008-2024·（浙江）政治高考真题\2011年高考政治试卷（浙江）（空白卷）.pdf,papers/2011/政治/浙江/浙江卷/2011_政治_浙江_浙江卷_原卷.pdf,2
2011,政治,安徽,老高考,2024,,missing,,missing,,,0
2011,政治,福建,老高考,2021,,missing,,missing,,,0
2011,政治,江西,老高考,2024,全国卷,common,江西卷,present_common,H:\New folder\【新·PDF版】2008-2024·高考政治真题\版本2：政治（按省份分类）2008-2024\2008-2023·（江西）政治高考真题\2011年高考政治试卷（新课标）（空白卷）.pdf,papers/2011/政治/全国/江西卷/2011_政治_江西_江西卷_原卷.pdf,2
2011,政治,山东,老高考,2020,地方/区域卷,local,山东卷,present_local,H:\New folder\【新·PDF版】2008-2024·高考政治真题\版本2：政治（按省份分类）2008-2024\2008-2024·（山东）政治高考真题\2011年高考生物政治（山东）（空白卷）.pdf,papers/2011/政治/山东/山东卷/2011_政治_山东_山东卷_原卷.pdf,2
2011,政治,河南,老高考,2025,全国卷,common,河南卷,present_common,H:\New folder\【新·PDF版】2008-2024·高考政治真题\版本2：政治（按省份分类）2008-2024\2008-2024·（河南）政治高考真题\2011年高考政治试卷（新课标）（空白卷）.pdf,papers/2011/政治/全国/河南卷/2011_政治_河南_河南卷_原卷.pdf,2
2011,政治,湖北,老高考,2021,全国卷,common,湖北卷,present_common,H:\New folder\【新·PDF版】2008-2024·高考政治真题\版本2：政治（按省份分类）2008-2024\2008-2024·（湖北）政治高考真题\2011年高考政治试卷（新课标）（空白卷）.pdf,papers/2011/政治/全国/湖北卷/2011_政治_湖北_湖北卷_原卷.pdf,2
2011,政治,湖南,老高考,2021,全国卷,common,湖南卷,present_common,H:\New folder\【新·PDF版】2008-2024·高考政治真题\版本2：政治（按省份分类）2008-2024\2008-2024·（湖南）政治高考真题\2011年高考政治试卷（新课标）（空白卷）.pdf,papers/2011/政治/全国/湖南卷/2011_政治_湖南_湖南卷_原卷.pdf,2
2011,政治,广东,老高考,2021,地方/区域卷,local,广东卷,present_local,H:\New folder\【新·PDF版】2008-2024·高考政治真题\版本2：政治（按省份分类）2008-2024\2008-2024·（广东）政治高考真题\2011年高考政治试卷（广东）（空白卷）.pdf,papers/2011/政治/广东/广东卷/2011_政治_广东_广东卷_原卷.pdf,2
2011,政治,广西,老高考,2024,全国卷,common,广西卷,present_common,H:\New folder\【新·PDF版】2008-2024·高考政治真题\版本2：政治（按省份分类）2008-2024\2008-2023·（广西）政治高考真题\2011年高考政治试卷（新课标）（空白卷）.pdf,papers/2011/政治/全国/广西卷/2011_政治_广西_广西卷_原卷.pdf,2
2011,政治,海南,老高考,2020,地方/区域卷,local,海南卷,present_local,H:\New folder\【新·PDF版】2008-2024·高考政治真题\版本2：政治（按省份分类）2008-2024\2008-2023·（海南）政治高考真题\2011年高考政治试卷（海南）（空白卷）.pdf,papers/2011/政治/海南/海南卷/2011_政治_海南_海南卷_原卷.pdf,2
2011,政治,重庆,老高考,2021,,missing,,missing,,,0
2011,政治,四川,老高考,2025,地方/区域卷,local,四川卷,present_local,H:\New folder\【新·PDF版】2008-2024·高考政治真题\版本2：政治（按省份分类）2008-2024\2008-2023·（四川）政治高考真题\2011年高考政治试卷（四川）（空白卷）.pdf,papers/2011/政治/四川/四川卷/2011_政治_四川_四川卷_原卷.pdf,2
2011,政治,贵州,老高考,2024,全国卷,common,全国II卷,present_common,H:\New folder\【新·PDF版】2008-2024·高考政治真题\版本2：政治（按省份分类）2008-2024\2008-2023·（贵州）政治高考真题\2011年高考政治试卷（大纲版，全国Ⅱ卷）（空白卷）.pdf,papers/2011/政治/全国/全国II卷/2011_政治_贵州_全国II卷_原卷.pdf,2
2011,政治,云南,老高考,2025,全国卷,common,云南卷,present_common,H:\New folder\【新·PDF版】2008-2024·高考政治真题\版本2：政治（按省份分类）2008-2024\2008-2024·（云南）政治高考真题\2011年高考政治试卷（新课标）（空白卷）.pdf,papers/2011/政治/全国/云南卷/2011_政治_云南_云南卷_原卷.pdf,2
2011,政治,西藏,老高考,,全国卷,common,西藏卷,present_common,H:\New folder\【新·PDF版】2008-2024·高考政治真题\版本2：政治（按省份分类）2008-2024\2008-2024·（西藏）政治高考真题\2011年高考政治试卷（新课标）（空白卷）.pdf,papers/2011/政治/全国/西藏卷/2011_政治_西藏_西藏卷_原卷.pdf,2
2011,政治,陕西,老高考,2025,全国卷,common,陕西卷,present_common,H:\New folder\【新·PDF版】2008-2024·高考政治真题\版本2：政治（按省份分类）2008-2024\2008-2023·（陕西）政治高考真题\2011年高考政治试卷（新课标）（空白卷）.pdf,papers/2011/政治/全国/陕西卷/2011_政治_陕西_陕西卷_原卷.pdf,2
2011,政治,甘肃,老高考,2024,全国卷,common,全国II卷,present_common,H:\New folder\【新·PDF版】2008-2024·高考政治真题\版本2：政治（按省份分类）2008-2024\2008-2023·（甘肃）政治高考真题\2011年高考政治试卷（大纲版，全国Ⅱ卷）（空白卷）.pdf,papers/2011/政治/全国/全国II卷/2011_政治_甘肃_全国II卷_原卷.pdf,2
2011,政治,青海,老高考,2025,全国卷,common,全国II卷,present_common,H:\New folder\【新·PDF版】2008-2024·高考政治真题\版本2：政治（按省份分类）2008-2024\2008-2023·（青海）政治高考真题\2011年高考政治试卷（大纲版，全国Ⅱ卷）（空白卷）.pdf,papers/2011/政治/全国/全国II卷/2011_政治_青海_全国II卷_原卷.pdf,2
2011,政治,宁夏,老高考,2025,全国卷,common,宁夏卷,present_common,H:\New folder\【新·PDF版】2008-2024·高考政治真题\版本2：政治（按省份分类）2008-2024\2010-2023·（宁夏）政治高考真题\2011年高考政治试卷（新课标）（空白卷）.pdf,papers/2011/政治/全国/宁夏卷/2011_政治_宁夏_宁夏卷_原卷.pdf,2
2011,政治,新疆,老高考,,全国卷,common,新疆卷,present_common,H:\New folder\【新·PDF版】2008-2024·高考政治真题\版本2：政治（按省份分类）2008-2024\2008-2024·（新疆）政治高考真题\2011年高考政治试卷（新课标）（空白卷）.pdf,papers/2011/政治/全国/新疆卷/2011_政治_新疆_新疆卷_原卷.pdf,2
2011,历史,北京,老高考,2020,地方/区域卷,local,北京卷,present_local,H:\New folder\【新·PDF版】2008-2024·高考历史真题\版本2：历史（按省份分类）2008-2024\2008-2024·（北京）历史高考真题\2011年高考历史试卷（北京）（空白卷）.pdf,papers/2011/历史/北京/北京卷/2011_历史_北京_北京卷_原卷.pdf,2
2011,历史,天津,老高考,2020,地方/区域卷,local,天津卷,present_local,H:\New folder\【新·PDF版】2008-2024·高考历史真题\版本2：历史（按省份分类）2008-2024\2008-2023·（天津）历史高考真题\2011年高考历史试卷（天津）（空白卷）.pdf,papers/2011/历史/天津/天津卷/2011_历史_天津_天津卷_原卷.pdf,2
2011,历史,河北,老高考,2021,全国卷,common,河北卷,present_common,H:\New folder\【新·PDF版】2008-2024·高考历史真题\版本2：历史（按省份分类）2008-2024\2008-2023·（河北）历史高考真题\2011年高考历史试卷（新课标）（空白卷）.pdf,papers/2011/历史/全国/河北卷/2011_历史_河北_河北卷_原卷.pdf,2
2011,历史,山西,老高考,2025,全国卷,common,山西卷,present_common,H:\New folder\【新·PDF版】2008-2024·高考历史真题\版本2：历史（按省份分类）2008-2024\2008-2024·（山西）历史高考真题\2011年高考历史试卷（新课标）（空白卷）.pdf,papers/2011/历史/全国/山西卷/2011_历史_山西_山西卷_原卷.pdf,2
2011,历史,内蒙古,老高考,2025,全国卷,common,内蒙古卷,present_common,H:\New folder\【新·PDF版】2008-2024·高考历史真题\版本2：历史（按省份分类）2008-2024\2008-2024·（内蒙古）历史高考真题\2011年高考历史试卷（大纲版，全国卷Ⅱ）（空白卷）.pdf,papers/2011/历史/全国/内蒙古卷/2011_历史_内蒙古_内蒙古卷_原卷.pdf,2
2011,历史,辽宁,老高考,2021,全国卷,common,辽宁卷,present_common,H:\New folder\【新·PDF版】2008-2024·高考历史真题\版本2：历史（按省份分类）2008-2024\2010-2024·（辽宁）历史高考真题\2011年高考历史试卷（新课标）（空白卷）.pdf,papers/2011/历史/全国/辽宁卷/2011_历史_辽宁_辽宁卷_原卷.pdf,2
2011,历史,吉林,老高考,2024,全国卷,common,吉林卷,present_common,H:\New folder\【新·PDF版】2008-2024·高考历史真题\版本2：历史（按省份分类）2008-2024\2008-2024·（吉林）历史高考真题\2011年高考历史试卷（新课标）（空白卷）.pdf,papers/2011/历史/全国/吉林卷/2011_历史_吉林_吉林卷_原卷.pdf,2
2011,历史,黑龙江,老高考,2024,全国卷,common,黑龙江卷,present_common,H:\New folder\【新·PDF版】2008-2024·高考历史真题\版本2：历史（按省份分类）2008-2024\2008-2024·（黑龙江）历史高考真题\2011年高考历史试卷（新课标）（空白卷）.pdf,papers/2011/历史/全国/黑龙江卷/2011_历史_黑龙江_黑龙江卷_原卷.pdf,2
2011,历史,上海,老高考,2017,地方/区域卷,local,上海卷,present_local,"H:\New folder\【新·PDF版】2008-2024·高考历史真题\版本2：历史（按省份分类）2008-2024\2008-2017_2019,2024·（上海）历史高考真题\2011年高考历史试卷（上海）（空白卷）.pdf",papers/2011/历史/上海/上海卷/2011_历史_上海_上海卷_原卷.pdf,2
2011,历史,江苏,老高考,2021,地方/区域卷,local,江苏卷,present_local,H:\New folder\【新·PDF版】2008-2024·高考历史真题\版本2：历史（按省份分类）2008-2024\2008-2024·（江苏）历史高考真题\2011年高考历史试卷（江苏）（空白卷）.pdf,papers/2011/历史/江苏/江苏卷/2011_历史_江苏_江苏卷_原卷.pdf,2
2011,历史,浙江,老高考,2017,地方/区域卷,local,浙江卷,present_local,H:\New folder\【新·PDF版】2008-2024·高考历史真题\版本2：历史（按省份分类）2008-2024\2008-2024·（浙江）历史高考真题\2011年高考历史试卷（浙江）（空白卷）.pdf,papers/2011/历史/浙江/浙江卷/2011_历史_浙江_浙江卷_原卷.pdf,2
2011,历史,安徽,老高考,2024,,missing,,missing,,,0
2011,历史,福建,老高考,2021,,missing,,missing,,,0
2011,历史,江西,老高考,2024,全国卷,common,江西卷,present_common,H:\New folder\【新·PDF版】2008-2024·高考历史真题\版本2：历史（按省份分类）2008-2024\2008-2023·（江西）历史高考真题\2011年高考历史试卷（新课标）（空白卷）.pdf,papers/2011/历史/全国/江西卷/2011_历史_江西_江西卷_原卷.pdf,2
2011,历史,山东,老高考,2020,地方/区域卷,local,山东卷,present_local,H:\New folder\【新·PDF版】2008-2024·高考历史真题\版本2：历史（按省份分类）2008-2024\2008-2024·（山东）历史高考真题\2011年高考历史试卷（山东）（空白卷）.pdf,papers/2011/历史/山东/山东卷/2011_历史_山东_山东卷_原卷.pdf,2
2011,历史,河南,老高考,2025,全国卷,common,河南卷,present_common,H:\New folder\【新·PDF版】2008-2024·高考历史真题\版本2：历史（按省份分类）2008-2024\2008-2024·（河南）历史高考真题\2011年高考历史试卷（新课标）（空白卷）.pdf,papers/2011/历史/全国/河南卷/2011_历史_河南_河南卷_原卷.pdf,2
2011,历史,湖北,老高考,2021,全国卷,common,湖北卷,present_common,H:\New folder\【新·PDF版】2008-2024·高考历史真题\版本2：历史（按省份分类）2008-2024\2008-2024·（湖北）历史高考真题\2011年高考历史试卷（新课标）（空白卷）.pdf,papers/2011/历史/全国/湖北卷/2011_历史_湖北_湖北卷_原卷.pdf,2
2011,历史,湖南,老高考,2021,全国卷,common,湖南卷,present_common,H:\New folder\【新·PDF版】2008-2024·高考历史真题\版本2：历史（按省份分类）2008-2024\2008-2024·（湖南）历史高考真题\2011年高考历史试卷（新课标）（空白卷）.pdf,papers/2011/历史/全国/湖南卷/2011_历史_湖南_湖南卷_原卷.pdf,2
2011,历史,广东,老高考,2021,地方/区域卷,local,广东卷,present_local,H:\New folder\【新·PDF版】2008-2024·高考历史真题\版本2：历史（按省份分类）2008-2024\2008-2024·（广东）历史高考真题\2011年高考历史试卷（广东）（空白卷）.pdf,papers/2011/历史/广东/广东卷/2011_历史_广东_广东卷_原卷.pdf,2
2011,历史,广西,老高考,2024,全国卷,common,广西卷,present_common,H:\New folder\【新·PDF版】2008-2024·高考历史真题\版本2：历史（按省份分类）2008-2024\2008-2023·（广西）历史高考真题\2011年高考历史试卷（新课标）（空白卷）.pdf,papers/2011/历史/全国/广西卷/2011_历史_广西_广西卷_原卷.pdf,2
2011,历史,海南,老高考,2020,地方/区域卷,local,海南卷,present_local,H:\New folder\【新·PDF版】2008-2024·高考历史真题\版本2：历史（按省份分类）2008-2024\2008-2023·（海南）历史高考真题\2011年高考历史试卷（海南）（空白卷）.pdf,papers/2011/历史/海南/海南卷/2011_历史_海南_海南卷_原卷.pdf,2
2011,历史,重庆,老高考,2021,,missing,,missing,,,0
2011,历史,四川,老高考,2025,地方/区域卷,local,四川卷,present_local,H:\New folder\【新·PDF版】2008-2024·高考历史真题\版本2：历史（按省份分类）2008-2024\2008-2024·（四川）历史高考真题\2011年高考历史试卷（四川）（空白卷）.pdf,papers/2011/历史/四川/四川卷/2011_历史_四川_四川卷_原卷.pdf,2
2011,历史,贵州,老高考,2024,,missing,,missing,,,0
2011,历史,云南,老高考,2025,全国卷,common,云南卷,present_common,H:\New folder\【新·PDF版】2008-2024·高考历史真题\版本2：历史（按省份分类）2008-2024\2008-2024·（云南）历史高考真题\2011年高考历史试卷（新课标）（空白卷）.pdf,papers/2011/历史/全国/云南卷/2011_历史_云南_云南卷_原卷.pdf,2
2011,历史,西藏,老高考,,全国卷,common,西藏卷,present_common,H:\New folder\【新·PDF版】2008-2024·高考历史真题\版本2：历史（按省份分类）2008-2024\2008-2024·（西藏）历史高考真题\2011年高考历史试卷（新课标）（空白卷）.pdf,papers/2011/历史/全国/西藏卷/2011_历史_西藏_西藏卷_原卷.pdf,2
2011,历史,陕西,老高考,2025,全国卷,common,陕西卷,present_common,H:\New folder\【新·PDF版】2008-2024·高考历史真题\版本2：历史（按省份分类）2008-2024\2008-2024·（陕西）历史高考真题\2011年高考历史试卷（新课标）（空白卷）.pdf,papers/2011/历史/全国/陕西卷/2011_历史_陕西_陕西卷_原卷.pdf,2
2011,历史,甘肃,老高考,2024,全国卷,common,甘肃卷,present_common,H:\New folder\【新·PDF版】2008-2024·高考历史真题\版本2：历史（按省份分类）2008-2024\2008-2024·（甘肃）历史高考真题\2011年高考历史试卷（大纲版，全国卷Ⅱ）（空白卷）.pdf,papers/2011/历史/全国/甘肃卷/2011_历史_甘肃_甘肃卷_原卷.pdf,2
2011,历史,青海,老高考,2025,全国卷,common,青海卷,present_common,H:\New folder\【新·PDF版】2008-2024·高考历史真题\版本2：历史（按省份分类）2008-2024\2008-2024·（青海）历史高考真题\2011年高考历史试卷（大纲版，全国卷Ⅱ）（空白卷）.pdf,papers/2011/历史/全国/青海卷/2011_历史_青海_青海卷_原卷.pdf,2
2011,历史,宁夏,老高考,2025,全国卷,common,宁夏卷,present_common,H:\New folder\【新·PDF版】2008-2024·高考历史真题\版本2：历史（按省份分类）2008-2024\2010-2024·（宁夏）历史高考真题\2011年高考历史试卷（新课标）（空白卷）.pdf,papers/2011/历史/全国/宁夏卷/2011_历史_宁夏_宁夏卷_原卷.pdf,2
2011,历史,新疆,老高考,,全国卷,common,新疆卷,present_common,H:\New folder\【新·PDF版】2008-2024·高考历史真题\版本2：历史（按省份分类）2008-2024\2008-2024·（新疆）历史高考真题\2011年高考历史试卷（新课标）（空白卷）.pdf,papers/2011/历史/全国/新疆卷/2011_历史_新疆_新疆卷_原卷.pdf,2
2011,地理,北京,老高考,2020,地方/区域卷,local,北京卷,present_local,H:\New folder\【新·PDF版】2008-2024·高考地理真题\版本2：地理（按省份分类）2008-2024\2008-2024·（北京）地理高考真题\2011年高考地理试卷（北京）（空白卷）.pdf,papers/2011/地理/北京/北京卷/2011_地理_北京_北京卷_原卷.pdf,2
2011,地理,天津,老高考,2020,地方/区域卷,local,天津卷,present_local,H:\New folder\【新·PDF版】2008-2024·高考地理真题\版本2：地理（按省份分类）2008-2024\2008-2023·（天津）地理高考真题\2011年高考地理试卷（天津）（空白卷）.pdf,papers/2011/地理/天津/天津卷/2011_地理_天津_天津卷_原卷.pdf,2
2011,地理,河北,老高考,2021,全国卷,common,河北卷,present_common,H:\New folder\【新·PDF版】2008-2024·高考地理真题\版本2：地理（按省份分类）2008-2024\2008-2023·（河北）地理高考真题\2011年高考地理试卷（新课标）（空白卷）.pdf,papers/2011/地理/全国/河北卷/2011_地理_河北_河北卷_原卷.pdf,2
2011,地理,山西,老高考,2025,全国卷,common,山西卷,present_common,H:\New folder\【新·PDF版】2008-2024·高考地理真题\版本2：地理（按省份分类）2008-2024\2008-2024·（山西）地理高考真题\2011年高考地理试卷（新课标）（空白卷）.pdf,papers/2011/地理/全国/山西卷/2011_地理_山西_山西卷_原卷.pdf,2
2011,地理,内蒙古,老高考,2025,全国卷,common,内蒙古卷,present_common,H:\New folder\【新·PDF版】2008-2024·高考地理真题\版本2：地理（按省份分类）2008-2024\2008-2024·（内蒙古）地理高考真题\2011年高考地理试卷（大纲卷，全国卷Ⅱ）（空白卷）.pdf,papers/2011/地理/全国/内蒙古卷/2011_地理_内蒙古_内蒙古卷_原卷.pdf,2
2011,地理,辽宁,老高考,2021,全国卷,common,辽宁卷,present_common,H:\New folder\【新·PDF版】2008-2024·高考地理真题\版本2：地理（按省份分类）2008-2024\2010-2024·（辽宁）地理高考真题\2011年高考地理试卷（新课标）（空白卷）.pdf,papers/2011/地理/全国/辽宁卷/2011_地理_辽宁_辽宁卷_原卷.pdf,2
2011,地理,吉林,老高考,2024,全国卷,common,吉林卷,present_common,H:\New folder\【新·PDF版】2008-2024·高考地理真题\版本2：地理（按省份分类）2008-2024\2008-2024·（吉林）地理高考真题\2011年高考地理试卷（新课标）（空白卷）.pdf,papers/2011/地理/全国/吉林卷/2011_地理_吉林_吉林卷_原卷.pdf,2
2011,地理,黑龙江,老高考,2024,全国卷,common,黑龙江卷,present_common,H:\New folder\【新·PDF版】2008-2024·高考地理真题\版本2：地理（按省份分类）2008-2024\2008-2024·（黑龙江）地理高考真题\2011年高考地理试卷（新课标）（空白卷）.pdf,papers/2011/地理/全国/黑龙江卷/2011_地理_黑龙江_黑龙江卷_原卷.pdf,2
2011,地理,上海,老高考,2017,地方/区域卷,local,上海卷,present_local,"H:\New folder\【新·PDF版】2008-2024·高考地理真题\版本2：地理（按省份分类）2008-2024\2008-2021,2024·（上海）地理高考真题\2011年高考地理试卷（上海）（空白卷）.pdf",papers/2011/地理/上海/上海卷/2011_地理_上海_上海卷_原卷.pdf,2
2011,地理,江苏,老高考,2021,地方/区域卷,local,江苏卷,present_local,H:\New folder\【新·PDF版】2008-2024·高考地理真题\版本2：地理（按省份分类）2008-2024\2008-2023·（江苏）地理高考真题\2011年高考地理试卷（江苏）（空白卷）.pdf,papers/2011/地理/江苏/江苏卷/2011_地理_江苏_江苏卷_原卷.pdf,2
2011,地理,浙江,老高考,2017,地方/区域卷,local,浙江卷,present_local,H:\New folder\【新·PDF版】2008-2024·高考地理真题\版本2：地理（按省份分类）2008-2024\2008-2024·（浙江）地理高考真题\2011年高考地理试卷（浙江）（空白卷）.pdf,papers/2011/地理/浙江/浙江卷/2011_地理_浙江_浙江卷_原卷.pdf,2
2011,地理,安徽,老高考,2024,,missing,,missing,,,0
2011,地理,福建,老高考,2021,,missing,,missing,,,0
2011,地理,江西,老高考,2024,全国卷,common,江西卷,present_common,H:\New folder\【新·PDF版】2008-2024·高考地理真题\版本2：地理（按省份分类）2008-2024\2008-2024·（江西）地理高考真题\2011年高考地理试卷（新课标）（空白卷）.pdf,papers/2011/地理/全国/江西卷/2011_地理_江西_江西卷_原卷.pdf,2
2011,地理,山东,老高考,2020,地方/区域卷,local,山东卷,present_local,H:\New folder\【新·PDF版】2008-2024·高考地理真题\版本2：地理（按省份分类）2008-2024\2008-2024·（山东）地理高考真题\2011年高考地理试卷（山东）（空白卷）.pdf,papers/2011/地理/山东/山东卷/2011_地理_山东_山东卷_原卷.pdf,2
2011,地理,河南,老高考,2025,全国卷,common,河南卷,present_common,H:\New folder\【新·PDF版】2008-2024·高考地理真题\版本2：地理（按省份分类）2008-2024\2008-2024·（河南）地理高考真题\2011年高考地理试卷（新课标）（空白卷）.pdf,papers/2011/地理/全国/河南卷/2011_地理_河南_河南卷_原卷.pdf,2
2011,地理,湖北,老高考,2021,全国卷,common,湖北卷,present_common,H:\New folder\【新·PDF版】2008-2024·高考地理真题\版本2：地理（按省份分类）2008-2024\2008-2024·（湖北）地理高考真题\2011年高考地理试卷（新课标）（空白卷）.pdf,papers/2011/地理/全国/湖北卷/2011_地理_湖北_湖北卷_原卷.pdf,2
2011,地理,湖南,老高考,2021,全国卷,common,湖南卷,present_common,H:\New folder\【新·PDF版】2008-2024·高考地理真题\版本2：地理（按省份分类）2008-2024\2008-2024·（湖南）地理高考真题\2011年高考地理试卷（新课标）（空白卷）.pdf,papers/2011/地理/全国/湖南卷/2011_地理_湖南_湖南卷_原卷.pdf,2
2011,地理,广东,老高考,2021,地方/区域卷,local,广东卷,present_local,H:\New folder\【新·PDF版】2008-2024·高考地理真题\版本2：地理（按省份分类）2008-2024\2008-2024·（广东）地理高考真题\2011年高考地理试卷（广东）（空白卷）.pdf,papers/2011/地理/广东/广东卷/2011_地理_广东_广东卷_原卷.pdf,2
2011,地理,广西,老高考,2024,全国卷,common,广西卷,present_common,H:\New folder\【新·PDF版】2008-2024·高考地理真题\版本2：地理（按省份分类）2008-2024\2008-2023·（广西）地理高考真题\2011年高考地理试卷（新课标）（空白卷）.pdf,papers/2011/地理/全国/广西卷/2011_地理_广西_广西卷_原卷.pdf,2
2011,地理,海南,老高考,2020,地方/区域卷,local,海南卷,present_local,H:\New folder\【新·PDF版】2008-2024·高考地理真题\版本2：地理（按省份分类）2008-2024\2008-2023·（海南）地理高考真题\2011年高考地理试卷（海南）（空白卷）.pdf,papers/2011/地理/海南/海南卷/2011_地理_海南_海南卷_原卷.pdf,2
2011,地理,重庆,老高考,2021,,missing,,missing,,,0
2011,地理,四川,老高考,2025,地方/区域卷,local,四川卷,present_local,H:\New folder\【新·PDF版】2008-2024·高考地理真题\版本2：地理（按省份分类）2008-2024\2008-2024·（四川）地理高考真题\2011年高考地理试卷（四川）（空白卷）.pdf,papers/2011/地理/四川/四川卷/2011_地理_四川_四川卷_原卷.pdf,2
2011,地理,贵州,老高考,2024,全国卷,common,贵州卷,present_common,H:\New folder\【新·PDF版】2008-2024·高考地理真题\版本2：地理（按省份分类）2008-2024\2008-2023·（贵州）地理高考真题\2011年高考地理试卷（大纲卷，全国卷Ⅱ）（空白卷）.pdf,papers/2011/地理/全国/贵州卷/2011_地理_贵州_贵州卷_原卷.pdf,2
2011,地理,云南,老高考,2025,全国卷,common,云南卷,present_common,H:\New folder\【新·PDF版】2008-2024·高考地理真题\版本2：地理（按省份分类）2008-2024\2008-2024·（云南）地理高考真题\2011年高考地理试卷（新课标）（空白卷）.pdf,papers/2011/地理/全国/云南卷/2011_地理_云南_云南卷_原卷.pdf,2
2011,地理,西藏,老高考,,全国卷,common,西藏卷,present_common,H:\New folder\【新·PDF版】2008-2024·高考地理真题\版本2：地理（按省份分类）2008-2024\2008-2024·（西藏）地理高考真题\2011年高考地理试卷（新课标）（空白卷）.pdf,papers/2011/地理/全国/西藏卷/2011_地理_西藏_西藏卷_原卷.pdf,2
2011,地理,陕西,老高考,2025,全国卷,common,陕西卷,present_common,H:\New folder\【新·PDF版】2008-2024·高考地理真题\版本2：地理（按省份分类）2008-2024\2008-2024·（陕西）地理高考真题\2011年高考地理试卷（新课标）（空白卷）.pdf,papers/2011/地理/全国/陕西卷/2011_地理_陕西_陕西卷_原卷.pdf,2
2011,地理,甘肃,老高考,2024,全国卷,common,甘肃卷,present_common,H:\New folder\【新·PDF版】2008-2024·高考地理真题\版本2：地理（按省份分类）2008-2024\2008-2024·（甘肃）地理高考真题\2011年高考地理试卷（大纲卷，全国卷Ⅱ）（空白卷）.pdf,papers/2011/地理/全国/甘肃卷/2011_地理_甘肃_甘肃卷_原卷.pdf,2
2011,地理,青海,老高考,2025,全国卷,common,青海卷,present_common,H:\New folder\【新·PDF版】2008-2024·高考地理真题\版本2：地理（按省份分类）2008-2024\2008-2024·（青海）地理高考真题\2011年高考地理试卷（大纲卷，全国卷Ⅱ）（空白卷）.pdf,papers/2011/地理/全国/青海卷/2011_地理_青海_青海卷_原卷.pdf,2
2011,地理,宁夏,老高考,2025,全国卷,common,宁夏卷,present_common,H:\New folder\【新·PDF版】2008-2024·高考地理真题\版本2：地理（按省份分类）2008-2024\2010-2024·（宁夏）地理高考真题\2011年高考地理试卷（新课标）（空白卷）.pdf,papers/2011/地理/全国/宁夏卷/2011_地理_宁夏_宁夏卷_原卷.pdf,2
2011,地理,新疆,老高考,,全国卷,common,新疆卷,present_common,H:\New folder\【新·PDF版】2008-2024·高考地理真题\版本2：地理（按省份分类）2008-2024\2008-2024·（新疆）地理高考真题\2011年高考地理试卷（新课标）（空白卷）.pdf,papers/2011/地理/全国/新疆卷/2011_地理_新疆_新疆卷_原卷.pdf,2
2012,语文,北京,老高考,2020,地方/区域卷,local,北京卷,present_local,H:\New folder\【新·PDF版】2008-2024·高考语文真题\版本2：语文（按省份分类）2008-2024\2008-2024·（北京）语文高考真题\2012年高考语文试卷（北京）（空白卷）.pdf,papers/2012/语文/北京/北京卷/2012_语文_北京_北京卷_原卷.pdf,2
2012,语文,天津,老高考,2020,地方/区域卷,local,天津卷,present_local,H:\New folder\【新·PDF版】2008-2024·高考语文真题\版本2：语文（按省份分类）2008-2024\2008-2023·（天津）语文高考真题\2012年高考语文试卷（天津）（空白卷）.pdf,papers/2012/语文/天津/天津卷/2012_语文_天津_天津卷_原卷.pdf,2
2012,语文,河北,老高考,2021,全国卷,common,河北卷,present_common,H:\New folder\【新·PDF版】2008-2024·高考语文真题\版本2：语文（按省份分类）2008-2024\2008-2024·（河北）语文高考真题\2012年高考语文试卷（新课标）（空白卷）.pdf,papers/2012/语文/全国/河北卷/2012_语文_河北_河北卷_原卷.pdf,2
2012,语文,山西,老高考,2025,全国卷,common,山西卷,present_common,H:\New folder\【新·PDF版】2008-2024·高考语文真题\版本2：语文（按省份分类）2008-2024\2008-2024·（山西）语文高考真题\2012年高考语文试卷（新课标）（空白卷）.pdf,papers/2012/语文/全国/山西卷/2012_语文_山西_山西卷_原卷.pdf,2
2012,语文,内蒙古,老高考,2025,全国卷,common,内蒙古卷,present_common,H:\New folder\【新·PDF版】2008-2024·高考语文真题\版本2：语文（按省份分类）2008-2024\2008-2024·（内蒙古）语文高考真题\2012年高考语文试卷（新课标）（空白卷）.pdf,papers/2012/语文/全国/内蒙古卷/2012_语文_内蒙古_内蒙古卷_原卷.pdf,2
2012,语文,辽宁,老高考,2021,地方/区域卷,local,辽宁卷,present_local,H:\New folder\【新·PDF版】2008-2024·高考语文真题\版本2：语文（按省份分类）2008-2024\2012-2024·（辽宁）语文高考真题\2012年高考语文试卷（辽宁）（空白卷）.pdf,papers/2012/语文/辽宁/辽宁卷/2012_语文_辽宁_辽宁卷_原卷.pdf,2
2012,语文,吉林,老高考,2024,全国卷,common,吉林卷,present_common,H:\New folder\【新·PDF版】2008-2024·高考语文真题\版本2：语文（按省份分类）2008-2024\2008-2024·（吉林）语文高考真题\2012年高考语文试卷（新课标）（空白卷）.pdf,papers/2012/语文/全国/吉林卷/2012_语文_吉林_吉林卷_原卷.pdf,2
2012,语文,黑龙江,老高考,2024,全国卷,common,黑龙江卷,present_common,H:\New folder\【新·PDF版】2008-2024·高考语文真题\版本2：语文（按省份分类）2008-2024\2008-2024·（黑龙江）语文高考真题\2012年高考语文试卷（新课标）（空白卷）.pdf,papers/2012/语文/全国/黑龙江卷/2012_语文_黑龙江_黑龙江卷_原卷.pdf,2
2012,语文,上海,老高考,2017,地方/区域卷,local,上海卷,present_local,H:\New folder\【新·PDF版】2008-2024·高考语文真题\版本2：语文（按省份分类）2008-2024\2008-2023·（上海）语文高考真题\2012年高考语文试卷（上海）（秋考）（答案卷）.pdf,papers/2012/语文/上海/上海卷/2012_语文_上海_上海卷_原卷.pdf,1
2012,语文,江苏,老高考,2021,地方/区域卷,local,江苏卷,present_local,H:\New folder\【新·PDF版】2008-2024·高考语文真题\版本2：语文（按省份分类）2008-2024\2008-2024·（江苏）语文高考真题\2012年高考语文试卷（江苏）（空白卷）.pdf,papers/2012/语文/江苏/江苏卷/2012_语文_江苏_江苏卷_原卷.pdf,2
2012,语文,浙江,老高考,2017,地方/区域卷,local,浙江卷,present_local,H:\New folder\【新·PDF版】2008-2024·高考语文真题\版本2：语文（按省份分类）2008-2024\2008-2024·（浙江）语文高考真题\2012年高考语文试卷（浙江）（空白卷）.pdf,papers/2012/语文/浙江/浙江卷/2012_语文_浙江_浙江卷_原卷.pdf,2
2012,语文,安徽,老高考,2024,地方/区域卷,local,安徽卷,present_local,H:\New folder\【新·PDF版】2008-2024·高考语文真题\版本2：语文（按省份分类）2008-2024\2012-2024·（安徽）语文高考真题\2012年高考语文试卷（安徽）（空白卷）.pdf,papers/2012/语文/安徽/安徽卷/2012_语文_安徽_安徽卷_原卷.pdf,2
2012,语文,福建,老高考,2021,地方/区域卷,local,福建卷,present_local,H:\New folder\【新·PDF版】2008-2024·高考语文真题\版本2：语文（按省份分类）2008-2024\2012-2024·（福建）语文高考真题\2012年高考语文试卷（福建）（空白卷）.pdf,papers/2012/语文/福建/福建卷/2012_语文_福建_福建卷_原卷.pdf,2
2012,语文,江西,老高考,2024,地方/区域卷,local,江西卷,present_local,H:\New folder\【新·PDF版】2008-2024·高考语文真题\版本2：语文（按省份分类）2008-2024\2012-2024·（江西）语文高考真题\2012年高考语文试卷（江西）（空白卷）.pdf,papers/2012/语文/江西/江西卷/2012_语文_江西_江西卷_原卷.pdf,2
2012,语文,山东,老高考,2020,地方/区域卷,local,山东卷,present_local,H:\New folder\【新·PDF版】2008-2024·高考语文真题\版本2：语文（按省份分类）2008-2024\2008-2024·（山东）语文高考真题\2012年高考语文试卷（山东）（空白卷）.pdf,papers/2012/语文/山东/山东卷/2012_语文_山东_山东卷_原卷.pdf,2
2012,语文,河南,老高考,2025,全国卷,common,河南卷,present_common,H:\New folder\【新·PDF版】2008-2024·高考语文真题\版本2：语文（按省份分类）2008-2024\2008-2024·（河南）语文高考真题\2012年高考语文试卷（新课标）（空白卷）.pdf,papers/2012/语文/全国/河南卷/2012_语文_河南_河南卷_原卷.pdf,2
2012,语文,湖北,老高考,2021,地方/区域卷,local,湖北卷,present_local,H:\New folder\【新·PDF版】2008-2024·高考语文真题\版本2：语文（按省份分类）2008-2024\2012-2024·（湖北）语文高考真题\2012年高考语文试卷（湖北）（解析卷）.pdf,papers/2012/语文/湖北/湖北卷/2012_语文_湖北_湖北卷_原卷.pdf,1
2012,语文,湖南,老高考,2021,地方/区域卷,local,湖南卷,present_local,H:\New folder\【新·PDF版】2008-2024·高考语文真题\版本2：语文（按省份分类）2008-2024\2008-2024·（湖南）语文高考真题\2012年高考语文试卷（湖南）（空白卷）.pdf,papers/2012/语文/湖南/湖南卷/2012_语文_湖南_湖南卷_原卷.pdf,2
2012,语文,广东,老高考,2021,地方/区域卷,local,广东卷,present_local,H:\New folder\【新·PDF版】2008-2024·高考语文真题\版本2：语文（按省份分类）2008-2024\2008-2024·（广东）语文高考真题\2012年高考语文试卷（广东）（空白卷）.pdf,papers/2012/语文/广东/广东卷/2012_语文_广东_广东卷_原卷.pdf,2
2012,语文,广西,老高考,2024,地方/区域卷,local,广西卷,present_local,H:\New folder\【新·PDF版】2008-2024·高考语文真题\版本2：语文（按省份分类）2008-2024\2008-2024·（广西）语文高考真题\2012年高考语文试卷（大纲版）（空白卷）.pdf,papers/2012/语文/广西/广西卷/2012_语文_广西_广西卷_原卷.pdf,2
2012,语文,海南,老高考,2020,全国卷,common,海南卷,present_common,H:\New folder\【新·PDF版】2008-2024·高考语文真题\版本2：语文（按省份分类）2008-2024\2008-2024·（海南）语文高考真题\2012年高考语文试卷（新课标）（空白卷）.pdf,papers/2012/语文/全国/海南卷/2012_语文_海南_海南卷_原卷.pdf,2
2012,语文,重庆,老高考,2021,地方/区域卷,local,重庆卷,present_local,H:\New folder\【新·PDF版】2008-2024·高考语文真题\版本2：语文（按省份分类）2008-2024\2012-2024·（重庆）语文高考真题\2012年高考语文试卷（重庆）（空白卷）.pdf,papers/2012/语文/重庆/重庆卷/2012_语文_重庆_重庆卷_原卷.pdf,2
2012,语文,四川,老高考,2025,地方/区域卷,local,四川卷,present_local,H:\New folder\【新·PDF版】2008-2024·高考语文真题\版本2：语文（按省份分类）2008-2024\2008-2024·（四川）语文高考真题\2012年高考语文试卷（四川）（空白卷）.pdf,papers/2012/语文/四川/四川卷/2012_语文_四川_四川卷_原卷.pdf,2
2012,语文,贵州,老高考,2024,地方/区域卷,local,贵州卷,present_local,H:\New folder\【新·PDF版】2008-2024·高考语文真题\版本2：语文（按省份分类）2008-2024\2008-2024·（贵州）语文高考真题\2012年高考语文试卷（大纲版）（空白卷）.pdf,papers/2012/语文/贵州/贵州卷/2012_语文_贵州_贵州卷_原卷.pdf,2
2012,语文,云南,老高考,2025,全国卷,common,云南卷,present_common,H:\New folder\【新·PDF版】2008-2024·高考语文真题\版本2：语文（按省份分类）2008-2024\2008-2024·（云南）语文高考真题\2012年高考语文试卷（新课标）（空白卷）.pdf,papers/2012/语文/全国/云南卷/2012_语文_云南_云南卷_原卷.pdf,2
2012,语文,西藏,老高考,,地方/区域卷,local,西藏卷,present_local,H:\New folder\【新·PDF版】2008-2024·高考语文真题\版本2：语文（按省份分类）2008-2024\2008-2024·（西藏）语文高考真题\2012年高考语文试卷（大纲版）（空白卷）.pdf,papers/2012/语文/西藏/西藏卷/2012_语文_西藏_西藏卷_原卷.pdf,2
2012,语文,陕西,老高考,2025,全国卷,common,陕西卷,present_common,H:\New folder\【新·PDF版】2008-2024·高考语文真题\版本2：语文（按省份分类）2008-2024\2008-2024·（陕西）语文高考真题\2012年高考语文试卷（新课标）（空白卷）.pdf,papers/2012/语文/全国/陕西卷/2012_语文_陕西_陕西卷_原卷.pdf,2
2012,语文,甘肃,老高考,2024,地方/区域卷,local,甘肃卷,present_local,H:\New folder\【新·PDF版】2008-2024·高考语文真题\版本2：语文（按省份分类）2008-2024\2008-2024·（甘肃）语文高考真题\2012年高考语文试卷（大纲版）（空白卷）.pdf,papers/2012/语文/甘肃/甘肃卷/2012_语文_甘肃_甘肃卷_原卷.pdf,2
2012,语文,青海,老高考,2025,地方/区域卷,local,青海卷,present_local,H:\New folder\【新·PDF版】2008-2024·高考语文真题\版本2：语文（按省份分类）2008-2024\2008-2024·（青海）语文高考真题\2012年高考语文试卷（大纲版）（空白卷）.pdf,papers/2012/语文/青海/青海卷/2012_语文_青海_青海卷_原卷.pdf,2
2012,语文,宁夏,老高考,2025,全国卷,common,宁夏卷,present_common,H:\New folder\【新·PDF版】2008-2024·高考语文真题\版本2：语文（按省份分类）2008-2024\2008-2024·（宁夏）语文高考真题\2012年高考语文试卷（新课标）（空白卷）.pdf,papers/2012/语文/全国/宁夏卷/2012_语文_宁夏_宁夏卷_原卷.pdf,2
2012,语文,新疆,老高考,,全国卷,common,新疆卷,present_common,H:\New folder\【新·PDF版】2008-2024·高考语文真题\版本2：语文（按省份分类）2008-2024\2008-2024·（新疆）语文高考真题\2012年高考语文试卷（新课标）（空白卷）.pdf,papers/2012/语文/全国/新疆卷/2012_语文_新疆_新疆卷_原卷.pdf,2
2012,数学,北京,老高考,2020,地方/区域卷,local,北京卷,present_local,H:\New folder\【新】2008-2024·高考数学真题\【PDF版】2008-2024·高考数学真题\版本2：数学（按省份分类）2008-2024\2008-2024·（北京）数学高考真题\2012年高考数学试卷（文）（北京）（空白卷）.pdf,papers/2012/数学/北京/北京卷/2012_数学_北京_北京卷_原卷.pdf,4
2012,数学,天津,老高考,2020,地方/区域卷,local,天津卷,present_local,H:\New folder\【新】2008-2024·高考数学真题\【PDF版】2008-2024·高考数学真题\版本2：数学（按省份分类）2008-2024\2008-2024·（天津）数学高考真题\2012年高考数学试卷（文）（天津）（空白卷）.pdf,papers/2012/数学/天津/天津卷/2012_数学_天津_天津卷_原卷.pdf,4
2012,数学,河北,老高考,2021,全国卷,common,河北卷,present_common,H:\New folder\【新】2008-2024·高考数学真题\【PDF版】2008-2024·高考数学真题\版本2：数学（按省份分类）2008-2024\2008-2024·（河北）数学高考真题\2012年高考数学试卷（文）（新课标）（空白卷）.pdf,papers/2012/数学/全国/河北卷/2012_数学_河北_河北卷_原卷.pdf,4
2012,数学,山西,老高考,2025,全国卷,common,山西卷,present_common,H:\New folder\【新】2008-2024·高考数学真题\【PDF版】2008-2024·高考数学真题\版本2：数学（按省份分类）2008-2024\2008-2024·（山西）数学高考真题\2012年高考数学试卷（文）（新课标）（空白卷）.pdf,papers/2012/数学/全国/山西卷/2012_数学_山西_山西卷_原卷.pdf,4
2012,数学,内蒙古,老高考,2025,全国卷,common,内蒙古卷,present_common,H:\New folder\【新】2008-2024·高考数学真题\【PDF版】2008-2024·高考数学真题\版本2：数学（按省份分类）2008-2024\2008-2024·（内蒙古）数学高考真题\2012年高考数学试卷（文）（新课标）（空白卷）.pdf,papers/2012/数学/全国/内蒙古卷/2012_数学_内蒙古_内蒙古卷_原卷.pdf,4
2012,数学,辽宁,老高考,2021,地方/区域卷,local,辽宁卷,present_local,H:\New folder\【新】2008-2024·高考数学真题\【PDF版】2008-2024·高考数学真题\版本2：数学（按省份分类）2008-2024\2008-2024·（辽宁）数学高考真题\2012年高考数学试卷（文）（辽宁）（空白卷）.pdf,papers/2012/数学/辽宁/辽宁卷/2012_数学_辽宁_辽宁卷_原卷.pdf,4
2012,数学,吉林,老高考,2024,全国卷,common,吉林卷,present_common,H:\New folder\【新】2008-2024·高考数学真题\【PDF版】2008-2024·高考数学真题\版本2：数学（按省份分类）2008-2024\2008-2024·（吉林）数学高考真题\2012年高考数学试卷（文）（新课标）（空白卷）.pdf,papers/2012/数学/全国/吉林卷/2012_数学_吉林_吉林卷_原卷.pdf,4
2012,数学,黑龙江,老高考,2024,全国卷,common,黑龙江卷,present_common,H:\New folder\【新】2008-2024·高考数学真题\【PDF版】2008-2024·高考数学真题\版本2：数学（按省份分类）2008-2024\2008-2024·（黑龙江）数学高考真题\2012年高考数学试卷（文）（新课标）（空白卷）.pdf,papers/2012/数学/全国/黑龙江卷/2012_数学_黑龙江_黑龙江卷_原卷.pdf,4
2012,数学,上海,老高考,2017,地方/区域卷,local,上海卷,present_local,H:\New folder\【新】2008-2024·高考数学真题\【PDF版】2008-2024·高考数学真题\版本2：数学（按省份分类）2008-2024\2008-2024·（上海）数学高考真题\2012年高考数学试卷（文）（上海）（空白卷）.pdf,papers/2012/数学/上海/上海卷/2012_数学_上海_上海卷_原卷.pdf,4
2012,数学,江苏,老高考,2021,地方/区域卷,local,江苏卷,present_local,H:\New folder\【新】2008-2024·高考数学真题\【PDF版】2008-2024·高考数学真题\版本2：数学（按省份分类）2008-2024\2008-2024·（江苏）数学高考真题\2012年高考数学试卷（江苏）（空白卷）.pdf,papers/2012/数学/江苏/江苏卷/2012_数学_江苏_江苏卷_原卷.pdf,2
2012,数学,浙江,老高考,2017,地方/区域卷,local,浙江卷,present_local,H:\New folder\【新】2008-2024·高考数学真题\【PDF版】2008-2024·高考数学真题\版本2：数学（按省份分类）2008-2024\2008-2024·（浙江）数学高考真题\2012年高考数学试卷（文）（浙江）（空白卷）.pdf,papers/2012/数学/浙江/浙江卷/2012_数学_浙江_浙江卷_原卷.pdf,4
2012,数学,安徽,老高考,2024,地方/区域卷,local,安徽卷,present_local,H:\New folder\【新】2008-2024·高考数学真题\【PDF版】2008-2024·高考数学真题\版本2：数学（按省份分类）2008-2024\2012-2024·（安徽）数学高考真题\2012年高考数学试卷（文）（安徽）（空白卷）.pdf,papers/2012/数学/安徽/安徽卷/2012_数学_安徽_安徽卷_原卷.pdf,4
2012,数学,福建,老高考,2021,地方/区域卷,local,福建卷,present_local,H:\New folder\【新】2008-2024·高考数学真题\【PDF版】2008-2024·高考数学真题\版本2：数学（按省份分类）2008-2024\2012-2024·（福建）数学高考真题\2012年高考数学试卷（文）（福建）（空白卷）.pdf,papers/2012/数学/福建/福建卷/2012_数学_福建_福建卷_原卷.pdf,4
2012,数学,江西,老高考,2024,地方/区域卷,local,江西卷,present_local,H:\New folder\【新】2008-2024·高考数学真题\【PDF版】2008-2024·高考数学真题\版本2：数学（按省份分类）2008-2024\2008-2024·（江西）数学高考真题\2012年高考数学试卷（文）（江西）（空白卷）.pdf,papers/2012/数学/江西/江西卷/2012_数学_江西_江西卷_原卷.pdf,4
2012,数学,山东,老高考,2020,地方/区域卷,local,山东卷,present_local,H:\New folder\【新】2008-2024·高考数学真题\【PDF版】2008-2024·高考数学真题\版本2：数学（按省份分类）2008-2024\2008-2024·（山东）数学高考真题\2012年高考数学试卷（文）（山东）（空白卷）.pdf,papers/2012/数学/山东/山东卷/2012_数学_山东_山东卷_原卷.pdf,4
2012,数学,河南,老高考,2025,全国卷,common,河南卷,present_common,H:\New folder\【新】2008-2024·高考数学真题\【PDF版】2008-2024·高考数学真题\版本2：数学（按省份分类）2008-2024\2008-2024·（河南）数学高考真题\2012年高考数学试卷（文）（新课标）（空白卷）.pdf,papers/2012/数学/全国/河南卷/2012_数学_河南_河南卷_原卷.pdf,4
2012,数学,湖北,老高考,2021,地方/区域卷,local,湖北卷,present_local,H:\New folder\【新】2008-2024·高考数学真题\【PDF版】2008-2024·高考数学真题\版本2：数学（按省份分类）2008-2024\2012-2024·（湖北）数学高考真题\2012年高考数学试卷（文）（湖北）（空白卷）.pdf,papers/2012/数学/湖北/湖北卷/2012_数学_湖北_湖北卷_原卷.pdf,4
2012,数学,湖南,老高考,2021,地方/区域卷,local,湖南卷,present_local,H:\New folder\【新】2008-2024·高考数学真题\【PDF版】2008-2024·高考数学真题\版本2：数学（按省份分类）2008-2024\2008-2024·（湖南）数学高考真题\2012年高考数学试卷（文）（湖南）（空白卷）.pdf,papers/2012/数学/湖南/湖南卷/2012_数学_湖南_湖南卷_原卷.pdf,4
2012,数学,广东,老高考,2021,地方/区域卷,local,广东卷,present_local,H:\New folder\【新】2008-2024·高考数学真题\【PDF版】2008-2024·高考数学真题\版本2：数学（按省份分类）2008-2024\2008-2024·（广东）数学高考真题\2012年高考数学试卷（文）（广东）（空白卷）.pdf,papers/2012/数学/广东/广东卷/2012_数学_广东_广东卷_原卷.pdf,4
2012,数学,广西,老高考,2024,地方/区域卷,local,广西卷,present_local,H:\New folder\【新】2008-2024·高考数学真题\【PDF版】2008-2024·高考数学真题\版本2：数学（按省份分类）2008-2024\2008-2024·（广西）数学高考真题\2012年高考数学试卷（文）（大纲版）（空白卷）.pdf,papers/2012/数学/广西/广西卷/2012_数学_广西_广西卷_原卷.pdf,4
2012,数学,海南,老高考,2020,全国卷,common,海南卷,present_common,H:\New folder\【新】2008-2024·高考数学真题\【PDF版】2008-2024·高考数学真题\版本2：数学（按省份分类）2008-2024\2008-2024·（海南）数学高考真题\2012年高考数学试卷（文）（新课标）（空白卷）.pdf,papers/2012/数学/全国/海南卷/2012_数学_海南_海南卷_原卷.pdf,4
2012,数学,重庆,老高考,2021,地方/区域卷,local,重庆卷,present_local,H:\New folder\【新】2008-2024·高考数学真题\【PDF版】2008-2024·高考数学真题\版本2：数学（按省份分类）2008-2024\2012-2024·（重庆）数学高考真题\2012年高考数学试卷（文）（重庆自主命题）（空白卷）.pdf,papers/2012/数学/重庆/重庆卷/2012_数学_重庆_重庆卷_原卷.pdf,4
2012,数学,四川,老高考,2025,地方/区域卷,local,四川卷,present_local,H:\New folder\【新】2008-2024·高考数学真题\【PDF版】2008-2024·高考数学真题\版本2：数学（按省份分类）2008-2024\2008-2024·（四川）数学高考真题\2012年高考数学试卷（文）（四川）（空白卷）.pdf,papers/2012/数学/四川/四川卷/2012_数学_四川_四川卷_原卷.pdf,4
2012,数学,贵州,老高考,2024,地方/区域卷,local,贵州卷,present_local,H:\New folder\【新】2008-2024·高考数学真题\【PDF版】2008-2024·高考数学真题\版本2：数学（按省份分类）2008-2024\2008-2024·（贵州）数学高考真题\2012年高考数学试卷（文）（大纲版）（空白卷）.pdf,papers/2012/数学/贵州/贵州卷/2012_数学_贵州_贵州卷_原卷.pdf,4
2012,数学,云南,老高考,2025,全国卷,common,云南卷,present_common,H:\New folder\【新】2008-2024·高考数学真题\【PDF版】2008-2024·高考数学真题\版本2：数学（按省份分类）2008-2024\2008-2024·（云南）数学高考真题\2012年高考数学试卷（文）（新课标）（空白卷）.pdf,papers/2012/数学/全国/云南卷/2012_数学_云南_云南卷_原卷.pdf,4
2012,数学,西藏,老高考,,地方/区域卷,local,西藏卷,present_local,H:\New folder\【新】2008-2024·高考数学真题\【PDF版】2008-2024·高考数学真题\版本2：数学（按省份分类）2008-2024\2008-2024·（西藏）数学高考真题\2012年高考数学试卷（文）（大纲版）（空白卷）.pdf,papers/2012/数学/西藏/西藏卷/2012_数学_西藏_西藏卷_原卷.pdf,4
2012,数学,陕西,老高考,2025,地方/区域卷,local,陕西卷,present_local,H:\New folder\【新】2008-2024·高考数学真题\【PDF版】2008-2024·高考数学真题\版本2：数学（按省份分类）2008-2024\2008-2024·（陕西）数学高考真题\2012年高考数学试卷（文）（陕西）（空白卷）.pdf,papers/2012/数学/陕西/陕西卷/2012_数学_陕西_陕西卷_原卷.pdf,4
2012,数学,甘肃,老高考,2024,地方/区域卷,local,甘肃卷,present_local,H:\New folder\【新】2008-2024·高考数学真题\【PDF版】2008-2024·高考数学真题\版本2：数学（按省份分类）2008-2024\2008-2024·（甘肃）数学高考真题\2012年高考数学试卷（文）（大纲版）（空白卷）.pdf,papers/2012/数学/甘肃/甘肃卷/2012_数学_甘肃_甘肃卷_原卷.pdf,2
2012,数学,青海,老高考,2025,地方/区域卷,local,青海卷,present_local,H:\New folder\【新】2008-2024·高考数学真题\【PDF版】2008-2024·高考数学真题\版本2：数学（按省份分类）2008-2024\2008-2024·（青海）数学高考真题\2012年高考数学试卷（文）（大纲版）（空白卷）.pdf,papers/2012/数学/青海/青海卷/2012_数学_青海_青海卷_原卷.pdf,4
2012,数学,宁夏,老高考,2025,全国卷,common,宁夏卷,present_common,H:\New folder\【新】2008-2024·高考数学真题\【PDF版】2008-2024·高考数学真题\版本2：数学（按省份分类）2008-2024\2008-2024·（宁夏）数学高考真题\2012年高考数学试卷（文）（新课标）（空白卷）.pdf,papers/2012/数学/全国/宁夏卷/2012_数学_宁夏_宁夏卷_原卷.pdf,4
2012,数学,新疆,老高考,,全国卷,common,新疆卷,present_common,H:\New folder\【新】2008-2024·高考数学真题\【PDF版】2008-2024·高考数学真题\版本2：数学（按省份分类）2008-2024\2008-2024·（新疆）数学高考真题\2012年高考数学试卷（文）（新课标）（空白卷）.pdf,papers/2012/数学/全国/新疆卷/2012_数学_新疆_新疆卷_原卷.pdf,4
2012,英语,北京,老高考,2020,地方/区域卷,local,北京卷,present_local,H:\New folder\【新·PDF版】2008-2024·高考英语真题\版本2：英语（按省份分类）2008-2024\2008-2024·（北京）英语高考真题\2012年高考英语试卷（北京）听力音频.mp3,papers/2012/英语/北京/北京卷/2012_英语_北京_北京卷_原卷.mp3,3
2012,英语,天津,老高考,2020,地方/区域卷,local,天津卷,present_local,H:\New folder\【新·PDF版】2008-2024·高考英语真题\版本2：英语（按省份分类）2008-2024\2008-2023·（天津）英语高考真题\2012年高考英语试卷（天津）（空白卷）.pdf,papers/2012/英语/天津/天津卷/2012_英语_天津_天津卷_原卷.pdf,2
2012,英语,河北,老高考,2021,全国卷,common,河北卷,present_common,H:\New folder\【新·PDF版】2008-2024·高考英语真题\版本2：英语（按省份分类）2008-2024\2008-2024·（河北）英语高考真题\2012年高考英语试卷（新课标）听力音频.mp3,papers/2012/英语/全国/河北卷/2012_英语_河北_河北卷_原卷.mp3,3
2012,英语,山西,老高考,2025,全国卷,common,山西卷,present_common,H:\New folder\【新·PDF版】2008-2024·高考英语真题\版本2：英语（按省份分类）2008-2024\2008-2024·（山西）英语高考真题\2012年高考英语试卷（新课标）听力音频.mp3,papers/2012/英语/全国/山西卷/2012_英语_山西_山西卷_原卷.mp3,3
2012,英语,内蒙古,老高考,2025,全国卷,common,内蒙古卷,present_common,H:\New folder\【新·PDF版】2008-2024·高考英语真题\版本2：英语（按省份分类）2008-2024\2008-2024·（内蒙古）英语高考真题\2012年高考英语试卷（新课标）听力音频.mp3,papers/2012/英语/全国/内蒙古卷/2012_英语_内蒙古_内蒙古卷_原卷.mp3,3
2012,英语,辽宁,老高考,2021,地方/区域卷,local,辽宁卷,present_local,H:\New folder\【新·PDF版】2008-2024·高考英语真题\版本2：英语（按省份分类）2008-2024\2012-2024·（辽宁）英语高考真题\2012年高考英语试卷（辽宁）听力音频.mp3,papers/2012/英语/辽宁/辽宁卷/2012_英语_辽宁_辽宁卷_原卷.mp3,3
2012,英语,吉林,老高考,2024,全国卷,common,吉林卷,present_common,H:\New folder\【新·PDF版】2008-2024·高考英语真题\版本2：英语（按省份分类）2008-2024\2008-2024·（吉林）英语高考真题\2012年高考英语试卷（新课标）听力音频.mp3,papers/2012/英语/全国/吉林卷/2012_英语_吉林_吉林卷_原卷.mp3,3
2012,英语,黑龙江,老高考,2024,全国卷,common,黑龙江卷,present_common,H:\New folder\【新·PDF版】2008-2024·高考英语真题\版本2：英语（按省份分类）2008-2024\2008-2024·（黑龙江）英语高考真题\2012年高考英语试卷（新课标）听力音频.mp3,papers/2012/英语/全国/黑龙江卷/2012_英语_黑龙江_黑龙江卷_原卷.mp3,3
2012,英语,上海,老高考,2017,地方/区域卷,local,上海卷,present_local,H:\New folder\【新·PDF版】2008-2024·高考英语真题\版本2：英语（按省份分类）2008-2024\2008-2023·（上海）英语高考真题\2012年高考英语试卷（上海）（秋考）听力音频.mp3,papers/2012/英语/上海/上海卷/2012_英语_上海_上海卷_原卷.mp3,3
2012,英语,江苏,老高考,2021,地方/区域卷,local,江苏卷,present_local,H:\New folder\【新·PDF版】2008-2024·高考英语真题\版本2：英语（按省份分类）2008-2024\2008-2024·（江苏）英语高考真题\2012年高考英语试卷（江苏）听力音频.mp3,papers/2012/英语/江苏/江苏卷/2012_英语_江苏_江苏卷_原卷.mp3,3
2012,英语,浙江,老高考,2017,地方/区域卷,local,浙江卷,present_local,H:\New folder\【新·PDF版】2008-2024·高考英语真题\版本2：英语（按省份分类）2008-2024\2008-2024·（浙江）英语高考真题\2012年高考英语试卷（浙江）（空白卷）.pdf,papers/2012/英语/浙江/浙江卷/2012_英语_浙江_浙江卷_原卷.pdf,2
2012,英语,安徽,老高考,2024,地方/区域卷,local,安徽卷,present_local,H:\New folder\【新·PDF版】2008-2024·高考英语真题\版本2：英语（按省份分类）2008-2024\2012-2024·（安徽）英语高考真题\2012年高考英语试卷（安徽）听力音频.mp3,papers/2012/英语/安徽/安徽卷/2012_英语_安徽_安徽卷_原卷.mp3,3
2012,英语,福建,老高考,2021,地方/区域卷,local,福建卷,present_local,H:\New folder\【新·PDF版】2008-2024·高考英语真题\版本2：英语（按省份分类）2008-2024\2012-2024·（福建）英语高考真题\2012年高考英语试卷（福建）听力音频.mp3,papers/2012/英语/福建/福建卷/2012_英语_福建_福建卷_原卷.mp3,3
2012,英语,江西,老高考,2024,地方/区域卷,local,江西卷,present_local,H:\New folder\【新·PDF版】2008-2024·高考英语真题\版本2：英语（按省份分类）2008-2024\2012-2024·（江西）英语高考真题\2012年高考英语试卷（江西）听力音频.mp3,papers/2012/英语/江西/江西卷/2012_英语_江西_江西卷_原卷.mp3,3
2012,英语,山东,老高考,2020,地方/区域卷,local,山东卷,present_local,H:\New folder\【新·PDF版】2008-2024·高考英语真题\版本2：英语（按省份分类）2008-2024\2008-2024·（山东）英语高考真题\2012年高考英语试卷（山东）听力音频.mp3,papers/2012/英语/山东/山东卷/2012_英语_山东_山东卷_原卷.mp3,3
2012,英语,河南,老高考,2025,全国卷,common,河南卷,present_common,H:\New folder\【新·PDF版】2008-2024·高考英语真题\版本2：英语（按省份分类）2008-2024\2008-2024·（河南）英语高考真题\2012年高考英语试卷（新课标）听力音频.mp3,papers/2012/英语/全国/河南卷/2012_英语_河南_河南卷_原卷.mp3,3
2012,英语,湖北,老高考,2021,地方/区域卷,local,湖北卷,present_local,H:\New folder\【新·PDF版】2008-2024·高考英语真题\版本2：英语（按省份分类）2008-2024\2012-2024·（湖北）英语高考真题\2012年高考英语试卷（湖北）听力音频.mp3,papers/2012/英语/湖北/湖北卷/2012_英语_湖北_湖北卷_原卷.mp3,3
2012,英语,湖南,老高考,2021,地方/区域卷,local,湖南卷,present_local,H:\New folder\【新·PDF版】2008-2024·高考英语真题\版本2：英语（按省份分类）2008-2024\2008-2024·（湖南）英语高考真题\2012年高考英语试卷（湖南）听力音频.mp3,papers/2012/英语/湖南/湖南卷/2012_英语_湖南_湖南卷_原卷.mp3,3
2012,英语,广东,老高考,2021,地方/区域卷,local,广东卷,present_local,H:\New folder\【新·PDF版】2008-2024·高考英语真题\版本2：英语（按省份分类）2008-2024\2008-2024·（广东）英语高考真题\2012年高考英语试卷（广东）（空白卷）.pdf,papers/2012/英语/广东/广东卷/2012_英语_广东_广东卷_原卷.pdf,2
2012,英语,广西,老高考,2024,全国卷,common,广西卷,present_common,H:\New folder\【新·PDF版】2008-2024·高考英语真题\版本2：英语（按省份分类）2008-2024\2008-2024·（广西）英语高考真题\2012年高考英语试卷（新课标）听力音频.mp3,papers/2012/英语/全国/广西卷/2012_英语_广西_广西卷_原卷.mp3,3
2012,英语,海南,老高考,2020,全国卷,common,海南卷,present_common,H:\New folder\【新·PDF版】2008-2024·高考英语真题\版本2：英语（按省份分类）2008-2024\2008-2024·（海南）英语高考真题\2012年高考英语试卷（新课标）听力音频.mp3,papers/2012/英语/全国/海南卷/2012_英语_海南_海南卷_原卷.mp3,3
2012,英语,重庆,老高考,2021,地方/区域卷,local,重庆卷,present_local,H:\New folder\【新·PDF版】2008-2024·高考英语真题\版本2：英语（按省份分类）2008-2024\2012-2024·（重庆）英语高考真题\2012年高考英语听力真题（重庆卷）.mp3,papers/2012/英语/重庆/重庆卷/2012_英语_重庆_重庆卷_原卷.mp3,3
2012,英语,四川,老高考,2025,,missing,,missing,,,0
2012,英语,贵州,老高考,2024,全国卷,common,贵州卷,present_common,H:\New folder\【新·PDF版】2008-2024·高考英语真题\版本2：英语（按省份分类）2008-2024\2008-2024·（贵州）英语高考真题\2012年高考英语试卷（新课标）听力音频.mp3,papers/2012/英语/全国/贵州卷/2012_英语_贵州_贵州卷_原卷.mp3,3
2012,英语,云南,老高考,2025,全国卷,common,云南卷,present_common,H:\New folder\【新·PDF版】2008-2024·高考英语真题\版本2：英语（按省份分类）2008-2024\2008-2024·（云南）英语高考真题\2012年高考英语试卷（新课标）（空白卷）.pdf,papers/2012/英语/全国/云南卷/2012_英语_云南_云南卷_原卷.pdf,2
2012,英语,西藏,老高考,,全国卷,common,西藏卷,present_common,H:\New folder\【新·PDF版】2008-2024·高考英语真题\版本2：英语（按省份分类）2008-2024\2008-2024·（西藏）英语高考真题\2012年高考英语试卷（新课标）听力音频.mp3,papers/2012/英语/全国/西藏卷/2012_英语_西藏_西藏卷_原卷.mp3,3
2012,英语,陕西,老高考,2025,地方/区域卷,local,陕西卷,present_local,H:\New folder\【新·PDF版】2008-2024·高考英语真题\版本2：英语（按省份分类）2008-2024\2008-2024·（陕西）英语高考真题\2012年高考英语试卷（陕西）（空白卷）.pdf,papers/2012/英语/陕西/陕西卷/2012_英语_陕西_陕西卷_原卷.pdf,2
2012,英语,甘肃,老高考,2024,全国卷,common,甘肃卷,present_common,H:\New folder\【新·PDF版】2008-2024·高考英语真题\版本2：英语（按省份分类）2008-2024\2008-2024·（甘肃）英语高考真题\2012年高考英语试卷（新课标）听力音频.mp3,papers/2012/英语/全国/甘肃卷/2012_英语_甘肃_甘肃卷_原卷.mp3,3
2012,英语,青海,老高考,2025,全国卷,common,青海卷,present_common,H:\New folder\【新·PDF版】2008-2024·高考英语真题\版本2：英语（按省份分类）2008-2024\2008-2024·（青海）英语高考真题\2012年高考英语试卷（新课标）听力音频.mp3,papers/2012/英语/全国/青海卷/2012_英语_青海_青海卷_原卷.mp3,3
2012,英语,宁夏,老高考,2025,全国卷,common,宁夏卷,present_common,H:\New folder\【新·PDF版】2008-2024·高考英语真题\版本2：英语（按省份分类）2008-2024\2008-2024·（宁夏）英语高考真题\2012年高考英语试卷（新课标）听力音频.mp3,papers/2012/英语/全国/宁夏卷/2012_英语_宁夏_宁夏卷_原卷.mp3,3
2012,英语,新疆,老高考,,全国卷,common,新疆卷,present_common,H:\New folder\【新·PDF版】2008-2024·高考英语真题\版本2：英语（按省份分类）2008-2024\2008-2024·（新疆）英语高考真题\2012年高考英语试卷（新课标）听力音频.mp3,papers/2012/英语/全国/新疆卷/2012_英语_新疆_新疆卷_原卷.mp3,3
2012,物理,北京,老高考,2020,地方/区域卷,local,北京卷,present_local,H:\New folder\【新·PDF版】2008-2024·高考物理真题\版本2：物理（按省份分类）2008-2024\2008-2024·（北京）物理高考真题\2012年高考物理试卷（北京）（空白卷）.pdf,papers/2012/物理/北京/北京卷/2012_物理_北京_北京卷_原卷.pdf,2
2012,物理,天津,老高考,2020,地方/区域卷,local,天津卷,present_local,H:\New folder\【新·PDF版】2008-2024·高考物理真题\版本2：物理（按省份分类）2008-2024\2008-2023·（天津）物理高考真题\2012年高考物理试卷（天津）（空白卷）.pdf,papers/2012/物理/天津/天津卷/2012_物理_天津_天津卷_原卷.pdf,2
2012,物理,河北,老高考,2021,全国卷,common,河北卷,present_common,H:\New folder\【新·PDF版】2008-2024·高考物理真题\版本2：物理（按省份分类）2008-2024\2008-2024·（河北）物理高考真题\2012年高考物理试卷（新课标）（空白卷）.pdf,papers/2012/物理/全国/河北卷/2012_物理_河北_河北卷_原卷.pdf,2
2012,物理,山西,老高考,2025,全国卷,common,山西卷,present_common,H:\New folder\【新·PDF版】2008-2024·高考物理真题\版本2：物理（按省份分类）2008-2024\2008-2024·（山西）物理高考真题\2012年高考物理试卷（新课标）（空白卷）.pdf,papers/2012/物理/全国/山西卷/2012_物理_山西_山西卷_原卷.pdf,2
2012,物理,内蒙古,老高考,2025,全国卷,common,内蒙古卷,present_common,H:\New folder\【新·PDF版】2008-2024·高考物理真题\版本2：物理（按省份分类）2008-2024\2008-2024·（内蒙古）物理高考真题\2012年高考物理试卷（新课标）（空白卷）.pdf,papers/2012/物理/全国/内蒙古卷/2012_物理_内蒙古_内蒙古卷_原卷.pdf,2
2012,物理,辽宁,老高考,2021,全国卷,common,辽宁卷,present_common,H:\New folder\【新·PDF版】2008-2024·高考物理真题\版本2：物理（按省份分类）2008-2024\2010-2024·（辽宁）物理高考真题\2012年高考物理试卷（新课标）（空白卷）.pdf,papers/2012/物理/全国/辽宁卷/2012_物理_辽宁_辽宁卷_原卷.pdf,2
2012,物理,吉林,老高考,2024,全国卷,common,吉林卷,present_common,H:\New folder\【新·PDF版】2008-2024·高考物理真题\版本2：物理（按省份分类）2008-2024\2008-2024·（吉林）物理高考真题\2012年高考物理试卷（新课标）（空白卷）.pdf,papers/2012/物理/全国/吉林卷/2012_物理_吉林_吉林卷_原卷.pdf,2
2012,物理,黑龙江,老高考,2024,全国卷,common,黑龙江卷,present_common,H:\New folder\【新·PDF版】2008-2024·高考物理真题\版本2：物理（按省份分类）2008-2024\2008-2024·（黑龙江）物理高考真题\2012年高考物理试卷（新课标）（空白卷）.pdf,papers/2012/物理/全国/黑龙江卷/2012_物理_黑龙江_黑龙江卷_原卷.pdf,2
2012,物理,上海,老高考,2017,地方/区域卷,local,上海卷,present_local,H:\New folder\【新·PDF版】2008-2024·高考物理真题\版本2：物理（按省份分类）2008-2024\2008-2024·（上海）物理高考真题\2012年高考物理试卷（上海）（空白卷）.pdf,papers/2012/物理/上海/上海卷/2012_物理_上海_上海卷_原卷.pdf,2
2012,物理,江苏,老高考,2021,地方/区域卷,local,江苏卷,present_local,H:\New folder\【新·PDF版】2008-2024·高考物理真题\版本2：物理（按省份分类）2008-2024\2008-2024·（江苏）物理高考真题\2012年高考物理试卷（江苏）（空白卷）.pdf,papers/2012/物理/江苏/江苏卷/2012_物理_江苏_江苏卷_原卷.pdf,2
2012,物理,浙江,老高考,2017,地方/区域卷,local,浙江卷,present_local,H:\New folder\【新·PDF版】2008-2024·高考物理真题\版本2：物理（按省份分类）2008-2024\2008-2024·（浙江）物理高考真题\2012年高考物理试卷（浙江）（空白卷）.pdf,papers/2012/物理/浙江/浙江卷/2012_物理_浙江_浙江卷_原卷.pdf,2
2012,物理,安徽,老高考,2024,地方/区域卷,local,安徽卷,present_local,H:\New folder\【新·PDF版】2008-2024·高考物理真题\版本2：物理（按省份分类）2008-2024\2012-2024·（安徽）物理高考真题\2012年高考物理试卷（安徽）（空白卷）.pdf,papers/2012/物理/安徽/安徽卷/2012_物理_安徽_安徽卷_原卷.pdf,2
2012,物理,福建,老高考,2021,地方/区域卷,local,福建卷,present_local,H:\New folder\【新·PDF版】2008-2024·高考物理真题\版本2：物理（按省份分类）2008-2024\2012-2023·（福建）物理高考真题\2012年高考物理试卷（福建）（空白卷）.pdf,papers/2012/物理/福建/福建卷/2012_物理_福建_福建卷_原卷.pdf,2
2012,物理,江西,老高考,2024,全国卷,common,江西卷,present_common,H:\New folder\【新·PDF版】2008-2024·高考物理真题\版本2：物理（按省份分类）2008-2024\2008-2024·（江西）物理高考真题\2012年高考物理试卷（新课标）（空白卷）.pdf,papers/2012/物理/全国/江西卷/2012_物理_江西_江西卷_原卷.pdf,2
2012,物理,山东,老高考,2020,地方/区域卷,local,山东卷,present_local,H:\New folder\【新·PDF版】2008-2024·高考物理真题\版本2：物理（按省份分类）2008-2024\2008-2024·（山东）物理高考真题\2012年高考物理试卷（山东）（空白卷）.pdf,papers/2012/物理/山东/山东卷/2012_物理_山东_山东卷_原卷.pdf,2
2012,物理,河南,老高考,2025,全国卷,common,河南卷,present_common,H:\New folder\【新·PDF版】2008-2024·高考物理真题\版本2：物理（按省份分类）2008-2024\2008-2024·（河南）物理高考真题\2012年高考物理试卷（新课标）（空白卷）.pdf,papers/2012/物理/全国/河南卷/2012_物理_河南_河南卷_原卷.pdf,2
2012,物理,湖北,老高考,2021,全国卷,common,湖北卷,present_common,H:\New folder\【新·PDF版】2008-2024·高考物理真题\版本2：物理（按省份分类）2008-2024\2008-2024·（湖北）物理高考真题\2012年高考物理试卷（新课标）（空白卷）.pdf,papers/2012/物理/全国/湖北卷/2012_物理_湖北_湖北卷_原卷.pdf,2
2012,物理,湖南,老高考,2021,全国卷,common,湖南卷,present_common,H:\New folder\【新·PDF版】2008-2024·高考物理真题\版本2：物理（按省份分类）2008-2024\2008-2024·（湖南）物理高考真题\2012年高考物理试卷（新课标）（空白卷）.pdf,papers/2012/物理/全国/湖南卷/2012_物理_湖南_湖南卷_原卷.pdf,2
2012,物理,广东,老高考,2021,地方/区域卷,local,广东卷,present_local,H:\New folder\【新·PDF版】2008-2024·高考物理真题\版本2：物理（按省份分类）2008-2024\2008-2024·（广东）物理高考真题\2012年高考物理试卷（广东）（空白卷）.pdf,papers/2012/物理/广东/广东卷/2012_物理_广东_广东卷_原卷.pdf,2
2012,物理,广西,老高考,2024,地方/区域卷,local,广西卷,present_local,H:\New folder\【新·PDF版】2008-2024·高考物理真题\版本2：物理（按省份分类）2008-2024\2008-2024·（广西）物理高考真题\2012年高考物理试卷（大纲版）（空白卷）.pdf,papers/2012/物理/广西/广西卷/2012_物理_广西_广西卷_原卷.pdf,2
2012,物理,海南,老高考,2020,地方/区域卷,local,海南卷,present_local,H:\New folder\【新·PDF版】2008-2024·高考物理真题\版本2：物理（按省份分类）2008-2024\2008-2024·（海南）物理高考真题\2012年高考物理试卷（海南）（空白卷）.pdf,papers/2012/物理/海南/海南卷/2012_物理_海南_海南卷_原卷.pdf,2
2012,物理,重庆,老高考,2021,地方/区域卷,local,重庆卷,present_local,H:\New folder\【新·PDF版】2008-2024·高考物理真题\版本2：物理（按省份分类）2008-2024\2012-2023·（重庆）物理高考真题\2012年高考物理试卷（重庆）（空白卷）.pdf,papers/2012/物理/重庆/重庆卷/2012_物理_重庆_重庆卷_原卷.pdf,2
2012,物理,四川,老高考,2025,地方/区域卷,local,四川卷,present_local,H:\New folder\【新·PDF版】2008-2024·高考物理真题\版本2：物理（按省份分类）2008-2024\2008-2024·（四川）物理高考真题\2012年高考物理试卷（四川）（空白卷）.pdf,papers/2012/物理/四川/四川卷/2012_物理_四川_四川卷_原卷.pdf,2
2012,物理,贵州,老高考,2024,地方/区域卷,local,贵州卷,present_local,H:\New folder\【新·PDF版】2008-2024·高考物理真题\版本2：物理（按省份分类）2008-2024\2008-2023·（贵州）物理高考真题\2012年高考物理试卷（大纲版）（空白卷）.pdf,papers/2012/物理/贵州/贵州卷/2012_物理_贵州_贵州卷_原卷.pdf,2
2012,物理,云南,老高考,2025,全国卷,common,云南卷,present_common,H:\New folder\【新·PDF版】2008-2024·高考物理真题\版本2：物理（按省份分类）2008-2024\2008-2024·（云南）物理高考真题\2012年高考物理试卷（新课标）（空白卷）.pdf,papers/2012/物理/全国/云南卷/2012_物理_云南_云南卷_原卷.pdf,2
2012,物理,西藏,老高考,,全国卷,common,西藏卷,present_common,H:\New folder\【新·PDF版】2008-2024·高考物理真题\版本2：物理（按省份分类）2008-2024\2008-2024·（西藏）物理高考真题\2012年高考物理试卷（新课标）（空白卷）.pdf,papers/2012/物理/全国/西藏卷/2012_物理_西藏_西藏卷_原卷.pdf,2
2012,物理,陕西,老高考,2025,全国卷,common,陕西卷,present_common,H:\New folder\【新·PDF版】2008-2024·高考物理真题\版本2：物理（按省份分类）2008-2024\2008-2024·（陕西）物理高考真题\2012年高考物理试卷（新课标）（空白卷）.pdf,papers/2012/物理/全国/陕西卷/2012_物理_陕西_陕西卷_原卷.pdf,2
2012,物理,甘肃,老高考,2024,地方/区域卷,local,甘肃卷,present_local,H:\New folder\【新·PDF版】2008-2024·高考物理真题\版本2：物理（按省份分类）2008-2024\2008-2024·（甘肃）物理高考真题\2012年高考物理试卷（大纲版）（空白卷）.pdf,papers/2012/物理/甘肃/甘肃卷/2012_物理_甘肃_甘肃卷_原卷.pdf,2
2012,物理,青海,老高考,2025,地方/区域卷,local,青海卷,present_local,H:\New folder\【新·PDF版】2008-2024·高考物理真题\版本2：物理（按省份分类）2008-2024\2008-2024·（青海）物理高考真题\2012年高考物理试卷（大纲版）（空白卷）.pdf,papers/2012/物理/青海/青海卷/2012_物理_青海_青海卷_原卷.pdf,2
2012,物理,宁夏,老高考,2025,全国卷,common,宁夏卷,present_common,H:\New folder\【新·PDF版】2008-2024·高考物理真题\版本2：物理（按省份分类）2008-2024\2010-2024·（宁夏）物理高考真题\2012年高考物理试卷（新课标）（空白卷）.pdf,papers/2012/物理/全国/宁夏卷/2012_物理_宁夏_宁夏卷_原卷.pdf,2
2012,物理,新疆,老高考,,全国卷,common,新疆卷,present_common,H:\New folder\【新·PDF版】2008-2024·高考物理真题\版本2：物理（按省份分类）2008-2024\2008-2024·（新疆）物理高考真题\2012年高考物理试卷（新课标）（空白卷）.pdf,papers/2012/物理/全国/新疆卷/2012_物理_新疆_新疆卷_原卷.pdf,2
2012,化学,北京,老高考,2020,地方/区域卷,local,北京卷,present_local,H:\New folder\【新·PDF版】2008-2024·高考化学真题\版本2：化学（按省份分类）2008-2024\2008-2024·（北京）化学高考真题\2012年高考化学试卷（北京）（空白卷）.pdf,papers/2012/化学/北京/北京卷/2012_化学_北京_北京卷_原卷.pdf,2
2012,化学,天津,老高考,2020,地方/区域卷,local,天津卷,present_local,H:\New folder\【新·PDF版】2008-2024·高考化学真题\版本2：化学（按省份分类）2008-2024\2008-2023·（天津）化学高考真题\2012年高考化学试卷（天津）（空白卷）.pdf,papers/2012/化学/天津/天津卷/2012_化学_天津_天津卷_原卷.pdf,2
2012,化学,河北,老高考,2021,全国卷,common,河北卷,present_common,H:\New folder\【新·PDF版】2008-2024·高考化学真题\版本2：化学（按省份分类）2008-2024\2008-2024·（河北）化学高考真题\2012年高考化学试卷（新课标）（空白卷）.pdf,papers/2012/化学/全国/河北卷/2012_化学_河北_河北卷_原卷.pdf,2
2012,化学,山西,老高考,2025,全国卷,common,山西卷,present_common,H:\New folder\【新·PDF版】2008-2024·高考化学真题\版本2：化学（按省份分类）2008-2024\2008-2024·（山西）化学高考真题\2012年高考化学试卷（新课标）（空白卷）.pdf,papers/2012/化学/全国/山西卷/2012_化学_山西_山西卷_原卷.pdf,2
2012,化学,内蒙古,老高考,2025,全国卷,common,内蒙古卷,present_common,H:\New folder\【新·PDF版】2008-2024·高考化学真题\版本2：化学（按省份分类）2008-2024\2008-2024·（内蒙古）化学高考真题\2012年高考化学试卷（新课标）（空白卷）.pdf,papers/2012/化学/全国/内蒙古卷/2012_化学_内蒙古_内蒙古卷_原卷.pdf,2
2012,化学,辽宁,老高考,2021,全国卷,common,辽宁卷,present_common,H:\New folder\【新·PDF版】2008-2024·高考化学真题\版本2：化学（按省份分类）2008-2024\2010-2024·（辽宁）化学高考真题\2012年高考化学试卷（新课标）（空白卷）.pdf,papers/2012/化学/全国/辽宁卷/2012_化学_辽宁_辽宁卷_原卷.pdf,2
2012,化学,吉林,老高考,2024,全国卷,common,吉林卷,present_common,H:\New folder\【新·PDF版】2008-2024·高考化学真题\版本2：化学（按省份分类）2008-2024\2008-2024·（吉林）化学高考真题\2012年高考化学试卷（新课标）（空白卷）.pdf,papers/2012/化学/全国/吉林卷/2012_化学_吉林_吉林卷_原卷.pdf,2
2012,化学,黑龙江,老高考,2024,全国卷,common,黑龙江卷,present_common,H:\New folder\【新·PDF版】2008-2024·高考化学真题\版本2：化学（按省份分类）2008-2024\2008-2024·（黑龙江）化学高考真题\2012年高考化学试卷（新课标）（空白卷）.pdf,papers/2012/化学/全国/黑龙江卷/2012_化学_黑龙江_黑龙江卷_原卷.pdf,2
2012,化学,上海,老高考,2017,地方/区域卷,local,上海卷,present_local,H:\New folder\【新·PDF版】2008-2024·高考化学真题\版本2：化学（按省份分类）2008-2024\2008-2024·（上海）化学高考真题\2012年高考化学试卷（上海）（空白卷）.pdf,papers/2012/化学/上海/上海卷/2012_化学_上海_上海卷_原卷.pdf,2
2012,化学,江苏,老高考,2021,地方/区域卷,local,江苏卷,present_local,H:\New folder\【新·PDF版】2008-2024·高考化学真题\版本2：化学（按省份分类）2008-2024\2008-2024·（江苏）化学高考真题\2012年高考化学试卷（江苏）（空白卷）   .pdf,papers/2012/化学/江苏/江苏卷/2012_化学_江苏_江苏卷_原卷.pdf,2
2012,化学,浙江,老高考,2017,地方/区域卷,local,浙江卷,present_local,H:\New folder\【新·PDF版】2008-2024·高考化学真题\版本2：化学（按省份分类）2008-2024\2008-2024·（浙江）化学高考真题\2012年高考化学试卷（浙江）（空白卷）.pdf,papers/2012/化学/浙江/浙江卷/2012_化学_浙江_浙江卷_原卷.pdf,2
2012,化学,安徽,老高考,2024,地方/区域卷,local,安徽卷,present_local,H:\New folder\【新·PDF版】2008-2024·高考化学真题\版本2：化学（按省份分类）2008-2024\2012-2024·（安徽）化学高考真题\2012年高考化学试卷（安徽）（空白卷）.pdf,papers/2012/化学/安徽/安徽卷/2012_化学_安徽_安徽卷_原卷.pdf,2
2012,化学,福建,老高考,2021,地方/区域卷,local,福建卷,present_local,H:\New folder\【新·PDF版】2008-2024·高考化学真题\版本2：化学（按省份分类）2008-2024\2012-2023·（福建）化学高考真题\2012年高考化学试卷（福建）（空白卷）.pdf,papers/2012/化学/福建/福建卷/2012_化学_福建_福建卷_原卷.pdf,2
2012,化学,江西,老高考,2024,全国卷,common,江西卷,present_common,H:\New folder\【新·PDF版】2008-2024·高考化学真题\版本2：化学（按省份分类）2008-2024\2008-2023·（江西）化学高考真题\2012年高考化学试卷（新课标）（空白卷）.pdf,papers/2012/化学/全国/江西卷/2012_化学_江西_江西卷_原卷.pdf,2
2012,化学,山东,老高考,2020,地方/区域卷,local,山东卷,present_local,H:\New folder\【新·PDF版】2008-2024·高考化学真题\版本2：化学（按省份分类）2008-2024\2008-2024·（山东）化学高考真题\2012年高考化学试卷（山东）（空白卷）.pdf,papers/2012/化学/山东/山东卷/2012_化学_山东_山东卷_原卷.pdf,2
2012,化学,河南,老高考,2025,全国卷,common,河南卷,present_common,H:\New folder\【新·PDF版】2008-2024·高考化学真题\版本2：化学（按省份分类）2008-2024\2008-2024·（河南）化学高考真题\2012年高考化学试卷（新课标）（空白卷）.pdf,papers/2012/化学/全国/河南卷/2012_化学_河南_河南卷_原卷.pdf,2
2012,化学,湖北,老高考,2021,全国卷,common,湖北卷,present_common,H:\New folder\【新·PDF版】2008-2024·高考化学真题\版本2：化学（按省份分类）2008-2024\2008-2024·（湖北）化学高考真题\2012年高考化学试卷（新课标）（空白卷）.pdf,papers/2012/化学/全国/湖北卷/2012_化学_湖北_湖北卷_原卷.pdf,2
2012,化学,湖南,老高考,2021,全国卷,common,湖南卷,present_common,H:\New folder\【新·PDF版】2008-2024·高考化学真题\版本2：化学（按省份分类）2008-2024\2008-2024·（湖南）化学高考真题\2012年高考化学试卷（新课标）（空白卷）.pdf,papers/2012/化学/全国/湖南卷/2012_化学_湖南_湖南卷_原卷.pdf,2
2012,化学,广东,老高考,2021,地方/区域卷,local,广东卷,present_local,H:\New folder\【新·PDF版】2008-2024·高考化学真题\版本2：化学（按省份分类）2008-2024\2008-2024·（广东）化学高考真题\2012年高考化学试卷（广东）（空白卷）.pdf,papers/2012/化学/广东/广东卷/2012_化学_广东_广东卷_原卷.pdf,2
2012,化学,广西,老高考,2024,地方/区域卷,local,广西卷,present_local,H:\New folder\【新·PDF版】2008-2024·高考化学真题\版本2：化学（按省份分类）2008-2024\2008-2023·（广西）化学高考真题\2012年高考化学试卷（大纲版）（空白卷）.pdf,papers/2012/化学/广西/广西卷/2012_化学_广西_广西卷_原卷.pdf,2
2012,化学,海南,老高考,2020,地方/区域卷,local,海南卷,present_local,H:\New folder\【新·PDF版】2008-2024·高考化学真题\版本2：化学（按省份分类）2008-2024\2008-2023·（海南）化学高考真题\2012年高考化学试卷（海南）（空白卷）.pdf,papers/2012/化学/海南/海南卷/2012_化学_海南_海南卷_原卷.pdf,2
2012,化学,重庆,老高考,2021,地方/区域卷,local,重庆卷,present_local,H:\New folder\【新·PDF版】2008-2024·高考化学真题\版本2：化学（按省份分类）2008-2024\2012-2023·（重庆）化学高考真题\2012年高考化学试卷（重庆）（空白卷）.pdf,papers/2012/化学/重庆/重庆卷/2012_化学_重庆_重庆卷_原卷.pdf,2
2012,化学,四川,老高考,2025,地方/区域卷,local,四川卷,present_local,H:\New folder\【新·PDF版】2008-2024·高考化学真题\版本2：化学（按省份分类）2008-2024\2008-2024·（四川）化学高考真题\2012年高考化学试卷（四川）（空白卷）.pdf,papers/2012/化学/四川/四川卷/2012_化学_四川_四川卷_原卷.pdf,2
2012,化学,贵州,老高考,2024,地方/区域卷,local,贵州卷,present_local,H:\New folder\【新·PDF版】2008-2024·高考化学真题\版本2：化学（按省份分类）2008-2024\2008-2023·（贵州）化学高考真题\2012年高考化学试卷（大纲版）（空白卷）.pdf,papers/2012/化学/贵州/贵州卷/2012_化学_贵州_贵州卷_原卷.pdf,2
2012,化学,云南,老高考,2025,全国卷,common,云南卷,present_common,H:\New folder\【新·PDF版】2008-2024·高考化学真题\版本2：化学（按省份分类）2008-2024\2008-2024·（云南）化学高考真题\2012年高考化学试卷（新课标）（空白卷）.pdf,papers/2012/化学/全国/云南卷/2012_化学_云南_云南卷_原卷.pdf,2
2012,化学,西藏,老高考,,全国卷,common,西藏卷,present_common,H:\New folder\【新·PDF版】2008-2024·高考化学真题\版本2：化学（按省份分类）2008-2024\2008-2024·（西藏）化学高考真题\2012年高考化学试卷（新课标）（空白卷）.pdf,papers/2012/化学/全国/西藏卷/2012_化学_西藏_西藏卷_原卷.pdf,2
2012,化学,陕西,老高考,2025,全国卷,common,陕西卷,present_common,H:\New folder\【新·PDF版】2008-2024·高考化学真题\版本2：化学（按省份分类）2008-2024\2008-2024·（陕西）化学高考真题\2012年高考化学试卷（新课标）（空白卷）.pdf,papers/2012/化学/全国/陕西卷/2012_化学_陕西_陕西卷_原卷.pdf,2
2012,化学,甘肃,老高考,2024,地方/区域卷,local,甘肃卷,present_local,H:\New folder\【新·PDF版】2008-2024·高考化学真题\版本2：化学（按省份分类）2008-2024\2008-2024·（甘肃）化学高考真题\2012年高考化学试卷（大纲版）（空白卷）.pdf,papers/2012/化学/甘肃/甘肃卷/2012_化学_甘肃_甘肃卷_原卷.pdf,2
2012,化学,青海,老高考,2025,地方/区域卷,local,青海卷,present_local,H:\New folder\【新·PDF版】2008-2024·高考化学真题\版本2：化学（按省份分类）2008-2024\2008-2024·（青海）化学高考真题\2012年高考化学试卷（大纲版）（空白卷）.pdf,papers/2012/化学/青海/青海卷/2012_化学_青海_青海卷_原卷.pdf,2
2012,化学,宁夏,老高考,2025,全国卷,common,宁夏卷,present_common,H:\New folder\【新·PDF版】2008-2024·高考化学真题\版本2：化学（按省份分类）2008-2024\2010-2024·（宁夏）化学高考真题\2012年高考化学试卷（新课标）（空白卷）.pdf,papers/2012/化学/全国/宁夏卷/2012_化学_宁夏_宁夏卷_原卷.pdf,2
2012,化学,新疆,老高考,,全国卷,common,新疆卷,present_common,H:\New folder\【新·PDF版】2008-2024·高考化学真题\版本2：化学（按省份分类）2008-2024\2008-2024·（新疆）化学高考真题\2012年高考化学试卷（新课标）（空白卷）.pdf,papers/2012/化学/全国/新疆卷/2012_化学_新疆_新疆卷_原卷.pdf,2
2012,生物,北京,老高考,2020,地方/区域卷,local,北京卷,present_local,H:\New folder\【新·PDF版】2008-2024·高考生物真题\版本2：生物（按省份分类）2008-2024\2008-2024·（北京）生物高考真题\2012年高考生物试卷（北京）（空白卷）.pdf,papers/2012/生物/北京/北京卷/2012_生物_北京_北京卷_原卷.pdf,2
2012,生物,天津,老高考,2020,地方/区域卷,local,天津卷,present_local,H:\New folder\【新·PDF版】2008-2024·高考生物真题\版本2：生物（按省份分类）2008-2024\2008-2023·（天津）生物高考真题\2012年高考生物试卷（天津）（空白卷）.pdf,papers/2012/生物/天津/天津卷/2012_生物_天津_天津卷_原卷.pdf,2
2012,生物,河北,老高考,2021,全国卷,common,河北卷,present_common,H:\New folder\【新·PDF版】2008-2024·高考生物真题\版本2：生物（按省份分类）2008-2024\2008-2024·（河北）生物高考真题\2012年高考生物试卷（新课标）（空白卷）.pdf,papers/2012/生物/全国/河北卷/2012_生物_河北_河北卷_原卷.pdf,2
2012,生物,山西,老高考,2025,全国卷,common,山西卷,present_common,H:\New folder\【新·PDF版】2008-2024·高考生物真题\版本2：生物（按省份分类）2008-2024\2008-2024·（山西）生物高考真题\2012年高考生物试卷（新课标）（空白卷）.pdf,papers/2012/生物/全国/山西卷/2012_生物_山西_山西卷_原卷.pdf,2
2012,生物,内蒙古,老高考,2025,全国卷,common,内蒙古卷,present_common,H:\New folder\【新·PDF版】2008-2024·高考生物真题\版本2：生物（按省份分类）2008-2024\2008-2024·（内蒙古）生物高考真题\2012年高考生物试卷（新课标）（空白卷）.pdf,papers/2012/生物/全国/内蒙古卷/2012_生物_内蒙古_内蒙古卷_原卷.pdf,2
2012,生物,辽宁,老高考,2021,全国卷,common,辽宁卷,present_common,H:\New folder\【新·PDF版】2008-2024·高考生物真题\版本2：生物（按省份分类）2008-2024\2010-2024·（辽宁）生物高考真题\2012年高考生物试卷（新课标）（空白卷）.pdf,papers/2012/生物/全国/辽宁卷/2012_生物_辽宁_辽宁卷_原卷.pdf,2
2012,生物,吉林,老高考,2024,全国卷,common,吉林卷,present_common,H:\New folder\【新·PDF版】2008-2024·高考生物真题\版本2：生物（按省份分类）2008-2024\2008-2024·（吉林）生物高考真题\2012年高考生物试卷（新课标）（空白卷）.pdf,papers/2012/生物/全国/吉林卷/2012_生物_吉林_吉林卷_原卷.pdf,2
2012,生物,黑龙江,老高考,2024,全国卷,common,黑龙江卷,present_common,H:\New folder\【新·PDF版】2008-2024·高考生物真题\版本2：生物（按省份分类）2008-2024\2008-2024·（黑龙江）生物高考真题\2012年高考生物试卷（新课标）（空白卷）.pdf,papers/2012/生物/全国/黑龙江卷/2012_生物_黑龙江_黑龙江卷_原卷.pdf,2
2012,生物,上海,老高考,2017,地方/区域卷,local,上海卷,present_local,H:\New folder\【新·PDF版】2008-2024·高考生物真题\版本2：生物（按省份分类）2008-2024\2008-2022·（上海）生物高考真题\2012年高考生物试卷（上海）（空白卷）.pdf,papers/2012/生物/上海/上海卷/2012_生物_上海_上海卷_原卷.pdf,2
2012,生物,江苏,老高考,2021,地方/区域卷,local,江苏卷,present_local,H:\New folder\【新·PDF版】2008-2024·高考生物真题\版本2：生物（按省份分类）2008-2024\2008-2023·（江苏）生物高考真题\2012年高考生物试卷（江苏）（空白卷）.pdf,papers/2012/生物/江苏/江苏卷/2012_生物_江苏_江苏卷_原卷.pdf,2
2012,生物,浙江,老高考,2017,地方/区域卷,local,浙江卷,present_local,H:\New folder\【新·PDF版】2008-2024·高考生物真题\版本2：生物（按省份分类）2008-2024\2008-2024·（浙江）生物高考真题\2012年高考生物试卷（浙江）（空白卷）.pdf,papers/2012/生物/浙江/浙江卷/2012_生物_浙江_浙江卷_原卷.pdf,2
2012,生物,安徽,老高考,2024,地方/区域卷,local,安徽卷,present_local,H:\New folder\【新·PDF版】2008-2024·高考生物真题\版本2：生物（按省份分类）2008-2024\2012-2024·（安徽）生物高考真题\2012年高考生物试卷（安徽）（空白卷）.pdf,papers/2012/生物/安徽/安徽卷/2012_生物_安徽_安徽卷_原卷.pdf,2
2012,生物,福建,老高考,2021,地方/区域卷,local,福建卷,present_local,H:\New folder\【新·PDF版】2008-2024·高考生物真题\版本2：生物（按省份分类）2008-2024\2012-2023·（福建）生物高考真题\2012年高考生物试卷（福建）（空白卷）.pdf,papers/2012/生物/福建/福建卷/2012_生物_福建_福建卷_原卷.pdf,2
2012,生物,江西,老高考,2024,全国卷,common,江西卷,present_common,H:\New folder\【新·PDF版】2008-2024·高考生物真题\版本2：生物（按省份分类）2008-2024\2008-2024·（江西）生物高考真题\2012年高考生物试卷（新课标）（空白卷）.pdf,papers/2012/生物/全国/江西卷/2012_生物_江西_江西卷_原卷.pdf,2
2012,生物,山东,老高考,2020,地方/区域卷,local,山东卷,present_local,H:\New folder\【新·PDF版】2008-2024·高考生物真题\版本2：生物（按省份分类）2008-2024\2008-2024·（山东）生物高考真题\2012年高考生物试卷（山东）（空白卷）.pdf,papers/2012/生物/山东/山东卷/2012_生物_山东_山东卷_原卷.pdf,2
2012,生物,河南,老高考,2025,全国卷,common,河南卷,present_common,H:\New folder\【新·PDF版】2008-2024·高考生物真题\版本2：生物（按省份分类）2008-2024\2008-2024·（河南）生物高考真题\2012年高考生物试卷（新课标）（空白卷）.pdf,papers/2012/生物/全国/河南卷/2012_生物_河南_河南卷_原卷.pdf,2
2012,生物,湖北,老高考,2021,全国卷,common,湖北卷,present_common,H:\New folder\【新·PDF版】2008-2024·高考生物真题\版本2：生物（按省份分类）2008-2024\2008-2024·（湖北）生物高考真题\2012年高考生物试卷（新课标）（空白卷）.pdf,papers/2012/生物/全国/湖北卷/2012_生物_湖北_湖北卷_原卷.pdf,2
2012,生物,湖南,老高考,2021,全国卷,common,湖南卷,present_common,H:\New folder\【新·PDF版】2008-2024·高考生物真题\版本2：生物（按省份分类）2008-2024\2008-2024·（湖南）生物高考真题\2012年高考生物试卷（新课标）（空白卷）.pdf,papers/2012/生物/全国/湖南卷/2012_生物_湖南_湖南卷_原卷.pdf,2
2012,生物,广东,老高考,2021,地方/区域卷,local,广东卷,present_local,H:\New folder\【新·PDF版】2008-2024·高考生物真题\版本2：生物（按省份分类）2008-2024\2008-2024·（广东）生物高考真题\2012年高考生物试卷（广东）（空白卷）.pdf,papers/2012/生物/广东/广东卷/2012_生物_广东_广东卷_原卷.pdf,2
2012,生物,广西,老高考,2024,地方/区域卷,local,广西卷,present_local,H:\New folder\【新·PDF版】2008-2024·高考生物真题\版本2：生物（按省份分类）2008-2024\2008-2023·（广西）生物高考真题\2012年高考生物试卷（大纲版）（空白卷）.pdf,papers/2012/生物/广西/广西卷/2012_生物_广西_广西卷_原卷.pdf,2
2012,生物,海南,老高考,2020,地方/区域卷,local,海南卷,present_local,H:\New folder\【新·PDF版】2008-2024·高考生物真题\版本2：生物（按省份分类）2008-2024\2008-2023·（海南）生物高考真题\2012年高考生物试卷（海南）（空白卷）.pdf,papers/2012/生物/海南/海南卷/2012_生物_海南_海南卷_原卷.pdf,2
2012,生物,重庆,老高考,2021,地方/区域卷,local,重庆卷,present_local,H:\New folder\【新·PDF版】2008-2024·高考生物真题\版本2：生物（按省份分类）2008-2024\2012-2023·（重庆）生物高考真题\2012年高考生物试卷（重庆）（空白卷）.pdf,papers/2012/生物/重庆/重庆卷/2012_生物_重庆_重庆卷_原卷.pdf,2
2012,生物,四川,老高考,2025,地方/区域卷,local,四川卷,present_local,H:\New folder\【新·PDF版】2008-2024·高考生物真题\版本2：生物（按省份分类）2008-2024\2008-2024·（四川）生物高考真题\2012年高考生物试卷（四川）（空白卷）.pdf,papers/2012/生物/四川/四川卷/2012_生物_四川_四川卷_原卷.pdf,2
2012,生物,贵州,老高考,2024,地方/区域卷,local,贵州卷,present_local,H:\New folder\【新·PDF版】2008-2024·高考生物真题\版本2：生物（按省份分类）2008-2024\2008-2023·（贵州）生物高考真题\2012年高考生物试卷（大纲版）（空白卷）.pdf,papers/2012/生物/贵州/贵州卷/2012_生物_贵州_贵州卷_原卷.pdf,2
2012,生物,云南,老高考,2025,全国卷,common,云南卷,present_common,H:\New folder\【新·PDF版】2008-2024·高考生物真题\版本2：生物（按省份分类）2008-2024\2008-2024·（云南）生物高考真题\2012年高考生物试卷（新课标）（空白卷）.pdf,papers/2012/生物/全国/云南卷/2012_生物_云南_云南卷_原卷.pdf,2
2012,生物,西藏,老高考,,全国卷,common,西藏卷,present_common,H:\New folder\【新·PDF版】2008-2024·高考生物真题\版本2：生物（按省份分类）2008-2024\2008-2024·（西藏）生物高考真题\2012年高考生物试卷（新课标）（空白卷）.pdf,papers/2012/生物/全国/西藏卷/2012_生物_西藏_西藏卷_原卷.pdf,2
2012,生物,陕西,老高考,2025,全国卷,common,陕西卷,present_common,H:\New folder\【新·PDF版】2008-2024·高考生物真题\版本2：生物（按省份分类）2008-2024\2008-2024·（陕西）生物高考真题\2012年高考生物试卷（新课标）（空白卷）.pdf,papers/2012/生物/全国/陕西卷/2012_生物_陕西_陕西卷_原卷.pdf,2
2012,生物,甘肃,老高考,2024,地方/区域卷,local,甘肃卷,present_local,H:\New folder\【新·PDF版】2008-2024·高考生物真题\版本2：生物（按省份分类）2008-2024\2008-2024·（甘肃）生物高考真题\2012年高考生物试卷（大纲版）（空白卷）.pdf,papers/2012/生物/甘肃/甘肃卷/2012_生物_甘肃_甘肃卷_原卷.pdf,2
2012,生物,青海,老高考,2025,地方/区域卷,local,青海卷,present_local,H:\New folder\【新·PDF版】2008-2024·高考生物真题\版本2：生物（按省份分类）2008-2024\2008-2024·（青海）生物高考真题\2012年高考生物试卷（大纲版）（空白卷）.pdf,papers/2012/生物/青海/青海卷/2012_生物_青海_青海卷_原卷.pdf,2
2012,生物,宁夏,老高考,2025,全国卷,common,宁夏卷,present_common,H:\New folder\【新·PDF版】2008-2024·高考生物真题\版本2：生物（按省份分类）2008-2024\2010-2024·（宁夏）生物高考真题\2012年高考生物试卷（新课标）（空白卷）.pdf,papers/2012/生物/全国/宁夏卷/2012_生物_宁夏_宁夏卷_原卷.pdf,2
2012,生物,新疆,老高考,,全国卷,common,新疆卷,present_common,H:\New folder\【新·PDF版】2008-2024·高考生物真题\版本2：生物（按省份分类）2008-2024\2008-2024·（新疆）生物高考真题\2012年高考生物试卷（新课标）（空白卷）.pdf,papers/2012/生物/全国/新疆卷/2012_生物_新疆_新疆卷_原卷.pdf,2
2012,政治,北京,老高考,2020,地方/区域卷,local,北京卷,present_local,H:\New folder\【新·PDF版】2008-2024·高考政治真题\版本2：政治（按省份分类）2008-2024\2008-2024·（北京）政治高考真题\2012年高考政治试卷（北京）（空白卷）.pdf,papers/2012/政治/北京/北京卷/2012_政治_北京_北京卷_原卷.pdf,2
2012,政治,天津,老高考,2020,地方/区域卷,local,天津卷,present_local,H:\New folder\【新·PDF版】2008-2024·高考政治真题\版本2：政治（按省份分类）2008-2024\2008-2023·（天津）政治高考真题\2012年高考政治试卷（天津）（空白卷）.pdf,papers/2012/政治/天津/天津卷/2012_政治_天津_天津卷_原卷.pdf,2
2012,政治,河北,老高考,2021,全国卷,common,河北卷,present_common,H:\New folder\【新·PDF版】2008-2024·高考政治真题\版本2：政治（按省份分类）2008-2024\2008-2021_2023·（河北）政治高考真题\2012年高考政治试卷（新课标）（空白卷）.pdf,papers/2012/政治/全国/河北卷/2012_政治_河北_河北卷_原卷.pdf,2
2012,政治,山西,老高考,2025,全国卷,common,山西卷,present_common,H:\New folder\【新·PDF版】2008-2024·高考政治真题\版本2：政治（按省份分类）2008-2024\2008-2024·（山西）政治高考真题\2012年高考政治试卷（新课标）（空白卷）.pdf,papers/2012/政治/全国/山西卷/2012_政治_山西_山西卷_原卷.pdf,2
2012,政治,内蒙古,老高考,2025,全国卷,common,内蒙古卷,present_common,H:\New folder\【新·PDF版】2008-2024·高考政治真题\版本2：政治（按省份分类）2008-2024\2008-2023·（内蒙古）政治高考真题\2012年高考政治试卷（新课标）（空白卷）.pdf,papers/2012/政治/全国/内蒙古卷/2012_政治_内蒙古_内蒙古卷_原卷.pdf,2
2012,政治,辽宁,老高考,2021,全国卷,common,辽宁卷,present_common,H:\New folder\【新·PDF版】2008-2024·高考政治真题\版本2：政治（按省份分类）2008-2024\2010-2024·（辽宁）政治高考真题\2012年高考政治试卷（新课标）（空白卷）.pdf,papers/2012/政治/全国/辽宁卷/2012_政治_辽宁_辽宁卷_原卷.pdf,2
2012,政治,吉林,老高考,2024,全国卷,common,吉林卷,present_common,H:\New folder\【新·PDF版】2008-2024·高考政治真题\版本2：政治（按省份分类）2008-2024\2008-2024·（吉林）政治高考真题\2012年高考政治试卷（新课标）（空白卷）.pdf,papers/2012/政治/全国/吉林卷/2012_政治_吉林_吉林卷_原卷.pdf,2
2012,政治,黑龙江,老高考,2024,全国卷,common,黑龙江卷,present_common,H:\New folder\【新·PDF版】2008-2024·高考政治真题\版本2：政治（按省份分类）2008-2024\2008-2024·（黑龙江）政治高考真题\2012年高考政治试卷（新课标）（空白卷）.pdf,papers/2012/政治/全国/黑龙江卷/2012_政治_黑龙江_黑龙江卷_原卷.pdf,2
2012,政治,上海,老高考,2017,地方/区域卷,local,上海卷,present_local,H:\New folder\【新·PDF版】2008-2024·高考政治真题\版本2：政治（按省份分类）2008-2024\2008-2017·（上海）政治高考真题\2012年高考政治试卷（上海）（空白卷）.pdf,papers/2012/政治/上海/上海卷/2012_政治_上海_上海卷_原卷.pdf,2
2012,政治,江苏,老高考,2021,地方/区域卷,local,江苏卷,present_local,H:\New folder\【新·PDF版】2008-2024·高考政治真题\版本2：政治（按省份分类）2008-2024\2008-2023·（江苏）政治高考真题\2012年高考政治试卷（江苏）（空白卷）.pdf,papers/2012/政治/江苏/江苏卷/2012_政治_江苏_江苏卷_原卷.pdf,2
2012,政治,浙江,老高考,2017,地方/区域卷,local,浙江卷,present_local,H:\New folder\【新·PDF版】2008-2024·高考政治真题\版本2：政治（按省份分类）2008-2024\2008-2024·（浙江）政治高考真题\2012年高考政治试卷（浙江）（空白卷）.pdf,papers/2012/政治/浙江/浙江卷/2012_政治_浙江_浙江卷_原卷.pdf,2
2012,政治,安徽,老高考,2024,地方/区域卷,local,安徽卷,present_local,H:\New folder\【新·PDF版】2008-2024·高考政治真题\版本2：政治（按省份分类）2008-2024\2012-2024·（安徽）政治高考真题\2012年高考政治试卷（安徽）（空白卷）.pdf,papers/2012/政治/安徽/安徽卷/2012_政治_安徽_安徽卷_原卷.pdf,2
2012,政治,福建,老高考,2021,地方/区域卷,local,福建卷,present_local,H:\New folder\【新·PDF版】2008-2024·高考政治真题\版本2：政治（按省份分类）2008-2024\2012-2023·（福建）政治高考真题\2012年高考政治试卷（福建）（空白卷）.pdf,papers/2012/政治/福建/福建卷/2012_政治_福建_福建卷_原卷.pdf,2
2012,政治,江西,老高考,2024,全国卷,common,江西卷,present_common,H:\New folder\【新·PDF版】2008-2024·高考政治真题\版本2：政治（按省份分类）2008-2024\2008-2023·（江西）政治高考真题\2012年高考政治试卷（新课标）（空白卷）.pdf,papers/2012/政治/全国/江西卷/2012_政治_江西_江西卷_原卷.pdf,2
2012,政治,山东,老高考,2020,地方/区域卷,local,山东卷,present_local,H:\New folder\【新·PDF版】2008-2024·高考政治真题\版本2：政治（按省份分类）2008-2024\2008-2024·（山东）政治高考真题\2012年高考政治试卷（山东）（空白卷）.pdf,papers/2012/政治/山东/山东卷/2012_政治_山东_山东卷_原卷.pdf,2
2012,政治,河南,老高考,2025,全国卷,common,河南卷,present_common,H:\New folder\【新·PDF版】2008-2024·高考政治真题\版本2：政治（按省份分类）2008-2024\2008-2024·（河南）政治高考真题\2012年高考政治试卷（新课标）（空白卷）.pdf,papers/2012/政治/全国/河南卷/2012_政治_河南_河南卷_原卷.pdf,2
2012,政治,湖北,老高考,2021,全国卷,common,湖北卷,present_common,H:\New folder\【新·PDF版】2008-2024·高考政治真题\版本2：政治（按省份分类）2008-2024\2008-2024·（湖北）政治高考真题\2012年高考政治试卷（新课标）（空白卷）.pdf,papers/2012/政治/全国/湖北卷/2012_政治_湖北_湖北卷_原卷.pdf,2
2012,政治,湖南,老高考,2021,全国卷,common,湖南卷,present_common,H:\New folder\【新·PDF版】2008-2024·高考政治真题\版本2：政治（按省份分类）2008-2024\2008-2024·（湖南）政治高考真题\2012年高考政治试卷（新课标）（空白卷）.pdf,papers/2012/政治/全国/湖南卷/2012_政治_湖南_湖南卷_原卷.pdf,2
2012,政治,广东,老高考,2021,地方/区域卷,local,广东卷,present_local,H:\New folder\【新·PDF版】2008-2024·高考政治真题\版本2：政治（按省份分类）2008-2024\2008-2024·（广东）政治高考真题\2012年高考政治试卷（广东）（空白卷）.pdf,papers/2012/政治/广东/广东卷/2012_政治_广东_广东卷_原卷.pdf,2
2012,政治,广西,老高考,2024,地方/区域卷,local,广西卷,present_local,H:\New folder\【新·PDF版】2008-2024·高考政治真题\版本2：政治（按省份分类）2008-2024\2008-2023·（广西）政治高考真题\2012年高考政治试卷（大纲版）（空白卷）.pdf,papers/2012/政治/广西/广西卷/2012_政治_广西_广西卷_原卷.pdf,2
2012,政治,海南,老高考,2020,地方/区域卷,local,海南卷,present_local,H:\New folder\【新·PDF版】2008-2024·高考政治真题\版本2：政治（按省份分类）2008-2024\2008-2023·（海南）政治高考真题\2012年高考政治试卷（海南）（空白卷）.pdf,papers/2012/政治/海南/海南卷/2012_政治_海南_海南卷_原卷.pdf,2
2012,政治,重庆,老高考,2021,地方/区域卷,local,重庆卷,present_local,H:\New folder\【新·PDF版】2008-2024·高考政治真题\版本2：政治（按省份分类）2008-2024\2012-2020_2022-2023·（重庆）政治高考真题\2012年高考政治试卷（重庆）（空白卷）.pdf,papers/2012/政治/重庆/重庆卷/2012_政治_重庆_重庆卷_原卷.pdf,2
2012,政治,四川,老高考,2025,地方/区域卷,local,四川卷,present_local,H:\New folder\【新·PDF版】2008-2024·高考政治真题\版本2：政治（按省份分类）2008-2024\2008-2023·（四川）政治高考真题\2012年高考政治试卷（四川）（空白卷）.pdf,papers/2012/政治/四川/四川卷/2012_政治_四川_四川卷_原卷.pdf,2
2012,政治,贵州,老高考,2024,地方/区域卷,local,贵州卷,present_local,H:\New folder\【新·PDF版】2008-2024·高考政治真题\版本2：政治（按省份分类）2008-2024\2008-2023·（贵州）政治高考真题\2012年高考政治试卷（大纲版）（空白卷）.pdf,papers/2012/政治/贵州/贵州卷/2012_政治_贵州_贵州卷_原卷.pdf,2
2012,政治,云南,老高考,2025,全国卷,common,云南卷,present_common,H:\New folder\【新·PDF版】2008-2024·高考政治真题\版本2：政治（按省份分类）2008-2024\2008-2024·（云南）政治高考真题\2012年高考政治试卷（新课标）（空白卷）.pdf,papers/2012/政治/全国/云南卷/2012_政治_云南_云南卷_原卷.pdf,2
2012,政治,西藏,老高考,,全国卷,common,西藏卷,present_common,H:\New folder\【新·PDF版】2008-2024·高考政治真题\版本2：政治（按省份分类）2008-2024\2008-2024·（西藏）政治高考真题\2012年高考政治试卷（新课标）（空白卷）.pdf,papers/2012/政治/全国/西藏卷/2012_政治_西藏_西藏卷_原卷.pdf,2
2012,政治,陕西,老高考,2025,全国卷,common,陕西卷,present_common,H:\New folder\【新·PDF版】2008-2024·高考政治真题\版本2：政治（按省份分类）2008-2024\2008-2023·（陕西）政治高考真题\2012年高考政治试卷（新课标）（空白卷）.pdf,papers/2012/政治/全国/陕西卷/2012_政治_陕西_陕西卷_原卷.pdf,2
2012,政治,甘肃,老高考,2024,地方/区域卷,local,甘肃卷,present_local,H:\New folder\【新·PDF版】2008-2024·高考政治真题\版本2：政治（按省份分类）2008-2024\2008-2023·（甘肃）政治高考真题\2012年高考政治试卷（大纲版）（空白卷）.pdf,papers/2012/政治/甘肃/甘肃卷/2012_政治_甘肃_甘肃卷_原卷.pdf,2
2012,政治,青海,老高考,2025,地方/区域卷,local,青海卷,present_local,H:\New folder\【新·PDF版】2008-2024·高考政治真题\版本2：政治（按省份分类）2008-2024\2008-2023·（青海）政治高考真题\2012年高考政治试卷（大纲版）（空白卷）.pdf,papers/2012/政治/青海/青海卷/2012_政治_青海_青海卷_原卷.pdf,2
2012,政治,宁夏,老高考,2025,全国卷,common,宁夏卷,present_common,H:\New folder\【新·PDF版】2008-2024·高考政治真题\版本2：政治（按省份分类）2008-2024\2010-2023·（宁夏）政治高考真题\2012年高考政治试卷（新课标）（空白卷）.pdf,papers/2012/政治/全国/宁夏卷/2012_政治_宁夏_宁夏卷_原卷.pdf,2
2012,政治,新疆,老高考,,全国卷,common,新疆卷,present_common,H:\New folder\【新·PDF版】2008-2024·高考政治真题\版本2：政治（按省份分类）2008-2024\2008-2024·（新疆）政治高考真题\2012年高考政治试卷（新课标）（空白卷）.pdf,papers/2012/政治/全国/新疆卷/2012_政治_新疆_新疆卷_原卷.pdf,2
2012,历史,北京,老高考,2020,地方/区域卷,local,北京卷,present_local,H:\New folder\【新·PDF版】2008-2024·高考历史真题\版本2：历史（按省份分类）2008-2024\2008-2024·（北京）历史高考真题\2012年高考历史试卷（北京）（空白卷）.pdf,papers/2012/历史/北京/北京卷/2012_历史_北京_北京卷_原卷.pdf,2
2012,历史,天津,老高考,2020,地方/区域卷,local,天津卷,present_local,H:\New folder\【新·PDF版】2008-2024·高考历史真题\版本2：历史（按省份分类）2008-2024\2008-2023·（天津）历史高考真题\2012年高考历史试卷（天津）（空白卷）.pdf,papers/2012/历史/天津/天津卷/2012_历史_天津_天津卷_原卷.pdf,2
2012,历史,河北,老高考,2021,全国卷,common,河北卷,present_common,H:\New folder\【新·PDF版】2008-2024·高考历史真题\版本2：历史（按省份分类）2008-2024\2008-2023·（河北）历史高考真题\2012年高考历史试卷（新课标）（空白卷）.pdf,papers/2012/历史/全国/河北卷/2012_历史_河北_河北卷_原卷.pdf,2
2012,历史,山西,老高考,2025,全国卷,common,山西卷,present_common,H:\New folder\【新·PDF版】2008-2024·高考历史真题\版本2：历史（按省份分类）2008-2024\2008-2024·（山西）历史高考真题\2012年高考历史试卷（新课标）（空白卷）.pdf,papers/2012/历史/全国/山西卷/2012_历史_山西_山西卷_原卷.pdf,2
2012,历史,内蒙古,老高考,2025,全国卷,common,内蒙古卷,present_common,H:\New folder\【新·PDF版】2008-2024·高考历史真题\版本2：历史（按省份分类）2008-2024\2008-2024·（内蒙古）历史高考真题\2012年高考历史试卷（新课标）（空白卷）.pdf,papers/2012/历史/全国/内蒙古卷/2012_历史_内蒙古_内蒙古卷_原卷.pdf,2
2012,历史,辽宁,老高考,2021,全国卷,common,辽宁卷,present_common,H:\New folder\【新·PDF版】2008-2024·高考历史真题\版本2：历史（按省份分类）2008-2024\2010-2024·（辽宁）历史高考真题\2012年高考历史试卷（新课标）（空白卷）.pdf,papers/2012/历史/全国/辽宁卷/2012_历史_辽宁_辽宁卷_原卷.pdf,2
2012,历史,吉林,老高考,2024,全国卷,common,吉林卷,present_common,H:\New folder\【新·PDF版】2008-2024·高考历史真题\版本2：历史（按省份分类）2008-2024\2008-2024·（吉林）历史高考真题\2012年高考历史试卷（新课标）（空白卷）.pdf,papers/2012/历史/全国/吉林卷/2012_历史_吉林_吉林卷_原卷.pdf,2
2012,历史,黑龙江,老高考,2024,全国卷,common,黑龙江卷,present_common,H:\New folder\【新·PDF版】2008-2024·高考历史真题\版本2：历史（按省份分类）2008-2024\2008-2024·（黑龙江）历史高考真题\2012年高考历史试卷（新课标）（空白卷）.pdf,papers/2012/历史/全国/黑龙江卷/2012_历史_黑龙江_黑龙江卷_原卷.pdf,2
2012,历史,上海,老高考,2017,地方/区域卷,local,上海卷,present_local,"H:\New folder\【新·PDF版】2008-2024·高考历史真题\版本2：历史（按省份分类）2008-2024\2008-2017_2019,2024·（上海）历史高考真题\2012年高考历史试卷（上海）（空白卷）.pdf",papers/2012/历史/上海/上海卷/2012_历史_上海_上海卷_原卷.pdf,2
2012,历史,江苏,老高考,2021,地方/区域卷,local,江苏卷,present_local,H:\New folder\【新·PDF版】2008-2024·高考历史真题\版本2：历史（按省份分类）2008-2024\2008-2024·（江苏）历史高考真题\2012年高考历史试卷（江苏）（空白卷）   .pdf,papers/2012/历史/江苏/江苏卷/2012_历史_江苏_江苏卷_原卷.pdf,2
2012,历史,浙江,老高考,2017,地方/区域卷,local,浙江卷,present_local,H:\New folder\【新·PDF版】2008-2024·高考历史真题\版本2：历史（按省份分类）2008-2024\2008-2024·（浙江）历史高考真题\2012年高考历史试卷（浙江）（空白卷）.pdf,papers/2012/历史/浙江/浙江卷/2012_历史_浙江_浙江卷_原卷.pdf,2
2012,历史,安徽,老高考,2024,地方/区域卷,local,安徽卷,present_local,H:\New folder\【新·PDF版】2008-2024·高考历史真题\版本2：历史（按省份分类）2008-2024\2012-2024·（安徽）历史高考真题\2012年高考历史试卷（安徽）（空白卷）.pdf,papers/2012/历史/安徽/安徽卷/2012_历史_安徽_安徽卷_原卷.pdf,2
2012,历史,福建,老高考,2021,地方/区域卷,local,福建卷,present_local,H:\New folder\【新·PDF版】2008-2024·高考历史真题\版本2：历史（按省份分类）2008-2024\2012-2023·（福建）历史高考真题\2012年高考历史试卷（福建）（空白卷）.pdf,papers/2012/历史/福建/福建卷/2012_历史_福建_福建卷_原卷.pdf,2
2012,历史,江西,老高考,2024,全国卷,common,江西卷,present_common,H:\New folder\【新·PDF版】2008-2024·高考历史真题\版本2：历史（按省份分类）2008-2024\2008-2023·（江西）历史高考真题\2012年高考历史试卷（新课标）（空白卷）.pdf,papers/2012/历史/全国/江西卷/2012_历史_江西_江西卷_原卷.pdf,2
2012,历史,山东,老高考,2020,地方/区域卷,local,山东卷,present_local,H:\New folder\【新·PDF版】2008-2024·高考历史真题\版本2：历史（按省份分类）2008-2024\2008-2024·（山东）历史高考真题\2012年高考历史试卷（山东）（空白卷）.pdf,papers/2012/历史/山东/山东卷/2012_历史_山东_山东卷_原卷.pdf,2
2012,历史,河南,老高考,2025,全国卷,common,河南卷,present_common,H:\New folder\【新·PDF版】2008-2024·高考历史真题\版本2：历史（按省份分类）2008-2024\2008-2024·（河南）历史高考真题\2012年高考历史试卷（新课标）（空白卷）.pdf,papers/2012/历史/全国/河南卷/2012_历史_河南_河南卷_原卷.pdf,2
2012,历史,湖北,老高考,2021,全国卷,common,湖北卷,present_common,H:\New folder\【新·PDF版】2008-2024·高考历史真题\版本2：历史（按省份分类）2008-2024\2008-2024·（湖北）历史高考真题\2012年高考历史试卷（新课标）（空白卷）.pdf,papers/2012/历史/全国/湖北卷/2012_历史_湖北_湖北卷_原卷.pdf,2
2012,历史,湖南,老高考,2021,全国卷,common,湖南卷,present_common,H:\New folder\【新·PDF版】2008-2024·高考历史真题\版本2：历史（按省份分类）2008-2024\2008-2024·（湖南）历史高考真题\2012年高考历史试卷（新课标）（空白卷）.pdf,papers/2012/历史/全国/湖南卷/2012_历史_湖南_湖南卷_原卷.pdf,2
2012,历史,广东,老高考,2021,地方/区域卷,local,广东卷,present_local,H:\New folder\【新·PDF版】2008-2024·高考历史真题\版本2：历史（按省份分类）2008-2024\2008-2024·（广东）历史高考真题\2012年高考历史试卷（广东）（空白卷）.pdf,papers/2012/历史/广东/广东卷/2012_历史_广东_广东卷_原卷.pdf,2
2012,历史,广西,老高考,2024,地方/区域卷,local,广西卷,present_local,H:\New folder\【新·PDF版】2008-2024·高考历史真题\版本2：历史（按省份分类）2008-2024\2008-2023·（广西）历史高考真题\2012年高考历史试卷（大纲版）（空白卷）.pdf,papers/2012/历史/广西/广西卷/2012_历史_广西_广西卷_原卷.pdf,2
2012,历史,海南,老高考,2020,地方/区域卷,local,海南卷,present_local,H:\New folder\【新·PDF版】2008-2024·高考历史真题\版本2：历史（按省份分类）2008-2024\2008-2023·（海南）历史高考真题\2012年高考历史试卷（海南）（空白卷）.pdf,papers/2012/历史/海南/海南卷/2012_历史_海南_海南卷_原卷.pdf,2
2012,历史,重庆,老高考,2021,地方/区域卷,local,重庆卷,present_local,H:\New folder\【新·PDF版】2008-2024·高考历史真题\版本2：历史（按省份分类）2008-2024\2012-2024·（重庆）历史高考真题\2012年高考历史试卷（重庆）（空白卷）.pdf,papers/2012/历史/重庆/重庆卷/2012_历史_重庆_重庆卷_原卷.pdf,2
2012,历史,四川,老高考,2025,地方/区域卷,local,四川卷,present_local,H:\New folder\【新·PDF版】2008-2024·高考历史真题\版本2：历史（按省份分类）2008-2024\2008-2024·（四川）历史高考真题\2012年高考历史试卷（四川）（空白卷）.pdf,papers/2012/历史/四川/四川卷/2012_历史_四川_四川卷_原卷.pdf,2
2012,历史,贵州,老高考,2024,地方/区域卷,local,贵州卷,present_local,H:\New folder\【新·PDF版】2008-2024·高考历史真题\版本2：历史（按省份分类）2008-2024\2008-2023·（贵州）历史高考真题\2012年高考历史试卷（大纲版）（空白卷）.pdf,papers/2012/历史/贵州/贵州卷/2012_历史_贵州_贵州卷_原卷.pdf,2
2012,历史,云南,老高考,2025,全国卷,common,云南卷,present_common,H:\New folder\【新·PDF版】2008-2024·高考历史真题\版本2：历史（按省份分类）2008-2024\2008-2024·（云南）历史高考真题\2012年高考历史试卷（新课标）（空白卷）.pdf,papers/2012/历史/全国/云南卷/2012_历史_云南_云南卷_原卷.pdf,2
2012,历史,西藏,老高考,,全国卷,common,西藏卷,present_common,H:\New folder\【新·PDF版】2008-2024·高考历史真题\版本2：历史（按省份分类）2008-2024\2008-2024·（西藏）历史高考真题\2012年高考历史试卷（新课标）（空白卷）.pdf,papers/2012/历史/全国/西藏卷/2012_历史_西藏_西藏卷_原卷.pdf,2
2012,历史,陕西,老高考,2025,全国卷,common,陕西卷,present_common,H:\New folder\【新·PDF版】2008-2024·高考历史真题\版本2：历史（按省份分类）2008-2024\2008-2024·（陕西）历史高考真题\2012年高考历史试卷（新课标）（空白卷）.pdf,papers/2012/历史/全国/陕西卷/2012_历史_陕西_陕西卷_原卷.pdf,2
2012,历史,甘肃,老高考,2024,地方/区域卷,local,甘肃卷,present_local,H:\New folder\【新·PDF版】2008-2024·高考历史真题\版本2：历史（按省份分类）2008-2024\2008-2024·（甘肃）历史高考真题\2012年高考历史试卷（大纲版）（空白卷）.pdf,papers/2012/历史/甘肃/甘肃卷/2012_历史_甘肃_甘肃卷_原卷.pdf,2
2012,历史,青海,老高考,2025,地方/区域卷,local,青海卷,present_local,H:\New folder\【新·PDF版】2008-2024·高考历史真题\版本2：历史（按省份分类）2008-2024\2008-2024·（青海）历史高考真题\2012年高考历史试卷（大纲版）（空白卷）.pdf,papers/2012/历史/青海/青海卷/2012_历史_青海_青海卷_原卷.pdf,2
2012,历史,宁夏,老高考,2025,全国卷,common,宁夏卷,present_common,H:\New folder\【新·PDF版】2008-2024·高考历史真题\版本2：历史（按省份分类）2008-2024\2010-2024·（宁夏）历史高考真题\2012年高考历史试卷（新课标）（空白卷）.pdf,papers/2012/历史/全国/宁夏卷/2012_历史_宁夏_宁夏卷_原卷.pdf,2
2012,历史,新疆,老高考,,全国卷,common,新疆卷,present_common,H:\New folder\【新·PDF版】2008-2024·高考历史真题\版本2：历史（按省份分类）2008-2024\2008-2024·（新疆）历史高考真题\2012年高考历史试卷（新课标）（空白卷）.pdf,papers/2012/历史/全国/新疆卷/2012_历史_新疆_新疆卷_原卷.pdf,2
2012,地理,北京,老高考,2020,地方/区域卷,local,北京卷,present_local,H:\New folder\【新·PDF版】2008-2024·高考地理真题\版本2：地理（按省份分类）2008-2024\2008-2024·（北京）地理高考真题\2012年高考地理试卷（北京）（空白卷）.pdf,papers/2012/地理/北京/北京卷/2012_地理_北京_北京卷_原卷.pdf,2
2012,地理,天津,老高考,2020,地方/区域卷,local,天津卷,present_local,H:\New folder\【新·PDF版】2008-2024·高考地理真题\版本2：地理（按省份分类）2008-2024\2008-2023·（天津）地理高考真题\2012年高考地理试卷（天津）（空白卷）.pdf,papers/2012/地理/天津/天津卷/2012_地理_天津_天津卷_原卷.pdf,2
2012,地理,河北,老高考,2021,全国卷,common,河北卷,present_common,H:\New folder\【新·PDF版】2008-2024·高考地理真题\版本2：地理（按省份分类）2008-2024\2008-2023·（河北）地理高考真题\2012年高考地理试卷（新课标）（空白卷）.pdf,papers/2012/地理/全国/河北卷/2012_地理_河北_河北卷_原卷.pdf,2
2012,地理,山西,老高考,2025,全国卷,common,山西卷,present_common,H:\New folder\【新·PDF版】2008-2024·高考地理真题\版本2：地理（按省份分类）2008-2024\2008-2024·（山西）地理高考真题\2012年高考地理试卷（新课标）（空白卷）.pdf,papers/2012/地理/全国/山西卷/2012_地理_山西_山西卷_原卷.pdf,2
2012,地理,内蒙古,老高考,2025,全国卷,common,内蒙古卷,present_common,H:\New folder\【新·PDF版】2008-2024·高考地理真题\版本2：地理（按省份分类）2008-2024\2008-2024·（内蒙古）地理高考真题\2012年高考地理试卷（新课标）（空白卷）.pdf,papers/2012/地理/全国/内蒙古卷/2012_地理_内蒙古_内蒙古卷_原卷.pdf,2
2012,地理,辽宁,老高考,2021,全国卷,common,辽宁卷,present_common,H:\New folder\【新·PDF版】2008-2024·高考地理真题\版本2：地理（按省份分类）2008-2024\2010-2024·（辽宁）地理高考真题\2012年高考地理试卷（新课标）（空白卷）.pdf,papers/2012/地理/全国/辽宁卷/2012_地理_辽宁_辽宁卷_原卷.pdf,2
2012,地理,吉林,老高考,2024,全国卷,common,吉林卷,present_common,H:\New folder\【新·PDF版】2008-2024·高考地理真题\版本2：地理（按省份分类）2008-2024\2008-2024·（吉林）地理高考真题\2012年高考地理试卷（新课标）（空白卷）.pdf,papers/2012/地理/全国/吉林卷/2012_地理_吉林_吉林卷_原卷.pdf,2
2012,地理,黑龙江,老高考,2024,全国卷,common,黑龙江卷,present_common,H:\New folder\【新·PDF版】2008-2024·高考地理真题\版本2：地理（按省份分类）2008-2024\2008-2024·（黑龙江）地理高考真题\2012年高考地理试卷（新课标）（空白卷）.pdf,papers/2012/地理/全国/黑龙江卷/2012_地理_黑龙江_黑龙江卷_原卷.pdf,2
2012,地理,上海,老高考,2017,地方/区域卷,local,上海卷,present_local,"H:\New folder\【新·PDF版】2008-2024·高考地理真题\版本2：地理（按省份分类）2008-2024\2008-2021,2024·（上海）地理高考真题\2012年高考地理试题（上海）（空白卷）.pdf",papers/2012/地理/上海/上海卷/2012_地理_上海_上海卷_原卷.pdf,2
2012,地理,江苏,老高考,2021,地方/区域卷,local,江苏卷,present_local,H:\New folder\【新·PDF版】2008-2024·高考地理真题\版本2：地理（按省份分类）2008-2024\2008-2023·（江苏）地理高考真题\2012年高考地理试卷（江苏）（空白卷）.pdf,papers/2012/地理/江苏/江苏卷/2012_地理_江苏_江苏卷_原卷.pdf,2
2012,地理,浙江,老高考,2017,地方/区域卷,local,浙江卷,present_local,H:\New folder\【新·PDF版】2008-2024·高考地理真题\版本2：地理（按省份分类）2008-2024\2008-2024·（浙江）地理高考真题\2012年高考地理试卷（浙江）（空白卷）.pdf,papers/2012/地理/浙江/浙江卷/2012_地理_浙江_浙江卷_原卷.pdf,4
2012,地理,安徽,老高考,2024,地方/区域卷,local,安徽卷,present_local,H:\New folder\【新·PDF版】2008-2024·高考地理真题\版本2：地理（按省份分类）2008-2024\2012-2024·（安徽）地理高考真题\2012年高考地理试卷（安徽）（空白卷）.pdf,papers/2012/地理/安徽/安徽卷/2012_地理_安徽_安徽卷_原卷.pdf,2
2012,地理,福建,老高考,2021,地方/区域卷,local,福建卷,present_local,H:\New folder\【新·PDF版】2008-2024·高考地理真题\版本2：地理（按省份分类）2008-2024\2012-2024·（福建）地理高考真题\2012年高考地理试卷（福建）（空白卷）.pdf,papers/2012/地理/福建/福建卷/2012_地理_福建_福建卷_原卷.pdf,2
2012,地理,江西,老高考,2024,全国卷,common,江西卷,present_common,H:\New folder\【新·PDF版】2008-2024·高考地理真题\版本2：地理（按省份分类）2008-2024\2008-2024·（江西）地理高考真题\2012年高考地理试卷（新课标）（空白卷）.pdf,papers/2012/地理/全国/江西卷/2012_地理_江西_江西卷_原卷.pdf,2
2012,地理,山东,老高考,2020,地方/区域卷,local,山东卷,present_local,H:\New folder\【新·PDF版】2008-2024·高考地理真题\版本2：地理（按省份分类）2008-2024\2008-2024·（山东）地理高考真题\2012年高考地理试卷（山东）（空白卷）.pdf,papers/2012/地理/山东/山东卷/2012_地理_山东_山东卷_原卷.pdf,2
2012,地理,河南,老高考,2025,全国卷,common,河南卷,present_common,H:\New folder\【新·PDF版】2008-2024·高考地理真题\版本2：地理（按省份分类）2008-2024\2008-2024·（河南）地理高考真题\2012年高考地理试卷（新课标）（空白卷）.pdf,papers/2012/地理/全国/河南卷/2012_地理_河南_河南卷_原卷.pdf,2
2012,地理,湖北,老高考,2021,全国卷,common,湖北卷,present_common,H:\New folder\【新·PDF版】2008-2024·高考地理真题\版本2：地理（按省份分类）2008-2024\2008-2024·（湖北）地理高考真题\2012年高考地理试卷（新课标）（空白卷）.pdf,papers/2012/地理/全国/湖北卷/2012_地理_湖北_湖北卷_原卷.pdf,2
2012,地理,湖南,老高考,2021,全国卷,common,湖南卷,present_common,H:\New folder\【新·PDF版】2008-2024·高考地理真题\版本2：地理（按省份分类）2008-2024\2008-2024·（湖南）地理高考真题\2012年高考地理试卷（新课标）（空白卷）.pdf,papers/2012/地理/全国/湖南卷/2012_地理_湖南_湖南卷_原卷.pdf,2
2012,地理,广东,老高考,2021,地方/区域卷,local,广东卷,present_local,H:\New folder\【新·PDF版】2008-2024·高考地理真题\版本2：地理（按省份分类）2008-2024\2008-2024·（广东）地理高考真题\2012年高考地理试卷（广东）（空白卷）.pdf,papers/2012/地理/广东/广东卷/2012_地理_广东_广东卷_原卷.pdf,2
2012,地理,广西,老高考,2024,地方/区域卷,local,广西卷,present_local,H:\New folder\【新·PDF版】2008-2024·高考地理真题\版本2：地理（按省份分类）2008-2024\2008-2023·（广西）地理高考真题\2012年高考地理试卷（大纲卷）（空白卷）.pdf,papers/2012/地理/广西/广西卷/2012_地理_广西_广西卷_原卷.pdf,2
2012,地理,海南,老高考,2020,地方/区域卷,local,海南卷,present_local,H:\New folder\【新·PDF版】2008-2024·高考地理真题\版本2：地理（按省份分类）2008-2024\2008-2023·（海南）地理高考真题\2012年高考地理试卷（海南）（空白卷）.pdf,papers/2012/地理/海南/海南卷/2012_地理_海南_海南卷_原卷.pdf,2
2012,地理,重庆,老高考,2021,地方/区域卷,local,重庆卷,present_local,H:\New folder\【新·PDF版】2008-2024·高考地理真题\版本2：地理（按省份分类）2008-2024\2012-2023·（重庆）地理高考真题\2012年高考地理试卷（重庆）（空白卷）.pdf,papers/2012/地理/重庆/重庆卷/2012_地理_重庆_重庆卷_原卷.pdf,2
2012,地理,四川,老高考,2025,地方/区域卷,local,四川卷,present_local,H:\New folder\【新·PDF版】2008-2024·高考地理真题\版本2：地理（按省份分类）2008-2024\2008-2024·（四川）地理高考真题\2012年高考地理试卷（四川）（空白卷）.pdf,papers/2012/地理/四川/四川卷/2012_地理_四川_四川卷_原卷.pdf,2
2012,地理,贵州,老高考,2024,地方/区域卷,local,贵州卷,present_local,H:\New folder\【新·PDF版】2008-2024·高考地理真题\版本2：地理（按省份分类）2008-2024\2008-2023·（贵州）地理高考真题\2012年高考地理试卷（大纲卷）（空白卷）.pdf,papers/2012/地理/贵州/贵州卷/2012_地理_贵州_贵州卷_原卷.pdf,2
2012,地理,云南,老高考,2025,全国卷,common,云南卷,present_common,H:\New folder\【新·PDF版】2008-2024·高考地理真题\版本2：地理（按省份分类）2008-2024\2008-2024·（云南）地理高考真题\2012年高考地理试卷（新课标）（空白卷）.pdf,papers/2012/地理/全国/云南卷/2012_地理_云南_云南卷_原卷.pdf,2
2012,地理,西藏,老高考,,全国卷,common,西藏卷,present_common,H:\New folder\【新·PDF版】2008-2024·高考地理真题\版本2：地理（按省份分类）2008-2024\2008-2024·（西藏）地理高考真题\2012年高考地理试卷（新课标）（空白卷）.pdf,papers/2012/地理/全国/西藏卷/2012_地理_西藏_西藏卷_原卷.pdf,2
2012,地理,陕西,老高考,2025,全国卷,common,陕西卷,present_common,H:\New folder\【新·PDF版】2008-2024·高考地理真题\版本2：地理（按省份分类）2008-2024\2008-2024·（陕西）地理高考真题\2012年高考地理试卷（新课标）（空白卷）.pdf,papers/2012/地理/全国/陕西卷/2012_地理_陕西_陕西卷_原卷.pdf,2
2012,地理,甘肃,老高考,2024,地方/区域卷,local,甘肃卷,present_local,H:\New folder\【新·PDF版】2008-2024·高考地理真题\版本2：地理（按省份分类）2008-2024\2008-2024·（甘肃）地理高考真题\2012年高考地理试卷（大纲卷）（空白卷）.pdf,papers/2012/地理/甘肃/甘肃卷/2012_地理_甘肃_甘肃卷_原卷.pdf,2
2012,地理,青海,老高考,2025,地方/区域卷,local,青海卷,present_local,H:\New folder\【新·PDF版】2008-2024·高考地理真题\版本2：地理（按省份分类）2008-2024\2008-2024·（青海）地理高考真题\2012年高考地理试卷（大纲卷）（空白卷）.pdf,papers/2012/地理/青海/青海卷/2012_地理_青海_青海卷_原卷.pdf,2
2012,地理,宁夏,老高考,2025,全国卷,common,宁夏卷,present_common,H:\New folder\【新·PDF版】2008-2024·高考地理真题\版本2：地理（按省份分类）2008-2024\2010-2024·（宁夏）地理高考真题\2012年高考地理试卷（新课标）（空白卷）.pdf,papers/2012/地理/全国/宁夏卷/2012_地理_宁夏_宁夏卷_原卷.pdf,2
2012,地理,新疆,老高考,,全国卷,common,新疆卷,present_common,H:\New folder\【新·PDF版】2008-2024·高考地理真题\版本2：地理（按省份分类）2008-2024\2008-2024·（新疆）地理高考真题\2012年高考地理试卷（新课标）（空白卷）.pdf,papers/2012/地理/全国/新疆卷/2012_地理_新疆_新疆卷_原卷.pdf,2
2013,语文,北京,老高考,2020,地方/区域卷,local,北京卷,present_local,H:\New folder\【新·PDF版】2008-2024·高考语文真题\版本2：语文（按省份分类）2008-2024\2008-2024·（北京）语文高考真题\2013年高考语文试卷（北京）（空白卷）.pdf,papers/2013/语文/北京/北京卷/2013_语文_北京_北京卷_原卷.pdf,2
2013,语文,天津,老高考,2020,地方/区域卷,local,天津卷,present_local,H:\New folder\【新·PDF版】2008-2024·高考语文真题\版本2：语文（按省份分类）2008-2024\2008-2023·（天津）语文高考真题\2013年高考语文试卷（天津）（空白卷）.pdf,papers/2013/语文/天津/天津卷/2013_语文_天津_天津卷_原卷.pdf,2
2013,语文,河北,老高考,2021,全国卷,common,新课标全国I卷,present_common,H:\New folder\【新·PDF版】2008-2024·高考语文真题\版本2：语文（按省份分类）2008-2024\2008-2024·（河北）语文高考真题\2013年高考语文试卷（新课标Ⅰ卷）（空白卷）.pdf,papers/2013/语文/全国/新课标全国I卷/2013_语文_河北_新课标全国I卷_原卷.pdf,2
2013,语文,山西,老高考,2025,全国卷,common,新课标全国I卷,present_common,H:\New folder\【新·PDF版】2008-2024·高考语文真题\版本2：语文（按省份分类）2008-2024\2008-2024·（山西）语文高考真题\2013年高考语文试卷（新课标Ⅰ卷）（空白卷）.pdf,papers/2013/语文/全国/新课标全国I卷/2013_语文_山西_新课标全国I卷_原卷.pdf,2
2013,语文,内蒙古,老高考,2025,全国卷,common,新课标全国II卷,present_common,H:\New folder\【新·PDF版】2008-2024·高考语文真题\版本2：语文（按省份分类）2008-2024\2008-2024·（内蒙古）语文高考真题\2013年高考语文试卷（新课标Ⅱ卷）（空白卷）.pdf,papers/2013/语文/全国/新课标全国II卷/2013_语文_内蒙古_新课标全国II卷_原卷.pdf,2
2013,语文,辽宁,老高考,2021,地方/区域卷,local,辽宁卷,present_local,H:\New folder\【新·PDF版】2008-2024·高考语文真题\版本2：语文（按省份分类）2008-2024\2012-2024·（辽宁）语文高考真题\2013年高考语文试卷（辽宁）（空白卷）.pdf,papers/2013/语文/辽宁/辽宁卷/2013_语文_辽宁_辽宁卷_原卷.pdf,2
2013,语文,吉林,老高考,2024,全国卷,common,新课标全国II卷,present_common,H:\New folder\【新·PDF版】2008-2024·高考语文真题\版本2：语文（按省份分类）2008-2024\2008-2024·（吉林）语文高考真题\2013年高考语文试卷（新课标Ⅱ卷）（空白卷）.pdf,papers/2013/语文/全国/新课标全国II卷/2013_语文_吉林_新课标全国II卷_原卷.pdf,1
2013,语文,黑龙江,老高考,2024,全国卷,common,新课标全国II卷,present_common,H:\New folder\【新·PDF版】2008-2024·高考语文真题\版本2：语文（按省份分类）2008-2024\2008-2024·（黑龙江）语文高考真题\2013年高考语文试卷（新课标Ⅱ卷）（空白卷）.pdf,papers/2013/语文/全国/新课标全国II卷/2013_语文_黑龙江_新课标全国II卷_原卷.pdf,2
2013,语文,上海,老高考,2017,地方/区域卷,local,上海卷,present_local,H:\New folder\【新·PDF版】2008-2024·高考语文真题\版本2：语文（按省份分类）2008-2024\2008-2023·（上海）语文高考真题\2013年高考语文试卷（上海）（秋考）（空白卷）.pdf,papers/2013/语文/上海/上海卷/2013_语文_上海_上海卷_原卷.pdf,2
2013,语文,江苏,老高考,2021,地方/区域卷,local,江苏卷,present_local,H:\New folder\【新·PDF版】2008-2024·高考语文真题\版本2：语文（按省份分类）2008-2024\2008-2024·（江苏）语文高考真题\2013年高考语文试卷（江苏）（空白卷）   .pdf,papers/2013/语文/江苏/江苏卷/2013_语文_江苏_江苏卷_原卷.pdf,2
2013,语文,浙江,老高考,2017,地方/区域卷,local,浙江卷,present_local,H:\New folder\【新·PDF版】2008-2024·高考语文真题\版本2：语文（按省份分类）2008-2024\2008-2024·（浙江）语文高考真题\2013年高考语文试卷（浙江）（空白卷）.pdf,papers/2013/语文/浙江/浙江卷/2013_语文_浙江_浙江卷_原卷.pdf,2
2013,语文,安徽,老高考,2024,地方/区域卷,local,安徽卷,present_local,H:\New folder\【新·PDF版】2008-2024·高考语文真题\版本2：语文（按省份分类）2008-2024\2012-2024·（安徽）语文高考真题\2013年高考语文试卷（安徽）（空白卷）.pdf,papers/2013/语文/安徽/安徽卷/2013_语文_安徽_安徽卷_原卷.pdf,1
2013,语文,福建,老高考,2021,地方/区域卷,local,福建卷,present_local,H:\New folder\【新·PDF版】2008-2024·高考语文真题\版本2：语文（按省份分类）2008-2024\2012-2024·（福建）语文高考真题\2013年高考语文试卷（福建）（空白卷）.pdf,papers/2013/语文/福建/福建卷/2013_语文_福建_福建卷_原卷.pdf,2
2013,语文,江西,老高考,2024,地方/区域卷,local,江西卷,present_local,H:\New folder\【新·PDF版】2008-2024·高考语文真题\版本2：语文（按省份分类）2008-2024\2012-2024·（江西）语文高考真题\2013年高考语文试卷（江西）（空白卷）.pdf,papers/2013/语文/江西/江西卷/2013_语文_江西_江西卷_原卷.pdf,2
2013,语文,山东,老高考,2020,地方/区域卷,local,山东卷,present_local,H:\New folder\【新·PDF版】2008-2024·高考语文真题\版本2：语文（按省份分类）2008-2024\2008-2024·（山东）语文高考真题\2013年高考语文试卷（山东）（空白卷）.pdf,papers/2013/语文/山东/山东卷/2013_语文_山东_山东卷_原卷.pdf,2
2013,语文,河南,老高考,2025,全国卷,common,新课标全国I卷,present_common,H:\New folder\【新·PDF版】2008-2024·高考语文真题\版本2：语文（按省份分类）2008-2024\2008-2024·（河南）语文高考真题\2013年高考语文试卷（新课标Ⅰ卷）（空白卷）.pdf,papers/2013/语文/全国/新课标全国I卷/2013_语文_河南_新课标全国I卷_原卷.pdf,2
2013,语文,湖北,老高考,2021,地方/区域卷,local,湖北卷,present_local,H:\New folder\【新·PDF版】2008-2024·高考语文真题\版本2：语文（按省份分类）2008-2024\2012-2024·（湖北）语文高考真题\2013年高考语文试卷（湖北）（空白卷）.pdf,papers/2013/语文/湖北/湖北卷/2013_语文_湖北_湖北卷_原卷.pdf,2
2013,语文,湖南,老高考,2021,地方/区域卷,local,湖南卷,present_local,H:\New folder\【新·PDF版】2008-2024·高考语文真题\版本2：语文（按省份分类）2008-2024\2008-2024·（湖南）语文高考真题\2013年高考语文试卷（湖南）（空白卷）.pdf,papers/2013/语文/湖南/湖南卷/2013_语文_湖南_湖南卷_原卷.pdf,2
2013,语文,广东,老高考,2021,地方/区域卷,local,广东卷,present_local,H:\New folder\【新·PDF版】2008-2024·高考语文真题\版本2：语文（按省份分类）2008-2024\2008-2024·（广东）语文高考真题\2013年高考语文试卷（广东）（空白卷）.pdf,papers/2013/语文/广东/广东卷/2013_语文_广东_广东卷_原卷.pdf,2
2013,语文,广西,老高考,2024,全国卷,common,新课标全国II卷,present_common,H:\New folder\【新·PDF版】2008-2024·高考语文真题\版本2：语文（按省份分类）2008-2024\2008-2024·（广西）语文高考真题\2013年高考语文试卷（新课标Ⅱ卷）（空白卷）.pdf,papers/2013/语文/全国/新课标全国II卷/2013_语文_广西_新课标全国II卷_原卷.pdf,2
2013,语文,海南,老高考,2020,全国卷,common,新课标全国II卷,present_common,H:\New folder\【新·PDF版】2008-2024·高考语文真题\版本2：语文（按省份分类）2008-2024\2008-2024·（海南）语文高考真题\2013年高考语文试卷（新课标Ⅱ卷）（空白卷）.pdf,papers/2013/语文/全国/新课标全国II卷/2013_语文_海南_新课标全国II卷_原卷.pdf,2
2013,语文,重庆,老高考,2021,地方/区域卷,local,重庆卷,present_local,H:\New folder\【新·PDF版】2008-2024·高考语文真题\版本2：语文（按省份分类）2008-2024\2012-2024·（重庆）语文高考真题\2013年高考语文试卷（重庆）（空白卷）.pdf,papers/2013/语文/重庆/重庆卷/2013_语文_重庆_重庆卷_原卷.pdf,2
2013,语文,四川,老高考,2025,地方/区域卷,local,四川卷,present_local,H:\New folder\【新·PDF版】2008-2024·高考语文真题\版本2：语文（按省份分类）2008-2024\2008-2024·（四川）语文高考真题\2013年高考语文试卷（四川）（空白卷）.pdf,papers/2013/语文/四川/四川卷/2013_语文_四川_四川卷_原卷.pdf,2
2013,语文,贵州,老高考,2024,全国卷,common,新课标全国II卷,present_common,H:\New folder\【新·PDF版】2008-2024·高考语文真题\版本2：语文（按省份分类）2008-2024\2008-2024·（贵州）语文高考真题\2013年高考语文试卷（新课标Ⅱ卷）（空白卷）.pdf,papers/2013/语文/全国/新课标全国II卷/2013_语文_贵州_新课标全国II卷_原卷.pdf,2
2013,语文,云南,老高考,2025,全国卷,common,新课标全国II卷,present_common,H:\New folder\【新·PDF版】2008-2024·高考语文真题\版本2：语文（按省份分类）2008-2024\2008-2024·（云南）语文高考真题\2013年高考语文试卷（新课标Ⅱ卷）（空白卷）.pdf,papers/2013/语文/全国/新课标全国II卷/2013_语文_云南_新课标全国II卷_原卷.pdf,2
2013,语文,西藏,老高考,,全国卷,common,新课标全国II卷,present_common,H:\New folder\【新·PDF版】2008-2024·高考语文真题\版本2：语文（按省份分类）2008-2024\2008-2024·（西藏）语文高考真题\2013年高考语文试卷（新课标Ⅱ卷）（空白卷）.pdf,papers/2013/语文/全国/新课标全国II卷/2013_语文_西藏_新课标全国II卷_原卷.pdf,2
2013,语文,陕西,老高考,2025,全国卷,common,新课标全国I卷,present_common,H:\New folder\【新·PDF版】2008-2024·高考语文真题\版本2：语文（按省份分类）2008-2024\2008-2024·（陕西）语文高考真题\2013年高考语文试卷（新课标Ⅰ卷）（空白卷）.pdf,papers/2013/语文/全国/新课标全国I卷/2013_语文_陕西_新课标全国I卷_原卷.pdf,2
2013,语文,甘肃,老高考,2024,全国卷,common,新课标全国II卷,present_common,H:\New folder\【新·PDF版】2008-2024·高考语文真题\版本2：语文（按省份分类）2008-2024\2008-2024·（甘肃）语文高考真题\2013年高考语文试卷（新课标Ⅱ卷）（空白卷）.pdf,papers/2013/语文/全国/新课标全国II卷/2013_语文_甘肃_新课标全国II卷_原卷.pdf,2
2013,语文,青海,老高考,2025,全国卷,common,新课标全国II卷,present_common,H:\New folder\【新·PDF版】2008-2024·高考语文真题\版本2：语文（按省份分类）2008-2024\2008-2024·（青海）语文高考真题\2013年高考语文试卷（新课标Ⅱ卷）（空白卷）.pdf,papers/2013/语文/全国/新课标全国II卷/2013_语文_青海_新课标全国II卷_原卷.pdf,2
2013,语文,宁夏,老高考,2025,全国卷,common,新课标全国II卷,present_common,H:\New folder\【新·PDF版】2008-2024·高考语文真题\版本2：语文（按省份分类）2008-2024\2008-2024·（宁夏）语文高考真题\2013年高考语文试卷（新课标Ⅱ卷）（空白卷）.pdf,papers/2013/语文/全国/新课标全国II卷/2013_语文_宁夏_新课标全国II卷_原卷.pdf,2
2013,语文,新疆,老高考,,全国卷,common,新课标全国II卷,present_common,H:\New folder\【新·PDF版】2008-2024·高考语文真题\版本2：语文（按省份分类）2008-2024\2008-2024·（新疆）语文高考真题\2013年高考语文试卷（新课标Ⅱ卷）（空白卷）.pdf,papers/2013/语文/全国/新课标全国II卷/2013_语文_新疆_新课标全国II卷_原卷.pdf,2
2013,数学,北京,老高考,2020,地方/区域卷,local,北京卷,present_local,H:\New folder\【新】2008-2024·高考数学真题\【PDF版】2008-2024·高考数学真题\版本2：数学（按省份分类）2008-2024\2008-2024·（北京）数学高考真题\2013年高考数学试卷（文）（北京）（空白卷）.pdf,papers/2013/数学/北京/北京卷/2013_数学_北京_北京卷_原卷.pdf,4
2013,数学,天津,老高考,2020,地方/区域卷,local,天津卷,present_local,H:\New folder\【新】2008-2024·高考数学真题\【PDF版】2008-2024·高考数学真题\版本2：数学（按省份分类）2008-2024\2008-2024·（天津）数学高考真题\2013年高考数学试卷（文）（天津）（空白卷）.pdf,papers/2013/数学/天津/天津卷/2013_数学_天津_天津卷_原卷.pdf,4
2013,数学,河北,老高考,2021,全国卷,common,新课标全国I卷,present_common,H:\New folder\【新】2008-2024·高考数学真题\【PDF版】2008-2024·高考数学真题\版本2：数学（按省份分类）2008-2024\2008-2024·（河北）数学高考真题\2013年高考数学试卷（文）（新课标Ⅰ）（空白卷）.pdf,papers/2013/数学/全国/新课标全国I卷/2013_数学_河北_新课标全国I卷_原卷.pdf,4
2013,数学,山西,老高考,2025,全国卷,common,新课标全国I卷,present_common,H:\New folder\【新】2008-2024·高考数学真题\【PDF版】2008-2024·高考数学真题\版本2：数学（按省份分类）2008-2024\2008-2024·（山西）数学高考真题\2013年高考数学试卷（文）（新课标Ⅰ）（空白卷）.pdf,papers/2013/数学/全国/新课标全国I卷/2013_数学_山西_新课标全国I卷_原卷.pdf,4
2013,数学,内蒙古,老高考,2025,全国卷,common,新课标全国II卷,present_common,H:\New folder\【新】2008-2024·高考数学真题\【PDF版】2008-2024·高考数学真题\版本2：数学（按省份分类）2008-2024\2008-2024·（内蒙古）数学高考真题\2013年高考数学试卷（文）（新课标Ⅱ）（空白卷）.pdf,papers/2013/数学/全国/新课标全国II卷/2013_数学_内蒙古_新课标全国II卷_原卷.pdf,4
2013,数学,辽宁,老高考,2021,地方/区域卷,local,辽宁卷,present_local,H:\New folder\【新】2008-2024·高考数学真题\【PDF版】2008-2024·高考数学真题\版本2：数学（按省份分类）2008-2024\2008-2024·（辽宁）数学高考真题\2013年高考数学试卷（文）（辽宁）（空白卷）.pdf,papers/2013/数学/辽宁/辽宁卷/2013_数学_辽宁_辽宁卷_原卷.pdf,4
2013,数学,吉林,老高考,2024,全国卷,common,新课标全国II卷,present_common,H:\New folder\【新】2008-2024·高考数学真题\【PDF版】2008-2024·高考数学真题\版本2：数学（按省份分类）2008-2024\2008-2024·（吉林）数学高考真题\2013年高考数学试卷（文）（新课标Ⅱ）（空白卷）.pdf,papers/2013/数学/全国/新课标全国II卷/2013_数学_吉林_新课标全国II卷_原卷.pdf,4
2013,数学,黑龙江,老高考,2024,全国卷,common,新课标全国II卷,present_common,H:\New folder\【新】2008-2024·高考数学真题\【PDF版】2008-2024·高考数学真题\版本2：数学（按省份分类）2008-2024\2008-2024·（黑龙江）数学高考真题\2013年高考数学试卷（文）（新课标Ⅱ）（空白卷）.pdf,papers/2013/数学/全国/新课标全国II卷/2013_数学_黑龙江_新课标全国II卷_原卷.pdf,4
2013,数学,上海,老高考,2017,地方/区域卷,local,上海卷,present_local,H:\New folder\【新】2008-2024·高考数学真题\【PDF版】2008-2024·高考数学真题\版本2：数学（按省份分类）2008-2024\2008-2024·（上海）数学高考真题\2013年高考数学试卷（文）（上海）（空白卷）.pdf,papers/2013/数学/上海/上海卷/2013_数学_上海_上海卷_原卷.pdf,4
2013,数学,江苏,老高考,2021,地方/区域卷,local,江苏卷,present_local,H:\New folder\【新】2008-2024·高考数学真题\【PDF版】2008-2024·高考数学真题\版本2：数学（按省份分类）2008-2024\2008-2024·（江苏）数学高考真题\2013年高考数学试卷（江苏）（空白卷）.pdf,papers/2013/数学/江苏/江苏卷/2013_数学_江苏_江苏卷_原卷.pdf,2
2013,数学,浙江,老高考,2017,地方/区域卷,local,浙江卷,present_local,H:\New folder\【新】2008-2024·高考数学真题\【PDF版】2008-2024·高考数学真题\版本2：数学（按省份分类）2008-2024\2008-2024·（浙江）数学高考真题\2013年高考数学试卷（文）（浙江）（空白卷）.pdf,papers/2013/数学/浙江/浙江卷/2013_数学_浙江_浙江卷_原卷.pdf,4
2013,数学,安徽,老高考,2024,地方/区域卷,local,安徽卷,present_local,H:\New folder\【新】2008-2024·高考数学真题\【PDF版】2008-2024·高考数学真题\版本2：数学（按省份分类）2008-2024\2012-2024·（安徽）数学高考真题\2013年高考数学试卷（文）（安徽）（空白卷）.pdf,papers/2013/数学/安徽/安徽卷/2013_数学_安徽_安徽卷_原卷.pdf,4
2013,数学,福建,老高考,2021,地方/区域卷,local,福建卷,present_local,H:\New folder\【新】2008-2024·高考数学真题\【PDF版】2008-2024·高考数学真题\版本2：数学（按省份分类）2008-2024\2012-2024·（福建）数学高考真题\2013年高考数学试卷（文）（福建）（空白卷）.pdf,papers/2013/数学/福建/福建卷/2013_数学_福建_福建卷_原卷.pdf,4
2013,数学,江西,老高考,2024,地方/区域卷,local,江西卷,present_local,H:\New folder\【新】2008-2024·高考数学真题\【PDF版】2008-2024·高考数学真题\版本2：数学（按省份分类）2008-2024\2008-2024·（江西）数学高考真题\2013年高考数学试卷（文）（江西）（空白卷）.pdf,papers/2013/数学/江西/江西卷/2013_数学_江西_江西卷_原卷.pdf,4
2013,数学,山东,老高考,2020,地方/区域卷,local,山东卷,present_local,H:\New folder\【新】2008-2024·高考数学真题\【PDF版】2008-2024·高考数学真题\版本2：数学（按省份分类）2008-2024\2008-2024·（山东）数学高考真题\2013年高考数学试卷（文）（山东）（空白卷）.pdf,papers/2013/数学/山东/山东卷/2013_数学_山东_山东卷_原卷.pdf,4
2013,数学,河南,老高考,2025,全国卷,common,新课标全国I卷,present_common,H:\New folder\【新】2008-2024·高考数学真题\【PDF版】2008-2024·高考数学真题\版本2：数学（按省份分类）2008-2024\2008-2024·（河南）数学高考真题\2013年高考数学试卷（文）（新课标Ⅰ）（空白卷）.pdf,papers/2013/数学/全国/新课标全国I卷/2013_数学_河南_新课标全国I卷_原卷.pdf,4
2013,数学,湖北,老高考,2021,地方/区域卷,local,湖北卷,present_local,H:\New folder\【新】2008-2024·高考数学真题\【PDF版】2008-2024·高考数学真题\版本2：数学（按省份分类）2008-2024\2012-2024·（湖北）数学高考真题\2013年高考数学试卷（文）（湖北）（空白卷）.pdf,papers/2013/数学/湖北/湖北卷/2013_数学_湖北_湖北卷_原卷.pdf,4
2013,数学,湖南,老高考,2021,地方/区域卷,local,湖南卷,present_local,H:\New folder\【新】2008-2024·高考数学真题\【PDF版】2008-2024·高考数学真题\版本2：数学（按省份分类）2008-2024\2008-2024·（湖南）数学高考真题\2013年高考数学试卷（文）（湖南）（空白卷）.pdf,papers/2013/数学/湖南/湖南卷/2013_数学_湖南_湖南卷_原卷.pdf,4
2013,数学,广东,老高考,2021,地方/区域卷,local,广东卷,present_local,H:\New folder\【新】2008-2024·高考数学真题\【PDF版】2008-2024·高考数学真题\版本2：数学（按省份分类）2008-2024\2008-2024·（广东）数学高考真题\2013年高考数学试卷（文）（广东）（空白卷）.pdf,papers/2013/数学/广东/广东卷/2013_数学_广东_广东卷_原卷.pdf,4
2013,数学,广西,老高考,2024,全国卷,common,新课标全国II卷,present_common,H:\New folder\【新】2008-2024·高考数学真题\【PDF版】2008-2024·高考数学真题\版本2：数学（按省份分类）2008-2024\2008-2024·（广西）数学高考真题\2013年高考数学试卷（文）（新课标Ⅱ）（空白卷）.pdf,papers/2013/数学/全国/新课标全国II卷/2013_数学_广西_新课标全国II卷_原卷.pdf,4
2013,数学,海南,老高考,2020,全国卷,common,新课标全国II卷,present_common,H:\New folder\【新】2008-2024·高考数学真题\【PDF版】2008-2024·高考数学真题\版本2：数学（按省份分类）2008-2024\2008-2024·（海南）数学高考真题\2013年高考数学试卷（文）（新课标Ⅱ）（空白卷）.pdf,papers/2013/数学/全国/新课标全国II卷/2013_数学_海南_新课标全国II卷_原卷.pdf,4
2013,数学,重庆,老高考,2021,地方/区域卷,local,重庆卷,present_local,H:\New folder\【新】2008-2024·高考数学真题\【PDF版】2008-2024·高考数学真题\版本2：数学（按省份分类）2008-2024\2012-2024·（重庆）数学高考真题\2013年高考数学试卷（文）（重庆自主命题）（空白卷）.pdf,papers/2013/数学/重庆/重庆卷/2013_数学_重庆_重庆卷_原卷.pdf,4
2013,数学,四川,老高考,2025,地方/区域卷,local,四川卷,present_local,H:\New folder\【新】2008-2024·高考数学真题\【PDF版】2008-2024·高考数学真题\版本2：数学（按省份分类）2008-2024\2008-2024·（四川）数学高考真题\2013年高考数学试卷（文）（四川）（空白卷）.pdf,papers/2013/数学/四川/四川卷/2013_数学_四川_四川卷_原卷.pdf,4
2013,数学,贵州,老高考,2024,全国卷,common,新课标全国II卷,present_common,H:\New folder\【新】2008-2024·高考数学真题\【PDF版】2008-2024·高考数学真题\版本2：数学（按省份分类）2008-2024\2008-2024·（贵州）数学高考真题\2013年高考数学试卷（文）（新课标Ⅱ）（空白卷）.pdf,papers/2013/数学/全国/新课标全国II卷/2013_数学_贵州_新课标全国II卷_原卷.pdf,4
2013,数学,云南,老高考,2025,全国卷,common,新课标全国II卷,present_common,H:\New folder\【新】2008-2024·高考数学真题\【PDF版】2008-2024·高考数学真题\版本2：数学（按省份分类）2008-2024\2008-2024·（云南）数学高考真题\2013年高考数学试卷（文）（新课标Ⅱ）（空白卷）.pdf,papers/2013/数学/全国/新课标全国II卷/2013_数学_云南_新课标全国II卷_原卷.pdf,4
2013,数学,西藏,老高考,,全国卷,common,新课标全国II卷,present_common,H:\New folder\【新】2008-2024·高考数学真题\【PDF版】2008-2024·高考数学真题\版本2：数学（按省份分类）2008-2024\2008-2024·（西藏）数学高考真题\2013年高考数学试卷（文）（新课标Ⅱ）（空白卷）.pdf,papers/2013/数学/全国/新课标全国II卷/2013_数学_西藏_新课标全国II卷_原卷.pdf,4
2013,数学,陕西,老高考,2025,地方/区域卷,local,陕西卷,present_local,H:\New folder\【新】2008-2024·高考数学真题\【PDF版】2008-2024·高考数学真题\版本2：数学（按省份分类）2008-2024\2008-2024·（陕西）数学高考真题\2013年高考数学试卷（文）（陕西）（空白卷）.pdf,papers/2013/数学/陕西/陕西卷/2013_数学_陕西_陕西卷_原卷.pdf,4
2013,数学,甘肃,老高考,2024,地方/区域卷,local,甘肃卷,present_local,H:\New folder\【新】2008-2024·高考数学真题\【PDF版】2008-2024·高考数学真题\版本2：数学（按省份分类）2008-2024\2008-2024·（甘肃）数学高考真题\2013年高考数学试卷（理）（大纲版）（空白卷）.pdf,papers/2013/数学/甘肃/甘肃卷/2013_数学_甘肃_甘肃卷_原卷.pdf,6
2013,数学,青海,老高考,2025,全国卷,common,新课标全国II卷,present_common,H:\New folder\【新】2008-2024·高考数学真题\【PDF版】2008-2024·高考数学真题\版本2：数学（按省份分类）2008-2024\2008-2024·（青海）数学高考真题\2013年高考数学试卷（文）（新课标Ⅱ）（空白卷）.pdf,papers/2013/数学/全国/新课标全国II卷/2013_数学_青海_新课标全国II卷_原卷.pdf,4
2013,数学,宁夏,老高考,2025,全国卷,common,新课标全国II卷,present_common,H:\New folder\【新】2008-2024·高考数学真题\【PDF版】2008-2024·高考数学真题\版本2：数学（按省份分类）2008-2024\2008-2024·（宁夏）数学高考真题\2013年高考数学试卷（文）（新课标Ⅱ）（空白卷）.pdf,papers/2013/数学/全国/新课标全国II卷/2013_数学_宁夏_新课标全国II卷_原卷.pdf,4
2013,数学,新疆,老高考,,全国卷,common,新课标全国II卷,present_common,H:\New folder\【新】2008-2024·高考数学真题\【PDF版】2008-2024·高考数学真题\版本2：数学（按省份分类）2008-2024\2008-2024·（新疆）数学高考真题\2013年高考数学试卷（文）（新课标Ⅱ）（空白卷）.pdf,papers/2013/数学/全国/新课标全国II卷/2013_数学_新疆_新课标全国II卷_原卷.pdf,4
2013,英语,北京,老高考,2020,地方/区域卷,local,北京卷,present_local,H:\New folder\【新·PDF版】2008-2024·高考英语真题\版本2：英语（按省份分类）2008-2024\2008-2024·（北京）英语高考真题\2013年高考英语试卷（北京）听力音频.mp3,papers/2013/英语/北京/北京卷/2013_英语_北京_北京卷_原卷.mp3,3
2013,英语,天津,老高考,2020,地方/区域卷,local,天津卷,present_local,H:\New folder\【新·PDF版】2008-2024·高考英语真题\版本2：英语（按省份分类）2008-2024\2008-2023·（天津）英语高考真题\2013年高考英语试卷（天津）（空白卷）.pdf,papers/2013/英语/天津/天津卷/2013_英语_天津_天津卷_原卷.pdf,2
2013,英语,河北,老高考,2021,全国卷,common,新课标全国I卷,present_common,H:\New folder\【新·PDF版】2008-2024·高考英语真题\版本2：英语（按省份分类）2008-2024\2008-2024·（河北）英语高考真题\2013年高考英语试卷（新课标Ⅰ卷）听力音频.mp3,papers/2013/英语/全国/新课标全国I卷/2013_英语_河北_新课标全国I卷_原卷.mp3,3
2013,英语,山西,老高考,2025,全国卷,common,新课标全国I卷,present_common,H:\New folder\【新·PDF版】2008-2024·高考英语真题\版本2：英语（按省份分类）2008-2024\2008-2024·（山西）英语高考真题\2013年高考英语试卷（新课标Ⅰ卷）听力音频.mp3,papers/2013/英语/全国/新课标全国I卷/2013_英语_山西_新课标全国I卷_原卷.mp3,3
2013,英语,内蒙古,老高考,2025,全国卷,common,新课标全国II卷,present_common,H:\New folder\【新·PDF版】2008-2024·高考英语真题\版本2：英语（按省份分类）2008-2024\2008-2024·（内蒙古）英语高考真题\2013年高考英语试卷（新课标Ⅱ卷）听力音频.mp3,papers/2013/英语/全国/新课标全国II卷/2013_英语_内蒙古_新课标全国II卷_原卷.mp3,3
2013,英语,辽宁,老高考,2021,地方/区域卷,local,辽宁卷,present_local,H:\New folder\【新·PDF版】2008-2024·高考英语真题\版本2：英语（按省份分类）2008-2024\2012-2024·（辽宁）英语高考真题\2013年高考英语试卷（辽宁）听力音频.mp3,papers/2013/英语/辽宁/辽宁卷/2013_英语_辽宁_辽宁卷_原卷.mp3,3
2013,英语,吉林,老高考,2024,全国卷,common,新课标全国II卷,present_common,H:\New folder\【新·PDF版】2008-2024·高考英语真题\版本2：英语（按省份分类）2008-2024\2008-2024·（吉林）英语高考真题\2013年高考英语试卷（新课标Ⅱ卷）听力音频.mp3,papers/2013/英语/全国/新课标全国II卷/2013_英语_吉林_新课标全国II卷_原卷.mp3,3
2013,英语,黑龙江,老高考,2024,全国卷,common,新课标全国II卷,present_common,H:\New folder\【新·PDF版】2008-2024·高考英语真题\版本2：英语（按省份分类）2008-2024\2008-2024·（黑龙江）英语高考真题\2013年高考英语试卷（新课标Ⅱ卷）听力音频.mp3,papers/2013/英语/全国/新课标全国II卷/2013_英语_黑龙江_新课标全国II卷_原卷.mp3,3
2013,英语,上海,老高考,2017,地方/区域卷,local,上海卷,present_local,H:\New folder\【新·PDF版】2008-2024·高考英语真题\版本2：英语（按省份分类）2008-2024\2008-2023·（上海）英语高考真题\2013年高考英语试卷（上海）（秋考）听力音频.mp3,papers/2013/英语/上海/上海卷/2013_英语_上海_上海卷_原卷.mp3,3
2013,英语,江苏,老高考,2021,地方/区域卷,local,江苏卷,present_local,H:\New folder\【新·PDF版】2008-2024·高考英语真题\版本2：英语（按省份分类）2008-2024\2008-2024·（江苏）英语高考真题\2013年高考英语试卷（江苏）听力音频.mp3,papers/2013/英语/江苏/江苏卷/2013_英语_江苏_江苏卷_原卷.mp3,3
2013,英语,浙江,老高考,2017,地方/区域卷,local,浙江卷,present_local,H:\New folder\【新·PDF版】2008-2024·高考英语真题\版本2：英语（按省份分类）2008-2024\2008-2024·（浙江）英语高考真题\2013年高考英语试卷（浙江）（空白卷）.pdf,papers/2013/英语/浙江/浙江卷/2013_英语_浙江_浙江卷_原卷.pdf,2
2013,英语,安徽,老高考,2024,地方/区域卷,local,安徽卷,present_local,H:\New folder\【新·PDF版】2008-2024·高考英语真题\版本2：英语（按省份分类）2008-2024\2012-2024·（安徽）英语高考真题\2013年高考英语试卷（安徽）听力音频.mp3,papers/2013/英语/安徽/安徽卷/2013_英语_安徽_安徽卷_原卷.mp3,3
2013,英语,福建,老高考,2021,地方/区域卷,local,福建卷,present_local,H:\New folder\【新·PDF版】2008-2024·高考英语真题\版本2：英语（按省份分类）2008-2024\2012-2024·（福建）英语高考真题\2013年高考英语试卷（福建）听力音频.mp3,papers/2013/英语/福建/福建卷/2013_英语_福建_福建卷_原卷.mp3,3
2013,英语,江西,老高考,2024,地方/区域卷,local,江西卷,present_local,H:\New folder\【新·PDF版】2008-2024·高考英语真题\版本2：英语（按省份分类）2008-2024\2012-2024·（江西）英语高考真题\2013年高考英语试卷（江西）听力音频.mp3,papers/2013/英语/江西/江西卷/2013_英语_江西_江西卷_原卷.mp3,3
2013,英语,山东,老高考,2020,地方/区域卷,local,山东卷,present_local,H:\New folder\【新·PDF版】2008-2024·高考英语真题\版本2：英语（按省份分类）2008-2024\2008-2024·（山东）英语高考真题\2013年高考英语试卷（山东）听力音频.mp3,papers/2013/英语/山东/山东卷/2013_英语_山东_山东卷_原卷.mp3,3
2013,英语,河南,老高考,2025,全国卷,common,新课标全国I卷,present_common,H:\New folder\【新·PDF版】2008-2024·高考英语真题\版本2：英语（按省份分类）2008-2024\2008-2024·（河南）英语高考真题\2013年高考英语试卷（新课标Ⅰ卷）听力音频.mp3,papers/2013/英语/全国/新课标全国I卷/2013_英语_河南_新课标全国I卷_原卷.mp3,3
2013,英语,湖北,老高考,2021,地方/区域卷,local,湖北卷,present_local,H:\New folder\【新·PDF版】2008-2024·高考英语真题\版本2：英语（按省份分类）2008-2024\2012-2024·（湖北）英语高考真题\2013年高考英语试卷（湖北）听力音频.mp3,papers/2013/英语/湖北/湖北卷/2013_英语_湖北_湖北卷_原卷.mp3,3
2013,英语,湖南,老高考,2021,地方/区域卷,local,湖南卷,present_local,H:\New folder\【新·PDF版】2008-2024·高考英语真题\版本2：英语（按省份分类）2008-2024\2008-2024·（湖南）英语高考真题\2013年高考英语试卷（湖南）听力音频.mp3,papers/2013/英语/湖南/湖南卷/2013_英语_湖南_湖南卷_原卷.mp3,3
2013,英语,广东,老高考,2021,地方/区域卷,local,广东卷,present_local,H:\New folder\【新·PDF版】2008-2024·高考英语真题\版本2：英语（按省份分类）2008-2024\2008-2024·（广东）英语高考真题\2013年高考英语试卷（广东）（空白卷）.pdf,papers/2013/英语/广东/广东卷/2013_英语_广东_广东卷_原卷.pdf,2
2013,英语,广西,老高考,2024,全国卷,common,新课标全国II卷,present_common,H:\New folder\【新·PDF版】2008-2024·高考英语真题\版本2：英语（按省份分类）2008-2024\2008-2024·（广西）英语高考真题\2013年高考英语试卷（新课标Ⅱ卷）听力音频.mp3,papers/2013/英语/全国/新课标全国II卷/2013_英语_广西_新课标全国II卷_原卷.mp3,3
2013,英语,海南,老高考,2020,全国卷,common,新课标全国II卷,present_common,H:\New folder\【新·PDF版】2008-2024·高考英语真题\版本2：英语（按省份分类）2008-2024\2008-2024·（海南）英语高考真题\2013年高考英语试卷（新课标Ⅱ卷）听力音频.mp3,papers/2013/英语/全国/新课标全国II卷/2013_英语_海南_新课标全国II卷_原卷.mp3,3
2013,英语,重庆,老高考,2021,地方/区域卷,local,重庆卷,present_local,H:\New folder\【新·PDF版】2008-2024·高考英语真题\版本2：英语（按省份分类）2008-2024\2012-2024·（重庆）英语高考真题\2013年高考英语听力真题（重庆卷）.mp3,papers/2013/英语/重庆/重庆卷/2013_英语_重庆_重庆卷_原卷.mp3,3
2013,英语,四川,老高考,2025,地方/区域卷,local,四川卷,present_local,H:\New folder\【新·PDF版】2008-2024·高考英语真题\版本2：英语（按省份分类）2008-2024\2008-2024·（四川）英语高考真题\2013年高考英语试卷（四川）（空白卷）.pdf,papers/2013/英语/四川/四川卷/2013_英语_四川_四川卷_原卷.pdf,2
2013,英语,贵州,老高考,2024,全国卷,common,新课标全国II卷,present_common,H:\New folder\【新·PDF版】2008-2024·高考英语真题\版本2：英语（按省份分类）2008-2024\2008-2024·（贵州）英语高考真题\2013年高考英语试卷（新课标Ⅱ卷）听力音频.mp3,papers/2013/英语/全国/新课标全国II卷/2013_英语_贵州_新课标全国II卷_原卷.mp3,3
2013,英语,云南,老高考,2025,全国卷,common,新课标全国II卷,present_common,H:\New folder\【新·PDF版】2008-2024·高考英语真题\版本2：英语（按省份分类）2008-2024\2008-2024·（云南）英语高考真题\2013年高考英语试卷（新课标Ⅱ卷）听力音频.mp3,papers/2013/英语/全国/新课标全国II卷/2013_英语_云南_新课标全国II卷_原卷.mp3,3
2013,英语,西藏,老高考,,全国卷,common,新课标全国II卷,present_common,H:\New folder\【新·PDF版】2008-2024·高考英语真题\版本2：英语（按省份分类）2008-2024\2008-2024·（西藏）英语高考真题\2013年高考英语试卷（新课标Ⅱ卷）听力音频.mp3,papers/2013/英语/全国/新课标全国II卷/2013_英语_西藏_新课标全国II卷_原卷.mp3,3
2013,英语,陕西,老高考,2025,地方/区域卷,local,陕西卷,present_local,H:\New folder\【新·PDF版】2008-2024·高考英语真题\版本2：英语（按省份分类）2008-2024\2008-2024·（陕西）英语高考真题\2013年高考英语试卷（陕西）（空白卷）.pdf,papers/2013/英语/陕西/陕西卷/2013_英语_陕西_陕西卷_原卷.pdf,2
2013,英语,甘肃,老高考,2024,全国卷,common,新课标全国II卷,present_common,H:\New folder\【新·PDF版】2008-2024·高考英语真题\版本2：英语（按省份分类）2008-2024\2008-2024·（甘肃）英语高考真题\2013年高考英语试卷（新课标Ⅱ卷）听力音频.mp3,papers/2013/英语/全国/新课标全国II卷/2013_英语_甘肃_新课标全国II卷_原卷.mp3,3
2013,英语,青海,老高考,2025,全国卷,common,新课标全国II卷,present_common,H:\New folder\【新·PDF版】2008-2024·高考英语真题\版本2：英语（按省份分类）2008-2024\2008-2024·（青海）英语高考真题\2013年高考英语试卷（新课标Ⅱ卷）听力音频.mp3,papers/2013/英语/全国/新课标全国II卷/2013_英语_青海_新课标全国II卷_原卷.mp3,3
2013,英语,宁夏,老高考,2025,全国卷,common,新课标全国II卷,present_common,H:\New folder\【新·PDF版】2008-2024·高考英语真题\版本2：英语（按省份分类）2008-2024\2008-2024·（宁夏）英语高考真题\2013年高考英语试卷（新课标Ⅱ卷）听力音频.mp3,papers/2013/英语/全国/新课标全国II卷/2013_英语_宁夏_新课标全国II卷_原卷.mp3,3
2013,英语,新疆,老高考,,全国卷,common,新课标全国II卷,present_common,H:\New folder\【新·PDF版】2008-2024·高考英语真题\版本2：英语（按省份分类）2008-2024\2008-2024·（新疆）英语高考真题\2013年高考英语试卷（新课标Ⅱ卷）听力音频.mp3,papers/2013/英语/全国/新课标全国II卷/2013_英语_新疆_新课标全国II卷_原卷.mp3,3
2013,物理,北京,老高考,2020,地方/区域卷,local,北京卷,present_local,H:\New folder\【新·PDF版】2008-2024·高考物理真题\版本2：物理（按省份分类）2008-2024\2008-2024·（北京）物理高考真题\2013年高考物理试卷（北京）（空白卷）.pdf,papers/2013/物理/北京/北京卷/2013_物理_北京_北京卷_原卷.pdf,2
2013,物理,天津,老高考,2020,地方/区域卷,local,天津卷,present_local,H:\New folder\【新·PDF版】2008-2024·高考物理真题\版本2：物理（按省份分类）2008-2024\2008-2023·（天津）物理高考真题\2013年高考物理试卷（天津）（空白卷）.pdf,papers/2013/物理/天津/天津卷/2013_物理_天津_天津卷_原卷.pdf,2
2013,物理,河北,老高考,2021,全国卷,common,新课标全国I卷,present_common,H:\New folder\【新·PDF版】2008-2024·高考物理真题\版本2：物理（按省份分类）2008-2024\2008-2024·（河北）物理高考真题\2013年高考物理试卷（新课标Ⅰ）（空白卷）.pdf,papers/2013/物理/全国/新课标全国I卷/2013_物理_河北_新课标全国I卷_原卷.pdf,2
2013,物理,山西,老高考,2025,全国卷,common,新课标全国I卷,present_common,H:\New folder\【新·PDF版】2008-2024·高考物理真题\版本2：物理（按省份分类）2008-2024\2008-2024·（山西）物理高考真题\2013年高考物理试卷（新课标Ⅰ）（空白卷）.pdf,papers/2013/物理/全国/新课标全国I卷/2013_物理_山西_新课标全国I卷_原卷.pdf,2
2013,物理,内蒙古,老高考,2025,全国卷,common,新课标全国II卷,present_common,H:\New folder\【新·PDF版】2008-2024·高考物理真题\版本2：物理（按省份分类）2008-2024\2008-2024·（内蒙古）物理高考真题\2013年高考物理试卷（新课标Ⅱ）（空白卷）.pdf,papers/2013/物理/全国/新课标全国II卷/2013_物理_内蒙古_新课标全国II卷_原卷.pdf,2
2013,物理,辽宁,老高考,2021,全国卷,common,新课标全国II卷,present_common,H:\New folder\【新·PDF版】2008-2024·高考物理真题\版本2：物理（按省份分类）2008-2024\2010-2024·（辽宁）物理高考真题\2013年高考物理试卷（新课标Ⅱ）（空白卷）.pdf,papers/2013/物理/全国/新课标全国II卷/2013_物理_辽宁_新课标全国II卷_原卷.pdf,2
2013,物理,吉林,老高考,2024,全国卷,common,新课标全国II卷,present_common,H:\New folder\【新·PDF版】2008-2024·高考物理真题\版本2：物理（按省份分类）2008-2024\2008-2024·（吉林）物理高考真题\2013年高考物理试卷（新课标Ⅱ）（空白卷）.pdf,papers/2013/物理/全国/新课标全国II卷/2013_物理_吉林_新课标全国II卷_原卷.pdf,2
2013,物理,黑龙江,老高考,2024,全国卷,common,新课标全国II卷,present_common,H:\New folder\【新·PDF版】2008-2024·高考物理真题\版本2：物理（按省份分类）2008-2024\2008-2024·（黑龙江）物理高考真题\2013年高考物理试卷（新课标Ⅱ）（空白卷）.pdf,papers/2013/物理/全国/新课标全国II卷/2013_物理_黑龙江_新课标全国II卷_原卷.pdf,2
2013,物理,上海,老高考,2017,地方/区域卷,local,上海卷,present_local,H:\New folder\【新·PDF版】2008-2024·高考物理真题\版本2：物理（按省份分类）2008-2024\2008-2024·（上海）物理高考真题\2013年高考物理试卷（上海）（空白卷）.pdf,papers/2013/物理/上海/上海卷/2013_物理_上海_上海卷_原卷.pdf,2
2013,物理,江苏,老高考,2021,地方/区域卷,local,江苏卷,present_local,H:\New folder\【新·PDF版】2008-2024·高考物理真题\版本2：物理（按省份分类）2008-2024\2008-2024·（江苏）物理高考真题\2013年高考物理试卷（江苏）（空白卷）.pdf,papers/2013/物理/江苏/江苏卷/2013_物理_江苏_江苏卷_原卷.pdf,2
2013,物理,浙江,老高考,2017,地方/区域卷,local,浙江卷,present_local,H:\New folder\【新·PDF版】2008-2024·高考物理真题\版本2：物理（按省份分类）2008-2024\2008-2024·（浙江）物理高考真题\2013年高考物理试卷（浙江）（空白卷）.pdf,papers/2013/物理/浙江/浙江卷/2013_物理_浙江_浙江卷_原卷.pdf,2
2013,物理,安徽,老高考,2024,地方/区域卷,local,安徽卷,present_local,H:\New folder\【新·PDF版】2008-2024·高考物理真题\版本2：物理（按省份分类）2008-2024\2012-2024·（安徽）物理高考真题\2013年高考物理试卷（安徽）（空白卷）.pdf,papers/2013/物理/安徽/安徽卷/2013_物理_安徽_安徽卷_原卷.pdf,2
2013,物理,福建,老高考,2021,地方/区域卷,local,福建卷,present_local,H:\New folder\【新·PDF版】2008-2024·高考物理真题\版本2：物理（按省份分类）2008-2024\2012-2023·（福建）物理高考真题\2013年高考物理试卷（福建）（空白卷）.pdf,papers/2013/物理/福建/福建卷/2013_物理_福建_福建卷_原卷.pdf,2
2013,物理,江西,老高考,2024,全国卷,common,新课标全国I卷,present_common,H:\New folder\【新·PDF版】2008-2024·高考物理真题\版本2：物理（按省份分类）2008-2024\2008-2024·（江西）物理高考真题\2013年高考物理试卷（新课标Ⅰ）（空白卷）.pdf,papers/2013/物理/全国/新课标全国I卷/2013_物理_江西_新课标全国I卷_原卷.pdf,2
2013,物理,山东,老高考,2020,地方/区域卷,local,山东卷,present_local,H:\New folder\【新·PDF版】2008-2024·高考物理真题\版本2：物理（按省份分类）2008-2024\2008-2024·（山东）物理高考真题\2013年高考物理试卷（山东）（空白卷）.pdf,papers/2013/物理/山东/山东卷/2013_物理_山东_山东卷_原卷.pdf,2
2013,物理,河南,老高考,2025,全国卷,common,新课标全国I卷,present_common,H:\New folder\【新·PDF版】2008-2024·高考物理真题\版本2：物理（按省份分类）2008-2024\2008-2024·（河南）物理高考真题\2013年高考物理试卷（新课标Ⅰ）（空白卷）.pdf,papers/2013/物理/全国/新课标全国I卷/2013_物理_河南_新课标全国I卷_原卷.pdf,2
2013,物理,湖北,老高考,2021,全国卷,common,新课标全国I卷,present_common,H:\New folder\【新·PDF版】2008-2024·高考物理真题\版本2：物理（按省份分类）2008-2024\2008-2024·（湖北）物理高考真题\2013年高考物理试卷（新课标Ⅰ）（空白卷）.pdf,papers/2013/物理/全国/新课标全国I卷/2013_物理_湖北_新课标全国I卷_原卷.pdf,2
2013,物理,湖南,老高考,2021,全国卷,common,新课标全国I卷,present_common,H:\New folder\【新·PDF版】2008-2024·高考物理真题\版本2：物理（按省份分类）2008-2024\2008-2024·（湖南）物理高考真题\2013年高考物理试卷（新课标Ⅰ）（空白卷）.pdf,papers/2013/物理/全国/新课标全国I卷/2013_物理_湖南_新课标全国I卷_原卷.pdf,2
2013,物理,广东,老高考,2021,地方/区域卷,local,广东卷,present_local,H:\New folder\【新·PDF版】2008-2024·高考物理真题\版本2：物理（按省份分类）2008-2024\2008-2024·（广东）物理高考真题\2013年高考物理试卷（广东）（空白卷）.pdf,papers/2013/物理/广东/广东卷/2013_物理_广东_广东卷_原卷.pdf,2
2013,物理,广西,老高考,2024,全国卷,common,新课标全国II卷,present_common,H:\New folder\【新·PDF版】2008-2024·高考物理真题\版本2：物理（按省份分类）2008-2024\2008-2024·（广西）物理高考真题\2013年高考物理试卷（新课标Ⅱ）（空白卷）.pdf,papers/2013/物理/全国/新课标全国II卷/2013_物理_广西_新课标全国II卷_原卷.pdf,2
2013,物理,海南,老高考,2020,地方/区域卷,local,海南卷,present_local,H:\New folder\【新·PDF版】2008-2024·高考物理真题\版本2：物理（按省份分类）2008-2024\2008-2024·（海南）物理高考真题\2013年高考物理试卷（海南）（空白卷）.pdf,papers/2013/物理/海南/海南卷/2013_物理_海南_海南卷_原卷.pdf,2
2013,物理,重庆,老高考,2021,地方/区域卷,local,重庆卷,present_local,H:\New folder\【新·PDF版】2008-2024·高考物理真题\版本2：物理（按省份分类）2008-2024\2012-2023·（重庆）物理高考真题\2013年高考物理试卷（重庆）（空白卷）.pdf,papers/2013/物理/重庆/重庆卷/2013_物理_重庆_重庆卷_原卷.pdf,2
2013,物理,四川,老高考,2025,地方/区域卷,local,四川卷,present_local,H:\New folder\【新·PDF版】2008-2024·高考物理真题\版本2：物理（按省份分类）2008-2024\2008-2024·（四川）物理高考真题\2013年高考物理试卷（四川）（空白卷）.pdf,papers/2013/物理/四川/四川卷/2013_物理_四川_四川卷_原卷.pdf,2
2013,物理,贵州,老高考,2024,全国卷,common,新课标全国II卷,present_common,H:\New folder\【新·PDF版】2008-2024·高考物理真题\版本2：物理（按省份分类）2008-2024\2008-2023·（贵州）物理高考真题\2013年高考物理试卷（新课标Ⅱ）（空白卷）.pdf,papers/2013/物理/全国/新课标全国II卷/2013_物理_贵州_新课标全国II卷_原卷.pdf,2
2013,物理,云南,老高考,2025,全国卷,common,新课标全国II卷,present_common,H:\New folder\【新·PDF版】2008-2024·高考物理真题\版本2：物理（按省份分类）2008-2024\2008-2024·（云南）物理高考真题\2013年高考物理试卷（新课标Ⅱ）（空白卷）.pdf,papers/2013/物理/全国/新课标全国II卷/2013_物理_云南_新课标全国II卷_原卷.pdf,2
2013,物理,西藏,老高考,,全国卷,common,新课标全国II卷,present_common,H:\New folder\【新·PDF版】2008-2024·高考物理真题\版本2：物理（按省份分类）2008-2024\2008-2024·（西藏）物理高考真题\2013年高考物理试卷（新课标Ⅱ）（空白卷）.pdf,papers/2013/物理/全国/新课标全国II卷/2013_物理_西藏_新课标全国II卷_原卷.pdf,2
2013,物理,陕西,老高考,2025,全国卷,common,新课标全国II卷,present_common,H:\New folder\【新·PDF版】2008-2024·高考物理真题\版本2：物理（按省份分类）2008-2024\2008-2024·（陕西）物理高考真题\2013年高考物理试卷（新课标Ⅱ）（空白卷）.pdf,papers/2013/物理/全国/新课标全国II卷/2013_物理_陕西_新课标全国II卷_原卷.pdf,2
2013,物理,甘肃,老高考,2024,全国卷,common,新课标全国II卷,present_common,H:\New folder\【新·PDF版】2008-2024·高考物理真题\版本2：物理（按省份分类）2008-2024\2008-2024·（甘肃）物理高考真题\2013年高考物理试卷（新课标Ⅱ）（空白卷）.pdf,papers/2013/物理/全国/新课标全国II卷/2013_物理_甘肃_新课标全国II卷_原卷.pdf,2
2013,物理,青海,老高考,2025,全国卷,common,新课标全国II卷,present_common,H:\New folder\【新·PDF版】2008-2024·高考物理真题\版本2：物理（按省份分类）2008-2024\2008-2024·（青海）物理高考真题\2013年高考物理试卷（新课标Ⅱ）（空白卷）.pdf,papers/2013/物理/全国/新课标全国II卷/2013_物理_青海_新课标全国II卷_原卷.pdf,2
2013,物理,宁夏,老高考,2025,全国卷,common,新课标全国II卷,present_common,H:\New folder\【新·PDF版】2008-2024·高考物理真题\版本2：物理（按省份分类）2008-2024\2010-2024·（宁夏）物理高考真题\2013年高考物理试卷（新课标Ⅱ）（空白卷）.pdf,papers/2013/物理/全国/新课标全国II卷/2013_物理_宁夏_新课标全国II卷_原卷.pdf,2
2013,物理,新疆,老高考,,全国卷,common,新课标全国II卷,present_common,H:\New folder\【新·PDF版】2008-2024·高考物理真题\版本2：物理（按省份分类）2008-2024\2008-2024·（新疆）物理高考真题\2013年高考物理试卷（新课标Ⅱ）（空白卷）.pdf,papers/2013/物理/全国/新课标全国II卷/2013_物理_新疆_新课标全国II卷_原卷.pdf,2
2013,化学,北京,老高考,2020,地方/区域卷,local,北京卷,present_local,H:\New folder\【新·PDF版】2008-2024·高考化学真题\版本2：化学（按省份分类）2008-2024\2008-2024·（北京）化学高考真题\2013年高考化学试卷（北京）（空白卷）.pdf,papers/2013/化学/北京/北京卷/2013_化学_北京_北京卷_原卷.pdf,2
2013,化学,天津,老高考,2020,地方/区域卷,local,天津卷,present_local,H:\New folder\【新·PDF版】2008-2024·高考化学真题\版本2：化学（按省份分类）2008-2024\2008-2023·（天津）化学高考真题\2013年高考化学试卷（天津）（空白卷）.pdf,papers/2013/化学/天津/天津卷/2013_化学_天津_天津卷_原卷.pdf,2
2013,化学,河北,老高考,2021,全国卷,common,新课标全国I卷,present_common,H:\New folder\【新·PDF版】2008-2024·高考化学真题\版本2：化学（按省份分类）2008-2024\2008-2024·（河北）化学高考真题\2013年高考化学试卷（新课标Ⅰ）（空白卷）.pdf,papers/2013/化学/全国/新课标全国I卷/2013_化学_河北_新课标全国I卷_原卷.pdf,2
2013,化学,山西,老高考,2025,全国卷,common,新课标全国I卷,present_common,H:\New folder\【新·PDF版】2008-2024·高考化学真题\版本2：化学（按省份分类）2008-2024\2008-2024·（山西）化学高考真题\2013年高考化学试卷（新课标Ⅰ）（空白卷）.pdf,papers/2013/化学/全国/新课标全国I卷/2013_化学_山西_新课标全国I卷_原卷.pdf,2
2013,化学,内蒙古,老高考,2025,全国卷,common,新课标全国II卷,present_common,H:\New folder\【新·PDF版】2008-2024·高考化学真题\版本2：化学（按省份分类）2008-2024\2008-2024·（内蒙古）化学高考真题\2013年高考化学试卷（新课标Ⅱ）（空白卷）.pdf,papers/2013/化学/全国/新课标全国II卷/2013_化学_内蒙古_新课标全国II卷_原卷.pdf,2
2013,化学,辽宁,老高考,2021,全国卷,common,新课标全国II卷,present_common,H:\New folder\【新·PDF版】2008-2024·高考化学真题\版本2：化学（按省份分类）2008-2024\2010-2024·（辽宁）化学高考真题\2013年高考化学试卷（新课标Ⅱ）（空白卷）.pdf,papers/2013/化学/全国/新课标全国II卷/2013_化学_辽宁_新课标全国II卷_原卷.pdf,2
2013,化学,吉林,老高考,2024,全国卷,common,新课标全国II卷,present_common,H:\New folder\【新·PDF版】2008-2024·高考化学真题\版本2：化学（按省份分类）2008-2024\2008-2024·（吉林）化学高考真题\2013年高考化学试卷（新课标Ⅱ）（空白卷）.pdf,papers/2013/化学/全国/新课标全国II卷/2013_化学_吉林_新课标全国II卷_原卷.pdf,2
2013,化学,黑龙江,老高考,2024,全国卷,common,新课标全国II卷,present_common,H:\New folder\【新·PDF版】2008-2024·高考化学真题\版本2：化学（按省份分类）2008-2024\2008-2024·（黑龙江）化学高考真题\2013年高考化学试卷（新课标Ⅱ）（空白卷）.pdf,papers/2013/化学/全国/新课标全国II卷/2013_化学_黑龙江_新课标全国II卷_原卷.pdf,2
2013,化学,上海,老高考,2017,地方/区域卷,local,上海卷,present_local,H:\New folder\【新·PDF版】2008-2024·高考化学真题\版本2：化学（按省份分类）2008-2024\2008-2024·（上海）化学高考真题\2013年高考化学试卷（上海）（空白卷）.pdf,papers/2013/化学/上海/上海卷/2013_化学_上海_上海卷_原卷.pdf,2
2013,化学,江苏,老高考,2021,地方/区域卷,local,江苏卷,present_local,H:\New folder\【新·PDF版】2008-2024·高考化学真题\版本2：化学（按省份分类）2008-2024\2008-2024·（江苏）化学高考真题\2013年高考化学试卷（江苏）（空白卷）   .pdf,papers/2013/化学/江苏/江苏卷/2013_化学_江苏_江苏卷_原卷.pdf,2
2013,化学,浙江,老高考,2017,地方/区域卷,local,浙江卷,present_local,H:\New folder\【新·PDF版】2008-2024·高考化学真题\版本2：化学（按省份分类）2008-2024\2008-2024·（浙江）化学高考真题\2013年高考化学试卷（浙江）（空白卷）.pdf,papers/2013/化学/浙江/浙江卷/2013_化学_浙江_浙江卷_原卷.pdf,2
2013,化学,安徽,老高考,2024,地方/区域卷,local,安徽卷,present_local,H:\New folder\【新·PDF版】2008-2024·高考化学真题\版本2：化学（按省份分类）2008-2024\2012-2024·（安徽）化学高考真题\2013年高考化学试卷（安徽）（空白卷）.pdf,papers/2013/化学/安徽/安徽卷/2013_化学_安徽_安徽卷_原卷.pdf,2
2013,化学,福建,老高考,2021,地方/区域卷,local,福建卷,present_local,H:\New folder\【新·PDF版】2008-2024·高考化学真题\版本2：化学（按省份分类）2008-2024\2012-2023·（福建）化学高考真题\2013年高考化学试卷（福建）（空白卷）.pdf,papers/2013/化学/福建/福建卷/2013_化学_福建_福建卷_原卷.pdf,2
2013,化学,江西,老高考,2024,全国卷,common,新课标全国I卷,present_common,H:\New folder\【新·PDF版】2008-2024·高考化学真题\版本2：化学（按省份分类）2008-2024\2008-2023·（江西）化学高考真题\2013年高考化学试卷（新课标Ⅰ）（空白卷）.pdf,papers/2013/化学/全国/新课标全国I卷/2013_化学_江西_新课标全国I卷_原卷.pdf,2
2013,化学,山东,老高考,2020,地方/区域卷,local,山东卷,present_local,H:\New folder\【新·PDF版】2008-2024·高考化学真题\版本2：化学（按省份分类）2008-2024\2008-2024·（山东）化学高考真题\2013年高考化学试卷（山东）（空白卷）.pdf,papers/2013/化学/山东/山东卷/2013_化学_山东_山东卷_原卷.pdf,2
2013,化学,河南,老高考,2025,全国卷,common,新课标全国I卷,present_common,H:\New folder\【新·PDF版】2008-2024·高考化学真题\版本2：化学（按省份分类）2008-2024\2008-2024·（河南）化学高考真题\2013年高考化学试卷（新课标Ⅰ）（空白卷）.pdf,papers/2013/化学/全国/新课标全国I卷/2013_化学_河南_新课标全国I卷_原卷.pdf,2
2013,化学,湖北,老高考,2021,全国卷,common,新课标全国I卷,present_common,H:\New folder\【新·PDF版】2008-2024·高考化学真题\版本2：化学（按省份分类）2008-2024\2008-2024·（湖北）化学高考真题\2013年高考化学试卷（新课标Ⅰ）（空白卷）.pdf,papers/2013/化学/全国/新课标全国I卷/2013_化学_湖北_新课标全国I卷_原卷.pdf,2
2013,化学,湖南,老高考,2021,全国卷,common,新课标全国I卷,present_common,H:\New folder\【新·PDF版】2008-2024·高考化学真题\版本2：化学（按省份分类）2008-2024\2008-2024·（湖南）化学高考真题\2013年高考化学试卷（新课标Ⅰ）（空白卷）.pdf,papers/2013/化学/全国/新课标全国I卷/2013_化学_湖南_新课标全国I卷_原卷.pdf,2
2013,化学,广东,老高考,2021,地方/区域卷,local,广东卷,present_local,H:\New folder\【新·PDF版】2008-2024·高考化学真题\版本2：化学（按省份分类）2008-2024\2008-2024·（广东）化学高考真题\2013年高考化学试卷（广东）（空白卷）.pdf,papers/2013/化学/广东/广东卷/2013_化学_广东_广东卷_原卷.pdf,2
2013,化学,广西,老高考,2024,全国卷,common,新课标全国II卷,present_common,H:\New folder\【新·PDF版】2008-2024·高考化学真题\版本2：化学（按省份分类）2008-2024\2008-2023·（广西）化学高考真题\2013年高考化学试卷（新课标Ⅱ）（空白卷）.pdf,papers/2013/化学/全国/新课标全国II卷/2013_化学_广西_新课标全国II卷_原卷.pdf,2
2013,化学,海南,老高考,2020,地方/区域卷,local,海南卷,present_local,H:\New folder\【新·PDF版】2008-2024·高考化学真题\版本2：化学（按省份分类）2008-2024\2008-2023·（海南）化学高考真题\2013年高考化学试卷（海南）（空白卷）.pdf,papers/2013/化学/海南/海南卷/2013_化学_海南_海南卷_原卷.pdf,2
2013,化学,重庆,老高考,2021,地方/区域卷,local,重庆卷,present_local,H:\New folder\【新·PDF版】2008-2024·高考化学真题\版本2：化学（按省份分类）2008-2024\2012-2023·（重庆）化学高考真题\2013年高考化学试卷（重庆）（空白卷）.pdf,papers/2013/化学/重庆/重庆卷/2013_化学_重庆_重庆卷_原卷.pdf,2
2013,化学,四川,老高考,2025,地方/区域卷,local,四川卷,present_local,H:\New folder\【新·PDF版】2008-2024·高考化学真题\版本2：化学（按省份分类）2008-2024\2008-2024·（四川）化学高考真题\2013年高考化学试卷（四川）（空白卷）.pdf,papers/2013/化学/四川/四川卷/2013_化学_四川_四川卷_原卷.pdf,2
2013,化学,贵州,老高考,2024,全国卷,common,新课标全国II卷,present_common,H:\New folder\【新·PDF版】2008-2024·高考化学真题\版本2：化学（按省份分类）2008-2024\2008-2023·（贵州）化学高考真题\2013年高考化学试卷（新课标Ⅱ）（空白卷）.pdf,papers/2013/化学/全国/新课标全国II卷/2013_化学_贵州_新课标全国II卷_原卷.pdf,2
2013,化学,云南,老高考,2025,全国卷,common,新课标全国II卷,present_common,H:\New folder\【新·PDF版】2008-2024·高考化学真题\版本2：化学（按省份分类）2008-2024\2008-2024·（云南）化学高考真题\2013年高考化学试卷（新课标Ⅱ）（空白卷）.pdf,papers/2013/化学/全国/新课标全国II卷/2013_化学_云南_新课标全国II卷_原卷.pdf,2
2013,化学,西藏,老高考,,全国卷,common,新课标全国II卷,present_common,H:\New folder\【新·PDF版】2008-2024·高考化学真题\版本2：化学（按省份分类）2008-2024\2008-2024·（西藏）化学高考真题\2013年高考化学试卷（新课标Ⅱ）（空白卷）.pdf,papers/2013/化学/全国/新课标全国II卷/2013_化学_西藏_新课标全国II卷_原卷.pdf,2
2013,化学,陕西,老高考,2025,全国卷,common,新课标全国II卷,present_common,H:\New folder\【新·PDF版】2008-2024·高考化学真题\版本2：化学（按省份分类）2008-2024\2008-2024·（陕西）化学高考真题\2013年高考化学试卷（新课标Ⅱ）（空白卷）.pdf,papers/2013/化学/全国/新课标全国II卷/2013_化学_陕西_新课标全国II卷_原卷.pdf,2
2013,化学,甘肃,老高考,2024,全国卷,common,新课标全国II卷,present_common,H:\New folder\【新·PDF版】2008-2024·高考化学真题\版本2：化学（按省份分类）2008-2024\2008-2024·（甘肃）化学高考真题\2013年高考化学试卷（新课标Ⅱ）（空白卷）.pdf,papers/2013/化学/全国/新课标全国II卷/2013_化学_甘肃_新课标全国II卷_原卷.pdf,2
2013,化学,青海,老高考,2025,全国卷,common,新课标全国II卷,present_common,H:\New folder\【新·PDF版】2008-2024·高考化学真题\版本2：化学（按省份分类）2008-2024\2008-2024·（青海）化学高考真题\2013年高考化学试卷（新课标Ⅱ）（空白卷）.pdf,papers/2013/化学/全国/新课标全国II卷/2013_化学_青海_新课标全国II卷_原卷.pdf,2
2013,化学,宁夏,老高考,2025,全国卷,common,新课标全国II卷,present_common,H:\New folder\【新·PDF版】2008-2024·高考化学真题\版本2：化学（按省份分类）2008-2024\2010-2024·（宁夏）化学高考真题\2013年高考化学试卷（新课标Ⅱ）（空白卷）.pdf,papers/2013/化学/全国/新课标全国II卷/2013_化学_宁夏_新课标全国II卷_原卷.pdf,2
2013,化学,新疆,老高考,,全国卷,common,新课标全国II卷,present_common,H:\New folder\【新·PDF版】2008-2024·高考化学真题\版本2：化学（按省份分类）2008-2024\2008-2024·（新疆）化学高考真题\2013年高考化学试卷（新课标Ⅱ）（空白卷）.pdf,papers/2013/化学/全国/新课标全国II卷/2013_化学_新疆_新课标全国II卷_原卷.pdf,2
2013,生物,北京,老高考,2020,地方/区域卷,local,北京卷,present_local,H:\New folder\【新·PDF版】2008-2024·高考生物真题\版本2：生物（按省份分类）2008-2024\2008-2024·（北京）生物高考真题\2013年高考生物试卷（北京）（空白卷）.pdf,papers/2013/生物/北京/北京卷/2013_生物_北京_北京卷_原卷.pdf,2
2013,生物,天津,老高考,2020,地方/区域卷,local,天津卷,present_local,H:\New folder\【新·PDF版】2008-2024·高考生物真题\版本2：生物（按省份分类）2008-2024\2008-2023·（天津）生物高考真题\2013年高考生物试卷（天津）（空白卷）.pdf,papers/2013/生物/天津/天津卷/2013_生物_天津_天津卷_原卷.pdf,2
2013,生物,河北,老高考,2021,全国卷,common,新课标全国I卷,present_common,H:\New folder\【新·PDF版】2008-2024·高考生物真题\版本2：生物（按省份分类）2008-2024\2008-2024·（河北）生物高考真题\2013年高考生物试卷（新课标Ⅰ）（空白卷）.pdf,papers/2013/生物/全国/新课标全国I卷/2013_生物_河北_新课标全国I卷_原卷.pdf,2
2013,生物,山西,老高考,2025,全国卷,common,新课标全国I卷,present_common,H:\New folder\【新·PDF版】2008-2024·高考生物真题\版本2：生物（按省份分类）2008-2024\2008-2024·（山西）生物高考真题\2013年高考生物试卷（新课标Ⅰ）（空白卷）.pdf,papers/2013/生物/全国/新课标全国I卷/2013_生物_山西_新课标全国I卷_原卷.pdf,2
2013,生物,内蒙古,老高考,2025,全国卷,common,新课标全国II卷,present_common,H:\New folder\【新·PDF版】2008-2024·高考生物真题\版本2：生物（按省份分类）2008-2024\2008-2024·（内蒙古）生物高考真题\2013年高考生物试卷（新课标Ⅱ）（空白卷）.pdf,papers/2013/生物/全国/新课标全国II卷/2013_生物_内蒙古_新课标全国II卷_原卷.pdf,2
2013,生物,辽宁,老高考,2021,全国卷,common,新课标全国II卷,present_common,H:\New folder\【新·PDF版】2008-2024·高考生物真题\版本2：生物（按省份分类）2008-2024\2010-2024·（辽宁）生物高考真题\2013年高考生物试卷（新课标Ⅱ）（空白卷）.pdf,papers/2013/生物/全国/新课标全国II卷/2013_生物_辽宁_新课标全国II卷_原卷.pdf,2
2013,生物,吉林,老高考,2024,全国卷,common,新课标全国II卷,present_common,H:\New folder\【新·PDF版】2008-2024·高考生物真题\版本2：生物（按省份分类）2008-2024\2008-2024·（吉林）生物高考真题\2013年高考生物试卷（新课标Ⅱ）（空白卷）.pdf,papers/2013/生物/全国/新课标全国II卷/2013_生物_吉林_新课标全国II卷_原卷.pdf,2
2013,生物,黑龙江,老高考,2024,全国卷,common,新课标全国II卷,present_common,H:\New folder\【新·PDF版】2008-2024·高考生物真题\版本2：生物（按省份分类）2008-2024\2008-2024·（黑龙江）生物高考真题\2013年高考生物试卷（新课标Ⅱ）（空白卷）.pdf,papers/2013/生物/全国/新课标全国II卷/2013_生物_黑龙江_新课标全国II卷_原卷.pdf,2
2013,生物,上海,老高考,2017,地方/区域卷,local,上海卷,present_local,H:\New folder\【新·PDF版】2008-2024·高考生物真题\版本2：生物（按省份分类）2008-2024\2008-2022·（上海）生物高考真题\2013年高考生物试卷（上海）（空白卷）.pdf,papers/2013/生物/上海/上海卷/2013_生物_上海_上海卷_原卷.pdf,2
2013,生物,江苏,老高考,2021,地方/区域卷,local,江苏卷,present_local,H:\New folder\【新·PDF版】2008-2024·高考生物真题\版本2：生物（按省份分类）2008-2024\2008-2023·（江苏）生物高考真题\2013年高考生物试卷（江苏）（空白卷）.pdf,papers/2013/生物/江苏/江苏卷/2013_生物_江苏_江苏卷_原卷.pdf,2
2013,生物,浙江,老高考,2017,地方/区域卷,local,浙江卷,present_local,H:\New folder\【新·PDF版】2008-2024·高考生物真题\版本2：生物（按省份分类）2008-2024\2008-2024·（浙江）生物高考真题\2013年高考生物试卷（浙江）（空白卷）.pdf,papers/2013/生物/浙江/浙江卷/2013_生物_浙江_浙江卷_原卷.pdf,2
2013,生物,安徽,老高考,2024,地方/区域卷,local,安徽卷,present_local,H:\New folder\【新·PDF版】2008-2024·高考生物真题\版本2：生物（按省份分类）2008-2024\2012-2024·（安徽）生物高考真题\2013年高考生物试卷（安徽）（空白卷）.pdf,papers/2013/生物/安徽/安徽卷/2013_生物_安徽_安徽卷_原卷.pdf,2
2013,生物,福建,老高考,2021,地方/区域卷,local,福建卷,present_local,H:\New folder\【新·PDF版】2008-2024·高考生物真题\版本2：生物（按省份分类）2008-2024\2012-2023·（福建）生物高考真题\2013年高考生物试卷（福建）（空白卷）.pdf,papers/2013/生物/福建/福建卷/2013_生物_福建_福建卷_原卷.pdf,2
2013,生物,江西,老高考,2024,全国卷,common,新课标全国I卷,present_common,H:\New folder\【新·PDF版】2008-2024·高考生物真题\版本2：生物（按省份分类）2008-2024\2008-2024·（江西）生物高考真题\2013年高考生物试卷（新课标Ⅰ）（空白卷）.pdf,papers/2013/生物/全国/新课标全国I卷/2013_生物_江西_新课标全国I卷_原卷.pdf,2
2013,生物,山东,老高考,2020,地方/区域卷,local,山东卷,present_local,H:\New folder\【新·PDF版】2008-2024·高考生物真题\版本2：生物（按省份分类）2008-2024\2008-2024·（山东）生物高考真题\2013年高考生物试卷（山东）（空白卷）.pdf,papers/2013/生物/山东/山东卷/2013_生物_山东_山东卷_原卷.pdf,2
2013,生物,河南,老高考,2025,全国卷,common,新课标全国I卷,present_common,H:\New folder\【新·PDF版】2008-2024·高考生物真题\版本2：生物（按省份分类）2008-2024\2008-2024·（河南）生物高考真题\2013年高考生物试卷（新课标Ⅰ）（空白卷）.pdf,papers/2013/生物/全国/新课标全国I卷/2013_生物_河南_新课标全国I卷_原卷.pdf,2
2013,生物,湖北,老高考,2021,全国卷,common,新课标全国I卷,present_common,H:\New folder\【新·PDF版】2008-2024·高考生物真题\版本2：生物（按省份分类）2008-2024\2008-2024·（湖北）生物高考真题\2013年高考生物试卷（新课标Ⅰ）（空白卷）.pdf,papers/2013/生物/全国/新课标全国I卷/2013_生物_湖北_新课标全国I卷_原卷.pdf,2
2013,生物,湖南,老高考,2021,全国卷,common,新课标全国I卷,present_common,H:\New folder\【新·PDF版】2008-2024·高考生物真题\版本2：生物（按省份分类）2008-2024\2008-2024·（湖南）生物高考真题\2013年高考生物试卷（新课标Ⅰ）（空白卷）.pdf,papers/2013/生物/全国/新课标全国I卷/2013_生物_湖南_新课标全国I卷_原卷.pdf,2
2013,生物,广东,老高考,2021,地方/区域卷,local,广东卷,present_local,H:\New folder\【新·PDF版】2008-2024·高考生物真题\版本2：生物（按省份分类）2008-2024\2008-2024·（广东）生物高考真题\2013年高考生物试卷（广东）（空白卷）.pdf,papers/2013/生物/广东/广东卷/2013_生物_广东_广东卷_原卷.pdf,2
2013,生物,广西,老高考,2024,全国卷,common,新课标全国II卷,present_common,H:\New folder\【新·PDF版】2008-2024·高考生物真题\版本2：生物（按省份分类）2008-2024\2008-2023·（广西）生物高考真题\2013年高考生物试卷（新课标Ⅱ）（空白卷）.pdf,papers/2013/生物/全国/新课标全国II卷/2013_生物_广西_新课标全国II卷_原卷.pdf,2
2013,生物,海南,老高考,2020,地方/区域卷,local,海南卷,present_local,H:\New folder\【新·PDF版】2008-2024·高考生物真题\版本2：生物（按省份分类）2008-2024\2008-2023·（海南）生物高考真题\2013年高考生物试卷（海南）（空白卷）.pdf,papers/2013/生物/海南/海南卷/2013_生物_海南_海南卷_原卷.pdf,2
2013,生物,重庆,老高考,2021,地方/区域卷,local,重庆卷,present_local,H:\New folder\【新·PDF版】2008-2024·高考生物真题\版本2：生物（按省份分类）2008-2024\2012-2023·（重庆）生物高考真题\2013年高考生物试卷（重庆）（空白卷）.pdf,papers/2013/生物/重庆/重庆卷/2013_生物_重庆_重庆卷_原卷.pdf,2
2013,生物,四川,老高考,2025,地方/区域卷,local,四川卷,present_local,H:\New folder\【新·PDF版】2008-2024·高考生物真题\版本2：生物（按省份分类）2008-2024\2008-2024·（四川）生物高考真题\2013年高考生物试卷（四川）（空白卷）.pdf,papers/2013/生物/四川/四川卷/2013_生物_四川_四川卷_原卷.pdf,2
2013,生物,贵州,老高考,2024,全国卷,common,新课标全国II卷,present_common,H:\New folder\【新·PDF版】2008-2024·高考生物真题\版本2：生物（按省份分类）2008-2024\2008-2023·（贵州）生物高考真题\2013年高考生物试卷（新课标Ⅱ）（空白卷）.pdf,papers/2013/生物/全国/新课标全国II卷/2013_生物_贵州_新课标全国II卷_原卷.pdf,2
2013,生物,云南,老高考,2025,全国卷,common,新课标全国II卷,present_common,H:\New folder\【新·PDF版】2008-2024·高考生物真题\版本2：生物（按省份分类）2008-2024\2008-2024·（云南）生物高考真题\2013年高考生物试卷（新课标Ⅱ）（空白卷）.pdf,papers/2013/生物/全国/新课标全国II卷/2013_生物_云南_新课标全国II卷_原卷.pdf,2
2013,生物,西藏,老高考,,全国卷,common,新课标全国II卷,present_common,H:\New folder\【新·PDF版】2008-2024·高考生物真题\版本2：生物（按省份分类）2008-2024\2008-2024·（西藏）生物高考真题\2013年高考生物试卷（新课标Ⅱ）（空白卷）.pdf,papers/2013/生物/全国/新课标全国II卷/2013_生物_西藏_新课标全国II卷_原卷.pdf,2
2013,生物,陕西,老高考,2025,全国卷,common,新课标全国II卷,present_common,H:\New folder\【新·PDF版】2008-2024·高考生物真题\版本2：生物（按省份分类）2008-2024\2008-2024·（陕西）生物高考真题\2013年高考生物试卷（新课标Ⅱ）（空白卷）.pdf,papers/2013/生物/全国/新课标全国II卷/2013_生物_陕西_新课标全国II卷_原卷.pdf,2
2013,生物,甘肃,老高考,2024,全国卷,common,新课标全国II卷,present_common,H:\New folder\【新·PDF版】2008-2024·高考生物真题\版本2：生物（按省份分类）2008-2024\2008-2024·（甘肃）生物高考真题\2013年高考生物试卷（新课标Ⅱ）（空白卷）.pdf,papers/2013/生物/全国/新课标全国II卷/2013_生物_甘肃_新课标全国II卷_原卷.pdf,2
2013,生物,青海,老高考,2025,全国卷,common,新课标全国II卷,present_common,H:\New folder\【新·PDF版】2008-2024·高考生物真题\版本2：生物（按省份分类）2008-2024\2008-2024·（青海）生物高考真题\2013年高考生物试卷（新课标Ⅱ）（空白卷）.pdf,papers/2013/生物/全国/新课标全国II卷/2013_生物_青海_新课标全国II卷_原卷.pdf,2
2013,生物,宁夏,老高考,2025,全国卷,common,新课标全国II卷,present_common,H:\New folder\【新·PDF版】2008-2024·高考生物真题\版本2：生物（按省份分类）2008-2024\2010-2024·（宁夏）生物高考真题\2013年高考生物试卷（新课标Ⅱ）（空白卷）.pdf,papers/2013/生物/全国/新课标全国II卷/2013_生物_宁夏_新课标全国II卷_原卷.pdf,2
2013,生物,新疆,老高考,,全国卷,common,新课标全国II卷,present_common,H:\New folder\【新·PDF版】2008-2024·高考生物真题\版本2：生物（按省份分类）2008-2024\2008-2024·（新疆）生物高考真题\2013年高考生物试卷（新课标Ⅱ）（空白卷）.pdf,papers/2013/生物/全国/新课标全国II卷/2013_生物_新疆_新课标全国II卷_原卷.pdf,2
2013,政治,北京,老高考,2020,地方/区域卷,local,北京卷,present_local,H:\New folder\【新·PDF版】2008-2024·高考政治真题\版本2：政治（按省份分类）2008-2024\2008-2024·（北京）政治高考真题\2013年高考政治试卷（北京）（空白卷）.pdf,papers/2013/政治/北京/北京卷/2013_政治_北京_北京卷_原卷.pdf,2
2013,政治,天津,老高考,2020,地方/区域卷,local,天津卷,present_local,H:\New folder\【新·PDF版】2008-2024·高考政治真题\版本2：政治（按省份分类）2008-2024\2008-2023·（天津）政治高考真题\2013年高考政治试卷（天津）（空白卷）.pdf,papers/2013/政治/天津/天津卷/2013_政治_天津_天津卷_原卷.pdf,2
2013,政治,河北,老高考,2021,全国卷,common,新课标全国I卷,present_common,H:\New folder\【新·PDF版】2008-2024·高考政治真题\版本2：政治（按省份分类）2008-2024\2008-2021_2023·（河北）政治高考真题\2013年高考政治试卷（新课标Ⅰ）（空白卷）.pdf,papers/2013/政治/全国/新课标全国I卷/2013_政治_河北_新课标全国I卷_原卷.pdf,2
2013,政治,山西,老高考,2025,全国卷,common,新课标全国I卷,present_common,H:\New folder\【新·PDF版】2008-2024·高考政治真题\版本2：政治（按省份分类）2008-2024\2008-2024·（山西）政治高考真题\2013年高考政治试卷（新课标Ⅰ）（空白卷）.pdf,papers/2013/政治/全国/新课标全国I卷/2013_政治_山西_新课标全国I卷_原卷.pdf,2
2013,政治,内蒙古,老高考,2025,全国卷,common,新课标全国II卷,present_common,H:\New folder\【新·PDF版】2008-2024·高考政治真题\版本2：政治（按省份分类）2008-2024\2008-2023·（内蒙古）政治高考真题\2013年高考政治试卷（新课标Ⅱ）（空白卷）.pdf,papers/2013/政治/全国/新课标全国II卷/2013_政治_内蒙古_新课标全国II卷_原卷.pdf,2
2013,政治,辽宁,老高考,2021,全国卷,common,新课标全国II卷,present_common,H:\New folder\【新·PDF版】2008-2024·高考政治真题\版本2：政治（按省份分类）2008-2024\2010-2024·（辽宁）政治高考真题\2013年高考政治试卷（新课标Ⅱ）（空白卷）.pdf,papers/2013/政治/全国/新课标全国II卷/2013_政治_辽宁_新课标全国II卷_原卷.pdf,2
2013,政治,吉林,老高考,2024,全国卷,common,新课标全国II卷,present_common,H:\New folder\【新·PDF版】2008-2024·高考政治真题\版本2：政治（按省份分类）2008-2024\2008-2024·（吉林）政治高考真题\2013年高考政治试卷（新课标Ⅱ）（空白卷）.pdf,papers/2013/政治/全国/新课标全国II卷/2013_政治_吉林_新课标全国II卷_原卷.pdf,2
2013,政治,黑龙江,老高考,2024,全国卷,common,新课标全国II卷,present_common,H:\New folder\【新·PDF版】2008-2024·高考政治真题\版本2：政治（按省份分类）2008-2024\2008-2024·（黑龙江）政治高考真题\2013年高考政治试卷（新课标Ⅱ）（空白卷）.pdf,papers/2013/政治/全国/新课标全国II卷/2013_政治_黑龙江_新课标全国II卷_原卷.pdf,2
2013,政治,上海,老高考,2017,地方/区域卷,local,上海卷,present_local,H:\New folder\【新·PDF版】2008-2024·高考政治真题\版本2：政治（按省份分类）2008-2024\2008-2017·（上海）政治高考真题\2013年高考政治试卷（上海）（空白卷）.pdf,papers/2013/政治/上海/上海卷/2013_政治_上海_上海卷_原卷.pdf,2
2013,政治,江苏,老高考,2021,地方/区域卷,local,江苏卷,present_local,H:\New folder\【新·PDF版】2008-2024·高考政治真题\版本2：政治（按省份分类）2008-2024\2008-2023·（江苏）政治高考真题\2013年高考政治试卷（江苏）（空白卷）.pdf,papers/2013/政治/江苏/江苏卷/2013_政治_江苏_江苏卷_原卷.pdf,2
2013,政治,浙江,老高考,2017,地方/区域卷,local,浙江卷,present_local,H:\New folder\【新·PDF版】2008-2024·高考政治真题\版本2：政治（按省份分类）2008-2024\2008-2024·（浙江）政治高考真题\2013年高考政治试卷（浙江）（空白卷）.pdf,papers/2013/政治/浙江/浙江卷/2013_政治_浙江_浙江卷_原卷.pdf,2
2013,政治,安徽,老高考,2024,地方/区域卷,local,安徽卷,present_local,H:\New folder\【新·PDF版】2008-2024·高考政治真题\版本2：政治（按省份分类）2008-2024\2012-2024·（安徽）政治高考真题\2013年高考政治试卷（安徽）（空白卷）.pdf,papers/2013/政治/安徽/安徽卷/2013_政治_安徽_安徽卷_原卷.pdf,2
2013,政治,福建,老高考,2021,地方/区域卷,local,福建卷,present_local,H:\New folder\【新·PDF版】2008-2024·高考政治真题\版本2：政治（按省份分类）2008-2024\2012-2023·（福建）政治高考真题\2013年高考政治试卷（福建）（空白卷）.pdf,papers/2013/政治/福建/福建卷/2013_政治_福建_福建卷_原卷.pdf,2
2013,政治,江西,老高考,2024,全国卷,common,新课标全国I卷,present_common,H:\New folder\【新·PDF版】2008-2024·高考政治真题\版本2：政治（按省份分类）2008-2024\2008-2023·（江西）政治高考真题\2013年高考政治试卷（新课标Ⅰ）（空白卷）.pdf,papers/2013/政治/全国/新课标全国I卷/2013_政治_江西_新课标全国I卷_原卷.pdf,2
2013,政治,山东,老高考,2020,地方/区域卷,local,山东卷,present_local,H:\New folder\【新·PDF版】2008-2024·高考政治真题\版本2：政治（按省份分类）2008-2024\2008-2024·（山东）政治高考真题\2013年高考政治试卷（山东）（空白卷）.pdf,papers/2013/政治/山东/山东卷/2013_政治_山东_山东卷_原卷.pdf,2
2013,政治,河南,老高考,2025,全国卷,common,新课标全国I卷,present_common,H:\New folder\【新·PDF版】2008-2024·高考政治真题\版本2：政治（按省份分类）2008-2024\2008-2024·（河南）政治高考真题\2013年高考政治试卷（新课标Ⅰ）（空白卷）.pdf,papers/2013/政治/全国/新课标全国I卷/2013_政治_河南_新课标全国I卷_原卷.pdf,2
2013,政治,湖北,老高考,2021,全国卷,common,新课标全国I卷,present_common,H:\New folder\【新·PDF版】2008-2024·高考政治真题\版本2：政治（按省份分类）2008-2024\2008-2024·（湖北）政治高考真题\2013年高考政治试卷（新课标Ⅰ）（空白卷）.pdf,papers/2013/政治/全国/新课标全国I卷/2013_政治_湖北_新课标全国I卷_原卷.pdf,2
2013,政治,湖南,老高考,2021,全国卷,common,新课标全国I卷,present_common,H:\New folder\【新·PDF版】2008-2024·高考政治真题\版本2：政治（按省份分类）2008-2024\2008-2024·（湖南）政治高考真题\2013年高考政治试卷（新课标Ⅰ）（空白卷）.pdf,papers/2013/政治/全国/新课标全国I卷/2013_政治_湖南_新课标全国I卷_原卷.pdf,2
2013,政治,广东,老高考,2021,地方/区域卷,local,广东卷,present_local,H:\New folder\【新·PDF版】2008-2024·高考政治真题\版本2：政治（按省份分类）2008-2024\2008-2024·（广东）政治高考真题\2013年高考政治试卷（广东）（空白卷）.pdf,papers/2013/政治/广东/广东卷/2013_政治_广东_广东卷_原卷.pdf,2
2013,政治,广西,老高考,2024,全国卷,common,新课标全国II卷,present_common,H:\New folder\【新·PDF版】2008-2024·高考政治真题\版本2：政治（按省份分类）2008-2024\2008-2023·（广西）政治高考真题\2013年高考政治试卷（新课标Ⅱ）（空白卷）.pdf,papers/2013/政治/全国/新课标全国II卷/2013_政治_广西_新课标全国II卷_原卷.pdf,2
2013,政治,海南,老高考,2020,地方/区域卷,local,海南卷,present_local,H:\New folder\【新·PDF版】2008-2024·高考政治真题\版本2：政治（按省份分类）2008-2024\2008-2023·（海南）政治高考真题\2013年高考政治试卷（海南）（空白卷）.pdf,papers/2013/政治/海南/海南卷/2013_政治_海南_海南卷_原卷.pdf,2
2013,政治,重庆,老高考,2021,地方/区域卷,local,重庆卷,present_local,H:\New folder\【新·PDF版】2008-2024·高考政治真题\版本2：政治（按省份分类）2008-2024\2012-2020_2022-2023·（重庆）政治高考真题\2013年高考政治试卷（重庆）（空白卷）.pdf,papers/2013/政治/重庆/重庆卷/2013_政治_重庆_重庆卷_原卷.pdf,2
2013,政治,四川,老高考,2025,地方/区域卷,local,四川卷,present_local,H:\New folder\【新·PDF版】2008-2024·高考政治真题\版本2：政治（按省份分类）2008-2024\2008-2023·（四川）政治高考真题\2013年高考政治试卷（四川）（空白卷）.pdf,papers/2013/政治/四川/四川卷/2013_政治_四川_四川卷_原卷.pdf,2
2013,政治,贵州,老高考,2024,全国卷,common,新课标全国II卷,present_common,H:\New folder\【新·PDF版】2008-2024·高考政治真题\版本2：政治（按省份分类）2008-2024\2008-2023·（贵州）政治高考真题\2013年高考政治试卷（新课标Ⅱ）（空白卷）.pdf,papers/2013/政治/全国/新课标全国II卷/2013_政治_贵州_新课标全国II卷_原卷.pdf,2
2013,政治,云南,老高考,2025,全国卷,common,新课标全国II卷,present_common,H:\New folder\【新·PDF版】2008-2024·高考政治真题\版本2：政治（按省份分类）2008-2024\2008-2024·（云南）政治高考真题\2013年高考政治试卷（新课标Ⅱ）（空白卷）.pdf,papers/2013/政治/全国/新课标全国II卷/2013_政治_云南_新课标全国II卷_原卷.pdf,2
2013,政治,西藏,老高考,,全国卷,common,新课标全国II卷,present_common,H:\New folder\【新·PDF版】2008-2024·高考政治真题\版本2：政治（按省份分类）2008-2024\2008-2024·（西藏）政治高考真题\2013年高考政治试卷（新课标Ⅱ）（空白卷）.pdf,papers/2013/政治/全国/新课标全国II卷/2013_政治_西藏_新课标全国II卷_原卷.pdf,2
2013,政治,陕西,老高考,2025,全国卷,common,新课标全国II卷,present_common,H:\New folder\【新·PDF版】2008-2024·高考政治真题\版本2：政治（按省份分类）2008-2024\2008-2023·（陕西）政治高考真题\2013年高考政治试卷（新课标Ⅱ）（空白卷）.pdf,papers/2013/政治/全国/新课标全国II卷/2013_政治_陕西_新课标全国II卷_原卷.pdf,2
2013,政治,甘肃,老高考,2024,全国卷,common,新课标全国II卷,present_common,H:\New folder\【新·PDF版】2008-2024·高考政治真题\版本2：政治（按省份分类）2008-2024\2008-2023·（甘肃）政治高考真题\2013年高考政治试卷（新课标Ⅱ）（空白卷）.pdf,papers/2013/政治/全国/新课标全国II卷/2013_政治_甘肃_新课标全国II卷_原卷.pdf,2
2013,政治,青海,老高考,2025,全国卷,common,新课标全国II卷,present_common,H:\New folder\【新·PDF版】2008-2024·高考政治真题\版本2：政治（按省份分类）2008-2024\2008-2023·（青海）政治高考真题\2013年高考政治试卷（新课标Ⅱ）（空白卷）.pdf,papers/2013/政治/全国/新课标全国II卷/2013_政治_青海_新课标全国II卷_原卷.pdf,2
2013,政治,宁夏,老高考,2025,全国卷,common,新课标全国II卷,present_common,H:\New folder\【新·PDF版】2008-2024·高考政治真题\版本2：政治（按省份分类）2008-2024\2010-2023·（宁夏）政治高考真题\2013年高考政治试卷（新课标Ⅱ）（空白卷）.pdf,papers/2013/政治/全国/新课标全国II卷/2013_政治_宁夏_新课标全国II卷_原卷.pdf,2
2013,政治,新疆,老高考,,全国卷,common,新课标全国II卷,present_common,H:\New folder\【新·PDF版】2008-2024·高考政治真题\版本2：政治（按省份分类）2008-2024\2008-2024·（新疆）政治高考真题\2013年高考政治试卷（新课标Ⅱ）（空白卷）.pdf,papers/2013/政治/全国/新课标全国II卷/2013_政治_新疆_新课标全国II卷_原卷.pdf,2
2013,历史,北京,老高考,2020,地方/区域卷,local,北京卷,present_local,H:\New folder\【新·PDF版】2008-2024·高考历史真题\版本2：历史（按省份分类）2008-2024\2008-2024·（北京）历史高考真题\2013年高考历史试卷（北京）（空白卷）.pdf,papers/2013/历史/北京/北京卷/2013_历史_北京_北京卷_原卷.pdf,2
2013,历史,天津,老高考,2020,地方/区域卷,local,天津卷,present_local,H:\New folder\【新·PDF版】2008-2024·高考历史真题\版本2：历史（按省份分类）2008-2024\2008-2023·（天津）历史高考真题\2013年高考历史试卷（天津）（空白卷）.pdf,papers/2013/历史/天津/天津卷/2013_历史_天津_天津卷_原卷.pdf,2
2013,历史,河北,老高考,2021,全国卷,common,新课标全国I卷,present_common,H:\New folder\【新·PDF版】2008-2024·高考历史真题\版本2：历史（按省份分类）2008-2024\2008-2023·（河北）历史高考真题\2013年高考历史试卷（新课标Ⅰ）（空白卷）.pdf,papers/2013/历史/全国/新课标全国I卷/2013_历史_河北_新课标全国I卷_原卷.pdf,2
2013,历史,山西,老高考,2025,全国卷,common,新课标全国I卷,present_common,H:\New folder\【新·PDF版】2008-2024·高考历史真题\版本2：历史（按省份分类）2008-2024\2008-2024·（山西）历史高考真题\2013年高考历史试卷（新课标Ⅰ）（空白卷）.pdf,papers/2013/历史/全国/新课标全国I卷/2013_历史_山西_新课标全国I卷_原卷.pdf,2
2013,历史,内蒙古,老高考,2025,全国卷,common,新课标全国II卷,present_common,H:\New folder\【新·PDF版】2008-2024·高考历史真题\版本2：历史（按省份分类）2008-2024\2008-2024·（内蒙古）历史高考真题\2013年高考历史试卷（新课标Ⅱ）（空白卷）.pdf,papers/2013/历史/全国/新课标全国II卷/2013_历史_内蒙古_新课标全国II卷_原卷.pdf,2
2013,历史,辽宁,老高考,2021,全国卷,common,新课标全国II卷,present_common,H:\New folder\【新·PDF版】2008-2024·高考历史真题\版本2：历史（按省份分类）2008-2024\2010-2024·（辽宁）历史高考真题\2013年高考历史试卷（新课标Ⅱ）（空白卷）.pdf,papers/2013/历史/全国/新课标全国II卷/2013_历史_辽宁_新课标全国II卷_原卷.pdf,2
2013,历史,吉林,老高考,2024,全国卷,common,新课标全国II卷,present_common,H:\New folder\【新·PDF版】2008-2024·高考历史真题\版本2：历史（按省份分类）2008-2024\2008-2024·（吉林）历史高考真题\2013年高考历史试卷（新课标Ⅱ）（空白卷）.pdf,papers/2013/历史/全国/新课标全国II卷/2013_历史_吉林_新课标全国II卷_原卷.pdf,2
2013,历史,黑龙江,老高考,2024,全国卷,common,新课标全国II卷,present_common,H:\New folder\【新·PDF版】2008-2024·高考历史真题\版本2：历史（按省份分类）2008-2024\2008-2024·（黑龙江）历史高考真题\2013年高考历史试卷（新课标Ⅱ）（空白卷）.pdf,papers/2013/历史/全国/新课标全国II卷/2013_历史_黑龙江_新课标全国II卷_原卷.pdf,2
2013,历史,上海,老高考,2017,地方/区域卷,local,上海卷,present_local,"H:\New folder\【新·PDF版】2008-2024·高考历史真题\版本2：历史（按省份分类）2008-2024\2008-2017_2019,2024·（上海）历史高考真题\2013年高考历史试卷（上海）（空白卷）.pdf",papers/2013/历史/上海/上海卷/2013_历史_上海_上海卷_原卷.pdf,2
2013,历史,江苏,老高考,2021,地方/区域卷,local,江苏卷,present_local,H:\New folder\【新·PDF版】2008-2024·高考历史真题\版本2：历史（按省份分类）2008-2024\2008-2024·（江苏）历史高考真题\2013年高考历史试卷（江苏）（空白卷）   .pdf,papers/2013/历史/江苏/江苏卷/2013_历史_江苏_江苏卷_原卷.pdf,2
2013,历史,浙江,老高考,2017,地方/区域卷,local,浙江卷,present_local,H:\New folder\【新·PDF版】2008-2024·高考历史真题\版本2：历史（按省份分类）2008-2024\2008-2024·（浙江）历史高考真题\2013年高考历史试卷（浙江）（空白卷）.pdf,papers/2013/历史/浙江/浙江卷/2013_历史_浙江_浙江卷_原卷.pdf,2
2013,历史,安徽,老高考,2024,地方/区域卷,local,安徽卷,present_local,H:\New folder\【新·PDF版】2008-2024·高考历史真题\版本2：历史（按省份分类）2008-2024\2012-2024·（安徽）历史高考真题\2013年高考历史试卷（安徽）（空白卷）.pdf,papers/2013/历史/安徽/安徽卷/2013_历史_安徽_安徽卷_原卷.pdf,2
2013,历史,福建,老高考,2021,地方/区域卷,local,福建卷,present_local,H:\New folder\【新·PDF版】2008-2024·高考历史真题\版本2：历史（按省份分类）2008-2024\2012-2023·（福建）历史高考真题\2013年高考历史试卷（福建）（空白卷）.pdf,papers/2013/历史/福建/福建卷/2013_历史_福建_福建卷_原卷.pdf,2
2013,历史,江西,老高考,2024,全国卷,common,新课标全国I卷,present_common,H:\New folder\【新·PDF版】2008-2024·高考历史真题\版本2：历史（按省份分类）2008-2024\2008-2023·（江西）历史高考真题\2013年高考历史试卷（新课标Ⅰ）（空白卷）.pdf,papers/2013/历史/全国/新课标全国I卷/2013_历史_江西_新课标全国I卷_原卷.pdf,2
2013,历史,山东,老高考,2020,地方/区域卷,local,山东卷,present_local,H:\New folder\【新·PDF版】2008-2024·高考历史真题\版本2：历史（按省份分类）2008-2024\2008-2024·（山东）历史高考真题\2013年高考历史试卷（山东）（空白卷）.pdf,papers/2013/历史/山东/山东卷/2013_历史_山东_山东卷_原卷.pdf,2
2013,历史,河南,老高考,2025,全国卷,common,新课标全国I卷,present_common,H:\New folder\【新·PDF版】2008-2024·高考历史真题\版本2：历史（按省份分类）2008-2024\2008-2024·（河南）历史高考真题\2013年高考历史试卷（新课标Ⅰ）（空白卷）.pdf,papers/2013/历史/全国/新课标全国I卷/2013_历史_河南_新课标全国I卷_原卷.pdf,2
2013,历史,湖北,老高考,2021,全国卷,common,新课标全国I卷,present_common,H:\New folder\【新·PDF版】2008-2024·高考历史真题\版本2：历史（按省份分类）2008-2024\2008-2024·（湖北）历史高考真题\2013年高考历史试卷（新课标Ⅰ）（空白卷）.pdf,papers/2013/历史/全国/新课标全国I卷/2013_历史_湖北_新课标全国I卷_原卷.pdf,2
2013,历史,湖南,老高考,2021,全国卷,common,新课标全国I卷,present_common,H:\New folder\【新·PDF版】2008-2024·高考历史真题\版本2：历史（按省份分类）2008-2024\2008-2024·（湖南）历史高考真题\2013年高考历史试卷（新课标Ⅰ）（空白卷）.pdf,papers/2013/历史/全国/新课标全国I卷/2013_历史_湖南_新课标全国I卷_原卷.pdf,2
2013,历史,广东,老高考,2021,地方/区域卷,local,广东卷,present_local,H:\New folder\【新·PDF版】2008-2024·高考历史真题\版本2：历史（按省份分类）2008-2024\2008-2024·（广东）历史高考真题\2013年高考历史试卷（广东）（空白卷）.pdf,papers/2013/历史/广东/广东卷/2013_历史_广东_广东卷_原卷.pdf,2
2013,历史,广西,老高考,2024,全国卷,common,新课标全国II卷,present_common,H:\New folder\【新·PDF版】2008-2024·高考历史真题\版本2：历史（按省份分类）2008-2024\2008-2023·（广西）历史高考真题\2013年高考历史试卷（新课标Ⅱ）（空白卷）.pdf,papers/2013/历史/全国/新课标全国II卷/2013_历史_广西_新课标全国II卷_原卷.pdf,2
2013,历史,海南,老高考,2020,地方/区域卷,local,海南卷,present_local,H:\New folder\【新·PDF版】2008-2024·高考历史真题\版本2：历史（按省份分类）2008-2024\2008-2023·（海南）历史高考真题\2013年高考历史试卷（海南）（空白卷）.pdf,papers/2013/历史/海南/海南卷/2013_历史_海南_海南卷_原卷.pdf,2
2013,历史,重庆,老高考,2021,地方/区域卷,local,重庆卷,present_local,H:\New folder\【新·PDF版】2008-2024·高考历史真题\版本2：历史（按省份分类）2008-2024\2012-2024·（重庆）历史高考真题\2013年高考历史试卷（重庆）（空白卷）.pdf,papers/2013/历史/重庆/重庆卷/2013_历史_重庆_重庆卷_原卷.pdf,2
2013,历史,四川,老高考,2025,地方/区域卷,local,四川卷,present_local,H:\New folder\【新·PDF版】2008-2024·高考历史真题\版本2：历史（按省份分类）2008-2024\2008-2024·（四川）历史高考真题\2013年高考历史试卷（四川）（空白卷）.pdf,papers/2013/历史/四川/四川卷/2013_历史_四川_四川卷_原卷.pdf,2
2013,历史,贵州,老高考,2024,全国卷,common,新课标全国II卷,present_common,H:\New folder\【新·PDF版】2008-2024·高考历史真题\版本2：历史（按省份分类）2008-2024\2008-2023·（贵州）历史高考真题\2013年高考历史试卷（新课标Ⅱ）（空白卷）.pdf,papers/2013/历史/全国/新课标全国II卷/2013_历史_贵州_新课标全国II卷_原卷.pdf,2
2013,历史,云南,老高考,2025,全国卷,common,新课标全国II卷,present_common,H:\New folder\【新·PDF版】2008-2024·高考历史真题\版本2：历史（按省份分类）2008-2024\2008-2024·（云南）历史高考真题\2013年高考历史试卷（新课标Ⅱ）（空白卷）.pdf,papers/2013/历史/全国/新课标全国II卷/2013_历史_云南_新课标全国II卷_原卷.pdf,2
2013,历史,西藏,老高考,,全国卷,common,新课标全国II卷,present_common,H:\New folder\【新·PDF版】2008-2024·高考历史真题\版本2：历史（按省份分类）2008-2024\2008-2024·（西藏）历史高考真题\2013年高考历史试卷（新课标Ⅱ）（空白卷）.pdf,papers/2013/历史/全国/新课标全国II卷/2013_历史_西藏_新课标全国II卷_原卷.pdf,2
2013,历史,陕西,老高考,2025,全国卷,common,新课标全国II卷,present_common,H:\New folder\【新·PDF版】2008-2024·高考历史真题\版本2：历史（按省份分类）2008-2024\2008-2024·（陕西）历史高考真题\2013年高考历史试卷（新课标Ⅱ）（空白卷）.pdf,papers/2013/历史/全国/新课标全国II卷/2013_历史_陕西_新课标全国II卷_原卷.pdf,2
2013,历史,甘肃,老高考,2024,全国卷,common,新课标全国II卷,present_common,H:\New folder\【新·PDF版】2008-2024·高考历史真题\版本2：历史（按省份分类）2008-2024\2008-2024·（甘肃）历史高考真题\2013年高考历史试卷（新课标Ⅱ）（空白卷）.pdf,papers/2013/历史/全国/新课标全国II卷/2013_历史_甘肃_新课标全国II卷_原卷.pdf,2
2013,历史,青海,老高考,2025,全国卷,common,新课标全国II卷,present_common,H:\New folder\【新·PDF版】2008-2024·高考历史真题\版本2：历史（按省份分类）2008-2024\2008-2024·（青海）历史高考真题\2013年高考历史试卷（新课标Ⅱ）（空白卷）.pdf,papers/2013/历史/全国/新课标全国II卷/2013_历史_青海_新课标全国II卷_原卷.pdf,2
2013,历史,宁夏,老高考,2025,全国卷,common,新课标全国II卷,present_common,H:\New folder\【新·PDF版】2008-2024·高考历史真题\版本2：历史（按省份分类）2008-2024\2010-2024·（宁夏）历史高考真题\2013年高考历史试卷（新课标Ⅱ）（空白卷）.pdf,papers/2013/历史/全国/新课标全国II卷/2013_历史_宁夏_新课标全国II卷_原卷.pdf,2
2013,历史,新疆,老高考,,全国卷,common,新课标全国II卷,present_common,H:\New folder\【新·PDF版】2008-2024·高考历史真题\版本2：历史（按省份分类）2008-2024\2008-2024·（新疆）历史高考真题\2013年高考历史试卷（新课标Ⅱ）（空白卷）.pdf,papers/2013/历史/全国/新课标全国II卷/2013_历史_新疆_新课标全国II卷_原卷.pdf,2
2013,地理,北京,老高考,2020,地方/区域卷,local,北京卷,present_local,H:\New folder\【新·PDF版】2008-2024·高考地理真题\版本2：地理（按省份分类）2008-2024\2008-2024·（北京）地理高考真题\2013年高考地理试卷（北京）（空白卷）.pdf,papers/2013/地理/北京/北京卷/2013_地理_北京_北京卷_原卷.pdf,2
2013,地理,天津,老高考,2020,地方/区域卷,local,天津卷,present_local,H:\New folder\【新·PDF版】2008-2024·高考地理真题\版本2：地理（按省份分类）2008-2024\2008-2023·（天津）地理高考真题\2013年高考地理试卷（天津）（空白卷）.pdf,papers/2013/地理/天津/天津卷/2013_地理_天津_天津卷_原卷.pdf,2
2013,地理,河北,老高考,2021,全国卷,common,新课标全国I卷,present_common,H:\New folder\【新·PDF版】2008-2024·高考地理真题\版本2：地理（按省份分类）2008-2024\2008-2023·（河北）地理高考真题\2013年高考地理试卷（新课标Ⅰ）（空白卷）.pdf,papers/2013/地理/全国/新课标全国I卷/2013_地理_河北_新课标全国I卷_原卷.pdf,2
2013,地理,山西,老高考,2025,全国卷,common,新课标全国I卷,present_common,H:\New folder\【新·PDF版】2008-2024·高考地理真题\版本2：地理（按省份分类）2008-2024\2008-2024·（山西）地理高考真题\2013年高考地理试卷（新课标Ⅰ）（空白卷）.pdf,papers/2013/地理/全国/新课标全国I卷/2013_地理_山西_新课标全国I卷_原卷.pdf,2
2013,地理,内蒙古,老高考,2025,全国卷,common,新课标全国II卷,present_common,H:\New folder\【新·PDF版】2008-2024·高考地理真题\版本2：地理（按省份分类）2008-2024\2008-2024·（内蒙古）地理高考真题\2013年高考地理试卷（新课标Ⅱ）（空白卷）.pdf,papers/2013/地理/全国/新课标全国II卷/2013_地理_内蒙古_新课标全国II卷_原卷.pdf,2
2013,地理,辽宁,老高考,2021,全国卷,common,新课标全国II卷,present_common,H:\New folder\【新·PDF版】2008-2024·高考地理真题\版本2：地理（按省份分类）2008-2024\2010-2024·（辽宁）地理高考真题\2013年高考地理试卷（新课标Ⅱ）（空白卷）.pdf,papers/2013/地理/全国/新课标全国II卷/2013_地理_辽宁_新课标全国II卷_原卷.pdf,2
2013,地理,吉林,老高考,2024,全国卷,common,新课标全国II卷,present_common,H:\New folder\【新·PDF版】2008-2024·高考地理真题\版本2：地理（按省份分类）2008-2024\2008-2024·（吉林）地理高考真题\2013年高考地理试卷（新课标Ⅱ）（空白卷）.pdf,papers/2013/地理/全国/新课标全国II卷/2013_地理_吉林_新课标全国II卷_原卷.pdf,2
2013,地理,黑龙江,老高考,2024,全国卷,common,新课标全国II卷,present_common,H:\New folder\【新·PDF版】2008-2024·高考地理真题\版本2：地理（按省份分类）2008-2024\2008-2024·（黑龙江）地理高考真题\2013年高考地理试卷（新课标Ⅱ）（空白卷）.pdf,papers/2013/地理/全国/新课标全国II卷/2013_地理_黑龙江_新课标全国II卷_原卷.pdf,2
2013,地理,上海,老高考,2017,地方/区域卷,local,上海卷,present_local,"H:\New folder\【新·PDF版】2008-2024·高考地理真题\版本2：地理（按省份分类）2008-2024\2008-2021,2024·（上海）地理高考真题\2013年高考地理试题（上海）（空白卷）.pdf",papers/2013/地理/上海/上海卷/2013_地理_上海_上海卷_原卷.pdf,2
2013,地理,江苏,老高考,2021,地方/区域卷,local,江苏卷,present_local,H:\New folder\【新·PDF版】2008-2024·高考地理真题\版本2：地理（按省份分类）2008-2024\2008-2023·（江苏）地理高考真题\2013年高考地理试卷（江苏）（空白卷）.pdf,papers/2013/地理/江苏/江苏卷/2013_地理_江苏_江苏卷_原卷.pdf,2
2013,地理,浙江,老高考,2017,地方/区域卷,local,浙江卷,present_local,H:\New folder\【新·PDF版】2008-2024·高考地理真题\版本2：地理（按省份分类）2008-2024\2008-2024·（浙江）地理高考真题\2013年高考地理试卷（浙江）（空白卷）.pdf,papers/2013/地理/浙江/浙江卷/2013_地理_浙江_浙江卷_原卷.pdf,2
2013,地理,安徽,老高考,2024,地方/区域卷,local,安徽卷,present_local,H:\New folder\【新·PDF版】2008-2024·高考地理真题\版本2：地理（按省份分类）2008-2024\2012-2024·（安徽）地理高考真题\2013年高考地理试卷（安徽）（空白卷）.pdf,papers/2013/地理/安徽/安徽卷/2013_地理_安徽_安徽卷_原卷.pdf,2
2013,地理,福建,老高考,2021,地方/区域卷,local,福建卷,present_local,H:\New folder\【新·PDF版】2008-2024·高考地理真题\版本2：地理（按省份分类）2008-2024\2012-2024·（福建）地理高考真题\2013年高考地理试卷（福建）（空白卷）.pdf,papers/2013/地理/福建/福建卷/2013_地理_福建_福建卷_原卷.pdf,2
2013,地理,江西,老高考,2024,全国卷,common,新课标全国I卷,present_common,H:\New folder\【新·PDF版】2008-2024·高考地理真题\版本2：地理（按省份分类）2008-2024\2008-2024·（江西）地理高考真题\2013年高考地理试卷（新课标Ⅰ）（空白卷）.pdf,papers/2013/地理/全国/新课标全国I卷/2013_地理_江西_新课标全国I卷_原卷.pdf,2
2013,地理,山东,老高考,2020,地方/区域卷,local,山东卷,present_local,H:\New folder\【新·PDF版】2008-2024·高考地理真题\版本2：地理（按省份分类）2008-2024\2008-2024·（山东）地理高考真题\2013年高考地理试卷（山东）（空白卷）.pdf,papers/2013/地理/山东/山东卷/2013_地理_山东_山东卷_原卷.pdf,2
2013,地理,河南,老高考,2025,全国卷,common,新课标全国I卷,present_common,H:\New folder\【新·PDF版】2008-2024·高考地理真题\版本2：地理（按省份分类）2008-2024\2008-2024·（河南）地理高考真题\2013年高考地理试卷（新课标Ⅰ）（空白卷）.pdf,papers/2013/地理/全国/新课标全国I卷/2013_地理_河南_新课标全国I卷_原卷.pdf,2
2013,地理,湖北,老高考,2021,全国卷,common,新课标全国I卷,present_common,H:\New folder\【新·PDF版】2008-2024·高考地理真题\版本2：地理（按省份分类）2008-2024\2008-2024·（湖北）地理高考真题\2013年高考地理试卷（新课标Ⅰ）（空白卷）.pdf,papers/2013/地理/全国/新课标全国I卷/2013_地理_湖北_新课标全国I卷_原卷.pdf,2
2013,地理,湖南,老高考,2021,全国卷,common,新课标全国I卷,present_common,H:\New folder\【新·PDF版】2008-2024·高考地理真题\版本2：地理（按省份分类）2008-2024\2008-2024·（湖南）地理高考真题\2013年高考地理试卷（新课标Ⅰ）（空白卷）.pdf,papers/2013/地理/全国/新课标全国I卷/2013_地理_湖南_新课标全国I卷_原卷.pdf,2
2013,地理,广东,老高考,2021,地方/区域卷,local,广东卷,present_local,H:\New folder\【新·PDF版】2008-2024·高考地理真题\版本2：地理（按省份分类）2008-2024\2008-2024·（广东）地理高考真题\2013年高考地理试卷（广东）（空白卷）.pdf,papers/2013/地理/广东/广东卷/2013_地理_广东_广东卷_原卷.pdf,2
2013,地理,广西,老高考,2024,全国卷,common,新课标全国II卷,present_common,H:\New folder\【新·PDF版】2008-2024·高考地理真题\版本2：地理（按省份分类）2008-2024\2008-2023·（广西）地理高考真题\2013年高考地理试卷（新课标Ⅱ）（空白卷）.pdf,papers/2013/地理/全国/新课标全国II卷/2013_地理_广西_新课标全国II卷_原卷.pdf,2
2013,地理,海南,老高考,2020,地方/区域卷,local,海南卷,present_local,H:\New folder\【新·PDF版】2008-2024·高考地理真题\版本2：地理（按省份分类）2008-2024\2008-2023·（海南）地理高考真题\2013年高考地理试卷（海南）（空白卷）.pdf,papers/2013/地理/海南/海南卷/2013_地理_海南_海南卷_原卷.pdf,2
2013,地理,重庆,老高考,2021,地方/区域卷,local,重庆卷,present_local,H:\New folder\【新·PDF版】2008-2024·高考地理真题\版本2：地理（按省份分类）2008-2024\2012-2023·（重庆）地理高考真题\2013年高考地理试卷（重庆）（空白卷）.pdf,papers/2013/地理/重庆/重庆卷/2013_地理_重庆_重庆卷_原卷.pdf,2
2013,地理,四川,老高考,2025,地方/区域卷,local,四川卷,present_local,H:\New folder\【新·PDF版】2008-2024·高考地理真题\版本2：地理（按省份分类）2008-2024\2008-2024·（四川）地理高考真题\2013年高考地理试卷（四川）（空白卷）.pdf,papers/2013/地理/四川/四川卷/2013_地理_四川_四川卷_原卷.pdf,2
2013,地理,贵州,老高考,2024,全国卷,common,新课标全国II卷,present_common,H:\New folder\【新·PDF版】2008-2024·高考地理真题\版本2：地理（按省份分类）2008-2024\2008-2023·（贵州）地理高考真题\2013年高考地理试卷（新课标Ⅱ）（空白卷）.pdf,papers/2013/地理/全国/新课标全国II卷/2013_地理_贵州_新课标全国II卷_原卷.pdf,2
2013,地理,云南,老高考,2025,全国卷,common,新课标全国II卷,present_common,H:\New folder\【新·PDF版】2008-2024·高考地理真题\版本2：地理（按省份分类）2008-2024\2008-2024·（云南）地理高考真题\2013年高考地理试卷（新课标Ⅱ）（空白卷）.pdf,papers/2013/地理/全国/新课标全国II卷/2013_地理_云南_新课标全国II卷_原卷.pdf,2
2013,地理,西藏,老高考,,全国卷,common,新课标全国II卷,present_common,H:\New folder\【新·PDF版】2008-2024·高考地理真题\版本2：地理（按省份分类）2008-2024\2008-2024·（西藏）地理高考真题\2013年高考地理试卷（新课标Ⅱ）（空白卷）.pdf,papers/2013/地理/全国/新课标全国II卷/2013_地理_西藏_新课标全国II卷_原卷.pdf,2
2013,地理,陕西,老高考,2025,全国卷,common,新课标全国II卷,present_common,H:\New folder\【新·PDF版】2008-2024·高考地理真题\版本2：地理（按省份分类）2008-2024\2008-2024·（陕西）地理高考真题\2013年高考地理试卷（新课标Ⅱ）（空白卷）.pdf,papers/2013/地理/全国/新课标全国II卷/2013_地理_陕西_新课标全国II卷_原卷.pdf,2
2013,地理,甘肃,老高考,2024,全国卷,common,新课标全国II卷,present_common,H:\New folder\【新·PDF版】2008-2024·高考地理真题\版本2：地理（按省份分类）2008-2024\2008-2024·（甘肃）地理高考真题\2013年高考地理试卷（新课标Ⅱ）（空白卷）.pdf,papers/2013/地理/全国/新课标全国II卷/2013_地理_甘肃_新课标全国II卷_原卷.pdf,2
2013,地理,青海,老高考,2025,全国卷,common,新课标全国II卷,present_common,H:\New folder\【新·PDF版】2008-2024·高考地理真题\版本2：地理（按省份分类）2008-2024\2008-2024·（青海）地理高考真题\2013年高考地理试卷（新课标Ⅱ）（空白卷）.pdf,papers/2013/地理/全国/新课标全国II卷/2013_地理_青海_新课标全国II卷_原卷.pdf,2
2013,地理,宁夏,老高考,2025,全国卷,common,新课标全国II卷,present_common,H:\New folder\【新·PDF版】2008-2024·高考地理真题\版本2：地理（按省份分类）2008-2024\2010-2024·（宁夏）地理高考真题\2013年高考地理试卷（新课标Ⅱ）（空白卷）.pdf,papers/2013/地理/全国/新课标全国II卷/2013_地理_宁夏_新课标全国II卷_原卷.pdf,2
2013,地理,新疆,老高考,,全国卷,common,新课标全国II卷,present_common,H:\New folder\【新·PDF版】2008-2024·高考地理真题\版本2：地理（按省份分类）2008-2024\2008-2024·（新疆）地理高考真题\2013年高考地理试卷（新课标Ⅱ）（空白卷）.pdf,papers/2013/地理/全国/新课标全国II卷/2013_地理_新疆_新课标全国II卷_原卷.pdf,2
2014,语文,北京,老高考,2020,地方/区域卷,local,北京卷,present_local,H:\New folder\【新·PDF版】2008-2024·高考语文真题\版本2：语文（按省份分类）2008-2024\2008-2024·（北京）语文高考真题\2014年高考语文试卷（北京）（空白卷）.pdf,papers/2014/语文/北京/北京卷/2014_语文_北京_北京卷_原卷.pdf,2
2014,语文,天津,老高考,2020,地方/区域卷,local,天津卷,present_local,H:\New folder\【新·PDF版】2008-2024·高考语文真题\版本2：语文（按省份分类）2008-2024\2008-2023·（天津）语文高考真题\2014年高考语文试卷（天津）（空白卷）.pdf,papers/2014/语文/天津/天津卷/2014_语文_天津_天津卷_原卷.pdf,2
2014,语文,河北,老高考,2021,全国卷,common,新课标全国I卷,present_common,H:\New folder\【新·PDF版】2008-2024·高考语文真题\版本2：语文（按省份分类）2008-2024\2008-2024·（河北）语文高考真题\2014年高考语文试卷（新课标Ⅰ卷）（空白卷）.pdf,papers/2014/语文/全国/新课标全国I卷/2014_语文_河北_新课标全国I卷_原卷.pdf,2
2014,语文,山西,老高考,2025,全国卷,common,新课标全国I卷,present_common,H:\New folder\【新·PDF版】2008-2024·高考语文真题\版本2：语文（按省份分类）2008-2024\2008-2024·（山西）语文高考真题\2014年高考语文试卷（新课标Ⅰ卷）（空白卷）.pdf,papers/2014/语文/全国/新课标全国I卷/2014_语文_山西_新课标全国I卷_原卷.pdf,2
2014,语文,内蒙古,老高考,2025,全国卷,common,新课标全国II卷,present_common,H:\New folder\【新·PDF版】2008-2024·高考语文真题\版本2：语文（按省份分类）2008-2024\2008-2024·（内蒙古）语文高考真题\2014年高考语文试卷（新课标Ⅱ卷）（空白卷）.pdf,papers/2014/语文/全国/新课标全国II卷/2014_语文_内蒙古_新课标全国II卷_原卷.pdf,2
2014,语文,辽宁,老高考,2021,地方/区域卷,local,辽宁卷,present_local,H:\New folder\【新·PDF版】2008-2024·高考语文真题\版本2：语文（按省份分类）2008-2024\2012-2024·（辽宁）语文高考真题\2014年高考语文试卷（辽宁）（空白卷）.pdf,papers/2014/语文/辽宁/辽宁卷/2014_语文_辽宁_辽宁卷_原卷.pdf,2
2014,语文,吉林,老高考,2024,全国卷,common,新课标全国II卷,present_common,H:\New folder\【新·PDF版】2008-2024·高考语文真题\版本2：语文（按省份分类）2008-2024\2008-2024·（吉林）语文高考真题\2014年高考语文试卷（新课标Ⅱ卷）（空白卷）.pdf,papers/2014/语文/全国/新课标全国II卷/2014_语文_吉林_新课标全国II卷_原卷.pdf,2
2014,语文,黑龙江,老高考,2024,全国卷,common,新课标全国II卷,present_common,H:\New folder\【新·PDF版】2008-2024·高考语文真题\版本2：语文（按省份分类）2008-2024\2008-2024·（黑龙江）语文高考真题\2014年高考语文试卷（新课标Ⅱ卷）（空白卷）.pdf,papers/2014/语文/全国/新课标全国II卷/2014_语文_黑龙江_新课标全国II卷_原卷.pdf,2
2014,语文,上海,老高考,2017,地方/区域卷,local,上海卷,present_local,H:\New folder\【新·PDF版】2008-2024·高考语文真题\版本2：语文（按省份分类）2008-2024\2008-2023·（上海）语文高考真题\2014年高考语文试卷（上海）（秋考）（空白卷）.pdf,papers/2014/语文/上海/上海卷/2014_语文_上海_上海卷_原卷.pdf,2
2014,语文,江苏,老高考,2021,地方/区域卷,local,江苏卷,present_local,H:\New folder\【新·PDF版】2008-2024·高考语文真题\版本2：语文（按省份分类）2008-2024\2008-2024·（江苏）语文高考真题\2014年高考语文试卷（江苏）（空白卷）   .pdf,papers/2014/语文/江苏/江苏卷/2014_语文_江苏_江苏卷_原卷.pdf,2
2014,语文,浙江,老高考,2017,地方/区域卷,local,浙江卷,present_local,H:\New folder\【新·PDF版】2008-2024·高考语文真题\版本2：语文（按省份分类）2008-2024\2008-2024·（浙江）语文高考真题\2014年高考语文试卷（浙江）（空白卷）.pdf,papers/2014/语文/浙江/浙江卷/2014_语文_浙江_浙江卷_原卷.pdf,2
2014,语文,安徽,老高考,2024,地方/区域卷,local,安徽卷,present_local,H:\New folder\【新·PDF版】2008-2024·高考语文真题\版本2：语文（按省份分类）2008-2024\2012-2024·（安徽）语文高考真题\2014年高考语文试卷（安徽）（空白卷）.pdf,papers/2014/语文/安徽/安徽卷/2014_语文_安徽_安徽卷_原卷.pdf,2
2014,语文,福建,老高考,2021,地方/区域卷,local,福建卷,present_local,H:\New folder\【新·PDF版】2008-2024·高考语文真题\版本2：语文（按省份分类）2008-2024\2012-2024·（福建）语文高考真题\2014年高考语文试卷（福建）（空白卷）.pdf,papers/2014/语文/福建/福建卷/2014_语文_福建_福建卷_原卷.pdf,2
2014,语文,江西,老高考,2024,地方/区域卷,local,江西卷,present_local,H:\New folder\【新·PDF版】2008-2024·高考语文真题\版本2：语文（按省份分类）2008-2024\2012-2024·（江西）语文高考真题\2014年高考语文试卷（江西）（空白卷）.pdf,papers/2014/语文/江西/江西卷/2014_语文_江西_江西卷_原卷.pdf,2
2014,语文,山东,老高考,2020,地方/区域卷,local,山东卷,present_local,H:\New folder\【新·PDF版】2008-2024·高考语文真题\版本2：语文（按省份分类）2008-2024\2008-2024·（山东）语文高考真题\2014年高考语文试卷（山东）（空白卷）.pdf,papers/2014/语文/山东/山东卷/2014_语文_山东_山东卷_原卷.pdf,2
2014,语文,河南,老高考,2025,全国卷,common,新课标全国I卷,present_common,H:\New folder\【新·PDF版】2008-2024·高考语文真题\版本2：语文（按省份分类）2008-2024\2008-2024·（河南）语文高考真题\2014年高考语文试卷（新课标Ⅰ卷）（空白卷）.pdf,papers/2014/语文/全国/新课标全国I卷/2014_语文_河南_新课标全国I卷_原卷.pdf,2
2014,语文,湖北,老高考,2021,地方/区域卷,local,湖北卷,present_local,H:\New folder\【新·PDF版】2008-2024·高考语文真题\版本2：语文（按省份分类）2008-2024\2012-2024·（湖北）语文高考真题\2014年高考语文试卷（湖北）（空白卷）.pdf,papers/2014/语文/湖北/湖北卷/2014_语文_湖北_湖北卷_原卷.pdf,2
2014,语文,湖南,老高考,2021,地方/区域卷,local,湖南卷,present_local,H:\New folder\【新·PDF版】2008-2024·高考语文真题\版本2：语文（按省份分类）2008-2024\2008-2024·（湖南）语文高考真题\2014年高考语文试卷（湖南）（空白卷）.pdf,papers/2014/语文/湖南/湖南卷/2014_语文_湖南_湖南卷_原卷.pdf,2
2014,语文,广东,老高考,2021,地方/区域卷,local,广东卷,present_local,H:\New folder\【新·PDF版】2008-2024·高考语文真题\版本2：语文（按省份分类）2008-2024\2008-2024·（广东）语文高考真题\2014年高考语文试卷（广东）（空白卷）.pdf,papers/2014/语文/广东/广东卷/2014_语文_广东_广东卷_原卷.pdf,2
2014,语文,广西,老高考,2024,地方/区域卷,local,广西卷,present_local,H:\New folder\【新·PDF版】2008-2024·高考语文真题\版本2：语文（按省份分类）2008-2024\2008-2024·（广西）语文高考真题\2014年高考语文试卷（大纲版）（解析卷）.pdf,papers/2014/语文/广西/广西卷/2014_语文_广西_广西卷_原卷.pdf,1
2014,语文,海南,老高考,2020,全国卷,common,新课标全国II卷,present_common,H:\New folder\【新·PDF版】2008-2024·高考语文真题\版本2：语文（按省份分类）2008-2024\2008-2024·（海南）语文高考真题\2014年高考语文试卷（新课标Ⅱ卷）（空白卷）.pdf,papers/2014/语文/全国/新课标全国II卷/2014_语文_海南_新课标全国II卷_原卷.pdf,2
2014,语文,重庆,老高考,2021,地方/区域卷,local,重庆卷,present_local,H:\New folder\【新·PDF版】2008-2024·高考语文真题\版本2：语文（按省份分类）2008-2024\2012-2024·（重庆）语文高考真题\2014年高考语文试卷（重庆）（空白卷）.pdf,papers/2014/语文/重庆/重庆卷/2014_语文_重庆_重庆卷_原卷.pdf,2
2014,语文,四川,老高考,2025,地方/区域卷,local,四川卷,present_local,H:\New folder\【新·PDF版】2008-2024·高考语文真题\版本2：语文（按省份分类）2008-2024\2008-2024·（四川）语文高考真题\2014年高考语文试卷（四川）（空白卷）.pdf,papers/2014/语文/四川/四川卷/2014_语文_四川_四川卷_原卷.pdf,2
2014,语文,贵州,老高考,2024,全国卷,common,新课标全国II卷,present_common,H:\New folder\【新·PDF版】2008-2024·高考语文真题\版本2：语文（按省份分类）2008-2024\2008-2024·（贵州）语文高考真题\2014年高考语文试卷（新课标Ⅱ卷）（空白卷）.pdf,papers/2014/语文/全国/新课标全国II卷/2014_语文_贵州_新课标全国II卷_原卷.pdf,2
2014,语文,云南,老高考,2025,全国卷,common,新课标全国II卷,present_common,H:\New folder\【新·PDF版】2008-2024·高考语文真题\版本2：语文（按省份分类）2008-2024\2008-2024·（云南）语文高考真题\2014年高考语文试卷（新课标Ⅱ卷）（空白卷）.pdf,papers/2014/语文/全国/新课标全国II卷/2014_语文_云南_新课标全国II卷_原卷.pdf,2
2014,语文,西藏,老高考,,全国卷,common,新课标全国II卷,present_common,H:\New folder\【新·PDF版】2008-2024·高考语文真题\版本2：语文（按省份分类）2008-2024\2008-2024·（西藏）语文高考真题\2014年高考语文试卷（新课标Ⅱ卷）（空白卷）.pdf,papers/2014/语文/全国/新课标全国II卷/2014_语文_西藏_新课标全国II卷_原卷.pdf,2
2014,语文,陕西,老高考,2025,全国卷,common,新课标全国I卷,present_common,H:\New folder\【新·PDF版】2008-2024·高考语文真题\版本2：语文（按省份分类）2008-2024\2008-2024·（陕西）语文高考真题\2014年高考语文试卷（新课标Ⅰ卷）（空白卷）.pdf,papers/2014/语文/全国/新课标全国I卷/2014_语文_陕西_新课标全国I卷_原卷.pdf,2
2014,语文,甘肃,老高考,2024,全国卷,common,新课标全国II卷,present_common,H:\New folder\【新·PDF版】2008-2024·高考语文真题\版本2：语文（按省份分类）2008-2024\2008-2024·（甘肃）语文高考真题\2014年高考语文试卷（新课标Ⅱ卷）（空白卷）.pdf,papers/2014/语文/全国/新课标全国II卷/2014_语文_甘肃_新课标全国II卷_原卷.pdf,2
2014,语文,青海,老高考,2025,全国卷,common,新课标全国II卷,present_common,H:\New folder\【新·PDF版】2008-2024·高考语文真题\版本2：语文（按省份分类）2008-2024\2008-2024·（青海）语文高考真题\2014年高考语文试卷（新课标Ⅱ卷）（空白卷）.pdf,papers/2014/语文/全国/新课标全国II卷/2014_语文_青海_新课标全国II卷_原卷.pdf,2
2014,语文,宁夏,老高考,2025,全国卷,common,新课标全国II卷,present_common,H:\New folder\【新·PDF版】2008-2024·高考语文真题\版本2：语文（按省份分类）2008-2024\2008-2024·（宁夏）语文高考真题\2014年高考语文试卷（新课标Ⅱ卷）（空白卷）.pdf,papers/2014/语文/全国/新课标全国II卷/2014_语文_宁夏_新课标全国II卷_原卷.pdf,2
2014,语文,新疆,老高考,,全国卷,common,新课标全国II卷,present_common,H:\New folder\【新·PDF版】2008-2024·高考语文真题\版本2：语文（按省份分类）2008-2024\2008-2024·（新疆）语文高考真题\2014年高考语文试卷（新课标Ⅱ卷）（空白卷）.pdf,papers/2014/语文/全国/新课标全国II卷/2014_语文_新疆_新课标全国II卷_原卷.pdf,2
2014,数学,北京,老高考,2020,地方/区域卷,local,北京卷,present_local,H:\New folder\【新】2008-2024·高考数学真题\【PDF版】2008-2024·高考数学真题\版本2：数学（按省份分类）2008-2024\2008-2024·（北京）数学高考真题\2014年高考数学试卷（文）（北京）（空白卷）.pdf,papers/2014/数学/北京/北京卷/2014_数学_北京_北京卷_原卷.pdf,4
2014,数学,天津,老高考,2020,地方/区域卷,local,天津卷,present_local,H:\New folder\【新】2008-2024·高考数学真题\【PDF版】2008-2024·高考数学真题\版本2：数学（按省份分类）2008-2024\2008-2024·（天津）数学高考真题\2014年高考数学试卷（文）（天津）（空白卷）.pdf,papers/2014/数学/天津/天津卷/2014_数学_天津_天津卷_原卷.pdf,4
2014,数学,河北,老高考,2021,全国卷,common,新课标全国I卷,present_common,H:\New folder\【新】2008-2024·高考数学真题\【PDF版】2008-2024·高考数学真题\版本2：数学（按省份分类）2008-2024\2008-2024·（河北）数学高考真题\2014年高考数学试卷（文）（新课标Ⅰ）（空白卷）.pdf,papers/2014/数学/全国/新课标全国I卷/2014_数学_河北_新课标全国I卷_原卷.pdf,4
2014,数学,山西,老高考,2025,全国卷,common,新课标全国I卷,present_common,H:\New folder\【新】2008-2024·高考数学真题\【PDF版】2008-2024·高考数学真题\版本2：数学（按省份分类）2008-2024\2008-2024·（山西）数学高考真题\2014年高考数学试卷（文）（新课标Ⅰ）（空白卷）.pdf,papers/2014/数学/全国/新课标全国I卷/2014_数学_山西_新课标全国I卷_原卷.pdf,4
2014,数学,内蒙古,老高考,2025,全国卷,common,新课标全国II卷,present_common,H:\New folder\【新】2008-2024·高考数学真题\【PDF版】2008-2024·高考数学真题\版本2：数学（按省份分类）2008-2024\2008-2024·（内蒙古）数学高考真题\2014年高考数学试卷（文）（新课标Ⅱ）（空白卷）.pdf,papers/2014/数学/全国/新课标全国II卷/2014_数学_内蒙古_新课标全国II卷_原卷.pdf,4
2014,数学,辽宁,老高考,2021,地方/区域卷,local,辽宁卷,present_local,H:\New folder\【新】2008-2024·高考数学真题\【PDF版】2008-2024·高考数学真题\版本2：数学（按省份分类）2008-2024\2008-2024·（辽宁）数学高考真题\2014年高考数学试卷（文）（辽宁）（空白卷）.pdf,papers/2014/数学/辽宁/辽宁卷/2014_数学_辽宁_辽宁卷_原卷.pdf,4
2014,数学,吉林,老高考,2024,全国卷,common,新课标全国II卷,present_common,H:\New folder\【新】2008-2024·高考数学真题\【PDF版】2008-2024·高考数学真题\版本2：数学（按省份分类）2008-2024\2008-2024·（吉林）数学高考真题\2014年高考数学试卷（文）（新课标Ⅱ）（空白卷）.pdf,papers/2014/数学/全国/新课标全国II卷/2014_数学_吉林_新课标全国II卷_原卷.pdf,4
2014,数学,黑龙江,老高考,2024,全国卷,common,新课标全国II卷,present_common,H:\New folder\【新】2008-2024·高考数学真题\【PDF版】2008-2024·高考数学真题\版本2：数学（按省份分类）2008-2024\2008-2024·（黑龙江）数学高考真题\2014年高考数学试卷（文）（新课标Ⅱ）（空白卷）.pdf,papers/2014/数学/全国/新课标全国II卷/2014_数学_黑龙江_新课标全国II卷_原卷.pdf,4
2014,数学,上海,老高考,2017,地方/区域卷,local,上海卷,present_local,H:\New folder\【新】2008-2024·高考数学真题\【PDF版】2008-2024·高考数学真题\版本2：数学（按省份分类）2008-2024\2008-2024·（上海）数学高考真题\2014年高考数学试卷（文）（上海）（空白卷）.pdf,papers/2014/数学/上海/上海卷/2014_数学_上海_上海卷_原卷.pdf,4
2014,数学,江苏,老高考,2021,地方/区域卷,local,江苏卷,present_local,H:\New folder\【新】2008-2024·高考数学真题\【PDF版】2008-2024·高考数学真题\版本2：数学（按省份分类）2008-2024\2008-2024·（江苏）数学高考真题\2014年高考数学试卷（江苏）（空白卷）.pdf,papers/2014/数学/江苏/江苏卷/2014_数学_江苏_江苏卷_原卷.pdf,2
2014,数学,浙江,老高考,2017,地方/区域卷,local,浙江卷,present_local,H:\New folder\【新】2008-2024·高考数学真题\【PDF版】2008-2024·高考数学真题\版本2：数学（按省份分类）2008-2024\2008-2024·（浙江）数学高考真题\2014年高考数学试卷（文）（浙江）（空白卷）.pdf,papers/2014/数学/浙江/浙江卷/2014_数学_浙江_浙江卷_原卷.pdf,4
2014,数学,安徽,老高考,2024,地方/区域卷,local,安徽卷,present_local,H:\New folder\【新】2008-2024·高考数学真题\【PDF版】2008-2024·高考数学真题\版本2：数学（按省份分类）2008-2024\2012-2024·（安徽）数学高考真题\2014年高考数学试卷（文）（安徽）（空白卷）.pdf,papers/2014/数学/安徽/安徽卷/2014_数学_安徽_安徽卷_原卷.pdf,4
2014,数学,福建,老高考,2021,地方/区域卷,local,福建卷,present_local,H:\New folder\【新】2008-2024·高考数学真题\【PDF版】2008-2024·高考数学真题\版本2：数学（按省份分类）2008-2024\2012-2024·（福建）数学高考真题\2014年高考数学试卷（文）（福建）（空白卷）.pdf,papers/2014/数学/福建/福建卷/2014_数学_福建_福建卷_原卷.pdf,4
2014,数学,江西,老高考,2024,地方/区域卷,local,江西卷,present_local,H:\New folder\【新】2008-2024·高考数学真题\【PDF版】2008-2024·高考数学真题\版本2：数学（按省份分类）2008-2024\2008-2024·（江西）数学高考真题\2014年高考数学试卷（文）（江西）（空白卷）.pdf,papers/2014/数学/江西/江西卷/2014_数学_江西_江西卷_原卷.pdf,4
2014,数学,山东,老高考,2020,地方/区域卷,local,山东卷,present_local,H:\New folder\【新】2008-2024·高考数学真题\【PDF版】2008-2024·高考数学真题\版本2：数学（按省份分类）2008-2024\2008-2024·（山东）数学高考真题\2014年高考数学试卷（文）（山东）（空白卷）.pdf,papers/2014/数学/山东/山东卷/2014_数学_山东_山东卷_原卷.pdf,4
2014,数学,河南,老高考,2025,全国卷,common,新课标全国I卷,present_common,H:\New folder\【新】2008-2024·高考数学真题\【PDF版】2008-2024·高考数学真题\版本2：数学（按省份分类）2008-2024\2008-2024·（河南）数学高考真题\2014年高考数学试卷（文）（新课标Ⅰ）（空白卷）.pdf,papers/2014/数学/全国/新课标全国I卷/2014_数学_河南_新课标全国I卷_原卷.pdf,4
2014,数学,湖北,老高考,2021,地方/区域卷,local,湖北卷,present_local,H:\New folder\【新】2008-2024·高考数学真题\【PDF版】2008-2024·高考数学真题\版本2：数学（按省份分类）2008-2024\2012-2024·（湖北）数学高考真题\2014年高考数学试卷（文）（湖北）（空白卷）.pdf,papers/2014/数学/湖北/湖北卷/2014_数学_湖北_湖北卷_原卷.pdf,4
2014,数学,湖南,老高考,2021,地方/区域卷,local,湖南卷,present_local,H:\New folder\【新】2008-2024·高考数学真题\【PDF版】2008-2024·高考数学真题\版本2：数学（按省份分类）2008-2024\2008-2024·（湖南）数学高考真题\2014年高考数学试卷（文）（湖南）（空白卷）.pdf,papers/2014/数学/湖南/湖南卷/2014_数学_湖南_湖南卷_原卷.pdf,4
2014,数学,广东,老高考,2021,地方/区域卷,local,广东卷,present_local,H:\New folder\【新】2008-2024·高考数学真题\【PDF版】2008-2024·高考数学真题\版本2：数学（按省份分类）2008-2024\2008-2024·（广东）数学高考真题\2014年高考数学试卷（文）（广东）（空白卷）.pdf,papers/2014/数学/广东/广东卷/2014_数学_广东_广东卷_原卷.pdf,4
2014,数学,广西,老高考,2024,地方/区域卷,local,广西卷,present_local,H:\New folder\【新】2008-2024·高考数学真题\【PDF版】2008-2024·高考数学真题\版本2：数学（按省份分类）2008-2024\2008-2024·（广西）数学高考真题\2014年高考数学试卷（文）（大纲版）（空白卷）.pdf,papers/2014/数学/广西/广西卷/2014_数学_广西_广西卷_原卷.pdf,4
2014,数学,海南,老高考,2020,全国卷,common,新课标全国II卷,present_common,H:\New folder\【新】2008-2024·高考数学真题\【PDF版】2008-2024·高考数学真题\版本2：数学（按省份分类）2008-2024\2008-2024·（海南）数学高考真题\2014年高考数学试卷（文）（新课标Ⅱ）（空白卷）.pdf,papers/2014/数学/全国/新课标全国II卷/2014_数学_海南_新课标全国II卷_原卷.pdf,4
2014,数学,重庆,老高考,2021,地方/区域卷,local,重庆卷,present_local,H:\New folder\【新】2008-2024·高考数学真题\【PDF版】2008-2024·高考数学真题\版本2：数学（按省份分类）2008-2024\2012-2024·（重庆）数学高考真题\2014年高考数学试卷（文）（重庆自主命题）（空白卷）.pdf,papers/2014/数学/重庆/重庆卷/2014_数学_重庆_重庆卷_原卷.pdf,4
2014,数学,四川,老高考,2025,地方/区域卷,local,四川卷,present_local,H:\New folder\【新】2008-2024·高考数学真题\【PDF版】2008-2024·高考数学真题\版本2：数学（按省份分类）2008-2024\2008-2024·（四川）数学高考真题\2014年高考数学试卷（文）（四川）（空白卷）.pdf,papers/2014/数学/四川/四川卷/2014_数学_四川_四川卷_原卷.pdf,4
2014,数学,贵州,老高考,2024,全国卷,common,新课标全国II卷,present_common,H:\New folder\【新】2008-2024·高考数学真题\【PDF版】2008-2024·高考数学真题\版本2：数学（按省份分类）2008-2024\2008-2024·（贵州）数学高考真题\2014年高考数学试卷（文）（新课标Ⅱ）（空白卷）.pdf,papers/2014/数学/全国/新课标全国II卷/2014_数学_贵州_新课标全国II卷_原卷.pdf,4
2014,数学,云南,老高考,2025,全国卷,common,新课标全国II卷,present_common,H:\New folder\【新】2008-2024·高考数学真题\【PDF版】2008-2024·高考数学真题\版本2：数学（按省份分类）2008-2024\2008-2024·（云南）数学高考真题\2014年高考数学试卷（文）（新课标Ⅱ）（空白卷）.pdf,papers/2014/数学/全国/新课标全国II卷/2014_数学_云南_新课标全国II卷_原卷.pdf,4
2014,数学,西藏,老高考,,全国卷,common,新课标全国II卷,present_common,H:\New folder\【新】2008-2024·高考数学真题\【PDF版】2008-2024·高考数学真题\版本2：数学（按省份分类）2008-2024\2008-2024·（西藏）数学高考真题\2014年高考数学试卷（文）（新课标Ⅱ）（空白卷）.pdf,papers/2014/数学/全国/新课标全国II卷/2014_数学_西藏_新课标全国II卷_原卷.pdf,4
2014,数学,陕西,老高考,2025,地方/区域卷,local,陕西卷,present_local,H:\New folder\【新】2008-2024·高考数学真题\【PDF版】2008-2024·高考数学真题\版本2：数学（按省份分类）2008-2024\2008-2024·（陕西）数学高考真题\2014年高考数学试卷（文）（陕西）（空白卷）.pdf,papers/2014/数学/陕西/陕西卷/2014_数学_陕西_陕西卷_原卷.pdf,4
2014,数学,甘肃,老高考,2024,全国卷,common,新课标全国II卷,present_common,H:\New folder\【新】2008-2024·高考数学真题\【PDF版】2008-2024·高考数学真题\版本2：数学（按省份分类）2008-2024\2008-2024·（甘肃）数学高考真题\2014年高考数学试卷（文）（新课标Ⅱ）（空白卷）.pdf,papers/2014/数学/全国/新课标全国II卷/2014_数学_甘肃_新课标全国II卷_原卷.pdf,4
2014,数学,青海,老高考,2025,全国卷,common,新课标全国II卷,present_common,H:\New folder\【新】2008-2024·高考数学真题\【PDF版】2008-2024·高考数学真题\版本2：数学（按省份分类）2008-2024\2008-2024·（青海）数学高考真题\2014年高考数学试卷（文）（新课标Ⅱ）（空白卷）.pdf,papers/2014/数学/全国/新课标全国II卷/2014_数学_青海_新课标全国II卷_原卷.pdf,4
2014,数学,宁夏,老高考,2025,全国卷,common,新课标全国II卷,present_common,H:\New folder\【新】2008-2024·高考数学真题\【PDF版】2008-2024·高考数学真题\版本2：数学（按省份分类）2008-2024\2008-2024·（宁夏）数学高考真题\2014年高考数学试卷（文）（新课标Ⅱ）（空白卷）.pdf,papers/2014/数学/全国/新课标全国II卷/2014_数学_宁夏_新课标全国II卷_原卷.pdf,4
2014,数学,新疆,老高考,,全国卷,common,新课标全国II卷,present_common,H:\New folder\【新】2008-2024·高考数学真题\【PDF版】2008-2024·高考数学真题\版本2：数学（按省份分类）2008-2024\2008-2024·（新疆）数学高考真题\2014年高考数学试卷（文）（新课标Ⅱ）（空白卷）.pdf,papers/2014/数学/全国/新课标全国II卷/2014_数学_新疆_新课标全国II卷_原卷.pdf,4
2014,英语,北京,老高考,2020,地方/区域卷,local,北京卷,present_local,H:\New folder\【新·PDF版】2008-2024·高考英语真题\版本2：英语（按省份分类）2008-2024\2008-2024·（北京）英语高考真题\2014年高考英语试卷（北京）听力音频.mp3,papers/2014/英语/北京/北京卷/2014_英语_北京_北京卷_原卷.mp3,3
2014,英语,天津,老高考,2020,地方/区域卷,local,天津卷,present_local,H:\New folder\【新·PDF版】2008-2024·高考英语真题\版本2：英语（按省份分类）2008-2024\2008-2023·（天津）英语高考真题\2014年高考英语试卷（天津）（空白卷）.pdf,papers/2014/英语/天津/天津卷/2014_英语_天津_天津卷_原卷.pdf,2
2014,英语,河北,老高考,2021,全国卷,common,新课标全国I卷,present_common,H:\New folder\【新·PDF版】2008-2024·高考英语真题\版本2：英语（按省份分类）2008-2024\2008-2024·（河北）英语高考真题\2014年高考英语试卷（新课标Ⅰ卷）听力音频.mp3,papers/2014/英语/全国/新课标全国I卷/2014_英语_河北_新课标全国I卷_原卷.mp3,3
2014,英语,山西,老高考,2025,全国卷,common,新课标全国I卷,present_common,H:\New folder\【新·PDF版】2008-2024·高考英语真题\版本2：英语（按省份分类）2008-2024\2008-2024·（山西）英语高考真题\2014年高考英语试卷（新课标Ⅰ卷）听力音频.mp3,papers/2014/英语/全国/新课标全国I卷/2014_英语_山西_新课标全国I卷_原卷.mp3,3
2014,英语,内蒙古,老高考,2025,全国卷,common,新课标全国II卷,present_common,H:\New folder\【新·PDF版】2008-2024·高考英语真题\版本2：英语（按省份分类）2008-2024\2008-2024·（内蒙古）英语高考真题\2014年高考英语试卷（新课标Ⅱ卷）听力音频.mp3,papers/2014/英语/全国/新课标全国II卷/2014_英语_内蒙古_新课标全国II卷_原卷.mp3,3
2014,英语,辽宁,老高考,2021,地方/区域卷,local,辽宁卷,present_local,H:\New folder\【新·PDF版】2008-2024·高考英语真题\版本2：英语（按省份分类）2008-2024\2012-2024·（辽宁）英语高考真题\2014年高考英语试卷（辽宁）听力音频.mp3,papers/2014/英语/辽宁/辽宁卷/2014_英语_辽宁_辽宁卷_原卷.mp3,3
2014,英语,吉林,老高考,2024,全国卷,common,新课标全国II卷,present_common,H:\New folder\【新·PDF版】2008-2024·高考英语真题\版本2：英语（按省份分类）2008-2024\2008-2024·（吉林）英语高考真题\2014年高考英语试卷（新课标Ⅱ卷）听力音频.mp3,papers/2014/英语/全国/新课标全国II卷/2014_英语_吉林_新课标全国II卷_原卷.mp3,3
2014,英语,黑龙江,老高考,2024,全国卷,common,新课标全国II卷,present_common,H:\New folder\【新·PDF版】2008-2024·高考英语真题\版本2：英语（按省份分类）2008-2024\2008-2024·（黑龙江）英语高考真题\2014年高考英语试卷（新课标Ⅱ卷）听力音频.mp3,papers/2014/英语/全国/新课标全国II卷/2014_英语_黑龙江_新课标全国II卷_原卷.mp3,3
2014,英语,上海,老高考,2017,地方/区域卷,local,上海卷,present_local,H:\New folder\【新·PDF版】2008-2024·高考英语真题\版本2：英语（按省份分类）2008-2024\2008-2023·（上海）英语高考真题\2014年高考英语试卷（上海）（秋考）听力音频.mp3,papers/2014/英语/上海/上海卷/2014_英语_上海_上海卷_原卷.mp3,3
2014,英语,江苏,老高考,2021,地方/区域卷,local,江苏卷,present_local,H:\New folder\【新·PDF版】2008-2024·高考英语真题\版本2：英语（按省份分类）2008-2024\2008-2024·（江苏）英语高考真题\2014年高考英语试卷（江苏）听力音频.mp3,papers/2014/英语/江苏/江苏卷/2014_英语_江苏_江苏卷_原卷.mp3,3
2014,英语,浙江,老高考,2017,地方/区域卷,local,浙江卷,present_local,H:\New folder\【新·PDF版】2008-2024·高考英语真题\版本2：英语（按省份分类）2008-2024\2008-2024·（浙江）英语高考真题\2014年高考英语试卷（浙江）（空白卷）.pdf,papers/2014/英语/浙江/浙江卷/2014_英语_浙江_浙江卷_原卷.pdf,2
2014,英语,安徽,老高考,2024,地方/区域卷,local,安徽卷,present_local,H:\New folder\【新·PDF版】2008-2024·高考英语真题\版本2：英语（按省份分类）2008-2024\2012-2024·（安徽）英语高考真题\2014年高考英语试卷（安徽）听力音频.mp3,papers/2014/英语/安徽/安徽卷/2014_英语_安徽_安徽卷_原卷.mp3,3
2014,英语,福建,老高考,2021,地方/区域卷,local,福建卷,present_local,H:\New folder\【新·PDF版】2008-2024·高考英语真题\版本2：英语（按省份分类）2008-2024\2012-2024·（福建）英语高考真题\2014年高考英语试卷（福建）听力音频.mp3,papers/2014/英语/福建/福建卷/2014_英语_福建_福建卷_原卷.mp3,3
2014,英语,江西,老高考,2024,地方/区域卷,local,江西卷,present_local,H:\New folder\【新·PDF版】2008-2024·高考英语真题\版本2：英语（按省份分类）2008-2024\2012-2024·（江西）英语高考真题\2014年高考英语试卷（江西）听力音频.mp3,papers/2014/英语/江西/江西卷/2014_英语_江西_江西卷_原卷.mp3,3
2014,英语,山东,老高考,2020,地方/区域卷,local,山东卷,present_local,H:\New folder\【新·PDF版】2008-2024·高考英语真题\版本2：英语（按省份分类）2008-2024\2008-2024·（山东）英语高考真题\2014年高考英语试卷（山东）（空白卷）.pdf,papers/2014/英语/山东/山东卷/2014_英语_山东_山东卷_原卷.pdf,2
2014,英语,河南,老高考,2025,全国卷,common,新课标全国I卷,present_common,H:\New folder\【新·PDF版】2008-2024·高考英语真题\版本2：英语（按省份分类）2008-2024\2008-2024·（河南）英语高考真题\2014年高考英语试卷（新课标Ⅰ卷）听力音频.mp3,papers/2014/英语/全国/新课标全国I卷/2014_英语_河南_新课标全国I卷_原卷.mp3,3
2014,英语,湖北,老高考,2021,地方/区域卷,local,湖北卷,present_local,H:\New folder\【新·PDF版】2008-2024·高考英语真题\版本2：英语（按省份分类）2008-2024\2012-2024·（湖北）英语高考真题\2014年高考英语试卷（湖北）听力音频.mp3,papers/2014/英语/湖北/湖北卷/2014_英语_湖北_湖北卷_原卷.mp3,3
2014,英语,湖南,老高考,2021,地方/区域卷,local,湖南卷,present_local,H:\New folder\【新·PDF版】2008-2024·高考英语真题\版本2：英语（按省份分类）2008-2024\2008-2024·（湖南）英语高考真题\2014年高考英语试卷（湖南）听力音频.mp3,papers/2014/英语/湖南/湖南卷/2014_英语_湖南_湖南卷_原卷.mp3,3
2014,英语,广东,老高考,2021,地方/区域卷,local,广东卷,present_local,H:\New folder\【新·PDF版】2008-2024·高考英语真题\版本2：英语（按省份分类）2008-2024\2008-2024·（广东）英语高考真题\2014年高考英语试卷（广东）（空白卷）.pdf,papers/2014/英语/广东/广东卷/2014_英语_广东_广东卷_原卷.pdf,2
2014,英语,广西,老高考,2024,全国卷,common,新课标全国II卷,present_common,H:\New folder\【新·PDF版】2008-2024·高考英语真题\版本2：英语（按省份分类）2008-2024\2008-2024·（广西）英语高考真题\2014年高考英语试卷（新课标Ⅱ卷）听力音频.mp3,papers/2014/英语/全国/新课标全国II卷/2014_英语_广西_新课标全国II卷_原卷.mp3,3
2014,英语,海南,老高考,2020,全国卷,common,新课标全国II卷,present_common,H:\New folder\【新·PDF版】2008-2024·高考英语真题\版本2：英语（按省份分类）2008-2024\2008-2024·（海南）英语高考真题\2014年高考英语试卷（新课标Ⅱ卷）听力音频.mp3,papers/2014/英语/全国/新课标全国II卷/2014_英语_海南_新课标全国II卷_原卷.mp3,3
2014,英语,重庆,老高考,2021,地方/区域卷,local,重庆卷,present_local,H:\New folder\【新·PDF版】2008-2024·高考英语真题\版本2：英语（按省份分类）2008-2024\2012-2024·（重庆）英语高考真题\2014年高考英语试卷（重庆）（空白卷）.pdf,papers/2014/英语/重庆/重庆卷/2014_英语_重庆_重庆卷_原卷.pdf,2
2014,英语,四川,老高考,2025,地方/区域卷,local,四川卷,present_local,H:\New folder\【新·PDF版】2008-2024·高考英语真题\版本2：英语（按省份分类）2008-2024\2008-2024·（四川）英语高考真题\2014年高考英语试卷（四川）（空白卷）.pdf,papers/2014/英语/四川/四川卷/2014_英语_四川_四川卷_原卷.pdf,2
2014,英语,贵州,老高考,2024,全国卷,common,新课标全国II卷,present_common,H:\New folder\【新·PDF版】2008-2024·高考英语真题\版本2：英语（按省份分类）2008-2024\2008-2024·（贵州）英语高考真题\2014年高考英语试卷（新课标Ⅱ卷）听力音频.mp3,papers/2014/英语/全国/新课标全国II卷/2014_英语_贵州_新课标全国II卷_原卷.mp3,3
2014,英语,云南,老高考,2025,全国卷,common,新课标全国II卷,present_common,H:\New folder\【新·PDF版】2008-2024·高考英语真题\版本2：英语（按省份分类）2008-2024\2008-2024·（云南）英语高考真题\2014年高考英语试卷（新课标Ⅱ卷）听力音频.mp3,papers/2014/英语/全国/新课标全国II卷/2014_英语_云南_新课标全国II卷_原卷.mp3,3
2014,英语,西藏,老高考,,全国卷,common,新课标全国II卷,present_common,H:\New folder\【新·PDF版】2008-2024·高考英语真题\版本2：英语（按省份分类）2008-2024\2008-2024·（西藏）英语高考真题\2014年高考英语试卷（新课标Ⅱ卷）听力音频.mp3,papers/2014/英语/全国/新课标全国II卷/2014_英语_西藏_新课标全国II卷_原卷.mp3,3
2014,英语,陕西,老高考,2025,地方/区域卷,local,陕西卷,present_local,H:\New folder\【新·PDF版】2008-2024·高考英语真题\版本2：英语（按省份分类）2008-2024\2008-2024·（陕西）英语高考真题\2014年高考英语试卷（陕西）（空白卷）.pdf,papers/2014/英语/陕西/陕西卷/2014_英语_陕西_陕西卷_原卷.pdf,2
2014,英语,甘肃,老高考,2024,全国卷,common,新课标全国II卷,present_common,H:\New folder\【新·PDF版】2008-2024·高考英语真题\版本2：英语（按省份分类）2008-2024\2008-2024·（甘肃）英语高考真题\2014年高考英语试卷（新课标Ⅱ卷）听力音频.mp3,papers/2014/英语/全国/新课标全国II卷/2014_英语_甘肃_新课标全国II卷_原卷.mp3,3
2014,英语,青海,老高考,2025,全国卷,common,新课标全国II卷,present_common,H:\New folder\【新·PDF版】2008-2024·高考英语真题\版本2：英语（按省份分类）2008-2024\2008-2024·（青海）英语高考真题\2014年高考英语试卷（新课标Ⅱ卷）听力音频.mp3,papers/2014/英语/全国/新课标全国II卷/2014_英语_青海_新课标全国II卷_原卷.mp3,3
2014,英语,宁夏,老高考,2025,全国卷,common,新课标全国II卷,present_common,H:\New folder\【新·PDF版】2008-2024·高考英语真题\版本2：英语（按省份分类）2008-2024\2008-2024·（宁夏）英语高考真题\2014年高考英语试卷（新课标Ⅱ卷）听力音频.mp3,papers/2014/英语/全国/新课标全国II卷/2014_英语_宁夏_新课标全国II卷_原卷.mp3,3
2014,英语,新疆,老高考,,全国卷,common,新课标全国II卷,present_common,H:\New folder\【新·PDF版】2008-2024·高考英语真题\版本2：英语（按省份分类）2008-2024\2008-2024·（新疆）英语高考真题\2014年高考英语试卷（新课标Ⅱ卷）听力音频.mp3,papers/2014/英语/全国/新课标全国II卷/2014_英语_新疆_新课标全国II卷_原卷.mp3,3
2014,物理,北京,老高考,2020,地方/区域卷,local,北京卷,present_local,H:\New folder\【新·PDF版】2008-2024·高考物理真题\版本2：物理（按省份分类）2008-2024\2008-2024·（北京）物理高考真题\2014年高考物理试卷（北京）（空白卷）.pdf,papers/2014/物理/北京/北京卷/2014_物理_北京_北京卷_原卷.pdf,2
2014,物理,天津,老高考,2020,地方/区域卷,local,天津卷,present_local,H:\New folder\【新·PDF版】2008-2024·高考物理真题\版本2：物理（按省份分类）2008-2024\2008-2023·（天津）物理高考真题\2014年高考物理试卷（天津）（空白卷）.pdf,papers/2014/物理/天津/天津卷/2014_物理_天津_天津卷_原卷.pdf,2
2014,物理,河北,老高考,2021,全国卷,common,新课标全国I卷,present_common,H:\New folder\【新·PDF版】2008-2024·高考物理真题\版本2：物理（按省份分类）2008-2024\2008-2024·（河北）物理高考真题\2014年高考物理试卷（新课标Ⅰ）（空白卷）.pdf,papers/2014/物理/全国/新课标全国I卷/2014_物理_河北_新课标全国I卷_原卷.pdf,2
2014,物理,山西,老高考,2025,全国卷,common,新课标全国I卷,present_common,H:\New folder\【新·PDF版】2008-2024·高考物理真题\版本2：物理（按省份分类）2008-2024\2008-2024·（山西）物理高考真题\2014年高考物理试卷（新课标Ⅰ）（空白卷）.pdf,papers/2014/物理/全国/新课标全国I卷/2014_物理_山西_新课标全国I卷_原卷.pdf,2
2014,物理,内蒙古,老高考,2025,全国卷,common,新课标全国II卷,present_common,H:\New folder\【新·PDF版】2008-2024·高考物理真题\版本2：物理（按省份分类）2008-2024\2008-2024·（内蒙古）物理高考真题\2014年高考物理试卷（新课标Ⅱ）（空白卷）.pdf,papers/2014/物理/全国/新课标全国II卷/2014_物理_内蒙古_新课标全国II卷_原卷.pdf,2
2014,物理,辽宁,老高考,2021,全国卷,common,新课标全国II卷,present_common,H:\New folder\【新·PDF版】2008-2024·高考物理真题\版本2：物理（按省份分类）2008-2024\2010-2024·（辽宁）物理高考真题\2014年高考物理试卷（新课标Ⅱ）（空白卷）.pdf,papers/2014/物理/全国/新课标全国II卷/2014_物理_辽宁_新课标全国II卷_原卷.pdf,2
2014,物理,吉林,老高考,2024,全国卷,common,新课标全国II卷,present_common,H:\New folder\【新·PDF版】2008-2024·高考物理真题\版本2：物理（按省份分类）2008-2024\2008-2024·（吉林）物理高考真题\2014年高考物理试卷（新课标Ⅱ）（空白卷）.pdf,papers/2014/物理/全国/新课标全国II卷/2014_物理_吉林_新课标全国II卷_原卷.pdf,2
2014,物理,黑龙江,老高考,2024,全国卷,common,新课标全国II卷,present_common,H:\New folder\【新·PDF版】2008-2024·高考物理真题\版本2：物理（按省份分类）2008-2024\2008-2024·（黑龙江）物理高考真题\2014年高考物理试卷（新课标Ⅱ）（空白卷）.pdf,papers/2014/物理/全国/新课标全国II卷/2014_物理_黑龙江_新课标全国II卷_原卷.pdf,2
2014,物理,上海,老高考,2017,地方/区域卷,local,上海卷,present_local,H:\New folder\【新·PDF版】2008-2024·高考物理真题\版本2：物理（按省份分类）2008-2024\2008-2024·（上海）物理高考真题\2014年高考物理试卷（上海）（空白卷）.pdf,papers/2014/物理/上海/上海卷/2014_物理_上海_上海卷_原卷.pdf,2
2014,物理,江苏,老高考,2021,地方/区域卷,local,江苏卷,present_local,H:\New folder\【新·PDF版】2008-2024·高考物理真题\版本2：物理（按省份分类）2008-2024\2008-2024·（江苏）物理高考真题\2014年高考物理试卷（江苏）（空白卷）.pdf,papers/2014/物理/江苏/江苏卷/2014_物理_江苏_江苏卷_原卷.pdf,2
2014,物理,浙江,老高考,2017,地方/区域卷,local,浙江卷,present_local,H:\New folder\【新·PDF版】2008-2024·高考物理真题\版本2：物理（按省份分类）2008-2024\2008-2024·（浙江）物理高考真题\2014年高考物理试卷（浙江）（空白卷）.pdf,papers/2014/物理/浙江/浙江卷/2014_物理_浙江_浙江卷_原卷.pdf,2
2014,物理,安徽,老高考,2024,地方/区域卷,local,安徽卷,present_local,H:\New folder\【新·PDF版】2008-2024·高考物理真题\版本2：物理（按省份分类）2008-2024\2012-2024·（安徽）物理高考真题\2014年高考物理试卷（安徽）（空白卷）.pdf,papers/2014/物理/安徽/安徽卷/2014_物理_安徽_安徽卷_原卷.pdf,2
2014,物理,福建,老高考,2021,地方/区域卷,local,福建卷,present_local,H:\New folder\【新·PDF版】2008-2024·高考物理真题\版本2：物理（按省份分类）2008-2024\2012-2023·（福建）物理高考真题\2014年高考物理试卷（福建）（空白卷）.pdf,papers/2014/物理/福建/福建卷/2014_物理_福建_福建卷_原卷.pdf,2
2014,物理,江西,老高考,2024,全国卷,common,新课标全国I卷,present_common,H:\New folder\【新·PDF版】2008-2024·高考物理真题\版本2：物理（按省份分类）2008-2024\2008-2024·（江西）物理高考真题\2014年高考物理试卷（新课标Ⅰ）（空白卷）.pdf,papers/2014/物理/全国/新课标全国I卷/2014_物理_江西_新课标全国I卷_原卷.pdf,2
2014,物理,山东,老高考,2020,地方/区域卷,local,山东卷,present_local,H:\New folder\【新·PDF版】2008-2024·高考物理真题\版本2：物理（按省份分类）2008-2024\2008-2024·（山东）物理高考真题\2014年高考物理试卷（山东）（空白卷）.pdf,papers/2014/物理/山东/山东卷/2014_物理_山东_山东卷_原卷.pdf,2
2014,物理,河南,老高考,2025,全国卷,common,新课标全国I卷,present_common,H:\New folder\【新·PDF版】2008-2024·高考物理真题\版本2：物理（按省份分类）2008-2024\2008-2024·（河南）物理高考真题\2014年高考物理试卷（新课标Ⅰ）（空白卷）.pdf,papers/2014/物理/全国/新课标全国I卷/2014_物理_河南_新课标全国I卷_原卷.pdf,2
2014,物理,湖北,老高考,2021,全国卷,common,新课标全国I卷,present_common,H:\New folder\【新·PDF版】2008-2024·高考物理真题\版本2：物理（按省份分类）2008-2024\2008-2024·（湖北）物理高考真题\2014年高考物理试卷（新课标Ⅰ）（空白卷）.pdf,papers/2014/物理/全国/新课标全国I卷/2014_物理_湖北_新课标全国I卷_原卷.pdf,2
2014,物理,湖南,老高考,2021,全国卷,common,新课标全国I卷,present_common,H:\New folder\【新·PDF版】2008-2024·高考物理真题\版本2：物理（按省份分类）2008-2024\2008-2024·（湖南）物理高考真题\2014年高考物理试卷（新课标Ⅰ）（空白卷）.pdf,papers/2014/物理/全国/新课标全国I卷/2014_物理_湖南_新课标全国I卷_原卷.pdf,2
2014,物理,广东,老高考,2021,地方/区域卷,local,广东卷,present_local,H:\New folder\【新·PDF版】2008-2024·高考物理真题\版本2：物理（按省份分类）2008-2024\2008-2024·（广东）物理高考真题\2014年高考物理试卷（广东）（空白卷）.pdf,papers/2014/物理/广东/广东卷/2014_物理_广东_广东卷_原卷.pdf,2
2014,物理,广西,老高考,2024,地方/区域卷,local,广西卷,present_local,H:\New folder\【新·PDF版】2008-2024·高考物理真题\版本2：物理（按省份分类）2008-2024\2008-2024·（广西）物理高考真题\2014年高考物理试卷（大纲版）（空白卷）.pdf,papers/2014/物理/广西/广西卷/2014_物理_广西_广西卷_原卷.pdf,2
2014,物理,海南,老高考,2020,地方/区域卷,local,海南卷,present_local,H:\New folder\【新·PDF版】2008-2024·高考物理真题\版本2：物理（按省份分类）2008-2024\2008-2024·（海南）物理高考真题\2014年高考物理试卷（海南）（空白卷）.pdf,papers/2014/物理/海南/海南卷/2014_物理_海南_海南卷_原卷.pdf,2
2014,物理,重庆,老高考,2021,地方/区域卷,local,重庆卷,present_local,H:\New folder\【新·PDF版】2008-2024·高考物理真题\版本2：物理（按省份分类）2008-2024\2012-2023·（重庆）物理高考真题\2014年高考物理试卷（重庆）（空白卷）.pdf,papers/2014/物理/重庆/重庆卷/2014_物理_重庆_重庆卷_原卷.pdf,2
2014,物理,四川,老高考,2025,地方/区域卷,local,四川卷,present_local,H:\New folder\【新·PDF版】2008-2024·高考物理真题\版本2：物理（按省份分类）2008-2024\2008-2024·（四川）物理高考真题\2014年高考物理试卷（四川）（空白卷）.pdf,papers/2014/物理/四川/四川卷/2014_物理_四川_四川卷_原卷.pdf,2
2014,物理,贵州,老高考,2024,全国卷,common,新课标全国II卷,present_common,H:\New folder\【新·PDF版】2008-2024·高考物理真题\版本2：物理（按省份分类）2008-2024\2008-2023·（贵州）物理高考真题\2014年高考物理试卷（新课标Ⅱ）（空白卷）.pdf,papers/2014/物理/全国/新课标全国II卷/2014_物理_贵州_新课标全国II卷_原卷.pdf,2
2014,物理,云南,老高考,2025,全国卷,common,新课标全国II卷,present_common,H:\New folder\【新·PDF版】2008-2024·高考物理真题\版本2：物理（按省份分类）2008-2024\2008-2024·（云南）物理高考真题\2014年高考物理试卷（新课标Ⅱ）（空白卷）.pdf,papers/2014/物理/全国/新课标全国II卷/2014_物理_云南_新课标全国II卷_原卷.pdf,2
2014,物理,西藏,老高考,,全国卷,common,新课标全国II卷,present_common,H:\New folder\【新·PDF版】2008-2024·高考物理真题\版本2：物理（按省份分类）2008-2024\2008-2024·（西藏）物理高考真题\2014年高考物理试卷（新课标Ⅱ）（空白卷）.pdf,papers/2014/物理/全国/新课标全国II卷/2014_物理_西藏_新课标全国II卷_原卷.pdf,2
2014,物理,陕西,老高考,2025,全国卷,common,新课标全国II卷,present_common,H:\New folder\【新·PDF版】2008-2024·高考物理真题\版本2：物理（按省份分类）2008-2024\2008-2024·（陕西）物理高考真题\2014年高考物理试卷（新课标Ⅱ）（空白卷）.pdf,papers/2014/物理/全国/新课标全国II卷/2014_物理_陕西_新课标全国II卷_原卷.pdf,2
2014,物理,甘肃,老高考,2024,全国卷,common,新课标全国II卷,present_common,H:\New folder\【新·PDF版】2008-2024·高考物理真题\版本2：物理（按省份分类）2008-2024\2008-2024·（甘肃）物理高考真题\2014年高考物理试卷（新课标Ⅱ）（空白卷）.pdf,papers/2014/物理/全国/新课标全国II卷/2014_物理_甘肃_新课标全国II卷_原卷.pdf,2
2014,物理,青海,老高考,2025,全国卷,common,新课标全国II卷,present_common,H:\New folder\【新·PDF版】2008-2024·高考物理真题\版本2：物理（按省份分类）2008-2024\2008-2024·（青海）物理高考真题\2014年高考物理试卷（新课标Ⅱ）（空白卷）.pdf,papers/2014/物理/全国/新课标全国II卷/2014_物理_青海_新课标全国II卷_原卷.pdf,2
2014,物理,宁夏,老高考,2025,全国卷,common,新课标全国II卷,present_common,H:\New folder\【新·PDF版】2008-2024·高考物理真题\版本2：物理（按省份分类）2008-2024\2010-2024·（宁夏）物理高考真题\2014年高考物理试卷（新课标Ⅱ）（空白卷）.pdf,papers/2014/物理/全国/新课标全国II卷/2014_物理_宁夏_新课标全国II卷_原卷.pdf,2
2014,物理,新疆,老高考,,全国卷,common,新课标全国II卷,present_common,H:\New folder\【新·PDF版】2008-2024·高考物理真题\版本2：物理（按省份分类）2008-2024\2008-2024·（新疆）物理高考真题\2014年高考物理试卷（新课标Ⅱ）（空白卷）.pdf,papers/2014/物理/全国/新课标全国II卷/2014_物理_新疆_新课标全国II卷_原卷.pdf,2
2014,化学,北京,老高考,2020,地方/区域卷,local,北京卷,present_local,H:\New folder\【新·PDF版】2008-2024·高考化学真题\版本2：化学（按省份分类）2008-2024\2008-2024·（北京）化学高考真题\2014年高考化学试卷（北京）（空白卷）.pdf,papers/2014/化学/北京/北京卷/2014_化学_北京_北京卷_原卷.pdf,2
2014,化学,天津,老高考,2020,地方/区域卷,local,天津卷,present_local,H:\New folder\【新·PDF版】2008-2024·高考化学真题\版本2：化学（按省份分类）2008-2024\2008-2023·（天津）化学高考真题\2014年高考化学试卷（天津）（空白卷）.pdf,papers/2014/化学/天津/天津卷/2014_化学_天津_天津卷_原卷.pdf,2
2014,化学,河北,老高考,2021,全国卷,common,新课标全国I卷,present_common,H:\New folder\【新·PDF版】2008-2024·高考化学真题\版本2：化学（按省份分类）2008-2024\2008-2024·（河北）化学高考真题\2014年高考化学试卷（新课标Ⅰ）（空白卷）.pdf,papers/2014/化学/全国/新课标全国I卷/2014_化学_河北_新课标全国I卷_原卷.pdf,2
2014,化学,山西,老高考,2025,全国卷,common,新课标全国I卷,present_common,H:\New folder\【新·PDF版】2008-2024·高考化学真题\版本2：化学（按省份分类）2008-2024\2008-2024·（山西）化学高考真题\2014年高考化学试卷（新课标Ⅰ）（空白卷）.pdf,papers/2014/化学/全国/新课标全国I卷/2014_化学_山西_新课标全国I卷_原卷.pdf,2
2014,化学,内蒙古,老高考,2025,全国卷,common,新课标全国II卷,present_common,H:\New folder\【新·PDF版】2008-2024·高考化学真题\版本2：化学（按省份分类）2008-2024\2008-2024·（内蒙古）化学高考真题\2014年高考化学试卷（新课标Ⅱ）（空白卷）.pdf,papers/2014/化学/全国/新课标全国II卷/2014_化学_内蒙古_新课标全国II卷_原卷.pdf,2
2014,化学,辽宁,老高考,2021,全国卷,common,新课标全国II卷,present_common,H:\New folder\【新·PDF版】2008-2024·高考化学真题\版本2：化学（按省份分类）2008-2024\2010-2024·（辽宁）化学高考真题\2014年高考化学试卷（新课标Ⅱ）（空白卷）.pdf,papers/2014/化学/全国/新课标全国II卷/2014_化学_辽宁_新课标全国II卷_原卷.pdf,2
2014,化学,吉林,老高考,2024,全国卷,common,新课标全国II卷,present_common,H:\New folder\【新·PDF版】2008-2024·高考化学真题\版本2：化学（按省份分类）2008-2024\2008-2024·（吉林）化学高考真题\2014年高考化学试卷（新课标Ⅱ）（空白卷）.pdf,papers/2014/化学/全国/新课标全国II卷/2014_化学_吉林_新课标全国II卷_原卷.pdf,2
2014,化学,黑龙江,老高考,2024,全国卷,common,新课标全国II卷,present_common,H:\New folder\【新·PDF版】2008-2024·高考化学真题\版本2：化学（按省份分类）2008-2024\2008-2024·（黑龙江）化学高考真题\2014年高考化学试卷（新课标Ⅱ）（空白卷）.pdf,papers/2014/化学/全国/新课标全国II卷/2014_化学_黑龙江_新课标全国II卷_原卷.pdf,2
2014,化学,上海,老高考,2017,地方/区域卷,local,上海卷,present_local,H:\New folder\【新·PDF版】2008-2024·高考化学真题\版本2：化学（按省份分类）2008-2024\2008-2024·（上海）化学高考真题\2014年高考化学试卷（上海）（空白卷）.pdf,papers/2014/化学/上海/上海卷/2014_化学_上海_上海卷_原卷.pdf,2
2014,化学,江苏,老高考,2021,地方/区域卷,local,江苏卷,present_local,H:\New folder\【新·PDF版】2008-2024·高考化学真题\版本2：化学（按省份分类）2008-2024\2008-2024·（江苏）化学高考真题\2014年高考化学试卷（江苏）（空白卷）   .pdf,papers/2014/化学/江苏/江苏卷/2014_化学_江苏_江苏卷_原卷.pdf,2
2014,化学,浙江,老高考,2017,地方/区域卷,local,浙江卷,present_local,H:\New folder\【新·PDF版】2008-2024·高考化学真题\版本2：化学（按省份分类）2008-2024\2008-2024·（浙江）化学高考真题\2014年高考化学试卷（浙江）（空白卷）.pdf,papers/2014/化学/浙江/浙江卷/2014_化学_浙江_浙江卷_原卷.pdf,2
2014,化学,安徽,老高考,2024,地方/区域卷,local,安徽卷,present_local,H:\New folder\【新·PDF版】2008-2024·高考化学真题\版本2：化学（按省份分类）2008-2024\2012-2024·（安徽）化学高考真题\2014年高考化学试卷（安徽）（空白卷）.pdf,papers/2014/化学/安徽/安徽卷/2014_化学_安徽_安徽卷_原卷.pdf,2
2014,化学,福建,老高考,2021,地方/区域卷,local,福建卷,present_local,H:\New folder\【新·PDF版】2008-2024·高考化学真题\版本2：化学（按省份分类）2008-2024\2012-2023·（福建）化学高考真题\2014年高考化学试卷（福建）（空白卷）.pdf,papers/2014/化学/福建/福建卷/2014_化学_福建_福建卷_原卷.pdf,2
2014,化学,江西,老高考,2024,全国卷,common,新课标全国I卷,present_common,H:\New folder\【新·PDF版】2008-2024·高考化学真题\版本2：化学（按省份分类）2008-2024\2008-2023·（江西）化学高考真题\2014年高考化学试卷（新课标Ⅰ）（空白卷）.pdf,papers/2014/化学/全国/新课标全国I卷/2014_化学_江西_新课标全国I卷_原卷.pdf,2
2014,化学,山东,老高考,2020,地方/区域卷,local,山东卷,present_local,H:\New folder\【新·PDF版】2008-2024·高考化学真题\版本2：化学（按省份分类）2008-2024\2008-2024·（山东）化学高考真题\2014年高考化学试卷（山东）（空白卷）.pdf,papers/2014/化学/山东/山东卷/2014_化学_山东_山东卷_原卷.pdf,2
2014,化学,河南,老高考,2025,全国卷,common,新课标全国I卷,present_common,H:\New folder\【新·PDF版】2008-2024·高考化学真题\版本2：化学（按省份分类）2008-2024\2008-2024·（河南）化学高考真题\2014年高考化学试卷（新课标Ⅰ）（空白卷）.pdf,papers/2014/化学/全国/新课标全国I卷/2014_化学_河南_新课标全国I卷_原卷.pdf,2
2014,化学,湖北,老高考,2021,全国卷,common,新课标全国I卷,present_common,H:\New folder\【新·PDF版】2008-2024·高考化学真题\版本2：化学（按省份分类）2008-2024\2008-2024·（湖北）化学高考真题\2014年高考化学试卷（新课标Ⅰ）（空白卷）.pdf,papers/2014/化学/全国/新课标全国I卷/2014_化学_湖北_新课标全国I卷_原卷.pdf,2
2014,化学,湖南,老高考,2021,全国卷,common,新课标全国I卷,present_common,H:\New folder\【新·PDF版】2008-2024·高考化学真题\版本2：化学（按省份分类）2008-2024\2008-2024·（湖南）化学高考真题\2014年高考化学试卷（新课标Ⅰ）（空白卷）.pdf,papers/2014/化学/全国/新课标全国I卷/2014_化学_湖南_新课标全国I卷_原卷.pdf,2
2014,化学,广东,老高考,2021,地方/区域卷,local,广东卷,present_local,H:\New folder\【新·PDF版】2008-2024·高考化学真题\版本2：化学（按省份分类）2008-2024\2008-2024·（广东）化学高考真题\2014年高考化学试卷（广东）（空白卷）.pdf,papers/2014/化学/广东/广东卷/2014_化学_广东_广东卷_原卷.pdf,2
2014,化学,广西,老高考,2024,地方/区域卷,local,广西卷,present_local,H:\New folder\【新·PDF版】2008-2024·高考化学真题\版本2：化学（按省份分类）2008-2024\2008-2023·（广西）化学高考真题\2014年高考化学试卷（大纲版）（空白卷）.pdf,papers/2014/化学/广西/广西卷/2014_化学_广西_广西卷_原卷.pdf,2
2014,化学,海南,老高考,2020,地方/区域卷,local,海南卷,present_local,H:\New folder\【新·PDF版】2008-2024·高考化学真题\版本2：化学（按省份分类）2008-2024\2008-2023·（海南）化学高考真题\2014年高考化学试卷（海南）（空白卷）.pdf,papers/2014/化学/海南/海南卷/2014_化学_海南_海南卷_原卷.pdf,2
2014,化学,重庆,老高考,2021,地方/区域卷,local,重庆卷,present_local,H:\New folder\【新·PDF版】2008-2024·高考化学真题\版本2：化学（按省份分类）2008-2024\2012-2023·（重庆）化学高考真题\2014年高考化学试卷（重庆）（空白卷）.pdf,papers/2014/化学/重庆/重庆卷/2014_化学_重庆_重庆卷_原卷.pdf,2
2014,化学,四川,老高考,2025,地方/区域卷,local,四川卷,present_local,H:\New folder\【新·PDF版】2008-2024·高考化学真题\版本2：化学（按省份分类）2008-2024\2008-2024·（四川）化学高考真题\2014年高考化学试卷（四川）（空白卷）.pdf,papers/2014/化学/四川/四川卷/2014_化学_四川_四川卷_原卷.pdf,2
2014,化学,贵州,老高考,2024,全国卷,common,新课标全国II卷,present_common,H:\New folder\【新·PDF版】2008-2024·高考化学真题\版本2：化学（按省份分类）2008-2024\2008-2023·（贵州）化学高考真题\2014年高考化学试卷（新课标Ⅱ）（空白卷）.pdf,papers/2014/化学/全国/新课标全国II卷/2014_化学_贵州_新课标全国II卷_原卷.pdf,2
2014,化学,云南,老高考,2025,全国卷,common,新课标全国II卷,present_common,H:\New folder\【新·PDF版】2008-2024·高考化学真题\版本2：化学（按省份分类）2008-2024\2008-2024·（云南）化学高考真题\2014年高考化学试卷（新课标Ⅱ）（空白卷）.pdf,papers/2014/化学/全国/新课标全国II卷/2014_化学_云南_新课标全国II卷_原卷.pdf,2
2014,化学,西藏,老高考,,全国卷,common,新课标全国II卷,present_common,H:\New folder\【新·PDF版】2008-2024·高考化学真题\版本2：化学（按省份分类）2008-2024\2008-2024·（西藏）化学高考真题\2014年高考化学试卷（新课标Ⅱ）（空白卷）.pdf,papers/2014/化学/全国/新课标全国II卷/2014_化学_西藏_新课标全国II卷_原卷.pdf,2
2014,化学,陕西,老高考,2025,全国卷,common,新课标全国II卷,present_common,H:\New folder\【新·PDF版】2008-2024·高考化学真题\版本2：化学（按省份分类）2008-2024\2008-2024·（陕西）化学高考真题\2014年高考化学试卷（新课标Ⅱ）（空白卷）.pdf,papers/2014/化学/全国/新课标全国II卷/2014_化学_陕西_新课标全国II卷_原卷.pdf,2
2014,化学,甘肃,老高考,2024,全国卷,common,新课标全国II卷,present_common,H:\New folder\【新·PDF版】2008-2024·高考化学真题\版本2：化学（按省份分类）2008-2024\2008-2024·（甘肃）化学高考真题\2014年高考化学试卷（新课标Ⅱ）（空白卷）.pdf,papers/2014/化学/全国/新课标全国II卷/2014_化学_甘肃_新课标全国II卷_原卷.pdf,2
2014,化学,青海,老高考,2025,全国卷,common,新课标全国II卷,present_common,H:\New folder\【新·PDF版】2008-2024·高考化学真题\版本2：化学（按省份分类）2008-2024\2008-2024·（青海）化学高考真题\2014年高考化学试卷（新课标Ⅱ）（空白卷）.pdf,papers/2014/化学/全国/新课标全国II卷/2014_化学_青海_新课标全国II卷_原卷.pdf,2
2014,化学,宁夏,老高考,2025,全国卷,common,新课标全国II卷,present_common,H:\New folder\【新·PDF版】2008-2024·高考化学真题\版本2：化学（按省份分类）2008-2024\2010-2024·（宁夏）化学高考真题\2014年高考化学试卷（新课标Ⅱ）（空白卷）.pdf,papers/2014/化学/全国/新课标全国II卷/2014_化学_宁夏_新课标全国II卷_原卷.pdf,2
2014,化学,新疆,老高考,,全国卷,common,新课标全国II卷,present_common,H:\New folder\【新·PDF版】2008-2024·高考化学真题\版本2：化学（按省份分类）2008-2024\2008-2024·（新疆）化学高考真题\2014年高考化学试卷（新课标Ⅱ）（空白卷）.pdf,papers/2014/化学/全国/新课标全国II卷/2014_化学_新疆_新课标全国II卷_原卷.pdf,2
2014,生物,北京,老高考,2020,地方/区域卷,local,北京卷,present_local,H:\New folder\【新·PDF版】2008-2024·高考生物真题\版本2：生物（按省份分类）2008-2024\2008-2024·（北京）生物高考真题\2014年高考生物试卷（北京）（空白卷）.pdf,papers/2014/生物/北京/北京卷/2014_生物_北京_北京卷_原卷.pdf,2
2014,生物,天津,老高考,2020,地方/区域卷,local,天津卷,present_local,H:\New folder\【新·PDF版】2008-2024·高考生物真题\版本2：生物（按省份分类）2008-2024\2008-2023·（天津）生物高考真题\2014年高考生物试卷（天津）（空白卷）.pdf,papers/2014/生物/天津/天津卷/2014_生物_天津_天津卷_原卷.pdf,2
2014,生物,河北,老高考,2021,全国卷,common,新课标全国I卷,present_common,H:\New folder\【新·PDF版】2008-2024·高考生物真题\版本2：生物（按省份分类）2008-2024\2008-2024·（河北）生物高考真题\2014年高考生物试卷（新课标Ⅰ）（空白卷）.pdf,papers/2014/生物/全国/新课标全国I卷/2014_生物_河北_新课标全国I卷_原卷.pdf,2
2014,生物,山西,老高考,2025,全国卷,common,新课标全国I卷,present_common,H:\New folder\【新·PDF版】2008-2024·高考生物真题\版本2：生物（按省份分类）2008-2024\2008-2024·（山西）生物高考真题\2014年高考生物试卷（新课标Ⅰ）（空白卷）.pdf,papers/2014/生物/全国/新课标全国I卷/2014_生物_山西_新课标全国I卷_原卷.pdf,2
2014,生物,内蒙古,老高考,2025,全国卷,common,新课标全国II卷,present_common,H:\New folder\【新·PDF版】2008-2024·高考生物真题\版本2：生物（按省份分类）2008-2024\2008-2024·（内蒙古）生物高考真题\2014年高考生物试卷（新课标Ⅱ）（空白卷）.pdf,papers/2014/生物/全国/新课标全国II卷/2014_生物_内蒙古_新课标全国II卷_原卷.pdf,2
2014,生物,辽宁,老高考,2021,全国卷,common,新课标全国II卷,present_common,H:\New folder\【新·PDF版】2008-2024·高考生物真题\版本2：生物（按省份分类）2008-2024\2010-2024·（辽宁）生物高考真题\2014年高考生物试卷（新课标Ⅱ）（空白卷）.pdf,papers/2014/生物/全国/新课标全国II卷/2014_生物_辽宁_新课标全国II卷_原卷.pdf,2
2014,生物,吉林,老高考,2024,全国卷,common,新课标全国II卷,present_common,H:\New folder\【新·PDF版】2008-2024·高考生物真题\版本2：生物（按省份分类）2008-2024\2008-2024·（吉林）生物高考真题\2014年高考生物试卷（新课标Ⅱ）（空白卷）.pdf,papers/2014/生物/全国/新课标全国II卷/2014_生物_吉林_新课标全国II卷_原卷.pdf,2
2014,生物,黑龙江,老高考,2024,全国卷,common,新课标全国II卷,present_common,H:\New folder\【新·PDF版】2008-2024·高考生物真题\版本2：生物（按省份分类）2008-2024\2008-2024·（黑龙江）生物高考真题\2014年高考生物试卷（新课标Ⅱ）（空白卷）.pdf,papers/2014/生物/全国/新课标全国II卷/2014_生物_黑龙江_新课标全国II卷_原卷.pdf,2
2014,生物,上海,老高考,2017,地方/区域卷,local,上海卷,present_local,H:\New folder\【新·PDF版】2008-2024·高考生物真题\版本2：生物（按省份分类）2008-2024\2008-2022·（上海）生物高考真题\2014年高考生物试卷（上海）（空白卷）.pdf,papers/2014/生物/上海/上海卷/2014_生物_上海_上海卷_原卷.pdf,2
2014,生物,江苏,老高考,2021,地方/区域卷,local,江苏卷,present_local,H:\New folder\【新·PDF版】2008-2024·高考生物真题\版本2：生物（按省份分类）2008-2024\2008-2023·（江苏）生物高考真题\2014年高考生物试卷（江苏）（空白卷）.pdf,papers/2014/生物/江苏/江苏卷/2014_生物_江苏_江苏卷_原卷.pdf,2
2014,生物,浙江,老高考,2017,地方/区域卷,local,浙江卷,present_local,H:\New folder\【新·PDF版】2008-2024·高考生物真题\版本2：生物（按省份分类）2008-2024\2008-2024·（浙江）生物高考真题\2014年高考生物试卷（浙江）（空白卷）.pdf,papers/2014/生物/浙江/浙江卷/2014_生物_浙江_浙江卷_原卷.pdf,2
2014,生物,安徽,老高考,2024,地方/区域卷,local,安徽卷,present_local,H:\New folder\【新·PDF版】2008-2024·高考生物真题\版本2：生物（按省份分类）2008-2024\2012-2024·（安徽）生物高考真题\2014年高考生物试卷（安徽）（空白卷）.pdf,papers/2014/生物/安徽/安徽卷/2014_生物_安徽_安徽卷_原卷.pdf,2
2014,生物,福建,老高考,2021,地方/区域卷,local,福建卷,present_local,H:\New folder\【新·PDF版】2008-2024·高考生物真题\版本2：生物（按省份分类）2008-2024\2012-2023·（福建）生物高考真题\2014年高考生物试卷（福建）（空白卷）.pdf,papers/2014/生物/福建/福建卷/2014_生物_福建_福建卷_原卷.pdf,2
2014,生物,江西,老高考,2024,全国卷,common,新课标全国I卷,present_common,H:\New folder\【新·PDF版】2008-2024·高考生物真题\版本2：生物（按省份分类）2008-2024\2008-2024·（江西）生物高考真题\2014年高考生物试卷（新课标Ⅰ）（空白卷）.pdf,papers/2014/生物/全国/新课标全国I卷/2014_生物_江西_新课标全国I卷_原卷.pdf,2
2014,生物,山东,老高考,2020,地方/区域卷,local,山东卷,present_local,H:\New folder\【新·PDF版】2008-2024·高考生物真题\版本2：生物（按省份分类）2008-2024\2008-2024·（山东）生物高考真题\2014年高考生物试卷（山东）（空白卷）.pdf,papers/2014/生物/山东/山东卷/2014_生物_山东_山东卷_原卷.pdf,2
2014,生物,河南,老高考,2025,全国卷,common,新课标全国I卷,present_common,H:\New folder\【新·PDF版】2008-2024·高考生物真题\版本2：生物（按省份分类）2008-2024\2008-2024·（河南）生物高考真题\2014年高考生物试卷（新课标Ⅰ）（空白卷）.pdf,papers/2014/生物/全国/新课标全国I卷/2014_生物_河南_新课标全国I卷_原卷.pdf,2
2014,生物,湖北,老高考,2021,全国卷,common,新课标全国I卷,present_common,H:\New folder\【新·PDF版】2008-2024·高考生物真题\版本2：生物（按省份分类）2008-2024\2008-2024·（湖北）生物高考真题\2014年高考生物试卷（新课标Ⅰ）（空白卷）.pdf,papers/2014/生物/全国/新课标全国I卷/2014_生物_湖北_新课标全国I卷_原卷.pdf,2
2014,生物,湖南,老高考,2021,全国卷,common,新课标全国I卷,present_common,H:\New folder\【新·PDF版】2008-2024·高考生物真题\版本2：生物（按省份分类）2008-2024\2008-2024·（湖南）生物高考真题\2014年高考生物试卷（新课标Ⅰ）（空白卷）.pdf,papers/2014/生物/全国/新课标全国I卷/2014_生物_湖南_新课标全国I卷_原卷.pdf,2
2014,生物,广东,老高考,2021,地方/区域卷,local,广东卷,present_local,H:\New folder\【新·PDF版】2008-2024·高考生物真题\版本2：生物（按省份分类）2008-2024\2008-2024·（广东）生物高考真题\2014年高考生物试卷（广东）（空白卷）.pdf,papers/2014/生物/广东/广东卷/2014_生物_广东_广东卷_原卷.pdf,2
2014,生物,广西,老高考,2024,地方/区域卷,local,广西卷,present_local,H:\New folder\【新·PDF版】2008-2024·高考生物真题\版本2：生物（按省份分类）2008-2024\2008-2023·（广西）生物高考真题\2014年高考生物试卷（大纲版）（空白卷）.pdf,papers/2014/生物/广西/广西卷/2014_生物_广西_广西卷_原卷.pdf,2
2014,生物,海南,老高考,2020,地方/区域卷,local,海南卷,present_local,H:\New folder\【新·PDF版】2008-2024·高考生物真题\版本2：生物（按省份分类）2008-2024\2008-2023·（海南）生物高考真题\2014年高考生物试卷（海南）（空白卷）.pdf,papers/2014/生物/海南/海南卷/2014_生物_海南_海南卷_原卷.pdf,2
2014,生物,重庆,老高考,2021,地方/区域卷,local,重庆卷,present_local,H:\New folder\【新·PDF版】2008-2024·高考生物真题\版本2：生物（按省份分类）2008-2024\2012-2023·（重庆）生物高考真题\2014年高考生物试卷（重庆）（空白卷）.pdf,papers/2014/生物/重庆/重庆卷/2014_生物_重庆_重庆卷_原卷.pdf,2
2014,生物,四川,老高考,2025,地方/区域卷,local,四川卷,present_local,H:\New folder\【新·PDF版】2008-2024·高考生物真题\版本2：生物（按省份分类）2008-2024\2008-2024·（四川）生物高考真题\2014年高考生物试卷（四川）（空白卷）.pdf,papers/2014/生物/四川/四川卷/2014_生物_四川_四川卷_原卷.pdf,2
2014,生物,贵州,老高考,2024,全国卷,common,新课标全国II卷,present_common,H:\New folder\【新·PDF版】2008-2024·高考生物真题\版本2：生物（按省份分类）2008-2024\2008-2023·（贵州）生物高考真题\2014年高考生物试卷（新课标Ⅱ）（空白卷）.pdf,papers/2014/生物/全国/新课标全国II卷/2014_生物_贵州_新课标全国II卷_原卷.pdf,2
2014,生物,云南,老高考,2025,全国卷,common,新课标全国II卷,present_common,H:\New folder\【新·PDF版】2008-2024·高考生物真题\版本2：生物（按省份分类）2008-2024\2008-2024·（云南）生物高考真题\2014年高考生物试卷（新课标Ⅱ）（空白卷）.pdf,papers/2014/生物/全国/新课标全国II卷/2014_生物_云南_新课标全国II卷_原卷.pdf,2
2014,生物,西藏,老高考,,全国卷,common,新课标全国II卷,present_common,H:\New folder\【新·PDF版】2008-2024·高考生物真题\版本2：生物（按省份分类）2008-2024\2008-2024·（西藏）生物高考真题\2014年高考生物试卷（新课标Ⅱ）（空白卷）.pdf,papers/2014/生物/全国/新课标全国II卷/2014_生物_西藏_新课标全国II卷_原卷.pdf,2
2014,生物,陕西,老高考,2025,全国卷,common,新课标全国II卷,present_common,H:\New folder\【新·PDF版】2008-2024·高考生物真题\版本2：生物（按省份分类）2008-2024\2008-2024·（陕西）生物高考真题\2014年高考生物试卷（新课标Ⅱ）（空白卷）.pdf,papers/2014/生物/全国/新课标全国II卷/2014_生物_陕西_新课标全国II卷_原卷.pdf,2
2014,生物,甘肃,老高考,2024,全国卷,common,新课标全国II卷,present_common,H:\New folder\【新·PDF版】2008-2024·高考生物真题\版本2：生物（按省份分类）2008-2024\2008-2024·（甘肃）生物高考真题\2014年高考生物试卷（新课标Ⅱ）（空白卷）.pdf,papers/2014/生物/全国/新课标全国II卷/2014_生物_甘肃_新课标全国II卷_原卷.pdf,2
2014,生物,青海,老高考,2025,全国卷,common,新课标全国II卷,present_common,H:\New folder\【新·PDF版】2008-2024·高考生物真题\版本2：生物（按省份分类）2008-2024\2008-2024·（青海）生物高考真题\2014年高考生物试卷（新课标Ⅱ）（空白卷）.pdf,papers/2014/生物/全国/新课标全国II卷/2014_生物_青海_新课标全国II卷_原卷.pdf,2
2014,生物,宁夏,老高考,2025,全国卷,common,新课标全国II卷,present_common,H:\New folder\【新·PDF版】2008-2024·高考生物真题\版本2：生物（按省份分类）2008-2024\2010-2024·（宁夏）生物高考真题\2014年高考生物试卷（新课标Ⅱ）（空白卷）.pdf,papers/2014/生物/全国/新课标全国II卷/2014_生物_宁夏_新课标全国II卷_原卷.pdf,2
2014,生物,新疆,老高考,,全国卷,common,新课标全国II卷,present_common,H:\New folder\【新·PDF版】2008-2024·高考生物真题\版本2：生物（按省份分类）2008-2024\2008-2024·（新疆）生物高考真题\2014年高考生物试卷（新课标Ⅱ）（空白卷）.pdf,papers/2014/生物/全国/新课标全国II卷/2014_生物_新疆_新课标全国II卷_原卷.pdf,2
2014,政治,北京,老高考,2020,地方/区域卷,local,北京卷,present_local,H:\New folder\【新·PDF版】2008-2024·高考政治真题\版本2：政治（按省份分类）2008-2024\2008-2024·（北京）政治高考真题\2014年高考政治试卷（北京）（空白卷）.pdf,papers/2014/政治/北京/北京卷/2014_政治_北京_北京卷_原卷.pdf,2
2014,政治,天津,老高考,2020,地方/区域卷,local,天津卷,present_local,H:\New folder\【新·PDF版】2008-2024·高考政治真题\版本2：政治（按省份分类）2008-2024\2008-2023·（天津）政治高考真题\2014年高考政治试卷（天津）（空白卷）.pdf,papers/2014/政治/天津/天津卷/2014_政治_天津_天津卷_原卷.pdf,2
2014,政治,河北,老高考,2021,全国卷,common,新课标全国I卷,present_common,H:\New folder\【新·PDF版】2008-2024·高考政治真题\版本2：政治（按省份分类）2008-2024\2008-2021_2023·（河北）政治高考真题\2014年高考政治试卷（新课标Ⅰ）（空白卷）.pdf,papers/2014/政治/全国/新课标全国I卷/2014_政治_河北_新课标全国I卷_原卷.pdf,2
2014,政治,山西,老高考,2025,全国卷,common,新课标全国I卷,present_common,H:\New folder\【新·PDF版】2008-2024·高考政治真题\版本2：政治（按省份分类）2008-2024\2008-2024·（山西）政治高考真题\2014年高考政治试卷（新课标Ⅰ）（空白卷）.pdf,papers/2014/政治/全国/新课标全国I卷/2014_政治_山西_新课标全国I卷_原卷.pdf,2
2014,政治,内蒙古,老高考,2025,全国卷,common,新课标全国II卷,present_common,H:\New folder\【新·PDF版】2008-2024·高考政治真题\版本2：政治（按省份分类）2008-2024\2008-2023·（内蒙古）政治高考真题\2014年高考政治试卷（新课标Ⅱ）（空白卷）.pdf,papers/2014/政治/全国/新课标全国II卷/2014_政治_内蒙古_新课标全国II卷_原卷.pdf,2
2014,政治,辽宁,老高考,2021,全国卷,common,新课标全国II卷,present_common,H:\New folder\【新·PDF版】2008-2024·高考政治真题\版本2：政治（按省份分类）2008-2024\2010-2024·（辽宁）政治高考真题\2014年高考政治试卷（新课标Ⅱ）（空白卷）.pdf,papers/2014/政治/全国/新课标全国II卷/2014_政治_辽宁_新课标全国II卷_原卷.pdf,2
2014,政治,吉林,老高考,2024,全国卷,common,新课标全国II卷,present_common,H:\New folder\【新·PDF版】2008-2024·高考政治真题\版本2：政治（按省份分类）2008-2024\2008-2024·（吉林）政治高考真题\2014年高考政治试卷（新课标Ⅱ）（空白卷）.pdf,papers/2014/政治/全国/新课标全国II卷/2014_政治_吉林_新课标全国II卷_原卷.pdf,2
2014,政治,黑龙江,老高考,2024,全国卷,common,新课标全国II卷,present_common,H:\New folder\【新·PDF版】2008-2024·高考政治真题\版本2：政治（按省份分类）2008-2024\2008-2024·（黑龙江）政治高考真题\2014年高考政治试卷（新课标Ⅱ）（空白卷）.pdf,papers/2014/政治/全国/新课标全国II卷/2014_政治_黑龙江_新课标全国II卷_原卷.pdf,2
2014,政治,上海,老高考,2017,地方/区域卷,local,上海卷,present_local,H:\New folder\【新·PDF版】2008-2024·高考政治真题\版本2：政治（按省份分类）2008-2024\2008-2017·（上海）政治高考真题\2014年高考政治试卷（上海）（空白卷）.pdf,papers/2014/政治/上海/上海卷/2014_政治_上海_上海卷_原卷.pdf,2
2014,政治,江苏,老高考,2021,地方/区域卷,local,江苏卷,present_local,H:\New folder\【新·PDF版】2008-2024·高考政治真题\版本2：政治（按省份分类）2008-2024\2008-2023·（江苏）政治高考真题\2014年高考政治试卷（江苏）（空白卷）.pdf,papers/2014/政治/江苏/江苏卷/2014_政治_江苏_江苏卷_原卷.pdf,2
2014,政治,浙江,老高考,2017,地方/区域卷,local,浙江卷,present_local,H:\New folder\【新·PDF版】2008-2024·高考政治真题\版本2：政治（按省份分类）2008-2024\2008-2024·（浙江）政治高考真题\2014年高考政治试卷（浙江）（空白卷）.pdf,papers/2014/政治/浙江/浙江卷/2014_政治_浙江_浙江卷_原卷.pdf,2
2014,政治,安徽,老高考,2024,地方/区域卷,local,安徽卷,present_local,H:\New folder\【新·PDF版】2008-2024·高考政治真题\版本2：政治（按省份分类）2008-2024\2012-2024·（安徽）政治高考真题\2014年高考政治试卷（安徽）（空白卷）.pdf,papers/2014/政治/安徽/安徽卷/2014_政治_安徽_安徽卷_原卷.pdf,2
2014,政治,福建,老高考,2021,地方/区域卷,local,福建卷,present_local,H:\New folder\【新·PDF版】2008-2024·高考政治真题\版本2：政治（按省份分类）2008-2024\2012-2023·（福建）政治高考真题\2014年高考政治试卷（福建）（空白卷）.pdf,papers/2014/政治/福建/福建卷/2014_政治_福建_福建卷_原卷.pdf,2
2014,政治,江西,老高考,2024,全国卷,common,新课标全国I卷,present_common,H:\New folder\【新·PDF版】2008-2024·高考政治真题\版本2：政治（按省份分类）2008-2024\2008-2023·（江西）政治高考真题\2014年高考政治试卷（新课标Ⅰ）（空白卷）.pdf,papers/2014/政治/全国/新课标全国I卷/2014_政治_江西_新课标全国I卷_原卷.pdf,2
2014,政治,山东,老高考,2020,地方/区域卷,local,山东卷,present_local,H:\New folder\【新·PDF版】2008-2024·高考政治真题\版本2：政治（按省份分类）2008-2024\2008-2024·（山东）政治高考真题\2014年高考政治试卷（山东）（空白卷）.pdf,papers/2014/政治/山东/山东卷/2014_政治_山东_山东卷_原卷.pdf,2
2014,政治,河南,老高考,2025,全国卷,common,新课标全国I卷,present_common,H:\New folder\【新·PDF版】2008-2024·高考政治真题\版本2：政治（按省份分类）2008-2024\2008-2024·（河南）政治高考真题\2014年高考政治试卷（新课标Ⅰ）（空白卷）.pdf,papers/2014/政治/全国/新课标全国I卷/2014_政治_河南_新课标全国I卷_原卷.pdf,2
2014,政治,湖北,老高考,2021,全国卷,common,新课标全国I卷,present_common,H:\New folder\【新·PDF版】2008-2024·高考政治真题\版本2：政治（按省份分类）2008-2024\2008-2024·（湖北）政治高考真题\2014年高考政治试卷（新课标Ⅰ）（空白卷）.pdf,papers/2014/政治/全国/新课标全国I卷/2014_政治_湖北_新课标全国I卷_原卷.pdf,2
2014,政治,湖南,老高考,2021,全国卷,common,新课标全国I卷,present_common,H:\New folder\【新·PDF版】2008-2024·高考政治真题\版本2：政治（按省份分类）2008-2024\2008-2024·（湖南）政治高考真题\2014年高考政治试卷（新课标Ⅰ）（空白卷）.pdf,papers/2014/政治/全国/新课标全国I卷/2014_政治_湖南_新课标全国I卷_原卷.pdf,2
2014,政治,广东,老高考,2021,地方/区域卷,local,广东卷,present_local,H:\New folder\【新·PDF版】2008-2024·高考政治真题\版本2：政治（按省份分类）2008-2024\2008-2024·（广东）政治高考真题\2014年高考政治试卷（广东）（空白卷）.pdf,papers/2014/政治/广东/广东卷/2014_政治_广东_广东卷_原卷.pdf,2
2014,政治,广西,老高考,2024,地方/区域卷,local,广西卷,present_local,H:\New folder\【新·PDF版】2008-2024·高考政治真题\版本2：政治（按省份分类）2008-2024\2008-2023·（广西）政治高考真题\2014年高考政治试卷（大纲版）（空白卷）.pdf,papers/2014/政治/广西/广西卷/2014_政治_广西_广西卷_原卷.pdf,4
2014,政治,海南,老高考,2020,地方/区域卷,local,海南卷,present_local,H:\New folder\【新·PDF版】2008-2024·高考政治真题\版本2：政治（按省份分类）2008-2024\2008-2023·（海南）政治高考真题\2014年高考政治试卷（海南）（空白卷）.pdf,papers/2014/政治/海南/海南卷/2014_政治_海南_海南卷_原卷.pdf,2
2014,政治,重庆,老高考,2021,地方/区域卷,local,重庆卷,present_local,H:\New folder\【新·PDF版】2008-2024·高考政治真题\版本2：政治（按省份分类）2008-2024\2012-2020_2022-2023·（重庆）政治高考真题\2014年高考政治试卷（重庆）（空白卷）.pdf,papers/2014/政治/重庆/重庆卷/2014_政治_重庆_重庆卷_原卷.pdf,2
2014,政治,四川,老高考,2025,地方/区域卷,local,四川卷,present_local,H:\New folder\【新·PDF版】2008-2024·高考政治真题\版本2：政治（按省份分类）2008-2024\2008-2023·（四川）政治高考真题\2014年高考政治试卷（四川）（空白卷）.pdf,papers/2014/政治/四川/四川卷/2014_政治_四川_四川卷_原卷.pdf,2
2014,政治,贵州,老高考,2024,全国卷,common,新课标全国II卷,present_common,H:\New folder\【新·PDF版】2008-2024·高考政治真题\版本2：政治（按省份分类）2008-2024\2008-2023·（贵州）政治高考真题\2014年高考政治试卷（新课标Ⅱ）（空白卷）.pdf,papers/2014/政治/全国/新课标全国II卷/2014_政治_贵州_新课标全国II卷_原卷.pdf,2
2014,政治,云南,老高考,2025,全国卷,common,新课标全国II卷,present_common,H:\New folder\【新·PDF版】2008-2024·高考政治真题\版本2：政治（按省份分类）2008-2024\2008-2024·（云南）政治高考真题\2014年高考政治试卷（新课标Ⅱ）（空白卷）.pdf,papers/2014/政治/全国/新课标全国II卷/2014_政治_云南_新课标全国II卷_原卷.pdf,2
2014,政治,西藏,老高考,,全国卷,common,新课标全国II卷,present_common,H:\New folder\【新·PDF版】2008-2024·高考政治真题\版本2：政治（按省份分类）2008-2024\2008-2024·（西藏）政治高考真题\2014年高考政治试卷（新课标Ⅱ）（空白卷）.pdf,papers/2014/政治/全国/新课标全国II卷/2014_政治_西藏_新课标全国II卷_原卷.pdf,2
2014,政治,陕西,老高考,2025,全国卷,common,新课标全国II卷,present_common,H:\New folder\【新·PDF版】2008-2024·高考政治真题\版本2：政治（按省份分类）2008-2024\2008-2023·（陕西）政治高考真题\2014年高考政治试卷（新课标Ⅱ）（空白卷）.pdf,papers/2014/政治/全国/新课标全国II卷/2014_政治_陕西_新课标全国II卷_原卷.pdf,2
2014,政治,甘肃,老高考,2024,全国卷,common,新课标全国II卷,present_common,H:\New folder\【新·PDF版】2008-2024·高考政治真题\版本2：政治（按省份分类）2008-2024\2008-2023·（甘肃）政治高考真题\2014年高考政治试卷（新课标Ⅱ）（空白卷）.pdf,papers/2014/政治/全国/新课标全国II卷/2014_政治_甘肃_新课标全国II卷_原卷.pdf,2
2014,政治,青海,老高考,2025,全国卷,common,新课标全国II卷,present_common,H:\New folder\【新·PDF版】2008-2024·高考政治真题\版本2：政治（按省份分类）2008-2024\2008-2023·（青海）政治高考真题\2014年高考政治试卷（新课标Ⅱ）（空白卷）.pdf,papers/2014/政治/全国/新课标全国II卷/2014_政治_青海_新课标全国II卷_原卷.pdf,2
2014,政治,宁夏,老高考,2025,全国卷,common,新课标全国II卷,present_common,H:\New folder\【新·PDF版】2008-2024·高考政治真题\版本2：政治（按省份分类）2008-2024\2010-2023·（宁夏）政治高考真题\2014年高考政治试卷（新课标Ⅱ）（空白卷）.pdf,papers/2014/政治/全国/新课标全国II卷/2014_政治_宁夏_新课标全国II卷_原卷.pdf,2
2014,政治,新疆,老高考,,全国卷,common,新课标全国II卷,present_common,H:\New folder\【新·PDF版】2008-2024·高考政治真题\版本2：政治（按省份分类）2008-2024\2008-2024·（新疆）政治高考真题\2014年高考政治试卷（新课标Ⅱ）（空白卷）.pdf,papers/2014/政治/全国/新课标全国II卷/2014_政治_新疆_新课标全国II卷_原卷.pdf,2
2014,历史,北京,老高考,2020,地方/区域卷,local,北京卷,present_local,H:\New folder\【新·PDF版】2008-2024·高考历史真题\版本2：历史（按省份分类）2008-2024\2008-2024·（北京）历史高考真题\2014年高考历史试卷（北京）（空白卷）.pdf,papers/2014/历史/北京/北京卷/2014_历史_北京_北京卷_原卷.pdf,2
2014,历史,天津,老高考,2020,地方/区域卷,local,天津卷,present_local,H:\New folder\【新·PDF版】2008-2024·高考历史真题\版本2：历史（按省份分类）2008-2024\2008-2023·（天津）历史高考真题\2014年高考历史试卷（天津）（空白卷）.pdf,papers/2014/历史/天津/天津卷/2014_历史_天津_天津卷_原卷.pdf,2
2014,历史,河北,老高考,2021,全国卷,common,新课标全国I卷,present_common,H:\New folder\【新·PDF版】2008-2024·高考历史真题\版本2：历史（按省份分类）2008-2024\2008-2023·（河北）历史高考真题\2014年高考历史试卷（新课标Ⅰ）（空白卷）.pdf,papers/2014/历史/全国/新课标全国I卷/2014_历史_河北_新课标全国I卷_原卷.pdf,2
2014,历史,山西,老高考,2025,全国卷,common,新课标全国I卷,present_common,H:\New folder\【新·PDF版】2008-2024·高考历史真题\版本2：历史（按省份分类）2008-2024\2008-2024·（山西）历史高考真题\2014年高考历史试卷（新课标Ⅰ）（空白卷）.pdf,papers/2014/历史/全国/新课标全国I卷/2014_历史_山西_新课标全国I卷_原卷.pdf,2
2014,历史,内蒙古,老高考,2025,全国卷,common,新课标全国II卷,present_common,H:\New folder\【新·PDF版】2008-2024·高考历史真题\版本2：历史（按省份分类）2008-2024\2008-2024·（内蒙古）历史高考真题\2014年高考历史试卷（新课标Ⅱ）（空白卷）.pdf,papers/2014/历史/全国/新课标全国II卷/2014_历史_内蒙古_新课标全国II卷_原卷.pdf,2
2014,历史,辽宁,老高考,2021,全国卷,common,新课标全国II卷,present_common,H:\New folder\【新·PDF版】2008-2024·高考历史真题\版本2：历史（按省份分类）2008-2024\2010-2024·（辽宁）历史高考真题\2014年高考历史试卷（新课标Ⅱ）（空白卷）.pdf,papers/2014/历史/全国/新课标全国II卷/2014_历史_辽宁_新课标全国II卷_原卷.pdf,2
2014,历史,吉林,老高考,2024,全国卷,common,新课标全国II卷,present_common,H:\New folder\【新·PDF版】2008-2024·高考历史真题\版本2：历史（按省份分类）2008-2024\2008-2024·（吉林）历史高考真题\2014年高考历史试卷（新课标Ⅱ）（空白卷）.pdf,papers/2014/历史/全国/新课标全国II卷/2014_历史_吉林_新课标全国II卷_原卷.pdf,2
2014,历史,黑龙江,老高考,2024,全国卷,common,新课标全国II卷,present_common,H:\New folder\【新·PDF版】2008-2024·高考历史真题\版本2：历史（按省份分类）2008-2024\2008-2024·（黑龙江）历史高考真题\2014年高考历史试卷（新课标Ⅱ）（空白卷）.pdf,papers/2014/历史/全国/新课标全国II卷/2014_历史_黑龙江_新课标全国II卷_原卷.pdf,2
2014,历史,上海,老高考,2017,地方/区域卷,local,上海卷,present_local,"H:\New folder\【新·PDF版】2008-2024·高考历史真题\版本2：历史（按省份分类）2008-2024\2008-2017_2019,2024·（上海）历史高考真题\2014年高考历史试卷（上海）（空白卷）.pdf",papers/2014/历史/上海/上海卷/2014_历史_上海_上海卷_原卷.pdf,2
2014,历史,江苏,老高考,2021,地方/区域卷,local,江苏卷,present_local,H:\New folder\【新·PDF版】2008-2024·高考历史真题\版本2：历史（按省份分类）2008-2024\2008-2024·（江苏）历史高考真题\2014年高考历史试卷（江苏）（空白卷）   .pdf,papers/2014/历史/江苏/江苏卷/2014_历史_江苏_江苏卷_原卷.pdf,2
2014,历史,浙江,老高考,2017,地方/区域卷,local,浙江卷,present_local,H:\New folder\【新·PDF版】2008-2024·高考历史真题\版本2：历史（按省份分类）2008-2024\2008-2024·（浙江）历史高考真题\2014年高考历史试卷（浙江）（空白卷）.pdf,papers/2014/历史/浙江/浙江卷/2014_历史_浙江_浙江卷_原卷.pdf,2
2014,历史,安徽,老高考,2024,地方/区域卷,local,安徽卷,present_local,H:\New folder\【新·PDF版】2008-2024·高考历史真题\版本2：历史（按省份分类）2008-2024\2012-2024·（安徽）历史高考真题\2014年高考历史试卷（安徽）（空白卷）.pdf,papers/2014/历史/安徽/安徽卷/2014_历史_安徽_安徽卷_原卷.pdf,2
2014,历史,福建,老高考,2021,地方/区域卷,local,福建卷,present_local,H:\New folder\【新·PDF版】2008-2024·高考历史真题\版本2：历史（按省份分类）2008-2024\2012-2023·（福建）历史高考真题\2014年高考历史试卷（福建）（空白卷）.pdf,papers/2014/历史/福建/福建卷/2014_历史_福建_福建卷_原卷.pdf,2
2014,历史,江西,老高考,2024,全国卷,common,新课标全国I卷,present_common,H:\New folder\【新·PDF版】2008-2024·高考历史真题\版本2：历史（按省份分类）2008-2024\2008-2023·（江西）历史高考真题\2014年高考历史试卷（新课标Ⅰ）（空白卷）.pdf,papers/2014/历史/全国/新课标全国I卷/2014_历史_江西_新课标全国I卷_原卷.pdf,2
2014,历史,山东,老高考,2020,地方/区域卷,local,山东卷,present_local,H:\New folder\【新·PDF版】2008-2024·高考历史真题\版本2：历史（按省份分类）2008-2024\2008-2024·（山东）历史高考真题\2014年高考历史试卷（山东）（空白卷）.pdf,papers/2014/历史/山东/山东卷/2014_历史_山东_山东卷_原卷.pdf,2
2014,历史,河南,老高考,2025,全国卷,common,新课标全国I卷,present_common,H:\New folder\【新·PDF版】2008-2024·高考历史真题\版本2：历史（按省份分类）2008-2024\2008-2024·（河南）历史高考真题\2014年高考历史试卷（新课标Ⅰ）（空白卷）.pdf,papers/2014/历史/全国/新课标全国I卷/2014_历史_河南_新课标全国I卷_原卷.pdf,2
2014,历史,湖北,老高考,2021,全国卷,common,新课标全国I卷,present_common,H:\New folder\【新·PDF版】2008-2024·高考历史真题\版本2：历史（按省份分类）2008-2024\2008-2024·（湖北）历史高考真题\2014年高考历史试卷（新课标Ⅰ）（空白卷）.pdf,papers/2014/历史/全国/新课标全国I卷/2014_历史_湖北_新课标全国I卷_原卷.pdf,2
2014,历史,湖南,老高考,2021,全国卷,common,新课标全国I卷,present_common,H:\New folder\【新·PDF版】2008-2024·高考历史真题\版本2：历史（按省份分类）2008-2024\2008-2024·（湖南）历史高考真题\2014年高考历史试卷（新课标Ⅰ）（空白卷）.pdf,papers/2014/历史/全国/新课标全国I卷/2014_历史_湖南_新课标全国I卷_原卷.pdf,2
2014,历史,广东,老高考,2021,地方/区域卷,local,广东卷,present_local,H:\New folder\【新·PDF版】2008-2024·高考历史真题\版本2：历史（按省份分类）2008-2024\2008-2024·（广东）历史高考真题\2014年高考历史试卷（广东）（空白卷）.pdf,papers/2014/历史/广东/广东卷/2014_历史_广东_广东卷_原卷.pdf,2
2014,历史,广西,老高考,2024,地方/区域卷,local,广西卷,present_local,H:\New folder\【新·PDF版】2008-2024·高考历史真题\版本2：历史（按省份分类）2008-2024\2008-2023·（广西）历史高考真题\2014年高考历史试卷（大纲版）（空白卷）.pdf,papers/2014/历史/广西/广西卷/2014_历史_广西_广西卷_原卷.pdf,2
2014,历史,海南,老高考,2020,地方/区域卷,local,海南卷,present_local,H:\New folder\【新·PDF版】2008-2024·高考历史真题\版本2：历史（按省份分类）2008-2024\2008-2023·（海南）历史高考真题\2014年高考历史试卷（海南）（空白卷）.pdf,papers/2014/历史/海南/海南卷/2014_历史_海南_海南卷_原卷.pdf,2
2014,历史,重庆,老高考,2021,地方/区域卷,local,重庆卷,present_local,H:\New folder\【新·PDF版】2008-2024·高考历史真题\版本2：历史（按省份分类）2008-2024\2012-2024·（重庆）历史高考真题\2014年高考历史试卷（重庆）（空白卷）.pdf,papers/2014/历史/重庆/重庆卷/2014_历史_重庆_重庆卷_原卷.pdf,2
2014,历史,四川,老高考,2025,地方/区域卷,local,四川卷,present_local,H:\New folder\【新·PDF版】2008-2024·高考历史真题\版本2：历史（按省份分类）2008-2024\2008-2024·（四川）历史高考真题\2014年高考历史试卷（四川）（空白卷）.pdf,papers/2014/历史/四川/四川卷/2014_历史_四川_四川卷_原卷.pdf,2
2014,历史,贵州,老高考,2024,全国卷,common,新课标全国II卷,present_common,H:\New folder\【新·PDF版】2008-2024·高考历史真题\版本2：历史（按省份分类）2008-2024\2008-2023·（贵州）历史高考真题\2014年高考历史试卷（新课标Ⅱ）（空白卷）.pdf,papers/2014/历史/全国/新课标全国II卷/2014_历史_贵州_新课标全国II卷_原卷.pdf,2
2014,历史,云南,老高考,2025,全国卷,common,新课标全国II卷,present_common,H:\New folder\【新·PDF版】2008-2024·高考历史真题\版本2：历史（按省份分类）2008-2024\2008-2024·（云南）历史高考真题\2014年高考历史试卷（新课标Ⅱ）（空白卷）.pdf,papers/2014/历史/全国/新课标全国II卷/2014_历史_云南_新课标全国II卷_原卷.pdf,2
2014,历史,西藏,老高考,,全国卷,common,新课标全国II卷,present_common,H:\New folder\【新·PDF版】2008-2024·高考历史真题\版本2：历史（按省份分类）2008-2024\2008-2024·（西藏）历史高考真题\2014年高考历史试卷（新课标Ⅱ）（空白卷）.pdf,papers/2014/历史/全国/新课标全国II卷/2014_历史_西藏_新课标全国II卷_原卷.pdf,2
2014,历史,陕西,老高考,2025,全国卷,common,新课标全国II卷,present_common,H:\New folder\【新·PDF版】2008-2024·高考历史真题\版本2：历史（按省份分类）2008-2024\2008-2024·（陕西）历史高考真题\2014年高考历史试卷（新课标Ⅱ）（空白卷）.pdf,papers/2014/历史/全国/新课标全国II卷/2014_历史_陕西_新课标全国II卷_原卷.pdf,2
2014,历史,甘肃,老高考,2024,全国卷,common,新课标全国II卷,present_common,H:\New folder\【新·PDF版】2008-2024·高考历史真题\版本2：历史（按省份分类）2008-2024\2008-2024·（甘肃）历史高考真题\2014年高考历史试卷（新课标Ⅱ）（空白卷）.pdf,papers/2014/历史/全国/新课标全国II卷/2014_历史_甘肃_新课标全国II卷_原卷.pdf,2
2014,历史,青海,老高考,2025,全国卷,common,新课标全国II卷,present_common,H:\New folder\【新·PDF版】2008-2024·高考历史真题\版本2：历史（按省份分类）2008-2024\2008-2024·（青海）历史高考真题\2014年高考历史试卷（新课标Ⅱ）（空白卷）.pdf,papers/2014/历史/全国/新课标全国II卷/2014_历史_青海_新课标全国II卷_原卷.pdf,2
2014,历史,宁夏,老高考,2025,全国卷,common,新课标全国II卷,present_common,H:\New folder\【新·PDF版】2008-2024·高考历史真题\版本2：历史（按省份分类）2008-2024\2010-2024·（宁夏）历史高考真题\2014年高考历史试卷（新课标Ⅱ）（空白卷）.pdf,papers/2014/历史/全国/新课标全国II卷/2014_历史_宁夏_新课标全国II卷_原卷.pdf,2
2014,历史,新疆,老高考,,全国卷,common,新课标全国II卷,present_common,H:\New folder\【新·PDF版】2008-2024·高考历史真题\版本2：历史（按省份分类）2008-2024\2008-2024·（新疆）历史高考真题\2014年高考历史试卷（新课标Ⅱ）（空白卷）.pdf,papers/2014/历史/全国/新课标全国II卷/2014_历史_新疆_新课标全国II卷_原卷.pdf,2
2014,地理,北京,老高考,2020,地方/区域卷,local,北京卷,present_local,H:\New folder\【新·PDF版】2008-2024·高考地理真题\版本2：地理（按省份分类）2008-2024\2008-2024·（北京）地理高考真题\2014年高考地理试卷（北京）（空白卷）.pdf,papers/2014/地理/北京/北京卷/2014_地理_北京_北京卷_原卷.pdf,2
2014,地理,天津,老高考,2020,地方/区域卷,local,天津卷,present_local,H:\New folder\【新·PDF版】2008-2024·高考地理真题\版本2：地理（按省份分类）2008-2024\2008-2023·（天津）地理高考真题\2014年高考地理试卷（天津）（空白卷）.pdf,papers/2014/地理/天津/天津卷/2014_地理_天津_天津卷_原卷.pdf,2
2014,地理,河北,老高考,2021,全国卷,common,新课标全国I卷,present_common,H:\New folder\【新·PDF版】2008-2024·高考地理真题\版本2：地理（按省份分类）2008-2024\2008-2023·（河北）地理高考真题\2014年高考地理试卷（新课标Ⅰ）（空白卷）.pdf,papers/2014/地理/全国/新课标全国I卷/2014_地理_河北_新课标全国I卷_原卷.pdf,2
2014,地理,山西,老高考,2025,全国卷,common,新课标全国I卷,present_common,H:\New folder\【新·PDF版】2008-2024·高考地理真题\版本2：地理（按省份分类）2008-2024\2008-2024·（山西）地理高考真题\2014年高考地理试卷（新课标Ⅰ）（空白卷）.pdf,papers/2014/地理/全国/新课标全国I卷/2014_地理_山西_新课标全国I卷_原卷.pdf,2
2014,地理,内蒙古,老高考,2025,全国卷,common,新课标全国II卷,present_common,H:\New folder\【新·PDF版】2008-2024·高考地理真题\版本2：地理（按省份分类）2008-2024\2008-2024·（内蒙古）地理高考真题\2014年高考地理试卷（新课标Ⅱ）（空白卷）.pdf,papers/2014/地理/全国/新课标全国II卷/2014_地理_内蒙古_新课标全国II卷_原卷.pdf,2
2014,地理,辽宁,老高考,2021,全国卷,common,新课标全国II卷,present_common,H:\New folder\【新·PDF版】2008-2024·高考地理真题\版本2：地理（按省份分类）2008-2024\2010-2024·（辽宁）地理高考真题\2014年高考地理试卷（新课标Ⅱ）（空白卷）.pdf,papers/2014/地理/全国/新课标全国II卷/2014_地理_辽宁_新课标全国II卷_原卷.pdf,2
2014,地理,吉林,老高考,2024,全国卷,common,新课标全国II卷,present_common,H:\New folder\【新·PDF版】2008-2024·高考地理真题\版本2：地理（按省份分类）2008-2024\2008-2024·（吉林）地理高考真题\2014年高考地理试卷（新课标Ⅱ）（空白卷）.pdf,papers/2014/地理/全国/新课标全国II卷/2014_地理_吉林_新课标全国II卷_原卷.pdf,2
2014,地理,黑龙江,老高考,2024,全国卷,common,新课标全国II卷,present_common,H:\New folder\【新·PDF版】2008-2024·高考地理真题\版本2：地理（按省份分类）2008-2024\2008-2024·（黑龙江）地理高考真题\2014年高考地理试卷（新课标Ⅱ）（空白卷）.pdf,papers/2014/地理/全国/新课标全国II卷/2014_地理_黑龙江_新课标全国II卷_原卷.pdf,2
2014,地理,上海,老高考,2017,地方/区域卷,local,上海卷,present_local,"H:\New folder\【新·PDF版】2008-2024·高考地理真题\版本2：地理（按省份分类）2008-2024\2008-2021,2024·（上海）地理高考真题\2014年高考地理试题（上海）（空白卷）.pdf",papers/2014/地理/上海/上海卷/2014_地理_上海_上海卷_原卷.pdf,2
2014,地理,江苏,老高考,2021,地方/区域卷,local,江苏卷,present_local,H:\New folder\【新·PDF版】2008-2024·高考地理真题\版本2：地理（按省份分类）2008-2024\2008-2023·（江苏）地理高考真题\2014年高考地理试卷（江苏）（空白卷）.pdf,papers/2014/地理/江苏/江苏卷/2014_地理_江苏_江苏卷_原卷.pdf,2
2014,地理,浙江,老高考,2017,地方/区域卷,local,浙江卷,present_local,H:\New folder\【新·PDF版】2008-2024·高考地理真题\版本2：地理（按省份分类）2008-2024\2008-2024·（浙江）地理高考真题\2014年高考地理试卷（浙江）（空白卷）.pdf,papers/2014/地理/浙江/浙江卷/2014_地理_浙江_浙江卷_原卷.pdf,2
2014,地理,安徽,老高考,2024,地方/区域卷,local,安徽卷,present_local,H:\New folder\【新·PDF版】2008-2024·高考地理真题\版本2：地理（按省份分类）2008-2024\2012-2024·（安徽）地理高考真题\2014年高考地理试卷（安徽）（空白卷）.pdf,papers/2014/地理/安徽/安徽卷/2014_地理_安徽_安徽卷_原卷.pdf,2
2014,地理,福建,老高考,2021,地方/区域卷,local,福建卷,present_local,H:\New folder\【新·PDF版】2008-2024·高考地理真题\版本2：地理（按省份分类）2008-2024\2012-2024·（福建）地理高考真题\2014年高考地理试卷（福建）（空白卷）.pdf,papers/2014/地理/福建/福建卷/2014_地理_福建_福建卷_原卷.pdf,2
2014,地理,江西,老高考,2024,全国卷,common,新课标全国I卷,present_common,H:\New folder\【新·PDF版】2008-2024·高考地理真题\版本2：地理（按省份分类）2008-2024\2008-2024·（江西）地理高考真题\2014年高考地理试卷（新课标Ⅰ）（空白卷）.pdf,papers/2014/地理/全国/新课标全国I卷/2014_地理_江西_新课标全国I卷_原卷.pdf,2
2014,地理,山东,老高考,2020,地方/区域卷,local,山东卷,present_local,H:\New folder\【新·PDF版】2008-2024·高考地理真题\版本2：地理（按省份分类）2008-2024\2008-2024·（山东）地理高考真题\2014年高考地理试卷（山东）（空白卷）.pdf,papers/2014/地理/山东/山东卷/2014_地理_山东_山东卷_原卷.pdf,2
2014,地理,河南,老高考,2025,全国卷,common,新课标全国I卷,present_common,H:\New folder\【新·PDF版】2008-2024·高考地理真题\版本2：地理（按省份分类）2008-2024\2008-2024·（河南）地理高考真题\2014年高考地理试卷（新课标Ⅰ）（空白卷）.pdf,papers/2014/地理/全国/新课标全国I卷/2014_地理_河南_新课标全国I卷_原卷.pdf,2
2014,地理,湖北,老高考,2021,全国卷,common,新课标全国I卷,present_common,H:\New folder\【新·PDF版】2008-2024·高考地理真题\版本2：地理（按省份分类）2008-2024\2008-2024·（湖北）地理高考真题\2014年高考地理试卷（新课标Ⅰ）（空白卷）.pdf,papers/2014/地理/全国/新课标全国I卷/2014_地理_湖北_新课标全国I卷_原卷.pdf,2
2014,地理,湖南,老高考,2021,全国卷,common,新课标全国I卷,present_common,H:\New folder\【新·PDF版】2008-2024·高考地理真题\版本2：地理（按省份分类）2008-2024\2008-2024·（湖南）地理高考真题\2014年高考地理试卷（新课标Ⅰ）（空白卷）.pdf,papers/2014/地理/全国/新课标全国I卷/2014_地理_湖南_新课标全国I卷_原卷.pdf,2
2014,地理,广东,老高考,2021,地方/区域卷,local,广东卷,present_local,H:\New folder\【新·PDF版】2008-2024·高考地理真题\版本2：地理（按省份分类）2008-2024\2008-2024·（广东）地理高考真题\2014年高考地理试卷（广东）（空白卷）.pdf,papers/2014/地理/广东/广东卷/2014_地理_广东_广东卷_原卷.pdf,2
2014,地理,广西,老高考,2024,地方/区域卷,local,广西卷,present_local,H:\New folder\【新·PDF版】2008-2024·高考地理真题\版本2：地理（按省份分类）2008-2024\2008-2023·（广西）地理高考真题\2014年高考地理试卷（大纲卷）（空白卷）.pdf,papers/2014/地理/广西/广西卷/2014_地理_广西_广西卷_原卷.pdf,2
2014,地理,海南,老高考,2020,地方/区域卷,local,海南卷,present_local,H:\New folder\【新·PDF版】2008-2024·高考地理真题\版本2：地理（按省份分类）2008-2024\2008-2023·（海南）地理高考真题\2014年高考地理试卷（海南）（空白卷）.pdf,papers/2014/地理/海南/海南卷/2014_地理_海南_海南卷_原卷.pdf,2
2014,地理,重庆,老高考,2021,地方/区域卷,local,重庆卷,present_local,H:\New folder\【新·PDF版】2008-2024·高考地理真题\版本2：地理（按省份分类）2008-2024\2012-2023·（重庆）地理高考真题\2014年高考地理试卷（重庆）（空白卷）.pdf,papers/2014/地理/重庆/重庆卷/2014_地理_重庆_重庆卷_原卷.pdf,2
2014,地理,四川,老高考,2025,地方/区域卷,local,四川卷,present_local,H:\New folder\【新·PDF版】2008-2024·高考地理真题\版本2：地理（按省份分类）2008-2024\2008-2024·（四川）地理高考真题\2014年高考地理试卷（四川）（空白卷）.pdf,papers/2014/地理/四川/四川卷/2014_地理_四川_四川卷_原卷.pdf,2
2014,地理,贵州,老高考,2024,全国卷,common,新课标全国II卷,present_common,H:\New folder\【新·PDF版】2008-2024·高考地理真题\版本2：地理（按省份分类）2008-2024\2008-2023·（贵州）地理高考真题\2014年高考地理试卷（新课标Ⅱ）（空白卷）.pdf,papers/2014/地理/全国/新课标全国II卷/2014_地理_贵州_新课标全国II卷_原卷.pdf,2
2014,地理,云南,老高考,2025,全国卷,common,新课标全国II卷,present_common,H:\New folder\【新·PDF版】2008-2024·高考地理真题\版本2：地理（按省份分类）2008-2024\2008-2024·（云南）地理高考真题\2014年高考地理试卷（新课标Ⅱ）（空白卷）.pdf,papers/2014/地理/全国/新课标全国II卷/2014_地理_云南_新课标全国II卷_原卷.pdf,2
2014,地理,西藏,老高考,,全国卷,common,新课标全国II卷,present_common,H:\New folder\【新·PDF版】2008-2024·高考地理真题\版本2：地理（按省份分类）2008-2024\2008-2024·（西藏）地理高考真题\2014年高考地理试卷（新课标Ⅱ）（空白卷）.pdf,papers/2014/地理/全国/新课标全国II卷/2014_地理_西藏_新课标全国II卷_原卷.pdf,2
2014,地理,陕西,老高考,2025,全国卷,common,新课标全国II卷,present_common,H:\New folder\【新·PDF版】2008-2024·高考地理真题\版本2：地理（按省份分类）2008-2024\2008-2024·（陕西）地理高考真题\2014年高考地理试卷（新课标Ⅱ）（空白卷）.pdf,papers/2014/地理/全国/新课标全国II卷/2014_地理_陕西_新课标全国II卷_原卷.pdf,2
2014,地理,甘肃,老高考,2024,全国卷,common,新课标全国II卷,present_common,H:\New folder\【新·PDF版】2008-2024·高考地理真题\版本2：地理（按省份分类）2008-2024\2008-2024·（甘肃）地理高考真题\2014年高考地理试卷（新课标Ⅱ）（空白卷）.pdf,papers/2014/地理/全国/新课标全国II卷/2014_地理_甘肃_新课标全国II卷_原卷.pdf,2
2014,地理,青海,老高考,2025,全国卷,common,新课标全国II卷,present_common,H:\New folder\【新·PDF版】2008-2024·高考地理真题\版本2：地理（按省份分类）2008-2024\2008-2024·（青海）地理高考真题\2014年高考地理试卷（新课标Ⅱ）（空白卷）.pdf,papers/2014/地理/全国/新课标全国II卷/2014_地理_青海_新课标全国II卷_原卷.pdf,2
2014,地理,宁夏,老高考,2025,全国卷,common,新课标全国II卷,present_common,H:\New folder\【新·PDF版】2008-2024·高考地理真题\版本2：地理（按省份分类）2008-2024\2010-2024·（宁夏）地理高考真题\2014年高考地理试卷（新课标Ⅱ）（空白卷）.pdf,papers/2014/地理/全国/新课标全国II卷/2014_地理_宁夏_新课标全国II卷_原卷.pdf,2
2014,地理,新疆,老高考,,全国卷,common,新课标全国II卷,present_common,H:\New folder\【新·PDF版】2008-2024·高考地理真题\版本2：地理（按省份分类）2008-2024\2008-2024·（新疆）地理高考真题\2014年高考地理试卷（新课标Ⅱ）（空白卷）.pdf,papers/2014/地理/全国/新课标全国II卷/2014_地理_新疆_新课标全国II卷_原卷.pdf,2
2015,语文,北京,老高考,2020,地方/区域卷,local,北京卷,present_local,H:\New folder\【新·PDF版】2008-2024·高考语文真题\版本2：语文（按省份分类）2008-2024\2008-2024·（北京）语文高考真题\2015年高考语文试卷（北京）（空白卷）.pdf,papers/2015/语文/北京/北京卷/2015_语文_北京_北京卷_原卷.pdf,2
2015,语文,天津,老高考,2020,地方/区域卷,local,天津卷,present_local,H:\New folder\【新·PDF版】2008-2024·高考语文真题\版本2：语文（按省份分类）2008-2024\2008-2023·（天津）语文高考真题\2015年高考语文试卷（天津）（空白卷）.pdf,papers/2015/语文/天津/天津卷/2015_语文_天津_天津卷_原卷.pdf,2
2015,语文,河北,老高考,2021,全国卷,common,新课标全国I卷,present_common,H:\New folder\【新·PDF版】2008-2024·高考语文真题\版本2：语文（按省份分类）2008-2024\2008-2024·（河北）语文高考真题\2015年高考语文试卷（新课标Ⅰ卷）（空白卷）.pdf,papers/2015/语文/全国/新课标全国I卷/2015_语文_河北_新课标全国I卷_原卷.pdf,2
2015,语文,山西,老高考,2025,全国卷,common,新课标全国I卷,present_common,H:\New folder\【新·PDF版】2008-2024·高考语文真题\版本2：语文（按省份分类）2008-2024\2008-2024·（山西）语文高考真题\2015年高考语文试卷（新课标Ⅰ卷）（空白卷）.pdf,papers/2015/语文/全国/新课标全国I卷/2015_语文_山西_新课标全国I卷_原卷.pdf,2
2015,语文,内蒙古,老高考,2025,全国卷,common,新课标全国II卷,present_common,H:\New folder\【新·PDF版】2008-2024·高考语文真题\版本2：语文（按省份分类）2008-2024\2008-2024·（内蒙古）语文高考真题\2015年高考语文试卷（新课标Ⅱ卷）（空白卷）.pdf,papers/2015/语文/全国/新课标全国II卷/2015_语文_内蒙古_新课标全国II卷_原卷.pdf,1
2015,语文,辽宁,老高考,2021,全国卷,common,新课标全国II卷,present_common,H:\New folder\【新·PDF版】2008-2024·高考语文真题\版本2：语文（按省份分类）2008-2024\2012-2024·（辽宁）语文高考真题\2015年高考语文试卷（新课标Ⅱ卷）（空白卷）.pdf,papers/2015/语文/全国/新课标全国II卷/2015_语文_辽宁_新课标全国II卷_原卷.pdf,2
2015,语文,吉林,老高考,2024,全国卷,common,新课标全国II卷,present_common,H:\New folder\【新·PDF版】2008-2024·高考语文真题\版本2：语文（按省份分类）2008-2024\2008-2024·（吉林）语文高考真题\2015年高考语文试卷（新课标Ⅱ卷）（空白卷）.pdf,papers/2015/语文/全国/新课标全国II卷/2015_语文_吉林_新课标全国II卷_原卷.pdf,2
2015,语文,黑龙江,老高考,2024,全国卷,common,新课标全国II卷,present_common,H:\New folder\【新·PDF版】2008-2024·高考语文真题\版本2：语文（按省份分类）2008-2024\2008-2024·（黑龙江）语文高考真题\2015年高考语文试卷（新课标Ⅱ卷）（空白卷）.pdf,papers/2015/语文/全国/新课标全国II卷/2015_语文_黑龙江_新课标全国II卷_原卷.pdf,2
2015,语文,上海,老高考,2017,地方/区域卷,local,上海卷,present_local,H:\New folder\【新·PDF版】2008-2024·高考语文真题\版本2：语文（按省份分类）2008-2024\2008-2023·（上海）语文高考真题\2015年高考语文试卷（上海）（秋考）（空白卷）.pdf,papers/2015/语文/上海/上海卷/2015_语文_上海_上海卷_原卷.pdf,2
2015,语文,江苏,老高考,2021,地方/区域卷,local,江苏卷,present_local,H:\New folder\【新·PDF版】2008-2024·高考语文真题\版本2：语文（按省份分类）2008-2024\2008-2024·（江苏）语文高考真题\2015年高考语文试卷（江苏）（空白卷）   .pdf,papers/2015/语文/江苏/江苏卷/2015_语文_江苏_江苏卷_原卷.pdf,2
2015,语文,浙江,老高考,2017,地方/区域卷,local,浙江卷,present_local,H:\New folder\【新·PDF版】2008-2024·高考语文真题\版本2：语文（按省份分类）2008-2024\2008-2024·（浙江）语文高考真题\2015年高考语文试卷（浙江）（空白卷）.pdf,papers/2015/语文/浙江/浙江卷/2015_语文_浙江_浙江卷_原卷.pdf,2
2015,语文,安徽,老高考,2024,地方/区域卷,local,安徽卷,present_local,H:\New folder\【新·PDF版】2008-2024·高考语文真题\版本2：语文（按省份分类）2008-2024\2012-2024·（安徽）语文高考真题\2015年高考语文试卷（安徽）（空白卷）.pdf,papers/2015/语文/安徽/安徽卷/2015_语文_安徽_安徽卷_原卷.pdf,2
2015,语文,福建,老高考,2021,地方/区域卷,local,福建卷,present_local,H:\New folder\【新·PDF版】2008-2024·高考语文真题\版本2：语文（按省份分类）2008-2024\2012-2024·（福建）语文高考真题\2015年高考语文试卷（福建）（空白卷）.pdf,papers/2015/语文/福建/福建卷/2015_语文_福建_福建卷_原卷.pdf,2
2015,语文,江西,老高考,2024,全国卷,common,新课标全国I卷,present_common,H:\New folder\【新·PDF版】2008-2024·高考语文真题\版本2：语文（按省份分类）2008-2024\2012-2024·（江西）语文高考真题\2015年高考语文试卷（新课标Ⅰ卷）（空白卷）.pdf,papers/2015/语文/全国/新课标全国I卷/2015_语文_江西_新课标全国I卷_原卷.pdf,2
2015,语文,山东,老高考,2020,地方/区域卷,local,山东卷,present_local,H:\New folder\【新·PDF版】2008-2024·高考语文真题\版本2：语文（按省份分类）2008-2024\2008-2024·（山东）语文高考真题\2015年高考语文试卷（山东）（空白卷）.pdf,papers/2015/语文/山东/山东卷/2015_语文_山东_山东卷_原卷.pdf,2
2015,语文,河南,老高考,2025,全国卷,common,新课标全国I卷,present_common,H:\New folder\【新·PDF版】2008-2024·高考语文真题\版本2：语文（按省份分类）2008-2024\2008-2024·（河南）语文高考真题\2015年高考语文试卷（新课标Ⅰ卷）（空白卷）.pdf,papers/2015/语文/全国/新课标全国I卷/2015_语文_河南_新课标全国I卷_原卷.pdf,1
2015,语文,湖北,老高考,2021,地方/区域卷,local,湖北卷,present_local,H:\New folder\【新·PDF版】2008-2024·高考语文真题\版本2：语文（按省份分类）2008-2024\2012-2024·（湖北）语文高考真题\2015年高考语文试卷（湖北）（空白卷）.pdf,papers/2015/语文/湖北/湖北卷/2015_语文_湖北_湖北卷_原卷.pdf,1
2015,语文,湖南,老高考,2021,地方/区域卷,local,湖南卷,present_local,H:\New folder\【新·PDF版】2008-2024·高考语文真题\版本2：语文（按省份分类）2008-2024\2008-2024·（湖南）语文高考真题\2015年高考语文试卷（湖南）（空白卷）.pdf,papers/2015/语文/湖南/湖南卷/2015_语文_湖南_湖南卷_原卷.pdf,2
2015,语文,广东,老高考,2021,地方/区域卷,local,广东卷,present_local,H:\New folder\【新·PDF版】2008-2024·高考语文真题\版本2：语文（按省份分类）2008-2024\2008-2024·（广东）语文高考真题\2015年高考语文试卷（广东）（空白卷）.pdf,papers/2015/语文/广东/广东卷/2015_语文_广东_广东卷_原卷.pdf,2
2015,语文,广西,老高考,2024,全国卷,common,新课标全国II卷,present_common,H:\New folder\【新·PDF版】2008-2024·高考语文真题\版本2：语文（按省份分类）2008-2024\2008-2024·（广西）语文高考真题\2015年高考语文试卷（新课标Ⅱ卷）（空白卷）.pdf,papers/2015/语文/全国/新课标全国II卷/2015_语文_广西_新课标全国II卷_原卷.pdf,2
2015,语文,海南,老高考,2020,全国卷,common,新课标全国II卷,present_common,H:\New folder\【新·PDF版】2008-2024·高考语文真题\版本2：语文（按省份分类）2008-2024\2008-2024·（海南）语文高考真题\2015年高考语文试卷（新课标Ⅱ卷）（空白卷）.pdf,papers/2015/语文/全国/新课标全国II卷/2015_语文_海南_新课标全国II卷_原卷.pdf,2
2015,语文,重庆,老高考,2021,地方/区域卷,local,重庆卷,present_local,H:\New folder\【新·PDF版】2008-2024·高考语文真题\版本2：语文（按省份分类）2008-2024\2012-2024·（重庆）语文高考真题\2015年高考语文试卷（重庆）（空白卷）.pdf,papers/2015/语文/重庆/重庆卷/2015_语文_重庆_重庆卷_原卷.pdf,2
2015,语文,四川,老高考,2025,地方/区域卷,local,四川卷,present_local,H:\New folder\【新·PDF版】2008-2024·高考语文真题\版本2：语文（按省份分类）2008-2024\2008-2024·（四川）语文高考真题\2015年高考语文试卷（四川）（空白卷）.pdf,papers/2015/语文/四川/四川卷/2015_语文_四川_四川卷_原卷.pdf,2
2015,语文,贵州,老高考,2024,全国卷,common,新课标全国II卷,present_common,H:\New folder\【新·PDF版】2008-2024·高考语文真题\版本2：语文（按省份分类）2008-2024\2008-2024·（贵州）语文高考真题\2015年高考语文试卷（新课标Ⅱ卷）（空白卷）.pdf,papers/2015/语文/全国/新课标全国II卷/2015_语文_贵州_新课标全国II卷_原卷.pdf,2
2015,语文,云南,老高考,2025,全国卷,common,新课标全国II卷,present_common,H:\New folder\【新·PDF版】2008-2024·高考语文真题\版本2：语文（按省份分类）2008-2024\2008-2024·（云南）语文高考真题\2015年高考语文试卷（新课标Ⅱ卷）（空白卷）.pdf,papers/2015/语文/全国/新课标全国II卷/2015_语文_云南_新课标全国II卷_原卷.pdf,2
2015,语文,西藏,老高考,,全国卷,common,新课标全国II卷,present_common,H:\New folder\【新·PDF版】2008-2024·高考语文真题\版本2：语文（按省份分类）2008-2024\2008-2024·（西藏）语文高考真题\2015年高考语文试卷（新课标Ⅱ卷）（空白卷）.pdf,papers/2015/语文/全国/新课标全国II卷/2015_语文_西藏_新课标全国II卷_原卷.pdf,2
2015,语文,陕西,老高考,2025,全国卷,common,新课标全国I卷,present_common,H:\New folder\【新·PDF版】2008-2024·高考语文真题\版本2：语文（按省份分类）2008-2024\2008-2024·（陕西）语文高考真题\2015年高考语文试卷（新课标Ⅰ卷）（空白卷）.pdf,papers/2015/语文/全国/新课标全国I卷/2015_语文_陕西_新课标全国I卷_原卷.pdf,2
2015,语文,甘肃,老高考,2024,全国卷,common,新课标全国I卷,present_common,H:\New folder\【新·PDF版】2008-2024·高考语文真题\版本2：语文（按省份分类）2008-2024\2008-2024·（甘肃）语文高考真题\2015年高考语文试卷（新课标Ⅰ卷）（空白卷）.pdf,papers/2015/语文/全国/新课标全国I卷/2015_语文_甘肃_新课标全国I卷_原卷.pdf,2
2015,语文,青海,老高考,2025,全国卷,common,新课标全国II卷,present_common,H:\New folder\【新·PDF版】2008-2024·高考语文真题\版本2：语文（按省份分类）2008-2024\2008-2024·（青海）语文高考真题\2015年高考语文试卷（新课标Ⅱ卷）（空白卷）.pdf,papers/2015/语文/全国/新课标全国II卷/2015_语文_青海_新课标全国II卷_原卷.pdf,2
2015,语文,宁夏,老高考,2025,全国卷,common,新课标全国II卷,present_common,H:\New folder\【新·PDF版】2008-2024·高考语文真题\版本2：语文（按省份分类）2008-2024\2008-2024·（宁夏）语文高考真题\2015年高考语文试卷（新课标Ⅱ卷）（空白卷）.pdf,papers/2015/语文/全国/新课标全国II卷/2015_语文_宁夏_新课标全国II卷_原卷.pdf,3
2015,语文,新疆,老高考,,全国卷,common,新课标全国II卷,present_common,H:\New folder\【新·PDF版】2008-2024·高考语文真题\版本2：语文（按省份分类）2008-2024\2008-2024·（新疆）语文高考真题\2015年高考语文试卷（新课标Ⅱ卷）（解析卷）.pdf,papers/2015/语文/全国/新课标全国II卷/2015_语文_新疆_新课标全国II卷_原卷.pdf,1
2015,数学,北京,老高考,2020,地方/区域卷,local,北京卷,present_local,H:\New folder\【新】2008-2024·高考数学真题\【PDF版】2008-2024·高考数学真题\版本2：数学（按省份分类）2008-2024\2008-2024·（北京）数学高考真题\2015年高考数学试卷（文）（北京）（空白卷）.pdf,papers/2015/数学/北京/北京卷/2015_数学_北京_北京卷_原卷.pdf,4
2015,数学,天津,老高考,2020,地方/区域卷,local,天津卷,present_local,H:\New folder\【新】2008-2024·高考数学真题\【PDF版】2008-2024·高考数学真题\版本2：数学（按省份分类）2008-2024\2008-2024·（天津）数学高考真题\2015年高考数学试卷（文）（天津）（空白卷）.pdf,papers/2015/数学/天津/天津卷/2015_数学_天津_天津卷_原卷.pdf,4
2015,数学,河北,老高考,2021,全国卷,common,新课标全国I卷,present_common,H:\New folder\【新】2008-2024·高考数学真题\【PDF版】2008-2024·高考数学真题\版本2：数学（按省份分类）2008-2024\2008-2024·（河北）数学高考真题\2015年高考数学试卷（文）（新课标Ⅰ）（空白卷）.pdf,papers/2015/数学/全国/新课标全国I卷/2015_数学_河北_新课标全国I卷_原卷.pdf,4
2015,数学,山西,老高考,2025,全国卷,common,新课标全国I卷,present_common,H:\New folder\【新】2008-2024·高考数学真题\【PDF版】2008-2024·高考数学真题\版本2：数学（按省份分类）2008-2024\2008-2024·（山西）数学高考真题\2015年高考数学试卷（文）（新课标Ⅰ）（空白卷）.pdf,papers/2015/数学/全国/新课标全国I卷/2015_数学_山西_新课标全国I卷_原卷.pdf,4
2015,数学,内蒙古,老高考,2025,全国卷,common,新课标全国II卷,present_common,H:\New folder\【新】2008-2024·高考数学真题\【PDF版】2008-2024·高考数学真题\版本2：数学（按省份分类）2008-2024\2008-2024·（内蒙古）数学高考真题\2015年高考数学试卷（文）（新课标Ⅱ）（空白卷）.pdf,papers/2015/数学/全国/新课标全国II卷/2015_数学_内蒙古_新课标全国II卷_原卷.pdf,4
2015,数学,辽宁,老高考,2021,全国卷,common,新课标全国II卷,present_common,H:\New folder\【新】2008-2024·高考数学真题\【PDF版】2008-2024·高考数学真题\版本2：数学（按省份分类）2008-2024\2008-2024·（辽宁）数学高考真题\2015年高考数学试卷（文）（新课标Ⅱ）（空白卷）.pdf,papers/2015/数学/全国/新课标全国II卷/2015_数学_辽宁_新课标全国II卷_原卷.pdf,4
2015,数学,吉林,老高考,2024,全国卷,common,新课标全国II卷,present_common,H:\New folder\【新】2008-2024·高考数学真题\【PDF版】2008-2024·高考数学真题\版本2：数学（按省份分类）2008-2024\2008-2024·（吉林）数学高考真题\2015年高考数学试卷（文）（新课标Ⅱ）（空白卷）.pdf,papers/2015/数学/全国/新课标全国II卷/2015_数学_吉林_新课标全国II卷_原卷.pdf,4
2015,数学,黑龙江,老高考,2024,全国卷,common,新课标全国II卷,present_common,H:\New folder\【新】2008-2024·高考数学真题\【PDF版】2008-2024·高考数学真题\版本2：数学（按省份分类）2008-2024\2008-2024·（黑龙江）数学高考真题\2015年高考数学试卷（文）（新课标Ⅱ）（空白卷）.pdf,papers/2015/数学/全国/新课标全国II卷/2015_数学_黑龙江_新课标全国II卷_原卷.pdf,4
2015,数学,上海,老高考,2017,地方/区域卷,local,上海卷,present_local,H:\New folder\【新】2008-2024·高考数学真题\【PDF版】2008-2024·高考数学真题\版本2：数学（按省份分类）2008-2024\2008-2024·（上海）数学高考真题\2015年高考数学试卷（文）（上海）（空白卷）.pdf,papers/2015/数学/上海/上海卷/2015_数学_上海_上海卷_原卷.pdf,4
2015,数学,江苏,老高考,2021,地方/区域卷,local,江苏卷,present_local,H:\New folder\【新】2008-2024·高考数学真题\【PDF版】2008-2024·高考数学真题\版本2：数学（按省份分类）2008-2024\2008-2024·（江苏）数学高考真题\2015年高考数学试卷（江苏）（空白卷）.pdf,papers/2015/数学/江苏/江苏卷/2015_数学_江苏_江苏卷_原卷.pdf,2
2015,数学,浙江,老高考,2017,地方/区域卷,local,浙江卷,present_local,H:\New folder\【新】2008-2024·高考数学真题\【PDF版】2008-2024·高考数学真题\版本2：数学（按省份分类）2008-2024\2008-2024·（浙江）数学高考真题\2015年高考数学试卷（文）（浙江）（空白卷）.pdf,papers/2015/数学/浙江/浙江卷/2015_数学_浙江_浙江卷_原卷.pdf,4
2015,数学,安徽,老高考,2024,地方/区域卷,local,安徽卷,present_local,H:\New folder\【新】2008-2024·高考数学真题\【PDF版】2008-2024·高考数学真题\版本2：数学（按省份分类）2008-2024\2012-2024·（安徽）数学高考真题\2015年高考数学试卷（文）（安徽）（空白卷）.pdf,papers/2015/数学/安徽/安徽卷/2015_数学_安徽_安徽卷_原卷.pdf,4
2015,数学,福建,老高考,2021,地方/区域卷,local,福建卷,present_local,H:\New folder\【新】2008-2024·高考数学真题\【PDF版】2008-2024·高考数学真题\版本2：数学（按省份分类）2008-2024\2012-2024·（福建）数学高考真题\2015年高考数学试卷（文）（福建）（空白卷）.pdf,papers/2015/数学/福建/福建卷/2015_数学_福建_福建卷_原卷.pdf,4
2015,数学,江西,老高考,2024,全国卷,common,新课标全国I卷,present_common,H:\New folder\【新】2008-2024·高考数学真题\【PDF版】2008-2024·高考数学真题\版本2：数学（按省份分类）2008-2024\2008-2024·（江西）数学高考真题\2015年高考数学试卷（文）（新课标Ⅰ）（空白卷）.pdf,papers/2015/数学/全国/新课标全国I卷/2015_数学_江西_新课标全国I卷_原卷.pdf,4
2015,数学,山东,老高考,2020,地方/区域卷,local,山东卷,present_local,H:\New folder\【新】2008-2024·高考数学真题\【PDF版】2008-2024·高考数学真题\版本2：数学（按省份分类）2008-2024\2008-2024·（山东）数学高考真题\2015年高考数学试卷（文）（山东）（空白卷）.pdf,papers/2015/数学/山东/山东卷/2015_数学_山东_山东卷_原卷.pdf,4
2015,数学,河南,老高考,2025,全国卷,common,新课标全国I卷,present_common,H:\New folder\【新】2008-2024·高考数学真题\【PDF版】2008-2024·高考数学真题\版本2：数学（按省份分类）2008-2024\2008-2024·（河南）数学高考真题\2015年高考数学试卷（文）（新课标Ⅰ）（空白卷）.pdf,papers/2015/数学/全国/新课标全国I卷/2015_数学_河南_新课标全国I卷_原卷.pdf,4
2015,数学,湖北,老高考,2021,地方/区域卷,local,湖北卷,present_local,H:\New folder\【新】2008-2024·高考数学真题\【PDF版】2008-2024·高考数学真题\版本2：数学（按省份分类）2008-2024\2012-2024·（湖北）数学高考真题\2015年高考数学试卷（文）（湖北）（空白卷）.pdf,papers/2015/数学/湖北/湖北卷/2015_数学_湖北_湖北卷_原卷.pdf,4
2015,数学,湖南,老高考,2021,地方/区域卷,local,湖南卷,present_local,H:\New folder\【新】2008-2024·高考数学真题\【PDF版】2008-2024·高考数学真题\版本2：数学（按省份分类）2008-2024\2008-2024·（湖南）数学高考真题\2015年高考数学试卷（文）（湖南）（空白卷）.pdf,papers/2015/数学/湖南/湖南卷/2015_数学_湖南_湖南卷_原卷.pdf,4
2015,数学,广东,老高考,2021,地方/区域卷,local,广东卷,present_local,H:\New folder\【新】2008-2024·高考数学真题\【PDF版】2008-2024·高考数学真题\版本2：数学（按省份分类）2008-2024\2008-2024·（广东）数学高考真题\2015年高考数学试卷（文）（广东）（空白卷）.pdf,papers/2015/数学/广东/广东卷/2015_数学_广东_广东卷_原卷.pdf,4
2015,数学,广西,老高考,2024,全国卷,common,新课标全国II卷,present_common,H:\New folder\【新】2008-2024·高考数学真题\【PDF版】2008-2024·高考数学真题\版本2：数学（按省份分类）2008-2024\2008-2024·（广西）数学高考真题\2015年高考数学试卷（文）（新课标Ⅱ）（空白卷）.pdf,papers/2015/数学/全国/新课标全国II卷/2015_数学_广西_新课标全国II卷_原卷.pdf,4
2015,数学,海南,老高考,2020,全国卷,common,新课标全国II卷,present_common,H:\New folder\【新】2008-2024·高考数学真题\【PDF版】2008-2024·高考数学真题\版本2：数学（按省份分类）2008-2024\2008-2024·（海南）数学高考真题\2015年高考数学试卷（文）（新课标Ⅱ）（空白卷）.pdf,papers/2015/数学/全国/新课标全国II卷/2015_数学_海南_新课标全国II卷_原卷.pdf,4
2015,数学,重庆,老高考,2021,地方/区域卷,local,重庆卷,present_local,H:\New folder\【新】2008-2024·高考数学真题\【PDF版】2008-2024·高考数学真题\版本2：数学（按省份分类）2008-2024\2012-2024·（重庆）数学高考真题\2015年高考数学试卷（文）（重庆自主命题）（空白卷）.pdf,papers/2015/数学/重庆/重庆卷/2015_数学_重庆_重庆卷_原卷.pdf,4
2015,数学,四川,老高考,2025,地方/区域卷,local,四川卷,present_local,H:\New folder\【新】2008-2024·高考数学真题\【PDF版】2008-2024·高考数学真题\版本2：数学（按省份分类）2008-2024\2008-2024·（四川）数学高考真题\2015年高考数学试卷（文）（四川）（空白卷）.pdf,papers/2015/数学/四川/四川卷/2015_数学_四川_四川卷_原卷.pdf,4
2015,数学,贵州,老高考,2024,全国卷,common,新课标全国II卷,present_common,H:\New folder\【新】2008-2024·高考数学真题\【PDF版】2008-2024·高考数学真题\版本2：数学（按省份分类）2008-2024\2008-2024·（贵州）数学高考真题\2015年高考数学试卷（文）（新课标Ⅱ）（空白卷）.pdf,papers/2015/数学/全国/新课标全国II卷/2015_数学_贵州_新课标全国II卷_原卷.pdf,4
2015,数学,云南,老高考,2025,全国卷,common,新课标全国II卷,present_common,H:\New folder\【新】2008-2024·高考数学真题\【PDF版】2008-2024·高考数学真题\版本2：数学（按省份分类）2008-2024\2008-2024·（云南）数学高考真题\2015年高考数学试卷（文）（新课标Ⅱ）（空白卷）.pdf,papers/2015/数学/全国/新课标全国II卷/2015_数学_云南_新课标全国II卷_原卷.pdf,4
2015,数学,西藏,老高考,,全国卷,common,新课标全国II卷,present_common,H:\New folder\【新】2008-2024·高考数学真题\【PDF版】2008-2024·高考数学真题\版本2：数学（按省份分类）2008-2024\2008-2024·（西藏）数学高考真题\2015年高考数学试卷（文）（新课标Ⅱ）（空白卷）.pdf,papers/2015/数学/全国/新课标全国II卷/2015_数学_西藏_新课标全国II卷_原卷.pdf,4
2015,数学,陕西,老高考,2025,地方/区域卷,local,陕西卷,present_local,H:\New folder\【新】2008-2024·高考数学真题\【PDF版】2008-2024·高考数学真题\版本2：数学（按省份分类）2008-2024\2008-2024·（陕西）数学高考真题\2015年高考数学试卷（文）（陕西）（空白卷）.pdf,papers/2015/数学/陕西/陕西卷/2015_数学_陕西_陕西卷_原卷.pdf,4
2015,数学,甘肃,老高考,2024,全国卷,common,新课标全国II卷,present_common,H:\New folder\【新】2008-2024·高考数学真题\【PDF版】2008-2024·高考数学真题\版本2：数学（按省份分类）2008-2024\2008-2024·（甘肃）数学高考真题\2015年高考数学试卷（文）（新课标Ⅱ）（空白卷）.pdf,papers/2015/数学/全国/新课标全国II卷/2015_数学_甘肃_新课标全国II卷_原卷.pdf,4
2015,数学,青海,老高考,2025,全国卷,common,新课标全国II卷,present_common,H:\New folder\【新】2008-2024·高考数学真题\【PDF版】2008-2024·高考数学真题\版本2：数学（按省份分类）2008-2024\2008-2024·（青海）数学高考真题\2015年高考数学试卷（文）（新课标Ⅱ）（空白卷）.pdf,papers/2015/数学/全国/新课标全国II卷/2015_数学_青海_新课标全国II卷_原卷.pdf,4
2015,数学,宁夏,老高考,2025,全国卷,common,新课标全国II卷,present_common,H:\New folder\【新】2008-2024·高考数学真题\【PDF版】2008-2024·高考数学真题\版本2：数学（按省份分类）2008-2024\2008-2024·（宁夏）数学高考真题\2015年高考数学试卷（文）（新课标Ⅱ）（空白卷）.pdf,papers/2015/数学/全国/新课标全国II卷/2015_数学_宁夏_新课标全国II卷_原卷.pdf,4
2015,数学,新疆,老高考,,全国卷,common,新课标全国II卷,present_common,H:\New folder\【新】2008-2024·高考数学真题\【PDF版】2008-2024·高考数学真题\版本2：数学（按省份分类）2008-2024\2008-2024·（新疆）数学高考真题\2015年高考数学试卷（文）（新课标Ⅱ）（空白卷）.pdf,papers/2015/数学/全国/新课标全国II卷/2015_数学_新疆_新课标全国II卷_原卷.pdf,4
2015,英语,北京,老高考,2020,地方/区域卷,local,北京卷,present_local,H:\New folder\【新·PDF版】2008-2024·高考英语真题\版本2：英语（按省份分类）2008-2024\2008-2024·（北京）英语高考真题\2015年高考英语试卷（北京）听力音频.mp3,papers/2015/英语/北京/北京卷/2015_英语_北京_北京卷_原卷.mp3,3
2015,英语,天津,老高考,2020,地方/区域卷,local,天津卷,present_local,H:\New folder\【新·PDF版】2008-2024·高考英语真题\版本2：英语（按省份分类）2008-2024\2008-2023·（天津）英语高考真题\2015年高考英语试卷（天津）（空白卷）.pdf,papers/2015/英语/天津/天津卷/2015_英语_天津_天津卷_原卷.pdf,2
2015,英语,河北,老高考,2021,全国卷,common,新课标全国I卷,present_common,H:\New folder\【新·PDF版】2008-2024·高考英语真题\版本2：英语（按省份分类）2008-2024\2008-2024·（河北）英语高考真题\2015年高考英语试卷（新课标Ⅰ卷）听力音频.mp3,papers/2015/英语/全国/新课标全国I卷/2015_英语_河北_新课标全国I卷_原卷.mp3,3
2015,英语,山西,老高考,2025,全国卷,common,新课标全国I卷,present_common,H:\New folder\【新·PDF版】2008-2024·高考英语真题\版本2：英语（按省份分类）2008-2024\2008-2024·（山西）英语高考真题\2015年高考英语试卷（新课标Ⅰ卷）听力音频.mp3,papers/2015/英语/全国/新课标全国I卷/2015_英语_山西_新课标全国I卷_原卷.mp3,3
2015,英语,内蒙古,老高考,2025,全国卷,common,新课标全国II卷,present_common,H:\New folder\【新·PDF版】2008-2024·高考英语真题\版本2：英语（按省份分类）2008-2024\2008-2024·（内蒙古）英语高考真题\2015年高考英语试卷（新课标Ⅱ卷）听力音频.mp3,papers/2015/英语/全国/新课标全国II卷/2015_英语_内蒙古_新课标全国II卷_原卷.mp3,3
2015,英语,辽宁,老高考,2021,全国卷,common,新课标全国II卷,present_common,H:\New folder\【新·PDF版】2008-2024·高考英语真题\版本2：英语（按省份分类）2008-2024\2012-2024·（辽宁）英语高考真题\2015年高考英语试卷（新课标Ⅱ卷）听力音频.mp3,papers/2015/英语/全国/新课标全国II卷/2015_英语_辽宁_新课标全国II卷_原卷.mp3,3
2015,英语,吉林,老高考,2024,全国卷,common,新课标全国II卷,present_common,H:\New folder\【新·PDF版】2008-2024·高考英语真题\版本2：英语（按省份分类）2008-2024\2008-2024·（吉林）英语高考真题\2015年高考英语试卷（新课标Ⅱ卷）听力音频.mp3,papers/2015/英语/全国/新课标全国II卷/2015_英语_吉林_新课标全国II卷_原卷.mp3,3
2015,英语,黑龙江,老高考,2024,全国卷,common,新课标全国II卷,present_common,H:\New folder\【新·PDF版】2008-2024·高考英语真题\版本2：英语（按省份分类）2008-2024\2008-2024·（黑龙江）英语高考真题\2015年高考英语试卷（新课标Ⅱ卷）听力音频.mp3,papers/2015/英语/全国/新课标全国II卷/2015_英语_黑龙江_新课标全国II卷_原卷.mp3,3
2015,英语,上海,老高考,2017,地方/区域卷,local,上海卷,present_local,H:\New folder\【新·PDF版】2008-2024·高考英语真题\版本2：英语（按省份分类）2008-2024\2008-2023·（上海）英语高考真题\2015年高考英语试卷（上海）（秋考）听力音频.mp3,papers/2015/英语/上海/上海卷/2015_英语_上海_上海卷_原卷.mp3,3
2015,英语,江苏,老高考,2021,地方/区域卷,local,江苏卷,present_local,H:\New folder\【新·PDF版】2008-2024·高考英语真题\版本2：英语（按省份分类）2008-2024\2008-2024·（江苏）英语高考真题\2015年高考英语试卷（江苏）听力音频.mp3,papers/2015/英语/江苏/江苏卷/2015_英语_江苏_江苏卷_原卷.mp3,3
2015,英语,浙江,老高考,2017,地方/区域卷,local,浙江卷,present_local,H:\New folder\【新·PDF版】2008-2024·高考英语真题\版本2：英语（按省份分类）2008-2024\2008-2024·（浙江）英语高考真题\2015年高考英语试卷（浙江）（空白卷）.pdf,papers/2015/英语/浙江/浙江卷/2015_英语_浙江_浙江卷_原卷.pdf,2
2015,英语,安徽,老高考,2024,地方/区域卷,local,安徽卷,present_local,H:\New folder\【新·PDF版】2008-2024·高考英语真题\版本2：英语（按省份分类）2008-2024\2012-2024·（安徽）英语高考真题\2015年高考英语试卷（安徽）听力音频.mp3,papers/2015/英语/安徽/安徽卷/2015_英语_安徽_安徽卷_原卷.mp3,3
2015,英语,福建,老高考,2021,地方/区域卷,local,福建卷,present_local,H:\New folder\【新·PDF版】2008-2024·高考英语真题\版本2：英语（按省份分类）2008-2024\2012-2024·（福建）英语高考真题\2015年高考英语试卷（福建）听力音频.mp3,papers/2015/英语/福建/福建卷/2015_英语_福建_福建卷_原卷.mp3,3
2015,英语,江西,老高考,2024,全国卷,common,新课标全国I卷,present_common,H:\New folder\【新·PDF版】2008-2024·高考英语真题\版本2：英语（按省份分类）2008-2024\2012-2024·（江西）英语高考真题\2015年高考英语试卷（新课标Ⅰ卷）听力音频.mp3,papers/2015/英语/全国/新课标全国I卷/2015_英语_江西_新课标全国I卷_原卷.mp3,3
2015,英语,山东,老高考,2020,全国卷,common,新课标全国I卷,present_common,H:\New folder\【新·PDF版】2008-2024·高考英语真题\版本2：英语（按省份分类）2008-2024\2008-2024·（山东）英语高考真题\2015年高考英语试卷（新课标Ⅰ卷）听力音频.mp3,papers/2015/英语/全国/新课标全国I卷/2015_英语_山东_新课标全国I卷_原卷.mp3,3
2015,英语,河南,老高考,2025,全国卷,common,新课标全国I卷,present_common,H:\New folder\【新·PDF版】2008-2024·高考英语真题\版本2：英语（按省份分类）2008-2024\2008-2024·（河南）英语高考真题\2015年高考英语试卷（新课标Ⅰ卷）听力音频.mp3,papers/2015/英语/全国/新课标全国I卷/2015_英语_河南_新课标全国I卷_原卷.mp3,3
2015,英语,湖北,老高考,2021,地方/区域卷,local,湖北卷,present_local,H:\New folder\【新·PDF版】2008-2024·高考英语真题\版本2：英语（按省份分类）2008-2024\2012-2024·（湖北）英语高考真题\2015年高考英语试卷（湖北）听力音频.mp3,papers/2015/英语/湖北/湖北卷/2015_英语_湖北_湖北卷_原卷.mp3,3
2015,英语,湖南,老高考,2021,地方/区域卷,local,湖南卷,present_local,H:\New folder\【新·PDF版】2008-2024·高考英语真题\版本2：英语（按省份分类）2008-2024\2008-2024·（湖南）英语高考真题\2015年高考英语试卷（湖南）听力音频.mp3,papers/2015/英语/湖南/湖南卷/2015_英语_湖南_湖南卷_原卷.mp3,3
2015,英语,广东,老高考,2021,地方/区域卷,local,广东卷,present_local,H:\New folder\【新·PDF版】2008-2024·高考英语真题\版本2：英语（按省份分类）2008-2024\2008-2024·（广东）英语高考真题\2015年高考英语试卷（广东）（空白卷）.pdf,papers/2015/英语/广东/广东卷/2015_英语_广东_广东卷_原卷.pdf,2
2015,英语,广西,老高考,2024,全国卷,common,新课标全国II卷,present_common,H:\New folder\【新·PDF版】2008-2024·高考英语真题\版本2：英语（按省份分类）2008-2024\2008-2024·（广西）英语高考真题\2015年高考英语试卷（新课标Ⅱ卷）听力音频.mp3,papers/2015/英语/全国/新课标全国II卷/2015_英语_广西_新课标全国II卷_原卷.mp3,3
2015,英语,海南,老高考,2020,全国卷,common,新课标全国II卷,present_common,H:\New folder\【新·PDF版】2008-2024·高考英语真题\版本2：英语（按省份分类）2008-2024\2008-2024·（海南）英语高考真题\2015年高考英语试卷（新课标Ⅱ卷）听力音频.mp3,papers/2015/英语/全国/新课标全国II卷/2015_英语_海南_新课标全国II卷_原卷.mp3,3
2015,英语,重庆,老高考,2021,地方/区域卷,local,重庆卷,present_local,H:\New folder\【新·PDF版】2008-2024·高考英语真题\版本2：英语（按省份分类）2008-2024\2012-2024·（重庆）英语高考真题\2015年高考英语试卷（重庆）（空白卷）.pdf,papers/2015/英语/重庆/重庆卷/2015_英语_重庆_重庆卷_原卷.pdf,2
2015,英语,四川,老高考,2025,地方/区域卷,local,四川卷,present_local,H:\New folder\【新·PDF版】2008-2024·高考英语真题\版本2：英语（按省份分类）2008-2024\2008-2024·（四川）英语高考真题\2015年高考英语试卷（四川）（空白卷）.pdf,papers/2015/英语/四川/四川卷/2015_英语_四川_四川卷_原卷.pdf,2
2015,英语,贵州,老高考,2024,全国卷,common,新课标全国II卷,present_common,H:\New folder\【新·PDF版】2008-2024·高考英语真题\版本2：英语（按省份分类）2008-2024\2008-2024·（贵州）英语高考真题\2015年高考英语试卷（新课标Ⅱ卷）听力音频.mp3,papers/2015/英语/全国/新课标全国II卷/2015_英语_贵州_新课标全国II卷_原卷.mp3,3
2015,英语,云南,老高考,2025,全国卷,common,新课标全国II卷,present_common,H:\New folder\【新·PDF版】2008-2024·高考英语真题\版本2：英语（按省份分类）2008-2024\2008-2024·（云南）英语高考真题\2015年高考英语试卷（新课标Ⅱ卷）听力音频.mp3,papers/2015/英语/全国/新课标全国II卷/2015_英语_云南_新课标全国II卷_原卷.mp3,3
2015,英语,西藏,老高考,,全国卷,common,新课标全国II卷,present_common,H:\New folder\【新·PDF版】2008-2024·高考英语真题\版本2：英语（按省份分类）2008-2024\2008-2024·（西藏）英语高考真题\2015年高考英语试卷（新课标Ⅱ卷）听力音频.mp3,papers/2015/英语/全国/新课标全国II卷/2015_英语_西藏_新课标全国II卷_原卷.mp3,3
2015,英语,陕西,老高考,2025,地方/区域卷,local,陕西卷,present_local,H:\New folder\【新·PDF版】2008-2024·高考英语真题\版本2：英语（按省份分类）2008-2024\2008-2024·（陕西）英语高考真题\2015年高考英语试卷（陕西）（空白卷）.pdf,papers/2015/英语/陕西/陕西卷/2015_英语_陕西_陕西卷_原卷.pdf,2
2015,英语,甘肃,老高考,2024,全国卷,common,新课标全国II卷,present_common,H:\New folder\【新·PDF版】2008-2024·高考英语真题\版本2：英语（按省份分类）2008-2024\2008-2024·（甘肃）英语高考真题\2015年高考英语试卷（新课标Ⅱ卷）听力音频.mp3,papers/2015/英语/全国/新课标全国II卷/2015_英语_甘肃_新课标全国II卷_原卷.mp3,3
2015,英语,青海,老高考,2025,全国卷,common,新课标全国II卷,present_common,H:\New folder\【新·PDF版】2008-2024·高考英语真题\版本2：英语（按省份分类）2008-2024\2008-2024·（青海）英语高考真题\2015年高考英语试卷（新课标Ⅱ卷）听力音频.mp3,papers/2015/英语/全国/新课标全国II卷/2015_英语_青海_新课标全国II卷_原卷.mp3,3
2015,英语,宁夏,老高考,2025,全国卷,common,新课标全国II卷,present_common,H:\New folder\【新·PDF版】2008-2024·高考英语真题\版本2：英语（按省份分类）2008-2024\2008-2024·（宁夏）英语高考真题\2015年高考英语试卷（新课标Ⅱ卷）听力音频.mp3,papers/2015/英语/全国/新课标全国II卷/2015_英语_宁夏_新课标全国II卷_原卷.mp3,3
2015,英语,新疆,老高考,,全国卷,common,新课标全国II卷,present_common,H:\New folder\【新·PDF版】2008-2024·高考英语真题\版本2：英语（按省份分类）2008-2024\2008-2024·（新疆）英语高考真题\2015年高考英语试卷（新课标Ⅱ卷）听力音频.mp3,papers/2015/英语/全国/新课标全国II卷/2015_英语_新疆_新课标全国II卷_原卷.mp3,3
2015,物理,北京,老高考,2020,地方/区域卷,local,北京卷,present_local,H:\New folder\【新·PDF版】2008-2024·高考物理真题\版本2：物理（按省份分类）2008-2024\2008-2024·（北京）物理高考真题\2015年高考物理试卷（北京）（空白卷）.pdf,papers/2015/物理/北京/北京卷/2015_物理_北京_北京卷_原卷.pdf,2
2015,物理,天津,老高考,2020,地方/区域卷,local,天津卷,present_local,H:\New folder\【新·PDF版】2008-2024·高考物理真题\版本2：物理（按省份分类）2008-2024\2008-2023·（天津）物理高考真题\2015年高考物理试卷（天津）（空白卷）.pdf,papers/2015/物理/天津/天津卷/2015_物理_天津_天津卷_原卷.pdf,2
2015,物理,河北,老高考,2021,全国卷,common,新课标全国I卷,present_common,H:\New folder\【新·PDF版】2008-2024·高考物理真题\版本2：物理（按省份分类）2008-2024\2008-2024·（河北）物理高考真题\2015年高考物理试卷（新课标Ⅰ）（空白卷）.pdf,papers/2015/物理/全国/新课标全国I卷/2015_物理_河北_新课标全国I卷_原卷.pdf,2
2015,物理,山西,老高考,2025,全国卷,common,新课标全国I卷,present_common,H:\New folder\【新·PDF版】2008-2024·高考物理真题\版本2：物理（按省份分类）2008-2024\2008-2024·（山西）物理高考真题\2015年高考物理试卷（新课标Ⅰ）（空白卷）.pdf,papers/2015/物理/全国/新课标全国I卷/2015_物理_山西_新课标全国I卷_原卷.pdf,2
2015,物理,内蒙古,老高考,2025,全国卷,common,新课标全国II卷,present_common,H:\New folder\【新·PDF版】2008-2024·高考物理真题\版本2：物理（按省份分类）2008-2024\2008-2024·（内蒙古）物理高考真题\2015年高考物理试卷（新课标Ⅱ）（空白卷）.pdf,papers/2015/物理/全国/新课标全国II卷/2015_物理_内蒙古_新课标全国II卷_原卷.pdf,2
2015,物理,辽宁,老高考,2021,全国卷,common,新课标全国II卷,present_common,H:\New folder\【新·PDF版】2008-2024·高考物理真题\版本2：物理（按省份分类）2008-2024\2010-2024·（辽宁）物理高考真题\2015年高考物理试卷（新课标Ⅱ）（空白卷）.pdf,papers/2015/物理/全国/新课标全国II卷/2015_物理_辽宁_新课标全国II卷_原卷.pdf,2
2015,物理,吉林,老高考,2024,全国卷,common,新课标全国II卷,present_common,H:\New folder\【新·PDF版】2008-2024·高考物理真题\版本2：物理（按省份分类）2008-2024\2008-2024·（吉林）物理高考真题\2015年高考物理试卷（新课标Ⅱ）（空白卷）.pdf,papers/2015/物理/全国/新课标全国II卷/2015_物理_吉林_新课标全国II卷_原卷.pdf,2
2015,物理,黑龙江,老高考,2024,全国卷,common,新课标全国II卷,present_common,H:\New folder\【新·PDF版】2008-2024·高考物理真题\版本2：物理（按省份分类）2008-2024\2008-2024·（黑龙江）物理高考真题\2015年高考物理试卷（新课标Ⅱ）（空白卷）.pdf,papers/2015/物理/全国/新课标全国II卷/2015_物理_黑龙江_新课标全国II卷_原卷.pdf,2
2015,物理,上海,老高考,2017,地方/区域卷,local,上海卷,present_local,H:\New folder\【新·PDF版】2008-2024·高考物理真题\版本2：物理（按省份分类）2008-2024\2008-2024·（上海）物理高考真题\2015年高考物理试卷（上海）（空白卷）.pdf,papers/2015/物理/上海/上海卷/2015_物理_上海_上海卷_原卷.pdf,2
2015,物理,江苏,老高考,2021,地方/区域卷,local,江苏卷,present_local,H:\New folder\【新·PDF版】2008-2024·高考物理真题\版本2：物理（按省份分类）2008-2024\2008-2024·（江苏）物理高考真题\2015年高考物理试卷（江苏）（空白卷）.pdf,papers/2015/物理/江苏/江苏卷/2015_物理_江苏_江苏卷_原卷.pdf,2
2015,物理,浙江,老高考,2017,地方/区域卷,local,浙江卷,present_local,H:\New folder\【新·PDF版】2008-2024·高考物理真题\版本2：物理（按省份分类）2008-2024\2008-2024·（浙江）物理高考真题\2015年高考物理试卷（浙江）（10月）（空白卷）.pdf,papers/2015/物理/浙江/浙江卷/2015_物理_浙江_浙江卷_原卷.pdf,4
2015,物理,安徽,老高考,2024,地方/区域卷,local,安徽卷,present_local,H:\New folder\【新·PDF版】2008-2024·高考物理真题\版本2：物理（按省份分类）2008-2024\2012-2024·（安徽）物理高考真题\2015年高考物理试卷（安徽）（空白卷）.pdf,papers/2015/物理/安徽/安徽卷/2015_物理_安徽_安徽卷_原卷.pdf,2
2015,物理,福建,老高考,2021,地方/区域卷,local,福建卷,present_local,H:\New folder\【新·PDF版】2008-2024·高考物理真题\版本2：物理（按省份分类）2008-2024\2012-2023·（福建）物理高考真题\2015年高考物理试卷（福建）（空白卷）.pdf,papers/2015/物理/福建/福建卷/2015_物理_福建_福建卷_原卷.pdf,2
2015,物理,江西,老高考,2024,全国卷,common,新课标全国I卷,present_common,H:\New folder\【新·PDF版】2008-2024·高考物理真题\版本2：物理（按省份分类）2008-2024\2008-2024·（江西）物理高考真题\2015年高考物理试卷（新课标Ⅰ）（空白卷）.pdf,papers/2015/物理/全国/新课标全国I卷/2015_物理_江西_新课标全国I卷_原卷.pdf,2
2015,物理,山东,老高考,2020,地方/区域卷,local,山东卷,present_local,H:\New folder\【新·PDF版】2008-2024·高考物理真题\版本2：物理（按省份分类）2008-2024\2008-2024·（山东）物理高考真题\2015年高考物理试卷（山东）（空白卷）.pdf,papers/2015/物理/山东/山东卷/2015_物理_山东_山东卷_原卷.pdf,2
2015,物理,河南,老高考,2025,全国卷,common,新课标全国I卷,present_common,H:\New folder\【新·PDF版】2008-2024·高考物理真题\版本2：物理（按省份分类）2008-2024\2008-2024·（河南）物理高考真题\2015年高考物理试卷（新课标Ⅰ）（空白卷）.pdf,papers/2015/物理/全国/新课标全国I卷/2015_物理_河南_新课标全国I卷_原卷.pdf,2
2015,物理,湖北,老高考,2021,全国卷,common,新课标全国I卷,present_common,H:\New folder\【新·PDF版】2008-2024·高考物理真题\版本2：物理（按省份分类）2008-2024\2008-2024·（湖北）物理高考真题\2015年高考物理试卷（新课标Ⅰ）（空白卷）.pdf,papers/2015/物理/全国/新课标全国I卷/2015_物理_湖北_新课标全国I卷_原卷.pdf,2
2015,物理,湖南,老高考,2021,全国卷,common,新课标全国I卷,present_common,H:\New folder\【新·PDF版】2008-2024·高考物理真题\版本2：物理（按省份分类）2008-2024\2008-2024·（湖南）物理高考真题\2015年高考物理试卷（新课标Ⅰ）（空白卷）.pdf,papers/2015/物理/全国/新课标全国I卷/2015_物理_湖南_新课标全国I卷_原卷.pdf,2
2015,物理,广东,老高考,2021,地方/区域卷,local,广东卷,present_local,H:\New folder\【新·PDF版】2008-2024·高考物理真题\版本2：物理（按省份分类）2008-2024\2008-2024·（广东）物理高考真题\2015年高考物理试卷（广东）（空白卷）.pdf,papers/2015/物理/广东/广东卷/2015_物理_广东_广东卷_原卷.pdf,2
2015,物理,广西,老高考,2024,全国卷,common,新课标全国II卷,present_common,H:\New folder\【新·PDF版】2008-2024·高考物理真题\版本2：物理（按省份分类）2008-2024\2008-2024·（广西）物理高考真题\2015年高考物理试卷（新课标Ⅱ）（空白卷）.pdf,papers/2015/物理/全国/新课标全国II卷/2015_物理_广西_新课标全国II卷_原卷.pdf,2
2015,物理,海南,老高考,2020,地方/区域卷,local,海南卷,present_local,H:\New folder\【新·PDF版】2008-2024·高考物理真题\版本2：物理（按省份分类）2008-2024\2008-2024·（海南）物理高考真题\2015年高考物理试卷（海南）（空白卷）.pdf,papers/2015/物理/海南/海南卷/2015_物理_海南_海南卷_原卷.pdf,2
2015,物理,重庆,老高考,2021,地方/区域卷,local,重庆卷,present_local,H:\New folder\【新·PDF版】2008-2024·高考物理真题\版本2：物理（按省份分类）2008-2024\2012-2023·（重庆）物理高考真题\2015年高考物理试卷（重庆）（空白卷）.pdf,papers/2015/物理/重庆/重庆卷/2015_物理_重庆_重庆卷_原卷.pdf,2
2015,物理,四川,老高考,2025,地方/区域卷,local,四川卷,present_local,H:\New folder\【新·PDF版】2008-2024·高考物理真题\版本2：物理（按省份分类）2008-2024\2008-2024·（四川）物理高考真题\2015年高考物理试卷（四川）（空白卷）.pdf,papers/2015/物理/四川/四川卷/2015_物理_四川_四川卷_原卷.pdf,2
2015,物理,贵州,老高考,2024,全国卷,common,新课标全国II卷,present_common,H:\New folder\【新·PDF版】2008-2024·高考物理真题\版本2：物理（按省份分类）2008-2024\2008-2023·（贵州）物理高考真题\2015年高考物理试卷（新课标Ⅱ）（空白卷）.pdf,papers/2015/物理/全国/新课标全国II卷/2015_物理_贵州_新课标全国II卷_原卷.pdf,2
2015,物理,云南,老高考,2025,全国卷,common,新课标全国II卷,present_common,H:\New folder\【新·PDF版】2008-2024·高考物理真题\版本2：物理（按省份分类）2008-2024\2008-2024·（云南）物理高考真题\2015年高考物理试卷（新课标Ⅱ）（空白卷）.pdf,papers/2015/物理/全国/新课标全国II卷/2015_物理_云南_新课标全国II卷_原卷.pdf,2
2015,物理,西藏,老高考,,全国卷,common,新课标全国II卷,present_common,H:\New folder\【新·PDF版】2008-2024·高考物理真题\版本2：物理（按省份分类）2008-2024\2008-2024·（西藏）物理高考真题\2015年高考物理试卷（新课标Ⅱ）（空白卷）.pdf,papers/2015/物理/全国/新课标全国II卷/2015_物理_西藏_新课标全国II卷_原卷.pdf,2
2015,物理,陕西,老高考,2025,全国卷,common,新课标全国II卷,present_common,H:\New folder\【新·PDF版】2008-2024·高考物理真题\版本2：物理（按省份分类）2008-2024\2008-2024·（陕西）物理高考真题\2015年高考物理试卷（新课标Ⅱ）（空白卷）.pdf,papers/2015/物理/全国/新课标全国II卷/2015_物理_陕西_新课标全国II卷_原卷.pdf,2
2015,物理,甘肃,老高考,2024,全国卷,common,新课标全国II卷,present_common,H:\New folder\【新·PDF版】2008-2024·高考物理真题\版本2：物理（按省份分类）2008-2024\2008-2024·（甘肃）物理高考真题\2015年高考物理试卷（新课标Ⅱ）（空白卷）.pdf,papers/2015/物理/全国/新课标全国II卷/2015_物理_甘肃_新课标全国II卷_原卷.pdf,2
2015,物理,青海,老高考,2025,全国卷,common,新课标全国II卷,present_common,H:\New folder\【新·PDF版】2008-2024·高考物理真题\版本2：物理（按省份分类）2008-2024\2008-2024·（青海）物理高考真题\2015年高考物理试卷（新课标Ⅱ）（空白卷）.pdf,papers/2015/物理/全国/新课标全国II卷/2015_物理_青海_新课标全国II卷_原卷.pdf,2
2015,物理,宁夏,老高考,2025,全国卷,common,新课标全国II卷,present_common,H:\New folder\【新·PDF版】2008-2024·高考物理真题\版本2：物理（按省份分类）2008-2024\2010-2024·（宁夏）物理高考真题\2015年高考物理试卷（新课标Ⅱ）（空白卷）.pdf,papers/2015/物理/全国/新课标全国II卷/2015_物理_宁夏_新课标全国II卷_原卷.pdf,2
2015,物理,新疆,老高考,,全国卷,common,新课标全国II卷,present_common,H:\New folder\【新·PDF版】2008-2024·高考物理真题\版本2：物理（按省份分类）2008-2024\2008-2024·（新疆）物理高考真题\2015年高考物理试卷（新课标Ⅱ）（空白卷）.pdf,papers/2015/物理/全国/新课标全国II卷/2015_物理_新疆_新课标全国II卷_原卷.pdf,2
2015,化学,北京,老高考,2020,地方/区域卷,local,北京卷,present_local,H:\New folder\【新·PDF版】2008-2024·高考化学真题\版本2：化学（按省份分类）2008-2024\2008-2024·（北京）化学高考真题\2015年高考化学试卷（北京）（空白卷）.pdf,papers/2015/化学/北京/北京卷/2015_化学_北京_北京卷_原卷.pdf,2
2015,化学,天津,老高考,2020,地方/区域卷,local,天津卷,present_local,H:\New folder\【新·PDF版】2008-2024·高考化学真题\版本2：化学（按省份分类）2008-2024\2008-2023·（天津）化学高考真题\2015年高考化学试卷（天津）（空白卷）.pdf,papers/2015/化学/天津/天津卷/2015_化学_天津_天津卷_原卷.pdf,2
2015,化学,河北,老高考,2021,全国卷,common,新课标全国I卷,present_common,H:\New folder\【新·PDF版】2008-2024·高考化学真题\版本2：化学（按省份分类）2008-2024\2008-2024·（河北）化学高考真题\2015年高考化学试卷（新课标Ⅰ）（空白卷）.pdf,papers/2015/化学/全国/新课标全国I卷/2015_化学_河北_新课标全国I卷_原卷.pdf,2
2015,化学,山西,老高考,2025,全国卷,common,新课标全国I卷,present_common,H:\New folder\【新·PDF版】2008-2024·高考化学真题\版本2：化学（按省份分类）2008-2024\2008-2024·（山西）化学高考真题\2015年高考化学试卷（新课标Ⅰ）（空白卷）.pdf,papers/2015/化学/全国/新课标全国I卷/2015_化学_山西_新课标全国I卷_原卷.pdf,2
2015,化学,内蒙古,老高考,2025,全国卷,common,新课标全国II卷,present_common,H:\New folder\【新·PDF版】2008-2024·高考化学真题\版本2：化学（按省份分类）2008-2024\2008-2024·（内蒙古）化学高考真题\2015年高考化学试卷（新课标Ⅱ）（空白卷）.pdf,papers/2015/化学/全国/新课标全国II卷/2015_化学_内蒙古_新课标全国II卷_原卷.pdf,2
2015,化学,辽宁,老高考,2021,全国卷,common,新课标全国II卷,present_common,H:\New folder\【新·PDF版】2008-2024·高考化学真题\版本2：化学（按省份分类）2008-2024\2010-2024·（辽宁）化学高考真题\2015年高考化学试卷（新课标Ⅱ）（空白卷）.pdf,papers/2015/化学/全国/新课标全国II卷/2015_化学_辽宁_新课标全国II卷_原卷.pdf,2
2015,化学,吉林,老高考,2024,全国卷,common,新课标全国II卷,present_common,H:\New folder\【新·PDF版】2008-2024·高考化学真题\版本2：化学（按省份分类）2008-2024\2008-2024·（吉林）化学高考真题\2015年高考化学试卷（新课标Ⅱ）（空白卷）.pdf,papers/2015/化学/全国/新课标全国II卷/2015_化学_吉林_新课标全国II卷_原卷.pdf,2
2015,化学,黑龙江,老高考,2024,全国卷,common,新课标全国II卷,present_common,H:\New folder\【新·PDF版】2008-2024·高考化学真题\版本2：化学（按省份分类）2008-2024\2008-2024·（黑龙江）化学高考真题\2015年高考化学试卷（新课标Ⅱ）（空白卷）.pdf,papers/2015/化学/全国/新课标全国II卷/2015_化学_黑龙江_新课标全国II卷_原卷.pdf,2
2015,化学,上海,老高考,2017,地方/区域卷,local,上海卷,present_local,H:\New folder\【新·PDF版】2008-2024·高考化学真题\版本2：化学（按省份分类）2008-2024\2008-2024·（上海）化学高考真题\2015年高考化学试卷（上海）（空白卷）.pdf,papers/2015/化学/上海/上海卷/2015_化学_上海_上海卷_原卷.pdf,2
2015,化学,江苏,老高考,2021,地方/区域卷,local,江苏卷,present_local,H:\New folder\【新·PDF版】2008-2024·高考化学真题\版本2：化学（按省份分类）2008-2024\2008-2024·（江苏）化学高考真题\2015年高考化学试卷（江苏）（空白卷）   .pdf,papers/2015/化学/江苏/江苏卷/2015_化学_江苏_江苏卷_原卷.pdf,2
2015,化学,浙江,老高考,2017,地方/区域卷,local,浙江卷,present_local,H:\New folder\【新·PDF版】2008-2024·高考化学真题\版本2：化学（按省份分类）2008-2024\2008-2024·（浙江）化学高考真题\2015年高考化学试卷（浙江）（10月）（空白卷）.pdf,papers/2015/化学/浙江/浙江卷/2015_化学_浙江_浙江卷_原卷.pdf,4
2015,化学,安徽,老高考,2024,地方/区域卷,local,安徽卷,present_local,H:\New folder\【新·PDF版】2008-2024·高考化学真题\版本2：化学（按省份分类）2008-2024\2012-2024·（安徽）化学高考真题\2015年高考化学试卷（安徽）（空白卷）.pdf,papers/2015/化学/安徽/安徽卷/2015_化学_安徽_安徽卷_原卷.pdf,2
2015,化学,福建,老高考,2021,地方/区域卷,local,福建卷,present_local,H:\New folder\【新·PDF版】2008-2024·高考化学真题\版本2：化学（按省份分类）2008-2024\2012-2023·（福建）化学高考真题\2015年高考化学试卷（福建）（空白卷）.pdf,papers/2015/化学/福建/福建卷/2015_化学_福建_福建卷_原卷.pdf,2
2015,化学,江西,老高考,2024,全国卷,common,新课标全国I卷,present_common,H:\New folder\【新·PDF版】2008-2024·高考化学真题\版本2：化学（按省份分类）2008-2024\2008-2023·（江西）化学高考真题\2015年高考化学试卷（新课标Ⅰ）（空白卷）.pdf,papers/2015/化学/全国/新课标全国I卷/2015_化学_江西_新课标全国I卷_原卷.pdf,2
2015,化学,山东,老高考,2020,地方/区域卷,local,山东卷,present_local,H:\New folder\【新·PDF版】2008-2024·高考化学真题\版本2：化学（按省份分类）2008-2024\2008-2024·（山东）化学高考真题\2015年高考化学试卷（山东）（空白卷）.pdf,papers/2015/化学/山东/山东卷/2015_化学_山东_山东卷_原卷.pdf,2
2015,化学,河南,老高考,2025,全国卷,common,新课标全国I卷,present_common,H:\New folder\【新·PDF版】2008-2024·高考化学真题\版本2：化学（按省份分类）2008-2024\2008-2024·（河南）化学高考真题\2015年高考化学试卷（新课标Ⅰ）（空白卷）.pdf,papers/2015/化学/全国/新课标全国I卷/2015_化学_河南_新课标全国I卷_原卷.pdf,2
2015,化学,湖北,老高考,2021,全国卷,common,新课标全国I卷,present_common,H:\New folder\【新·PDF版】2008-2024·高考化学真题\版本2：化学（按省份分类）2008-2024\2008-2024·（湖北）化学高考真题\2015年高考化学试卷（新课标Ⅰ）（空白卷）.pdf,papers/2015/化学/全国/新课标全国I卷/2015_化学_湖北_新课标全国I卷_原卷.pdf,2
2015,化学,湖南,老高考,2021,全国卷,common,新课标全国I卷,present_common,H:\New folder\【新·PDF版】2008-2024·高考化学真题\版本2：化学（按省份分类）2008-2024\2008-2024·（湖南）化学高考真题\2015年高考化学试卷（新课标Ⅰ）（空白卷）.pdf,papers/2015/化学/全国/新课标全国I卷/2015_化学_湖南_新课标全国I卷_原卷.pdf,2
2015,化学,广东,老高考,2021,地方/区域卷,local,广东卷,present_local,H:\New folder\【新·PDF版】2008-2024·高考化学真题\版本2：化学（按省份分类）2008-2024\2008-2024·（广东）化学高考真题\2015年高考化学试卷（广东）（空白卷）.pdf,papers/2015/化学/广东/广东卷/2015_化学_广东_广东卷_原卷.pdf,2
2015,化学,广西,老高考,2024,全国卷,common,新课标全国II卷,present_common,H:\New folder\【新·PDF版】2008-2024·高考化学真题\版本2：化学（按省份分类）2008-2024\2008-2023·（广西）化学高考真题\2015年高考化学试卷（新课标Ⅱ）（空白卷）.pdf,papers/2015/化学/全国/新课标全国II卷/2015_化学_广西_新课标全国II卷_原卷.pdf,2
2015,化学,海南,老高考,2020,地方/区域卷,local,海南卷,present_local,H:\New folder\【新·PDF版】2008-2024·高考化学真题\版本2：化学（按省份分类）2008-2024\2008-2023·（海南）化学高考真题\2015年高考化学试卷（海南）（空白卷）.pdf,papers/2015/化学/海南/海南卷/2015_化学_海南_海南卷_原卷.pdf,2
2015,化学,重庆,老高考,2021,地方/区域卷,local,重庆卷,present_local,H:\New folder\【新·PDF版】2008-2024·高考化学真题\版本2：化学（按省份分类）2008-2024\2012-2023·（重庆）化学高考真题\2015年高考化学试卷（重庆）（空白卷）.pdf,papers/2015/化学/重庆/重庆卷/2015_化学_重庆_重庆卷_原卷.pdf,2
2015,化学,四川,老高考,2025,地方/区域卷,local,四川卷,present_local,H:\New folder\【新·PDF版】2008-2024·高考化学真题\版本2：化学（按省份分类）2008-2024\2008-2024·（四川）化学高考真题\2015年高考化学试卷（四川）（空白卷）.pdf,papers/2015/化学/四川/四川卷/2015_化学_四川_四川卷_原卷.pdf,2
2015,化学,贵州,老高考,2024,全国卷,common,新课标全国II卷,present_common,H:\New folder\【新·PDF版】2008-2024·高考化学真题\版本2：化学（按省份分类）2008-2024\2008-2023·（贵州）化学高考真题\2015年高考化学试卷（新课标Ⅱ）（空白卷）.pdf,papers/2015/化学/全国/新课标全国II卷/2015_化学_贵州_新课标全国II卷_原卷.pdf,2
2015,化学,云南,老高考,2025,全国卷,common,新课标全国II卷,present_common,H:\New folder\【新·PDF版】2008-2024·高考化学真题\版本2：化学（按省份分类）2008-2024\2008-2024·（云南）化学高考真题\2015年高考化学试卷（新课标Ⅱ）（空白卷）.pdf,papers/2015/化学/全国/新课标全国II卷/2015_化学_云南_新课标全国II卷_原卷.pdf,2
2015,化学,西藏,老高考,,全国卷,common,新课标全国II卷,present_common,H:\New folder\【新·PDF版】2008-2024·高考化学真题\版本2：化学（按省份分类）2008-2024\2008-2024·（西藏）化学高考真题\2015年高考化学试卷（新课标Ⅱ）（空白卷）.pdf,papers/2015/化学/全国/新课标全国II卷/2015_化学_西藏_新课标全国II卷_原卷.pdf,2
2015,化学,陕西,老高考,2025,全国卷,common,新课标全国II卷,present_common,H:\New folder\【新·PDF版】2008-2024·高考化学真题\版本2：化学（按省份分类）2008-2024\2008-2024·（陕西）化学高考真题\2015年高考化学试卷（新课标Ⅱ）（空白卷）.pdf,papers/2015/化学/全国/新课标全国II卷/2015_化学_陕西_新课标全国II卷_原卷.pdf,2
2015,化学,甘肃,老高考,2024,全国卷,common,新课标全国II卷,present_common,H:\New folder\【新·PDF版】2008-2024·高考化学真题\版本2：化学（按省份分类）2008-2024\2008-2024·（甘肃）化学高考真题\2015年高考化学试卷（新课标Ⅱ）（空白卷）.pdf,papers/2015/化学/全国/新课标全国II卷/2015_化学_甘肃_新课标全国II卷_原卷.pdf,2
2015,化学,青海,老高考,2025,全国卷,common,新课标全国II卷,present_common,H:\New folder\【新·PDF版】2008-2024·高考化学真题\版本2：化学（按省份分类）2008-2024\2008-2024·（青海）化学高考真题\2015年高考化学试卷（新课标Ⅱ）（空白卷）.pdf,papers/2015/化学/全国/新课标全国II卷/2015_化学_青海_新课标全国II卷_原卷.pdf,2
2015,化学,宁夏,老高考,2025,全国卷,common,新课标全国II卷,present_common,H:\New folder\【新·PDF版】2008-2024·高考化学真题\版本2：化学（按省份分类）2008-2024\2010-2024·（宁夏）化学高考真题\2015年高考化学试卷（新课标Ⅱ）（空白卷）.pdf,papers/2015/化学/全国/新课标全国II卷/2015_化学_宁夏_新课标全国II卷_原卷.pdf,2
2015,化学,新疆,老高考,,全国卷,common,新课标全国II卷,present_common,H:\New folder\【新·PDF版】2008-2024·高考化学真题\版本2：化学（按省份分类）2008-2024\2008-2024·（新疆）化学高考真题\2015年高考化学试卷（新课标Ⅱ）（空白卷）.pdf,papers/2015/化学/全国/新课标全国II卷/2015_化学_新疆_新课标全国II卷_原卷.pdf,2
2015,生物,北京,老高考,2020,地方/区域卷,local,北京卷,present_local,H:\New folder\【新·PDF版】2008-2024·高考生物真题\版本2：生物（按省份分类）2008-2024\2008-2024·（北京）生物高考真题\2015年高考生物试卷（北京）（空白卷）.pdf,papers/2015/生物/北京/北京卷/2015_生物_北京_北京卷_原卷.pdf,2
2015,生物,天津,老高考,2020,地方/区域卷,local,天津卷,present_local,H:\New folder\【新·PDF版】2008-2024·高考生物真题\版本2：生物（按省份分类）2008-2024\2008-2023·（天津）生物高考真题\2015年高考生物试卷（天津）（空白卷）.pdf,papers/2015/生物/天津/天津卷/2015_生物_天津_天津卷_原卷.pdf,2
2015,生物,河北,老高考,2021,全国卷,common,新课标全国I卷,present_common,H:\New folder\【新·PDF版】2008-2024·高考生物真题\版本2：生物（按省份分类）2008-2024\2008-2024·（河北）生物高考真题\2015年高考生物试卷（新课标Ⅰ）（空白卷）.pdf,papers/2015/生物/全国/新课标全国I卷/2015_生物_河北_新课标全国I卷_原卷.pdf,2
2015,生物,山西,老高考,2025,全国卷,common,新课标全国I卷,present_common,H:\New folder\【新·PDF版】2008-2024·高考生物真题\版本2：生物（按省份分类）2008-2024\2008-2024·（山西）生物高考真题\2015年高考生物试卷（新课标Ⅰ）（空白卷）.pdf,papers/2015/生物/全国/新课标全国I卷/2015_生物_山西_新课标全国I卷_原卷.pdf,2
2015,生物,内蒙古,老高考,2025,全国卷,common,新课标全国II卷,present_common,H:\New folder\【新·PDF版】2008-2024·高考生物真题\版本2：生物（按省份分类）2008-2024\2008-2024·（内蒙古）生物高考真题\2015年高考生物试卷（新课标Ⅱ）（空白卷）.pdf,papers/2015/生物/全国/新课标全国II卷/2015_生物_内蒙古_新课标全国II卷_原卷.pdf,2
2015,生物,辽宁,老高考,2021,全国卷,common,新课标全国II卷,present_common,H:\New folder\【新·PDF版】2008-2024·高考生物真题\版本2：生物（按省份分类）2008-2024\2010-2024·（辽宁）生物高考真题\2015年高考生物试卷（新课标Ⅱ）（空白卷）.pdf,papers/2015/生物/全国/新课标全国II卷/2015_生物_辽宁_新课标全国II卷_原卷.pdf,2
2015,生物,吉林,老高考,2024,全国卷,common,新课标全国II卷,present_common,H:\New folder\【新·PDF版】2008-2024·高考生物真题\版本2：生物（按省份分类）2008-2024\2008-2024·（吉林）生物高考真题\2015年高考生物试卷（新课标Ⅱ）（空白卷）.pdf,papers/2015/生物/全国/新课标全国II卷/2015_生物_吉林_新课标全国II卷_原卷.pdf,2
2015,生物,黑龙江,老高考,2024,全国卷,common,新课标全国II卷,present_common,H:\New folder\【新·PDF版】2008-2024·高考生物真题\版本2：生物（按省份分类）2008-2024\2008-2024·（黑龙江）生物高考真题\2015年高考生物试卷（新课标Ⅱ）（空白卷）.pdf,papers/2015/生物/全国/新课标全国II卷/2015_生物_黑龙江_新课标全国II卷_原卷.pdf,2
2015,生物,上海,老高考,2017,地方/区域卷,local,上海卷,present_local,H:\New folder\【新·PDF版】2008-2024·高考生物真题\版本2：生物（按省份分类）2008-2024\2008-2022·（上海）生物高考真题\2015年高考生物试卷（上海）（空白卷）.pdf,papers/2015/生物/上海/上海卷/2015_生物_上海_上海卷_原卷.pdf,2
2015,生物,江苏,老高考,2021,地方/区域卷,local,江苏卷,present_local,H:\New folder\【新·PDF版】2008-2024·高考生物真题\版本2：生物（按省份分类）2008-2024\2008-2023·（江苏）生物高考真题\2015年高考生物试卷（江苏）（空白卷）.pdf,papers/2015/生物/江苏/江苏卷/2015_生物_江苏_江苏卷_原卷.pdf,2
2015,生物,浙江,老高考,2017,地方/区域卷,local,浙江卷,present_local,H:\New folder\【新·PDF版】2008-2024·高考生物真题\版本2：生物（按省份分类）2008-2024\2008-2024·（浙江）生物高考真题\2015年高考生物试卷（浙江）（10月）（空白卷）.pdf,papers/2015/生物/浙江/浙江卷/2015_生物_浙江_浙江卷_原卷.pdf,4
2015,生物,安徽,老高考,2024,地方/区域卷,local,安徽卷,present_local,H:\New folder\【新·PDF版】2008-2024·高考生物真题\版本2：生物（按省份分类）2008-2024\2012-2024·（安徽）生物高考真题\2015年高考生物试卷（安徽）（空白卷）.pdf,papers/2015/生物/安徽/安徽卷/2015_生物_安徽_安徽卷_原卷.pdf,2
2015,生物,福建,老高考,2021,地方/区域卷,local,福建卷,present_local,H:\New folder\【新·PDF版】2008-2024·高考生物真题\版本2：生物（按省份分类）2008-2024\2012-2023·（福建）生物高考真题\2015年高考生物试卷（福建）（空白卷）.pdf,papers/2015/生物/福建/福建卷/2015_生物_福建_福建卷_原卷.pdf,2
2015,生物,江西,老高考,2024,全国卷,common,新课标全国I卷,present_common,H:\New folder\【新·PDF版】2008-2024·高考生物真题\版本2：生物（按省份分类）2008-2024\2008-2024·（江西）生物高考真题\2015年高考生物试卷（新课标Ⅰ）（空白卷）.pdf,papers/2015/生物/全国/新课标全国I卷/2015_生物_江西_新课标全国I卷_原卷.pdf,2
2015,生物,山东,老高考,2020,地方/区域卷,local,山东卷,present_local,H:\New folder\【新·PDF版】2008-2024·高考生物真题\版本2：生物（按省份分类）2008-2024\2008-2024·（山东）生物高考真题\2015年高考生物试卷（山东）（空白卷）.pdf,papers/2015/生物/山东/山东卷/2015_生物_山东_山东卷_原卷.pdf,2
2015,生物,河南,老高考,2025,全国卷,common,新课标全国I卷,present_common,H:\New folder\【新·PDF版】2008-2024·高考生物真题\版本2：生物（按省份分类）2008-2024\2008-2024·（河南）生物高考真题\2015年高考生物试卷（新课标Ⅰ）（空白卷）.pdf,papers/2015/生物/全国/新课标全国I卷/2015_生物_河南_新课标全国I卷_原卷.pdf,2
2015,生物,湖北,老高考,2021,全国卷,common,新课标全国I卷,present_common,H:\New folder\【新·PDF版】2008-2024·高考生物真题\版本2：生物（按省份分类）2008-2024\2008-2024·（湖北）生物高考真题\2015年高考生物试卷（新课标Ⅰ）（空白卷）.pdf,papers/2015/生物/全国/新课标全国I卷/2015_生物_湖北_新课标全国I卷_原卷.pdf,2
2015,生物,湖南,老高考,2021,全国卷,common,新课标全国I卷,present_common,H:\New folder\【新·PDF版】2008-2024·高考生物真题\版本2：生物（按省份分类）2008-2024\2008-2024·（湖南）生物高考真题\2015年高考生物试卷（新课标Ⅰ）（空白卷）.pdf,papers/2015/生物/全国/新课标全国I卷/2015_生物_湖南_新课标全国I卷_原卷.pdf,2
2015,生物,广东,老高考,2021,地方/区域卷,local,广东卷,present_local,H:\New folder\【新·PDF版】2008-2024·高考生物真题\版本2：生物（按省份分类）2008-2024\2008-2024·（广东）生物高考真题\2015年高考生物试卷（广东）（空白卷）.pdf,papers/2015/生物/广东/广东卷/2015_生物_广东_广东卷_原卷.pdf,2
2015,生物,广西,老高考,2024,全国卷,common,新课标全国II卷,present_common,H:\New folder\【新·PDF版】2008-2024·高考生物真题\版本2：生物（按省份分类）2008-2024\2008-2023·（广西）生物高考真题\2015年高考生物试卷（新课标Ⅱ）（空白卷）.pdf,papers/2015/生物/全国/新课标全国II卷/2015_生物_广西_新课标全国II卷_原卷.pdf,2
2015,生物,海南,老高考,2020,地方/区域卷,local,海南卷,present_local,H:\New folder\【新·PDF版】2008-2024·高考生物真题\版本2：生物（按省份分类）2008-2024\2008-2023·（海南）生物高考真题\2015年高考生物试卷（海南）（空白卷）.pdf,papers/2015/生物/海南/海南卷/2015_生物_海南_海南卷_原卷.pdf,2
2015,生物,重庆,老高考,2021,地方/区域卷,local,重庆卷,present_local,H:\New folder\【新·PDF版】2008-2024·高考生物真题\版本2：生物（按省份分类）2008-2024\2012-2023·（重庆）生物高考真题\2015年高考生物试卷（重庆）（空白卷）.pdf,papers/2015/生物/重庆/重庆卷/2015_生物_重庆_重庆卷_原卷.pdf,2
2015,生物,四川,老高考,2025,地方/区域卷,local,四川卷,present_local,H:\New folder\【新·PDF版】2008-2024·高考生物真题\版本2：生物（按省份分类）2008-2024\2008-2024·（四川）生物高考真题\2015年高考生物试卷（四川）（空白卷）.pdf,papers/2015/生物/四川/四川卷/2015_生物_四川_四川卷_原卷.pdf,2
2015,生物,贵州,老高考,2024,全国卷,common,新课标全国II卷,present_common,H:\New folder\【新·PDF版】2008-2024·高考生物真题\版本2：生物（按省份分类）2008-2024\2008-2023·（贵州）生物高考真题\2015年高考生物试卷（新课标Ⅱ）（空白卷）.pdf,papers/2015/生物/全国/新课标全国II卷/2015_生物_贵州_新课标全国II卷_原卷.pdf,2
2015,生物,云南,老高考,2025,全国卷,common,新课标全国II卷,present_common,H:\New folder\【新·PDF版】2008-2024·高考生物真题\版本2：生物（按省份分类）2008-2024\2008-2024·（云南）生物高考真题\2015年高考生物试卷（新课标Ⅱ）（空白卷）.pdf,papers/2015/生物/全国/新课标全国II卷/2015_生物_云南_新课标全国II卷_原卷.pdf,2
2015,生物,西藏,老高考,,全国卷,common,新课标全国II卷,present_common,H:\New folder\【新·PDF版】2008-2024·高考生物真题\版本2：生物（按省份分类）2008-2024\2008-2024·（西藏）生物高考真题\2015年高考生物试卷（新课标Ⅱ）（空白卷）.pdf,papers/2015/生物/全国/新课标全国II卷/2015_生物_西藏_新课标全国II卷_原卷.pdf,2
2015,生物,陕西,老高考,2025,全国卷,common,新课标全国II卷,present_common,H:\New folder\【新·PDF版】2008-2024·高考生物真题\版本2：生物（按省份分类）2008-2024\2008-2024·（陕西）生物高考真题\2015年高考生物试卷（新课标Ⅱ）（空白卷）.pdf,papers/2015/生物/全国/新课标全国II卷/2015_生物_陕西_新课标全国II卷_原卷.pdf,2
2015,生物,甘肃,老高考,2024,全国卷,common,新课标全国II卷,present_common,H:\New folder\【新·PDF版】2008-2024·高考生物真题\版本2：生物（按省份分类）2008-2024\2008-2024·（甘肃）生物高考真题\2015年高考生物试卷（新课标Ⅱ）（空白卷）.pdf,papers/2015/生物/全国/新课标全国II卷/2015_生物_甘肃_新课标全国II卷_原卷.pdf,2
2015,生物,青海,老高考,2025,全国卷,common,新课标全国II卷,present_common,H:\New folder\【新·PDF版】2008-2024·高考生物真题\版本2：生物（按省份分类）2008-2024\2008-2024·（青海）生物高考真题\2015年高考生物试卷（新课标Ⅱ）（空白卷）.pdf,papers/2015/生物/全国/新课标全国II卷/2015_生物_青海_新课标全国II卷_原卷.pdf,2
2015,生物,宁夏,老高考,2025,全国卷,common,新课标全国II卷,present_common,H:\New folder\【新·PDF版】2008-2024·高考生物真题\版本2：生物（按省份分类）2008-2024\2010-2024·（宁夏）生物高考真题\2015年高考生物试卷（新课标Ⅱ）（空白卷）.pdf,papers/2015/生物/全国/新课标全国II卷/2015_生物_宁夏_新课标全国II卷_原卷.pdf,2
2015,生物,新疆,老高考,,全国卷,common,新课标全国II卷,present_common,H:\New folder\【新·PDF版】2008-2024·高考生物真题\版本2：生物（按省份分类）2008-2024\2008-2024·（新疆）生物高考真题\2015年高考生物试卷（新课标Ⅱ）（空白卷）.pdf,papers/2015/生物/全国/新课标全国II卷/2015_生物_新疆_新课标全国II卷_原卷.pdf,2
2015,政治,北京,老高考,2020,地方/区域卷,local,北京卷,present_local,H:\New folder\【新·PDF版】2008-2024·高考政治真题\版本2：政治（按省份分类）2008-2024\2008-2024·（北京）政治高考真题\2015年高考政治试卷（北京）（空白卷）.pdf,papers/2015/政治/北京/北京卷/2015_政治_北京_北京卷_原卷.pdf,2
2015,政治,天津,老高考,2020,地方/区域卷,local,天津卷,present_local,H:\New folder\【新·PDF版】2008-2024·高考政治真题\版本2：政治（按省份分类）2008-2024\2008-2023·（天津）政治高考真题\2015年高考政治试卷（天津）（空白卷）.pdf,papers/2015/政治/天津/天津卷/2015_政治_天津_天津卷_原卷.pdf,2
2015,政治,河北,老高考,2021,全国卷,common,新课标全国I卷,present_common,H:\New folder\【新·PDF版】2008-2024·高考政治真题\版本2：政治（按省份分类）2008-2024\2008-2021_2023·（河北）政治高考真题\2015年高考政治试卷（新课标Ⅰ）（空白卷）.pdf,papers/2015/政治/全国/新课标全国I卷/2015_政治_河北_新课标全国I卷_原卷.pdf,2
2015,政治,山西,老高考,2025,全国卷,common,新课标全国I卷,present_common,H:\New folder\【新·PDF版】2008-2024·高考政治真题\版本2：政治（按省份分类）2008-2024\2008-2024·（山西）政治高考真题\2015年高考政治试卷（新课标Ⅰ）（空白卷）.pdf,papers/2015/政治/全国/新课标全国I卷/2015_政治_山西_新课标全国I卷_原卷.pdf,2
2015,政治,内蒙古,老高考,2025,全国卷,common,新课标全国II卷,present_common,H:\New folder\【新·PDF版】2008-2024·高考政治真题\版本2：政治（按省份分类）2008-2024\2008-2023·（内蒙古）政治高考真题\2015年高考政治试卷（新课标Ⅱ）（空白卷）.pdf,papers/2015/政治/全国/新课标全国II卷/2015_政治_内蒙古_新课标全国II卷_原卷.pdf,2
2015,政治,辽宁,老高考,2021,全国卷,common,新课标全国II卷,present_common,H:\New folder\【新·PDF版】2008-2024·高考政治真题\版本2：政治（按省份分类）2008-2024\2010-2024·（辽宁）政治高考真题\2015年高考政治试卷（新课标Ⅱ）（空白卷）.pdf,papers/2015/政治/全国/新课标全国II卷/2015_政治_辽宁_新课标全国II卷_原卷.pdf,2
2015,政治,吉林,老高考,2024,全国卷,common,新课标全国II卷,present_common,H:\New folder\【新·PDF版】2008-2024·高考政治真题\版本2：政治（按省份分类）2008-2024\2008-2024·（吉林）政治高考真题\2015年高考政治试卷（新课标Ⅱ）（空白卷）.pdf,papers/2015/政治/全国/新课标全国II卷/2015_政治_吉林_新课标全国II卷_原卷.pdf,2
2015,政治,黑龙江,老高考,2024,全国卷,common,新课标全国II卷,present_common,H:\New folder\【新·PDF版】2008-2024·高考政治真题\版本2：政治（按省份分类）2008-2024\2008-2024·（黑龙江）政治高考真题\2015年高考政治试卷（新课标Ⅱ）（空白卷）.pdf,papers/2015/政治/全国/新课标全国II卷/2015_政治_黑龙江_新课标全国II卷_原卷.pdf,2
2015,政治,上海,老高考,2017,地方/区域卷,local,上海卷,present_local,H:\New folder\【新·PDF版】2008-2024·高考政治真题\版本2：政治（按省份分类）2008-2024\2008-2017·（上海）政治高考真题\2015年高考政治试卷（上海）（空白卷）.pdf,papers/2015/政治/上海/上海卷/2015_政治_上海_上海卷_原卷.pdf,2
2015,政治,江苏,老高考,2021,地方/区域卷,local,江苏卷,present_local,H:\New folder\【新·PDF版】2008-2024·高考政治真题\版本2：政治（按省份分类）2008-2024\2008-2023·（江苏）政治高考真题\2015年高考政治试卷（江苏）（空白卷）.pdf,papers/2015/政治/江苏/江苏卷/2015_政治_江苏_江苏卷_原卷.pdf,2
2015,政治,浙江,老高考,2017,地方/区域卷,local,浙江卷,present_local,H:\New folder\【新·PDF版】2008-2024·高考政治真题\版本2：政治（按省份分类）2008-2024\2008-2024·（浙江）政治高考真题\2015年高考政治试卷（浙江）（10月）（空白卷）.pdf,papers/2015/政治/浙江/浙江卷/2015_政治_浙江_浙江卷_原卷.pdf,4
2015,政治,安徽,老高考,2024,地方/区域卷,local,安徽卷,present_local,H:\New folder\【新·PDF版】2008-2024·高考政治真题\版本2：政治（按省份分类）2008-2024\2012-2024·（安徽）政治高考真题\2015年高考政治试卷（安徽）（空白卷）.pdf,papers/2015/政治/安徽/安徽卷/2015_政治_安徽_安徽卷_原卷.pdf,2
2015,政治,福建,老高考,2021,地方/区域卷,local,福建卷,present_local,H:\New folder\【新·PDF版】2008-2024·高考政治真题\版本2：政治（按省份分类）2008-2024\2012-2023·（福建）政治高考真题\2015年高考政治试卷（福建）（空白卷）.pdf,papers/2015/政治/福建/福建卷/2015_政治_福建_福建卷_原卷.pdf,2
2015,政治,江西,老高考,2024,全国卷,common,新课标全国I卷,present_common,H:\New folder\【新·PDF版】2008-2024·高考政治真题\版本2：政治（按省份分类）2008-2024\2008-2023·（江西）政治高考真题\2015年高考政治试卷（新课标Ⅰ）（空白卷）.pdf,papers/2015/政治/全国/新课标全国I卷/2015_政治_江西_新课标全国I卷_原卷.pdf,2
2015,政治,山东,老高考,2020,地方/区域卷,local,山东卷,present_local,H:\New folder\【新·PDF版】2008-2024·高考政治真题\版本2：政治（按省份分类）2008-2024\2008-2024·（山东）政治高考真题\2015年高考政治试卷（山东）（空白卷）.pdf,papers/2015/政治/山东/山东卷/2015_政治_山东_山东卷_原卷.pdf,2
2015,政治,河南,老高考,2025,全国卷,common,新课标全国I卷,present_common,H:\New folder\【新·PDF版】2008-2024·高考政治真题\版本2：政治（按省份分类）2008-2024\2008-2024·（河南）政治高考真题\2015年高考政治试卷（新课标Ⅰ）（空白卷）.pdf,papers/2015/政治/全国/新课标全国I卷/2015_政治_河南_新课标全国I卷_原卷.pdf,2
2015,政治,湖北,老高考,2021,全国卷,common,新课标全国I卷,present_common,H:\New folder\【新·PDF版】2008-2024·高考政治真题\版本2：政治（按省份分类）2008-2024\2008-2024·（湖北）政治高考真题\2015年高考政治试卷（新课标Ⅰ）（空白卷）.pdf,papers/2015/政治/全国/新课标全国I卷/2015_政治_湖北_新课标全国I卷_原卷.pdf,2
2015,政治,湖南,老高考,2021,全国卷,common,新课标全国I卷,present_common,H:\New folder\【新·PDF版】2008-2024·高考政治真题\版本2：政治（按省份分类）2008-2024\2008-2024·（湖南）政治高考真题\2015年高考政治试卷（新课标Ⅰ）（空白卷）.pdf,papers/2015/政治/全国/新课标全国I卷/2015_政治_湖南_新课标全国I卷_原卷.pdf,2
2015,政治,广东,老高考,2021,地方/区域卷,local,广东卷,present_local,H:\New folder\【新·PDF版】2008-2024·高考政治真题\版本2：政治（按省份分类）2008-2024\2008-2024·（广东）政治高考真题\2015年高考政治试卷（广东）（空白卷）.pdf,papers/2015/政治/广东/广东卷/2015_政治_广东_广东卷_原卷.pdf,2
2015,政治,广西,老高考,2024,,missing,,missing,,,0
2015,政治,海南,老高考,2020,地方/区域卷,local,海南卷,present_local,H:\New folder\【新·PDF版】2008-2024·高考政治真题\版本2：政治（按省份分类）2008-2024\2008-2023·（海南）政治高考真题\2015年高考政治试卷（海南）（空白卷）.pdf,papers/2015/政治/海南/海南卷/2015_政治_海南_海南卷_原卷.pdf,2
2015,政治,重庆,老高考,2021,地方/区域卷,local,重庆卷,present_local,H:\New folder\【新·PDF版】2008-2024·高考政治真题\版本2：政治（按省份分类）2008-2024\2012-2020_2022-2023·（重庆）政治高考真题\2015年高考政治试卷（重庆）（空白卷）.pdf,papers/2015/政治/重庆/重庆卷/2015_政治_重庆_重庆卷_原卷.pdf,2
2015,政治,四川,老高考,2025,地方/区域卷,local,四川卷,present_local,H:\New folder\【新·PDF版】2008-2024·高考政治真题\版本2：政治（按省份分类）2008-2024\2008-2023·（四川）政治高考真题\2015年高考政治试卷（四川）（空白卷）.pdf,papers/2015/政治/四川/四川卷/2015_政治_四川_四川卷_原卷.pdf,2
2015,政治,贵州,老高考,2024,全国卷,common,新课标全国II卷,present_common,H:\New folder\【新·PDF版】2008-2024·高考政治真题\版本2：政治（按省份分类）2008-2024\2008-2023·（贵州）政治高考真题\2015年高考政治试卷（新课标Ⅱ）（空白卷）.pdf,papers/2015/政治/全国/新课标全国II卷/2015_政治_贵州_新课标全国II卷_原卷.pdf,2
2015,政治,云南,老高考,2025,全国卷,common,新课标全国II卷,present_common,H:\New folder\【新·PDF版】2008-2024·高考政治真题\版本2：政治（按省份分类）2008-2024\2008-2024·（云南）政治高考真题\2015年高考政治试卷（新课标Ⅱ）（空白卷）.pdf,papers/2015/政治/全国/新课标全国II卷/2015_政治_云南_新课标全国II卷_原卷.pdf,2
2015,政治,西藏,老高考,,全国卷,common,新课标全国II卷,present_common,H:\New folder\【新·PDF版】2008-2024·高考政治真题\版本2：政治（按省份分类）2008-2024\2008-2024·（西藏）政治高考真题\2015年高考政治试卷（新课标Ⅱ）（空白卷）.pdf,papers/2015/政治/全国/新课标全国II卷/2015_政治_西藏_新课标全国II卷_原卷.pdf,2
2015,政治,陕西,老高考,2025,全国卷,common,新课标全国II卷,present_common,H:\New folder\【新·PDF版】2008-2024·高考政治真题\版本2：政治（按省份分类）2008-2024\2008-2023·（陕西）政治高考真题\2015年高考政治试卷（新课标Ⅱ）（空白卷）.pdf,papers/2015/政治/全国/新课标全国II卷/2015_政治_陕西_新课标全国II卷_原卷.pdf,2
2015,政治,甘肃,老高考,2024,全国卷,common,新课标全国II卷,present_common,H:\New folder\【新·PDF版】2008-2024·高考政治真题\版本2：政治（按省份分类）2008-2024\2008-2023·（甘肃）政治高考真题\2015年高考政治试卷（新课标Ⅱ）（空白卷）.pdf,papers/2015/政治/全国/新课标全国II卷/2015_政治_甘肃_新课标全国II卷_原卷.pdf,2
2015,政治,青海,老高考,2025,全国卷,common,新课标全国II卷,present_common,H:\New folder\【新·PDF版】2008-2024·高考政治真题\版本2：政治（按省份分类）2008-2024\2008-2023·（青海）政治高考真题\2015年高考政治试卷（新课标Ⅱ）（空白卷）.pdf,papers/2015/政治/全国/新课标全国II卷/2015_政治_青海_新课标全国II卷_原卷.pdf,2
2015,政治,宁夏,老高考,2025,全国卷,common,新课标全国II卷,present_common,H:\New folder\【新·PDF版】2008-2024·高考政治真题\版本2：政治（按省份分类）2008-2024\2010-2023·（宁夏）政治高考真题\2015年高考政治试卷（新课标Ⅱ）（空白卷）.pdf,papers/2015/政治/全国/新课标全国II卷/2015_政治_宁夏_新课标全国II卷_原卷.pdf,2
2015,政治,新疆,老高考,,全国卷,common,新课标全国II卷,present_common,H:\New folder\【新·PDF版】2008-2024·高考政治真题\版本2：政治（按省份分类）2008-2024\2008-2024·（新疆）政治高考真题\2015年高考政治试卷（新课标Ⅱ）（空白卷）.pdf,papers/2015/政治/全国/新课标全国II卷/2015_政治_新疆_新课标全国II卷_原卷.pdf,2
2015,历史,北京,老高考,2020,地方/区域卷,local,北京卷,present_local,H:\New folder\【新·PDF版】2008-2024·高考历史真题\版本2：历史（按省份分类）2008-2024\2008-2024·（北京）历史高考真题\2015年高考历史试卷（北京）（空白卷）.pdf,papers/2015/历史/北京/北京卷/2015_历史_北京_北京卷_原卷.pdf,2
2015,历史,天津,老高考,2020,地方/区域卷,local,天津卷,present_local,H:\New folder\【新·PDF版】2008-2024·高考历史真题\版本2：历史（按省份分类）2008-2024\2008-2023·（天津）历史高考真题\2015年高考历史试卷（天津）（空白卷）.pdf,papers/2015/历史/天津/天津卷/2015_历史_天津_天津卷_原卷.pdf,2
2015,历史,河北,老高考,2021,全国卷,common,新课标全国I卷,present_common,H:\New folder\【新·PDF版】2008-2024·高考历史真题\版本2：历史（按省份分类）2008-2024\2008-2023·（河北）历史高考真题\2015年高考历史试卷（新课标Ⅰ）（空白卷）.pdf,papers/2015/历史/全国/新课标全国I卷/2015_历史_河北_新课标全国I卷_原卷.pdf,2
2015,历史,山西,老高考,2025,全国卷,common,新课标全国I卷,present_common,H:\New folder\【新·PDF版】2008-2024·高考历史真题\版本2：历史（按省份分类）2008-2024\2008-2024·（山西）历史高考真题\2015年高考历史试卷（新课标Ⅰ）（空白卷）.pdf,papers/2015/历史/全国/新课标全国I卷/2015_历史_山西_新课标全国I卷_原卷.pdf,2
2015,历史,内蒙古,老高考,2025,全国卷,common,新课标全国II卷,present_common,H:\New folder\【新·PDF版】2008-2024·高考历史真题\版本2：历史（按省份分类）2008-2024\2008-2024·（内蒙古）历史高考真题\2015年高考历史试卷（新课标Ⅱ）（空白卷）.pdf,papers/2015/历史/全国/新课标全国II卷/2015_历史_内蒙古_新课标全国II卷_原卷.pdf,2
2015,历史,辽宁,老高考,2021,全国卷,common,新课标全国II卷,present_common,H:\New folder\【新·PDF版】2008-2024·高考历史真题\版本2：历史（按省份分类）2008-2024\2010-2024·（辽宁）历史高考真题\2015年高考历史试卷（新课标Ⅱ）（空白卷）.pdf,papers/2015/历史/全国/新课标全国II卷/2015_历史_辽宁_新课标全国II卷_原卷.pdf,2
2015,历史,吉林,老高考,2024,全国卷,common,新课标全国II卷,present_common,H:\New folder\【新·PDF版】2008-2024·高考历史真题\版本2：历史（按省份分类）2008-2024\2008-2024·（吉林）历史高考真题\2015年高考历史试卷（新课标Ⅱ）（空白卷）.pdf,papers/2015/历史/全国/新课标全国II卷/2015_历史_吉林_新课标全国II卷_原卷.pdf,2
2015,历史,黑龙江,老高考,2024,全国卷,common,新课标全国II卷,present_common,H:\New folder\【新·PDF版】2008-2024·高考历史真题\版本2：历史（按省份分类）2008-2024\2008-2024·（黑龙江）历史高考真题\2015年高考历史试卷（新课标Ⅱ）（空白卷）.pdf,papers/2015/历史/全国/新课标全国II卷/2015_历史_黑龙江_新课标全国II卷_原卷.pdf,2
2015,历史,上海,老高考,2017,地方/区域卷,local,上海卷,present_local,"H:\New folder\【新·PDF版】2008-2024·高考历史真题\版本2：历史（按省份分类）2008-2024\2008-2017_2019,2024·（上海）历史高考真题\2015年高考历史试卷（上海）（空白卷）.pdf",papers/2015/历史/上海/上海卷/2015_历史_上海_上海卷_原卷.pdf,2
2015,历史,江苏,老高考,2021,地方/区域卷,local,江苏卷,present_local,H:\New folder\【新·PDF版】2008-2024·高考历史真题\版本2：历史（按省份分类）2008-2024\2008-2024·（江苏）历史高考真题\2015年高考历史试卷（江苏）（空白卷）   .pdf,papers/2015/历史/江苏/江苏卷/2015_历史_江苏_江苏卷_原卷.pdf,2
2015,历史,浙江,老高考,2017,地方/区域卷,local,浙江卷,present_local,H:\New folder\【新·PDF版】2008-2024·高考历史真题\版本2：历史（按省份分类）2008-2024\2008-2024·（浙江）历史高考真题\2015年高考历史试卷（浙江）（10月）（空白卷）.pdf,papers/2015/历史/浙江/浙江卷/2015_历史_浙江_浙江卷_原卷.pdf,4
2015,历史,安徽,老高考,2024,地方/区域卷,local,安徽卷,present_local,H:\New folder\【新·PDF版】2008-2024·高考历史真题\版本2：历史（按省份分类）2008-2024\2012-2024·（安徽）历史高考真题\2015年高考历史试卷（安徽）（空白卷）.pdf,papers/2015/历史/安徽/安徽卷/2015_历史_安徽_安徽卷_原卷.pdf,2
2015,历史,福建,老高考,2021,地方/区域卷,local,福建卷,present_local,H:\New folder\【新·PDF版】2008-2024·高考历史真题\版本2：历史（按省份分类）2008-2024\2012-2023·（福建）历史高考真题\2015年高考历史试卷（福建）（空白卷）.pdf,papers/2015/历史/福建/福建卷/2015_历史_福建_福建卷_原卷.pdf,2
2015,历史,江西,老高考,2024,全国卷,common,新课标全国I卷,present_common,H:\New folder\【新·PDF版】2008-2024·高考历史真题\版本2：历史（按省份分类）2008-2024\2008-2023·（江西）历史高考真题\2015年高考历史试卷（新课标Ⅰ）（空白卷）.pdf,papers/2015/历史/全国/新课标全国I卷/2015_历史_江西_新课标全国I卷_原卷.pdf,2
2015,历史,山东,老高考,2020,地方/区域卷,local,山东卷,present_local,H:\New folder\【新·PDF版】2008-2024·高考历史真题\版本2：历史（按省份分类）2008-2024\2008-2024·（山东）历史高考真题\2015年高考历史试卷（山东）（空白卷）.pdf,papers/2015/历史/山东/山东卷/2015_历史_山东_山东卷_原卷.pdf,2
2015,历史,河南,老高考,2025,全国卷,common,新课标全国I卷,present_common,H:\New folder\【新·PDF版】2008-2024·高考历史真题\版本2：历史（按省份分类）2008-2024\2008-2024·（河南）历史高考真题\2015年高考历史试卷（新课标Ⅰ）（空白卷）.pdf,papers/2015/历史/全国/新课标全国I卷/2015_历史_河南_新课标全国I卷_原卷.pdf,2
2015,历史,湖北,老高考,2021,全国卷,common,新课标全国I卷,present_common,H:\New folder\【新·PDF版】2008-2024·高考历史真题\版本2：历史（按省份分类）2008-2024\2008-2024·（湖北）历史高考真题\2015年高考历史试卷（新课标Ⅰ）（空白卷）.pdf,papers/2015/历史/全国/新课标全国I卷/2015_历史_湖北_新课标全国I卷_原卷.pdf,2
2015,历史,湖南,老高考,2021,全国卷,common,新课标全国I卷,present_common,H:\New folder\【新·PDF版】2008-2024·高考历史真题\版本2：历史（按省份分类）2008-2024\2008-2024·（湖南）历史高考真题\2015年高考历史试卷（新课标Ⅰ）（空白卷）.pdf,papers/2015/历史/全国/新课标全国I卷/2015_历史_湖南_新课标全国I卷_原卷.pdf,2
2015,历史,广东,老高考,2021,地方/区域卷,local,广东卷,present_local,H:\New folder\【新·PDF版】2008-2024·高考历史真题\版本2：历史（按省份分类）2008-2024\2008-2024·（广东）历史高考真题\2015年高考历史试卷（广东）（空白卷）.pdf,papers/2015/历史/广东/广东卷/2015_历史_广东_广东卷_原卷.pdf,2
2015,历史,广西,老高考,2024,全国卷,common,新课标全国II卷,present_common,H:\New folder\【新·PDF版】2008-2024·高考历史真题\版本2：历史（按省份分类）2008-2024\2008-2023·（广西）历史高考真题\2015年高考历史试卷（新课标Ⅱ）（空白卷）.pdf,papers/2015/历史/全国/新课标全国II卷/2015_历史_广西_新课标全国II卷_原卷.pdf,2
2015,历史,海南,老高考,2020,地方/区域卷,local,海南卷,present_local,H:\New folder\【新·PDF版】2008-2024·高考历史真题\版本2：历史（按省份分类）2008-2024\2008-2023·（海南）历史高考真题\2015年高考历史试卷（海南）（空白卷）.pdf,papers/2015/历史/海南/海南卷/2015_历史_海南_海南卷_原卷.pdf,2
2015,历史,重庆,老高考,2021,地方/区域卷,local,重庆卷,present_local,H:\New folder\【新·PDF版】2008-2024·高考历史真题\版本2：历史（按省份分类）2008-2024\2012-2024·（重庆）历史高考真题\2015年高考历史试卷（重庆）（空白卷）.pdf,papers/2015/历史/重庆/重庆卷/2015_历史_重庆_重庆卷_原卷.pdf,2
2015,历史,四川,老高考,2025,地方/区域卷,local,四川卷,present_local,H:\New folder\【新·PDF版】2008-2024·高考历史真题\版本2：历史（按省份分类）2008-2024\2008-2024·（四川）历史高考真题\2015年高考历史试卷（四川）（空白卷）.pdf,papers/2015/历史/四川/四川卷/2015_历史_四川_四川卷_原卷.pdf,2
2015,历史,贵州,老高考,2024,全国卷,common,新课标全国II卷,present_common,H:\New folder\【新·PDF版】2008-2024·高考历史真题\版本2：历史（按省份分类）2008-2024\2008-2023·（贵州）历史高考真题\2015年高考历史试卷（新课标Ⅱ）（空白卷）.pdf,papers/2015/历史/全国/新课标全国II卷/2015_历史_贵州_新课标全国II卷_原卷.pdf,2
2015,历史,云南,老高考,2025,全国卷,common,新课标全国II卷,present_common,H:\New folder\【新·PDF版】2008-2024·高考历史真题\版本2：历史（按省份分类）2008-2024\2008-2024·（云南）历史高考真题\2015年高考历史试卷（新课标Ⅱ）（空白卷）.pdf,papers/2015/历史/全国/新课标全国II卷/2015_历史_云南_新课标全国II卷_原卷.pdf,2
2015,历史,西藏,老高考,,全国卷,common,新课标全国II卷,present_common,H:\New folder\【新·PDF版】2008-2024·高考历史真题\版本2：历史（按省份分类）2008-2024\2008-2024·（西藏）历史高考真题\2015年高考历史试卷（新课标Ⅱ）（空白卷）.pdf,papers/2015/历史/全国/新课标全国II卷/2015_历史_西藏_新课标全国II卷_原卷.pdf,2
2015,历史,陕西,老高考,2025,全国卷,common,新课标全国II卷,present_common,H:\New folder\【新·PDF版】2008-2024·高考历史真题\版本2：历史（按省份分类）2008-2024\2008-2024·（陕西）历史高考真题\2015年高考历史试卷（新课标Ⅱ）（空白卷）.pdf,papers/2015/历史/全国/新课标全国II卷/2015_历史_陕西_新课标全国II卷_原卷.pdf,2
2015,历史,甘肃,老高考,2024,全国卷,common,新课标全国II卷,present_common,H:\New folder\【新·PDF版】2008-2024·高考历史真题\版本2：历史（按省份分类）2008-2024\2008-2024·（甘肃）历史高考真题\2015年高考历史试卷（新课标Ⅱ）（空白卷）.pdf,papers/2015/历史/全国/新课标全国II卷/2015_历史_甘肃_新课标全国II卷_原卷.pdf,2
2015,历史,青海,老高考,2025,全国卷,common,新课标全国II卷,present_common,H:\New folder\【新·PDF版】2008-2024·高考历史真题\版本2：历史（按省份分类）2008-2024\2008-2024·（青海）历史高考真题\2015年高考历史试卷（新课标Ⅱ）（空白卷）.pdf,papers/2015/历史/全国/新课标全国II卷/2015_历史_青海_新课标全国II卷_原卷.pdf,2
2015,历史,宁夏,老高考,2025,全国卷,common,新课标全国II卷,present_common,H:\New folder\【新·PDF版】2008-2024·高考历史真题\版本2：历史（按省份分类）2008-2024\2010-2024·（宁夏）历史高考真题\2015年高考历史试卷（新课标Ⅱ）（空白卷）.pdf,papers/2015/历史/全国/新课标全国II卷/2015_历史_宁夏_新课标全国II卷_原卷.pdf,2
2015,历史,新疆,老高考,,全国卷,common,新课标全国II卷,present_common,H:\New folder\【新·PDF版】2008-2024·高考历史真题\版本2：历史（按省份分类）2008-2024\2008-2024·（新疆）历史高考真题\2015年高考历史试卷（新课标Ⅱ）（空白卷）.pdf,papers/2015/历史/全国/新课标全国II卷/2015_历史_新疆_新课标全国II卷_原卷.pdf,2
2015,地理,北京,老高考,2020,地方/区域卷,local,北京卷,present_local,H:\New folder\【新·PDF版】2008-2024·高考地理真题\版本2：地理（按省份分类）2008-2024\2008-2024·（北京）地理高考真题\2015年高考地理试卷（北京）（空白卷）.pdf,papers/2015/地理/北京/北京卷/2015_地理_北京_北京卷_原卷.pdf,2
2015,地理,天津,老高考,2020,地方/区域卷,local,天津卷,present_local,H:\New folder\【新·PDF版】2008-2024·高考地理真题\版本2：地理（按省份分类）2008-2024\2008-2023·（天津）地理高考真题\2015年高考地理试卷（天津）（空白卷）.pdf,papers/2015/地理/天津/天津卷/2015_地理_天津_天津卷_原卷.pdf,2
2015,地理,河北,老高考,2021,全国卷,common,新课标全国I卷,present_common,H:\New folder\【新·PDF版】2008-2024·高考地理真题\版本2：地理（按省份分类）2008-2024\2008-2023·（河北）地理高考真题\2015年高考地理试卷（新课标Ⅰ）（空白卷）.pdf,papers/2015/地理/全国/新课标全国I卷/2015_地理_河北_新课标全国I卷_原卷.pdf,2
2015,地理,山西,老高考,2025,全国卷,common,新课标全国I卷,present_common,H:\New folder\【新·PDF版】2008-2024·高考地理真题\版本2：地理（按省份分类）2008-2024\2008-2024·（山西）地理高考真题\2015年高考地理试卷（新课标Ⅰ）（空白卷）.pdf,papers/2015/地理/全国/新课标全国I卷/2015_地理_山西_新课标全国I卷_原卷.pdf,2
2015,地理,内蒙古,老高考,2025,全国卷,common,新课标全国II卷,present_common,H:\New folder\【新·PDF版】2008-2024·高考地理真题\版本2：地理（按省份分类）2008-2024\2008-2024·（内蒙古）地理高考真题\2015年高考地理试卷（新课标Ⅱ）（空白卷）.pdf,papers/2015/地理/全国/新课标全国II卷/2015_地理_内蒙古_新课标全国II卷_原卷.pdf,2
2015,地理,辽宁,老高考,2021,全国卷,common,新课标全国II卷,present_common,H:\New folder\【新·PDF版】2008-2024·高考地理真题\版本2：地理（按省份分类）2008-2024\2010-2024·（辽宁）地理高考真题\2015年高考地理试卷（新课标Ⅱ）（空白卷）.pdf,papers/2015/地理/全国/新课标全国II卷/2015_地理_辽宁_新课标全国II卷_原卷.pdf,2
2015,地理,吉林,老高考,2024,全国卷,common,新课标全国II卷,present_common,H:\New folder\【新·PDF版】2008-2024·高考地理真题\版本2：地理（按省份分类）2008-2024\2008-2024·（吉林）地理高考真题\2015年高考地理试卷（新课标Ⅱ）（空白卷）.pdf,papers/2015/地理/全国/新课标全国II卷/2015_地理_吉林_新课标全国II卷_原卷.pdf,2
2015,地理,黑龙江,老高考,2024,全国卷,common,新课标全国II卷,present_common,H:\New folder\【新·PDF版】2008-2024·高考地理真题\版本2：地理（按省份分类）2008-2024\2008-2024·（黑龙江）地理高考真题\2015年高考地理试卷（新课标Ⅱ）（空白卷）.pdf,papers/2015/地理/全国/新课标全国II卷/2015_地理_黑龙江_新课标全国II卷_原卷.pdf,2
2015,地理,上海,老高考,2017,地方/区域卷,local,上海卷,present_local,"H:\New folder\【新·PDF版】2008-2024·高考地理真题\版本2：地理（按省份分类）2008-2024\2008-2021,2024·（上海）地理高考真题\2015年高考地理试题（上海）（空白卷）.pdf",papers/2015/地理/上海/上海卷/2015_地理_上海_上海卷_原卷.pdf,2
2015,地理,江苏,老高考,2021,地方/区域卷,local,江苏卷,present_local,H:\New folder\【新·PDF版】2008-2024·高考地理真题\版本2：地理（按省份分类）2008-2024\2008-2023·（江苏）地理高考真题\2015年高考地理试卷（江苏）（空白卷）.pdf,papers/2015/地理/江苏/江苏卷/2015_地理_江苏_江苏卷_原卷.pdf,2
2015,地理,浙江,老高考,2017,地方/区域卷,local,浙江卷,present_local,H:\New folder\【新·PDF版】2008-2024·高考地理真题\版本2：地理（按省份分类）2008-2024\2008-2024·（浙江）地理高考真题\2015年高考地理试卷（浙江）（10月）（空白卷）.pdf,papers/2015/地理/浙江/浙江卷/2015_地理_浙江_浙江卷_原卷.pdf,4
2015,地理,安徽,老高考,2024,地方/区域卷,local,安徽卷,present_local,H:\New folder\【新·PDF版】2008-2024·高考地理真题\版本2：地理（按省份分类）2008-2024\2012-2024·（安徽）地理高考真题\2015年高考地理试卷（安徽）（空白卷）.pdf,papers/2015/地理/安徽/安徽卷/2015_地理_安徽_安徽卷_原卷.pdf,2
2015,地理,福建,老高考,2021,地方/区域卷,local,福建卷,present_local,H:\New folder\【新·PDF版】2008-2024·高考地理真题\版本2：地理（按省份分类）2008-2024\2012-2024·（福建）地理高考真题\2015年高考地理试卷（福建）（空白卷）.pdf,papers/2015/地理/福建/福建卷/2015_地理_福建_福建卷_原卷.pdf,2
2015,地理,江西,老高考,2024,全国卷,common,新课标全国I卷,present_common,H:\New folder\【新·PDF版】2008-2024·高考地理真题\版本2：地理（按省份分类）2008-2024\2008-2024·（江西）地理高考真题\2015年高考地理试卷（新课标Ⅰ）（空白卷）.pdf,papers/2015/地理/全国/新课标全国I卷/2015_地理_江西_新课标全国I卷_原卷.pdf,2
2015,地理,山东,老高考,2020,地方/区域卷,local,山东卷,present_local,H:\New folder\【新·PDF版】2008-2024·高考地理真题\版本2：地理（按省份分类）2008-2024\2008-2024·（山东）地理高考真题\2015年高考地理试卷（山东）（空白卷）.pdf,papers/2015/地理/山东/山东卷/2015_地理_山东_山东卷_原卷.pdf,2
2015,地理,河南,老高考,2025,全国卷,common,新课标全国I卷,present_common,H:\New folder\【新·PDF版】2008-2024·高考地理真题\版本2：地理（按省份分类）2008-2024\2008-2024·（河南）地理高考真题\2015年高考地理试卷（新课标Ⅰ）（空白卷）.pdf,papers/2015/地理/全国/新课标全国I卷/2015_地理_河南_新课标全国I卷_原卷.pdf,2
2015,地理,湖北,老高考,2021,全国卷,common,新课标全国I卷,present_common,H:\New folder\【新·PDF版】2008-2024·高考地理真题\版本2：地理（按省份分类）2008-2024\2008-2024·（湖北）地理高考真题\2015年高考地理试卷（新课标Ⅰ）（空白卷）.pdf,papers/2015/地理/全国/新课标全国I卷/2015_地理_湖北_新课标全国I卷_原卷.pdf,2
2015,地理,湖南,老高考,2021,全国卷,common,新课标全国I卷,present_common,H:\New folder\【新·PDF版】2008-2024·高考地理真题\版本2：地理（按省份分类）2008-2024\2008-2024·（湖南）地理高考真题\2015年高考地理试卷（新课标Ⅰ）（空白卷）.pdf,papers/2015/地理/全国/新课标全国I卷/2015_地理_湖南_新课标全国I卷_原卷.pdf,2
2015,地理,广东,老高考,2021,地方/区域卷,local,广东卷,present_local,H:\New folder\【新·PDF版】2008-2024·高考地理真题\版本2：地理（按省份分类）2008-2024\2008-2024·（广东）地理高考真题\2015年高考地理试卷（广东）（空白卷）.pdf,papers/2015/地理/广东/广东卷/2015_地理_广东_广东卷_原卷.pdf,2
2015,地理,广西,老高考,2024,全国卷,common,新课标全国II卷,present_common,H:\New folder\【新·PDF版】2008-2024·高考地理真题\版本2：地理（按省份分类）2008-2024\2008-2023·（广西）地理高考真题\2015年高考地理试卷（新课标Ⅱ）（空白卷）.pdf,papers/2015/地理/全国/新课标全国II卷/2015_地理_广西_新课标全国II卷_原卷.pdf,2
2015,地理,海南,老高考,2020,地方/区域卷,local,海南卷,present_local,H:\New folder\【新·PDF版】2008-2024·高考地理真题\版本2：地理（按省份分类）2008-2024\2008-2023·（海南）地理高考真题\2015年高考地理试卷（海南）（空白卷）.pdf,papers/2015/地理/海南/海南卷/2015_地理_海南_海南卷_原卷.pdf,2
2015,地理,重庆,老高考,2021,地方/区域卷,local,重庆卷,present_local,H:\New folder\【新·PDF版】2008-2024·高考地理真题\版本2：地理（按省份分类）2008-2024\2012-2023·（重庆）地理高考真题\2015年高考地理试卷（重庆）（空白卷）.pdf,papers/2015/地理/重庆/重庆卷/2015_地理_重庆_重庆卷_原卷.pdf,2
2015,地理,四川,老高考,2025,地方/区域卷,local,四川卷,present_local,H:\New folder\【新·PDF版】2008-2024·高考地理真题\版本2：地理（按省份分类）2008-2024\2008-2024·（四川）地理高考真题\2015年高考地理试卷（四川）（空白卷）.pdf,papers/2015/地理/四川/四川卷/2015_地理_四川_四川卷_原卷.pdf,2
2015,地理,贵州,老高考,2024,全国卷,common,新课标全国II卷,present_common,H:\New folder\【新·PDF版】2008-2024·高考地理真题\版本2：地理（按省份分类）2008-2024\2008-2023·（贵州）地理高考真题\2015年高考地理试卷（新课标Ⅱ）（空白卷）.pdf,papers/2015/地理/全国/新课标全国II卷/2015_地理_贵州_新课标全国II卷_原卷.pdf,2
2015,地理,云南,老高考,2025,全国卷,common,新课标全国II卷,present_common,H:\New folder\【新·PDF版】2008-2024·高考地理真题\版本2：地理（按省份分类）2008-2024\2008-2024·（云南）地理高考真题\2015年高考地理试卷（新课标Ⅱ）（空白卷）.pdf,papers/2015/地理/全国/新课标全国II卷/2015_地理_云南_新课标全国II卷_原卷.pdf,2
2015,地理,西藏,老高考,,全国卷,common,新课标全国II卷,present_common,H:\New folder\【新·PDF版】2008-2024·高考地理真题\版本2：地理（按省份分类）2008-2024\2008-2024·（西藏）地理高考真题\2015年高考地理试卷（新课标Ⅱ）（空白卷）.pdf,papers/2015/地理/全国/新课标全国II卷/2015_地理_西藏_新课标全国II卷_原卷.pdf,2
2015,地理,陕西,老高考,2025,全国卷,common,新课标全国II卷,present_common,H:\New folder\【新·PDF版】2008-2024·高考地理真题\版本2：地理（按省份分类）2008-2024\2008-2024·（陕西）地理高考真题\2015年高考地理试卷（新课标Ⅱ）（空白卷）.pdf,papers/2015/地理/全国/新课标全国II卷/2015_地理_陕西_新课标全国II卷_原卷.pdf,2
2015,地理,甘肃,老高考,2024,全国卷,common,新课标全国II卷,present_common,H:\New folder\【新·PDF版】2008-2024·高考地理真题\版本2：地理（按省份分类）2008-2024\2008-2024·（甘肃）地理高考真题\2015年高考地理试卷（新课标Ⅱ）（空白卷）.pdf,papers/2015/地理/全国/新课标全国II卷/2015_地理_甘肃_新课标全国II卷_原卷.pdf,2
2015,地理,青海,老高考,2025,全国卷,common,新课标全国II卷,present_common,H:\New folder\【新·PDF版】2008-2024·高考地理真题\版本2：地理（按省份分类）2008-2024\2008-2024·（青海）地理高考真题\2015年高考地理试卷（新课标Ⅱ）（空白卷）.pdf,papers/2015/地理/全国/新课标全国II卷/2015_地理_青海_新课标全国II卷_原卷.pdf,2
2015,地理,宁夏,老高考,2025,全国卷,common,新课标全国II卷,present_common,H:\New folder\【新·PDF版】2008-2024·高考地理真题\版本2：地理（按省份分类）2008-2024\2010-2024·（宁夏）地理高考真题\2015年高考地理试卷（新课标Ⅱ）（空白卷）.pdf,papers/2015/地理/全国/新课标全国II卷/2015_地理_宁夏_新课标全国II卷_原卷.pdf,2
2015,地理,新疆,老高考,,全国卷,common,新课标全国II卷,present_common,H:\New folder\【新·PDF版】2008-2024·高考地理真题\版本2：地理（按省份分类）2008-2024\2008-2024·（新疆）地理高考真题\2015年高考地理试卷（新课标Ⅱ）（空白卷）.pdf,papers/2015/地理/全国/新课标全国II卷/2015_地理_新疆_新课标全国II卷_原卷.pdf,2
2016,语文,北京,老高考,2020,地方/区域卷,local,北京卷,present_local,H:\New folder\【新·PDF版】2008-2024·高考语文真题\版本2：语文（按省份分类）2008-2024\2008-2024·（北京）语文高考真题\2016年高考语文试卷（北京）（空白卷）.pdf,papers/2016/语文/北京/北京卷/2016_语文_北京_北京卷_原卷.pdf,2
2016,语文,天津,老高考,2020,地方/区域卷,local,天津卷,present_local,H:\New folder\【新·PDF版】2008-2024·高考语文真题\版本2：语文（按省份分类）2008-2024\2008-2023·（天津）语文高考真题\2016年高考语文试卷（天津）（空白卷）.pdf,papers/2016/语文/天津/天津卷/2016_语文_天津_天津卷_原卷.pdf,2
2016,语文,河北,老高考,2021,全国卷,common,新课标全国I卷,present_common,H:\New folder\【新·PDF版】2008-2024·高考语文真题\版本2：语文（按省份分类）2008-2024\2008-2024·（河北）语文高考真题\2016年高考语文试卷（新课标Ⅰ卷）（空白卷）.pdf,papers/2016/语文/全国/新课标全国I卷/2016_语文_河北_新课标全国I卷_原卷.pdf,2
2016,语文,山西,老高考,2025,全国卷,common,新课标全国I卷,present_common,H:\New folder\【新·PDF版】2008-2024·高考语文真题\版本2：语文（按省份分类）2008-2024\2008-2024·（山西）语文高考真题\2016年高考语文试卷（新课标Ⅰ卷）（空白卷）.pdf,papers/2016/语文/全国/新课标全国I卷/2016_语文_山西_新课标全国I卷_原卷.pdf,2
2016,语文,内蒙古,老高考,2025,全国卷,common,新课标全国II卷,present_common,H:\New folder\【新·PDF版】2008-2024·高考语文真题\版本2：语文（按省份分类）2008-2024\2008-2024·（内蒙古）语文高考真题\2016年高考语文试卷（新课标Ⅱ卷）（空白卷）.pdf,papers/2016/语文/全国/新课标全国II卷/2016_语文_内蒙古_新课标全国II卷_原卷.pdf,2
2016,语文,辽宁,老高考,2021,全国卷,common,新课标全国II卷,present_common,H:\New folder\【新·PDF版】2008-2024·高考语文真题\版本2：语文（按省份分类）2008-2024\2012-2024·（辽宁）语文高考真题\2016年高考语文试卷（新课标Ⅱ卷）（空白卷）.pdf,papers/2016/语文/全国/新课标全国II卷/2016_语文_辽宁_新课标全国II卷_原卷.pdf,2
2016,语文,吉林,老高考,2024,全国卷,common,新课标全国II卷,present_common,H:\New folder\【新·PDF版】2008-2024·高考语文真题\版本2：语文（按省份分类）2008-2024\2008-2024·（吉林）语文高考真题\2016年高考语文试卷（新课标Ⅱ卷）（空白卷）.pdf,papers/2016/语文/全国/新课标全国II卷/2016_语文_吉林_新课标全国II卷_原卷.pdf,2
2016,语文,黑龙江,老高考,2024,全国卷,common,新课标全国II卷,present_common,H:\New folder\【新·PDF版】2008-2024·高考语文真题\版本2：语文（按省份分类）2008-2024\2008-2024·（黑龙江）语文高考真题\2016年高考语文试卷（新课标Ⅱ卷）（空白卷）.pdf,papers/2016/语文/全国/新课标全国II卷/2016_语文_黑龙江_新课标全国II卷_原卷.pdf,2
2016,语文,上海,老高考,2017,地方/区域卷,local,上海卷,present_local,H:\New folder\【新·PDF版】2008-2024·高考语文真题\版本2：语文（按省份分类）2008-2024\2008-2023·（上海）语文高考真题\2016年高考语文试卷（上海）（秋考）（空白卷）.pdf,papers/2016/语文/上海/上海卷/2016_语文_上海_上海卷_原卷.pdf,2
2016,语文,江苏,老高考,2021,地方/区域卷,local,江苏卷,present_local,H:\New folder\【新·PDF版】2008-2024·高考语文真题\版本2：语文（按省份分类）2008-2024\2008-2024·（江苏）语文高考真题\2016年高考语文试卷（江苏）（空白卷）   .pdf,papers/2016/语文/江苏/江苏卷/2016_语文_江苏_江苏卷_原卷.pdf,2
2016,语文,浙江,老高考,2017,地方/区域卷,local,浙江卷,present_local,H:\New folder\【新·PDF版】2008-2024·高考语文真题\版本2：语文（按省份分类）2008-2024\2008-2024·（浙江）语文高考真题\2016年高考语文试卷（浙江）（空白卷）.pdf,papers/2016/语文/浙江/浙江卷/2016_语文_浙江_浙江卷_原卷.pdf,2
2016,语文,安徽,老高考,2024,全国卷,common,新课标全国I卷,present_common,H:\New folder\【新·PDF版】2008-2024·高考语文真题\版本2：语文（按省份分类）2008-2024\2012-2024·（安徽）语文高考真题\2016年高考语文试卷（新课标Ⅰ卷）（空白卷）.pdf,papers/2016/语文/全国/新课标全国I卷/2016_语文_安徽_新课标全国I卷_原卷.pdf,2
2016,语文,福建,老高考,2021,全国卷,common,新课标全国I卷,present_common,H:\New folder\【新·PDF版】2008-2024·高考语文真题\版本2：语文（按省份分类）2008-2024\2012-2024·（福建）语文高考真题\2016年高考语文试卷（新课标Ⅰ卷）（空白卷）.pdf,papers/2016/语文/全国/新课标全国I卷/2016_语文_福建_新课标全国I卷_原卷.pdf,2
2016,语文,江西,老高考,2024,全国卷,common,新课标全国I卷,present_common,H:\New folder\【新·PDF版】2008-2024·高考语文真题\版本2：语文（按省份分类）2008-2024\2012-2024·（江西）语文高考真题\2016年高考语文试卷（新课标Ⅰ卷）（空白卷）.pdf,papers/2016/语文/全国/新课标全国I卷/2016_语文_江西_新课标全国I卷_原卷.pdf,1
2016,语文,山东,老高考,2020,地方/区域卷,local,山东卷,present_local,H:\New folder\【新·PDF版】2008-2024·高考语文真题\版本2：语文（按省份分类）2008-2024\2008-2024·（山东）语文高考真题\2016年高考语文试卷（山东）（空白卷）.pdf,papers/2016/语文/山东/山东卷/2016_语文_山东_山东卷_原卷.pdf,2
2016,语文,河南,老高考,2025,全国卷,common,新课标全国I卷,present_common,H:\New folder\【新·PDF版】2008-2024·高考语文真题\版本2：语文（按省份分类）2008-2024\2008-2024·（河南）语文高考真题\2016年高考语文试卷（新课标Ⅰ卷）（空白卷）.pdf,papers/2016/语文/全国/新课标全国I卷/2016_语文_河南_新课标全国I卷_原卷.pdf,2
2016,语文,湖北,老高考,2021,全国卷,common,新课标全国I卷,present_common,H:\New folder\【新·PDF版】2008-2024·高考语文真题\版本2：语文（按省份分类）2008-2024\2012-2024·（湖北）语文高考真题\2016年高考语文试卷（新课标Ⅰ卷）（空白卷）.pdf,papers/2016/语文/全国/新课标全国I卷/2016_语文_湖北_新课标全国I卷_原卷.pdf,2
2016,语文,湖南,老高考,2021,全国卷,common,新课标全国I卷,present_common,H:\New folder\【新·PDF版】2008-2024·高考语文真题\版本2：语文（按省份分类）2008-2024\2008-2024·（湖南）语文高考真题\2016年高考语文试卷（新课标Ⅰ卷）（空白卷）.pdf,papers/2016/语文/全国/新课标全国I卷/2016_语文_湖南_新课标全国I卷_原卷.pdf,2
2016,语文,广东,老高考,2021,全国卷,common,新课标全国I卷,present_common,H:\New folder\【新·PDF版】2008-2024·高考语文真题\版本2：语文（按省份分类）2008-2024\2008-2024·（广东）语文高考真题\2016年高考语文试卷（新课标Ⅰ卷）（空白卷）.pdf,papers/2016/语文/全国/新课标全国I卷/2016_语文_广东_新课标全国I卷_原卷.pdf,2
2016,语文,广西,老高考,2024,全国卷,common,新课标全国III卷,present_common,H:\New folder\【新·PDF版】2008-2024·高考语文真题\版本2：语文（按省份分类）2008-2024\2008-2024·（广西）语文高考真题\2016年高考语文试卷（新课标Ⅲ卷）（空白卷）.pdf,papers/2016/语文/全国/新课标全国III卷/2016_语文_广西_新课标全国III卷_原卷.pdf,2
2016,语文,海南,老高考,2020,全国卷,common,新课标全国II卷,present_common,H:\New folder\【新·PDF版】2008-2024·高考语文真题\版本2：语文（按省份分类）2008-2024\2008-2024·（海南）语文高考真题\2016年高考语文试卷（新课标Ⅱ卷）（空白卷）.pdf,papers/2016/语文/全国/新课标全国II卷/2016_语文_海南_新课标全国II卷_原卷.pdf,2
2016,语文,重庆,老高考,2021,全国卷,common,新课标全国II卷,present_common,H:\New folder\【新·PDF版】2008-2024·高考语文真题\版本2：语文（按省份分类）2008-2024\2012-2024·（重庆）语文高考真题\2016年高考语文试卷（新课标Ⅱ卷）（空白卷）.pdf,papers/2016/语文/全国/新课标全国II卷/2016_语文_重庆_新课标全国II卷_原卷.pdf,2
2016,语文,四川,老高考,2025,全国卷,common,新课标全国III卷,present_common,H:\New folder\【新·PDF版】2008-2024·高考语文真题\版本2：语文（按省份分类）2008-2024\2008-2024·（四川）语文高考真题\2016年高考语文试卷（新课标Ⅲ卷）（空白卷）.pdf,papers/2016/语文/全国/新课标全国III卷/2016_语文_四川_新课标全国III卷_原卷.pdf,2
2016,语文,贵州,老高考,2024,全国卷,common,新课标全国III卷,present_common,H:\New folder\【新·PDF版】2008-2024·高考语文真题\版本2：语文（按省份分类）2008-2024\2008-2024·（贵州）语文高考真题\2016年高考语文试卷（新课标Ⅲ卷）（空白卷）.pdf,papers/2016/语文/全国/新课标全国III卷/2016_语文_贵州_新课标全国III卷_原卷.pdf,2
2016,语文,云南,老高考,2025,全国卷,common,新课标全国III卷,present_common,H:\New folder\【新·PDF版】2008-2024·高考语文真题\版本2：语文（按省份分类）2008-2024\2008-2024·（云南）语文高考真题\2016年高考语文试卷（新课标Ⅲ卷）（空白卷）.pdf,papers/2016/语文/全国/新课标全国III卷/2016_语文_云南_新课标全国III卷_原卷.pdf,2
2016,语文,西藏,老高考,,全国卷,common,新课标全国II卷,present_common,H:\New folder\【新·PDF版】2008-2024·高考语文真题\版本2：语文（按省份分类）2008-2024\2008-2024·（西藏）语文高考真题\2016年高考语文试卷（新课标Ⅱ卷）（空白卷）.pdf,papers/2016/语文/全国/新课标全国II卷/2016_语文_西藏_新课标全国II卷_原卷.pdf,2
2016,语文,陕西,老高考,2025,全国卷,common,新课标全国II卷,present_common,H:\New folder\【新·PDF版】2008-2024·高考语文真题\版本2：语文（按省份分类）2008-2024\2008-2024·（陕西）语文高考真题\2016年高考语文试卷（新课标Ⅱ卷）（空白卷）.pdf,papers/2016/语文/全国/新课标全国II卷/2016_语文_陕西_新课标全国II卷_原卷.pdf,2
2016,语文,甘肃,老高考,2024,全国卷,common,新课标全国II卷,present_common,H:\New folder\【新·PDF版】2008-2024·高考语文真题\版本2：语文（按省份分类）2008-2024\2008-2024·（甘肃）语文高考真题\2016年高考语文试卷（新课标Ⅱ卷）（空白卷）.pdf,papers/2016/语文/全国/新课标全国II卷/2016_语文_甘肃_新课标全国II卷_原卷.pdf,2
2016,语文,青海,老高考,2025,全国卷,common,新课标全国II卷,present_common,H:\New folder\【新·PDF版】2008-2024·高考语文真题\版本2：语文（按省份分类）2008-2024\2008-2024·（青海）语文高考真题\2016年高考语文试卷（新课标Ⅱ卷）（空白卷）.pdf,papers/2016/语文/全国/新课标全国II卷/2016_语文_青海_新课标全国II卷_原卷.pdf,2
2016,语文,宁夏,老高考,2025,全国卷,common,新课标全国II卷,present_common,H:\New folder\【新·PDF版】2008-2024·高考语文真题\版本2：语文（按省份分类）2008-2024\2008-2024·（宁夏）语文高考真题\2016年高考语文试卷（新课标Ⅱ卷）（空白卷）.pdf,papers/2016/语文/全国/新课标全国II卷/2016_语文_宁夏_新课标全国II卷_原卷.pdf,2
2016,语文,新疆,老高考,,全国卷,common,新课标全国II卷,present_common,H:\New folder\【新·PDF版】2008-2024·高考语文真题\版本2：语文（按省份分类）2008-2024\2008-2024·（新疆）语文高考真题\2016年高考语文试卷（新课标Ⅱ卷）（空白卷）.pdf,papers/2016/语文/全国/新课标全国II卷/2016_语文_新疆_新课标全国II卷_原卷.pdf,2
2016,数学,北京,老高考,2020,地方/区域卷,local,北京卷,present_local,H:\New folder\【新】2008-2024·高考数学真题\【PDF版】2008-2024·高考数学真题\版本2：数学（按省份分类）2008-2024\2008-2024·（北京）数学高考真题\2016年高考数学试卷（文）（北京）（空白卷）.pdf,papers/2016/数学/北京/北京卷/2016_数学_北京_北京卷_原卷.pdf,4
2016,数学,天津,老高考,2020,地方/区域卷,local,天津卷,present_local,H:\New folder\【新】2008-2024·高考数学真题\【PDF版】2008-2024·高考数学真题\版本2：数学（按省份分类）2008-2024\2008-2024·（天津）数学高考真题\2016年高考数学试卷（文）（天津）（空白卷）.pdf,papers/2016/数学/天津/天津卷/2016_数学_天津_天津卷_原卷.pdf,4
2016,数学,河北,老高考,2021,全国卷,common,新课标全国I卷,present_common,H:\New folder\【新】2008-2024·高考数学真题\【PDF版】2008-2024·高考数学真题\版本2：数学（按省份分类）2008-2024\2008-2024·（河北）数学高考真题\2016年高考数学试卷（文）（新课标Ⅰ）（空白卷）.pdf,papers/2016/数学/全国/新课标全国I卷/2016_数学_河北_新课标全国I卷_原卷.pdf,4
2016,数学,山西,老高考,2025,全国卷,common,新课标全国I卷,present_common,H:\New folder\【新】2008-2024·高考数学真题\【PDF版】2008-2024·高考数学真题\版本2：数学（按省份分类）2008-2024\2008-2024·（山西）数学高考真题\2016年高考数学试卷（文）（新课标Ⅰ）（空白卷）.pdf,papers/2016/数学/全国/新课标全国I卷/2016_数学_山西_新课标全国I卷_原卷.pdf,4
2016,数学,内蒙古,老高考,2025,全国卷,common,新课标全国II卷,present_common,H:\New folder\【新】2008-2024·高考数学真题\【PDF版】2008-2024·高考数学真题\版本2：数学（按省份分类）2008-2024\2008-2024·（内蒙古）数学高考真题\2016年高考数学试卷（文）（新课标Ⅱ）（空白卷）.pdf,papers/2016/数学/全国/新课标全国II卷/2016_数学_内蒙古_新课标全国II卷_原卷.pdf,4
2016,数学,辽宁,老高考,2021,全国卷,common,新课标全国II卷,present_common,H:\New folder\【新】2008-2024·高考数学真题\【PDF版】2008-2024·高考数学真题\版本2：数学（按省份分类）2008-2024\2008-2024·（辽宁）数学高考真题\2016年高考数学试卷（文）（新课标Ⅱ）（空白卷）.pdf,papers/2016/数学/全国/新课标全国II卷/2016_数学_辽宁_新课标全国II卷_原卷.pdf,4
2016,数学,吉林,老高考,2024,全国卷,common,新课标全国II卷,present_common,H:\New folder\【新】2008-2024·高考数学真题\【PDF版】2008-2024·高考数学真题\版本2：数学（按省份分类）2008-2024\2008-2024·（吉林）数学高考真题\2016年高考数学试卷（文）（新课标Ⅱ）（空白卷）.pdf,papers/2016/数学/全国/新课标全国II卷/2016_数学_吉林_新课标全国II卷_原卷.pdf,4
2016,数学,黑龙江,老高考,2024,全国卷,common,新课标全国II卷,present_common,H:\New folder\【新】2008-2024·高考数学真题\【PDF版】2008-2024·高考数学真题\版本2：数学（按省份分类）2008-2024\2008-2024·（黑龙江）数学高考真题\2016年高考数学试卷（文）（新课标Ⅱ）（空白卷）.pdf,papers/2016/数学/全国/新课标全国II卷/2016_数学_黑龙江_新课标全国II卷_原卷.pdf,4
2016,数学,上海,老高考,2017,地方/区域卷,local,上海卷,present_local,H:\New folder\【新】2008-2024·高考数学真题\【PDF版】2008-2024·高考数学真题\版本2：数学（按省份分类）2008-2024\2008-2024·（上海）数学高考真题\2016年高考数学试卷（上海）（春考）（空白卷）.pdf,papers/2016/数学/上海/上海卷/2016_数学_上海_上海卷_原卷.pdf,6
2016,数学,江苏,老高考,2021,地方/区域卷,local,江苏卷,present_local,H:\New folder\【新】2008-2024·高考数学真题\【PDF版】2008-2024·高考数学真题\版本2：数学（按省份分类）2008-2024\2008-2024·（江苏）数学高考真题\2016年高考数学试卷（江苏）（空白卷）.pdf,papers/2016/数学/江苏/江苏卷/2016_数学_江苏_江苏卷_原卷.pdf,2
2016,数学,浙江,老高考,2017,地方/区域卷,local,浙江卷,present_local,H:\New folder\【新】2008-2024·高考数学真题\【PDF版】2008-2024·高考数学真题\版本2：数学（按省份分类）2008-2024\2008-2024·（浙江）数学高考真题\2016年高考数学试卷（文）（浙江）（空白卷）.pdf,papers/2016/数学/浙江/浙江卷/2016_数学_浙江_浙江卷_原卷.pdf,4
2016,数学,安徽,老高考,2024,全国卷,common,新课标全国I卷,present_common,H:\New folder\【新】2008-2024·高考数学真题\【PDF版】2008-2024·高考数学真题\版本2：数学（按省份分类）2008-2024\2012-2024·（安徽）数学高考真题\2016年高考数学试卷（文）（新课标Ⅰ）（空白卷）.pdf,papers/2016/数学/全国/新课标全国I卷/2016_数学_安徽_新课标全国I卷_原卷.pdf,4
2016,数学,福建,老高考,2021,全国卷,common,新课标全国I卷,present_common,H:\New folder\【新】2008-2024·高考数学真题\【PDF版】2008-2024·高考数学真题\版本2：数学（按省份分类）2008-2024\2012-2024·（福建）数学高考真题\2016年高考数学试卷（文）（新课标Ⅰ）（空白卷）.pdf,papers/2016/数学/全国/新课标全国I卷/2016_数学_福建_新课标全国I卷_原卷.pdf,4
2016,数学,江西,老高考,2024,全国卷,common,新课标全国I卷,present_common,H:\New folder\【新】2008-2024·高考数学真题\【PDF版】2008-2024·高考数学真题\版本2：数学（按省份分类）2008-2024\2008-2024·（江西）数学高考真题\2016年高考数学试卷（文）（新课标Ⅰ）（空白卷）.pdf,papers/2016/数学/全国/新课标全国I卷/2016_数学_江西_新课标全国I卷_原卷.pdf,4
2016,数学,山东,老高考,2020,地方/区域卷,local,山东卷,present_local,H:\New folder\【新】2008-2024·高考数学真题\【PDF版】2008-2024·高考数学真题\版本2：数学（按省份分类）2008-2024\2008-2024·（山东）数学高考真题\2016年高考数学试卷（文）（山东）（空白卷）.pdf,papers/2016/数学/山东/山东卷/2016_数学_山东_山东卷_原卷.pdf,4
2016,数学,河南,老高考,2025,全国卷,common,新课标全国I卷,present_common,H:\New folder\【新】2008-2024·高考数学真题\【PDF版】2008-2024·高考数学真题\版本2：数学（按省份分类）2008-2024\2008-2024·（河南）数学高考真题\2016年高考数学试卷（文）（新课标Ⅰ）（空白卷）.pdf,papers/2016/数学/全国/新课标全国I卷/2016_数学_河南_新课标全国I卷_原卷.pdf,4
2016,数学,湖北,老高考,2021,全国卷,common,新课标全国I卷,present_common,H:\New folder\【新】2008-2024·高考数学真题\【PDF版】2008-2024·高考数学真题\版本2：数学（按省份分类）2008-2024\2012-2024·（湖北）数学高考真题\2016年高考数学试卷（文）（新课标Ⅰ）（空白卷）.pdf,papers/2016/数学/全国/新课标全国I卷/2016_数学_湖北_新课标全国I卷_原卷.pdf,4
2016,数学,湖南,老高考,2021,全国卷,common,新课标全国I卷,present_common,H:\New folder\【新】2008-2024·高考数学真题\【PDF版】2008-2024·高考数学真题\版本2：数学（按省份分类）2008-2024\2008-2024·（湖南）数学高考真题\2016年高考数学试卷（文）（新课标Ⅰ）（空白卷）.pdf,papers/2016/数学/全国/新课标全国I卷/2016_数学_湖南_新课标全国I卷_原卷.pdf,3
2016,数学,广东,老高考,2021,全国卷,common,新课标全国I卷,present_common,H:\New folder\【新】2008-2024·高考数学真题\【PDF版】2008-2024·高考数学真题\版本2：数学（按省份分类）2008-2024\2008-2024·（广东）数学高考真题\2016年高考数学试卷（文）（新课标Ⅰ）（空白卷）.pdf,papers/2016/数学/全国/新课标全国I卷/2016_数学_广东_新课标全国I卷_原卷.pdf,4
2016,数学,广西,老高考,2024,全国卷,common,新课标全国III卷,present_common,H:\New folder\【新】2008-2024·高考数学真题\【PDF版】2008-2024·高考数学真题\版本2：数学（按省份分类）2008-2024\2008-2024·（广西）数学高考真题\2016年高考数学试卷（文）（新课标Ⅲ）（空白卷）.pdf,papers/2016/数学/全国/新课标全国III卷/2016_数学_广西_新课标全国III卷_原卷.pdf,4
2016,数学,海南,老高考,2020,全国卷,common,新课标全国II卷,present_common,H:\New folder\【新】2008-2024·高考数学真题\【PDF版】2008-2024·高考数学真题\版本2：数学（按省份分类）2008-2024\2008-2024·（海南）数学高考真题\2016年高考数学试卷（文）（新课标Ⅱ）（空白卷）.pdf,papers/2016/数学/全国/新课标全国II卷/2016_数学_海南_新课标全国II卷_原卷.pdf,4
2016,数学,重庆,老高考,2021,全国卷,common,新课标全国II卷,present_common,H:\New folder\【新】2008-2024·高考数学真题\【PDF版】2008-2024·高考数学真题\版本2：数学（按省份分类）2008-2024\2012-2024·（重庆）数学高考真题\2016年高考数学试卷（文）（新课标Ⅱ）（空白卷）.pdf,papers/2016/数学/全国/新课标全国II卷/2016_数学_重庆_新课标全国II卷_原卷.pdf,4
2016,数学,四川,老高考,2025,地方/区域卷,local,四川卷,present_local,H:\New folder\【新】2008-2024·高考数学真题\【PDF版】2008-2024·高考数学真题\版本2：数学（按省份分类）2008-2024\2008-2024·（四川）数学高考真题\2016年高考数学试卷（文）（四川）（空白卷）.pdf,papers/2016/数学/四川/四川卷/2016_数学_四川_四川卷_原卷.pdf,4
2016,数学,贵州,老高考,2024,全国卷,common,新课标全国III卷,present_common,H:\New folder\【新】2008-2024·高考数学真题\【PDF版】2008-2024·高考数学真题\版本2：数学（按省份分类）2008-2024\2008-2024·（贵州）数学高考真题\2016年高考数学试卷（文）（新课标Ⅲ）（空白卷）.pdf,papers/2016/数学/全国/新课标全国III卷/2016_数学_贵州_新课标全国III卷_原卷.pdf,4
2016,数学,云南,老高考,2025,全国卷,common,新课标全国III卷,present_common,H:\New folder\【新】2008-2024·高考数学真题\【PDF版】2008-2024·高考数学真题\版本2：数学（按省份分类）2008-2024\2008-2024·（云南）数学高考真题\2016年高考数学试卷（文）（新课标Ⅲ）（空白卷）.pdf,papers/2016/数学/全国/新课标全国III卷/2016_数学_云南_新课标全国III卷_原卷.pdf,4
2016,数学,西藏,老高考,,全国卷,common,新课标全国II卷,present_common,H:\New folder\【新】2008-2024·高考数学真题\【PDF版】2008-2024·高考数学真题\版本2：数学（按省份分类）2008-2024\2008-2024·（西藏）数学高考真题\2016年高考数学试卷（文）（新课标Ⅱ）（空白卷）.pdf,papers/2016/数学/全国/新课标全国II卷/2016_数学_西藏_新课标全国II卷_原卷.pdf,4
2016,数学,陕西,老高考,2025,全国卷,common,新课标全国II卷,present_common,H:\New folder\【新】2008-2024·高考数学真题\【PDF版】2008-2024·高考数学真题\版本2：数学（按省份分类）2008-2024\2008-2024·（陕西）数学高考真题\2016年高考数学试卷（文）（新课标Ⅱ）（空白卷）.pdf,papers/2016/数学/全国/新课标全国II卷/2016_数学_陕西_新课标全国II卷_原卷.pdf,4
2016,数学,甘肃,老高考,2024,全国卷,common,新课标全国II卷,present_common,H:\New folder\【新】2008-2024·高考数学真题\【PDF版】2008-2024·高考数学真题\版本2：数学（按省份分类）2008-2024\2008-2024·（甘肃）数学高考真题\2016年高考数学试卷（文）（新课标Ⅱ）（空白卷）.pdf,papers/2016/数学/全国/新课标全国II卷/2016_数学_甘肃_新课标全国II卷_原卷.pdf,4
2016,数学,青海,老高考,2025,全国卷,common,新课标全国II卷,present_common,H:\New folder\【新】2008-2024·高考数学真题\【PDF版】2008-2024·高考数学真题\版本2：数学（按省份分类）2008-2024\2008-2024·（青海）数学高考真题\2016年高考数学试卷（文）（新课标Ⅱ）（空白卷）.pdf,papers/2016/数学/全国/新课标全国II卷/2016_数学_青海_新课标全国II卷_原卷.pdf,4
2016,数学,宁夏,老高考,2025,全国卷,common,新课标全国II卷,present_common,H:\New folder\【新】2008-2024·高考数学真题\【PDF版】2008-2024·高考数学真题\版本2：数学（按省份分类）2008-2024\2008-2024·（宁夏）数学高考真题\2016年高考数学试卷（文）（新课标Ⅱ）（空白卷）.pdf,papers/2016/数学/全国/新课标全国II卷/2016_数学_宁夏_新课标全国II卷_原卷.pdf,4
2016,数学,新疆,老高考,,全国卷,common,新课标全国II卷,present_common,H:\New folder\【新】2008-2024·高考数学真题\【PDF版】2008-2024·高考数学真题\版本2：数学（按省份分类）2008-2024\2008-2024·（新疆）数学高考真题\2016年高考数学试卷（文）（新课标Ⅱ）（空白卷）.pdf,papers/2016/数学/全国/新课标全国II卷/2016_数学_新疆_新课标全国II卷_原卷.pdf,4
2016,英语,北京,老高考,2020,地方/区域卷,local,北京卷,present_local,H:\New folder\【新·PDF版】2008-2024·高考英语真题\版本2：英语（按省份分类）2008-2024\2008-2024·（北京）英语高考真题\2016年高考英语试卷（北京）听力音频.mp3,papers/2016/英语/北京/北京卷/2016_英语_北京_北京卷_原卷.mp3,3
2016,英语,天津,老高考,2020,地方/区域卷,local,天津卷,present_local,H:\New folder\【新·PDF版】2008-2024·高考英语真题\版本2：英语（按省份分类）2008-2024\2008-2023·（天津）英语高考真题\2016年高考英语试卷（天津）（空白卷）.pdf,papers/2016/英语/天津/天津卷/2016_英语_天津_天津卷_原卷.pdf,2
2016,英语,河北,老高考,2021,全国卷,common,新课标全国I卷,present_common,H:\New folder\【新·PDF版】2008-2024·高考英语真题\版本2：英语（按省份分类）2008-2024\2008-2024·（河北）英语高考真题\2016年高考英语试卷（新课标Ⅰ卷）听力音频.mp3,papers/2016/英语/全国/新课标全国I卷/2016_英语_河北_新课标全国I卷_原卷.mp3,3
2016,英语,山西,老高考,2025,全国卷,common,新课标全国I卷,present_common,H:\New folder\【新·PDF版】2008-2024·高考英语真题\版本2：英语（按省份分类）2008-2024\2008-2024·（山西）英语高考真题\2016年高考英语试卷（新课标Ⅰ卷）听力音频.mp3,papers/2016/英语/全国/新课标全国I卷/2016_英语_山西_新课标全国I卷_原卷.mp3,3
2016,英语,内蒙古,老高考,2025,全国卷,common,新课标全国II卷,present_common,H:\New folder\【新·PDF版】2008-2024·高考英语真题\版本2：英语（按省份分类）2008-2024\2008-2024·（内蒙古）英语高考真题\2016年高考英语试卷（新课标Ⅱ卷）听力音频.mp3,papers/2016/英语/全国/新课标全国II卷/2016_英语_内蒙古_新课标全国II卷_原卷.mp3,3
2016,英语,辽宁,老高考,2021,全国卷,common,新课标全国II卷,present_common,H:\New folder\【新·PDF版】2008-2024·高考英语真题\版本2：英语（按省份分类）2008-2024\2012-2024·（辽宁）英语高考真题\2016年高考英语试卷（新课标Ⅱ卷）听力音频.mp3,papers/2016/英语/全国/新课标全国II卷/2016_英语_辽宁_新课标全国II卷_原卷.mp3,3
2016,英语,吉林,老高考,2024,全国卷,common,新课标全国II卷,present_common,H:\New folder\【新·PDF版】2008-2024·高考英语真题\版本2：英语（按省份分类）2008-2024\2008-2024·（吉林）英语高考真题\2016年高考英语试卷（新课标Ⅱ卷）听力音频.mp3,papers/2016/英语/全国/新课标全国II卷/2016_英语_吉林_新课标全国II卷_原卷.mp3,3
2016,英语,黑龙江,老高考,2024,全国卷,common,新课标全国II卷,present_common,H:\New folder\【新·PDF版】2008-2024·高考英语真题\版本2：英语（按省份分类）2008-2024\2008-2024·（黑龙江）英语高考真题\2016年高考英语试卷（新课标Ⅱ卷）听力音频.mp3,papers/2016/英语/全国/新课标全国II卷/2016_英语_黑龙江_新课标全国II卷_原卷.mp3,3
2016,英语,上海,老高考,2017,地方/区域卷,local,上海卷,present_local,H:\New folder\【新·PDF版】2008-2024·高考英语真题\版本2：英语（按省份分类）2008-2024\2008-2023·（上海）英语高考真题\2016年高考英语试卷（上海）（秋考）听力音频.mp3,papers/2016/英语/上海/上海卷/2016_英语_上海_上海卷_原卷.mp3,3
2016,英语,江苏,老高考,2021,地方/区域卷,local,江苏卷,present_local,H:\New folder\【新·PDF版】2008-2024·高考英语真题\版本2：英语（按省份分类）2008-2024\2008-2024·（江苏）英语高考真题\2016年高考英语试卷（江苏）听力音频.mp3,papers/2016/英语/江苏/江苏卷/2016_英语_江苏_江苏卷_原卷.mp3,3
2016,英语,浙江,老高考,2017,地方/区域卷,local,浙江卷,present_local,H:\New folder\【新·PDF版】2008-2024·高考英语真题\版本2：英语（按省份分类）2008-2024\2008-2024·（浙江）英语高考真题\2016年高考英语试卷（浙江）（10月）（空白卷）.pdf,papers/2016/英语/浙江/浙江卷/2016_英语_浙江_浙江卷_原卷.pdf,5
2016,英语,安徽,老高考,2024,全国卷,common,新课标全国I卷,present_common,H:\New folder\【新·PDF版】2008-2024·高考英语真题\版本2：英语（按省份分类）2008-2024\2012-2024·（安徽）英语高考真题\2016年高考英语试卷（新课标Ⅰ卷）听力音频.mp3,papers/2016/英语/全国/新课标全国I卷/2016_英语_安徽_新课标全国I卷_原卷.mp3,3
2016,英语,福建,老高考,2021,全国卷,common,新课标全国I卷,present_common,H:\New folder\【新·PDF版】2008-2024·高考英语真题\版本2：英语（按省份分类）2008-2024\2012-2024·（福建）英语高考真题\2016年高考英语试卷（新课标Ⅰ卷）听力音频.mp3,papers/2016/英语/全国/新课标全国I卷/2016_英语_福建_新课标全国I卷_原卷.mp3,3
2016,英语,江西,老高考,2024,全国卷,common,新课标全国I卷,present_common,H:\New folder\【新·PDF版】2008-2024·高考英语真题\版本2：英语（按省份分类）2008-2024\2012-2024·（江西）英语高考真题\2016年高考英语试卷（新课标Ⅰ卷）听力音频.mp3,papers/2016/英语/全国/新课标全国I卷/2016_英语_江西_新课标全国I卷_原卷.mp3,3
2016,英语,山东,老高考,2020,全国卷,common,新课标全国I卷,present_common,H:\New folder\【新·PDF版】2008-2024·高考英语真题\版本2：英语（按省份分类）2008-2024\2008-2024·（山东）英语高考真题\2016年高考英语试卷（新课标Ⅰ卷）听力音频.mp3,papers/2016/英语/全国/新课标全国I卷/2016_英语_山东_新课标全国I卷_原卷.mp3,3
2016,英语,河南,老高考,2025,全国卷,common,新课标全国I卷,present_common,H:\New folder\【新·PDF版】2008-2024·高考英语真题\版本2：英语（按省份分类）2008-2024\2008-2024·（河南）英语高考真题\2016年高考英语试卷（新课标Ⅰ卷）听力音频.mp3,papers/2016/英语/全国/新课标全国I卷/2016_英语_河南_新课标全国I卷_原卷.mp3,3
2016,英语,湖北,老高考,2021,全国卷,common,新课标全国I卷,present_common,H:\New folder\【新·PDF版】2008-2024·高考英语真题\版本2：英语（按省份分类）2008-2024\2012-2024·（湖北）英语高考真题\2016年高考英语试卷（新课标Ⅰ卷）听力音频.mp3,papers/2016/英语/全国/新课标全国I卷/2016_英语_湖北_新课标全国I卷_原卷.mp3,3
2016,英语,湖南,老高考,2021,全国卷,common,新课标全国I卷,present_common,H:\New folder\【新·PDF版】2008-2024·高考英语真题\版本2：英语（按省份分类）2008-2024\2008-2024·（湖南）英语高考真题\2016年高考英语试卷（新课标Ⅰ卷）听力音频.mp3,papers/2016/英语/全国/新课标全国I卷/2016_英语_湖南_新课标全国I卷_原卷.mp3,3
2016,英语,广东,老高考,2021,全国卷,common,新课标全国I卷,present_common,H:\New folder\【新·PDF版】2008-2024·高考英语真题\版本2：英语（按省份分类）2008-2024\2008-2024·（广东）英语高考真题\2016年高考英语试卷（新课标Ⅰ卷）听力音频.mp3,papers/2016/英语/全国/新课标全国I卷/2016_英语_广东_新课标全国I卷_原卷.mp3,3
2016,英语,广西,老高考,2024,全国卷,common,新课标全国III卷,present_common,H:\New folder\【新·PDF版】2008-2024·高考英语真题\版本2：英语（按省份分类）2008-2024\2008-2024·（广西）英语高考真题\2016年高考英语试卷（新课标Ⅲ卷）听力音频.mp3,papers/2016/英语/全国/新课标全国III卷/2016_英语_广西_新课标全国III卷_原卷.mp3,3
2016,英语,海南,老高考,2020,全国卷,common,新课标全国II卷,present_common,H:\New folder\【新·PDF版】2008-2024·高考英语真题\版本2：英语（按省份分类）2008-2024\2008-2024·（海南）英语高考真题\2016年高考英语试卷（新课标Ⅱ卷）听力音频.mp3,papers/2016/英语/全国/新课标全国II卷/2016_英语_海南_新课标全国II卷_原卷.mp3,3
2016,英语,重庆,老高考,2021,全国卷,common,新课标全国II卷,present_common,H:\New folder\【新·PDF版】2008-2024·高考英语真题\版本2：英语（按省份分类）2008-2024\2012-2024·（重庆）英语高考真题\2016年高考英语试卷（新课标Ⅱ卷）听力音频.mp3,papers/2016/英语/全国/新课标全国II卷/2016_英语_重庆_新课标全国II卷_原卷.mp3,3
2016,英语,四川,老高考,2025,地方/区域卷,local,四川卷,present_local,H:\New folder\【新·PDF版】2008-2024·高考英语真题\版本2：英语（按省份分类）2008-2024\2008-2024·（四川）英语高考真题\2016年高考英语试卷（四川）听力音频.mp3,papers/2016/英语/四川/四川卷/2016_英语_四川_四川卷_原卷.mp3,3
2016,英语,贵州,老高考,2024,全国卷,common,新课标全国III卷,present_common,H:\New folder\【新·PDF版】2008-2024·高考英语真题\版本2：英语（按省份分类）2008-2024\2008-2024·（贵州）英语高考真题\2016年高考英语试卷（新课标Ⅲ卷）听力音频.mp3,papers/2016/英语/全国/新课标全国III卷/2016_英语_贵州_新课标全国III卷_原卷.mp3,3
2016,英语,云南,老高考,2025,全国卷,common,新课标全国III卷,present_common,H:\New folder\【新·PDF版】2008-2024·高考英语真题\版本2：英语（按省份分类）2008-2024\2008-2024·（云南）英语高考真题\2016年高考英语试卷（新课标Ⅲ卷）听力音频.mp3,papers/2016/英语/全国/新课标全国III卷/2016_英语_云南_新课标全国III卷_原卷.mp3,3
2016,英语,西藏,老高考,,全国卷,common,新课标全国II卷,present_common,H:\New folder\【新·PDF版】2008-2024·高考英语真题\版本2：英语（按省份分类）2008-2024\2008-2024·（西藏）英语高考真题\2016年高考英语试卷（新课标Ⅱ卷）听力音频.mp3,papers/2016/英语/全国/新课标全国II卷/2016_英语_西藏_新课标全国II卷_原卷.mp3,3
2016,英语,陕西,老高考,2025,全国卷,common,新课标全国II卷,present_common,H:\New folder\【新·PDF版】2008-2024·高考英语真题\版本2：英语（按省份分类）2008-2024\2008-2024·（陕西）英语高考真题\2016年高考英语试卷（新课标Ⅱ卷）听力音频.mp3,papers/2016/英语/全国/新课标全国II卷/2016_英语_陕西_新课标全国II卷_原卷.mp3,3
2016,英语,甘肃,老高考,2024,全国卷,common,新课标全国II卷,present_common,H:\New folder\【新·PDF版】2008-2024·高考英语真题\版本2：英语（按省份分类）2008-2024\2008-2024·（甘肃）英语高考真题\2016年高考英语试卷（新课标Ⅱ卷）听力音频.mp3,papers/2016/英语/全国/新课标全国II卷/2016_英语_甘肃_新课标全国II卷_原卷.mp3,3
2016,英语,青海,老高考,2025,全国卷,common,新课标全国II卷,present_common,H:\New folder\【新·PDF版】2008-2024·高考英语真题\版本2：英语（按省份分类）2008-2024\2008-2024·（青海）英语高考真题\2016年高考英语试卷（新课标Ⅱ卷）听力音频.mp3,papers/2016/英语/全国/新课标全国II卷/2016_英语_青海_新课标全国II卷_原卷.mp3,3
2016,英语,宁夏,老高考,2025,全国卷,common,新课标全国II卷,present_common,H:\New folder\【新·PDF版】2008-2024·高考英语真题\版本2：英语（按省份分类）2008-2024\2008-2024·（宁夏）英语高考真题\2016年高考英语试卷（新课标Ⅱ卷）听力音频.mp3,papers/2016/英语/全国/新课标全国II卷/2016_英语_宁夏_新课标全国II卷_原卷.mp3,3
2016,英语,新疆,老高考,,全国卷,common,新课标全国II卷,present_common,H:\New folder\【新·PDF版】2008-2024·高考英语真题\版本2：英语（按省份分类）2008-2024\2008-2024·（新疆）英语高考真题\2016年高考英语试卷（新课标Ⅱ卷）听力音频.mp3,papers/2016/英语/全国/新课标全国II卷/2016_英语_新疆_新课标全国II卷_原卷.mp3,3
2016,物理,北京,老高考,2020,地方/区域卷,local,北京卷,present_local,H:\New folder\【新·PDF版】2008-2024·高考物理真题\版本2：物理（按省份分类）2008-2024\2008-2024·（北京）物理高考真题\2016年高考物理试卷（北京）（空白卷）.pdf,papers/2016/物理/北京/北京卷/2016_物理_北京_北京卷_原卷.pdf,2
2016,物理,天津,老高考,2020,地方/区域卷,local,天津卷,present_local,H:\New folder\【新·PDF版】2008-2024·高考物理真题\版本2：物理（按省份分类）2008-2024\2008-2023·（天津）物理高考真题\2016年高考物理试卷（天津）（空白卷）.pdf,papers/2016/物理/天津/天津卷/2016_物理_天津_天津卷_原卷.pdf,2
2016,物理,河北,老高考,2021,全国卷,common,新课标全国I卷,present_common,H:\New folder\【新·PDF版】2008-2024·高考物理真题\版本2：物理（按省份分类）2008-2024\2008-2024·（河北）物理高考真题\2016年高考物理试卷（新课标Ⅰ）（空白卷）.pdf,papers/2016/物理/全国/新课标全国I卷/2016_物理_河北_新课标全国I卷_原卷.pdf,2
2016,物理,山西,老高考,2025,全国卷,common,新课标全国I卷,present_common,H:\New folder\【新·PDF版】2008-2024·高考物理真题\版本2：物理（按省份分类）2008-2024\2008-2024·（山西）物理高考真题\2016年高考物理试卷（新课标Ⅰ）（空白卷）.pdf,papers/2016/物理/全国/新课标全国I卷/2016_物理_山西_新课标全国I卷_原卷.pdf,2
2016,物理,内蒙古,老高考,2025,全国卷,common,新课标全国II卷,present_common,H:\New folder\【新·PDF版】2008-2024·高考物理真题\版本2：物理（按省份分类）2008-2024\2008-2024·（内蒙古）物理高考真题\2016年高考物理试卷（新课标Ⅱ）（空白卷）.pdf,papers/2016/物理/全国/新课标全国II卷/2016_物理_内蒙古_新课标全国II卷_原卷.pdf,2
2016,物理,辽宁,老高考,2021,全国卷,common,新课标全国II卷,present_common,H:\New folder\【新·PDF版】2008-2024·高考物理真题\版本2：物理（按省份分类）2008-2024\2010-2024·（辽宁）物理高考真题\2016年高考物理试卷（新课标Ⅱ）（空白卷）.pdf,papers/2016/物理/全国/新课标全国II卷/2016_物理_辽宁_新课标全国II卷_原卷.pdf,2
2016,物理,吉林,老高考,2024,全国卷,common,新课标全国II卷,present_common,H:\New folder\【新·PDF版】2008-2024·高考物理真题\版本2：物理（按省份分类）2008-2024\2008-2024·（吉林）物理高考真题\2016年高考物理试卷（新课标Ⅱ）（空白卷）.pdf,papers/2016/物理/全国/新课标全国II卷/2016_物理_吉林_新课标全国II卷_原卷.pdf,2
2016,物理,黑龙江,老高考,2024,全国卷,common,新课标全国II卷,present_common,H:\New folder\【新·PDF版】2008-2024·高考物理真题\版本2：物理（按省份分类）2008-2024\2008-2024·（黑龙江）物理高考真题\2016年高考物理试卷（新课标Ⅱ）（空白卷）.pdf,papers/2016/物理/全国/新课标全国II卷/2016_物理_黑龙江_新课标全国II卷_原卷.pdf,2
2016,物理,上海,老高考,2017,地方/区域卷,local,上海卷,present_local,H:\New folder\【新·PDF版】2008-2024·高考物理真题\版本2：物理（按省份分类）2008-2024\2008-2024·（上海）物理高考真题\2016年高考物理试卷（上海）（空白卷）.pdf,papers/2016/物理/上海/上海卷/2016_物理_上海_上海卷_原卷.pdf,2
2016,物理,江苏,老高考,2021,地方/区域卷,local,江苏卷,present_local,H:\New folder\【新·PDF版】2008-2024·高考物理真题\版本2：物理（按省份分类）2008-2024\2008-2024·（江苏）物理高考真题\2016年高考物理试卷（江苏）（空白卷）.pdf,papers/2016/物理/江苏/江苏卷/2016_物理_江苏_江苏卷_原卷.pdf,2
2016,物理,浙江,老高考,2017,地方/区域卷,local,浙江卷,present_local,H:\New folder\【新·PDF版】2008-2024·高考物理真题\版本2：物理（按省份分类）2008-2024\2008-2024·（浙江）物理高考真题\2016年高考物理试卷（浙江）（10月）（空白卷）.pdf,papers/2016/物理/浙江/浙江卷/2016_物理_浙江_浙江卷_原卷.pdf,4
2016,物理,安徽,老高考,2024,全国卷,common,新课标全国I卷,present_common,H:\New folder\【新·PDF版】2008-2024·高考物理真题\版本2：物理（按省份分类）2008-2024\2012-2024·（安徽）物理高考真题\2016年高考物理试卷（新课标Ⅰ）（空白卷）.pdf,papers/2016/物理/全国/新课标全国I卷/2016_物理_安徽_新课标全国I卷_原卷.pdf,2
2016,物理,福建,老高考,2021,全国卷,common,新课标全国I卷,present_common,H:\New folder\【新·PDF版】2008-2024·高考物理真题\版本2：物理（按省份分类）2008-2024\2012-2023·（福建）物理高考真题\2016年高考物理试卷（新课标Ⅰ）（空白卷）.pdf,papers/2016/物理/全国/新课标全国I卷/2016_物理_福建_新课标全国I卷_原卷.pdf,2
2016,物理,江西,老高考,2024,全国卷,common,新课标全国I卷,present_common,H:\New folder\【新·PDF版】2008-2024·高考物理真题\版本2：物理（按省份分类）2008-2024\2008-2024·（江西）物理高考真题\2016年高考物理试卷（新课标Ⅰ）（空白卷）.pdf,papers/2016/物理/全国/新课标全国I卷/2016_物理_江西_新课标全国I卷_原卷.pdf,2
2016,物理,山东,老高考,2020,全国卷,common,新课标全国I卷,present_common,H:\New folder\【新·PDF版】2008-2024·高考物理真题\版本2：物理（按省份分类）2008-2024\2008-2024·（山东）物理高考真题\2016年高考物理试卷（新课标Ⅰ）（空白卷）.pdf,papers/2016/物理/全国/新课标全国I卷/2016_物理_山东_新课标全国I卷_原卷.pdf,2
2016,物理,河南,老高考,2025,全国卷,common,新课标全国I卷,present_common,H:\New folder\【新·PDF版】2008-2024·高考物理真题\版本2：物理（按省份分类）2008-2024\2008-2024·（河南）物理高考真题\2016年高考物理试卷（新课标Ⅰ）（空白卷）.pdf,papers/2016/物理/全国/新课标全国I卷/2016_物理_河南_新课标全国I卷_原卷.pdf,2
2016,物理,湖北,老高考,2021,全国卷,common,新课标全国I卷,present_common,H:\New folder\【新·PDF版】2008-2024·高考物理真题\版本2：物理（按省份分类）2008-2024\2008-2024·（湖北）物理高考真题\2016年高考物理试卷（新课标Ⅰ）（空白卷）.pdf,papers/2016/物理/全国/新课标全国I卷/2016_物理_湖北_新课标全国I卷_原卷.pdf,2
2016,物理,湖南,老高考,2021,全国卷,common,新课标全国I卷,present_common,H:\New folder\【新·PDF版】2008-2024·高考物理真题\版本2：物理（按省份分类）2008-2024\2008-2024·（湖南）物理高考真题\2016年高考物理试卷（新课标Ⅰ）（空白卷）.pdf,papers/2016/物理/全国/新课标全国I卷/2016_物理_湖南_新课标全国I卷_原卷.pdf,2
2016,物理,广东,老高考,2021,全国卷,common,新课标全国I卷,present_common,H:\New folder\【新·PDF版】2008-2024·高考物理真题\版本2：物理（按省份分类）2008-2024\2008-2024·（广东）物理高考真题\2016年高考物理试卷（新课标Ⅰ）（空白卷）.pdf,papers/2016/物理/全国/新课标全国I卷/2016_物理_广东_新课标全国I卷_原卷.pdf,2
2016,物理,广西,老高考,2024,全国卷,common,新课标全国III卷,present_common,H:\New folder\【新·PDF版】2008-2024·高考物理真题\版本2：物理（按省份分类）2008-2024\2008-2024·（广西）物理高考真题\2016年高考物理试卷（新课标Ⅲ）（空白卷）.pdf,papers/2016/物理/全国/新课标全国III卷/2016_物理_广西_新课标全国III卷_原卷.pdf,2
2016,物理,海南,老高考,2020,地方/区域卷,local,海南卷,present_local,H:\New folder\【新·PDF版】2008-2024·高考物理真题\版本2：物理（按省份分类）2008-2024\2008-2024·（海南）物理高考真题\2016年高考物理试卷（海南）（空白卷）.pdf,papers/2016/物理/海南/海南卷/2016_物理_海南_海南卷_原卷.pdf,2
2016,物理,重庆,老高考,2021,全国卷,common,新课标全国II卷,present_common,H:\New folder\【新·PDF版】2008-2024·高考物理真题\版本2：物理（按省份分类）2008-2024\2012-2023·（重庆）物理高考真题\2016年高考物理试卷（新课标Ⅱ）（空白卷）.pdf,papers/2016/物理/全国/新课标全国II卷/2016_物理_重庆_新课标全国II卷_原卷.pdf,2
2016,物理,四川,老高考,2025,地方/区域卷,local,四川卷,present_local,H:\New folder\【新·PDF版】2008-2024·高考物理真题\版本2：物理（按省份分类）2008-2024\2008-2024·（四川）物理高考真题\2016年高考物理试卷（四川）（空白卷）.pdf,papers/2016/物理/四川/四川卷/2016_物理_四川_四川卷_原卷.pdf,2
2016,物理,贵州,老高考,2024,全国卷,common,新课标全国III卷,present_common,H:\New folder\【新·PDF版】2008-2024·高考物理真题\版本2：物理（按省份分类）2008-2024\2008-2023·（贵州）物理高考真题\2016年高考物理试卷（新课标Ⅲ）（空白卷）.pdf,papers/2016/物理/全国/新课标全国III卷/2016_物理_贵州_新课标全国III卷_原卷.pdf,2
2016,物理,云南,老高考,2025,全国卷,common,新课标全国III卷,present_common,H:\New folder\【新·PDF版】2008-2024·高考物理真题\版本2：物理（按省份分类）2008-2024\2008-2024·（云南）物理高考真题\2016年高考物理试卷（新课标Ⅲ）（空白卷）.pdf,papers/2016/物理/全国/新课标全国III卷/2016_物理_云南_新课标全国III卷_原卷.pdf,2
2016,物理,西藏,老高考,,全国卷,common,新课标全国II卷,present_common,H:\New folder\【新·PDF版】2008-2024·高考物理真题\版本2：物理（按省份分类）2008-2024\2008-2024·（西藏）物理高考真题\2016年高考物理试卷（新课标Ⅱ）（空白卷）.pdf,papers/2016/物理/全国/新课标全国II卷/2016_物理_西藏_新课标全国II卷_原卷.pdf,2
2016,物理,陕西,老高考,2025,全国卷,common,新课标全国II卷,present_common,H:\New folder\【新·PDF版】2008-2024·高考物理真题\版本2：物理（按省份分类）2008-2024\2008-2024·（陕西）物理高考真题\2016年高考物理试卷（新课标Ⅱ）（空白卷）.pdf,papers/2016/物理/全国/新课标全国II卷/2016_物理_陕西_新课标全国II卷_原卷.pdf,2
2016,物理,甘肃,老高考,2024,全国卷,common,新课标全国II卷,present_common,H:\New folder\【新·PDF版】2008-2024·高考物理真题\版本2：物理（按省份分类）2008-2024\2008-2024·（甘肃）物理高考真题\2016年高考物理试卷（新课标Ⅱ）（空白卷）.pdf,papers/2016/物理/全国/新课标全国II卷/2016_物理_甘肃_新课标全国II卷_原卷.pdf,2
2016,物理,青海,老高考,2025,全国卷,common,新课标全国II卷,present_common,H:\New folder\【新·PDF版】2008-2024·高考物理真题\版本2：物理（按省份分类）2008-2024\2008-2024·（青海）物理高考真题\2016年高考物理试卷（新课标Ⅱ）（空白卷）.pdf,papers/2016/物理/全国/新课标全国II卷/2016_物理_青海_新课标全国II卷_原卷.pdf,2
2016,物理,宁夏,老高考,2025,全国卷,common,新课标全国II卷,present_common,H:\New folder\【新·PDF版】2008-2024·高考物理真题\版本2：物理（按省份分类）2008-2024\2010-2024·（宁夏）物理高考真题\2016年高考物理试卷（新课标Ⅱ）（空白卷）.pdf,papers/2016/物理/全国/新课标全国II卷/2016_物理_宁夏_新课标全国II卷_原卷.pdf,2
2016,物理,新疆,老高考,,全国卷,common,新课标全国II卷,present_common,H:\New folder\【新·PDF版】2008-2024·高考物理真题\版本2：物理（按省份分类）2008-2024\2008-2024·（新疆）物理高考真题\2016年高考物理试卷（新课标Ⅱ）（空白卷）.pdf,papers/2016/物理/全国/新课标全国II卷/2016_物理_新疆_新课标全国II卷_原卷.pdf,2
2016,化学,北京,老高考,2020,地方/区域卷,local,北京卷,present_local,H:\New folder\【新·PDF版】2008-2024·高考化学真题\版本2：化学（按省份分类）2008-2024\2008-2024·（北京）化学高考真题\2016年高考化学试卷（北京）（空白卷）.pdf,papers/2016/化学/北京/北京卷/2016_化学_北京_北京卷_原卷.pdf,2
2016,化学,天津,老高考,2020,地方/区域卷,local,天津卷,present_local,H:\New folder\【新·PDF版】2008-2024·高考化学真题\版本2：化学（按省份分类）2008-2024\2008-2023·（天津）化学高考真题\2016年高考化学试卷（天津）（空白卷）.pdf,papers/2016/化学/天津/天津卷/2016_化学_天津_天津卷_原卷.pdf,2
2016,化学,河北,老高考,2021,全国卷,common,新课标全国I卷,present_common,H:\New folder\【新·PDF版】2008-2024·高考化学真题\版本2：化学（按省份分类）2008-2024\2008-2024·（河北）化学高考真题\2016年高考化学试卷（新课标Ⅰ）（空白卷）.pdf,papers/2016/化学/全国/新课标全国I卷/2016_化学_河北_新课标全国I卷_原卷.pdf,2
2016,化学,山西,老高考,2025,全国卷,common,新课标全国I卷,present_common,H:\New folder\【新·PDF版】2008-2024·高考化学真题\版本2：化学（按省份分类）2008-2024\2008-2024·（山西）化学高考真题\2016年高考化学试卷（新课标Ⅰ）（空白卷）.pdf,papers/2016/化学/全国/新课标全国I卷/2016_化学_山西_新课标全国I卷_原卷.pdf,2
2016,化学,内蒙古,老高考,2025,全国卷,common,新课标全国II卷,present_common,H:\New folder\【新·PDF版】2008-2024·高考化学真题\版本2：化学（按省份分类）2008-2024\2008-2024·（内蒙古）化学高考真题\2016年高考化学试卷（新课标Ⅱ）（空白卷）.pdf,papers/2016/化学/全国/新课标全国II卷/2016_化学_内蒙古_新课标全国II卷_原卷.pdf,2
2016,化学,辽宁,老高考,2021,全国卷,common,新课标全国II卷,present_common,H:\New folder\【新·PDF版】2008-2024·高考化学真题\版本2：化学（按省份分类）2008-2024\2010-2024·（辽宁）化学高考真题\2016年高考化学试卷（新课标Ⅱ）（空白卷） - 副本.pdf,papers/2016/化学/全国/新课标全国II卷/2016_化学_辽宁_新课标全国II卷_原卷.pdf,3
2016,化学,吉林,老高考,2024,全国卷,common,新课标全国II卷,present_common,H:\New folder\【新·PDF版】2008-2024·高考化学真题\版本2：化学（按省份分类）2008-2024\2008-2024·（吉林）化学高考真题\2016年高考化学试卷（新课标Ⅱ）（空白卷）.pdf,papers/2016/化学/全国/新课标全国II卷/2016_化学_吉林_新课标全国II卷_原卷.pdf,2
2016,化学,黑龙江,老高考,2024,全国卷,common,新课标全国II卷,present_common,H:\New folder\【新·PDF版】2008-2024·高考化学真题\版本2：化学（按省份分类）2008-2024\2008-2024·（黑龙江）化学高考真题\2016年高考化学试卷（新课标Ⅱ）（空白卷）.pdf,papers/2016/化学/全国/新课标全国II卷/2016_化学_黑龙江_新课标全国II卷_原卷.pdf,2
2016,化学,上海,老高考,2017,地方/区域卷,local,上海卷,present_local,H:\New folder\【新·PDF版】2008-2024·高考化学真题\版本2：化学（按省份分类）2008-2024\2008-2024·（上海）化学高考真题\2016年高考化学试卷（上海）（空白卷）.pdf,papers/2016/化学/上海/上海卷/2016_化学_上海_上海卷_原卷.pdf,2
2016,化学,江苏,老高考,2021,地方/区域卷,local,江苏卷,present_local,H:\New folder\【新·PDF版】2008-2024·高考化学真题\版本2：化学（按省份分类）2008-2024\2008-2024·（江苏）化学高考真题\2016年高考化学试卷（江苏）（空白卷）   .pdf,papers/2016/化学/江苏/江苏卷/2016_化学_江苏_江苏卷_原卷.pdf,2
2016,化学,浙江,老高考,2017,地方/区域卷,local,浙江卷,present_local,H:\New folder\【新·PDF版】2008-2024·高考化学真题\版本2：化学（按省份分类）2008-2024\2008-2024·（浙江）化学高考真题\2016年高考化学试卷（浙江）（10月）（空白卷）.pdf,papers/2016/化学/浙江/浙江卷/2016_化学_浙江_浙江卷_原卷.pdf,4
2016,化学,安徽,老高考,2024,全国卷,common,新课标全国I卷,present_common,H:\New folder\【新·PDF版】2008-2024·高考化学真题\版本2：化学（按省份分类）2008-2024\2012-2024·（安徽）化学高考真题\2016年高考化学试卷（新课标Ⅰ）（空白卷）.pdf,papers/2016/化学/全国/新课标全国I卷/2016_化学_安徽_新课标全国I卷_原卷.pdf,2
2016,化学,福建,老高考,2021,全国卷,common,新课标全国I卷,present_common,H:\New folder\【新·PDF版】2008-2024·高考化学真题\版本2：化学（按省份分类）2008-2024\2012-2023·（福建）化学高考真题\2016年高考化学试卷（新课标Ⅰ）（空白卷）.pdf,papers/2016/化学/全国/新课标全国I卷/2016_化学_福建_新课标全国I卷_原卷.pdf,2
2016,化学,江西,老高考,2024,全国卷,common,新课标全国I卷,present_common,H:\New folder\【新·PDF版】2008-2024·高考化学真题\版本2：化学（按省份分类）2008-2024\2008-2023·（江西）化学高考真题\2016年高考化学试卷（新课标Ⅰ）（空白卷）.pdf,papers/2016/化学/全国/新课标全国I卷/2016_化学_江西_新课标全国I卷_原卷.pdf,2
2016,化学,山东,老高考,2020,全国卷,common,新课标全国I卷,present_common,H:\New folder\【新·PDF版】2008-2024·高考化学真题\版本2：化学（按省份分类）2008-2024\2008-2024·（山东）化学高考真题\2016年高考化学试卷（新课标Ⅰ）（空白卷）.pdf,papers/2016/化学/全国/新课标全国I卷/2016_化学_山东_新课标全国I卷_原卷.pdf,2
2016,化学,河南,老高考,2025,全国卷,common,新课标全国I卷,present_common,H:\New folder\【新·PDF版】2008-2024·高考化学真题\版本2：化学（按省份分类）2008-2024\2008-2024·（河南）化学高考真题\2016年高考化学试卷（新课标Ⅰ）（空白卷）.pdf,papers/2016/化学/全国/新课标全国I卷/2016_化学_河南_新课标全国I卷_原卷.pdf,2
2016,化学,湖北,老高考,2021,全国卷,common,新课标全国I卷,present_common,H:\New folder\【新·PDF版】2008-2024·高考化学真题\版本2：化学（按省份分类）2008-2024\2008-2024·（湖北）化学高考真题\2016年高考化学试卷（新课标Ⅰ）（空白卷）.pdf,papers/2016/化学/全国/新课标全国I卷/2016_化学_湖北_新课标全国I卷_原卷.pdf,2
2016,化学,湖南,老高考,2021,全国卷,common,新课标全国I卷,present_common,H:\New folder\【新·PDF版】2008-2024·高考化学真题\版本2：化学（按省份分类）2008-2024\2008-2024·（湖南）化学高考真题\2016年高考化学试卷（新课标Ⅰ）（空白卷）.pdf,papers/2016/化学/全国/新课标全国I卷/2016_化学_湖南_新课标全国I卷_原卷.pdf,2
2016,化学,广东,老高考,2021,全国卷,common,新课标全国I卷,present_common,H:\New folder\【新·PDF版】2008-2024·高考化学真题\版本2：化学（按省份分类）2008-2024\2008-2024·（广东）化学高考真题\2016年高考化学试卷（新课标Ⅰ）（空白卷）.pdf,papers/2016/化学/全国/新课标全国I卷/2016_化学_广东_新课标全国I卷_原卷.pdf,2
2016,化学,广西,老高考,2024,全国卷,common,新课标全国III卷,present_common,H:\New folder\【新·PDF版】2008-2024·高考化学真题\版本2：化学（按省份分类）2008-2024\2008-2023·（广西）化学高考真题\2016年高考化学试卷（新课标Ⅲ）（空白卷）.pdf,papers/2016/化学/全国/新课标全国III卷/2016_化学_广西_新课标全国III卷_原卷.pdf,2
2016,化学,海南,老高考,2020,地方/区域卷,local,海南卷,present_local,H:\New folder\【新·PDF版】2008-2024·高考化学真题\版本2：化学（按省份分类）2008-2024\2008-2023·（海南）化学高考真题\2016年高考化学试卷（海南）（空白卷）.pdf,papers/2016/化学/海南/海南卷/2016_化学_海南_海南卷_原卷.pdf,2
2016,化学,重庆,老高考,2021,全国卷,common,新课标全国II卷,present_common,H:\New folder\【新·PDF版】2008-2024·高考化学真题\版本2：化学（按省份分类）2008-2024\2012-2023·（重庆）化学高考真题\2016年高考化学试卷（新课标Ⅱ）（空白卷）.pdf,papers/2016/化学/全国/新课标全国II卷/2016_化学_重庆_新课标全国II卷_原卷.pdf,2
2016,化学,四川,老高考,2025,地方/区域卷,local,四川卷,present_local,H:\New folder\【新·PDF版】2008-2024·高考化学真题\版本2：化学（按省份分类）2008-2024\2008-2024·（四川）化学高考真题\2016年高考化学试卷（四川）（空白卷）.pdf,papers/2016/化学/四川/四川卷/2016_化学_四川_四川卷_原卷.pdf,2
2016,化学,贵州,老高考,2024,全国卷,common,新课标全国III卷,present_common,H:\New folder\【新·PDF版】2008-2024·高考化学真题\版本2：化学（按省份分类）2008-2024\2008-2023·（贵州）化学高考真题\2016年高考化学试卷（新课标Ⅲ）（空白卷）.pdf,papers/2016/化学/全国/新课标全国III卷/2016_化学_贵州_新课标全国III卷_原卷.pdf,2
2016,化学,云南,老高考,2025,全国卷,common,新课标全国III卷,present_common,H:\New folder\【新·PDF版】2008-2024·高考化学真题\版本2：化学（按省份分类）2008-2024\2008-2024·（云南）化学高考真题\2016年高考化学试卷（新课标Ⅲ）（空白卷）.pdf,papers/2016/化学/全国/新课标全国III卷/2016_化学_云南_新课标全国III卷_原卷.pdf,2
2016,化学,西藏,老高考,,全国卷,common,新课标全国II卷,present_common,H:\New folder\【新·PDF版】2008-2024·高考化学真题\版本2：化学（按省份分类）2008-2024\2008-2024·（西藏）化学高考真题\2016年高考化学试卷（新课标Ⅱ）（空白卷）.pdf,papers/2016/化学/全国/新课标全国II卷/2016_化学_西藏_新课标全国II卷_原卷.pdf,2
2016,化学,陕西,老高考,2025,全国卷,common,新课标全国II卷,present_common,H:\New folder\【新·PDF版】2008-2024·高考化学真题\版本2：化学（按省份分类）2008-2024\2008-2024·（陕西）化学高考真题\2016年高考化学试卷（新课标Ⅱ）（空白卷）.pdf,papers/2016/化学/全国/新课标全国II卷/2016_化学_陕西_新课标全国II卷_原卷.pdf,2
2016,化学,甘肃,老高考,2024,全国卷,common,新课标全国II卷,present_common,H:\New folder\【新·PDF版】2008-2024·高考化学真题\版本2：化学（按省份分类）2008-2024\2008-2024·（甘肃）化学高考真题\2016年高考化学试卷（新课标Ⅱ）（空白卷）.pdf,papers/2016/化学/全国/新课标全国II卷/2016_化学_甘肃_新课标全国II卷_原卷.pdf,2
2016,化学,青海,老高考,2025,全国卷,common,新课标全国II卷,present_common,H:\New folder\【新·PDF版】2008-2024·高考化学真题\版本2：化学（按省份分类）2008-2024\2008-2024·（青海）化学高考真题\2016年高考化学试卷（新课标Ⅱ）（空白卷）.pdf,papers/2016/化学/全国/新课标全国II卷/2016_化学_青海_新课标全国II卷_原卷.pdf,2
2016,化学,宁夏,老高考,2025,全国卷,common,新课标全国II卷,present_common,H:\New folder\【新·PDF版】2008-2024·高考化学真题\版本2：化学（按省份分类）2008-2024\2010-2024·（宁夏）化学高考真题\2016年高考化学试卷（新课标Ⅱ）（空白卷）.pdf,papers/2016/化学/全国/新课标全国II卷/2016_化学_宁夏_新课标全国II卷_原卷.pdf,2
2016,化学,新疆,老高考,,全国卷,common,新课标全国II卷,present_common,H:\New folder\【新·PDF版】2008-2024·高考化学真题\版本2：化学（按省份分类）2008-2024\2008-2024·（新疆）化学高考真题\2016年高考化学试卷（新课标Ⅱ）（空白卷）.pdf,papers/2016/化学/全国/新课标全国II卷/2016_化学_新疆_新课标全国II卷_原卷.pdf,2
2016,生物,北京,老高考,2020,地方/区域卷,local,北京卷,present_local,H:\New folder\【新·PDF版】2008-2024·高考生物真题\版本2：生物（按省份分类）2008-2024\2008-2024·（北京）生物高考真题\2016年高考生物试卷（北京）（空白卷）.pdf,papers/2016/生物/北京/北京卷/2016_生物_北京_北京卷_原卷.pdf,2
2016,生物,天津,老高考,2020,地方/区域卷,local,天津卷,present_local,H:\New folder\【新·PDF版】2008-2024·高考生物真题\版本2：生物（按省份分类）2008-2024\2008-2023·（天津）生物高考真题\2016年高考生物试卷（天津）（空白卷）.pdf,papers/2016/生物/天津/天津卷/2016_生物_天津_天津卷_原卷.pdf,2
2016,生物,河北,老高考,2021,全国卷,common,新课标全国I卷,present_common,H:\New folder\【新·PDF版】2008-2024·高考生物真题\版本2：生物（按省份分类）2008-2024\2008-2024·（河北）生物高考真题\2016年高考生物试卷（新课标Ⅰ）（空白卷）.pdf,papers/2016/生物/全国/新课标全国I卷/2016_生物_河北_新课标全国I卷_原卷.pdf,2
2016,生物,山西,老高考,2025,全国卷,common,新课标全国I卷,present_common,H:\New folder\【新·PDF版】2008-2024·高考生物真题\版本2：生物（按省份分类）2008-2024\2008-2024·（山西）生物高考真题\2016年高考生物试卷（新课标Ⅰ）（空白卷）.pdf,papers/2016/生物/全国/新课标全国I卷/2016_生物_山西_新课标全国I卷_原卷.pdf,2
2016,生物,内蒙古,老高考,2025,全国卷,common,新课标全国II卷,present_common,H:\New folder\【新·PDF版】2008-2024·高考生物真题\版本2：生物（按省份分类）2008-2024\2008-2024·（内蒙古）生物高考真题\2016年高考生物试卷（新课标Ⅱ）（空白卷）.pdf,papers/2016/生物/全国/新课标全国II卷/2016_生物_内蒙古_新课标全国II卷_原卷.pdf,2
2016,生物,辽宁,老高考,2021,全国卷,common,新课标全国II卷,present_common,H:\New folder\【新·PDF版】2008-2024·高考生物真题\版本2：生物（按省份分类）2008-2024\2010-2024·（辽宁）生物高考真题\2016年高考生物试卷（新课标Ⅱ）（空白卷）.pdf,papers/2016/生物/全国/新课标全国II卷/2016_生物_辽宁_新课标全国II卷_原卷.pdf,2
2016,生物,吉林,老高考,2024,全国卷,common,新课标全国II卷,present_common,H:\New folder\【新·PDF版】2008-2024·高考生物真题\版本2：生物（按省份分类）2008-2024\2008-2024·（吉林）生物高考真题\2016年高考生物试卷（新课标Ⅱ）（空白卷）.pdf,papers/2016/生物/全国/新课标全国II卷/2016_生物_吉林_新课标全国II卷_原卷.pdf,2
2016,生物,黑龙江,老高考,2024,全国卷,common,新课标全国II卷,present_common,H:\New folder\【新·PDF版】2008-2024·高考生物真题\版本2：生物（按省份分类）2008-2024\2008-2024·（黑龙江）生物高考真题\2016年高考生物试卷（新课标Ⅱ）（空白卷）.pdf,papers/2016/生物/全国/新课标全国II卷/2016_生物_黑龙江_新课标全国II卷_原卷.pdf,2
2016,生物,上海,老高考,2017,地方/区域卷,local,上海卷,present_local,H:\New folder\【新·PDF版】2008-2024·高考生物真题\版本2：生物（按省份分类）2008-2024\2008-2022·（上海）生物高考真题\2016年高考生物试卷（上海）（空白卷）.pdf,papers/2016/生物/上海/上海卷/2016_生物_上海_上海卷_原卷.pdf,2
2016,生物,江苏,老高考,2021,地方/区域卷,local,江苏卷,present_local,H:\New folder\【新·PDF版】2008-2024·高考生物真题\版本2：生物（按省份分类）2008-2024\2008-2023·（江苏）生物高考真题\2016年高考生物试卷（江苏）（空白卷）.pdf,papers/2016/生物/江苏/江苏卷/2016_生物_江苏_江苏卷_原卷.pdf,2
2016,生物,浙江,老高考,2017,地方/区域卷,local,浙江卷,present_local,H:\New folder\【新·PDF版】2008-2024·高考生物真题\版本2：生物（按省份分类）2008-2024\2008-2024·（浙江）生物高考真题\2016年高考生物试卷（浙江）（10月）（空白卷）.pdf,papers/2016/生物/浙江/浙江卷/2016_生物_浙江_浙江卷_原卷.pdf,4
2016,生物,安徽,老高考,2024,全国卷,common,新课标全国I卷,present_common,H:\New folder\【新·PDF版】2008-2024·高考生物真题\版本2：生物（按省份分类）2008-2024\2012-2024·（安徽）生物高考真题\2016年高考生物试卷（新课标Ⅰ）（空白卷）.pdf,papers/2016/生物/全国/新课标全国I卷/2016_生物_安徽_新课标全国I卷_原卷.pdf,2
2016,生物,福建,老高考,2021,全国卷,common,新课标全国I卷,present_common,H:\New folder\【新·PDF版】2008-2024·高考生物真题\版本2：生物（按省份分类）2008-2024\2012-2023·（福建）生物高考真题\2016年高考生物试卷（新课标Ⅰ）（空白卷）.pdf,papers/2016/生物/全国/新课标全国I卷/2016_生物_福建_新课标全国I卷_原卷.pdf,2
2016,生物,江西,老高考,2024,全国卷,common,新课标全国I卷,present_common,H:\New folder\【新·PDF版】2008-2024·高考生物真题\版本2：生物（按省份分类）2008-2024\2008-2024·（江西）生物高考真题\2016年高考生物试卷（新课标Ⅰ）（空白卷）.pdf,papers/2016/生物/全国/新课标全国I卷/2016_生物_江西_新课标全国I卷_原卷.pdf,2
2016,生物,山东,老高考,2020,全国卷,common,新课标全国I卷,present_common,H:\New folder\【新·PDF版】2008-2024·高考生物真题\版本2：生物（按省份分类）2008-2024\2008-2024·（山东）生物高考真题\2016年高考生物试卷（新课标Ⅰ）（空白卷）.pdf,papers/2016/生物/全国/新课标全国I卷/2016_生物_山东_新课标全国I卷_原卷.pdf,2
2016,生物,河南,老高考,2025,全国卷,common,新课标全国I卷,present_common,H:\New folder\【新·PDF版】2008-2024·高考生物真题\版本2：生物（按省份分类）2008-2024\2008-2024·（河南）生物高考真题\2016年高考生物试卷（新课标Ⅰ）（空白卷）.pdf,papers/2016/生物/全国/新课标全国I卷/2016_生物_河南_新课标全国I卷_原卷.pdf,2
2016,生物,湖北,老高考,2021,全国卷,common,新课标全国I卷,present_common,H:\New folder\【新·PDF版】2008-2024·高考生物真题\版本2：生物（按省份分类）2008-2024\2008-2024·（湖北）生物高考真题\2016年高考生物试卷（新课标Ⅰ）（空白卷）.pdf,papers/2016/生物/全国/新课标全国I卷/2016_生物_湖北_新课标全国I卷_原卷.pdf,2
2016,生物,湖南,老高考,2021,全国卷,common,新课标全国I卷,present_common,H:\New folder\【新·PDF版】2008-2024·高考生物真题\版本2：生物（按省份分类）2008-2024\2008-2024·（湖南）生物高考真题\2016年高考生物试卷（新课标Ⅰ）（空白卷）.pdf,papers/2016/生物/全国/新课标全国I卷/2016_生物_湖南_新课标全国I卷_原卷.pdf,2
2016,生物,广东,老高考,2021,全国卷,common,新课标全国I卷,present_common,H:\New folder\【新·PDF版】2008-2024·高考生物真题\版本2：生物（按省份分类）2008-2024\2008-2024·（广东）生物高考真题\2016年高考生物试卷（新课标Ⅰ）（空白卷）.pdf,papers/2016/生物/全国/新课标全国I卷/2016_生物_广东_新课标全国I卷_原卷.pdf,2
2016,生物,广西,老高考,2024,全国卷,common,新课标全国III卷,present_common,H:\New folder\【新·PDF版】2008-2024·高考生物真题\版本2：生物（按省份分类）2008-2024\2008-2023·（广西）生物高考真题\2016年高考生物试卷（新课标Ⅲ）（空白卷）.pdf,papers/2016/生物/全国/新课标全国III卷/2016_生物_广西_新课标全国III卷_原卷.pdf,2
2016,生物,海南,老高考,2020,地方/区域卷,local,海南卷,present_local,H:\New folder\【新·PDF版】2008-2024·高考生物真题\版本2：生物（按省份分类）2008-2024\2008-2023·（海南）生物高考真题\2016年高考生物试卷（海南）（空白卷）.pdf,papers/2016/生物/海南/海南卷/2016_生物_海南_海南卷_原卷.pdf,2
2016,生物,重庆,老高考,2021,全国卷,common,新课标全国II卷,present_common,H:\New folder\【新·PDF版】2008-2024·高考生物真题\版本2：生物（按省份分类）2008-2024\2012-2023·（重庆）生物高考真题\2016年高考生物试卷（新课标Ⅱ）（空白卷）.pdf,papers/2016/生物/全国/新课标全国II卷/2016_生物_重庆_新课标全国II卷_原卷.pdf,2
2016,生物,四川,老高考,2025,地方/区域卷,local,四川卷,present_local,H:\New folder\【新·PDF版】2008-2024·高考生物真题\版本2：生物（按省份分类）2008-2024\2008-2024·（四川）生物高考真题\2016年高考生物试卷（四川）（空白卷）.pdf,papers/2016/生物/四川/四川卷/2016_生物_四川_四川卷_原卷.pdf,2
2016,生物,贵州,老高考,2024,全国卷,common,新课标全国III卷,present_common,H:\New folder\【新·PDF版】2008-2024·高考生物真题\版本2：生物（按省份分类）2008-2024\2008-2023·（贵州）生物高考真题\2016年高考生物试卷（新课标Ⅲ）（空白卷）.pdf,papers/2016/生物/全国/新课标全国III卷/2016_生物_贵州_新课标全国III卷_原卷.pdf,2
2016,生物,云南,老高考,2025,全国卷,common,新课标全国III卷,present_common,H:\New folder\【新·PDF版】2008-2024·高考生物真题\版本2：生物（按省份分类）2008-2024\2008-2024·（云南）生物高考真题\2016年高考生物试卷（新课标Ⅲ）（空白卷）.pdf,papers/2016/生物/全国/新课标全国III卷/2016_生物_云南_新课标全国III卷_原卷.pdf,2
2016,生物,西藏,老高考,,全国卷,common,新课标全国II卷,present_common,H:\New folder\【新·PDF版】2008-2024·高考生物真题\版本2：生物（按省份分类）2008-2024\2008-2024·（西藏）生物高考真题\2016年高考生物试卷（新课标Ⅱ）（空白卷）.pdf,papers/2016/生物/全国/新课标全国II卷/2016_生物_西藏_新课标全国II卷_原卷.pdf,2
2016,生物,陕西,老高考,2025,全国卷,common,新课标全国II卷,present_common,H:\New folder\【新·PDF版】2008-2024·高考生物真题\版本2：生物（按省份分类）2008-2024\2008-2024·（陕西）生物高考真题\2016年高考生物试卷（新课标Ⅱ）（空白卷）.pdf,papers/2016/生物/全国/新课标全国II卷/2016_生物_陕西_新课标全国II卷_原卷.pdf,2
2016,生物,甘肃,老高考,2024,全国卷,common,新课标全国II卷,present_common,H:\New folder\【新·PDF版】2008-2024·高考生物真题\版本2：生物（按省份分类）2008-2024\2008-2024·（甘肃）生物高考真题\2016年高考生物试卷（新课标Ⅱ）（空白卷）.pdf,papers/2016/生物/全国/新课标全国II卷/2016_生物_甘肃_新课标全国II卷_原卷.pdf,2
2016,生物,青海,老高考,2025,全国卷,common,新课标全国II卷,present_common,H:\New folder\【新·PDF版】2008-2024·高考生物真题\版本2：生物（按省份分类）2008-2024\2008-2024·（青海）生物高考真题\2016年高考生物试卷（新课标Ⅱ）（空白卷）.pdf,papers/2016/生物/全国/新课标全国II卷/2016_生物_青海_新课标全国II卷_原卷.pdf,2
2016,生物,宁夏,老高考,2025,全国卷,common,新课标全国II卷,present_common,H:\New folder\【新·PDF版】2008-2024·高考生物真题\版本2：生物（按省份分类）2008-2024\2010-2024·（宁夏）生物高考真题\2016年高考生物试卷（新课标Ⅱ）（空白卷）.pdf,papers/2016/生物/全国/新课标全国II卷/2016_生物_宁夏_新课标全国II卷_原卷.pdf,2
2016,生物,新疆,老高考,,全国卷,common,新课标全国II卷,present_common,H:\New folder\【新·PDF版】2008-2024·高考生物真题\版本2：生物（按省份分类）2008-2024\2008-2024·（新疆）生物高考真题\2016年高考生物试卷（新课标Ⅱ）（空白卷）.pdf,papers/2016/生物/全国/新课标全国II卷/2016_生物_新疆_新课标全国II卷_原卷.pdf,2
2016,政治,北京,老高考,2020,地方/区域卷,local,北京卷,present_local,H:\New folder\【新·PDF版】2008-2024·高考政治真题\版本2：政治（按省份分类）2008-2024\2008-2024·（北京）政治高考真题\2016年高考政治试卷（北京）（空白卷）.pdf,papers/2016/政治/北京/北京卷/2016_政治_北京_北京卷_原卷.pdf,2
2016,政治,天津,老高考,2020,地方/区域卷,local,天津卷,present_local,H:\New folder\【新·PDF版】2008-2024·高考政治真题\版本2：政治（按省份分类）2008-2024\2008-2023·（天津）政治高考真题\2016年高考政治试卷（天津）（空白卷）.pdf,papers/2016/政治/天津/天津卷/2016_政治_天津_天津卷_原卷.pdf,2
2016,政治,河北,老高考,2021,全国卷,common,新课标全国I卷,present_common,H:\New folder\【新·PDF版】2008-2024·高考政治真题\版本2：政治（按省份分类）2008-2024\2008-2021_2023·（河北）政治高考真题\2016年高考政治试卷（新课标Ⅰ）（空白卷）.pdf,papers/2016/政治/全国/新课标全国I卷/2016_政治_河北_新课标全国I卷_原卷.pdf,2
2016,政治,山西,老高考,2025,全国卷,common,新课标全国I卷,present_common,H:\New folder\【新·PDF版】2008-2024·高考政治真题\版本2：政治（按省份分类）2008-2024\2008-2024·（山西）政治高考真题\2016年高考政治试卷（新课标Ⅰ）（空白卷）.pdf,papers/2016/政治/全国/新课标全国I卷/2016_政治_山西_新课标全国I卷_原卷.pdf,2
2016,政治,内蒙古,老高考,2025,全国卷,common,新课标全国II卷,present_common,H:\New folder\【新·PDF版】2008-2024·高考政治真题\版本2：政治（按省份分类）2008-2024\2008-2023·（内蒙古）政治高考真题\2016年高考政治试卷（新课标Ⅱ）（空白卷）.pdf,papers/2016/政治/全国/新课标全国II卷/2016_政治_内蒙古_新课标全国II卷_原卷.pdf,2
2016,政治,辽宁,老高考,2021,全国卷,common,新课标全国II卷,present_common,H:\New folder\【新·PDF版】2008-2024·高考政治真题\版本2：政治（按省份分类）2008-2024\2010-2024·（辽宁）政治高考真题\2016年高考政治试卷（新课标Ⅱ）（空白卷）.pdf,papers/2016/政治/全国/新课标全国II卷/2016_政治_辽宁_新课标全国II卷_原卷.pdf,2
2016,政治,吉林,老高考,2024,全国卷,common,新课标全国II卷,present_common,H:\New folder\【新·PDF版】2008-2024·高考政治真题\版本2：政治（按省份分类）2008-2024\2008-2024·（吉林）政治高考真题\2016年高考政治试卷（新课标Ⅱ）（空白卷）.pdf,papers/2016/政治/全国/新课标全国II卷/2016_政治_吉林_新课标全国II卷_原卷.pdf,2
2016,政治,黑龙江,老高考,2024,全国卷,common,新课标全国II卷,present_common,H:\New folder\【新·PDF版】2008-2024·高考政治真题\版本2：政治（按省份分类）2008-2024\2008-2024·（黑龙江）政治高考真题\2016年高考政治试卷（新课标Ⅱ）（空白卷）.pdf,papers/2016/政治/全国/新课标全国II卷/2016_政治_黑龙江_新课标全国II卷_原卷.pdf,2
2016,政治,上海,老高考,2017,地方/区域卷,local,上海卷,present_local,H:\New folder\【新·PDF版】2008-2024·高考政治真题\版本2：政治（按省份分类）2008-2024\2008-2017·（上海）政治高考真题\2016年高考政治试卷（上海）（空白卷）.pdf,papers/2016/政治/上海/上海卷/2016_政治_上海_上海卷_原卷.pdf,2
2016,政治,江苏,老高考,2021,地方/区域卷,local,江苏卷,present_local,H:\New folder\【新·PDF版】2008-2024·高考政治真题\版本2：政治（按省份分类）2008-2024\2008-2023·（江苏）政治高考真题\2016年高考政治试卷（江苏）（空白卷）.pdf,papers/2016/政治/江苏/江苏卷/2016_政治_江苏_江苏卷_原卷.pdf,2
2016,政治,浙江,老高考,2017,地方/区域卷,local,浙江卷,present_local,H:\New folder\【新·PDF版】2008-2024·高考政治真题\版本2：政治（按省份分类）2008-2024\2008-2024·（浙江）政治高考真题\2016年高考政治试卷（浙江）（10月）（空白卷）.pdf,papers/2016/政治/浙江/浙江卷/2016_政治_浙江_浙江卷_原卷.pdf,6
2016,政治,安徽,老高考,2024,全国卷,common,新课标全国I卷,present_common,H:\New folder\【新·PDF版】2008-2024·高考政治真题\版本2：政治（按省份分类）2008-2024\2012-2024·（安徽）政治高考真题\2016年高考政治试卷（新课标Ⅰ）（空白卷）.pdf,papers/2016/政治/全国/新课标全国I卷/2016_政治_安徽_新课标全国I卷_原卷.pdf,2
2016,政治,福建,老高考,2021,全国卷,common,新课标全国I卷,present_common,H:\New folder\【新·PDF版】2008-2024·高考政治真题\版本2：政治（按省份分类）2008-2024\2012-2023·（福建）政治高考真题\2016年高考政治试卷（新课标Ⅰ）（空白卷）.pdf,papers/2016/政治/全国/新课标全国I卷/2016_政治_福建_新课标全国I卷_原卷.pdf,2
2016,政治,江西,老高考,2024,全国卷,common,新课标全国I卷,present_common,H:\New folder\【新·PDF版】2008-2024·高考政治真题\版本2：政治（按省份分类）2008-2024\2008-2023·（江西）政治高考真题\2016年高考政治试卷（新课标Ⅰ）（空白卷）.pdf,papers/2016/政治/全国/新课标全国I卷/2016_政治_江西_新课标全国I卷_原卷.pdf,2
2016,政治,山东,老高考,2020,全国卷,common,新课标全国I卷,present_common,H:\New folder\【新·PDF版】2008-2024·高考政治真题\版本2：政治（按省份分类）2008-2024\2008-2024·（山东）政治高考真题\2016年高考政治试卷（新课标Ⅰ）（空白卷）.pdf,papers/2016/政治/全国/新课标全国I卷/2016_政治_山东_新课标全国I卷_原卷.pdf,2
2016,政治,河南,老高考,2025,全国卷,common,新课标全国I卷,present_common,H:\New folder\【新·PDF版】2008-2024·高考政治真题\版本2：政治（按省份分类）2008-2024\2008-2024·（河南）政治高考真题\2016年高考政治试卷（新课标Ⅰ）（空白卷）.pdf,papers/2016/政治/全国/新课标全国I卷/2016_政治_河南_新课标全国I卷_原卷.pdf,2
2016,政治,湖北,老高考,2021,全国卷,common,新课标全国I卷,present_common,H:\New folder\【新·PDF版】2008-2024·高考政治真题\版本2：政治（按省份分类）2008-2024\2008-2024·（湖北）政治高考真题\2016年高考政治试卷（新课标Ⅰ）（空白卷）.pdf,papers/2016/政治/全国/新课标全国I卷/2016_政治_湖北_新课标全国I卷_原卷.pdf,2
2016,政治,湖南,老高考,2021,全国卷,common,新课标全国I卷,present_common,H:\New folder\【新·PDF版】2008-2024·高考政治真题\版本2：政治（按省份分类）2008-2024\2008-2024·（湖南）政治高考真题\2016年高考政治试卷（新课标Ⅰ）（空白卷）.pdf,papers/2016/政治/全国/新课标全国I卷/2016_政治_湖南_新课标全国I卷_原卷.pdf,2
2016,政治,广东,老高考,2021,全国卷,common,新课标全国I卷,present_common,H:\New folder\【新·PDF版】2008-2024·高考政治真题\版本2：政治（按省份分类）2008-2024\2008-2024·（广东）政治高考真题\2016年高考政治试卷（新课标Ⅰ）（空白卷）.pdf,papers/2016/政治/全国/新课标全国I卷/2016_政治_广东_新课标全国I卷_原卷.pdf,2
2016,政治,广西,老高考,2024,全国卷,common,新课标全国III卷,present_common,H:\New folder\【新·PDF版】2008-2024·高考政治真题\版本2：政治（按省份分类）2008-2024\2008-2023·（广西）政治高考真题\2016年高考政治试卷（新课标Ⅲ）（空白卷）.pdf,papers/2016/政治/全国/新课标全国III卷/2016_政治_广西_新课标全国III卷_原卷.pdf,2
2016,政治,海南,老高考,2020,地方/区域卷,local,海南卷,present_local,H:\New folder\【新·PDF版】2008-2024·高考政治真题\版本2：政治（按省份分类）2008-2024\2008-2023·（海南）政治高考真题\2016年高考政治试卷（海南）（空白卷）.pdf,papers/2016/政治/海南/海南卷/2016_政治_海南_海南卷_原卷.pdf,2
2016,政治,重庆,老高考,2021,全国卷,common,新课标全国II卷,present_common,H:\New folder\【新·PDF版】2008-2024·高考政治真题\版本2：政治（按省份分类）2008-2024\2012-2020_2022-2023·（重庆）政治高考真题\2016年高考政治试卷（新课标Ⅱ）（空白卷）.pdf,papers/2016/政治/全国/新课标全国II卷/2016_政治_重庆_新课标全国II卷_原卷.pdf,2
2016,政治,四川,老高考,2025,全国卷,common,新课标全国III卷,present_common,H:\New folder\【新·PDF版】2008-2024·高考政治真题\版本2：政治（按省份分类）2008-2024\2008-2023·（四川）政治高考真题\2016年高考政治试卷（新课标Ⅲ）（空白卷）.pdf,papers/2016/政治/全国/新课标全国III卷/2016_政治_四川_新课标全国III卷_原卷.pdf,2
2016,政治,贵州,老高考,2024,全国卷,common,新课标全国III卷,present_common,H:\New folder\【新·PDF版】2008-2024·高考政治真题\版本2：政治（按省份分类）2008-2024\2008-2023·（贵州）政治高考真题\2016年高考政治试卷（新课标Ⅲ）（空白卷）.pdf,papers/2016/政治/全国/新课标全国III卷/2016_政治_贵州_新课标全国III卷_原卷.pdf,2
2016,政治,云南,老高考,2025,全国卷,common,新课标全国III卷,present_common,H:\New folder\【新·PDF版】2008-2024·高考政治真题\版本2：政治（按省份分类）2008-2024\2008-2024·（云南）政治高考真题\2016年高考政治试卷（新课标Ⅲ）（空白卷）.pdf,papers/2016/政治/全国/新课标全国III卷/2016_政治_云南_新课标全国III卷_原卷.pdf,2
2016,政治,西藏,老高考,,全国卷,common,新课标全国II卷,present_common,H:\New folder\【新·PDF版】2008-2024·高考政治真题\版本2：政治（按省份分类）2008-2024\2008-2024·（西藏）政治高考真题\2016年高考政治试卷（新课标Ⅱ）（空白卷）.pdf,papers/2016/政治/全国/新课标全国II卷/2016_政治_西藏_新课标全国II卷_原卷.pdf,2
2016,政治,陕西,老高考,2025,全国卷,common,新课标全国II卷,present_common,H:\New folder\【新·PDF版】2008-2024·高考政治真题\版本2：政治（按省份分类）2008-2024\2008-2023·（陕西）政治高考真题\2016年高考政治试卷（新课标Ⅱ）（空白卷）.pdf,papers/2016/政治/全国/新课标全国II卷/2016_政治_陕西_新课标全国II卷_原卷.pdf,2
2016,政治,甘肃,老高考,2024,全国卷,common,新课标全国II卷,present_common,H:\New folder\【新·PDF版】2008-2024·高考政治真题\版本2：政治（按省份分类）2008-2024\2008-2023·（甘肃）政治高考真题\2016年高考政治试卷（新课标Ⅱ）（空白卷）.pdf,papers/2016/政治/全国/新课标全国II卷/2016_政治_甘肃_新课标全国II卷_原卷.pdf,2
2016,政治,青海,老高考,2025,全国卷,common,新课标全国II卷,present_common,H:\New folder\【新·PDF版】2008-2024·高考政治真题\版本2：政治（按省份分类）2008-2024\2008-2023·（青海）政治高考真题\2016年高考政治试卷（新课标Ⅱ）（空白卷）.pdf,papers/2016/政治/全国/新课标全国II卷/2016_政治_青海_新课标全国II卷_原卷.pdf,2
2016,政治,宁夏,老高考,2025,全国卷,common,新课标全国II卷,present_common,H:\New folder\【新·PDF版】2008-2024·高考政治真题\版本2：政治（按省份分类）2008-2024\2010-2023·（宁夏）政治高考真题\2016年高考政治试卷（新课标Ⅱ）（空白卷）.pdf,papers/2016/政治/全国/新课标全国II卷/2016_政治_宁夏_新课标全国II卷_原卷.pdf,2
2016,政治,新疆,老高考,,全国卷,common,新课标全国II卷,present_common,H:\New folder\【新·PDF版】2008-2024·高考政治真题\版本2：政治（按省份分类）2008-2024\2008-2024·（新疆）政治高考真题\2016年高考政治试卷（新课标Ⅱ）（空白卷）.pdf,papers/2016/政治/全国/新课标全国II卷/2016_政治_新疆_新课标全国II卷_原卷.pdf,2
2016,历史,北京,老高考,2020,地方/区域卷,local,北京卷,present_local,H:\New folder\【新·PDF版】2008-2024·高考历史真题\版本2：历史（按省份分类）2008-2024\2008-2024·（北京）历史高考真题\2016年高考历史试卷（北京）（空白卷）.pdf,papers/2016/历史/北京/北京卷/2016_历史_北京_北京卷_原卷.pdf,2
2016,历史,天津,老高考,2020,地方/区域卷,local,天津卷,present_local,H:\New folder\【新·PDF版】2008-2024·高考历史真题\版本2：历史（按省份分类）2008-2024\2008-2023·（天津）历史高考真题\2016年高考历史试卷（天津）（空白卷）.pdf,papers/2016/历史/天津/天津卷/2016_历史_天津_天津卷_原卷.pdf,2
2016,历史,河北,老高考,2021,全国卷,common,新课标全国I卷,present_common,H:\New folder\【新·PDF版】2008-2024·高考历史真题\版本2：历史（按省份分类）2008-2024\2008-2023·（河北）历史高考真题\2016年高考历史试卷（新课标Ⅰ）（空白卷）.pdf,papers/2016/历史/全国/新课标全国I卷/2016_历史_河北_新课标全国I卷_原卷.pdf,2
2016,历史,山西,老高考,2025,全国卷,common,新课标全国I卷,present_common,H:\New folder\【新·PDF版】2008-2024·高考历史真题\版本2：历史（按省份分类）2008-2024\2008-2024·（山西）历史高考真题\2016年高考历史试卷（新课标Ⅰ）（空白卷）.pdf,papers/2016/历史/全国/新课标全国I卷/2016_历史_山西_新课标全国I卷_原卷.pdf,2
2016,历史,内蒙古,老高考,2025,全国卷,common,新课标全国II卷,present_common,H:\New folder\【新·PDF版】2008-2024·高考历史真题\版本2：历史（按省份分类）2008-2024\2008-2024·（内蒙古）历史高考真题\2016年高考历史试卷（新课标Ⅱ）（空白卷）.pdf,papers/2016/历史/全国/新课标全国II卷/2016_历史_内蒙古_新课标全国II卷_原卷.pdf,2
2016,历史,辽宁,老高考,2021,全国卷,common,新课标全国II卷,present_common,H:\New folder\【新·PDF版】2008-2024·高考历史真题\版本2：历史（按省份分类）2008-2024\2010-2024·（辽宁）历史高考真题\2016年高考历史试卷（新课标Ⅱ）（空白卷）.pdf,papers/2016/历史/全国/新课标全国II卷/2016_历史_辽宁_新课标全国II卷_原卷.pdf,2
2016,历史,吉林,老高考,2024,全国卷,common,新课标全国II卷,present_common,H:\New folder\【新·PDF版】2008-2024·高考历史真题\版本2：历史（按省份分类）2008-2024\2008-2024·（吉林）历史高考真题\2016年高考历史试卷（新课标Ⅱ）（空白卷）.pdf,papers/2016/历史/全国/新课标全国II卷/2016_历史_吉林_新课标全国II卷_原卷.pdf,2
2016,历史,黑龙江,老高考,2024,全国卷,common,新课标全国II卷,present_common,H:\New folder\【新·PDF版】2008-2024·高考历史真题\版本2：历史（按省份分类）2008-2024\2008-2024·（黑龙江）历史高考真题\2016年高考历史试卷（新课标Ⅱ）（空白卷）.pdf,papers/2016/历史/全国/新课标全国II卷/2016_历史_黑龙江_新课标全国II卷_原卷.pdf,2
2016,历史,上海,老高考,2017,地方/区域卷,local,上海卷,present_local,"H:\New folder\【新·PDF版】2008-2024·高考历史真题\版本2：历史（按省份分类）2008-2024\2008-2017_2019,2024·（上海）历史高考真题\2016年高考历史试卷（上海）（空白卷）.pdf",papers/2016/历史/上海/上海卷/2016_历史_上海_上海卷_原卷.pdf,2
2016,历史,江苏,老高考,2021,地方/区域卷,local,江苏卷,present_local,H:\New folder\【新·PDF版】2008-2024·高考历史真题\版本2：历史（按省份分类）2008-2024\2008-2024·（江苏）历史高考真题\2016年高考历史试卷（江苏）（空白卷）   .pdf,papers/2016/历史/江苏/江苏卷/2016_历史_江苏_江苏卷_原卷.pdf,2
2016,历史,浙江,老高考,2017,地方/区域卷,local,浙江卷,present_local,H:\New folder\【新·PDF版】2008-2024·高考历史真题\版本2：历史（按省份分类）2008-2024\2008-2024·（浙江）历史高考真题\2016年高考历史试卷（浙江）（10月）（空白卷）.pdf,papers/2016/历史/浙江/浙江卷/2016_历史_浙江_浙江卷_原卷.pdf,4
2016,历史,安徽,老高考,2024,全国卷,common,新课标全国I卷,present_common,H:\New folder\【新·PDF版】2008-2024·高考历史真题\版本2：历史（按省份分类）2008-2024\2012-2024·（安徽）历史高考真题\2016年高考历史试卷（新课标Ⅰ）（空白卷）.pdf,papers/2016/历史/全国/新课标全国I卷/2016_历史_安徽_新课标全国I卷_原卷.pdf,2
2016,历史,福建,老高考,2021,全国卷,common,新课标全国I卷,present_common,H:\New folder\【新·PDF版】2008-2024·高考历史真题\版本2：历史（按省份分类）2008-2024\2012-2023·（福建）历史高考真题\2016年高考历史试卷（新课标Ⅰ）（空白卷）.pdf,papers/2016/历史/全国/新课标全国I卷/2016_历史_福建_新课标全国I卷_原卷.pdf,2
2016,历史,江西,老高考,2024,全国卷,common,新课标全国I卷,present_common,H:\New folder\【新·PDF版】2008-2024·高考历史真题\版本2：历史（按省份分类）2008-2024\2008-2023·（江西）历史高考真题\2016年高考历史试卷（新课标Ⅰ）（空白卷）.pdf,papers/2016/历史/全国/新课标全国I卷/2016_历史_江西_新课标全国I卷_原卷.pdf,2
2016,历史,山东,老高考,2020,全国卷,common,新课标全国I卷,present_common,H:\New folder\【新·PDF版】2008-2024·高考历史真题\版本2：历史（按省份分类）2008-2024\2008-2024·（山东）历史高考真题\2016年高考历史试卷（新课标Ⅰ）（空白卷）.pdf,papers/2016/历史/全国/新课标全国I卷/2016_历史_山东_新课标全国I卷_原卷.pdf,2
2016,历史,河南,老高考,2025,全国卷,common,新课标全国I卷,present_common,H:\New folder\【新·PDF版】2008-2024·高考历史真题\版本2：历史（按省份分类）2008-2024\2008-2024·（河南）历史高考真题\2016年高考历史试卷（新课标Ⅰ）（空白卷）.pdf,papers/2016/历史/全国/新课标全国I卷/2016_历史_河南_新课标全国I卷_原卷.pdf,2
2016,历史,湖北,老高考,2021,全国卷,common,新课标全国I卷,present_common,H:\New folder\【新·PDF版】2008-2024·高考历史真题\版本2：历史（按省份分类）2008-2024\2008-2024·（湖北）历史高考真题\2016年高考历史试卷（新课标Ⅰ）（空白卷）.pdf,papers/2016/历史/全国/新课标全国I卷/2016_历史_湖北_新课标全国I卷_原卷.pdf,2
2016,历史,湖南,老高考,2021,全国卷,common,新课标全国I卷,present_common,H:\New folder\【新·PDF版】2008-2024·高考历史真题\版本2：历史（按省份分类）2008-2024\2008-2024·（湖南）历史高考真题\2016年高考历史试卷（新课标Ⅰ）（空白卷）.pdf,papers/2016/历史/全国/新课标全国I卷/2016_历史_湖南_新课标全国I卷_原卷.pdf,2
2016,历史,广东,老高考,2021,全国卷,common,新课标全国I卷,present_common,H:\New folder\【新·PDF版】2008-2024·高考历史真题\版本2：历史（按省份分类）2008-2024\2008-2024·（广东）历史高考真题\2016年高考历史试卷（新课标Ⅰ）（空白卷）.pdf,papers/2016/历史/全国/新课标全国I卷/2016_历史_广东_新课标全国I卷_原卷.pdf,2
2016,历史,广西,老高考,2024,全国卷,common,新课标全国III卷,present_common,H:\New folder\【新·PDF版】2008-2024·高考历史真题\版本2：历史（按省份分类）2008-2024\2008-2023·（广西）历史高考真题\2016年高考历史试卷（新课标Ⅲ）（空白卷）.pdf,papers/2016/历史/全国/新课标全国III卷/2016_历史_广西_新课标全国III卷_原卷.pdf,2
2016,历史,海南,老高考,2020,地方/区域卷,local,海南卷,present_local,H:\New folder\【新·PDF版】2008-2024·高考历史真题\版本2：历史（按省份分类）2008-2024\2008-2023·（海南）历史高考真题\2016年高考历史试卷（海南）（空白卷）.pdf,papers/2016/历史/海南/海南卷/2016_历史_海南_海南卷_原卷.pdf,2
2016,历史,重庆,老高考,2021,全国卷,common,新课标全国II卷,present_common,H:\New folder\【新·PDF版】2008-2024·高考历史真题\版本2：历史（按省份分类）2008-2024\2012-2024·（重庆）历史高考真题\2016年高考历史试卷（新课标Ⅱ）（空白卷）.pdf,papers/2016/历史/全国/新课标全国II卷/2016_历史_重庆_新课标全国II卷_原卷.pdf,2
2016,历史,四川,老高考,2025,全国卷,common,新课标全国III卷,present_common,H:\New folder\【新·PDF版】2008-2024·高考历史真题\版本2：历史（按省份分类）2008-2024\2008-2024·（四川）历史高考真题\2016年高考历史试卷（新课标Ⅲ）（空白卷）.pdf,papers/2016/历史/全国/新课标全国III卷/2016_历史_四川_新课标全国III卷_原卷.pdf,2
2016,历史,贵州,老高考,2024,全国卷,common,新课标全国III卷,present_common,H:\New folder\【新·PDF版】2008-2024·高考历史真题\版本2：历史（按省份分类）2008-2024\2008-2023·（贵州）历史高考真题\2016年高考历史试卷（新课标Ⅲ）（空白卷）.pdf,papers/2016/历史/全国/新课标全国III卷/2016_历史_贵州_新课标全国III卷_原卷.pdf,2
2016,历史,云南,老高考,2025,全国卷,common,新课标全国III卷,present_common,H:\New folder\【新·PDF版】2008-2024·高考历史真题\版本2：历史（按省份分类）2008-2024\2008-2024·（云南）历史高考真题\2016年高考历史试卷（新课标Ⅲ）（空白卷）.pdf,papers/2016/历史/全国/新课标全国III卷/2016_历史_云南_新课标全国III卷_原卷.pdf,2
2016,历史,西藏,老高考,,全国卷,common,新课标全国II卷,present_common,H:\New folder\【新·PDF版】2008-2024·高考历史真题\版本2：历史（按省份分类）2008-2024\2008-2024·（西藏）历史高考真题\2016年高考历史试卷（新课标Ⅱ）（空白卷）.pdf,papers/2016/历史/全国/新课标全国II卷/2016_历史_西藏_新课标全国II卷_原卷.pdf,2
2016,历史,陕西,老高考,2025,全国卷,common,新课标全国II卷,present_common,H:\New folder\【新·PDF版】2008-2024·高考历史真题\版本2：历史（按省份分类）2008-2024\2008-2024·（陕西）历史高考真题\2016年高考历史试卷（新课标Ⅱ）（空白卷）.pdf,papers/2016/历史/全国/新课标全国II卷/2016_历史_陕西_新课标全国II卷_原卷.pdf,2
2016,历史,甘肃,老高考,2024,全国卷,common,新课标全国II卷,present_common,H:\New folder\【新·PDF版】2008-2024·高考历史真题\版本2：历史（按省份分类）2008-2024\2008-2024·（甘肃）历史高考真题\2016年高考历史试卷（新课标Ⅱ）（空白卷）.pdf,papers/2016/历史/全国/新课标全国II卷/2016_历史_甘肃_新课标全国II卷_原卷.pdf,2
2016,历史,青海,老高考,2025,全国卷,common,新课标全国II卷,present_common,H:\New folder\【新·PDF版】2008-2024·高考历史真题\版本2：历史（按省份分类）2008-2024\2008-2024·（青海）历史高考真题\2016年高考历史试卷（新课标Ⅱ）（空白卷）.pdf,papers/2016/历史/全国/新课标全国II卷/2016_历史_青海_新课标全国II卷_原卷.pdf,2
2016,历史,宁夏,老高考,2025,全国卷,common,新课标全国II卷,present_common,H:\New folder\【新·PDF版】2008-2024·高考历史真题\版本2：历史（按省份分类）2008-2024\2010-2024·（宁夏）历史高考真题\2016年高考历史试卷（新课标Ⅱ）（空白卷）.pdf,papers/2016/历史/全国/新课标全国II卷/2016_历史_宁夏_新课标全国II卷_原卷.pdf,2
2016,历史,新疆,老高考,,全国卷,common,新课标全国II卷,present_common,H:\New folder\【新·PDF版】2008-2024·高考历史真题\版本2：历史（按省份分类）2008-2024\2008-2024·（新疆）历史高考真题\2016年高考历史试卷（新课标Ⅱ）（空白卷）.pdf,papers/2016/历史/全国/新课标全国II卷/2016_历史_新疆_新课标全国II卷_原卷.pdf,2
2016,地理,北京,老高考,2020,地方/区域卷,local,北京卷,present_local,H:\New folder\【新·PDF版】2008-2024·高考地理真题\版本2：地理（按省份分类）2008-2024\2008-2024·（北京）地理高考真题\2016年高考地理试卷（北京）（空白卷）.pdf,papers/2016/地理/北京/北京卷/2016_地理_北京_北京卷_原卷.pdf,2
2016,地理,天津,老高考,2020,地方/区域卷,local,天津卷,present_local,H:\New folder\【新·PDF版】2008-2024·高考地理真题\版本2：地理（按省份分类）2008-2024\2008-2023·（天津）地理高考真题\2016年高考地理试卷（天津）（空白卷）.pdf,papers/2016/地理/天津/天津卷/2016_地理_天津_天津卷_原卷.pdf,2
2016,地理,河北,老高考,2021,全国卷,common,新课标全国I卷,present_common,H:\New folder\【新·PDF版】2008-2024·高考地理真题\版本2：地理（按省份分类）2008-2024\2008-2023·（河北）地理高考真题\2016年高考地理试卷（新课标Ⅰ）（空白卷）.pdf,papers/2016/地理/全国/新课标全国I卷/2016_地理_河北_新课标全国I卷_原卷.pdf,2
2016,地理,山西,老高考,2025,全国卷,common,新课标全国I卷,present_common,H:\New folder\【新·PDF版】2008-2024·高考地理真题\版本2：地理（按省份分类）2008-2024\2008-2024·（山西）地理高考真题\2016年高考地理试卷（新课标Ⅰ）（空白卷）.pdf,papers/2016/地理/全国/新课标全国I卷/2016_地理_山西_新课标全国I卷_原卷.pdf,2
2016,地理,内蒙古,老高考,2025,全国卷,common,新课标全国II卷,present_common,H:\New folder\【新·PDF版】2008-2024·高考地理真题\版本2：地理（按省份分类）2008-2024\2008-2024·（内蒙古）地理高考真题\2016年高考地理试卷（新课标Ⅱ）（空白卷）.pdf,papers/2016/地理/全国/新课标全国II卷/2016_地理_内蒙古_新课标全国II卷_原卷.pdf,2
2016,地理,辽宁,老高考,2021,全国卷,common,新课标全国II卷,present_common,H:\New folder\【新·PDF版】2008-2024·高考地理真题\版本2：地理（按省份分类）2008-2024\2010-2024·（辽宁）地理高考真题\2016年高考地理试卷（新课标Ⅱ）（空白卷）.pdf,papers/2016/地理/全国/新课标全国II卷/2016_地理_辽宁_新课标全国II卷_原卷.pdf,2
2016,地理,吉林,老高考,2024,全国卷,common,新课标全国II卷,present_common,H:\New folder\【新·PDF版】2008-2024·高考地理真题\版本2：地理（按省份分类）2008-2024\2008-2024·（吉林）地理高考真题\2016年高考地理试卷（新课标Ⅱ）（空白卷）.pdf,papers/2016/地理/全国/新课标全国II卷/2016_地理_吉林_新课标全国II卷_原卷.pdf,2
2016,地理,黑龙江,老高考,2024,全国卷,common,新课标全国II卷,present_common,H:\New folder\【新·PDF版】2008-2024·高考地理真题\版本2：地理（按省份分类）2008-2024\2008-2024·（黑龙江）地理高考真题\2016年高考地理试卷（新课标Ⅱ）（空白卷）.pdf,papers/2016/地理/全国/新课标全国II卷/2016_地理_黑龙江_新课标全国II卷_原卷.pdf,2
2016,地理,上海,老高考,2017,地方/区域卷,local,上海卷,present_local,"H:\New folder\【新·PDF版】2008-2024·高考地理真题\版本2：地理（按省份分类）2008-2024\2008-2021,2024·（上海）地理高考真题\2016年高考地理试题（上海）（空白卷）.pdf",papers/2016/地理/上海/上海卷/2016_地理_上海_上海卷_原卷.pdf,2
2016,地理,江苏,老高考,2021,地方/区域卷,local,江苏卷,present_local,H:\New folder\【新·PDF版】2008-2024·高考地理真题\版本2：地理（按省份分类）2008-2024\2008-2023·（江苏）地理高考真题\2016年高考地理试卷（江苏）（空白卷）.pdf,papers/2016/地理/江苏/江苏卷/2016_地理_江苏_江苏卷_原卷.pdf,2
2016,地理,浙江,老高考,2017,地方/区域卷,local,浙江卷,present_local,H:\New folder\【新·PDF版】2008-2024·高考地理真题\版本2：地理（按省份分类）2008-2024\2008-2024·（浙江）地理高考真题\2016年高考地理试卷（浙江）（10月）（空白卷）.pdf,papers/2016/地理/浙江/浙江卷/2016_地理_浙江_浙江卷_原卷.pdf,4
2016,地理,安徽,老高考,2024,全国卷,common,新课标全国I卷,present_common,H:\New folder\【新·PDF版】2008-2024·高考地理真题\版本2：地理（按省份分类）2008-2024\2012-2024·（安徽）地理高考真题\2016年高考地理试卷（新课标Ⅰ）（空白卷）.pdf,papers/2016/地理/全国/新课标全国I卷/2016_地理_安徽_新课标全国I卷_原卷.pdf,2
2016,地理,福建,老高考,2021,全国卷,common,新课标全国I卷,present_common,H:\New folder\【新·PDF版】2008-2024·高考地理真题\版本2：地理（按省份分类）2008-2024\2012-2024·（福建）地理高考真题\2016年高考地理试卷（新课标Ⅰ）（空白卷）.pdf,papers/2016/地理/全国/新课标全国I卷/2016_地理_福建_新课标全国I卷_原卷.pdf,2
2016,地理,江西,老高考,2024,全国卷,common,新课标全国I卷,present_common,H:\New folder\【新·PDF版】2008-2024·高考地理真题\版本2：地理（按省份分类）2008-2024\2008-2024·（江西）地理高考真题\2016年高考地理试卷（新课标Ⅰ）（空白卷）.pdf,papers/2016/地理/全国/新课标全国I卷/2016_地理_江西_新课标全国I卷_原卷.pdf,2
2016,地理,山东,老高考,2020,全国卷,common,新课标全国I卷,present_common,H:\New folder\【新·PDF版】2008-2024·高考地理真题\版本2：地理（按省份分类）2008-2024\2008-2024·（山东）地理高考真题\2016年高考地理试卷（新课标Ⅰ）（空白卷）.pdf,papers/2016/地理/全国/新课标全国I卷/2016_地理_山东_新课标全国I卷_原卷.pdf,2
2016,地理,河南,老高考,2025,全国卷,common,新课标全国I卷,present_common,H:\New folder\【新·PDF版】2008-2024·高考地理真题\版本2：地理（按省份分类）2008-2024\2008-2024·（河南）地理高考真题\2016年高考地理试卷（新课标Ⅰ）（空白卷）.pdf,papers/2016/地理/全国/新课标全国I卷/2016_地理_河南_新课标全国I卷_原卷.pdf,2
2016,地理,湖北,老高考,2021,全国卷,common,新课标全国I卷,present_common,H:\New folder\【新·PDF版】2008-2024·高考地理真题\版本2：地理（按省份分类）2008-2024\2008-2024·（湖北）地理高考真题\2016年高考地理试卷（新课标Ⅰ）（空白卷）.pdf,papers/2016/地理/全国/新课标全国I卷/2016_地理_湖北_新课标全国I卷_原卷.pdf,2
2016,地理,湖南,老高考,2021,全国卷,common,新课标全国I卷,present_common,H:\New folder\【新·PDF版】2008-2024·高考地理真题\版本2：地理（按省份分类）2008-2024\2008-2024·（湖南）地理高考真题\2016年高考地理试卷（新课标Ⅰ）（空白卷）.pdf,papers/2016/地理/全国/新课标全国I卷/2016_地理_湖南_新课标全国I卷_原卷.pdf,2
2016,地理,广东,老高考,2021,全国卷,common,新课标全国I卷,present_common,H:\New folder\【新·PDF版】2008-2024·高考地理真题\版本2：地理（按省份分类）2008-2024\2008-2024·（广东）地理高考真题\2016年高考地理试卷（新课标Ⅰ）（空白卷）.pdf,papers/2016/地理/全国/新课标全国I卷/2016_地理_广东_新课标全国I卷_原卷.pdf,2
2016,地理,广西,老高考,2024,全国卷,common,新课标全国III卷,present_common,H:\New folder\【新·PDF版】2008-2024·高考地理真题\版本2：地理（按省份分类）2008-2024\2008-2023·（广西）地理高考真题\2016年高考地理试卷（新课标Ⅲ）（空白卷）.pdf,papers/2016/地理/全国/新课标全国III卷/2016_地理_广西_新课标全国III卷_原卷.pdf,2
2016,地理,海南,老高考,2020,地方/区域卷,local,海南卷,present_local,H:\New folder\【新·PDF版】2008-2024·高考地理真题\版本2：地理（按省份分类）2008-2024\2008-2023·（海南）地理高考真题\2016年高考地理试卷（海南）（空白卷）.pdf,papers/2016/地理/海南/海南卷/2016_地理_海南_海南卷_原卷.pdf,2
2016,地理,重庆,老高考,2021,全国卷,common,新课标全国II卷,present_common,H:\New folder\【新·PDF版】2008-2024·高考地理真题\版本2：地理（按省份分类）2008-2024\2012-2023·（重庆）地理高考真题\2016年高考地理试卷（新课标Ⅱ）（空白卷）.pdf,papers/2016/地理/全国/新课标全国II卷/2016_地理_重庆_新课标全国II卷_原卷.pdf,2
2016,地理,四川,老高考,2025,全国卷,common,新课标全国III卷,present_common,H:\New folder\【新·PDF版】2008-2024·高考地理真题\版本2：地理（按省份分类）2008-2024\2008-2024·（四川）地理高考真题\2016年高考地理试卷（新课标Ⅲ）（空白卷）.pdf,papers/2016/地理/全国/新课标全国III卷/2016_地理_四川_新课标全国III卷_原卷.pdf,2
2016,地理,贵州,老高考,2024,全国卷,common,新课标全国III卷,present_common,H:\New folder\【新·PDF版】2008-2024·高考地理真题\版本2：地理（按省份分类）2008-2024\2008-2023·（贵州）地理高考真题\2016年高考地理试卷（新课标Ⅲ）（空白卷）.pdf,papers/2016/地理/全国/新课标全国III卷/2016_地理_贵州_新课标全国III卷_原卷.pdf,2
2016,地理,云南,老高考,2025,全国卷,common,新课标全国III卷,present_common,H:\New folder\【新·PDF版】2008-2024·高考地理真题\版本2：地理（按省份分类）2008-2024\2008-2024·（云南）地理高考真题\2016年高考地理试卷（新课标Ⅲ）（空白卷）.pdf,papers/2016/地理/全国/新课标全国III卷/2016_地理_云南_新课标全国III卷_原卷.pdf,2
2016,地理,西藏,老高考,,全国卷,common,新课标全国II卷,present_common,H:\New folder\【新·PDF版】2008-2024·高考地理真题\版本2：地理（按省份分类）2008-2024\2008-2024·（西藏）地理高考真题\2016年高考地理试卷（新课标Ⅱ）（空白卷）.pdf,papers/2016/地理/全国/新课标全国II卷/2016_地理_西藏_新课标全国II卷_原卷.pdf,2
2016,地理,陕西,老高考,2025,全国卷,common,新课标全国II卷,present_common,H:\New folder\【新·PDF版】2008-2024·高考地理真题\版本2：地理（按省份分类）2008-2024\2008-2024·（陕西）地理高考真题\2016年高考地理试卷（新课标Ⅱ）（空白卷）.pdf,papers/2016/地理/全国/新课标全国II卷/2016_地理_陕西_新课标全国II卷_原卷.pdf,2
2016,地理,甘肃,老高考,2024,全国卷,common,新课标全国II卷,present_common,H:\New folder\【新·PDF版】2008-2024·高考地理真题\版本2：地理（按省份分类）2008-2024\2008-2024·（甘肃）地理高考真题\2016年高考地理试卷（新课标Ⅱ）（空白卷）.pdf,papers/2016/地理/全国/新课标全国II卷/2016_地理_甘肃_新课标全国II卷_原卷.pdf,2
2016,地理,青海,老高考,2025,全国卷,common,新课标全国II卷,present_common,H:\New folder\【新·PDF版】2008-2024·高考地理真题\版本2：地理（按省份分类）2008-2024\2008-2024·（青海）地理高考真题\2016年高考地理试卷（新课标Ⅱ）（空白卷）.pdf,papers/2016/地理/全国/新课标全国II卷/2016_地理_青海_新课标全国II卷_原卷.pdf,2
2016,地理,宁夏,老高考,2025,全国卷,common,新课标全国II卷,present_common,H:\New folder\【新·PDF版】2008-2024·高考地理真题\版本2：地理（按省份分类）2008-2024\2010-2024·（宁夏）地理高考真题\2016年高考地理试卷（新课标Ⅱ）（空白卷）.pdf,papers/2016/地理/全国/新课标全国II卷/2016_地理_宁夏_新课标全国II卷_原卷.pdf,2
2016,地理,新疆,老高考,,全国卷,common,新课标全国II卷,present_common,H:\New folder\【新·PDF版】2008-2024·高考地理真题\版本2：地理（按省份分类）2008-2024\2008-2024·（新疆）地理高考真题\2016年高考地理试卷（新课标Ⅱ）（空白卷）.pdf,papers/2016/地理/全国/新课标全国II卷/2016_地理_新疆_新课标全国II卷_原卷.pdf,2
2017,语文,北京,老高考,2020,地方/区域卷,local,北京卷,present_local,H:\New folder\【新·PDF版】2008-2024·高考语文真题\版本2：语文（按省份分类）2008-2024\2008-2024·（北京）语文高考真题\2017年高考语文试卷（北京）（空白卷）.pdf,papers/2017/语文/北京/北京卷/2017_语文_北京_北京卷_原卷.pdf,2
2017,语文,天津,老高考,2020,地方/区域卷,local,天津卷,present_local,H:\New folder\【新·PDF版】2008-2024·高考语文真题\版本2：语文（按省份分类）2008-2024\2008-2023·（天津）语文高考真题\2017年高考语文试卷（天津）（空白卷）.pdf,papers/2017/语文/天津/天津卷/2017_语文_天津_天津卷_原卷.pdf,2
2017,语文,河北,老高考,2021,全国卷,common,新课标全国I卷,present_common,H:\New folder\【新·PDF版】2008-2024·高考语文真题\版本2：语文（按省份分类）2008-2024\2008-2024·（河北）语文高考真题\2017年高考语文试卷（新课标Ⅰ卷）（空白卷）.pdf,papers/2017/语文/全国/新课标全国I卷/2017_语文_河北_新课标全国I卷_原卷.pdf,2
2017,语文,山西,老高考,2025,全国卷,common,新课标全国I卷,present_common,H:\New folder\【新·PDF版】2008-2024·高考语文真题\版本2：语文（按省份分类）2008-2024\2008-2024·（山西）语文高考真题\2017年高考语文试卷（新课标Ⅰ卷）（空白卷）.pdf,papers/2017/语文/全国/新课标全国I卷/2017_语文_山西_新课标全国I卷_原卷.pdf,2
2017,语文,内蒙古,老高考,2025,全国卷,common,新课标全国II卷,present_common,H:\New folder\【新·PDF版】2008-2024·高考语文真题\版本2：语文（按省份分类）2008-2024\2008-2024·（内蒙古）语文高考真题\2017年高考语文试卷（新课标Ⅱ卷）（空白卷）.pdf,papers/2017/语文/全国/新课标全国II卷/2017_语文_内蒙古_新课标全国II卷_原卷.pdf,2
2017,语文,辽宁,老高考,2021,全国卷,common,新课标全国II卷,present_common,H:\New folder\【新·PDF版】2008-2024·高考语文真题\版本2：语文（按省份分类）2008-2024\2012-2024·（辽宁）语文高考真题\2017年高考语文试卷（新课标Ⅱ卷）（空白卷）.pdf,papers/2017/语文/全国/新课标全国II卷/2017_语文_辽宁_新课标全国II卷_原卷.pdf,2
2017,语文,吉林,老高考,2024,全国卷,common,新课标全国II卷,present_common,H:\New folder\【新·PDF版】2008-2024·高考语文真题\版本2：语文（按省份分类）2008-2024\2008-2024·（吉林）语文高考真题\2017年高考语文试卷（新课标Ⅱ卷）（空白卷）.pdf,papers/2017/语文/全国/新课标全国II卷/2017_语文_吉林_新课标全国II卷_原卷.pdf,2
2017,语文,黑龙江,老高考,2024,全国卷,common,新课标全国II卷,present_common,H:\New folder\【新·PDF版】2008-2024·高考语文真题\版本2：语文（按省份分类）2008-2024\2008-2024·（黑龙江）语文高考真题\2017年高考语文试卷（新课标Ⅱ卷）（空白卷）.pdf,papers/2017/语文/全国/新课标全国II卷/2017_语文_黑龙江_新课标全国II卷_原卷.pdf,2
2017,语文,江苏,老高考,2021,地方/区域卷,local,江苏卷,present_local,H:\New folder\【新·PDF版】2008-2024·高考语文真题\版本2：语文（按省份分类）2008-2024\2008-2024·（江苏）语文高考真题\2017年高考语文试卷（江苏）（空白卷）   .pdf,papers/2017/语文/江苏/江苏卷/2017_语文_江苏_江苏卷_原卷.pdf,2
2017,语文,安徽,老高考,2024,全国卷,common,新课标全国I卷,present_common,H:\New folder\【新·PDF版】2008-2024·高考语文真题\版本2：语文（按省份分类）2008-2024\2012-2024·（安徽）语文高考真题\2017年高考语文试卷（新课标Ⅰ卷）（空白卷）.pdf,papers/2017/语文/全国/新课标全国I卷/2017_语文_安徽_新课标全国I卷_原卷.pdf,1
2017,语文,福建,老高考,2021,全国卷,common,新课标全国I卷,present_common,H:\New folder\【新·PDF版】2008-2024·高考语文真题\版本2：语文（按省份分类）2008-2024\2012-2024·（福建）语文高考真题\2017年高考语文试卷（新课标Ⅰ卷）（空白卷）.pdf,papers/2017/语文/全国/新课标全国I卷/2017_语文_福建_新课标全国I卷_原卷.pdf,2
2017,语文,江西,老高考,2024,全国卷,common,新课标全国I卷,present_common,H:\New folder\【新·PDF版】2008-2024·高考语文真题\版本2：语文（按省份分类）2008-2024\2012-2024·（江西）语文高考真题\2017年高考语文试卷（新课标Ⅰ卷）（空白卷）.pdf,papers/2017/语文/全国/新课标全国I卷/2017_语文_江西_新课标全国I卷_原卷.pdf,2
2017,语文,山东,老高考,2020,地方/区域卷,local,山东卷,present_local,H:\New folder\【新·PDF版】2008-2024·高考语文真题\版本2：语文（按省份分类）2008-2024\2008-2024·（山东）语文高考真题\2017年高考语文试卷（山东）（空白卷）.pdf,papers/2017/语文/山东/山东卷/2017_语文_山东_山东卷_原卷.pdf,2
2017,语文,河南,老高考,2025,全国卷,common,新课标全国I卷,present_common,H:\New folder\【新·PDF版】2008-2024·高考语文真题\版本2：语文（按省份分类）2008-2024\2008-2024·（河南）语文高考真题\2017年高考语文试卷（新课标Ⅰ卷）（空白卷）.pdf,papers/2017/语文/全国/新课标全国I卷/2017_语文_河南_新课标全国I卷_原卷.pdf,2
2017,语文,湖北,老高考,2021,全国卷,common,新课标全国I卷,present_common,H:\New folder\【新·PDF版】2008-2024·高考语文真题\版本2：语文（按省份分类）2008-2024\2012-2024·（湖北）语文高考真题\2017年高考语文试卷（新课标Ⅰ卷）（空白卷）.pdf,papers/2017/语文/全国/新课标全国I卷/2017_语文_湖北_新课标全国I卷_原卷.pdf,2
2017,语文,湖南,老高考,2021,全国卷,common,新课标全国I卷,present_common,H:\New folder\【新·PDF版】2008-2024·高考语文真题\版本2：语文（按省份分类）2008-2024\2008-2024·（湖南）语文高考真题\2017年高考语文试卷（新课标Ⅰ卷）（空白卷）.pdf,papers/2017/语文/全国/新课标全国I卷/2017_语文_湖南_新课标全国I卷_原卷.pdf,2
2017,语文,广东,老高考,2021,全国卷,common,新课标全国I卷,present_common,H:\New folder\【新·PDF版】2008-2024·高考语文真题\版本2：语文（按省份分类）2008-2024\2008-2024·（广东）语文高考真题\2017年高考语文试卷（新课标Ⅰ卷）（空白卷）.pdf,papers/2017/语文/全国/新课标全国I卷/2017_语文_广东_新课标全国I卷_原卷.pdf,3
2017,语文,广西,老高考,2024,全国卷,common,新课标全国III卷,present_common,H:\New folder\【新·PDF版】2008-2024·高考语文真题\版本2：语文（按省份分类）2008-2024\2008-2024·（广西）语文高考真题\2017年高考语文试卷（新课标Ⅲ卷）（空白卷）.pdf,papers/2017/语文/全国/新课标全国III卷/2017_语文_广西_新课标全国III卷_原卷.pdf,2
2017,语文,海南,老高考,2020,全国卷,common,新课标全国II卷,present_common,H:\New folder\【新·PDF版】2008-2024·高考语文真题\版本2：语文（按省份分类）2008-2024\2008-2024·（海南）语文高考真题\2017年高考语文试卷（新课标Ⅱ卷）（空白卷）.pdf,papers/2017/语文/全国/新课标全国II卷/2017_语文_海南_新课标全国II卷_原卷.pdf,2
2017,语文,重庆,老高考,2021,全国卷,common,新课标全国II卷,present_common,H:\New folder\【新·PDF版】2008-2024·高考语文真题\版本2：语文（按省份分类）2008-2024\2012-2024·（重庆）语文高考真题\2017年高考语文试卷（新课标Ⅱ卷）（空白卷）.pdf,papers/2017/语文/全国/新课标全国II卷/2017_语文_重庆_新课标全国II卷_原卷.pdf,2
2017,语文,四川,老高考,2025,全国卷,common,新课标全国III卷,present_common,H:\New folder\【新·PDF版】2008-2024·高考语文真题\版本2：语文（按省份分类）2008-2024\2008-2024·（四川）语文高考真题\2017年高考语文试卷（新课标Ⅲ卷）（空白卷）(1).pdf,papers/2017/语文/全国/新课标全国III卷/2017_语文_四川_新课标全国III卷_原卷.pdf,3
2017,语文,贵州,老高考,2024,全国卷,common,新课标全国III卷,present_common,H:\New folder\【新·PDF版】2008-2024·高考语文真题\版本2：语文（按省份分类）2008-2024\2008-2024·（贵州）语文高考真题\2017年高考语文试卷（新课标Ⅲ卷）（空白卷）.pdf,papers/2017/语文/全国/新课标全国III卷/2017_语文_贵州_新课标全国III卷_原卷.pdf,2
2017,语文,云南,老高考,2025,全国卷,common,新课标全国III卷,present_common,H:\New folder\【新·PDF版】2008-2024·高考语文真题\版本2：语文（按省份分类）2008-2024\2008-2024·（云南）语文高考真题\2017年高考语文试卷（新课标Ⅲ卷）（空白卷）.pdf,papers/2017/语文/全国/新课标全国III卷/2017_语文_云南_新课标全国III卷_原卷.pdf,2
2017,语文,西藏,老高考,,全国卷,common,新课标全国II卷,present_common,H:\New folder\【新·PDF版】2008-2024·高考语文真题\版本2：语文（按省份分类）2008-2024\2008-2024·（西藏）语文高考真题\2017年高考语文试卷（新课标Ⅱ卷）（空白卷）.pdf,papers/2017/语文/全国/新课标全国II卷/2017_语文_西藏_新课标全国II卷_原卷.pdf,1
2017,语文,陕西,老高考,2025,全国卷,common,新课标全国II卷,present_common,H:\New folder\【新·PDF版】2008-2024·高考语文真题\版本2：语文（按省份分类）2008-2024\2008-2024·（陕西）语文高考真题\2017年高考语文试卷（新课标Ⅱ卷）（空白卷）.pdf,papers/2017/语文/全国/新课标全国II卷/2017_语文_陕西_新课标全国II卷_原卷.pdf,2
2017,语文,甘肃,老高考,2024,全国卷,common,新课标全国II卷,present_common,H:\New folder\【新·PDF版】2008-2024·高考语文真题\版本2：语文（按省份分类）2008-2024\2008-2024·（甘肃）语文高考真题\2017年高考语文试卷（新课标Ⅱ卷）（空白卷）(1).pdf,papers/2017/语文/全国/新课标全国II卷/2017_语文_甘肃_新课标全国II卷_原卷.pdf,3
2017,语文,青海,老高考,2025,全国卷,common,新课标全国II卷,present_common,H:\New folder\【新·PDF版】2008-2024·高考语文真题\版本2：语文（按省份分类）2008-2024\2008-2024·（青海）语文高考真题\2017年高考语文试卷（新课标Ⅱ卷）（空白卷）.pdf,papers/2017/语文/全国/新课标全国II卷/2017_语文_青海_新课标全国II卷_原卷.pdf,2
2017,语文,宁夏,老高考,2025,全国卷,common,新课标全国II卷,present_common,H:\New folder\【新·PDF版】2008-2024·高考语文真题\版本2：语文（按省份分类）2008-2024\2008-2024·（宁夏）语文高考真题\2017年高考语文试卷（新课标Ⅱ卷）（空白卷）.pdf,papers/2017/语文/全国/新课标全国II卷/2017_语文_宁夏_新课标全国II卷_原卷.pdf,2
2017,语文,新疆,老高考,,全国卷,common,新课标全国II卷,present_common,H:\New folder\【新·PDF版】2008-2024·高考语文真题\版本2：语文（按省份分类）2008-2024\2008-2024·（新疆）语文高考真题\2017年高考语文试卷（新课标Ⅱ卷）（空白卷）.pdf,papers/2017/语文/全国/新课标全国II卷/2017_语文_新疆_新课标全国II卷_原卷.pdf,2
2017,数学,北京,老高考,2020,地方/区域卷,local,北京卷,present_local,H:\New folder\【新】2008-2024·高考数学真题\【PDF版】2008-2024·高考数学真题\版本2：数学（按省份分类）2008-2024\2008-2024·（北京）数学高考真题\2017年高考数学试卷（文）（北京）（空白卷）.pdf,papers/2017/数学/北京/北京卷/2017_数学_北京_北京卷_原卷.pdf,4
2017,数学,天津,老高考,2020,地方/区域卷,local,天津卷,present_local,H:\New folder\【新】2008-2024·高考数学真题\【PDF版】2008-2024·高考数学真题\版本2：数学（按省份分类）2008-2024\2008-2024·（天津）数学高考真题\2017年高考数学试卷（文）（天津）（空白卷）.pdf,papers/2017/数学/天津/天津卷/2017_数学_天津_天津卷_原卷.pdf,4
2017,数学,河北,老高考,2021,全国卷,common,新课标全国I卷,present_common,H:\New folder\【新】2008-2024·高考数学真题\【PDF版】2008-2024·高考数学真题\版本2：数学（按省份分类）2008-2024\2008-2024·（河北）数学高考真题\2017年高考数学试卷（文）（新课标Ⅰ）（空白卷）.pdf,papers/2017/数学/全国/新课标全国I卷/2017_数学_河北_新课标全国I卷_原卷.pdf,4
2017,数学,山西,老高考,2025,全国卷,common,新课标全国I卷,present_common,H:\New folder\【新】2008-2024·高考数学真题\【PDF版】2008-2024·高考数学真题\版本2：数学（按省份分类）2008-2024\2008-2024·（山西）数学高考真题\2017年高考数学试卷（文）（新课标Ⅰ）（空白卷）.pdf,papers/2017/数学/全国/新课标全国I卷/2017_数学_山西_新课标全国I卷_原卷.pdf,4
2017,数学,内蒙古,老高考,2025,全国卷,common,新课标全国II卷,present_common,H:\New folder\【新】2008-2024·高考数学真题\【PDF版】2008-2024·高考数学真题\版本2：数学（按省份分类）2008-2024\2008-2024·（内蒙古）数学高考真题\2017年高考数学试卷（文）（新课标Ⅱ）（空白卷）.pdf,papers/2017/数学/全国/新课标全国II卷/2017_数学_内蒙古_新课标全国II卷_原卷.pdf,4
2017,数学,辽宁,老高考,2021,全国卷,common,新课标全国II卷,present_common,H:\New folder\【新】2008-2024·高考数学真题\【PDF版】2008-2024·高考数学真题\版本2：数学（按省份分类）2008-2024\2008-2024·（辽宁）数学高考真题\2017年高考数学试卷（文）（新课标Ⅱ）（空白卷）.pdf,papers/2017/数学/全国/新课标全国II卷/2017_数学_辽宁_新课标全国II卷_原卷.pdf,4
2017,数学,吉林,老高考,2024,全国卷,common,新课标全国II卷,present_common,H:\New folder\【新】2008-2024·高考数学真题\【PDF版】2008-2024·高考数学真题\版本2：数学（按省份分类）2008-2024\2008-2024·（吉林）数学高考真题\2017年高考数学试卷（文）（新课标Ⅱ）（空白卷）.pdf,papers/2017/数学/全国/新课标全国II卷/2017_数学_吉林_新课标全国II卷_原卷.pdf,4
2017,数学,黑龙江,老高考,2024,全国卷,common,新课标全国II卷,present_common,H:\New folder\【新】2008-2024·高考数学真题\【PDF版】2008-2024·高考数学真题\版本2：数学（按省份分类）2008-2024\2008-2024·（黑龙江）数学高考真题\2017年高考数学试卷（文）（新课标Ⅱ）（空白卷）.pdf,papers/2017/数学/全国/新课标全国II卷/2017_数学_黑龙江_新课标全国II卷_原卷.pdf,4
2017,数学,江苏,老高考,2021,地方/区域卷,local,江苏卷,present_local,H:\New folder\【新】2008-2024·高考数学真题\【PDF版】2008-2024·高考数学真题\版本2：数学（按省份分类）2008-2024\2008-2024·（江苏）数学高考真题\2017年高考数学试卷（江苏）（空白卷）.pdf,papers/2017/数学/江苏/江苏卷/2017_数学_江苏_江苏卷_原卷.pdf,2
2017,数学,安徽,老高考,2024,全国卷,common,新课标全国I卷,present_common,H:\New folder\【新】2008-2024·高考数学真题\【PDF版】2008-2024·高考数学真题\版本2：数学（按省份分类）2008-2024\2012-2024·（安徽）数学高考真题\2017年高考数学试卷（文）（新课标Ⅰ）（空白卷）.pdf,papers/2017/数学/全国/新课标全国I卷/2017_数学_安徽_新课标全国I卷_原卷.pdf,4
2017,数学,福建,老高考,2021,全国卷,common,新课标全国I卷,present_common,H:\New folder\【新】2008-2024·高考数学真题\【PDF版】2008-2024·高考数学真题\版本2：数学（按省份分类）2008-2024\2012-2024·（福建）数学高考真题\2017年高考数学试卷（文）（新课标Ⅰ）（空白卷）.pdf,papers/2017/数学/全国/新课标全国I卷/2017_数学_福建_新课标全国I卷_原卷.pdf,4
2017,数学,江西,老高考,2024,全国卷,common,新课标全国I卷,present_common,H:\New folder\【新】2008-2024·高考数学真题\【PDF版】2008-2024·高考数学真题\版本2：数学（按省份分类）2008-2024\2008-2024·（江西）数学高考真题\2017年高考数学试卷（文）（新课标Ⅰ）（空白卷）.pdf,papers/2017/数学/全国/新课标全国I卷/2017_数学_江西_新课标全国I卷_原卷.pdf,4
2017,数学,山东,老高考,2020,地方/区域卷,local,山东卷,present_local,H:\New folder\【新】2008-2024·高考数学真题\【PDF版】2008-2024·高考数学真题\版本2：数学（按省份分类）2008-2024\2008-2024·（山东）数学高考真题\2017年高考数学试卷（文）（山东）（空白卷）.pdf,papers/2017/数学/山东/山东卷/2017_数学_山东_山东卷_原卷.pdf,4
2017,数学,河南,老高考,2025,全国卷,common,新课标全国I卷,present_common,H:\New folder\【新】2008-2024·高考数学真题\【PDF版】2008-2024·高考数学真题\版本2：数学（按省份分类）2008-2024\2008-2024·（河南）数学高考真题\2017年高考数学试卷（文）（新课标Ⅰ）（空白卷）.pdf,papers/2017/数学/全国/新课标全国I卷/2017_数学_河南_新课标全国I卷_原卷.pdf,4
2017,数学,湖北,老高考,2021,全国卷,common,新课标全国I卷,present_common,H:\New folder\【新】2008-2024·高考数学真题\【PDF版】2008-2024·高考数学真题\版本2：数学（按省份分类）2008-2024\2012-2024·（湖北）数学高考真题\2017年高考数学试卷（文）（新课标Ⅰ）（空白卷）.pdf,papers/2017/数学/全国/新课标全国I卷/2017_数学_湖北_新课标全国I卷_原卷.pdf,4
2017,数学,湖南,老高考,2021,全国卷,common,新课标全国I卷,present_common,H:\New folder\【新】2008-2024·高考数学真题\【PDF版】2008-2024·高考数学真题\版本2：数学（按省份分类）2008-2024\2008-2024·（湖南）数学高考真题\2017年高考数学试卷（文）（新课标Ⅰ）（空白卷）.pdf,papers/2017/数学/全国/新课标全国I卷/2017_数学_湖南_新课标全国I卷_原卷.pdf,4
2017,数学,广东,老高考,2021,全国卷,common,新课标全国I卷,present_common,H:\New folder\【新】2008-2024·高考数学真题\【PDF版】2008-2024·高考数学真题\版本2：数学（按省份分类）2008-2024\2008-2024·（广东）数学高考真题\2017年高考数学试卷（文）（新课标Ⅰ）（空白卷）.pdf,papers/2017/数学/全国/新课标全国I卷/2017_数学_广东_新课标全国I卷_原卷.pdf,4
2017,数学,广西,老高考,2024,全国卷,common,新课标全国III卷,present_common,H:\New folder\【新】2008-2024·高考数学真题\【PDF版】2008-2024·高考数学真题\版本2：数学（按省份分类）2008-2024\2008-2024·（广西）数学高考真题\2017年高考数学试卷（文）（新课标Ⅲ）（空白卷）.pdf,papers/2017/数学/全国/新课标全国III卷/2017_数学_广西_新课标全国III卷_原卷.pdf,4
2017,数学,海南,老高考,2020,全国卷,common,新课标全国II卷,present_common,H:\New folder\【新】2008-2024·高考数学真题\【PDF版】2008-2024·高考数学真题\版本2：数学（按省份分类）2008-2024\2008-2024·（海南）数学高考真题\2017年高考数学试卷（文）（新课标Ⅱ）（空白卷）.pdf,papers/2017/数学/全国/新课标全国II卷/2017_数学_海南_新课标全国II卷_原卷.pdf,4
2017,数学,重庆,老高考,2021,全国卷,common,新课标全国II卷,present_common,H:\New folder\【新】2008-2024·高考数学真题\【PDF版】2008-2024·高考数学真题\版本2：数学（按省份分类）2008-2024\2012-2024·（重庆）数学高考真题\2017年高考数学试卷（文）（新课标Ⅱ）（空白卷）.pdf,papers/2017/数学/全国/新课标全国II卷/2017_数学_重庆_新课标全国II卷_原卷.pdf,4
2017,数学,四川,老高考,2025,全国卷,common,新课标全国III卷,present_common,H:\New folder\【新】2008-2024·高考数学真题\【PDF版】2008-2024·高考数学真题\版本2：数学（按省份分类）2008-2024\2008-2024·（四川）数学高考真题\2017年高考数学试卷（文）（新课标Ⅲ）（空白卷）.pdf,papers/2017/数学/全国/新课标全国III卷/2017_数学_四川_新课标全国III卷_原卷.pdf,4
2017,数学,贵州,老高考,2024,全国卷,common,新课标全国III卷,present_common,H:\New folder\【新】2008-2024·高考数学真题\【PDF版】2008-2024·高考数学真题\版本2：数学（按省份分类）2008-2024\2008-2024·（贵州）数学高考真题\2017年高考数学试卷（文）（新课标Ⅲ）（空白卷）.pdf,papers/2017/数学/全国/新课标全国III卷/2017_数学_贵州_新课标全国III卷_原卷.pdf,4
2017,数学,云南,老高考,2025,全国卷,common,新课标全国III卷,present_common,H:\New folder\【新】2008-2024·高考数学真题\【PDF版】2008-2024·高考数学真题\版本2：数学（按省份分类）2008-2024\2008-2024·（云南）数学高考真题\2017年高考数学试卷（文）（新课标Ⅲ）（空白卷）.pdf,papers/2017/数学/全国/新课标全国III卷/2017_数学_云南_新课标全国III卷_原卷.pdf,4
2017,数学,西藏,老高考,,全国卷,common,新课标全国II卷,present_common,H:\New folder\【新】2008-2024·高考数学真题\【PDF版】2008-2024·高考数学真题\版本2：数学（按省份分类）2008-2024\2008-2024·（西藏）数学高考真题\2017年高考数学试卷（文）（新课标Ⅱ）（空白卷）.pdf,papers/2017/数学/全国/新课标全国II卷/2017_数学_西藏_新课标全国II卷_原卷.pdf,4
2017,数学,陕西,老高考,2025,全国卷,common,新课标全国II卷,present_common,H:\New folder\【新】2008-2024·高考数学真题\【PDF版】2008-2024·高考数学真题\版本2：数学（按省份分类）2008-2024\2008-2024·（陕西）数学高考真题\2017年高考数学试卷（文）（新课标Ⅱ）（空白卷）.pdf,papers/2017/数学/全国/新课标全国II卷/2017_数学_陕西_新课标全国II卷_原卷.pdf,4
2017,数学,甘肃,老高考,2024,全国卷,common,新课标全国II卷,present_common,H:\New folder\【新】2008-2024·高考数学真题\【PDF版】2008-2024·高考数学真题\版本2：数学（按省份分类）2008-2024\2008-2024·（甘肃）数学高考真题\2017年高考数学试卷（文）（新课标Ⅱ）（空白卷）.pdf,papers/2017/数学/全国/新课标全国II卷/2017_数学_甘肃_新课标全国II卷_原卷.pdf,4
2017,数学,青海,老高考,2025,全国卷,common,新课标全国II卷,present_common,H:\New folder\【新】2008-2024·高考数学真题\【PDF版】2008-2024·高考数学真题\版本2：数学（按省份分类）2008-2024\2008-2024·（青海）数学高考真题\2017年高考数学试卷（文）（新课标Ⅱ）（空白卷）.pdf,papers/2017/数学/全国/新课标全国II卷/2017_数学_青海_新课标全国II卷_原卷.pdf,4
2017,数学,宁夏,老高考,2025,全国卷,common,新课标全国II卷,present_common,H:\New folder\【新】2008-2024·高考数学真题\【PDF版】2008-2024·高考数学真题\版本2：数学（按省份分类）2008-2024\2008-2024·（宁夏）数学高考真题\2017年高考数学试卷（文）（新课标Ⅱ）（空白卷）.pdf,papers/2017/数学/全国/新课标全国II卷/2017_数学_宁夏_新课标全国II卷_原卷.pdf,4
2017,数学,新疆,老高考,,全国卷,common,新课标全国II卷,present_common,H:\New folder\【新】2008-2024·高考数学真题\【PDF版】2008-2024·高考数学真题\版本2：数学（按省份分类）2008-2024\2008-2024·（新疆）数学高考真题\2017年高考数学试卷（文）（新课标Ⅱ）（空白卷）.pdf,papers/2017/数学/全国/新课标全国II卷/2017_数学_新疆_新课标全国II卷_原卷.pdf,4
2017,英语,北京,老高考,2020,地方/区域卷,local,北京卷,present_local,H:\New folder\【新·PDF版】2008-2024·高考英语真题\版本2：英语（按省份分类）2008-2024\2008-2024·（北京）英语高考真题\2017年高考英语试卷（北京）听力音频.mp3,papers/2017/英语/北京/北京卷/2017_英语_北京_北京卷_原卷.mp3,3
2017,英语,天津,老高考,2020,地方/区域卷,local,天津卷,present_local,H:\New folder\【新·PDF版】2008-2024·高考英语真题\版本2：英语（按省份分类）2008-2024\2008-2023·（天津）英语高考真题\2017年高考英语试卷（天津）（空白卷）.pdf,papers/2017/英语/天津/天津卷/2017_英语_天津_天津卷_原卷.pdf,2
2017,英语,河北,老高考,2021,全国卷,common,新课标全国I卷,present_common,H:\New folder\【新·PDF版】2008-2024·高考英语真题\版本2：英语（按省份分类）2008-2024\2008-2024·（河北）英语高考真题\2017年高考英语试卷（新课标Ⅰ卷）听力音频.mp3,papers/2017/英语/全国/新课标全国I卷/2017_英语_河北_新课标全国I卷_原卷.mp3,3
2017,英语,山西,老高考,2025,全国卷,common,新课标全国I卷,present_common,H:\New folder\【新·PDF版】2008-2024·高考英语真题\版本2：英语（按省份分类）2008-2024\2008-2024·（山西）英语高考真题\2017年高考英语试卷（新课标Ⅰ卷）听力音频.mp3,papers/2017/英语/全国/新课标全国I卷/2017_英语_山西_新课标全国I卷_原卷.mp3,3
2017,英语,内蒙古,老高考,2025,全国卷,common,新课标全国II卷,present_common,H:\New folder\【新·PDF版】2008-2024·高考英语真题\版本2：英语（按省份分类）2008-2024\2008-2024·（内蒙古）英语高考真题\2017年高考英语试卷（新课标Ⅱ卷）听力音频.mp3,papers/2017/英语/全国/新课标全国II卷/2017_英语_内蒙古_新课标全国II卷_原卷.mp3,3
2017,英语,辽宁,老高考,2021,全国卷,common,新课标全国II卷,present_common,H:\New folder\【新·PDF版】2008-2024·高考英语真题\版本2：英语（按省份分类）2008-2024\2012-2024·（辽宁）英语高考真题\2017年高考英语试卷（新课标Ⅱ卷）听力音频.mp3,papers/2017/英语/全国/新课标全国II卷/2017_英语_辽宁_新课标全国II卷_原卷.mp3,3
2017,英语,吉林,老高考,2024,全国卷,common,新课标全国II卷,present_common,H:\New folder\【新·PDF版】2008-2024·高考英语真题\版本2：英语（按省份分类）2008-2024\2008-2024·（吉林）英语高考真题\2017年高考英语试卷（新课标Ⅱ卷）听力音频.mp3,papers/2017/英语/全国/新课标全国II卷/2017_英语_吉林_新课标全国II卷_原卷.mp3,3
2017,英语,黑龙江,老高考,2024,全国卷,common,新课标全国II卷,present_common,H:\New folder\【新·PDF版】2008-2024·高考英语真题\版本2：英语（按省份分类）2008-2024\2008-2024·（黑龙江）英语高考真题\2017年高考英语试卷（新课标Ⅱ卷）听力音频.mp3,papers/2017/英语/全国/新课标全国II卷/2017_英语_黑龙江_新课标全国II卷_原卷.mp3,3
2017,英语,江苏,老高考,2021,地方/区域卷,local,江苏卷,present_local,H:\New folder\【新·PDF版】2008-2024·高考英语真题\版本2：英语（按省份分类）2008-2024\2008-2024·（江苏）英语高考真题\2017年高考英语试卷（江苏）听力音频.mp3,papers/2017/英语/江苏/江苏卷/2017_英语_江苏_江苏卷_原卷.mp3,3
2017,英语,安徽,老高考,2024,全国卷,common,新课标全国I卷,present_common,H:\New folder\【新·PDF版】2008-2024·高考英语真题\版本2：英语（按省份分类）2008-2024\2012-2024·（安徽）英语高考真题\2017年高考英语试卷（新课标Ⅰ卷）听力音频.mp3,papers/2017/英语/全国/新课标全国I卷/2017_英语_安徽_新课标全国I卷_原卷.mp3,3
2017,英语,福建,老高考,2021,全国卷,common,新课标全国I卷,present_common,H:\New folder\【新·PDF版】2008-2024·高考英语真题\版本2：英语（按省份分类）2008-2024\2012-2024·（福建）英语高考真题\2017年高考英语试卷（新课标Ⅰ卷）听力音频.mp3,papers/2017/英语/全国/新课标全国I卷/2017_英语_福建_新课标全国I卷_原卷.mp3,3
2017,英语,江西,老高考,2024,全国卷,common,新课标全国I卷,present_common,H:\New folder\【新·PDF版】2008-2024·高考英语真题\版本2：英语（按省份分类）2008-2024\2012-2024·（江西）英语高考真题\2017年高考英语试卷（新课标Ⅰ卷）听力音频.mp3,papers/2017/英语/全国/新课标全国I卷/2017_英语_江西_新课标全国I卷_原卷.mp3,3
2017,英语,山东,老高考,2020,全国卷,common,新课标全国I卷,present_common,H:\New folder\【新·PDF版】2008-2024·高考英语真题\版本2：英语（按省份分类）2008-2024\2008-2024·（山东）英语高考真题\2017年高考英语试卷（新课标Ⅰ卷）听力音频.mp3,papers/2017/英语/全国/新课标全国I卷/2017_英语_山东_新课标全国I卷_原卷.mp3,3
2017,英语,河南,老高考,2025,全国卷,common,新课标全国I卷,present_common,H:\New folder\【新·PDF版】2008-2024·高考英语真题\版本2：英语（按省份分类）2008-2024\2008-2024·（河南）英语高考真题\2017年高考英语试卷（新课标Ⅰ卷）听力音频.mp3,papers/2017/英语/全国/新课标全国I卷/2017_英语_河南_新课标全国I卷_原卷.mp3,3
2017,英语,湖北,老高考,2021,全国卷,common,新课标全国I卷,present_common,H:\New folder\【新·PDF版】2008-2024·高考英语真题\版本2：英语（按省份分类）2008-2024\2012-2024·（湖北）英语高考真题\2017年高考英语试卷（新课标Ⅰ卷）听力音频.mp3,papers/2017/英语/全国/新课标全国I卷/2017_英语_湖北_新课标全国I卷_原卷.mp3,3
2017,英语,湖南,老高考,2021,全国卷,common,新课标全国I卷,present_common,H:\New folder\【新·PDF版】2008-2024·高考英语真题\版本2：英语（按省份分类）2008-2024\2008-2024·（湖南）英语高考真题\2017年高考英语试卷（新课标Ⅰ卷）听力音频.mp3,papers/2017/英语/全国/新课标全国I卷/2017_英语_湖南_新课标全国I卷_原卷.mp3,3
2017,英语,广东,老高考,2021,全国卷,common,新课标全国I卷,present_common,H:\New folder\【新·PDF版】2008-2024·高考英语真题\版本2：英语（按省份分类）2008-2024\2008-2024·（广东）英语高考真题\2017年高考英语试卷（新课标Ⅰ卷）听力音频.mp3,papers/2017/英语/全国/新课标全国I卷/2017_英语_广东_新课标全国I卷_原卷.mp3,3
2017,英语,广西,老高考,2024,全国卷,common,新课标全国III卷,present_common,H:\New folder\【新·PDF版】2008-2024·高考英语真题\版本2：英语（按省份分类）2008-2024\2008-2024·（广西）英语高考真题\2017年高考英语试卷（新课标Ⅲ卷）听力音频.mp3,papers/2017/英语/全国/新课标全国III卷/2017_英语_广西_新课标全国III卷_原卷.mp3,3
2017,英语,海南,老高考,2020,全国卷,common,新课标全国II卷,present_common,H:\New folder\【新·PDF版】2008-2024·高考英语真题\版本2：英语（按省份分类）2008-2024\2008-2024·（海南）英语高考真题\2017年高考英语试卷（新课标Ⅱ卷）听力音频.mp3,papers/2017/英语/全国/新课标全国II卷/2017_英语_海南_新课标全国II卷_原卷.mp3,3
2017,英语,重庆,老高考,2021,全国卷,common,新课标全国II卷,present_common,H:\New folder\【新·PDF版】2008-2024·高考英语真题\版本2：英语（按省份分类）2008-2024\2012-2024·（重庆）英语高考真题\2017年高考英语试卷（新课标Ⅱ卷）听力音频.mp3,papers/2017/英语/全国/新课标全国II卷/2017_英语_重庆_新课标全国II卷_原卷.mp3,3
2017,英语,四川,老高考,2025,全国卷,common,新课标全国III卷,present_common,H:\New folder\【新·PDF版】2008-2024·高考英语真题\版本2：英语（按省份分类）2008-2024\2008-2024·（四川）英语高考真题\2017年高考英语试卷（新课标Ⅲ卷）听力音频.mp3,papers/2017/英语/全国/新课标全国III卷/2017_英语_四川_新课标全国III卷_原卷.mp3,3
2017,英语,贵州,老高考,2024,全国卷,common,新课标全国III卷,present_common,H:\New folder\【新·PDF版】2008-2024·高考英语真题\版本2：英语（按省份分类）2008-2024\2008-2024·（贵州）英语高考真题\2017年高考英语试卷（新课标Ⅲ卷）听力音频.mp3,papers/2017/英语/全国/新课标全国III卷/2017_英语_贵州_新课标全国III卷_原卷.mp3,3
2017,英语,云南,老高考,2025,全国卷,common,新课标全国III卷,present_common,H:\New folder\【新·PDF版】2008-2024·高考英语真题\版本2：英语（按省份分类）2008-2024\2008-2024·（云南）英语高考真题\2017年高考英语试卷（新课标Ⅲ卷）听力音频.mp3,papers/2017/英语/全国/新课标全国III卷/2017_英语_云南_新课标全国III卷_原卷.mp3,3
2017,英语,西藏,老高考,,全国卷,common,新课标全国II卷,present_common,H:\New folder\【新·PDF版】2008-2024·高考英语真题\版本2：英语（按省份分类）2008-2024\2008-2024·（西藏）英语高考真题\2017年高考英语试卷（新课标Ⅱ卷）听力音频.mp3,papers/2017/英语/全国/新课标全国II卷/2017_英语_西藏_新课标全国II卷_原卷.mp3,3
2017,英语,陕西,老高考,2025,全国卷,common,新课标全国II卷,present_common,H:\New folder\【新·PDF版】2008-2024·高考英语真题\版本2：英语（按省份分类）2008-2024\2008-2024·（陕西）英语高考真题\2017年高考英语试卷（新课标Ⅱ卷）听力音频.mp3,papers/2017/英语/全国/新课标全国II卷/2017_英语_陕西_新课标全国II卷_原卷.mp3,3
2017,英语,甘肃,老高考,2024,全国卷,common,新课标全国II卷,present_common,H:\New folder\【新·PDF版】2008-2024·高考英语真题\版本2：英语（按省份分类）2008-2024\2008-2024·（甘肃）英语高考真题\2017年高考英语试卷（新课标Ⅱ卷）听力音频.mp3,papers/2017/英语/全国/新课标全国II卷/2017_英语_甘肃_新课标全国II卷_原卷.mp3,3
2017,英语,青海,老高考,2025,全国卷,common,新课标全国II卷,present_common,H:\New folder\【新·PDF版】2008-2024·高考英语真题\版本2：英语（按省份分类）2008-2024\2008-2024·（青海）英语高考真题\2017年高考英语试卷（新课标Ⅱ卷）听力音频.mp3,papers/2017/英语/全国/新课标全国II卷/2017_英语_青海_新课标全国II卷_原卷.mp3,3
2017,英语,宁夏,老高考,2025,全国卷,common,新课标全国II卷,present_common,H:\New folder\【新·PDF版】2008-2024·高考英语真题\版本2：英语（按省份分类）2008-2024\2008-2024·（宁夏）英语高考真题\2017年高考英语试卷（新课标Ⅱ卷）听力音频.mp3,papers/2017/英语/全国/新课标全国II卷/2017_英语_宁夏_新课标全国II卷_原卷.mp3,3
2017,英语,新疆,老高考,,全国卷,common,新课标全国II卷,present_common,H:\New folder\【新·PDF版】2008-2024·高考英语真题\版本2：英语（按省份分类）2008-2024\2008-2024·（新疆）英语高考真题\2017年高考英语试卷（新课标Ⅱ卷）听力音频.mp3,papers/2017/英语/全国/新课标全国II卷/2017_英语_新疆_新课标全国II卷_原卷.mp3,3
2017,物理,北京,老高考,2020,地方/区域卷,local,北京卷,present_local,H:\New folder\【新·PDF版】2008-2024·高考物理真题\版本2：物理（按省份分类）2008-2024\2008-2024·（北京）物理高考真题\2017年高考物理试卷（北京）（空白卷）.pdf,papers/2017/物理/北京/北京卷/2017_物理_北京_北京卷_原卷.pdf,2
2017,物理,天津,老高考,2020,地方/区域卷,local,天津卷,present_local,H:\New folder\【新·PDF版】2008-2024·高考物理真题\版本2：物理（按省份分类）2008-2024\2008-2023·（天津）物理高考真题\2017年高考物理试卷（天津）（空白卷）.pdf,papers/2017/物理/天津/天津卷/2017_物理_天津_天津卷_原卷.pdf,2
2017,物理,河北,老高考,2021,全国卷,common,新课标全国I卷,present_common,H:\New folder\【新·PDF版】2008-2024·高考物理真题\版本2：物理（按省份分类）2008-2024\2008-2024·（河北）物理高考真题\2017年高考物理试卷（新课标Ⅰ）（空白卷）.pdf,papers/2017/物理/全国/新课标全国I卷/2017_物理_河北_新课标全国I卷_原卷.pdf,2
2017,物理,山西,老高考,2025,全国卷,common,新课标全国I卷,present_common,H:\New folder\【新·PDF版】2008-2024·高考物理真题\版本2：物理（按省份分类）2008-2024\2008-2024·（山西）物理高考真题\2017年高考物理试卷（新课标Ⅰ）（空白卷）.pdf,papers/2017/物理/全国/新课标全国I卷/2017_物理_山西_新课标全国I卷_原卷.pdf,2
2017,物理,内蒙古,老高考,2025,全国卷,common,新课标全国II卷,present_common,H:\New folder\【新·PDF版】2008-2024·高考物理真题\版本2：物理（按省份分类）2008-2024\2008-2024·（内蒙古）物理高考真题\2017年高考物理试卷（新课标Ⅱ）（空白卷）.pdf,papers/2017/物理/全国/新课标全国II卷/2017_物理_内蒙古_新课标全国II卷_原卷.pdf,2
2017,物理,辽宁,老高考,2021,全国卷,common,新课标全国II卷,present_common,H:\New folder\【新·PDF版】2008-2024·高考物理真题\版本2：物理（按省份分类）2008-2024\2010-2024·（辽宁）物理高考真题\2017年高考物理试卷（新课标Ⅱ）（空白卷）.pdf,papers/2017/物理/全国/新课标全国II卷/2017_物理_辽宁_新课标全国II卷_原卷.pdf,2
2017,物理,吉林,老高考,2024,全国卷,common,新课标全国II卷,present_common,H:\New folder\【新·PDF版】2008-2024·高考物理真题\版本2：物理（按省份分类）2008-2024\2008-2024·（吉林）物理高考真题\2017年高考物理试卷（新课标Ⅱ）（空白卷）.pdf,papers/2017/物理/全国/新课标全国II卷/2017_物理_吉林_新课标全国II卷_原卷.pdf,2
2017,物理,黑龙江,老高考,2024,全国卷,common,新课标全国II卷,present_common,H:\New folder\【新·PDF版】2008-2024·高考物理真题\版本2：物理（按省份分类）2008-2024\2008-2024·（黑龙江）物理高考真题\2017年高考物理试卷（新课标Ⅱ）（空白卷）.pdf,papers/2017/物理/全国/新课标全国II卷/2017_物理_黑龙江_新课标全国II卷_原卷.pdf,2
2017,物理,江苏,老高考,2021,地方/区域卷,local,江苏卷,present_local,H:\New folder\【新·PDF版】2008-2024·高考物理真题\版本2：物理（按省份分类）2008-2024\2008-2024·（江苏）物理高考真题\2017年高考物理试卷（江苏）（空白卷）.pdf,papers/2017/物理/江苏/江苏卷/2017_物理_江苏_江苏卷_原卷.pdf,2
2017,物理,安徽,老高考,2024,全国卷,common,新课标全国I卷,present_common,H:\New folder\【新·PDF版】2008-2024·高考物理真题\版本2：物理（按省份分类）2008-2024\2012-2024·（安徽）物理高考真题\2017年高考物理试卷（新课标Ⅰ）（空白卷）.pdf,papers/2017/物理/全国/新课标全国I卷/2017_物理_安徽_新课标全国I卷_原卷.pdf,2
2017,物理,福建,老高考,2021,全国卷,common,新课标全国I卷,present_common,H:\New folder\【新·PDF版】2008-2024·高考物理真题\版本2：物理（按省份分类）2008-2024\2012-2023·（福建）物理高考真题\2017年高考物理试卷（新课标Ⅰ）（空白卷）.pdf,papers/2017/物理/全国/新课标全国I卷/2017_物理_福建_新课标全国I卷_原卷.pdf,2
2017,物理,江西,老高考,2024,全国卷,common,新课标全国I卷,present_common,H:\New folder\【新·PDF版】2008-2024·高考物理真题\版本2：物理（按省份分类）2008-2024\2008-2024·（江西）物理高考真题\2017年高考物理试卷（新课标Ⅰ）（空白卷）.pdf,papers/2017/物理/全国/新课标全国I卷/2017_物理_江西_新课标全国I卷_原卷.pdf,2
2017,物理,山东,老高考,2020,全国卷,common,新课标全国I卷,present_common,H:\New folder\【新·PDF版】2008-2024·高考物理真题\版本2：物理（按省份分类）2008-2024\2008-2024·（山东）物理高考真题\2017年高考物理试卷（新课标Ⅰ）（空白卷）.pdf,papers/2017/物理/全国/新课标全国I卷/2017_物理_山东_新课标全国I卷_原卷.pdf,2
2017,物理,河南,老高考,2025,全国卷,common,新课标全国I卷,present_common,H:\New folder\【新·PDF版】2008-2024·高考物理真题\版本2：物理（按省份分类）2008-2024\2008-2024·（河南）物理高考真题\2017年高考物理试卷（新课标Ⅰ）（空白卷）.pdf,papers/2017/物理/全国/新课标全国I卷/2017_物理_河南_新课标全国I卷_原卷.pdf,2
2017,物理,湖北,老高考,2021,全国卷,common,新课标全国I卷,present_common,H:\New folder\【新·PDF版】2008-2024·高考物理真题\版本2：物理（按省份分类）2008-2024\2008-2024·（湖北）物理高考真题\2017年高考物理试卷（新课标Ⅰ）（空白卷）.pdf,papers/2017/物理/全国/新课标全国I卷/2017_物理_湖北_新课标全国I卷_原卷.pdf,2
2017,物理,湖南,老高考,2021,全国卷,common,新课标全国I卷,present_common,H:\New folder\【新·PDF版】2008-2024·高考物理真题\版本2：物理（按省份分类）2008-2024\2008-2024·（湖南）物理高考真题\2017年高考物理试卷（新课标Ⅰ）（空白卷）.pdf,papers/2017/物理/全国/新课标全国I卷/2017_物理_湖南_新课标全国I卷_原卷.pdf,2
2017,物理,广东,老高考,2021,全国卷,common,新课标全国I卷,present_common,H:\New folder\【新·PDF版】2008-2024·高考物理真题\版本2：物理（按省份分类）2008-2024\2008-2024·（广东）物理高考真题\2017年高考物理试卷（新课标Ⅰ）（空白卷）.pdf,papers/2017/物理/全国/新课标全国I卷/2017_物理_广东_新课标全国I卷_原卷.pdf,2
2017,物理,广西,老高考,2024,全国卷,common,新课标全国III卷,present_common,H:\New folder\【新·PDF版】2008-2024·高考物理真题\版本2：物理（按省份分类）2008-2024\2008-2024·（广西）物理高考真题\2017年高考物理试卷（新课标Ⅲ）（空白卷）.pdf,papers/2017/物理/全国/新课标全国III卷/2017_物理_广西_新课标全国III卷_原卷.pdf,2
2017,物理,海南,老高考,2020,地方/区域卷,local,海南卷,present_local,H:\New folder\【新·PDF版】2008-2024·高考物理真题\版本2：物理（按省份分类）2008-2024\2008-2024·（海南）物理高考真题\2017年高考物理试卷（海南）（空白卷）.pdf,papers/2017/物理/海南/海南卷/2017_物理_海南_海南卷_原卷.pdf,2
2017,物理,重庆,老高考,2021,全国卷,common,新课标全国II卷,present_common,H:\New folder\【新·PDF版】2008-2024·高考物理真题\版本2：物理（按省份分类）2008-2024\2012-2023·（重庆）物理高考真题\2017年高考物理试卷（新课标Ⅱ）（空白卷）.pdf,papers/2017/物理/全国/新课标全国II卷/2017_物理_重庆_新课标全国II卷_原卷.pdf,2
2017,物理,四川,老高考,2025,全国卷,common,新课标全国III卷,present_common,H:\New folder\【新·PDF版】2008-2024·高考物理真题\版本2：物理（按省份分类）2008-2024\2008-2024·（四川）物理高考真题\2017年高考物理试卷（新课标Ⅲ）（空白卷）.pdf,papers/2017/物理/全国/新课标全国III卷/2017_物理_四川_新课标全国III卷_原卷.pdf,2
2017,物理,贵州,老高考,2024,全国卷,common,新课标全国III卷,present_common,H:\New folder\【新·PDF版】2008-2024·高考物理真题\版本2：物理（按省份分类）2008-2024\2008-2023·（贵州）物理高考真题\2017年高考物理试卷（新课标Ⅲ）（空白卷）.pdf,papers/2017/物理/全国/新课标全国III卷/2017_物理_贵州_新课标全国III卷_原卷.pdf,2
2017,物理,云南,老高考,2025,全国卷,common,新课标全国III卷,present_common,H:\New folder\【新·PDF版】2008-2024·高考物理真题\版本2：物理（按省份分类）2008-2024\2008-2024·（云南）物理高考真题\2017年高考物理试卷（新课标Ⅲ）（空白卷）.pdf,papers/2017/物理/全国/新课标全国III卷/2017_物理_云南_新课标全国III卷_原卷.pdf,2
2017,物理,西藏,老高考,,全国卷,common,新课标全国II卷,present_common,H:\New folder\【新·PDF版】2008-2024·高考物理真题\版本2：物理（按省份分类）2008-2024\2008-2024·（西藏）物理高考真题\2017年高考物理试卷（新课标Ⅱ）（空白卷）.pdf,papers/2017/物理/全国/新课标全国II卷/2017_物理_西藏_新课标全国II卷_原卷.pdf,2
2017,物理,陕西,老高考,2025,全国卷,common,新课标全国II卷,present_common,H:\New folder\【新·PDF版】2008-2024·高考物理真题\版本2：物理（按省份分类）2008-2024\2008-2024·（陕西）物理高考真题\2017年高考物理试卷（新课标Ⅱ）（空白卷）.pdf,papers/2017/物理/全国/新课标全国II卷/2017_物理_陕西_新课标全国II卷_原卷.pdf,2
2017,物理,甘肃,老高考,2024,全国卷,common,新课标全国II卷,present_common,H:\New folder\【新·PDF版】2008-2024·高考物理真题\版本2：物理（按省份分类）2008-2024\2008-2024·（甘肃）物理高考真题\2017年高考物理试卷（新课标Ⅱ）（空白卷）.pdf,papers/2017/物理/全国/新课标全国II卷/2017_物理_甘肃_新课标全国II卷_原卷.pdf,2
2017,物理,青海,老高考,2025,全国卷,common,新课标全国II卷,present_common,H:\New folder\【新·PDF版】2008-2024·高考物理真题\版本2：物理（按省份分类）2008-2024\2008-2024·（青海）物理高考真题\2017年高考物理试卷（新课标Ⅱ）（空白卷）.pdf,papers/2017/物理/全国/新课标全国II卷/2017_物理_青海_新课标全国II卷_原卷.pdf,2
2017,物理,宁夏,老高考,2025,全国卷,common,新课标全国II卷,present_common,H:\New folder\【新·PDF版】2008-2024·高考物理真题\版本2：物理（按省份分类）2008-2024\2010-2024·（宁夏）物理高考真题\2017年高考物理试卷（新课标Ⅱ）（空白卷）.pdf,papers/2017/物理/全国/新课标全国II卷/2017_物理_宁夏_新课标全国II卷_原卷.pdf,2
2017,物理,新疆,老高考,,全国卷,common,新课标全国II卷,present_common,H:\New folder\【新·PDF版】2008-2024·高考物理真题\版本2：物理（按省份分类）2008-2024\2008-2024·（新疆）物理高考真题\2017年高考物理试卷（新课标Ⅱ）（空白卷）.pdf,papers/2017/物理/全国/新课标全国II卷/2017_物理_新疆_新课标全国II卷_原卷.pdf,2
2017,化学,北京,老高考,2020,地方/区域卷,local,北京卷,present_local,H:\New folder\【新·PDF版】2008-2024·高考化学真题\版本2：化学（按省份分类）2008-2024\2008-2024·（北京）化学高考真题\2017年高考化学试卷（北京）（空白卷）.pdf,papers/2017/化学/北京/北京卷/2017_化学_北京_北京卷_原卷.pdf,2
2017,化学,天津,老高考,2020,地方/区域卷,local,天津卷,present_local,H:\New folder\【新·PDF版】2008-2024·高考化学真题\版本2：化学（按省份分类）2008-2024\2008-2023·（天津）化学高考真题\2017年高考化学试卷（天津）（空白卷）.pdf,papers/2017/化学/天津/天津卷/2017_化学_天津_天津卷_原卷.pdf,2
2017,化学,河北,老高考,2021,全国卷,common,新课标全国I卷,present_common,H:\New folder\【新·PDF版】2008-2024·高考化学真题\版本2：化学（按省份分类）2008-2024\2008-2024·（河北）化学高考真题\2017年高考化学试卷（新课标Ⅰ）（空白卷）.pdf,papers/2017/化学/全国/新课标全国I卷/2017_化学_河北_新课标全国I卷_原卷.pdf,2
2017,化学,山西,老高考,2025,全国卷,common,新课标全国I卷,present_common,H:\New folder\【新·PDF版】2008-2024·高考化学真题\版本2：化学（按省份分类）2008-2024\2008-2024·（山西）化学高考真题\2017年高考化学试卷（新课标Ⅰ）（空白卷）.pdf,papers/2017/化学/全国/新课标全国I卷/2017_化学_山西_新课标全国I卷_原卷.pdf,2
2017,化学,内蒙古,老高考,2025,全国卷,common,新课标全国II卷,present_common,H:\New folder\【新·PDF版】2008-2024·高考化学真题\版本2：化学（按省份分类）2008-2024\2008-2024·（内蒙古）化学高考真题\2017年高考化学试卷（新课标Ⅱ）（空白卷）.pdf,papers/2017/化学/全国/新课标全国II卷/2017_化学_内蒙古_新课标全国II卷_原卷.pdf,2
2017,化学,辽宁,老高考,2021,全国卷,common,新课标全国II卷,present_common,H:\New folder\【新·PDF版】2008-2024·高考化学真题\版本2：化学（按省份分类）2008-2024\2010-2024·（辽宁）化学高考真题\2017年高考化学试卷（新课标Ⅱ）（空白卷）.pdf,papers/2017/化学/全国/新课标全国II卷/2017_化学_辽宁_新课标全国II卷_原卷.pdf,2
2017,化学,吉林,老高考,2024,全国卷,common,新课标全国II卷,present_common,H:\New folder\【新·PDF版】2008-2024·高考化学真题\版本2：化学（按省份分类）2008-2024\2008-2024·（吉林）化学高考真题\2017年高考化学试卷（新课标Ⅱ）（空白卷）.pdf,papers/2017/化学/全国/新课标全国II卷/2017_化学_吉林_新课标全国II卷_原卷.pdf,2
2017,化学,黑龙江,老高考,2024,全国卷,common,新课标全国II卷,present_common,H:\New folder\【新·PDF版】2008-2024·高考化学真题\版本2：化学（按省份分类）2008-2024\2008-2024·（黑龙江）化学高考真题\2017年高考化学试卷（新课标Ⅱ）（空白卷）.pdf,papers/2017/化学/全国/新课标全国II卷/2017_化学_黑龙江_新课标全国II卷_原卷.pdf,2
2017,化学,江苏,老高考,2021,地方/区域卷,local,江苏卷,present_local,H:\New folder\【新·PDF版】2008-2024·高考化学真题\版本2：化学（按省份分类）2008-2024\2008-2024·（江苏）化学高考真题\2017年高考化学试卷（江苏）（空白卷）   .pdf,papers/2017/化学/江苏/江苏卷/2017_化学_江苏_江苏卷_原卷.pdf,2
2017,化学,安徽,老高考,2024,全国卷,common,新课标全国I卷,present_common,H:\New folder\【新·PDF版】2008-2024·高考化学真题\版本2：化学（按省份分类）2008-2024\2012-2024·（安徽）化学高考真题\2017年高考化学试卷（新课标Ⅰ）（空白卷）.pdf,papers/2017/化学/全国/新课标全国I卷/2017_化学_安徽_新课标全国I卷_原卷.pdf,2
2017,化学,福建,老高考,2021,全国卷,common,新课标全国I卷,present_common,H:\New folder\【新·PDF版】2008-2024·高考化学真题\版本2：化学（按省份分类）2008-2024\2012-2023·（福建）化学高考真题\2017年高考化学试卷（新课标Ⅰ）（空白卷）.pdf,papers/2017/化学/全国/新课标全国I卷/2017_化学_福建_新课标全国I卷_原卷.pdf,2
2017,化学,江西,老高考,2024,全国卷,common,新课标全国I卷,present_common,H:\New folder\【新·PDF版】2008-2024·高考化学真题\版本2：化学（按省份分类）2008-2024\2008-2023·（江西）化学高考真题\2017年高考化学试卷（新课标Ⅰ）（空白卷）.pdf,papers/2017/化学/全国/新课标全国I卷/2017_化学_江西_新课标全国I卷_原卷.pdf,2
2017,化学,山东,老高考,2020,全国卷,common,新课标全国I卷,present_common,H:\New folder\【新·PDF版】2008-2024·高考化学真题\版本2：化学（按省份分类）2008-2024\2008-2024·（山东）化学高考真题\2017年高考化学试卷（新课标Ⅰ）（空白卷）.pdf,papers/2017/化学/全国/新课标全国I卷/2017_化学_山东_新课标全国I卷_原卷.pdf,2
2017,化学,河南,老高考,2025,全国卷,common,新课标全国I卷,present_common,H:\New folder\【新·PDF版】2008-2024·高考化学真题\版本2：化学（按省份分类）2008-2024\2008-2024·（河南）化学高考真题\2017年高考化学试卷（新课标Ⅰ）（空白卷）.pdf,papers/2017/化学/全国/新课标全国I卷/2017_化学_河南_新课标全国I卷_原卷.pdf,2
2017,化学,湖北,老高考,2021,全国卷,common,新课标全国I卷,present_common,H:\New folder\【新·PDF版】2008-2024·高考化学真题\版本2：化学（按省份分类）2008-2024\2008-2024·（湖北）化学高考真题\2017年高考化学试卷（新课标Ⅰ）（空白卷）.pdf,papers/2017/化学/全国/新课标全国I卷/2017_化学_湖北_新课标全国I卷_原卷.pdf,2
2017,化学,湖南,老高考,2021,全国卷,common,新课标全国I卷,present_common,H:\New folder\【新·PDF版】2008-2024·高考化学真题\版本2：化学（按省份分类）2008-2024\2008-2024·（湖南）化学高考真题\2017年高考化学试卷（新课标Ⅰ）（空白卷）.pdf,papers/2017/化学/全国/新课标全国I卷/2017_化学_湖南_新课标全国I卷_原卷.pdf,2
2017,化学,广东,老高考,2021,全国卷,common,新课标全国I卷,present_common,H:\New folder\【新·PDF版】2008-2024·高考化学真题\版本2：化学（按省份分类）2008-2024\2008-2024·（广东）化学高考真题\2017年高考化学试卷（新课标Ⅰ）（空白卷）.pdf,papers/2017/化学/全国/新课标全国I卷/2017_化学_广东_新课标全国I卷_原卷.pdf,2
2017,化学,广西,老高考,2024,全国卷,common,新课标全国III卷,present_common,H:\New folder\【新·PDF版】2008-2024·高考化学真题\版本2：化学（按省份分类）2008-2024\2008-2023·（广西）化学高考真题\2017年高考化学试卷（新课标Ⅲ）（空白卷）.pdf,papers/2017/化学/全国/新课标全国III卷/2017_化学_广西_新课标全国III卷_原卷.pdf,2
2017,化学,海南,老高考,2020,地方/区域卷,local,海南卷,present_local,H:\New folder\【新·PDF版】2008-2024·高考化学真题\版本2：化学（按省份分类）2008-2024\2008-2023·（海南）化学高考真题\2017年高考化学试卷（海南）（空白卷）.pdf,papers/2017/化学/海南/海南卷/2017_化学_海南_海南卷_原卷.pdf,2
2017,化学,重庆,老高考,2021,全国卷,common,新课标全国II卷,present_common,H:\New folder\【新·PDF版】2008-2024·高考化学真题\版本2：化学（按省份分类）2008-2024\2012-2023·（重庆）化学高考真题\2017年高考化学试卷（新课标Ⅱ）（空白卷）.pdf,papers/2017/化学/全国/新课标全国II卷/2017_化学_重庆_新课标全国II卷_原卷.pdf,2
2017,化学,四川,老高考,2025,全国卷,common,新课标全国III卷,present_common,H:\New folder\【新·PDF版】2008-2024·高考化学真题\版本2：化学（按省份分类）2008-2024\2008-2024·（四川）化学高考真题\2017年高考化学试卷（新课标Ⅲ）（空白卷）.pdf,papers/2017/化学/全国/新课标全国III卷/2017_化学_四川_新课标全国III卷_原卷.pdf,2
2017,化学,贵州,老高考,2024,全国卷,common,新课标全国III卷,present_common,H:\New folder\【新·PDF版】2008-2024·高考化学真题\版本2：化学（按省份分类）2008-2024\2008-2023·（贵州）化学高考真题\2017年高考化学试卷（新课标Ⅲ）（空白卷）.pdf,papers/2017/化学/全国/新课标全国III卷/2017_化学_贵州_新课标全国III卷_原卷.pdf,2
2017,化学,云南,老高考,2025,全国卷,common,新课标全国III卷,present_common,H:\New folder\【新·PDF版】2008-2024·高考化学真题\版本2：化学（按省份分类）2008-2024\2008-2024·（云南）化学高考真题\2017年高考化学试卷（新课标Ⅲ）（空白卷）.pdf,papers/2017/化学/全国/新课标全国III卷/2017_化学_云南_新课标全国III卷_原卷.pdf,2
2017,化学,西藏,老高考,,全国卷,common,新课标全国II卷,present_common,H:\New folder\【新·PDF版】2008-2024·高考化学真题\版本2：化学（按省份分类）2008-2024\2008-2024·（西藏）化学高考真题\2017年高考化学试卷（新课标Ⅱ）（空白卷）.pdf,papers/2017/化学/全国/新课标全国II卷/2017_化学_西藏_新课标全国II卷_原卷.pdf,2
2017,化学,陕西,老高考,2025,全国卷,common,新课标全国II卷,present_common,H:\New folder\【新·PDF版】2008-2024·高考化学真题\版本2：化学（按省份分类）2008-2024\2008-2024·（陕西）化学高考真题\2017年高考化学试卷（新课标Ⅱ）（空白卷）.pdf,papers/2017/化学/全国/新课标全国II卷/2017_化学_陕西_新课标全国II卷_原卷.pdf,2
2017,化学,甘肃,老高考,2024,全国卷,common,新课标全国II卷,present_common,H:\New folder\【新·PDF版】2008-2024·高考化学真题\版本2：化学（按省份分类）2008-2024\2008-2024·（甘肃）化学高考真题\2017年高考化学试卷（新课标Ⅱ）（空白卷）.pdf,papers/2017/化学/全国/新课标全国II卷/2017_化学_甘肃_新课标全国II卷_原卷.pdf,2
2017,化学,青海,老高考,2025,全国卷,common,新课标全国II卷,present_common,H:\New folder\【新·PDF版】2008-2024·高考化学真题\版本2：化学（按省份分类）2008-2024\2008-2024·（青海）化学高考真题\2017年高考化学试卷（新课标Ⅱ）（空白卷）.pdf,papers/2017/化学/全国/新课标全国II卷/2017_化学_青海_新课标全国II卷_原卷.pdf,2
2017,化学,宁夏,老高考,2025,全国卷,common,新课标全国II卷,present_common,H:\New folder\【新·PDF版】2008-2024·高考化学真题\版本2：化学（按省份分类）2008-2024\2010-2024·（宁夏）化学高考真题\2017年高考化学试卷（新课标Ⅱ）（空白卷）.pdf,papers/2017/化学/全国/新课标全国II卷/2017_化学_宁夏_新课标全国II卷_原卷.pdf,2
2017,化学,新疆,老高考,,全国卷,common,新课标全国II卷,present_common,H:\New folder\【新·PDF版】2008-2024·高考化学真题\版本2：化学（按省份分类）2008-2024\2008-2024·（新疆）化学高考真题\2017年高考化学试卷（新课标Ⅱ）（空白卷）.pdf,papers/2017/化学/全国/新课标全国II卷/2017_化学_新疆_新课标全国II卷_原卷.pdf,2
2017,生物,北京,老高考,2020,地方/区域卷,local,北京卷,present_local,H:\New folder\【新·PDF版】2008-2024·高考生物真题\版本2：生物（按省份分类）2008-2024\2008-2024·（北京）生物高考真题\2017年高考生物试卷（北京）（空白卷）.pdf,papers/2017/生物/北京/北京卷/2017_生物_北京_北京卷_原卷.pdf,2
2017,生物,天津,老高考,2020,地方/区域卷,local,天津卷,present_local,H:\New folder\【新·PDF版】2008-2024·高考生物真题\版本2：生物（按省份分类）2008-2024\2008-2023·（天津）生物高考真题\2017年高考生物试卷（天津）（空白卷）.pdf,papers/2017/生物/天津/天津卷/2017_生物_天津_天津卷_原卷.pdf,2
2017,生物,河北,老高考,2021,全国卷,common,新课标全国I卷,present_common,H:\New folder\【新·PDF版】2008-2024·高考生物真题\版本2：生物（按省份分类）2008-2024\2008-2024·（河北）生物高考真题\2017年高考生物试卷（新课标Ⅰ）（空白卷）.pdf,papers/2017/生物/全国/新课标全国I卷/2017_生物_河北_新课标全国I卷_原卷.pdf,2
2017,生物,山西,老高考,2025,全国卷,common,新课标全国I卷,present_common,H:\New folder\【新·PDF版】2008-2024·高考生物真题\版本2：生物（按省份分类）2008-2024\2008-2024·（山西）生物高考真题\2017年高考生物试卷（新课标Ⅰ）（空白卷）.pdf,papers/2017/生物/全国/新课标全国I卷/2017_生物_山西_新课标全国I卷_原卷.pdf,2
2017,生物,内蒙古,老高考,2025,全国卷,common,新课标全国II卷,present_common,H:\New folder\【新·PDF版】2008-2024·高考生物真题\版本2：生物（按省份分类）2008-2024\2008-2024·（内蒙古）生物高考真题\2017年高考生物试卷（新课标Ⅱ）（空白卷）.pdf,papers/2017/生物/全国/新课标全国II卷/2017_生物_内蒙古_新课标全国II卷_原卷.pdf,2
2017,生物,辽宁,老高考,2021,全国卷,common,新课标全国II卷,present_common,H:\New folder\【新·PDF版】2008-2024·高考生物真题\版本2：生物（按省份分类）2008-2024\2010-2024·（辽宁）生物高考真题\2017年高考生物试卷（新课标Ⅱ）（空白卷）.pdf,papers/2017/生物/全国/新课标全国II卷/2017_生物_辽宁_新课标全国II卷_原卷.pdf,2
2017,生物,吉林,老高考,2024,全国卷,common,新课标全国II卷,present_common,H:\New folder\【新·PDF版】2008-2024·高考生物真题\版本2：生物（按省份分类）2008-2024\2008-2024·（吉林）生物高考真题\2017年高考生物试卷（新课标Ⅱ）（空白卷）.pdf,papers/2017/生物/全国/新课标全国II卷/2017_生物_吉林_新课标全国II卷_原卷.pdf,2
2017,生物,黑龙江,老高考,2024,全国卷,common,新课标全国II卷,present_common,H:\New folder\【新·PDF版】2008-2024·高考生物真题\版本2：生物（按省份分类）2008-2024\2008-2024·（黑龙江）生物高考真题\2017年高考生物试卷（新课标Ⅱ）（空白卷）.pdf,papers/2017/生物/全国/新课标全国II卷/2017_生物_黑龙江_新课标全国II卷_原卷.pdf,2
2017,生物,江苏,老高考,2021,地方/区域卷,local,江苏卷,present_local,H:\New folder\【新·PDF版】2008-2024·高考生物真题\版本2：生物（按省份分类）2008-2024\2008-2023·（江苏）生物高考真题\2017年高考生物试卷（江苏）（空白卷）.pdf,papers/2017/生物/江苏/江苏卷/2017_生物_江苏_江苏卷_原卷.pdf,2
2017,生物,安徽,老高考,2024,全国卷,common,新课标全国I卷,present_common,H:\New folder\【新·PDF版】2008-2024·高考生物真题\版本2：生物（按省份分类）2008-2024\2012-2024·（安徽）生物高考真题\2017年高考生物试卷（新课标Ⅰ）（空白卷）.pdf,papers/2017/生物/全国/新课标全国I卷/2017_生物_安徽_新课标全国I卷_原卷.pdf,2
2017,生物,福建,老高考,2021,全国卷,common,新课标全国I卷,present_common,H:\New folder\【新·PDF版】2008-2024·高考生物真题\版本2：生物（按省份分类）2008-2024\2012-2023·（福建）生物高考真题\2017年高考生物试卷（新课标Ⅰ）（空白卷）.pdf,papers/2017/生物/全国/新课标全国I卷/2017_生物_福建_新课标全国I卷_原卷.pdf,2
2017,生物,江西,老高考,2024,全国卷,common,新课标全国I卷,present_common,H:\New folder\【新·PDF版】2008-2024·高考生物真题\版本2：生物（按省份分类）2008-2024\2008-2024·（江西）生物高考真题\2017年高考生物试卷（新课标Ⅰ）（空白卷）.pdf,papers/2017/生物/全国/新课标全国I卷/2017_生物_江西_新课标全国I卷_原卷.pdf,2
2017,生物,山东,老高考,2020,全国卷,common,新课标全国I卷,present_common,H:\New folder\【新·PDF版】2008-2024·高考生物真题\版本2：生物（按省份分类）2008-2024\2008-2024·（山东）生物高考真题\2017年高考生物试卷（新课标Ⅰ）（空白卷）.pdf,papers/2017/生物/全国/新课标全国I卷/2017_生物_山东_新课标全国I卷_原卷.pdf,2
2017,生物,河南,老高考,2025,全国卷,common,新课标全国I卷,present_common,H:\New folder\【新·PDF版】2008-2024·高考生物真题\版本2：生物（按省份分类）2008-2024\2008-2024·（河南）生物高考真题\2017年高考生物试卷（新课标Ⅰ）（空白卷）.pdf,papers/2017/生物/全国/新课标全国I卷/2017_生物_河南_新课标全国I卷_原卷.pdf,2
2017,生物,湖北,老高考,2021,全国卷,common,新课标全国I卷,present_common,H:\New folder\【新·PDF版】2008-2024·高考生物真题\版本2：生物（按省份分类）2008-2024\2008-2024·（湖北）生物高考真题\2017年高考生物试卷（新课标Ⅰ）（空白卷）.pdf,papers/2017/生物/全国/新课标全国I卷/2017_生物_湖北_新课标全国I卷_原卷.pdf,2
2017,生物,湖南,老高考,2021,全国卷,common,新课标全国I卷,present_common,H:\New folder\【新·PDF版】2008-2024·高考生物真题\版本2：生物（按省份分类）2008-2024\2008-2024·（湖南）生物高考真题\2017年高考生物试卷（新课标Ⅰ）（空白卷）.pdf,papers/2017/生物/全国/新课标全国I卷/2017_生物_湖南_新课标全国I卷_原卷.pdf,2
2017,生物,广东,老高考,2021,全国卷,common,新课标全国I卷,present_common,H:\New folder\【新·PDF版】2008-2024·高考生物真题\版本2：生物（按省份分类）2008-2024\2008-2024·（广东）生物高考真题\2017年高考生物试卷（新课标Ⅰ）（空白卷）.pdf,papers/2017/生物/全国/新课标全国I卷/2017_生物_广东_新课标全国I卷_原卷.pdf,2
2017,生物,广西,老高考,2024,全国卷,common,新课标全国III卷,present_common,H:\New folder\【新·PDF版】2008-2024·高考生物真题\版本2：生物（按省份分类）2008-2024\2008-2023·（广西）生物高考真题\2017年高考生物试卷（新课标Ⅲ）（空白卷）.pdf,papers/2017/生物/全国/新课标全国III卷/2017_生物_广西_新课标全国III卷_原卷.pdf,2
2017,生物,海南,老高考,2020,地方/区域卷,local,海南卷,present_local,H:\New folder\【新·PDF版】2008-2024·高考生物真题\版本2：生物（按省份分类）2008-2024\2008-2023·（海南）生物高考真题\2017年高考生物试卷（海南）（空白卷）.pdf,papers/2017/生物/海南/海南卷/2017_生物_海南_海南卷_原卷.pdf,2
2017,生物,重庆,老高考,2021,全国卷,common,新课标全国II卷,present_common,H:\New folder\【新·PDF版】2008-2024·高考生物真题\版本2：生物（按省份分类）2008-2024\2012-2023·（重庆）生物高考真题\2017年高考生物试卷（新课标Ⅱ）（空白卷）.pdf,papers/2017/生物/全国/新课标全国II卷/2017_生物_重庆_新课标全国II卷_原卷.pdf,2
2017,生物,四川,老高考,2025,全国卷,common,新课标全国III卷,present_common,H:\New folder\【新·PDF版】2008-2024·高考生物真题\版本2：生物（按省份分类）2008-2024\2008-2024·（四川）生物高考真题\2017年高考生物试卷（新课标Ⅲ）（空白卷）.pdf,papers/2017/生物/全国/新课标全国III卷/2017_生物_四川_新课标全国III卷_原卷.pdf,2
2017,生物,贵州,老高考,2024,全国卷,common,新课标全国III卷,present_common,H:\New folder\【新·PDF版】2008-2024·高考生物真题\版本2：生物（按省份分类）2008-2024\2008-2023·（贵州）生物高考真题\2017年高考生物试卷（新课标Ⅲ）（空白卷）.pdf,papers/2017/生物/全国/新课标全国III卷/2017_生物_贵州_新课标全国III卷_原卷.pdf,2
2017,生物,云南,老高考,2025,全国卷,common,新课标全国III卷,present_common,H:\New folder\【新·PDF版】2008-2024·高考生物真题\版本2：生物（按省份分类）2008-2024\2008-2024·（云南）生物高考真题\2017年高考生物试卷（新课标Ⅲ）（空白卷）.pdf,papers/2017/生物/全国/新课标全国III卷/2017_生物_云南_新课标全国III卷_原卷.pdf,2
2017,生物,西藏,老高考,,全国卷,common,新课标全国II卷,present_common,H:\New folder\【新·PDF版】2008-2024·高考生物真题\版本2：生物（按省份分类）2008-2024\2008-2024·（西藏）生物高考真题\2017年高考生物试卷（新课标Ⅱ）（空白卷）.pdf,papers/2017/生物/全国/新课标全国II卷/2017_生物_西藏_新课标全国II卷_原卷.pdf,2
2017,生物,陕西,老高考,2025,全国卷,common,新课标全国II卷,present_common,H:\New folder\【新·PDF版】2008-2024·高考生物真题\版本2：生物（按省份分类）2008-2024\2008-2024·（陕西）生物高考真题\2017年高考生物试卷（新课标Ⅱ）（空白卷）.pdf,papers/2017/生物/全国/新课标全国II卷/2017_生物_陕西_新课标全国II卷_原卷.pdf,2
2017,生物,甘肃,老高考,2024,全国卷,common,新课标全国II卷,present_common,H:\New folder\【新·PDF版】2008-2024·高考生物真题\版本2：生物（按省份分类）2008-2024\2008-2024·（甘肃）生物高考真题\2017年高考生物试卷（新课标Ⅱ）（空白卷）.pdf,papers/2017/生物/全国/新课标全国II卷/2017_生物_甘肃_新课标全国II卷_原卷.pdf,2
2017,生物,青海,老高考,2025,全国卷,common,新课标全国II卷,present_common,H:\New folder\【新·PDF版】2008-2024·高考生物真题\版本2：生物（按省份分类）2008-2024\2008-2024·（青海）生物高考真题\2017年高考生物试卷（新课标Ⅱ）（空白卷）.pdf,papers/2017/生物/全国/新课标全国II卷/2017_生物_青海_新课标全国II卷_原卷.pdf,2
2017,生物,宁夏,老高考,2025,全国卷,common,新课标全国II卷,present_common,H:\New folder\【新·PDF版】2008-2024·高考生物真题\版本2：生物（按省份分类）2008-2024\2010-2024·（宁夏）生物高考真题\2017年高考生物试卷（新课标Ⅱ）（空白卷）.pdf,papers/2017/生物/全国/新课标全国II卷/2017_生物_宁夏_新课标全国II卷_原卷.pdf,2
2017,生物,新疆,老高考,,全国卷,common,新课标全国II卷,present_common,H:\New folder\【新·PDF版】2008-2024·高考生物真题\版本2：生物（按省份分类）2008-2024\2008-2024·（新疆）生物高考真题\2017年高考生物试卷（新课标Ⅱ）（空白卷）.pdf,papers/2017/生物/全国/新课标全国II卷/2017_生物_新疆_新课标全国II卷_原卷.pdf,2
2017,政治,北京,老高考,2020,地方/区域卷,local,北京卷,present_local,H:\New folder\【新·PDF版】2008-2024·高考政治真题\版本2：政治（按省份分类）2008-2024\2008-2024·（北京）政治高考真题\2017年高考政治试卷（北京）（空白卷）.pdf,papers/2017/政治/北京/北京卷/2017_政治_北京_北京卷_原卷.pdf,2
2017,政治,天津,老高考,2020,地方/区域卷,local,天津卷,present_local,H:\New folder\【新·PDF版】2008-2024·高考政治真题\版本2：政治（按省份分类）2008-2024\2008-2023·（天津）政治高考真题\2017年高考政治试卷（天津）（空白卷）.pdf,papers/2017/政治/天津/天津卷/2017_政治_天津_天津卷_原卷.pdf,2
2017,政治,河北,老高考,2021,全国卷,common,新课标全国I卷,present_common,H:\New folder\【新·PDF版】2008-2024·高考政治真题\版本2：政治（按省份分类）2008-2024\2008-2021_2023·（河北）政治高考真题\2017年高考政治试卷（新课标Ⅰ）（空白卷）.pdf,papers/2017/政治/全国/新课标全国I卷/2017_政治_河北_新课标全国I卷_原卷.pdf,2
2017,政治,山西,老高考,2025,全国卷,common,新课标全国I卷,present_common,H:\New folder\【新·PDF版】2008-2024·高考政治真题\版本2：政治（按省份分类）2008-2024\2008-2024·（山西）政治高考真题\2017年高考政治试卷（新课标Ⅰ）（空白卷）.pdf,papers/2017/政治/全国/新课标全国I卷/2017_政治_山西_新课标全国I卷_原卷.pdf,2
2017,政治,内蒙古,老高考,2025,全国卷,common,新课标全国II卷,present_common,H:\New folder\【新·PDF版】2008-2024·高考政治真题\版本2：政治（按省份分类）2008-2024\2008-2023·（内蒙古）政治高考真题\2017年高考政治试卷（新课标Ⅱ）（空白卷）.pdf,papers/2017/政治/全国/新课标全国II卷/2017_政治_内蒙古_新课标全国II卷_原卷.pdf,2
2017,政治,辽宁,老高考,2021,全国卷,common,新课标全国II卷,present_common,H:\New folder\【新·PDF版】2008-2024·高考政治真题\版本2：政治（按省份分类）2008-2024\2010-2024·（辽宁）政治高考真题\2017年高考政治试卷（新课标Ⅱ）（空白卷）.pdf,papers/2017/政治/全国/新课标全国II卷/2017_政治_辽宁_新课标全国II卷_原卷.pdf,2
2017,政治,吉林,老高考,2024,全国卷,common,新课标全国II卷,present_common,H:\New folder\【新·PDF版】2008-2024·高考政治真题\版本2：政治（按省份分类）2008-2024\2008-2024·（吉林）政治高考真题\2017年高考政治试卷（新课标Ⅱ）（空白卷）.pdf,papers/2017/政治/全国/新课标全国II卷/2017_政治_吉林_新课标全国II卷_原卷.pdf,2
2017,政治,黑龙江,老高考,2024,全国卷,common,新课标全国II卷,present_common,H:\New folder\【新·PDF版】2008-2024·高考政治真题\版本2：政治（按省份分类）2008-2024\2008-2024·（黑龙江）政治高考真题\2017年高考政治试卷（新课标Ⅱ）（空白卷）.pdf,papers/2017/政治/全国/新课标全国II卷/2017_政治_黑龙江_新课标全国II卷_原卷.pdf,2
2017,政治,江苏,老高考,2021,地方/区域卷,local,江苏卷,present_local,H:\New folder\【新·PDF版】2008-2024·高考政治真题\版本2：政治（按省份分类）2008-2024\2008-2023·（江苏）政治高考真题\2017年高考政治试卷（江苏）（空白卷）.pdf,papers/2017/政治/江苏/江苏卷/2017_政治_江苏_江苏卷_原卷.pdf,2
2017,政治,安徽,老高考,2024,全国卷,common,新课标全国I卷,present_common,H:\New folder\【新·PDF版】2008-2024·高考政治真题\版本2：政治（按省份分类）2008-2024\2012-2024·（安徽）政治高考真题\2017年高考政治试卷（新课标Ⅰ）（空白卷）.pdf,papers/2017/政治/全国/新课标全国I卷/2017_政治_安徽_新课标全国I卷_原卷.pdf,2
2017,政治,福建,老高考,2021,全国卷,common,新课标全国I卷,present_common,H:\New folder\【新·PDF版】2008-2024·高考政治真题\版本2：政治（按省份分类）2008-2024\2012-2023·（福建）政治高考真题\2017年高考政治试卷（新课标Ⅰ）（空白卷）.pdf,papers/2017/政治/全国/新课标全国I卷/2017_政治_福建_新课标全国I卷_原卷.pdf,2
2017,政治,江西,老高考,2024,全国卷,common,新课标全国I卷,present_common,H:\New folder\【新·PDF版】2008-2024·高考政治真题\版本2：政治（按省份分类）2008-2024\2008-2023·（江西）政治高考真题\2017年高考政治试卷（新课标Ⅰ）（空白卷）.pdf,papers/2017/政治/全国/新课标全国I卷/2017_政治_江西_新课标全国I卷_原卷.pdf,2
2017,政治,山东,老高考,2020,全国卷,common,新课标全国I卷,present_common,H:\New folder\【新·PDF版】2008-2024·高考政治真题\版本2：政治（按省份分类）2008-2024\2008-2024·（山东）政治高考真题\2017年高考政治试卷（新课标Ⅰ）（空白卷）.pdf,papers/2017/政治/全国/新课标全国I卷/2017_政治_山东_新课标全国I卷_原卷.pdf,2
2017,政治,河南,老高考,2025,全国卷,common,新课标全国I卷,present_common,H:\New folder\【新·PDF版】2008-2024·高考政治真题\版本2：政治（按省份分类）2008-2024\2008-2024·（河南）政治高考真题\2017年高考政治试卷（新课标Ⅰ）（空白卷）.pdf,papers/2017/政治/全国/新课标全国I卷/2017_政治_河南_新课标全国I卷_原卷.pdf,2
2017,政治,湖北,老高考,2021,全国卷,common,新课标全国I卷,present_common,H:\New folder\【新·PDF版】2008-2024·高考政治真题\版本2：政治（按省份分类）2008-2024\2008-2024·（湖北）政治高考真题\2017年高考政治试卷（新课标Ⅰ）（空白卷）.pdf,papers/2017/政治/全国/新课标全国I卷/2017_政治_湖北_新课标全国I卷_原卷.pdf,2
2017,政治,湖南,老高考,2021,全国卷,common,新课标全国I卷,present_common,H:\New folder\【新·PDF版】2008-2024·高考政治真题\版本2：政治（按省份分类）2008-2024\2008-2024·（湖南）政治高考真题\2017年高考政治试卷（新课标Ⅰ）（空白卷）.pdf,papers/2017/政治/全国/新课标全国I卷/2017_政治_湖南_新课标全国I卷_原卷.pdf,2
2017,政治,广东,老高考,2021,全国卷,common,新课标全国I卷,present_common,H:\New folder\【新·PDF版】2008-2024·高考政治真题\版本2：政治（按省份分类）2008-2024\2008-2024·（广东）政治高考真题\2017年高考政治试卷（新课标Ⅰ）（空白卷）.pdf,papers/2017/政治/全国/新课标全国I卷/2017_政治_广东_新课标全国I卷_原卷.pdf,2
2017,政治,广西,老高考,2024,全国卷,common,新课标全国III卷,present_common,H:\New folder\【新·PDF版】2008-2024·高考政治真题\版本2：政治（按省份分类）2008-2024\2008-2023·（广西）政治高考真题\2017年高考政治试卷（新课标Ⅲ）（空白卷）.pdf,papers/2017/政治/全国/新课标全国III卷/2017_政治_广西_新课标全国III卷_原卷.pdf,2
2017,政治,海南,老高考,2020,地方/区域卷,local,海南卷,present_local,H:\New folder\【新·PDF版】2008-2024·高考政治真题\版本2：政治（按省份分类）2008-2024\2008-2023·（海南）政治高考真题\2017年高考政治试卷（海南）（空白卷）.pdf,papers/2017/政治/海南/海南卷/2017_政治_海南_海南卷_原卷.pdf,2
2017,政治,重庆,老高考,2021,全国卷,common,新课标全国II卷,present_common,H:\New folder\【新·PDF版】2008-2024·高考政治真题\版本2：政治（按省份分类）2008-2024\2012-2020_2022-2023·（重庆）政治高考真题\2017年高考政治试卷（新课标Ⅱ）（空白卷）.pdf,papers/2017/政治/全国/新课标全国II卷/2017_政治_重庆_新课标全国II卷_原卷.pdf,2
2017,政治,四川,老高考,2025,全国卷,common,新课标全国III卷,present_common,H:\New folder\【新·PDF版】2008-2024·高考政治真题\版本2：政治（按省份分类）2008-2024\2008-2023·（四川）政治高考真题\2017年高考政治试卷（新课标Ⅲ）（空白卷）.pdf,papers/2017/政治/全国/新课标全国III卷/2017_政治_四川_新课标全国III卷_原卷.pdf,2
2017,政治,贵州,老高考,2024,全国卷,common,新课标全国III卷,present_common,H:\New folder\【新·PDF版】2008-2024·高考政治真题\版本2：政治（按省份分类）2008-2024\2008-2023·（贵州）政治高考真题\2017年高考政治试卷（新课标Ⅲ）（空白卷）.pdf,papers/2017/政治/全国/新课标全国III卷/2017_政治_贵州_新课标全国III卷_原卷.pdf,2
2017,政治,云南,老高考,2025,全国卷,common,新课标全国III卷,present_common,H:\New folder\【新·PDF版】2008-2024·高考政治真题\版本2：政治（按省份分类）2008-2024\2008-2024·（云南）政治高考真题\2017年高考政治试卷（新课标Ⅲ）（空白卷）.pdf,papers/2017/政治/全国/新课标全国III卷/2017_政治_云南_新课标全国III卷_原卷.pdf,2
2017,政治,西藏,老高考,,全国卷,common,新课标全国II卷,present_common,H:\New folder\【新·PDF版】2008-2024·高考政治真题\版本2：政治（按省份分类）2008-2024\2008-2024·（西藏）政治高考真题\2017年高考政治试卷（新课标Ⅱ）（空白卷）.pdf,papers/2017/政治/全国/新课标全国II卷/2017_政治_西藏_新课标全国II卷_原卷.pdf,2
2017,政治,陕西,老高考,2025,全国卷,common,新课标全国II卷,present_common,H:\New folder\【新·PDF版】2008-2024·高考政治真题\版本2：政治（按省份分类）2008-2024\2008-2023·（陕西）政治高考真题\2017年高考政治试卷（新课标Ⅱ）（空白卷）.pdf,papers/2017/政治/全国/新课标全国II卷/2017_政治_陕西_新课标全国II卷_原卷.pdf,2
2017,政治,甘肃,老高考,2024,全国卷,common,新课标全国II卷,present_common,H:\New folder\【新·PDF版】2008-2024·高考政治真题\版本2：政治（按省份分类）2008-2024\2008-2023·（甘肃）政治高考真题\2017年高考政治试卷（新课标Ⅱ）（空白卷）.pdf,papers/2017/政治/全国/新课标全国II卷/2017_政治_甘肃_新课标全国II卷_原卷.pdf,2
2017,政治,青海,老高考,2025,全国卷,common,新课标全国II卷,present_common,H:\New folder\【新·PDF版】2008-2024·高考政治真题\版本2：政治（按省份分类）2008-2024\2008-2023·（青海）政治高考真题\2017年高考政治试卷（新课标Ⅱ）（空白卷）.pdf,papers/2017/政治/全国/新课标全国II卷/2017_政治_青海_新课标全国II卷_原卷.pdf,2
2017,政治,宁夏,老高考,2025,全国卷,common,新课标全国II卷,present_common,H:\New folder\【新·PDF版】2008-2024·高考政治真题\版本2：政治（按省份分类）2008-2024\2010-2023·（宁夏）政治高考真题\2017年高考政治试卷（新课标Ⅱ）（空白卷）.pdf,papers/2017/政治/全国/新课标全国II卷/2017_政治_宁夏_新课标全国II卷_原卷.pdf,2
2017,政治,新疆,老高考,,全国卷,common,新课标全国II卷,present_common,H:\New folder\【新·PDF版】2008-2024·高考政治真题\版本2：政治（按省份分类）2008-2024\2008-2024·（新疆）政治高考真题\2017年高考政治试卷（新课标Ⅱ）（空白卷）.pdf,papers/2017/政治/全国/新课标全国II卷/2017_政治_新疆_新课标全国II卷_原卷.pdf,2
2017,历史,北京,老高考,2020,地方/区域卷,local,北京卷,present_local,H:\New folder\【新·PDF版】2008-2024·高考历史真题\版本2：历史（按省份分类）2008-2024\2008-2024·（北京）历史高考真题\2017年高考历史试卷（北京）（空白卷）.pdf,papers/2017/历史/北京/北京卷/2017_历史_北京_北京卷_原卷.pdf,2
2017,历史,天津,老高考,2020,地方/区域卷,local,天津卷,present_local,H:\New folder\【新·PDF版】2008-2024·高考历史真题\版本2：历史（按省份分类）2008-2024\2008-2023·（天津）历史高考真题\2017年高考历史试卷（天津）（空白卷）.pdf,papers/2017/历史/天津/天津卷/2017_历史_天津_天津卷_原卷.pdf,2
2017,历史,河北,老高考,2021,全国卷,common,新课标全国I卷,present_common,H:\New folder\【新·PDF版】2008-2024·高考历史真题\版本2：历史（按省份分类）2008-2024\2008-2023·（河北）历史高考真题\2017年高考历史试卷（新课标Ⅰ）（空白卷）.pdf,papers/2017/历史/全国/新课标全国I卷/2017_历史_河北_新课标全国I卷_原卷.pdf,2
2017,历史,山西,老高考,2025,全国卷,common,新课标全国I卷,present_common,H:\New folder\【新·PDF版】2008-2024·高考历史真题\版本2：历史（按省份分类）2008-2024\2008-2024·（山西）历史高考真题\2017年高考历史试卷（新课标Ⅰ）（空白卷）.pdf,papers/2017/历史/全国/新课标全国I卷/2017_历史_山西_新课标全国I卷_原卷.pdf,2
2017,历史,内蒙古,老高考,2025,全国卷,common,新课标全国II卷,present_common,H:\New folder\【新·PDF版】2008-2024·高考历史真题\版本2：历史（按省份分类）2008-2024\2008-2024·（内蒙古）历史高考真题\2017年高考历史试卷（新课标Ⅱ）（空白卷）.pdf,papers/2017/历史/全国/新课标全国II卷/2017_历史_内蒙古_新课标全国II卷_原卷.pdf,2
2017,历史,辽宁,老高考,2021,全国卷,common,新课标全国II卷,present_common,H:\New folder\【新·PDF版】2008-2024·高考历史真题\版本2：历史（按省份分类）2008-2024\2010-2024·（辽宁）历史高考真题\2017年高考历史试卷（新课标Ⅱ）（空白卷）.pdf,papers/2017/历史/全国/新课标全国II卷/2017_历史_辽宁_新课标全国II卷_原卷.pdf,2
2017,历史,吉林,老高考,2024,全国卷,common,新课标全国II卷,present_common,H:\New folder\【新·PDF版】2008-2024·高考历史真题\版本2：历史（按省份分类）2008-2024\2008-2024·（吉林）历史高考真题\2017年高考历史试卷（新课标Ⅱ）（空白卷）.pdf,papers/2017/历史/全国/新课标全国II卷/2017_历史_吉林_新课标全国II卷_原卷.pdf,2
2017,历史,黑龙江,老高考,2024,全国卷,common,新课标全国II卷,present_common,H:\New folder\【新·PDF版】2008-2024·高考历史真题\版本2：历史（按省份分类）2008-2024\2008-2024·（黑龙江）历史高考真题\2017年高考历史试卷（新课标Ⅱ）（空白卷）.pdf,papers/2017/历史/全国/新课标全国II卷/2017_历史_黑龙江_新课标全国II卷_原卷.pdf,2
2017,历史,江苏,老高考,2021,地方/区域卷,local,江苏卷,present_local,H:\New folder\【新·PDF版】2008-2024·高考历史真题\版本2：历史（按省份分类）2008-2024\2008-2024·（江苏）历史高考真题\2017年高考历史试卷（江苏）（空白卷）   .pdf,papers/2017/历史/江苏/江苏卷/2017_历史_江苏_江苏卷_原卷.pdf,2
2017,历史,安徽,老高考,2024,全国卷,common,新课标全国I卷,present_common,H:\New folder\【新·PDF版】2008-2024·高考历史真题\版本2：历史（按省份分类）2008-2024\2012-2024·（安徽）历史高考真题\2017年高考历史试卷（新课标Ⅰ）（空白卷）.pdf,papers/2017/历史/全国/新课标全国I卷/2017_历史_安徽_新课标全国I卷_原卷.pdf,2
2017,历史,福建,老高考,2021,全国卷,common,新课标全国I卷,present_common,H:\New folder\【新·PDF版】2008-2024·高考历史真题\版本2：历史（按省份分类）2008-2024\2012-2023·（福建）历史高考真题\2017年高考历史试卷（新课标Ⅰ）（空白卷）.pdf,papers/2017/历史/全国/新课标全国I卷/2017_历史_福建_新课标全国I卷_原卷.pdf,2
2017,历史,江西,老高考,2024,全国卷,common,新课标全国I卷,present_common,H:\New folder\【新·PDF版】2008-2024·高考历史真题\版本2：历史（按省份分类）2008-2024\2008-2023·（江西）历史高考真题\2017年高考历史试卷（新课标Ⅰ）（空白卷）.pdf,papers/2017/历史/全国/新课标全国I卷/2017_历史_江西_新课标全国I卷_原卷.pdf,2
2017,历史,山东,老高考,2020,全国卷,common,新课标全国I卷,present_common,H:\New folder\【新·PDF版】2008-2024·高考历史真题\版本2：历史（按省份分类）2008-2024\2008-2024·（山东）历史高考真题\2017年高考历史试卷（新课标Ⅰ）（空白卷）.pdf,papers/2017/历史/全国/新课标全国I卷/2017_历史_山东_新课标全国I卷_原卷.pdf,2
2017,历史,河南,老高考,2025,全国卷,common,新课标全国I卷,present_common,H:\New folder\【新·PDF版】2008-2024·高考历史真题\版本2：历史（按省份分类）2008-2024\2008-2024·（河南）历史高考真题\2017年高考历史试卷（新课标Ⅰ）（空白卷）.pdf,papers/2017/历史/全国/新课标全国I卷/2017_历史_河南_新课标全国I卷_原卷.pdf,2
2017,历史,湖北,老高考,2021,全国卷,common,新课标全国I卷,present_common,H:\New folder\【新·PDF版】2008-2024·高考历史真题\版本2：历史（按省份分类）2008-2024\2008-2024·（湖北）历史高考真题\2017年高考历史试卷（新课标Ⅰ）（空白卷）.pdf,papers/2017/历史/全国/新课标全国I卷/2017_历史_湖北_新课标全国I卷_原卷.pdf,2
2017,历史,湖南,老高考,2021,全国卷,common,新课标全国I卷,present_common,H:\New folder\【新·PDF版】2008-2024·高考历史真题\版本2：历史（按省份分类）2008-2024\2008-2024·（湖南）历史高考真题\2017年高考历史试卷（新课标Ⅰ）（空白卷）.pdf,papers/2017/历史/全国/新课标全国I卷/2017_历史_湖南_新课标全国I卷_原卷.pdf,2
2017,历史,广东,老高考,2021,全国卷,common,新课标全国I卷,present_common,H:\New folder\【新·PDF版】2008-2024·高考历史真题\版本2：历史（按省份分类）2008-2024\2008-2024·（广东）历史高考真题\2017年高考历史试卷（新课标Ⅰ）（空白卷）.pdf,papers/2017/历史/全国/新课标全国I卷/2017_历史_广东_新课标全国I卷_原卷.pdf,2
2017,历史,广西,老高考,2024,全国卷,common,新课标全国III卷,present_common,H:\New folder\【新·PDF版】2008-2024·高考历史真题\版本2：历史（按省份分类）2008-2024\2008-2023·（广西）历史高考真题\2017年高考历史试卷（新课标Ⅲ）（空白卷）.pdf,papers/2017/历史/全国/新课标全国III卷/2017_历史_广西_新课标全国III卷_原卷.pdf,2
2017,历史,海南,老高考,2020,地方/区域卷,local,海南卷,present_local,H:\New folder\【新·PDF版】2008-2024·高考历史真题\版本2：历史（按省份分类）2008-2024\2008-2023·（海南）历史高考真题\2017年高考历史试卷（海南）（空白卷）.pdf,papers/2017/历史/海南/海南卷/2017_历史_海南_海南卷_原卷.pdf,2
2017,历史,重庆,老高考,2021,全国卷,common,新课标全国II卷,present_common,H:\New folder\【新·PDF版】2008-2024·高考历史真题\版本2：历史（按省份分类）2008-2024\2012-2024·（重庆）历史高考真题\2017年高考历史试卷（新课标Ⅱ）（空白卷）.pdf,papers/2017/历史/全国/新课标全国II卷/2017_历史_重庆_新课标全国II卷_原卷.pdf,2
2017,历史,四川,老高考,2025,全国卷,common,新课标全国III卷,present_common,H:\New folder\【新·PDF版】2008-2024·高考历史真题\版本2：历史（按省份分类）2008-2024\2008-2024·（四川）历史高考真题\2017年高考历史试卷（新课标Ⅲ）（空白卷）.pdf,papers/2017/历史/全国/新课标全国III卷/2017_历史_四川_新课标全国III卷_原卷.pdf,2
2017,历史,贵州,老高考,2024,全国卷,common,新课标全国III卷,present_common,H:\New folder\【新·PDF版】2008-2024·高考历史真题\版本2：历史（按省份分类）2008-2024\2008-2023·（贵州）历史高考真题\2017年高考历史试卷（新课标Ⅲ）（空白卷）.pdf,papers/2017/历史/全国/新课标全国III卷/2017_历史_贵州_新课标全国III卷_原卷.pdf,2
2017,历史,云南,老高考,2025,全国卷,common,新课标全国III卷,present_common,H:\New folder\【新·PDF版】2008-2024·高考历史真题\版本2：历史（按省份分类）2008-2024\2008-2024·（云南）历史高考真题\2017年高考历史试卷（新课标Ⅲ）（空白卷）.pdf,papers/2017/历史/全国/新课标全国III卷/2017_历史_云南_新课标全国III卷_原卷.pdf,2
2017,历史,西藏,老高考,,全国卷,common,新课标全国II卷,present_common,H:\New folder\【新·PDF版】2008-2024·高考历史真题\版本2：历史（按省份分类）2008-2024\2008-2024·（西藏）历史高考真题\2017年高考历史试卷（新课标Ⅱ）（空白卷）.pdf,papers/2017/历史/全国/新课标全国II卷/2017_历史_西藏_新课标全国II卷_原卷.pdf,2
2017,历史,陕西,老高考,2025,全国卷,common,新课标全国II卷,present_common,H:\New folder\【新·PDF版】2008-2024·高考历史真题\版本2：历史（按省份分类）2008-2024\2008-2024·（陕西）历史高考真题\2017年高考历史试卷（新课标Ⅱ）（空白卷）.pdf,papers/2017/历史/全国/新课标全国II卷/2017_历史_陕西_新课标全国II卷_原卷.pdf,2
2017,历史,甘肃,老高考,2024,全国卷,common,新课标全国II卷,present_common,H:\New folder\【新·PDF版】2008-2024·高考历史真题\版本2：历史（按省份分类）2008-2024\2008-2024·（甘肃）历史高考真题\2017年高考历史试卷（新课标Ⅱ）（空白卷）.pdf,papers/2017/历史/全国/新课标全国II卷/2017_历史_甘肃_新课标全国II卷_原卷.pdf,2
2017,历史,青海,老高考,2025,全国卷,common,新课标全国II卷,present_common,H:\New folder\【新·PDF版】2008-2024·高考历史真题\版本2：历史（按省份分类）2008-2024\2008-2024·（青海）历史高考真题\2017年高考历史试卷（新课标Ⅱ）（空白卷）.pdf,papers/2017/历史/全国/新课标全国II卷/2017_历史_青海_新课标全国II卷_原卷.pdf,2
2017,历史,宁夏,老高考,2025,全国卷,common,新课标全国II卷,present_common,H:\New folder\【新·PDF版】2008-2024·高考历史真题\版本2：历史（按省份分类）2008-2024\2010-2024·（宁夏）历史高考真题\2017年高考历史试卷（新课标Ⅱ）（空白卷）.pdf,papers/2017/历史/全国/新课标全国II卷/2017_历史_宁夏_新课标全国II卷_原卷.pdf,2
2017,历史,新疆,老高考,,全国卷,common,新课标全国II卷,present_common,H:\New folder\【新·PDF版】2008-2024·高考历史真题\版本2：历史（按省份分类）2008-2024\2008-2024·（新疆）历史高考真题\2017年高考历史试卷（新课标Ⅱ）（空白卷）.pdf,papers/2017/历史/全国/新课标全国II卷/2017_历史_新疆_新课标全国II卷_原卷.pdf,2
2017,地理,北京,老高考,2020,地方/区域卷,local,北京卷,present_local,H:\New folder\【新·PDF版】2008-2024·高考地理真题\版本2：地理（按省份分类）2008-2024\2008-2024·（北京）地理高考真题\2017年高考地理试卷（北京）（空白卷）.pdf,papers/2017/地理/北京/北京卷/2017_地理_北京_北京卷_原卷.pdf,2
2017,地理,天津,老高考,2020,地方/区域卷,local,天津卷,present_local,H:\New folder\【新·PDF版】2008-2024·高考地理真题\版本2：地理（按省份分类）2008-2024\2008-2023·（天津）地理高考真题\2017年高考地理试卷（天津）（空白卷）.pdf,papers/2017/地理/天津/天津卷/2017_地理_天津_天津卷_原卷.pdf,2
2017,地理,河北,老高考,2021,全国卷,common,新课标全国I卷,present_common,H:\New folder\【新·PDF版】2008-2024·高考地理真题\版本2：地理（按省份分类）2008-2024\2008-2023·（河北）地理高考真题\2017年高考地理试卷（新课标Ⅰ）（空白卷）.pdf,papers/2017/地理/全国/新课标全国I卷/2017_地理_河北_新课标全国I卷_原卷.pdf,2
2017,地理,山西,老高考,2025,全国卷,common,新课标全国I卷,present_common,H:\New folder\【新·PDF版】2008-2024·高考地理真题\版本2：地理（按省份分类）2008-2024\2008-2024·（山西）地理高考真题\2017年高考地理试卷（新课标Ⅰ）（空白卷）.pdf,papers/2017/地理/全国/新课标全国I卷/2017_地理_山西_新课标全国I卷_原卷.pdf,2
2017,地理,内蒙古,老高考,2025,全国卷,common,新课标全国II卷,present_common,H:\New folder\【新·PDF版】2008-2024·高考地理真题\版本2：地理（按省份分类）2008-2024\2008-2024·（内蒙古）地理高考真题\2017年高考地理试卷（新课标Ⅱ）（空白卷）.pdf,papers/2017/地理/全国/新课标全国II卷/2017_地理_内蒙古_新课标全国II卷_原卷.pdf,2
2017,地理,辽宁,老高考,2021,全国卷,common,新课标全国II卷,present_common,H:\New folder\【新·PDF版】2008-2024·高考地理真题\版本2：地理（按省份分类）2008-2024\2010-2024·（辽宁）地理高考真题\2017年高考地理试卷（新课标Ⅱ）（空白卷）.pdf,papers/2017/地理/全国/新课标全国II卷/2017_地理_辽宁_新课标全国II卷_原卷.pdf,2
2017,地理,吉林,老高考,2024,全国卷,common,新课标全国II卷,present_common,H:\New folder\【新·PDF版】2008-2024·高考地理真题\版本2：地理（按省份分类）2008-2024\2008-2024·（吉林）地理高考真题\2017年高考地理试卷（新课标Ⅱ）（空白卷）.pdf,papers/2017/地理/全国/新课标全国II卷/2017_地理_吉林_新课标全国II卷_原卷.pdf,2
2017,地理,黑龙江,老高考,2024,全国卷,common,新课标全国II卷,present_common,H:\New folder\【新·PDF版】2008-2024·高考地理真题\版本2：地理（按省份分类）2008-2024\2008-2024·（黑龙江）地理高考真题\2017年高考地理试卷（新课标Ⅱ）（空白卷）.pdf,papers/2017/地理/全国/新课标全国II卷/2017_地理_黑龙江_新课标全国II卷_原卷.pdf,2
2017,地理,江苏,老高考,2021,地方/区域卷,local,江苏卷,present_local,H:\New folder\【新·PDF版】2008-2024·高考地理真题\版本2：地理（按省份分类）2008-2024\2008-2023·（江苏）地理高考真题\2017年高考地理试卷（江苏）（空白卷）.pdf,papers/2017/地理/江苏/江苏卷/2017_地理_江苏_江苏卷_原卷.pdf,2
2017,地理,安徽,老高考,2024,全国卷,common,新课标全国I卷,present_common,H:\New folder\【新·PDF版】2008-2024·高考地理真题\版本2：地理（按省份分类）2008-2024\2012-2024·（安徽）地理高考真题\2017年高考地理试卷（新课标Ⅰ）（空白卷）.pdf,papers/2017/地理/全国/新课标全国I卷/2017_地理_安徽_新课标全国I卷_原卷.pdf,2
2017,地理,福建,老高考,2021,全国卷,common,新课标全国I卷,present_common,H:\New folder\【新·PDF版】2008-2024·高考地理真题\版本2：地理（按省份分类）2008-2024\2012-2024·（福建）地理高考真题\2017年高考地理试卷（新课标Ⅰ）（空白卷）.pdf,papers/2017/地理/全国/新课标全国I卷/2017_地理_福建_新课标全国I卷_原卷.pdf,2
2017,地理,江西,老高考,2024,全国卷,common,新课标全国I卷,present_common,H:\New folder\【新·PDF版】2008-2024·高考地理真题\版本2：地理（按省份分类）2008-2024\2008-2024·（江西）地理高考真题\2017年高考地理试卷（新课标Ⅰ）（空白卷）.pdf,papers/2017/地理/全国/新课标全国I卷/2017_地理_江西_新课标全国I卷_原卷.pdf,2
2017,地理,山东,老高考,2020,全国卷,common,新课标全国I卷,present_common,H:\New folder\【新·PDF版】2008-2024·高考地理真题\版本2：地理（按省份分类）2008-2024\2008-2024·（山东）地理高考真题\2017年高考地理试卷（新课标Ⅰ）（空白卷）.pdf,papers/2017/地理/全国/新课标全国I卷/2017_地理_山东_新课标全国I卷_原卷.pdf,2
2017,地理,河南,老高考,2025,全国卷,common,新课标全国I卷,present_common,H:\New folder\【新·PDF版】2008-2024·高考地理真题\版本2：地理（按省份分类）2008-2024\2008-2024·（河南）地理高考真题\2017年高考地理试卷（新课标Ⅰ）（空白卷）.pdf,papers/2017/地理/全国/新课标全国I卷/2017_地理_河南_新课标全国I卷_原卷.pdf,2
2017,地理,湖北,老高考,2021,全国卷,common,新课标全国I卷,present_common,H:\New folder\【新·PDF版】2008-2024·高考地理真题\版本2：地理（按省份分类）2008-2024\2008-2024·（湖北）地理高考真题\2017年高考地理试卷（新课标Ⅰ）（空白卷）.pdf,papers/2017/地理/全国/新课标全国I卷/2017_地理_湖北_新课标全国I卷_原卷.pdf,2
2017,地理,湖南,老高考,2021,全国卷,common,新课标全国I卷,present_common,H:\New folder\【新·PDF版】2008-2024·高考地理真题\版本2：地理（按省份分类）2008-2024\2008-2024·（湖南）地理高考真题\2017年高考地理试卷（新课标Ⅰ）（空白卷）.pdf,papers/2017/地理/全国/新课标全国I卷/2017_地理_湖南_新课标全国I卷_原卷.pdf,2
2017,地理,广东,老高考,2021,全国卷,common,新课标全国I卷,present_common,H:\New folder\【新·PDF版】2008-2024·高考地理真题\版本2：地理（按省份分类）2008-2024\2008-2024·（广东）地理高考真题\2017年高考地理试卷（新课标Ⅰ）（空白卷）.pdf,papers/2017/地理/全国/新课标全国I卷/2017_地理_广东_新课标全国I卷_原卷.pdf,2
2017,地理,广西,老高考,2024,全国卷,common,新课标全国III卷,present_common,H:\New folder\【新·PDF版】2008-2024·高考地理真题\版本2：地理（按省份分类）2008-2024\2008-2023·（广西）地理高考真题\2017年高考地理试卷（新课标Ⅲ）（空白卷）.pdf,papers/2017/地理/全国/新课标全国III卷/2017_地理_广西_新课标全国III卷_原卷.pdf,2
2017,地理,海南,老高考,2020,地方/区域卷,local,海南卷,present_local,H:\New folder\【新·PDF版】2008-2024·高考地理真题\版本2：地理（按省份分类）2008-2024\2008-2023·（海南）地理高考真题\2017年高考地理试卷（海南）（空白卷）.pdf,papers/2017/地理/海南/海南卷/2017_地理_海南_海南卷_原卷.pdf,2
2017,地理,重庆,老高考,2021,全国卷,common,新课标全国II卷,present_common,H:\New folder\【新·PDF版】2008-2024·高考地理真题\版本2：地理（按省份分类）2008-2024\2012-2023·（重庆）地理高考真题\2017年高考地理试卷（新课标Ⅱ）（空白卷）.pdf,papers/2017/地理/全国/新课标全国II卷/2017_地理_重庆_新课标全国II卷_原卷.pdf,2
2017,地理,四川,老高考,2025,全国卷,common,新课标全国III卷,present_common,H:\New folder\【新·PDF版】2008-2024·高考地理真题\版本2：地理（按省份分类）2008-2024\2008-2024·（四川）地理高考真题\2017年高考地理试卷（新课标Ⅲ）（空白卷）.pdf,papers/2017/地理/全国/新课标全国III卷/2017_地理_四川_新课标全国III卷_原卷.pdf,2
2017,地理,贵州,老高考,2024,全国卷,common,新课标全国III卷,present_common,H:\New folder\【新·PDF版】2008-2024·高考地理真题\版本2：地理（按省份分类）2008-2024\2008-2023·（贵州）地理高考真题\2017年高考地理试卷（新课标Ⅲ）（空白卷）.pdf,papers/2017/地理/全国/新课标全国III卷/2017_地理_贵州_新课标全国III卷_原卷.pdf,2
2017,地理,云南,老高考,2025,全国卷,common,新课标全国III卷,present_common,H:\New folder\【新·PDF版】2008-2024·高考地理真题\版本2：地理（按省份分类）2008-2024\2008-2024·（云南）地理高考真题\2017年高考地理试卷（新课标Ⅲ）（空白卷）.pdf,papers/2017/地理/全国/新课标全国III卷/2017_地理_云南_新课标全国III卷_原卷.pdf,2
2017,地理,西藏,老高考,,全国卷,common,新课标全国II卷,present_common,H:\New folder\【新·PDF版】2008-2024·高考地理真题\版本2：地理（按省份分类）2008-2024\2008-2024·（西藏）地理高考真题\2017年高考地理试卷（新课标Ⅱ）（空白卷）.pdf,papers/2017/地理/全国/新课标全国II卷/2017_地理_西藏_新课标全国II卷_原卷.pdf,2
2017,地理,陕西,老高考,2025,全国卷,common,新课标全国II卷,present_common,H:\New folder\【新·PDF版】2008-2024·高考地理真题\版本2：地理（按省份分类）2008-2024\2008-2024·（陕西）地理高考真题\2017年高考地理试卷（新课标Ⅱ）（空白卷）.pdf,papers/2017/地理/全国/新课标全国II卷/2017_地理_陕西_新课标全国II卷_原卷.pdf,2
2017,地理,甘肃,老高考,2024,全国卷,common,新课标全国II卷,present_common,H:\New folder\【新·PDF版】2008-2024·高考地理真题\版本2：地理（按省份分类）2008-2024\2008-2024·（甘肃）地理高考真题\2017年高考地理试卷（新课标Ⅱ）（空白卷）.pdf,papers/2017/地理/全国/新课标全国II卷/2017_地理_甘肃_新课标全国II卷_原卷.pdf,2
2017,地理,青海,老高考,2025,全国卷,common,新课标全国II卷,present_common,H:\New folder\【新·PDF版】2008-2024·高考地理真题\版本2：地理（按省份分类）2008-2024\2008-2024·（青海）地理高考真题\2017年高考地理试卷（新课标Ⅱ）（空白卷）.pdf,papers/2017/地理/全国/新课标全国II卷/2017_地理_青海_新课标全国II卷_原卷.pdf,2
2017,地理,宁夏,老高考,2025,全国卷,common,新课标全国II卷,present_common,H:\New folder\【新·PDF版】2008-2024·高考地理真题\版本2：地理（按省份分类）2008-2024\2010-2024·（宁夏）地理高考真题\2017年高考地理试卷（新课标Ⅱ）（空白卷）.pdf,papers/2017/地理/全国/新课标全国II卷/2017_地理_宁夏_新课标全国II卷_原卷.pdf,2
2017,地理,新疆,老高考,,全国卷,common,新课标全国II卷,present_common,H:\New folder\【新·PDF版】2008-2024·高考地理真题\版本2：地理（按省份分类）2008-2024\2008-2024·（新疆）地理高考真题\2017年高考地理试卷（新课标Ⅱ）（空白卷）.pdf,papers/2017/地理/全国/新课标全国II卷/2017_地理_新疆_新课标全国II卷_原卷.pdf,2
2018,语文,北京,老高考,2020,地方/区域卷,local,北京卷,present_local,H:\New folder\【新·PDF版】2008-2024·高考语文真题\版本2：语文（按省份分类）2008-2024\2008-2024·（北京）语文高考真题\2018年高考语文试卷（北京）（空白卷）.pdf,papers/2018/语文/北京/北京卷/2018_语文_北京_北京卷_原卷.pdf,2
2018,语文,天津,老高考,2020,地方/区域卷,local,天津卷,present_local,H:\New folder\【新·PDF版】2008-2024·高考语文真题\版本2：语文（按省份分类）2008-2024\2008-2023·（天津）语文高考真题\2018年高考语文试卷（天津）（空白卷）.pdf,papers/2018/语文/天津/天津卷/2018_语文_天津_天津卷_原卷.pdf,2
2018,语文,河北,老高考,2021,全国卷,common,新课标全国I卷,present_common,H:\New folder\【新·PDF版】2008-2024·高考语文真题\版本2：语文（按省份分类）2008-2024\2008-2024·（河北）语文高考真题\2018年高考语文试卷（新课标Ⅰ卷）（空白卷）.pdf,papers/2018/语文/全国/新课标全国I卷/2018_语文_河北_新课标全国I卷_原卷.pdf,2
2018,语文,山西,老高考,2025,全国卷,common,新课标全国I卷,present_common,H:\New folder\【新·PDF版】2008-2024·高考语文真题\版本2：语文（按省份分类）2008-2024\2008-2024·（山西）语文高考真题\2018年高考语文试卷（新课标Ⅰ卷）（空白卷）.pdf,papers/2018/语文/全国/新课标全国I卷/2018_语文_山西_新课标全国I卷_原卷.pdf,2
2018,语文,内蒙古,老高考,2025,全国卷,common,新课标全国II卷,present_common,H:\New folder\【新·PDF版】2008-2024·高考语文真题\版本2：语文（按省份分类）2008-2024\2008-2024·（内蒙古）语文高考真题\2018年高考语文试卷（新课标Ⅱ卷）（空白卷）.pdf,papers/2018/语文/全国/新课标全国II卷/2018_语文_内蒙古_新课标全国II卷_原卷.pdf,2
2018,语文,辽宁,老高考,2021,全国卷,common,新课标全国II卷,present_common,H:\New folder\【新·PDF版】2008-2024·高考语文真题\版本2：语文（按省份分类）2008-2024\2012-2024·（辽宁）语文高考真题\2018年高考语文试卷（新课标Ⅱ卷）（空白卷）.pdf,papers/2018/语文/全国/新课标全国II卷/2018_语文_辽宁_新课标全国II卷_原卷.pdf,3
2018,语文,吉林,老高考,2024,全国卷,common,新课标全国II卷,present_common,H:\New folder\【新·PDF版】2008-2024·高考语文真题\版本2：语文（按省份分类）2008-2024\2008-2024·（吉林）语文高考真题\2018年高考语文试卷（新课标Ⅱ卷）（空白卷）.pdf,papers/2018/语文/全国/新课标全国II卷/2018_语文_吉林_新课标全国II卷_原卷.pdf,3
2018,语文,黑龙江,老高考,2024,全国卷,common,新课标全国II卷,present_common,H:\New folder\【新·PDF版】2008-2024·高考语文真题\版本2：语文（按省份分类）2008-2024\2008-2024·（黑龙江）语文高考真题\2018年高考语文试卷（新课标Ⅱ卷）（空白卷）.pdf,papers/2018/语文/全国/新课标全国II卷/2018_语文_黑龙江_新课标全国II卷_原卷.pdf,2
2018,语文,江苏,老高考,2021,地方/区域卷,local,江苏卷,present_local,H:\New folder\【新·PDF版】2008-2024·高考语文真题\版本2：语文（按省份分类）2008-2024\2008-2024·（江苏）语文高考真题\2018年高考语文试卷（江苏）（空白卷）   .pdf,papers/2018/语文/江苏/江苏卷/2018_语文_江苏_江苏卷_原卷.pdf,2
2018,语文,安徽,老高考,2024,全国卷,common,新课标全国I卷,present_common,H:\New folder\【新·PDF版】2008-2024·高考语文真题\版本2：语文（按省份分类）2008-2024\2012-2024·（安徽）语文高考真题\2018年高考语文试卷（新课标Ⅰ卷）（空白卷）.pdf,papers/2018/语文/全国/新课标全国I卷/2018_语文_安徽_新课标全国I卷_原卷.pdf,2
2018,语文,福建,老高考,2021,全国卷,common,新课标全国I卷,present_common,H:\New folder\【新·PDF版】2008-2024·高考语文真题\版本2：语文（按省份分类）2008-2024\2012-2024·（福建）语文高考真题\2018年高考语文试卷（新课标Ⅰ卷）（空白卷）.pdf,papers/2018/语文/全国/新课标全国I卷/2018_语文_福建_新课标全国I卷_原卷.pdf,2
2018,语文,江西,老高考,2024,全国卷,common,新课标全国I卷,present_common,H:\New folder\【新·PDF版】2008-2024·高考语文真题\版本2：语文（按省份分类）2008-2024\2012-2024·（江西）语文高考真题\2018年高考语文试卷（新课标Ⅰ卷）（空白卷）.pdf,papers/2018/语文/全国/新课标全国I卷/2018_语文_江西_新课标全国I卷_原卷.pdf,2
2018,语文,山东,老高考,2020,全国卷,common,新课标全国I卷,present_common,H:\New folder\【新·PDF版】2008-2024·高考语文真题\版本2：语文（按省份分类）2008-2024\2008-2024·（山东）语文高考真题\2018年高考语文试卷（新课标Ⅰ卷）（空白卷）.pdf,papers/2018/语文/全国/新课标全国I卷/2018_语文_山东_新课标全国I卷_原卷.pdf,2
2018,语文,河南,老高考,2025,全国卷,common,新课标全国I卷,present_common,H:\New folder\【新·PDF版】2008-2024·高考语文真题\版本2：语文（按省份分类）2008-2024\2008-2024·（河南）语文高考真题\2018年高考语文试卷（新课标Ⅰ卷）（空白卷）.pdf,papers/2018/语文/全国/新课标全国I卷/2018_语文_河南_新课标全国I卷_原卷.pdf,2
2018,语文,湖北,老高考,2021,全国卷,common,新课标全国I卷,present_common,H:\New folder\【新·PDF版】2008-2024·高考语文真题\版本2：语文（按省份分类）2008-2024\2012-2024·（湖北）语文高考真题\2018年高考语文试卷（新课标Ⅰ卷）（空白卷）.pdf,papers/2018/语文/全国/新课标全国I卷/2018_语文_湖北_新课标全国I卷_原卷.pdf,2
2018,语文,湖南,老高考,2021,全国卷,common,新课标全国I卷,present_common,H:\New folder\【新·PDF版】2008-2024·高考语文真题\版本2：语文（按省份分类）2008-2024\2008-2024·（湖南）语文高考真题\2018年高考语文试卷（新课标Ⅰ卷）（空白卷）.pdf,papers/2018/语文/全国/新课标全国I卷/2018_语文_湖南_新课标全国I卷_原卷.pdf,2
2018,语文,广东,老高考,2021,全国卷,common,新课标全国I卷,present_common,H:\New folder\【新·PDF版】2008-2024·高考语文真题\版本2：语文（按省份分类）2008-2024\2008-2024·（广东）语文高考真题\2018年高考语文试卷（新课标Ⅰ卷）（空白卷）.pdf,papers/2018/语文/全国/新课标全国I卷/2018_语文_广东_新课标全国I卷_原卷.pdf,2
2018,语文,广西,老高考,2024,全国卷,common,新课标全国III卷,present_common,H:\New folder\【新·PDF版】2008-2024·高考语文真题\版本2：语文（按省份分类）2008-2024\2008-2024·（广西）语文高考真题\2018年高考语文试卷（新课标Ⅲ卷）（空白卷）.pdf,papers/2018/语文/全国/新课标全国III卷/2018_语文_广西_新课标全国III卷_原卷.pdf,2
2018,语文,海南,老高考,2020,全国卷,common,新课标全国II卷,present_common,H:\New folder\【新·PDF版】2008-2024·高考语文真题\版本2：语文（按省份分类）2008-2024\2008-2024·（海南）语文高考真题\2018年高考语文试卷（新课标Ⅱ卷）（空白卷）.pdf,papers/2018/语文/全国/新课标全国II卷/2018_语文_海南_新课标全国II卷_原卷.pdf,2
2018,语文,重庆,老高考,2021,全国卷,common,新课标全国II卷,present_common,H:\New folder\【新·PDF版】2008-2024·高考语文真题\版本2：语文（按省份分类）2008-2024\2012-2024·（重庆）语文高考真题\2018年高考语文试卷（新课标Ⅱ卷）（空白卷）.pdf,papers/2018/语文/全国/新课标全国II卷/2018_语文_重庆_新课标全国II卷_原卷.pdf,2
2018,语文,四川,老高考,2025,全国卷,common,新课标全国III卷,present_common,H:\New folder\【新·PDF版】2008-2024·高考语文真题\版本2：语文（按省份分类）2008-2024\2008-2024·（四川）语文高考真题\2018年高考语文试卷（新课标Ⅲ卷）（空白卷）.pdf,papers/2018/语文/全国/新课标全国III卷/2018_语文_四川_新课标全国III卷_原卷.pdf,2
2018,语文,贵州,老高考,2024,全国卷,common,新课标全国III卷,present_common,H:\New folder\【新·PDF版】2008-2024·高考语文真题\版本2：语文（按省份分类）2008-2024\2008-2024·（贵州）语文高考真题\2018年高考语文试卷（新课标Ⅲ卷）（空白卷）(1).pdf,papers/2018/语文/全国/新课标全国III卷/2018_语文_贵州_新课标全国III卷_原卷.pdf,3
2018,语文,云南,老高考,2025,全国卷,common,新课标全国III卷,present_common,H:\New folder\【新·PDF版】2008-2024·高考语文真题\版本2：语文（按省份分类）2008-2024\2008-2024·（云南）语文高考真题\2018年高考语文试卷（新课标Ⅲ卷）（空白卷）.pdf,papers/2018/语文/全国/新课标全国III卷/2018_语文_云南_新课标全国III卷_原卷.pdf,2
2018,语文,西藏,老高考,,全国卷,common,新课标全国II卷,present_common,H:\New folder\【新·PDF版】2008-2024·高考语文真题\版本2：语文（按省份分类）2008-2024\2008-2024·（西藏）语文高考真题\2018年高考语文试卷（新课标Ⅱ卷）（空白卷）.pdf,papers/2018/语文/全国/新课标全国II卷/2018_语文_西藏_新课标全国II卷_原卷.pdf,2
2018,语文,陕西,老高考,2025,全国卷,common,新课标全国II卷,present_common,H:\New folder\【新·PDF版】2008-2024·高考语文真题\版本2：语文（按省份分类）2008-2024\2008-2024·（陕西）语文高考真题\2018年高考语文试卷（新课标Ⅱ卷）（空白卷）.pdf,papers/2018/语文/全国/新课标全国II卷/2018_语文_陕西_新课标全国II卷_原卷.pdf,2
2018,语文,甘肃,老高考,2024,全国卷,common,新课标全国I卷,present_common,H:\New folder\【新·PDF版】2008-2024·高考语文真题\版本2：语文（按省份分类）2008-2024\2008-2024·（甘肃）语文高考真题\2018年高考语文试卷（新课标Ⅰ卷）（空白卷）.pdf,papers/2018/语文/全国/新课标全国I卷/2018_语文_甘肃_新课标全国I卷_原卷.pdf,3
2018,语文,青海,老高考,2025,全国卷,common,新课标全国II卷,present_common,H:\New folder\【新·PDF版】2008-2024·高考语文真题\版本2：语文（按省份分类）2008-2024\2008-2024·（青海）语文高考真题\2018年高考语文试卷（新课标Ⅱ卷）（空白卷）.pdf,papers/2018/语文/全国/新课标全国II卷/2018_语文_青海_新课标全国II卷_原卷.pdf,2
2018,语文,宁夏,老高考,2025,全国卷,common,新课标全国II卷,present_common,H:\New folder\【新·PDF版】2008-2024·高考语文真题\版本2：语文（按省份分类）2008-2024\2008-2024·（宁夏）语文高考真题\2018年高考语文试卷（新课标Ⅱ卷）（空白卷）.pdf,papers/2018/语文/全国/新课标全国II卷/2018_语文_宁夏_新课标全国II卷_原卷.pdf,2
2018,语文,新疆,老高考,,全国卷,common,新课标全国II卷,present_common,H:\New folder\【新·PDF版】2008-2024·高考语文真题\版本2：语文（按省份分类）2008-2024\2008-2024·（新疆）语文高考真题\2018年高考语文试卷（新课标Ⅱ卷）（空白卷）.pdf,papers/2018/语文/全国/新课标全国II卷/2018_语文_新疆_新课标全国II卷_原卷.pdf,2
2018,数学,北京,老高考,2020,地方/区域卷,local,北京卷,present_local,H:\New folder\【新】2008-2024·高考数学真题\【PDF版】2008-2024·高考数学真题\版本2：数学（按省份分类）2008-2024\2008-2024·（北京）数学高考真题\2018年高考数学试卷（文）（北京）（空白卷）.pdf,papers/2018/数学/北京/北京卷/2018_数学_北京_北京卷_原卷.pdf,4
2018,数学,天津,老高考,2020,地方/区域卷,local,天津卷,present_local,H:\New folder\【新】2008-2024·高考数学真题\【PDF版】2008-2024·高考数学真题\版本2：数学（按省份分类）2008-2024\2008-2024·（天津）数学高考真题\2018年高考数学试卷（文）（天津）（空白卷）.pdf,papers/2018/数学/天津/天津卷/2018_数学_天津_天津卷_原卷.pdf,4
2018,数学,河北,老高考,2021,全国卷,common,新课标全国I卷,present_common,H:\New folder\【新】2008-2024·高考数学真题\【PDF版】2008-2024·高考数学真题\版本2：数学（按省份分类）2008-2024\2008-2024·（河北）数学高考真题\2018年高考数学试卷（文）（新课标Ⅰ）（空白卷）.pdf,papers/2018/数学/全国/新课标全国I卷/2018_数学_河北_新课标全国I卷_原卷.pdf,4
2018,数学,山西,老高考,2025,全国卷,common,新课标全国I卷,present_common,H:\New folder\【新】2008-2024·高考数学真题\【PDF版】2008-2024·高考数学真题\版本2：数学（按省份分类）2008-2024\2008-2024·（山西）数学高考真题\2018年高考数学试卷（文）（新课标Ⅰ）（空白卷）.pdf,papers/2018/数学/全国/新课标全国I卷/2018_数学_山西_新课标全国I卷_原卷.pdf,4
2018,数学,内蒙古,老高考,2025,全国卷,common,新课标全国II卷,present_common,H:\New folder\【新】2008-2024·高考数学真题\【PDF版】2008-2024·高考数学真题\版本2：数学（按省份分类）2008-2024\2008-2024·（内蒙古）数学高考真题\2018年高考数学试卷（文）（新课标Ⅱ）（空白卷）.pdf,papers/2018/数学/全国/新课标全国II卷/2018_数学_内蒙古_新课标全国II卷_原卷.pdf,4
2018,数学,辽宁,老高考,2021,全国卷,common,新课标全国II卷,present_common,H:\New folder\【新】2008-2024·高考数学真题\【PDF版】2008-2024·高考数学真题\版本2：数学（按省份分类）2008-2024\2008-2024·（辽宁）数学高考真题\2018年高考数学试卷（文）（新课标Ⅱ）（空白卷）.pdf,papers/2018/数学/全国/新课标全国II卷/2018_数学_辽宁_新课标全国II卷_原卷.pdf,4
2018,数学,吉林,老高考,2024,全国卷,common,新课标全国II卷,present_common,H:\New folder\【新】2008-2024·高考数学真题\【PDF版】2008-2024·高考数学真题\版本2：数学（按省份分类）2008-2024\2008-2024·（吉林）数学高考真题\2018年高考数学试卷（文）（新课标Ⅱ）（空白卷）.pdf,papers/2018/数学/全国/新课标全国II卷/2018_数学_吉林_新课标全国II卷_原卷.pdf,4
2018,数学,黑龙江,老高考,2024,全国卷,common,新课标全国II卷,present_common,H:\New folder\【新】2008-2024·高考数学真题\【PDF版】2008-2024·高考数学真题\版本2：数学（按省份分类）2008-2024\2008-2024·（黑龙江）数学高考真题\2018年高考数学试卷（文）（新课标Ⅱ）（空白卷）.pdf,papers/2018/数学/全国/新课标全国II卷/2018_数学_黑龙江_新课标全国II卷_原卷.pdf,4
2018,数学,江苏,老高考,2021,地方/区域卷,local,江苏卷,present_local,H:\New folder\【新】2008-2024·高考数学真题\【PDF版】2008-2024·高考数学真题\版本2：数学（按省份分类）2008-2024\2008-2024·（江苏）数学高考真题\2018年高考数学试卷（江苏）（空白卷）.pdf,papers/2018/数学/江苏/江苏卷/2018_数学_江苏_江苏卷_原卷.pdf,2
2018,数学,安徽,老高考,2024,全国卷,common,新课标全国I卷,present_common,H:\New folder\【新】2008-2024·高考数学真题\【PDF版】2008-2024·高考数学真题\版本2：数学（按省份分类）2008-2024\2012-2024·（安徽）数学高考真题\2018年高考数学试卷（文）（新课标Ⅰ）（空白卷）.pdf,papers/2018/数学/全国/新课标全国I卷/2018_数学_安徽_新课标全国I卷_原卷.pdf,4
2018,数学,福建,老高考,2021,全国卷,common,新课标全国I卷,present_common,H:\New folder\【新】2008-2024·高考数学真题\【PDF版】2008-2024·高考数学真题\版本2：数学（按省份分类）2008-2024\2012-2024·（福建）数学高考真题\2018年高考数学试卷（文）（新课标Ⅰ）（空白卷）.pdf,papers/2018/数学/全国/新课标全国I卷/2018_数学_福建_新课标全国I卷_原卷.pdf,4
2018,数学,江西,老高考,2024,全国卷,common,新课标全国I卷,present_common,H:\New folder\【新】2008-2024·高考数学真题\【PDF版】2008-2024·高考数学真题\版本2：数学（按省份分类）2008-2024\2008-2024·（江西）数学高考真题\2018年高考数学试卷（文）（新课标Ⅰ）（空白卷）.pdf,papers/2018/数学/全国/新课标全国I卷/2018_数学_江西_新课标全国I卷_原卷.pdf,4
2018,数学,山东,老高考,2020,全国卷,common,新课标全国I卷,present_common,H:\New folder\【新】2008-2024·高考数学真题\【PDF版】2008-2024·高考数学真题\版本2：数学（按省份分类）2008-2024\2008-2024·（山东）数学高考真题\2018年高考数学试卷（文）（新课标Ⅰ）（空白卷）.pdf,papers/2018/数学/全国/新课标全国I卷/2018_数学_山东_新课标全国I卷_原卷.pdf,4
2018,数学,河南,老高考,2025,全国卷,common,新课标全国I卷,present_common,H:\New folder\【新】2008-2024·高考数学真题\【PDF版】2008-2024·高考数学真题\版本2：数学（按省份分类）2008-2024\2008-2024·（河南）数学高考真题\2018年高考数学试卷（文）（新课标Ⅰ）（空白卷）.pdf,papers/2018/数学/全国/新课标全国I卷/2018_数学_河南_新课标全国I卷_原卷.pdf,4
2018,数学,湖北,老高考,2021,全国卷,common,新课标全国I卷,present_common,H:\New folder\【新】2008-2024·高考数学真题\【PDF版】2008-2024·高考数学真题\版本2：数学（按省份分类）2008-2024\2012-2024·（湖北）数学高考真题\2018年高考数学试卷（文）（新课标Ⅰ）（空白卷）.pdf,papers/2018/数学/全国/新课标全国I卷/2018_数学_湖北_新课标全国I卷_原卷.pdf,4
2018,数学,湖南,老高考,2021,全国卷,common,新课标全国I卷,present_common,H:\New folder\【新】2008-2024·高考数学真题\【PDF版】2008-2024·高考数学真题\版本2：数学（按省份分类）2008-2024\2008-2024·（湖南）数学高考真题\2018年高考数学试卷（文）（新课标Ⅰ）（空白卷）.pdf,papers/2018/数学/全国/新课标全国I卷/2018_数学_湖南_新课标全国I卷_原卷.pdf,4
2018,数学,广东,老高考,2021,全国卷,common,新课标全国I卷,present_common,H:\New folder\【新】2008-2024·高考数学真题\【PDF版】2008-2024·高考数学真题\版本2：数学（按省份分类）2008-2024\2008-2024·（广东）数学高考真题\2018年高考数学试卷（文）（新课标Ⅰ）（空白卷）.pdf,papers/2018/数学/全国/新课标全国I卷/2018_数学_广东_新课标全国I卷_原卷.pdf,4
2018,数学,广西,老高考,2024,全国卷,common,新课标全国III卷,present_common,H:\New folder\【新】2008-2024·高考数学真题\【PDF版】2008-2024·高考数学真题\版本2：数学（按省份分类）2008-2024\2008-2024·（广西）数学高考真题\2018年高考数学试卷（文）（新课标Ⅲ）（空白卷）.pdf,papers/2018/数学/全国/新课标全国III卷/2018_数学_广西_新课标全国III卷_原卷.pdf,4
2018,数学,海南,老高考,2020,全国卷,common,新课标全国II卷,present_common,H:\New folder\【新】2008-2024·高考数学真题\【PDF版】2008-2024·高考数学真题\版本2：数学（按省份分类）2008-2024\2008-2024·（海南）数学高考真题\2018年高考数学试卷（文）（新课标Ⅱ）（空白卷）.pdf,papers/2018/数学/全国/新课标全国II卷/2018_数学_海南_新课标全国II卷_原卷.pdf,4
2018,数学,重庆,老高考,2021,全国卷,common,新课标全国II卷,present_common,H:\New folder\【新】2008-2024·高考数学真题\【PDF版】2008-2024·高考数学真题\版本2：数学（按省份分类）2008-2024\2012-2024·（重庆）数学高考真题\2018年高考数学试卷（文）（新课标Ⅱ）（空白卷）.pdf,papers/2018/数学/全国/新课标全国II卷/2018_数学_重庆_新课标全国II卷_原卷.pdf,4
2018,数学,四川,老高考,2025,全国卷,common,新课标全国III卷,present_common,H:\New folder\【新】2008-2024·高考数学真题\【PDF版】2008-2024·高考数学真题\版本2：数学（按省份分类）2008-2024\2008-2024·（四川）数学高考真题\2018年高考数学试卷（文）（新课标Ⅲ）（空白卷）.pdf,papers/2018/数学/全国/新课标全国III卷/2018_数学_四川_新课标全国III卷_原卷.pdf,4
2018,数学,贵州,老高考,2024,全国卷,common,新课标全国III卷,present_common,H:\New folder\【新】2008-2024·高考数学真题\【PDF版】2008-2024·高考数学真题\版本2：数学（按省份分类）2008-2024\2008-2024·（贵州）数学高考真题\2018年高考数学试卷（文）（新课标Ⅲ）（空白卷）.pdf,papers/2018/数学/全国/新课标全国III卷/2018_数学_贵州_新课标全国III卷_原卷.pdf,4
2018,数学,云南,老高考,2025,全国卷,common,新课标全国III卷,present_common,H:\New folder\【新】2008-2024·高考数学真题\【PDF版】2008-2024·高考数学真题\版本2：数学（按省份分类）2008-2024\2008-2024·（云南）数学高考真题\2018年高考数学试卷（文）（新课标Ⅲ）（空白卷）.pdf,papers/2018/数学/全国/新课标全国III卷/2018_数学_云南_新课标全国III卷_原卷.pdf,4
2018,数学,西藏,老高考,,全国卷,common,新课标全国II卷,present_common,H:\New folder\【新】2008-2024·高考数学真题\【PDF版】2008-2024·高考数学真题\版本2：数学（按省份分类）2008-2024\2008-2024·（西藏）数学高考真题\2018年高考数学试卷（文）（新课标Ⅱ）（空白卷）.pdf,papers/2018/数学/全国/新课标全国II卷/2018_数学_西藏_新课标全国II卷_原卷.pdf,4
2018,数学,陕西,老高考,2025,全国卷,common,新课标全国II卷,present_common,H:\New folder\【新】2008-2024·高考数学真题\【PDF版】2008-2024·高考数学真题\版本2：数学（按省份分类）2008-2024\2008-2024·（陕西）数学高考真题\2018年高考数学试卷（文）（新课标Ⅱ）（空白卷）.pdf,papers/2018/数学/全国/新课标全国II卷/2018_数学_陕西_新课标全国II卷_原卷.pdf,4
2018,数学,甘肃,老高考,2024,全国卷,common,新课标全国II卷,present_common,H:\New folder\【新】2008-2024·高考数学真题\【PDF版】2008-2024·高考数学真题\版本2：数学（按省份分类）2008-2024\2008-2024·（甘肃）数学高考真题\2018年高考数学试卷（文）（新课标Ⅱ）（空白卷）.pdf,papers/2018/数学/全国/新课标全国II卷/2018_数学_甘肃_新课标全国II卷_原卷.pdf,4
2018,数学,青海,老高考,2025,全国卷,common,新课标全国II卷,present_common,H:\New folder\【新】2008-2024·高考数学真题\【PDF版】2008-2024·高考数学真题\版本2：数学（按省份分类）2008-2024\2008-2024·（青海）数学高考真题\2018年高考数学试卷（文）（新课标Ⅱ）（空白卷）.pdf,papers/2018/数学/全国/新课标全国II卷/2018_数学_青海_新课标全国II卷_原卷.pdf,4
2018,数学,宁夏,老高考,2025,全国卷,common,新课标全国II卷,present_common,H:\New folder\【新】2008-2024·高考数学真题\【PDF版】2008-2024·高考数学真题\版本2：数学（按省份分类）2008-2024\2008-2024·（宁夏）数学高考真题\2018年高考数学试卷（文）（新课标Ⅱ）（空白卷）.pdf,papers/2018/数学/全国/新课标全国II卷/2018_数学_宁夏_新课标全国II卷_原卷.pdf,4
2018,数学,新疆,老高考,,全国卷,common,新课标全国II卷,present_common,H:\New folder\【新】2008-2024·高考数学真题\【PDF版】2008-2024·高考数学真题\版本2：数学（按省份分类）2008-2024\2008-2024·（新疆）数学高考真题\2018年高考数学试卷（文）（新课标Ⅱ）（空白卷）.pdf,papers/2018/数学/全国/新课标全国II卷/2018_数学_新疆_新课标全国II卷_原卷.pdf,4
2018,英语,北京,老高考,2020,地方/区域卷,local,北京卷,present_local,H:\New folder\【新·PDF版】2008-2024·高考英语真题\版本2：英语（按省份分类）2008-2024\2008-2024·（北京）英语高考真题\2018年高考英语试卷（北京）（机考 无听力）（空白卷）.pdf,papers/2018/英语/北京/北京卷/2018_英语_北京_北京卷_原卷.pdf,2
2018,英语,天津,老高考,2020,地方/区域卷,local,天津卷,present_local,H:\New folder\【新·PDF版】2008-2024·高考英语真题\版本2：英语（按省份分类）2008-2024\2008-2023·（天津）英语高考真题\2018年高考英语试卷（天津）（空白卷）.pdf,papers/2018/英语/天津/天津卷/2018_英语_天津_天津卷_原卷.pdf,2
2018,英语,河北,老高考,2021,全国卷,common,新课标全国I卷,present_common,H:\New folder\【新·PDF版】2008-2024·高考英语真题\版本2：英语（按省份分类）2008-2024\2008-2024·（河北）英语高考真题\2018年高考英语试卷（新课标Ⅰ卷）听力音频.mp3,papers/2018/英语/全国/新课标全国I卷/2018_英语_河北_新课标全国I卷_原卷.mp3,3
2018,英语,山西,老高考,2025,全国卷,common,新课标全国I卷,present_common,H:\New folder\【新·PDF版】2008-2024·高考英语真题\版本2：英语（按省份分类）2008-2024\2008-2024·（山西）英语高考真题\2018年高考英语试卷（新课标Ⅰ卷）听力音频.mp3,papers/2018/英语/全国/新课标全国I卷/2018_英语_山西_新课标全国I卷_原卷.mp3,3
2018,英语,内蒙古,老高考,2025,全国卷,common,新课标全国II卷,present_common,H:\New folder\【新·PDF版】2008-2024·高考英语真题\版本2：英语（按省份分类）2008-2024\2008-2024·（内蒙古）英语高考真题\2018年高考英语试卷（新课标Ⅱ卷）听力音频.mp3,papers/2018/英语/全国/新课标全国II卷/2018_英语_内蒙古_新课标全国II卷_原卷.mp3,3
2018,英语,辽宁,老高考,2021,全国卷,common,新课标全国II卷,present_common,H:\New folder\【新·PDF版】2008-2024·高考英语真题\版本2：英语（按省份分类）2008-2024\2012-2024·（辽宁）英语高考真题\2018年高考英语试卷（新课标Ⅱ卷）听力音频.mp3,papers/2018/英语/全国/新课标全国II卷/2018_英语_辽宁_新课标全国II卷_原卷.mp3,3
2018,英语,吉林,老高考,2024,全国卷,common,新课标全国II卷,present_common,H:\New folder\【新·PDF版】2008-2024·高考英语真题\版本2：英语（按省份分类）2008-2024\2008-2024·（吉林）英语高考真题\2018年高考英语试卷（新课标Ⅱ卷）听力音频.mp3,papers/2018/英语/全国/新课标全国II卷/2018_英语_吉林_新课标全国II卷_原卷.mp3,3
2018,英语,黑龙江,老高考,2024,全国卷,common,新课标全国II卷,present_common,H:\New folder\【新·PDF版】2008-2024·高考英语真题\版本2：英语（按省份分类）2008-2024\2008-2024·（黑龙江）英语高考真题\2018年高考英语试卷（新课标Ⅱ卷）听力音频.mp3,papers/2018/英语/全国/新课标全国II卷/2018_英语_黑龙江_新课标全国II卷_原卷.mp3,3
2018,英语,江苏,老高考,2021,地方/区域卷,local,江苏卷,present_local,H:\New folder\【新·PDF版】2008-2024·高考英语真题\版本2：英语（按省份分类）2008-2024\2008-2024·（江苏）英语高考真题\2018年高考英语试卷（江苏）听力音频.mp3,papers/2018/英语/江苏/江苏卷/2018_英语_江苏_江苏卷_原卷.mp3,3
2018,英语,安徽,老高考,2024,全国卷,common,新课标全国I卷,present_common,H:\New folder\【新·PDF版】2008-2024·高考英语真题\版本2：英语（按省份分类）2008-2024\2012-2024·（安徽）英语高考真题\2018年高考英语试卷（新课标Ⅰ卷）听力音频.mp3,papers/2018/英语/全国/新课标全国I卷/2018_英语_安徽_新课标全国I卷_原卷.mp3,3
2018,英语,福建,老高考,2021,全国卷,common,新课标全国I卷,present_common,H:\New folder\【新·PDF版】2008-2024·高考英语真题\版本2：英语（按省份分类）2008-2024\2012-2024·（福建）英语高考真题\2018年高考英语试卷（新课标Ⅰ卷）听力音频.mp3,papers/2018/英语/全国/新课标全国I卷/2018_英语_福建_新课标全国I卷_原卷.mp3,3
2018,英语,江西,老高考,2024,全国卷,common,新课标全国I卷,present_common,H:\New folder\【新·PDF版】2008-2024·高考英语真题\版本2：英语（按省份分类）2008-2024\2012-2024·（江西）英语高考真题\2018年高考英语试卷（新课标Ⅰ卷）听力音频.mp3,papers/2018/英语/全国/新课标全国I卷/2018_英语_江西_新课标全国I卷_原卷.mp3,3
2018,英语,山东,老高考,2020,全国卷,common,新课标全国I卷,present_common,H:\New folder\【新·PDF版】2008-2024·高考英语真题\版本2：英语（按省份分类）2008-2024\2008-2024·（山东）英语高考真题\2018年高考英语试卷（新课标Ⅰ卷）听力音频.mp3,papers/2018/英语/全国/新课标全国I卷/2018_英语_山东_新课标全国I卷_原卷.mp3,3
2018,英语,河南,老高考,2025,全国卷,common,新课标全国I卷,present_common,H:\New folder\【新·PDF版】2008-2024·高考英语真题\版本2：英语（按省份分类）2008-2024\2008-2024·（河南）英语高考真题\2018年高考英语试卷（新课标Ⅰ卷）听力音频.mp3,papers/2018/英语/全国/新课标全国I卷/2018_英语_河南_新课标全国I卷_原卷.mp3,3
2018,英语,湖北,老高考,2021,全国卷,common,新课标全国I卷,present_common,H:\New folder\【新·PDF版】2008-2024·高考英语真题\版本2：英语（按省份分类）2008-2024\2012-2024·（湖北）英语高考真题\2018年高考英语试卷（新课标Ⅰ卷）听力音频.mp3,papers/2018/英语/全国/新课标全国I卷/2018_英语_湖北_新课标全国I卷_原卷.mp3,3
2018,英语,湖南,老高考,2021,全国卷,common,新课标全国I卷,present_common,H:\New folder\【新·PDF版】2008-2024·高考英语真题\版本2：英语（按省份分类）2008-2024\2008-2024·（湖南）英语高考真题\2018年高考英语试卷（新课标Ⅰ卷）听力音频.mp3,papers/2018/英语/全国/新课标全国I卷/2018_英语_湖南_新课标全国I卷_原卷.mp3,3
2018,英语,广东,老高考,2021,全国卷,common,新课标全国I卷,present_common,H:\New folder\【新·PDF版】2008-2024·高考英语真题\版本2：英语（按省份分类）2008-2024\2008-2024·（广东）英语高考真题\2018年高考英语试卷（新课标Ⅰ卷）听力音频.mp3,papers/2018/英语/全国/新课标全国I卷/2018_英语_广东_新课标全国I卷_原卷.mp3,3
2018,英语,广西,老高考,2024,全国卷,common,新课标全国III卷,present_common,H:\New folder\【新·PDF版】2008-2024·高考英语真题\版本2：英语（按省份分类）2008-2024\2008-2024·（广西）英语高考真题\2018年高考英语试卷（新课标Ⅲ卷）听力音频.mp3,papers/2018/英语/全国/新课标全国III卷/2018_英语_广西_新课标全国III卷_原卷.mp3,3
2018,英语,海南,老高考,2020,全国卷,common,新课标全国II卷,present_common,H:\New folder\【新·PDF版】2008-2024·高考英语真题\版本2：英语（按省份分类）2008-2024\2008-2024·（海南）英语高考真题\2018年高考英语试卷（新课标Ⅱ卷）听力音频.mp3,papers/2018/英语/全国/新课标全国II卷/2018_英语_海南_新课标全国II卷_原卷.mp3,3
2018,英语,重庆,老高考,2021,全国卷,common,新课标全国II卷,present_common,H:\New folder\【新·PDF版】2008-2024·高考英语真题\版本2：英语（按省份分类）2008-2024\2012-2024·（重庆）英语高考真题\2018年高考英语试卷（新课标Ⅱ卷）听力音频.mp3,papers/2018/英语/全国/新课标全国II卷/2018_英语_重庆_新课标全国II卷_原卷.mp3,3
2018,英语,四川,老高考,2025,全国卷,common,新课标全国III卷,present_common,H:\New folder\【新·PDF版】2008-2024·高考英语真题\版本2：英语（按省份分类）2008-2024\2008-2024·（四川）英语高考真题\2018年高考英语试卷（新课标Ⅲ卷）听力音频.mp3,papers/2018/英语/全国/新课标全国III卷/2018_英语_四川_新课标全国III卷_原卷.mp3,3
2018,英语,贵州,老高考,2024,全国卷,common,新课标全国III卷,present_common,H:\New folder\【新·PDF版】2008-2024·高考英语真题\版本2：英语（按省份分类）2008-2024\2008-2024·（贵州）英语高考真题\2018年高考英语试卷（新课标Ⅲ卷）听力音频.mp3,papers/2018/英语/全国/新课标全国III卷/2018_英语_贵州_新课标全国III卷_原卷.mp3,3
2018,英语,云南,老高考,2025,全国卷,common,新课标全国III卷,present_common,H:\New folder\【新·PDF版】2008-2024·高考英语真题\版本2：英语（按省份分类）2008-2024\2008-2024·（云南）英语高考真题\2018年高考英语试卷（新课标Ⅲ卷）听力音频.mp3,papers/2018/英语/全国/新课标全国III卷/2018_英语_云南_新课标全国III卷_原卷.mp3,3
2018,英语,西藏,老高考,,全国卷,common,新课标全国II卷,present_common,H:\New folder\【新·PDF版】2008-2024·高考英语真题\版本2：英语（按省份分类）2008-2024\2008-2024·（西藏）英语高考真题\2018年高考英语试卷（新课标Ⅱ卷）听力音频.mp3,papers/2018/英语/全国/新课标全国II卷/2018_英语_西藏_新课标全国II卷_原卷.mp3,3
2018,英语,陕西,老高考,2025,全国卷,common,新课标全国II卷,present_common,H:\New folder\【新·PDF版】2008-2024·高考英语真题\版本2：英语（按省份分类）2008-2024\2008-2024·（陕西）英语高考真题\2018年高考英语试卷（新课标Ⅱ卷）听力音频.mp3,papers/2018/英语/全国/新课标全国II卷/2018_英语_陕西_新课标全国II卷_原卷.mp3,3
2018,英语,甘肃,老高考,2024,全国卷,common,新课标全国II卷,present_common,H:\New folder\【新·PDF版】2008-2024·高考英语真题\版本2：英语（按省份分类）2008-2024\2008-2024·（甘肃）英语高考真题\2018年高考英语试卷（新课标Ⅱ卷）听力音频.mp3,papers/2018/英语/全国/新课标全国II卷/2018_英语_甘肃_新课标全国II卷_原卷.mp3,3
2018,英语,青海,老高考,2025,全国卷,common,新课标全国II卷,present_common,H:\New folder\【新·PDF版】2008-2024·高考英语真题\版本2：英语（按省份分类）2008-2024\2008-2024·（青海）英语高考真题\2018年高考英语试卷（新课标Ⅱ卷）听力音频.mp3,papers/2018/英语/全国/新课标全国II卷/2018_英语_青海_新课标全国II卷_原卷.mp3,3
2018,英语,宁夏,老高考,2025,全国卷,common,新课标全国II卷,present_common,H:\New folder\【新·PDF版】2008-2024·高考英语真题\版本2：英语（按省份分类）2008-2024\2008-2024·（宁夏）英语高考真题\2018年高考英语试卷（新课标Ⅱ卷）听力音频.mp3,papers/2018/英语/全国/新课标全国II卷/2018_英语_宁夏_新课标全国II卷_原卷.mp3,3
2018,英语,新疆,老高考,,全国卷,common,新课标全国II卷,present_common,H:\New folder\【新·PDF版】2008-2024·高考英语真题\版本2：英语（按省份分类）2008-2024\2008-2024·（新疆）英语高考真题\2018年高考英语试卷（新课标Ⅱ卷）听力音频.mp3,papers/2018/英语/全国/新课标全国II卷/2018_英语_新疆_新课标全国II卷_原卷.mp3,3
2018,物理,北京,老高考,2020,地方/区域卷,local,北京卷,present_local,H:\New folder\【新·PDF版】2008-2024·高考物理真题\版本2：物理（按省份分类）2008-2024\2008-2024·（北京）物理高考真题\2018年高考物理试卷（北京）（空白卷）.pdf,papers/2018/物理/北京/北京卷/2018_物理_北京_北京卷_原卷.pdf,2
2018,物理,天津,老高考,2020,地方/区域卷,local,天津卷,present_local,H:\New folder\【新·PDF版】2008-2024·高考物理真题\版本2：物理（按省份分类）2008-2024\2008-2023·（天津）物理高考真题\2018年高考物理试卷（天津）（空白卷）.pdf,papers/2018/物理/天津/天津卷/2018_物理_天津_天津卷_原卷.pdf,2
2018,物理,河北,老高考,2021,全国卷,common,新课标全国I卷,present_common,H:\New folder\【新·PDF版】2008-2024·高考物理真题\版本2：物理（按省份分类）2008-2024\2008-2024·（河北）物理高考真题\2018年高考物理试卷（新课标Ⅰ）（空白卷）.pdf,papers/2018/物理/全国/新课标全国I卷/2018_物理_河北_新课标全国I卷_原卷.pdf,2
2018,物理,山西,老高考,2025,全国卷,common,新课标全国I卷,present_common,H:\New folder\【新·PDF版】2008-2024·高考物理真题\版本2：物理（按省份分类）2008-2024\2008-2024·（山西）物理高考真题\2018年高考物理试卷（新课标Ⅰ）（空白卷）.pdf,papers/2018/物理/全国/新课标全国I卷/2018_物理_山西_新课标全国I卷_原卷.pdf,2
2018,物理,内蒙古,老高考,2025,全国卷,common,新课标全国II卷,present_common,H:\New folder\【新·PDF版】2008-2024·高考物理真题\版本2：物理（按省份分类）2008-2024\2008-2024·（内蒙古）物理高考真题\2018年高考物理试卷（新课标Ⅱ）（空白卷）.pdf,papers/2018/物理/全国/新课标全国II卷/2018_物理_内蒙古_新课标全国II卷_原卷.pdf,2
2018,物理,辽宁,老高考,2021,全国卷,common,新课标全国II卷,present_common,H:\New folder\【新·PDF版】2008-2024·高考物理真题\版本2：物理（按省份分类）2008-2024\2010-2024·（辽宁）物理高考真题\2018年高考物理试卷（新课标Ⅱ）（空白卷）.pdf,papers/2018/物理/全国/新课标全国II卷/2018_物理_辽宁_新课标全国II卷_原卷.pdf,2
2018,物理,吉林,老高考,2024,全国卷,common,新课标全国II卷,present_common,H:\New folder\【新·PDF版】2008-2024·高考物理真题\版本2：物理（按省份分类）2008-2024\2008-2024·（吉林）物理高考真题\2018年高考物理试卷（新课标Ⅱ）（空白卷）.pdf,papers/2018/物理/全国/新课标全国II卷/2018_物理_吉林_新课标全国II卷_原卷.pdf,2
2018,物理,黑龙江,老高考,2024,全国卷,common,新课标全国II卷,present_common,H:\New folder\【新·PDF版】2008-2024·高考物理真题\版本2：物理（按省份分类）2008-2024\2008-2024·（黑龙江）物理高考真题\2018年高考物理试卷（新课标Ⅱ）（空白卷）.pdf,papers/2018/物理/全国/新课标全国II卷/2018_物理_黑龙江_新课标全国II卷_原卷.pdf,2
2018,物理,江苏,老高考,2021,地方/区域卷,local,江苏卷,present_local,H:\New folder\【新·PDF版】2008-2024·高考物理真题\版本2：物理（按省份分类）2008-2024\2008-2024·（江苏）物理高考真题\2018年高考物理试卷（江苏）（空白卷）.pdf,papers/2018/物理/江苏/江苏卷/2018_物理_江苏_江苏卷_原卷.pdf,2
2018,物理,安徽,老高考,2024,全国卷,common,新课标全国I卷,present_common,H:\New folder\【新·PDF版】2008-2024·高考物理真题\版本2：物理（按省份分类）2008-2024\2012-2024·（安徽）物理高考真题\2018年高考物理试卷（新课标Ⅰ）（空白卷）.pdf,papers/2018/物理/全国/新课标全国I卷/2018_物理_安徽_新课标全国I卷_原卷.pdf,2
2018,物理,福建,老高考,2021,全国卷,common,新课标全国I卷,present_common,H:\New folder\【新·PDF版】2008-2024·高考物理真题\版本2：物理（按省份分类）2008-2024\2012-2023·（福建）物理高考真题\2018年高考物理试卷（新课标Ⅰ）（空白卷）.pdf,papers/2018/物理/全国/新课标全国I卷/2018_物理_福建_新课标全国I卷_原卷.pdf,2
2018,物理,江西,老高考,2024,全国卷,common,新课标全国I卷,present_common,H:\New folder\【新·PDF版】2008-2024·高考物理真题\版本2：物理（按省份分类）2008-2024\2008-2024·（江西）物理高考真题\2018年高考物理试卷（新课标Ⅰ）（空白卷）.pdf,papers/2018/物理/全国/新课标全国I卷/2018_物理_江西_新课标全国I卷_原卷.pdf,2
2018,物理,山东,老高考,2020,全国卷,common,新课标全国I卷,present_common,H:\New folder\【新·PDF版】2008-2024·高考物理真题\版本2：物理（按省份分类）2008-2024\2008-2024·（山东）物理高考真题\2018年高考物理试卷（新课标Ⅰ）（空白卷）.pdf,papers/2018/物理/全国/新课标全国I卷/2018_物理_山东_新课标全国I卷_原卷.pdf,2
2018,物理,河南,老高考,2025,全国卷,common,新课标全国I卷,present_common,H:\New folder\【新·PDF版】2008-2024·高考物理真题\版本2：物理（按省份分类）2008-2024\2008-2024·（河南）物理高考真题\2018年高考物理试卷（新课标Ⅰ）（空白卷）.pdf,papers/2018/物理/全国/新课标全国I卷/2018_物理_河南_新课标全国I卷_原卷.pdf,2
2018,物理,湖北,老高考,2021,全国卷,common,新课标全国I卷,present_common,H:\New folder\【新·PDF版】2008-2024·高考物理真题\版本2：物理（按省份分类）2008-2024\2008-2024·（湖北）物理高考真题\2018年高考物理试卷（新课标Ⅰ）（空白卷）.pdf,papers/2018/物理/全国/新课标全国I卷/2018_物理_湖北_新课标全国I卷_原卷.pdf,2
2018,物理,湖南,老高考,2021,全国卷,common,新课标全国I卷,present_common,H:\New folder\【新·PDF版】2008-2024·高考物理真题\版本2：物理（按省份分类）2008-2024\2008-2024·（湖南）物理高考真题\2018年高考物理试卷（新课标Ⅰ）（空白卷）.pdf,papers/2018/物理/全国/新课标全国I卷/2018_物理_湖南_新课标全国I卷_原卷.pdf,2
2018,物理,广东,老高考,2021,全国卷,common,新课标全国I卷,present_common,H:\New folder\【新·PDF版】2008-2024·高考物理真题\版本2：物理（按省份分类）2008-2024\2008-2024·（广东）物理高考真题\2018年高考物理试卷（新课标Ⅰ）（空白卷）.pdf,papers/2018/物理/全国/新课标全国I卷/2018_物理_广东_新课标全国I卷_原卷.pdf,2
2018,物理,广西,老高考,2024,全国卷,common,新课标全国III卷,present_common,H:\New folder\【新·PDF版】2008-2024·高考物理真题\版本2：物理（按省份分类）2008-2024\2008-2024·（广西）物理高考真题\2018年高考物理试卷（新课标Ⅲ）（空白卷）.pdf,papers/2018/物理/全国/新课标全国III卷/2018_物理_广西_新课标全国III卷_原卷.pdf,2
2018,物理,海南,老高考,2020,地方/区域卷,local,海南卷,present_local,H:\New folder\【新·PDF版】2008-2024·高考物理真题\版本2：物理（按省份分类）2008-2024\2008-2024·（海南）物理高考真题\2018年高考物理试卷（海南）（空白卷）.pdf,papers/2018/物理/海南/海南卷/2018_物理_海南_海南卷_原卷.pdf,2
2018,物理,重庆,老高考,2021,全国卷,common,新课标全国II卷,present_common,H:\New folder\【新·PDF版】2008-2024·高考物理真题\版本2：物理（按省份分类）2008-2024\2012-2023·（重庆）物理高考真题\2018年高考物理试卷（新课标Ⅱ）（空白卷）.pdf,papers/2018/物理/全国/新课标全国II卷/2018_物理_重庆_新课标全国II卷_原卷.pdf,2
2018,物理,四川,老高考,2025,全国卷,common,新课标全国III卷,present_common,H:\New folder\【新·PDF版】2008-2024·高考物理真题\版本2：物理（按省份分类）2008-2024\2008-2024·（四川）物理高考真题\2018年高考物理试卷（新课标Ⅲ）（空白卷）.pdf,papers/2018/物理/全国/新课标全国III卷/2018_物理_四川_新课标全国III卷_原卷.pdf,2
2018,物理,贵州,老高考,2024,全国卷,common,新课标全国III卷,present_common,H:\New folder\【新·PDF版】2008-2024·高考物理真题\版本2：物理（按省份分类）2008-2024\2008-2023·（贵州）物理高考真题\2018年高考物理试卷（新课标Ⅲ）（空白卷）.pdf,papers/2018/物理/全国/新课标全国III卷/2018_物理_贵州_新课标全国III卷_原卷.pdf,2
2018,物理,云南,老高考,2025,全国卷,common,新课标全国III卷,present_common,H:\New folder\【新·PDF版】2008-2024·高考物理真题\版本2：物理（按省份分类）2008-2024\2008-2024·（云南）物理高考真题\2018年高考物理试卷（新课标Ⅲ）（空白卷）.pdf,papers/2018/物理/全国/新课标全国III卷/2018_物理_云南_新课标全国III卷_原卷.pdf,2
2018,物理,西藏,老高考,,全国卷,common,新课标全国II卷,present_common,H:\New folder\【新·PDF版】2008-2024·高考物理真题\版本2：物理（按省份分类）2008-2024\2008-2024·（西藏）物理高考真题\2018年高考物理试卷（新课标Ⅱ）（空白卷）.pdf,papers/2018/物理/全国/新课标全国II卷/2018_物理_西藏_新课标全国II卷_原卷.pdf,2
2018,物理,陕西,老高考,2025,全国卷,common,新课标全国II卷,present_common,H:\New folder\【新·PDF版】2008-2024·高考物理真题\版本2：物理（按省份分类）2008-2024\2008-2024·（陕西）物理高考真题\2018年高考物理试卷（新课标Ⅱ）（空白卷）.pdf,papers/2018/物理/全国/新课标全国II卷/2018_物理_陕西_新课标全国II卷_原卷.pdf,2
2018,物理,甘肃,老高考,2024,全国卷,common,新课标全国II卷,present_common,H:\New folder\【新·PDF版】2008-2024·高考物理真题\版本2：物理（按省份分类）2008-2024\2008-2024·（甘肃）物理高考真题\2018年高考物理试卷（新课标Ⅱ）（空白卷）.pdf,papers/2018/物理/全国/新课标全国II卷/2018_物理_甘肃_新课标全国II卷_原卷.pdf,2
2018,物理,青海,老高考,2025,全国卷,common,新课标全国II卷,present_common,H:\New folder\【新·PDF版】2008-2024·高考物理真题\版本2：物理（按省份分类）2008-2024\2008-2024·（青海）物理高考真题\2018年高考物理试卷（新课标Ⅱ）（空白卷）.pdf,papers/2018/物理/全国/新课标全国II卷/2018_物理_青海_新课标全国II卷_原卷.pdf,2
2018,物理,宁夏,老高考,2025,全国卷,common,新课标全国II卷,present_common,H:\New folder\【新·PDF版】2008-2024·高考物理真题\版本2：物理（按省份分类）2008-2024\2010-2024·（宁夏）物理高考真题\2018年高考物理试卷（新课标Ⅱ）（空白卷）.pdf,papers/2018/物理/全国/新课标全国II卷/2018_物理_宁夏_新课标全国II卷_原卷.pdf,2
2018,物理,新疆,老高考,,全国卷,common,新课标全国II卷,present_common,H:\New folder\【新·PDF版】2008-2024·高考物理真题\版本2：物理（按省份分类）2008-2024\2008-2024·（新疆）物理高考真题\2018年高考物理试卷（新课标Ⅱ）（空白卷）.pdf,papers/2018/物理/全国/新课标全国II卷/2018_物理_新疆_新课标全国II卷_原卷.pdf,2
2018,化学,北京,老高考,2020,地方/区域卷,local,北京卷,present_local,H:\New folder\【新·PDF版】2008-2024·高考化学真题\版本2：化学（按省份分类）2008-2024\2008-2024·（北京）化学高考真题\2018年高考化学试卷（北京）（空白卷）.pdf,papers/2018/化学/北京/北京卷/2018_化学_北京_北京卷_原卷.pdf,2
2018,化学,天津,老高考,2020,地方/区域卷,local,天津卷,present_local,H:\New folder\【新·PDF版】2008-2024·高考化学真题\版本2：化学（按省份分类）2008-2024\2008-2023·（天津）化学高考真题\2018年高考化学试卷（天津）（空白卷）.pdf,papers/2018/化学/天津/天津卷/2018_化学_天津_天津卷_原卷.pdf,2
2018,化学,河北,老高考,2021,全国卷,common,新课标全国I卷,present_common,H:\New folder\【新·PDF版】2008-2024·高考化学真题\版本2：化学（按省份分类）2008-2024\2008-2024·（河北）化学高考真题\2018年高考化学试卷（新课标Ⅰ）（空白卷）.pdf,papers/2018/化学/全国/新课标全国I卷/2018_化学_河北_新课标全国I卷_原卷.pdf,2
2018,化学,山西,老高考,2025,全国卷,common,新课标全国I卷,present_common,H:\New folder\【新·PDF版】2008-2024·高考化学真题\版本2：化学（按省份分类）2008-2024\2008-2024·（山西）化学高考真题\2018年高考化学试卷（新课标Ⅰ）（空白卷）.pdf,papers/2018/化学/全国/新课标全国I卷/2018_化学_山西_新课标全国I卷_原卷.pdf,2
2018,化学,内蒙古,老高考,2025,全国卷,common,新课标全国II卷,present_common,H:\New folder\【新·PDF版】2008-2024·高考化学真题\版本2：化学（按省份分类）2008-2024\2008-2024·（内蒙古）化学高考真题\2018年高考化学试卷（新课标Ⅱ）（空白卷）.pdf,papers/2018/化学/全国/新课标全国II卷/2018_化学_内蒙古_新课标全国II卷_原卷.pdf,2
2018,化学,辽宁,老高考,2021,全国卷,common,新课标全国II卷,present_common,H:\New folder\【新·PDF版】2008-2024·高考化学真题\版本2：化学（按省份分类）2008-2024\2010-2024·（辽宁）化学高考真题\2018年高考化学试卷（新课标Ⅱ）（空白卷）.pdf,papers/2018/化学/全国/新课标全国II卷/2018_化学_辽宁_新课标全国II卷_原卷.pdf,2
2018,化学,吉林,老高考,2024,全国卷,common,新课标全国II卷,present_common,H:\New folder\【新·PDF版】2008-2024·高考化学真题\版本2：化学（按省份分类）2008-2024\2008-2024·（吉林）化学高考真题\2018年高考化学试卷（新课标Ⅱ）（空白卷）.pdf,papers/2018/化学/全国/新课标全国II卷/2018_化学_吉林_新课标全国II卷_原卷.pdf,2
2018,化学,黑龙江,老高考,2024,全国卷,common,新课标全国II卷,present_common,H:\New folder\【新·PDF版】2008-2024·高考化学真题\版本2：化学（按省份分类）2008-2024\2008-2024·（黑龙江）化学高考真题\2018年高考化学试卷（新课标Ⅱ）（空白卷）.pdf,papers/2018/化学/全国/新课标全国II卷/2018_化学_黑龙江_新课标全国II卷_原卷.pdf,2
2018,化学,江苏,老高考,2021,地方/区域卷,local,江苏卷,present_local,H:\New folder\【新·PDF版】2008-2024·高考化学真题\版本2：化学（按省份分类）2008-2024\2008-2024·（江苏）化学高考真题\2018年高考化学试卷（江苏）（空白卷）   .pdf,papers/2018/化学/江苏/江苏卷/2018_化学_江苏_江苏卷_原卷.pdf,2
2018,化学,安徽,老高考,2024,全国卷,common,新课标全国I卷,present_common,H:\New folder\【新·PDF版】2008-2024·高考化学真题\版本2：化学（按省份分类）2008-2024\2012-2024·（安徽）化学高考真题\2018年高考化学试卷（新课标Ⅰ）（空白卷）.pdf,papers/2018/化学/全国/新课标全国I卷/2018_化学_安徽_新课标全国I卷_原卷.pdf,2
2018,化学,福建,老高考,2021,全国卷,common,新课标全国I卷,present_common,H:\New folder\【新·PDF版】2008-2024·高考化学真题\版本2：化学（按省份分类）2008-2024\2012-2023·（福建）化学高考真题\2018年高考化学试卷（新课标Ⅰ）（空白卷）.pdf,papers/2018/化学/全国/新课标全国I卷/2018_化学_福建_新课标全国I卷_原卷.pdf,2
2018,化学,江西,老高考,2024,全国卷,common,新课标全国I卷,present_common,H:\New folder\【新·PDF版】2008-2024·高考化学真题\版本2：化学（按省份分类）2008-2024\2008-2023·（江西）化学高考真题\2018年高考化学试卷（新课标Ⅰ）（空白卷）.pdf,papers/2018/化学/全国/新课标全国I卷/2018_化学_江西_新课标全国I卷_原卷.pdf,2
2018,化学,山东,老高考,2020,全国卷,common,新课标全国I卷,present_common,H:\New folder\【新·PDF版】2008-2024·高考化学真题\版本2：化学（按省份分类）2008-2024\2008-2024·（山东）化学高考真题\2018年高考化学试卷（新课标Ⅰ）（空白卷）.pdf,papers/2018/化学/全国/新课标全国I卷/2018_化学_山东_新课标全国I卷_原卷.pdf,2
2018,化学,河南,老高考,2025,全国卷,common,新课标全国I卷,present_common,H:\New folder\【新·PDF版】2008-2024·高考化学真题\版本2：化学（按省份分类）2008-2024\2008-2024·（河南）化学高考真题\2018年高考化学试卷（新课标Ⅰ）（空白卷）.pdf,papers/2018/化学/全国/新课标全国I卷/2018_化学_河南_新课标全国I卷_原卷.pdf,2
2018,化学,湖北,老高考,2021,全国卷,common,新课标全国I卷,present_common,H:\New folder\【新·PDF版】2008-2024·高考化学真题\版本2：化学（按省份分类）2008-2024\2008-2024·（湖北）化学高考真题\2018年高考化学试卷（新课标Ⅰ）（空白卷）.pdf,papers/2018/化学/全国/新课标全国I卷/2018_化学_湖北_新课标全国I卷_原卷.pdf,2
2018,化学,湖南,老高考,2021,全国卷,common,新课标全国I卷,present_common,H:\New folder\【新·PDF版】2008-2024·高考化学真题\版本2：化学（按省份分类）2008-2024\2008-2024·（湖南）化学高考真题\2018年高考化学试卷（新课标Ⅰ）（空白卷）.pdf,papers/2018/化学/全国/新课标全国I卷/2018_化学_湖南_新课标全国I卷_原卷.pdf,2
2018,化学,广东,老高考,2021,全国卷,common,新课标全国I卷,present_common,H:\New folder\【新·PDF版】2008-2024·高考化学真题\版本2：化学（按省份分类）2008-2024\2008-2024·（广东）化学高考真题\2018年高考化学试卷（新课标Ⅰ）（空白卷）.pdf,papers/2018/化学/全国/新课标全国I卷/2018_化学_广东_新课标全国I卷_原卷.pdf,2
2018,化学,广西,老高考,2024,全国卷,common,新课标全国III卷,present_common,H:\New folder\【新·PDF版】2008-2024·高考化学真题\版本2：化学（按省份分类）2008-2024\2008-2023·（广西）化学高考真题\2018年高考化学试卷（新课标Ⅲ）（空白卷）.pdf,papers/2018/化学/全国/新课标全国III卷/2018_化学_广西_新课标全国III卷_原卷.pdf,2
2018,化学,海南,老高考,2020,地方/区域卷,local,海南卷,present_local,H:\New folder\【新·PDF版】2008-2024·高考化学真题\版本2：化学（按省份分类）2008-2024\2008-2023·（海南）化学高考真题\2018年高考化学试卷（海南）（空白卷）.pdf,papers/2018/化学/海南/海南卷/2018_化学_海南_海南卷_原卷.pdf,2
2018,化学,重庆,老高考,2021,全国卷,common,新课标全国II卷,present_common,H:\New folder\【新·PDF版】2008-2024·高考化学真题\版本2：化学（按省份分类）2008-2024\2012-2023·（重庆）化学高考真题\2018年高考化学试卷（新课标Ⅱ）（空白卷）.pdf,papers/2018/化学/全国/新课标全国II卷/2018_化学_重庆_新课标全国II卷_原卷.pdf,2
2018,化学,四川,老高考,2025,全国卷,common,新课标全国III卷,present_common,H:\New folder\【新·PDF版】2008-2024·高考化学真题\版本2：化学（按省份分类）2008-2024\2008-2024·（四川）化学高考真题\2018年高考化学试卷（新课标Ⅲ）（空白卷）.pdf,papers/2018/化学/全国/新课标全国III卷/2018_化学_四川_新课标全国III卷_原卷.pdf,2
2018,化学,贵州,老高考,2024,全国卷,common,新课标全国III卷,present_common,H:\New folder\【新·PDF版】2008-2024·高考化学真题\版本2：化学（按省份分类）2008-2024\2008-2023·（贵州）化学高考真题\2018年高考化学试卷（新课标Ⅲ）（空白卷）.pdf,papers/2018/化学/全国/新课标全国III卷/2018_化学_贵州_新课标全国III卷_原卷.pdf,2
2018,化学,云南,老高考,2025,全国卷,common,新课标全国III卷,present_common,H:\New folder\【新·PDF版】2008-2024·高考化学真题\版本2：化学（按省份分类）2008-2024\2008-2024·（云南）化学高考真题\2018年高考化学试卷（新课标Ⅲ）（空白卷）.pdf,papers/2018/化学/全国/新课标全国III卷/2018_化学_云南_新课标全国III卷_原卷.pdf,2
2018,化学,西藏,老高考,,全国卷,common,新课标全国II卷,present_common,H:\New folder\【新·PDF版】2008-2024·高考化学真题\版本2：化学（按省份分类）2008-2024\2008-2024·（西藏）化学高考真题\2018年高考化学试卷（新课标Ⅱ）（空白卷）.pdf,papers/2018/化学/全国/新课标全国II卷/2018_化学_西藏_新课标全国II卷_原卷.pdf,2
2018,化学,陕西,老高考,2025,全国卷,common,新课标全国II卷,present_common,H:\New folder\【新·PDF版】2008-2024·高考化学真题\版本2：化学（按省份分类）2008-2024\2008-2024·（陕西）化学高考真题\2018年高考化学试卷（新课标Ⅱ）（空白卷）.pdf,papers/2018/化学/全国/新课标全国II卷/2018_化学_陕西_新课标全国II卷_原卷.pdf,2
2018,化学,甘肃,老高考,2024,全国卷,common,新课标全国II卷,present_common,H:\New folder\【新·PDF版】2008-2024·高考化学真题\版本2：化学（按省份分类）2008-2024\2008-2024·（甘肃）化学高考真题\2018年高考化学试卷（新课标Ⅱ）（空白卷）.pdf,papers/2018/化学/全国/新课标全国II卷/2018_化学_甘肃_新课标全国II卷_原卷.pdf,2
2018,化学,青海,老高考,2025,全国卷,common,新课标全国II卷,present_common,H:\New folder\【新·PDF版】2008-2024·高考化学真题\版本2：化学（按省份分类）2008-2024\2008-2024·（青海）化学高考真题\2018年高考化学试卷（新课标Ⅱ）（空白卷）.pdf,papers/2018/化学/全国/新课标全国II卷/2018_化学_青海_新课标全国II卷_原卷.pdf,2
2018,化学,宁夏,老高考,2025,全国卷,common,新课标全国II卷,present_common,H:\New folder\【新·PDF版】2008-2024·高考化学真题\版本2：化学（按省份分类）2008-2024\2010-2024·（宁夏）化学高考真题\2018年高考化学试卷（新课标Ⅱ）（空白卷）.pdf,papers/2018/化学/全国/新课标全国II卷/2018_化学_宁夏_新课标全国II卷_原卷.pdf,2
2018,化学,新疆,老高考,,全国卷,common,新课标全国II卷,present_common,H:\New folder\【新·PDF版】2008-2024·高考化学真题\版本2：化学（按省份分类）2008-2024\2008-2024·（新疆）化学高考真题\2018年高考化学试卷（新课标Ⅱ）（空白卷）.pdf,papers/2018/化学/全国/新课标全国II卷/2018_化学_新疆_新课标全国II卷_原卷.pdf,2
2018,生物,北京,老高考,2020,地方/区域卷,local,北京卷,present_local,H:\New folder\【新·PDF版】2008-2024·高考生物真题\版本2：生物（按省份分类）2008-2024\2008-2024·（北京）生物高考真题\2018年高考生物试卷（北京）（空白卷）.pdf,papers/2018/生物/北京/北京卷/2018_生物_北京_北京卷_原卷.pdf,2
2018,生物,天津,老高考,2020,地方/区域卷,local,天津卷,present_local,H:\New folder\【新·PDF版】2008-2024·高考生物真题\版本2：生物（按省份分类）2008-2024\2008-2023·（天津）生物高考真题\2018年高考生物试卷（天津）（空白卷）.pdf,papers/2018/生物/天津/天津卷/2018_生物_天津_天津卷_原卷.pdf,2
2018,生物,河北,老高考,2021,全国卷,common,新课标全国I卷,present_common,H:\New folder\【新·PDF版】2008-2024·高考生物真题\版本2：生物（按省份分类）2008-2024\2008-2024·（河北）生物高考真题\2018年高考生物试卷（新课标Ⅰ）（空白卷）.pdf,papers/2018/生物/全国/新课标全国I卷/2018_生物_河北_新课标全国I卷_原卷.pdf,2
2018,生物,山西,老高考,2025,全国卷,common,新课标全国I卷,present_common,H:\New folder\【新·PDF版】2008-2024·高考生物真题\版本2：生物（按省份分类）2008-2024\2008-2024·（山西）生物高考真题\2018年高考生物试卷（新课标Ⅰ）（空白卷）.pdf,papers/2018/生物/全国/新课标全国I卷/2018_生物_山西_新课标全国I卷_原卷.pdf,2
2018,生物,内蒙古,老高考,2025,全国卷,common,新课标全国II卷,present_common,H:\New folder\【新·PDF版】2008-2024·高考生物真题\版本2：生物（按省份分类）2008-2024\2008-2024·（内蒙古）生物高考真题\2018年高考生物试卷（新课标Ⅱ）（空白卷）.pdf,papers/2018/生物/全国/新课标全国II卷/2018_生物_内蒙古_新课标全国II卷_原卷.pdf,2
2018,生物,辽宁,老高考,2021,全国卷,common,新课标全国II卷,present_common,H:\New folder\【新·PDF版】2008-2024·高考生物真题\版本2：生物（按省份分类）2008-2024\2010-2024·（辽宁）生物高考真题\2018年高考生物试卷（新课标Ⅱ）（空白卷）.pdf,papers/2018/生物/全国/新课标全国II卷/2018_生物_辽宁_新课标全国II卷_原卷.pdf,2
2018,生物,吉林,老高考,2024,全国卷,common,新课标全国II卷,present_common,H:\New folder\【新·PDF版】2008-2024·高考生物真题\版本2：生物（按省份分类）2008-2024\2008-2024·（吉林）生物高考真题\2018年高考生物试卷（新课标Ⅱ）（空白卷）.pdf,papers/2018/生物/全国/新课标全国II卷/2018_生物_吉林_新课标全国II卷_原卷.pdf,2
2018,生物,黑龙江,老高考,2024,全国卷,common,新课标全国II卷,present_common,H:\New folder\【新·PDF版】2008-2024·高考生物真题\版本2：生物（按省份分类）2008-2024\2008-2024·（黑龙江）生物高考真题\2018年高考生物试卷（新课标Ⅱ）（空白卷）.pdf,papers/2018/生物/全国/新课标全国II卷/2018_生物_黑龙江_新课标全国II卷_原卷.pdf,2
2018,生物,江苏,老高考,2021,地方/区域卷,local,江苏卷,present_local,H:\New folder\【新·PDF版】2008-2024·高考生物真题\版本2：生物（按省份分类）2008-2024\2008-2023·（江苏）生物高考真题\2018年高考生物试卷（江苏）（空白卷）.pdf,papers/2018/生物/江苏/江苏卷/2018_生物_江苏_江苏卷_原卷.pdf,2
2018,生物,安徽,老高考,2024,全国卷,common,新课标全国I卷,present_common,H:\New folder\【新·PDF版】2008-2024·高考生物真题\版本2：生物（按省份分类）2008-2024\2012-2024·（安徽）生物高考真题\2018年高考生物试卷（新课标Ⅰ）（空白卷）.pdf,papers/2018/生物/全国/新课标全国I卷/2018_生物_安徽_新课标全国I卷_原卷.pdf,2
2018,生物,福建,老高考,2021,全国卷,common,新课标全国I卷,present_common,H:\New folder\【新·PDF版】2008-2024·高考生物真题\版本2：生物（按省份分类）2008-2024\2012-2023·（福建）生物高考真题\2018年高考生物试卷（新课标Ⅰ）（空白卷）.pdf,papers/2018/生物/全国/新课标全国I卷/2018_生物_福建_新课标全国I卷_原卷.pdf,2
2018,生物,江西,老高考,2024,全国卷,common,新课标全国I卷,present_common,H:\New folder\【新·PDF版】2008-2024·高考生物真题\版本2：生物（按省份分类）2008-2024\2008-2024·（江西）生物高考真题\2018年高考生物试卷（新课标Ⅰ）（空白卷）.pdf,papers/2018/生物/全国/新课标全国I卷/2018_生物_江西_新课标全国I卷_原卷.pdf,2
2018,生物,山东,老高考,2020,全国卷,common,新课标全国I卷,present_common,H:\New folder\【新·PDF版】2008-2024·高考生物真题\版本2：生物（按省份分类）2008-2024\2008-2024·（山东）生物高考真题\2018年高考生物试卷（新课标Ⅰ）（空白卷）.pdf,papers/2018/生物/全国/新课标全国I卷/2018_生物_山东_新课标全国I卷_原卷.pdf,2
2018,生物,河南,老高考,2025,全国卷,common,新课标全国I卷,present_common,H:\New folder\【新·PDF版】2008-2024·高考生物真题\版本2：生物（按省份分类）2008-2024\2008-2024·（河南）生物高考真题\2018年高考生物试卷（新课标Ⅰ）（空白卷）.pdf,papers/2018/生物/全国/新课标全国I卷/2018_生物_河南_新课标全国I卷_原卷.pdf,2
2018,生物,湖北,老高考,2021,全国卷,common,新课标全国I卷,present_common,H:\New folder\【新·PDF版】2008-2024·高考生物真题\版本2：生物（按省份分类）2008-2024\2008-2024·（湖北）生物高考真题\2018年高考生物试卷（新课标Ⅰ）（空白卷）.pdf,papers/2018/生物/全国/新课标全国I卷/2018_生物_湖北_新课标全国I卷_原卷.pdf,2
2018,生物,湖南,老高考,2021,全国卷,common,新课标全国I卷,present_common,H:\New folder\【新·PDF版】2008-2024·高考生物真题\版本2：生物（按省份分类）2008-2024\2008-2024·（湖南）生物高考真题\2018年高考生物试卷（新课标Ⅰ）（空白卷）.pdf,papers/2018/生物/全国/新课标全国I卷/2018_生物_湖南_新课标全国I卷_原卷.pdf,2
2018,生物,广东,老高考,2021,全国卷,common,新课标全国I卷,present_common,H:\New folder\【新·PDF版】2008-2024·高考生物真题\版本2：生物（按省份分类）2008-2024\2008-2024·（广东）生物高考真题\2018年高考生物试卷（新课标Ⅰ）（空白卷）.pdf,papers/2018/生物/全国/新课标全国I卷/2018_生物_广东_新课标全国I卷_原卷.pdf,2
2018,生物,广西,老高考,2024,全国卷,common,新课标全国III卷,present_common,H:\New folder\【新·PDF版】2008-2024·高考生物真题\版本2：生物（按省份分类）2008-2024\2008-2023·（广西）生物高考真题\2018年高考生物试卷（新课标Ⅲ）（空白卷）.pdf,papers/2018/生物/全国/新课标全国III卷/2018_生物_广西_新课标全国III卷_原卷.pdf,2
2018,生物,海南,老高考,2020,地方/区域卷,local,海南卷,present_local,H:\New folder\【新·PDF版】2008-2024·高考生物真题\版本2：生物（按省份分类）2008-2024\2008-2023·（海南）生物高考真题\2018年高考生物试卷（海南）（空白卷）.pdf,papers/2018/生物/海南/海南卷/2018_生物_海南_海南卷_原卷.pdf,2
2018,生物,重庆,老高考,2021,全国卷,common,新课标全国II卷,present_common,H:\New folder\【新·PDF版】2008-2024·高考生物真题\版本2：生物（按省份分类）2008-2024\2012-2023·（重庆）生物高考真题\2018年高考生物试卷（新课标Ⅱ）（空白卷）.pdf,papers/2018/生物/全国/新课标全国II卷/2018_生物_重庆_新课标全国II卷_原卷.pdf,2
2018,生物,四川,老高考,2025,全国卷,common,新课标全国III卷,present_common,H:\New folder\【新·PDF版】2008-2024·高考生物真题\版本2：生物（按省份分类）2008-2024\2008-2024·（四川）生物高考真题\2018年高考生物试卷（新课标Ⅲ）（空白卷）.pdf,papers/2018/生物/全国/新课标全国III卷/2018_生物_四川_新课标全国III卷_原卷.pdf,2
2018,生物,贵州,老高考,2024,全国卷,common,新课标全国III卷,present_common,H:\New folder\【新·PDF版】2008-2024·高考生物真题\版本2：生物（按省份分类）2008-2024\2008-2023·（贵州）生物高考真题\2018年高考生物试卷（新课标Ⅲ）（空白卷）.pdf,papers/2018/生物/全国/新课标全国III卷/2018_生物_贵州_新课标全国III卷_原卷.pdf,2
2018,生物,云南,老高考,2025,全国卷,common,新课标全国III卷,present_common,H:\New folder\【新·PDF版】2008-2024·高考生物真题\版本2：生物（按省份分类）2008-2024\2008-2024·（云南）生物高考真题\2018年高考生物试卷（新课标Ⅲ）（空白卷）.pdf,papers/2018/生物/全国/新课标全国III卷/2018_生物_云南_新课标全国III卷_原卷.pdf,2
2018,生物,西藏,老高考,,全国卷,common,新课标全国II卷,present_common,H:\New folder\【新·PDF版】2008-2024·高考生物真题\版本2：生物（按省份分类）2008-2024\2008-2024·（西藏）生物高考真题\2018年高考生物试卷（新课标Ⅱ）（空白卷）.pdf,papers/2018/生物/全国/新课标全国II卷/2018_生物_西藏_新课标全国II卷_原卷.pdf,2
2018,生物,陕西,老高考,2025,全国卷,common,新课标全国II卷,present_common,H:\New folder\【新·PDF版】2008-2024·高考生物真题\版本2：生物（按省份分类）2008-2024\2008-2024·（陕西）生物高考真题\2018年高考生物试卷（新课标Ⅱ）（空白卷）.pdf,papers/2018/生物/全国/新课标全国II卷/2018_生物_陕西_新课标全国II卷_原卷.pdf,2
2018,生物,甘肃,老高考,2024,全国卷,common,新课标全国II卷,present_common,H:\New folder\【新·PDF版】2008-2024·高考生物真题\版本2：生物（按省份分类）2008-2024\2008-2024·（甘肃）生物高考真题\2018年高考生物试卷（新课标Ⅱ）（空白卷）.pdf,papers/2018/生物/全国/新课标全国II卷/2018_生物_甘肃_新课标全国II卷_原卷.pdf,2
2018,生物,青海,老高考,2025,全国卷,common,新课标全国II卷,present_common,H:\New folder\【新·PDF版】2008-2024·高考生物真题\版本2：生物（按省份分类）2008-2024\2008-2024·（青海）生物高考真题\2018年高考生物试卷（新课标Ⅱ）（空白卷）.pdf,papers/2018/生物/全国/新课标全国II卷/2018_生物_青海_新课标全国II卷_原卷.pdf,2
2018,生物,宁夏,老高考,2025,全国卷,common,新课标全国II卷,present_common,H:\New folder\【新·PDF版】2008-2024·高考生物真题\版本2：生物（按省份分类）2008-2024\2010-2024·（宁夏）生物高考真题\2018年高考生物试卷（新课标Ⅱ）（空白卷）.pdf,papers/2018/生物/全国/新课标全国II卷/2018_生物_宁夏_新课标全国II卷_原卷.pdf,2
2018,生物,新疆,老高考,,全国卷,common,新课标全国II卷,present_common,H:\New folder\【新·PDF版】2008-2024·高考生物真题\版本2：生物（按省份分类）2008-2024\2008-2024·（新疆）生物高考真题\2018年高考生物试卷（新课标Ⅱ）（空白卷）.pdf,papers/2018/生物/全国/新课标全国II卷/2018_生物_新疆_新课标全国II卷_原卷.pdf,2
2018,政治,北京,老高考,2020,地方/区域卷,local,北京卷,present_local,H:\New folder\【新·PDF版】2008-2024·高考政治真题\版本2：政治（按省份分类）2008-2024\2008-2024·（北京）政治高考真题\2018年高考政治试卷（北京）（空白卷）.pdf,papers/2018/政治/北京/北京卷/2018_政治_北京_北京卷_原卷.pdf,2
2018,政治,天津,老高考,2020,地方/区域卷,local,天津卷,present_local,H:\New folder\【新·PDF版】2008-2024·高考政治真题\版本2：政治（按省份分类）2008-2024\2008-2023·（天津）政治高考真题\2018年高考政治试卷（天津）（空白卷）.pdf,papers/2018/政治/天津/天津卷/2018_政治_天津_天津卷_原卷.pdf,2
2018,政治,河北,老高考,2021,全国卷,common,新课标全国I卷,present_common,H:\New folder\【新·PDF版】2008-2024·高考政治真题\版本2：政治（按省份分类）2008-2024\2008-2021_2023·（河北）政治高考真题\2018年高考政治试卷（新课标Ⅰ）（空白卷）.pdf,papers/2018/政治/全国/新课标全国I卷/2018_政治_河北_新课标全国I卷_原卷.pdf,2
2018,政治,山西,老高考,2025,全国卷,common,新课标全国I卷,present_common,H:\New folder\【新·PDF版】2008-2024·高考政治真题\版本2：政治（按省份分类）2008-2024\2008-2024·（山西）政治高考真题\2018年高考政治试卷（新课标Ⅰ）（空白卷）.pdf,papers/2018/政治/全国/新课标全国I卷/2018_政治_山西_新课标全国I卷_原卷.pdf,2
2018,政治,内蒙古,老高考,2025,全国卷,common,新课标全国II卷,present_common,H:\New folder\【新·PDF版】2008-2024·高考政治真题\版本2：政治（按省份分类）2008-2024\2008-2023·（内蒙古）政治高考真题\2018年高考政治试卷（新课标Ⅱ）（空白卷）.pdf,papers/2018/政治/全国/新课标全国II卷/2018_政治_内蒙古_新课标全国II卷_原卷.pdf,2
2018,政治,辽宁,老高考,2021,全国卷,common,新课标全国II卷,present_common,H:\New folder\【新·PDF版】2008-2024·高考政治真题\版本2：政治（按省份分类）2008-2024\2010-2024·（辽宁）政治高考真题\2018年高考政治试卷（新课标Ⅱ）（空白卷）.pdf,papers/2018/政治/全国/新课标全国II卷/2018_政治_辽宁_新课标全国II卷_原卷.pdf,2
2018,政治,吉林,老高考,2024,全国卷,common,新课标全国II卷,present_common,H:\New folder\【新·PDF版】2008-2024·高考政治真题\版本2：政治（按省份分类）2008-2024\2008-2024·（吉林）政治高考真题\2018年高考政治试卷（新课标Ⅱ）（空白卷）.pdf,papers/2018/政治/全国/新课标全国II卷/2018_政治_吉林_新课标全国II卷_原卷.pdf,2
2018,政治,黑龙江,老高考,2024,全国卷,common,新课标全国II卷,present_common,H:\New folder\【新·PDF版】2008-2024·高考政治真题\版本2：政治（按省份分类）2008-2024\2008-2024·（黑龙江）政治高考真题\2018年高考政治试卷（新课标Ⅱ）（空白卷）.pdf,papers/2018/政治/全国/新课标全国II卷/2018_政治_黑龙江_新课标全国II卷_原卷.pdf,2
2018,政治,江苏,老高考,2021,地方/区域卷,local,江苏卷,present_local,H:\New folder\【新·PDF版】2008-2024·高考政治真题\版本2：政治（按省份分类）2008-2024\2008-2023·（江苏）政治高考真题\2018年高考政治试卷（江苏）（空白卷）.pdf,papers/2018/政治/江苏/江苏卷/2018_政治_江苏_江苏卷_原卷.pdf,2
2018,政治,安徽,老高考,2024,全国卷,common,新课标全国I卷,present_common,H:\New folder\【新·PDF版】2008-2024·高考政治真题\版本2：政治（按省份分类）2008-2024\2012-2024·（安徽）政治高考真题\2018年高考政治试卷（新课标Ⅰ）（空白卷）.pdf,papers/2018/政治/全国/新课标全国I卷/2018_政治_安徽_新课标全国I卷_原卷.pdf,2
2018,政治,福建,老高考,2021,全国卷,common,新课标全国I卷,present_common,H:\New folder\【新·PDF版】2008-2024·高考政治真题\版本2：政治（按省份分类）2008-2024\2012-2023·（福建）政治高考真题\2018年高考政治试卷（新课标Ⅰ）（空白卷）.pdf,papers/2018/政治/全国/新课标全国I卷/2018_政治_福建_新课标全国I卷_原卷.pdf,2
2018,政治,江西,老高考,2024,全国卷,common,新课标全国I卷,present_common,H:\New folder\【新·PDF版】2008-2024·高考政治真题\版本2：政治（按省份分类）2008-2024\2008-2023·（江西）政治高考真题\2018年高考政治试卷（新课标Ⅰ）（空白卷）.pdf,papers/2018/政治/全国/新课标全国I卷/2018_政治_江西_新课标全国I卷_原卷.pdf,2
2018,政治,山东,老高考,2020,全国卷,common,新课标全国I卷,present_common,H:\New folder\【新·PDF版】2008-2024·高考政治真题\版本2：政治（按省份分类）2008-2024\2008-2024·（山东）政治高考真题\2018年高考政治试卷（新课标Ⅰ）（空白卷）.pdf,papers/2018/政治/全国/新课标全国I卷/2018_政治_山东_新课标全国I卷_原卷.pdf,2
2018,政治,河南,老高考,2025,全国卷,common,新课标全国I卷,present_common,H:\New folder\【新·PDF版】2008-2024·高考政治真题\版本2：政治（按省份分类）2008-2024\2008-2024·（河南）政治高考真题\2018年高考政治试卷（新课标Ⅰ）（空白卷）.pdf,papers/2018/政治/全国/新课标全国I卷/2018_政治_河南_新课标全国I卷_原卷.pdf,2
2018,政治,湖北,老高考,2021,全国卷,common,新课标全国I卷,present_common,H:\New folder\【新·PDF版】2008-2024·高考政治真题\版本2：政治（按省份分类）2008-2024\2008-2024·（湖北）政治高考真题\2018年高考政治试卷（新课标Ⅰ）（空白卷）.pdf,papers/2018/政治/全国/新课标全国I卷/2018_政治_湖北_新课标全国I卷_原卷.pdf,2
2018,政治,湖南,老高考,2021,全国卷,common,新课标全国I卷,present_common,H:\New folder\【新·PDF版】2008-2024·高考政治真题\版本2：政治（按省份分类）2008-2024\2008-2024·（湖南）政治高考真题\2018年高考政治试卷（新课标Ⅰ）（空白卷）.pdf,papers/2018/政治/全国/新课标全国I卷/2018_政治_湖南_新课标全国I卷_原卷.pdf,2
2018,政治,广东,老高考,2021,全国卷,common,新课标全国I卷,present_common,H:\New folder\【新·PDF版】2008-2024·高考政治真题\版本2：政治（按省份分类）2008-2024\2008-2024·（广东）政治高考真题\2018年高考政治试卷（新课标Ⅰ）（空白卷）.pdf,papers/2018/政治/全国/新课标全国I卷/2018_政治_广东_新课标全国I卷_原卷.pdf,2
2018,政治,广西,老高考,2024,全国卷,common,新课标全国III卷,present_common,H:\New folder\【新·PDF版】2008-2024·高考政治真题\版本2：政治（按省份分类）2008-2024\2008-2023·（广西）政治高考真题\2018年高考政治试卷（新课标Ⅲ）（空白卷）.pdf,papers/2018/政治/全国/新课标全国III卷/2018_政治_广西_新课标全国III卷_原卷.pdf,2
2018,政治,海南,老高考,2020,地方/区域卷,local,海南卷,present_local,H:\New folder\【新·PDF版】2008-2024·高考政治真题\版本2：政治（按省份分类）2008-2024\2008-2023·（海南）政治高考真题\2018年高考政治试卷（海南）（空白卷）.pdf,papers/2018/政治/海南/海南卷/2018_政治_海南_海南卷_原卷.pdf,2
2018,政治,重庆,老高考,2021,全国卷,common,新课标全国II卷,present_common,H:\New folder\【新·PDF版】2008-2024·高考政治真题\版本2：政治（按省份分类）2008-2024\2012-2020_2022-2023·（重庆）政治高考真题\2018年高考政治试卷（新课标Ⅱ）（空白卷）.pdf,papers/2018/政治/全国/新课标全国II卷/2018_政治_重庆_新课标全国II卷_原卷.pdf,2
2018,政治,四川,老高考,2025,全国卷,common,新课标全国III卷,present_common,H:\New folder\【新·PDF版】2008-2024·高考政治真题\版本2：政治（按省份分类）2008-2024\2008-2023·（四川）政治高考真题\2018年高考政治试卷（新课标Ⅲ）（空白卷）.pdf,papers/2018/政治/全国/新课标全国III卷/2018_政治_四川_新课标全国III卷_原卷.pdf,2
2018,政治,贵州,老高考,2024,全国卷,common,新课标全国III卷,present_common,H:\New folder\【新·PDF版】2008-2024·高考政治真题\版本2：政治（按省份分类）2008-2024\2008-2023·（贵州）政治高考真题\2018年高考政治试卷（新课标Ⅲ）（空白卷）.pdf,papers/2018/政治/全国/新课标全国III卷/2018_政治_贵州_新课标全国III卷_原卷.pdf,2
2018,政治,云南,老高考,2025,全国卷,common,新课标全国III卷,present_common,H:\New folder\【新·PDF版】2008-2024·高考政治真题\版本2：政治（按省份分类）2008-2024\2008-2024·（云南）政治高考真题\2018年高考政治试卷（新课标Ⅲ）（空白卷）.pdf,papers/2018/政治/全国/新课标全国III卷/2018_政治_云南_新课标全国III卷_原卷.pdf,2
2018,政治,西藏,老高考,,全国卷,common,新课标全国II卷,present_common,H:\New folder\【新·PDF版】2008-2024·高考政治真题\版本2：政治（按省份分类）2008-2024\2008-2024·（西藏）政治高考真题\2018年高考政治试卷（新课标Ⅱ）（空白卷）.pdf,papers/2018/政治/全国/新课标全国II卷/2018_政治_西藏_新课标全国II卷_原卷.pdf,2
2018,政治,陕西,老高考,2025,全国卷,common,新课标全国II卷,present_common,H:\New folder\【新·PDF版】2008-2024·高考政治真题\版本2：政治（按省份分类）2008-2024\2008-2023·（陕西）政治高考真题\2018年高考政治试卷（新课标Ⅱ）（空白卷）.pdf,papers/2018/政治/全国/新课标全国II卷/2018_政治_陕西_新课标全国II卷_原卷.pdf,2
2018,政治,甘肃,老高考,2024,全国卷,common,新课标全国II卷,present_common,H:\New folder\【新·PDF版】2008-2024·高考政治真题\版本2：政治（按省份分类）2008-2024\2008-2023·（甘肃）政治高考真题\2018年高考政治试卷（新课标Ⅱ）（空白卷）.pdf,papers/2018/政治/全国/新课标全国II卷/2018_政治_甘肃_新课标全国II卷_原卷.pdf,2
2018,政治,青海,老高考,2025,全国卷,common,新课标全国II卷,present_common,H:\New folder\【新·PDF版】2008-2024·高考政治真题\版本2：政治（按省份分类）2008-2024\2008-2023·（青海）政治高考真题\2018年高考政治试卷（新课标Ⅱ）（空白卷）.pdf,papers/2018/政治/全国/新课标全国II卷/2018_政治_青海_新课标全国II卷_原卷.pdf,2
2018,政治,宁夏,老高考,2025,全国卷,common,新课标全国II卷,present_common,H:\New folder\【新·PDF版】2008-2024·高考政治真题\版本2：政治（按省份分类）2008-2024\2010-2023·（宁夏）政治高考真题\2018年高考政治试卷（新课标Ⅱ）（空白卷）.pdf,papers/2018/政治/全国/新课标全国II卷/2018_政治_宁夏_新课标全国II卷_原卷.pdf,2
2018,政治,新疆,老高考,,全国卷,common,新课标全国II卷,present_common,H:\New folder\【新·PDF版】2008-2024·高考政治真题\版本2：政治（按省份分类）2008-2024\2008-2024·（新疆）政治高考真题\2018年高考政治试卷（新课标Ⅱ）（空白卷）.pdf,papers/2018/政治/全国/新课标全国II卷/2018_政治_新疆_新课标全国II卷_原卷.pdf,2
2018,历史,北京,老高考,2020,地方/区域卷,local,北京卷,present_local,H:\New folder\【新·PDF版】2008-2024·高考历史真题\版本2：历史（按省份分类）2008-2024\2008-2024·（北京）历史高考真题\2018年高考历史试卷（北京）（空白卷）.pdf,papers/2018/历史/北京/北京卷/2018_历史_北京_北京卷_原卷.pdf,2
2018,历史,天津,老高考,2020,地方/区域卷,local,天津卷,present_local,H:\New folder\【新·PDF版】2008-2024·高考历史真题\版本2：历史（按省份分类）2008-2024\2008-2023·（天津）历史高考真题\2018年高考历史试卷（天津）（空白卷）.pdf,papers/2018/历史/天津/天津卷/2018_历史_天津_天津卷_原卷.pdf,2
2018,历史,河北,老高考,2021,全国卷,common,新课标全国I卷,present_common,H:\New folder\【新·PDF版】2008-2024·高考历史真题\版本2：历史（按省份分类）2008-2024\2008-2023·（河北）历史高考真题\2018年高考历史试卷（新课标Ⅰ）（空白卷）.pdf,papers/2018/历史/全国/新课标全国I卷/2018_历史_河北_新课标全国I卷_原卷.pdf,2
2018,历史,山西,老高考,2025,全国卷,common,新课标全国I卷,present_common,H:\New folder\【新·PDF版】2008-2024·高考历史真题\版本2：历史（按省份分类）2008-2024\2008-2024·（山西）历史高考真题\2018年高考历史试卷（新课标Ⅰ）（空白卷）.pdf,papers/2018/历史/全国/新课标全国I卷/2018_历史_山西_新课标全国I卷_原卷.pdf,2
2018,历史,内蒙古,老高考,2025,全国卷,common,新课标全国II卷,present_common,H:\New folder\【新·PDF版】2008-2024·高考历史真题\版本2：历史（按省份分类）2008-2024\2008-2024·（内蒙古）历史高考真题\2018年高考历史试卷（新课标Ⅱ）（空白卷）.pdf,papers/2018/历史/全国/新课标全国II卷/2018_历史_内蒙古_新课标全国II卷_原卷.pdf,2
2018,历史,辽宁,老高考,2021,全国卷,common,新课标全国II卷,present_common,H:\New folder\【新·PDF版】2008-2024·高考历史真题\版本2：历史（按省份分类）2008-2024\2010-2024·（辽宁）历史高考真题\2018年高考历史试卷（新课标Ⅱ）（空白卷）.pdf,papers/2018/历史/全国/新课标全国II卷/2018_历史_辽宁_新课标全国II卷_原卷.pdf,2
2018,历史,吉林,老高考,2024,全国卷,common,新课标全国II卷,present_common,H:\New folder\【新·PDF版】2008-2024·高考历史真题\版本2：历史（按省份分类）2008-2024\2008-2024·（吉林）历史高考真题\2018年高考历史试卷（新课标Ⅱ）（空白卷）.pdf,papers/2018/历史/全国/新课标全国II卷/2018_历史_吉林_新课标全国II卷_原卷.pdf,2
2018,历史,黑龙江,老高考,2024,全国卷,common,新课标全国II卷,present_common,H:\New folder\【新·PDF版】2008-2024·高考历史真题\版本2：历史（按省份分类）2008-2024\2008-2024·（黑龙江）历史高考真题\2018年高考历史试卷（新课标Ⅱ）（空白卷）.pdf,papers/2018/历史/全国/新课标全国II卷/2018_历史_黑龙江_新课标全国II卷_原卷.pdf,2
2018,历史,江苏,老高考,2021,地方/区域卷,local,江苏卷,present_local,H:\New folder\【新·PDF版】2008-2024·高考历史真题\版本2：历史（按省份分类）2008-2024\2008-2024·（江苏）历史高考真题\2018年高考历史试卷（江苏）（空白卷）   .pdf,papers/2018/历史/江苏/江苏卷/2018_历史_江苏_江苏卷_原卷.pdf,2
2018,历史,安徽,老高考,2024,全国卷,common,新课标全国I卷,present_common,H:\New folder\【新·PDF版】2008-2024·高考历史真题\版本2：历史（按省份分类）2008-2024\2012-2024·（安徽）历史高考真题\2018年高考历史试卷（新课标Ⅰ）（空白卷）.pdf,papers/2018/历史/全国/新课标全国I卷/2018_历史_安徽_新课标全国I卷_原卷.pdf,2
2018,历史,福建,老高考,2021,全国卷,common,新课标全国I卷,present_common,H:\New folder\【新·PDF版】2008-2024·高考历史真题\版本2：历史（按省份分类）2008-2024\2012-2023·（福建）历史高考真题\2018年高考历史试卷（新课标Ⅰ）（空白卷）.pdf,papers/2018/历史/全国/新课标全国I卷/2018_历史_福建_新课标全国I卷_原卷.pdf,2
2018,历史,江西,老高考,2024,全国卷,common,新课标全国I卷,present_common,H:\New folder\【新·PDF版】2008-2024·高考历史真题\版本2：历史（按省份分类）2008-2024\2008-2023·（江西）历史高考真题\2018年高考历史试卷（新课标Ⅰ）（空白卷）.pdf,papers/2018/历史/全国/新课标全国I卷/2018_历史_江西_新课标全国I卷_原卷.pdf,2
2018,历史,山东,老高考,2020,全国卷,common,新课标全国I卷,present_common,H:\New folder\【新·PDF版】2008-2024·高考历史真题\版本2：历史（按省份分类）2008-2024\2008-2024·（山东）历史高考真题\2018年高考历史试卷（新课标Ⅰ）（空白卷）.pdf,papers/2018/历史/全国/新课标全国I卷/2018_历史_山东_新课标全国I卷_原卷.pdf,2
2018,历史,河南,老高考,2025,全国卷,common,新课标全国I卷,present_common,H:\New folder\【新·PDF版】2008-2024·高考历史真题\版本2：历史（按省份分类）2008-2024\2008-2024·（河南）历史高考真题\2018年高考历史试卷（新课标Ⅰ）（空白卷）.pdf,papers/2018/历史/全国/新课标全国I卷/2018_历史_河南_新课标全国I卷_原卷.pdf,2
2018,历史,湖北,老高考,2021,全国卷,common,新课标全国I卷,present_common,H:\New folder\【新·PDF版】2008-2024·高考历史真题\版本2：历史（按省份分类）2008-2024\2008-2024·（湖北）历史高考真题\2018年高考历史试卷（新课标Ⅰ）（空白卷）.pdf,papers/2018/历史/全国/新课标全国I卷/2018_历史_湖北_新课标全国I卷_原卷.pdf,2
2018,历史,湖南,老高考,2021,全国卷,common,新课标全国I卷,present_common,H:\New folder\【新·PDF版】2008-2024·高考历史真题\版本2：历史（按省份分类）2008-2024\2008-2024·（湖南）历史高考真题\2018年高考历史试卷（新课标Ⅰ）（空白卷）.pdf,papers/2018/历史/全国/新课标全国I卷/2018_历史_湖南_新课标全国I卷_原卷.pdf,2
2018,历史,广东,老高考,2021,全国卷,common,新课标全国I卷,present_common,H:\New folder\【新·PDF版】2008-2024·高考历史真题\版本2：历史（按省份分类）2008-2024\2008-2024·（广东）历史高考真题\2018年高考历史试卷（新课标Ⅰ）（空白卷）.pdf,papers/2018/历史/全国/新课标全国I卷/2018_历史_广东_新课标全国I卷_原卷.pdf,2
2018,历史,广西,老高考,2024,全国卷,common,新课标全国III卷,present_common,H:\New folder\【新·PDF版】2008-2024·高考历史真题\版本2：历史（按省份分类）2008-2024\2008-2023·（广西）历史高考真题\2018年高考历史试卷（新课标Ⅲ）（空白卷）.pdf,papers/2018/历史/全国/新课标全国III卷/2018_历史_广西_新课标全国III卷_原卷.pdf,2
2018,历史,海南,老高考,2020,地方/区域卷,local,海南卷,present_local,H:\New folder\【新·PDF版】2008-2024·高考历史真题\版本2：历史（按省份分类）2008-2024\2008-2023·（海南）历史高考真题\2018年高考历史试卷（海南）（空白卷）.pdf,papers/2018/历史/海南/海南卷/2018_历史_海南_海南卷_原卷.pdf,2
2018,历史,重庆,老高考,2021,全国卷,common,新课标全国II卷,present_common,H:\New folder\【新·PDF版】2008-2024·高考历史真题\版本2：历史（按省份分类）2008-2024\2012-2024·（重庆）历史高考真题\2018年高考历史试卷（新课标Ⅱ）（空白卷）.pdf,papers/2018/历史/全国/新课标全国II卷/2018_历史_重庆_新课标全国II卷_原卷.pdf,2
2018,历史,四川,老高考,2025,全国卷,common,新课标全国III卷,present_common,H:\New folder\【新·PDF版】2008-2024·高考历史真题\版本2：历史（按省份分类）2008-2024\2008-2024·（四川）历史高考真题\2018年高考历史试卷（新课标Ⅲ）（空白卷）.pdf,papers/2018/历史/全国/新课标全国III卷/2018_历史_四川_新课标全国III卷_原卷.pdf,2
2018,历史,贵州,老高考,2024,全国卷,common,新课标全国III卷,present_common,H:\New folder\【新·PDF版】2008-2024·高考历史真题\版本2：历史（按省份分类）2008-2024\2008-2023·（贵州）历史高考真题\2018年高考历史试卷（新课标Ⅲ）（空白卷）.pdf,papers/2018/历史/全国/新课标全国III卷/2018_历史_贵州_新课标全国III卷_原卷.pdf,2
2018,历史,云南,老高考,2025,全国卷,common,新课标全国III卷,present_common,H:\New folder\【新·PDF版】2008-2024·高考历史真题\版本2：历史（按省份分类）2008-2024\2008-2024·（云南）历史高考真题\2018年高考历史试卷（新课标Ⅲ）（空白卷）.pdf,papers/2018/历史/全国/新课标全国III卷/2018_历史_云南_新课标全国III卷_原卷.pdf,2
2018,历史,西藏,老高考,,全国卷,common,新课标全国II卷,present_common,H:\New folder\【新·PDF版】2008-2024·高考历史真题\版本2：历史（按省份分类）2008-2024\2008-2024·（西藏）历史高考真题\2018年高考历史试卷（新课标Ⅱ）（空白卷）.pdf,papers/2018/历史/全国/新课标全国II卷/2018_历史_西藏_新课标全国II卷_原卷.pdf,2
2018,历史,陕西,老高考,2025,全国卷,common,新课标全国II卷,present_common,H:\New folder\【新·PDF版】2008-2024·高考历史真题\版本2：历史（按省份分类）2008-2024\2008-2024·（陕西）历史高考真题\2018年高考历史试卷（新课标Ⅱ）（空白卷）.pdf,papers/2018/历史/全国/新课标全国II卷/2018_历史_陕西_新课标全国II卷_原卷.pdf,2
2018,历史,甘肃,老高考,2024,全国卷,common,新课标全国II卷,present_common,H:\New folder\【新·PDF版】2008-2024·高考历史真题\版本2：历史（按省份分类）2008-2024\2008-2024·（甘肃）历史高考真题\2018年高考历史试卷（新课标Ⅱ）（空白卷）.pdf,papers/2018/历史/全国/新课标全国II卷/2018_历史_甘肃_新课标全国II卷_原卷.pdf,2
2018,历史,青海,老高考,2025,全国卷,common,新课标全国I卷,present_common,H:\New folder\【新·PDF版】2008-2024·高考历史真题\版本2：历史（按省份分类）2008-2024\2008-2024·（青海）历史高考真题\2018年高考历史试卷（新课标Ⅰ）（空白卷）.pdf,papers/2018/历史/全国/新课标全国I卷/2018_历史_青海_新课标全国I卷_原卷.pdf,3
2018,历史,宁夏,老高考,2025,全国卷,common,新课标全国II卷,present_common,H:\New folder\【新·PDF版】2008-2024·高考历史真题\版本2：历史（按省份分类）2008-2024\2010-2024·（宁夏）历史高考真题\2018年高考历史试卷（新课标Ⅱ）（空白卷）.pdf,papers/2018/历史/全国/新课标全国II卷/2018_历史_宁夏_新课标全国II卷_原卷.pdf,2
2018,历史,新疆,老高考,,全国卷,common,新课标全国II卷,present_common,H:\New folder\【新·PDF版】2008-2024·高考历史真题\版本2：历史（按省份分类）2008-2024\2008-2024·（新疆）历史高考真题\2018年高考历史试卷（新课标Ⅱ）（空白卷）.pdf,papers/2018/历史/全国/新课标全国II卷/2018_历史_新疆_新课标全国II卷_原卷.pdf,2
2018,地理,北京,老高考,2020,地方/区域卷,local,北京卷,present_local,H:\New folder\【新·PDF版】2008-2024·高考地理真题\版本2：地理（按省份分类）2008-2024\2008-2024·（北京）地理高考真题\2018年高考地理试卷（北京）（空白卷）.pdf,papers/2018/地理/北京/北京卷/2018_地理_北京_北京卷_原卷.pdf,2
2018,地理,天津,老高考,2020,地方/区域卷,local,天津卷,present_local,H:\New folder\【新·PDF版】2008-2024·高考地理真题\版本2：地理（按省份分类）2008-2024\2008-2023·（天津）地理高考真题\2018年高考地理试卷（天津）（空白卷）.pdf,papers/2018/地理/天津/天津卷/2018_地理_天津_天津卷_原卷.pdf,2
2018,地理,河北,老高考,2021,全国卷,common,新课标全国I卷,present_common,H:\New folder\【新·PDF版】2008-2024·高考地理真题\版本2：地理（按省份分类）2008-2024\2008-2023·（河北）地理高考真题\2018年高考地理试卷（新课标Ⅰ）（空白卷）.pdf,papers/2018/地理/全国/新课标全国I卷/2018_地理_河北_新课标全国I卷_原卷.pdf,2
2018,地理,山西,老高考,2025,全国卷,common,新课标全国I卷,present_common,H:\New folder\【新·PDF版】2008-2024·高考地理真题\版本2：地理（按省份分类）2008-2024\2008-2024·（山西）地理高考真题\2018年高考地理试卷（新课标Ⅰ）（空白卷）.pdf,papers/2018/地理/全国/新课标全国I卷/2018_地理_山西_新课标全国I卷_原卷.pdf,2
2018,地理,内蒙古,老高考,2025,全国卷,common,新课标全国II卷,present_common,H:\New folder\【新·PDF版】2008-2024·高考地理真题\版本2：地理（按省份分类）2008-2024\2008-2024·（内蒙古）地理高考真题\2018年高考地理试卷（新课标Ⅱ）（空白卷）.pdf,papers/2018/地理/全国/新课标全国II卷/2018_地理_内蒙古_新课标全国II卷_原卷.pdf,2
2018,地理,辽宁,老高考,2021,全国卷,common,新课标全国II卷,present_common,H:\New folder\【新·PDF版】2008-2024·高考地理真题\版本2：地理（按省份分类）2008-2024\2010-2024·（辽宁）地理高考真题\2018年高考地理试卷（新课标Ⅱ）（空白卷）.pdf,papers/2018/地理/全国/新课标全国II卷/2018_地理_辽宁_新课标全国II卷_原卷.pdf,2
2018,地理,吉林,老高考,2024,全国卷,common,新课标全国II卷,present_common,H:\New folder\【新·PDF版】2008-2024·高考地理真题\版本2：地理（按省份分类）2008-2024\2008-2024·（吉林）地理高考真题\2018年高考地理试卷（新课标Ⅱ）（空白卷）.pdf,papers/2018/地理/全国/新课标全国II卷/2018_地理_吉林_新课标全国II卷_原卷.pdf,2
2018,地理,黑龙江,老高考,2024,全国卷,common,新课标全国II卷,present_common,H:\New folder\【新·PDF版】2008-2024·高考地理真题\版本2：地理（按省份分类）2008-2024\2008-2024·（黑龙江）地理高考真题\2018年高考地理试卷（新课标Ⅱ）（空白卷）.pdf,papers/2018/地理/全国/新课标全国II卷/2018_地理_黑龙江_新课标全国II卷_原卷.pdf,2
2018,地理,江苏,老高考,2021,地方/区域卷,local,江苏卷,present_local,H:\New folder\【新·PDF版】2008-2024·高考地理真题\版本2：地理（按省份分类）2008-2024\2008-2023·（江苏）地理高考真题\2018年高考地理试卷（江苏）（空白卷）.pdf,papers/2018/地理/江苏/江苏卷/2018_地理_江苏_江苏卷_原卷.pdf,2
2018,地理,安徽,老高考,2024,全国卷,common,新课标全国I卷,present_common,H:\New folder\【新·PDF版】2008-2024·高考地理真题\版本2：地理（按省份分类）2008-2024\2012-2024·（安徽）地理高考真题\2018年高考地理试卷（新课标Ⅰ）（空白卷）.pdf,papers/2018/地理/全国/新课标全国I卷/2018_地理_安徽_新课标全国I卷_原卷.pdf,2
2018,地理,福建,老高考,2021,全国卷,common,新课标全国I卷,present_common,H:\New folder\【新·PDF版】2008-2024·高考地理真题\版本2：地理（按省份分类）2008-2024\2012-2024·（福建）地理高考真题\2018年高考地理试卷（新课标Ⅰ）（空白卷）.pdf,papers/2018/地理/全国/新课标全国I卷/2018_地理_福建_新课标全国I卷_原卷.pdf,2
2018,地理,江西,老高考,2024,全国卷,common,新课标全国I卷,present_common,H:\New folder\【新·PDF版】2008-2024·高考地理真题\版本2：地理（按省份分类）2008-2024\2008-2024·（江西）地理高考真题\2018年高考地理试卷（新课标Ⅰ）（空白卷）.pdf,papers/2018/地理/全国/新课标全国I卷/2018_地理_江西_新课标全国I卷_原卷.pdf,2
2018,地理,山东,老高考,2020,全国卷,common,新课标全国I卷,present_common,H:\New folder\【新·PDF版】2008-2024·高考地理真题\版本2：地理（按省份分类）2008-2024\2008-2024·（山东）地理高考真题\2018年高考地理试卷（新课标Ⅰ）（空白卷）.pdf,papers/2018/地理/全国/新课标全国I卷/2018_地理_山东_新课标全国I卷_原卷.pdf,2
2018,地理,河南,老高考,2025,全国卷,common,新课标全国I卷,present_common,H:\New folder\【新·PDF版】2008-2024·高考地理真题\版本2：地理（按省份分类）2008-2024\2008-2024·（河南）地理高考真题\2018年高考地理试卷（新课标Ⅰ）（空白卷）.pdf,papers/2018/地理/全国/新课标全国I卷/2018_地理_河南_新课标全国I卷_原卷.pdf,2
2018,地理,湖北,老高考,2021,全国卷,common,新课标全国I卷,present_common,H:\New folder\【新·PDF版】2008-2024·高考地理真题\版本2：地理（按省份分类）2008-2024\2008-2024·（湖北）地理高考真题\2018年高考地理试卷（新课标Ⅰ）（空白卷）.pdf,papers/2018/地理/全国/新课标全国I卷/2018_地理_湖北_新课标全国I卷_原卷.pdf,2
2018,地理,湖南,老高考,2021,全国卷,common,新课标全国I卷,present_common,H:\New folder\【新·PDF版】2008-2024·高考地理真题\版本2：地理（按省份分类）2008-2024\2008-2024·（湖南）地理高考真题\2018年高考地理试卷（新课标Ⅰ）（空白卷）.pdf,papers/2018/地理/全国/新课标全国I卷/2018_地理_湖南_新课标全国I卷_原卷.pdf,2
2018,地理,广东,老高考,2021,,missing,,missing,,,0
2018,地理,广西,老高考,2024,全国卷,common,新课标全国III卷,present_common,H:\New folder\【新·PDF版】2008-2024·高考地理真题\版本2：地理（按省份分类）2008-2024\2008-2023·（广西）地理高考真题\2018年高考地理试卷（新课标Ⅲ）（空白卷）.pdf,papers/2018/地理/全国/新课标全国III卷/2018_地理_广西_新课标全国III卷_原卷.pdf,2
2018,地理,海南,老高考,2020,地方/区域卷,local,海南卷,present_local,H:\New folder\【新·PDF版】2008-2024·高考地理真题\版本2：地理（按省份分类）2008-2024\2008-2023·（海南）地理高考真题\2018年高考地理试卷（海南）（空白卷）.pdf,papers/2018/地理/海南/海南卷/2018_地理_海南_海南卷_原卷.pdf,2
2018,地理,重庆,老高考,2021,全国卷,common,新课标全国II卷,present_common,H:\New folder\【新·PDF版】2008-2024·高考地理真题\版本2：地理（按省份分类）2008-2024\2012-2023·（重庆）地理高考真题\2018年高考地理试卷（新课标Ⅱ）（空白卷）.pdf,papers/2018/地理/全国/新课标全国II卷/2018_地理_重庆_新课标全国II卷_原卷.pdf,2
2018,地理,四川,老高考,2025,全国卷,common,新课标全国III卷,present_common,H:\New folder\【新·PDF版】2008-2024·高考地理真题\版本2：地理（按省份分类）2008-2024\2008-2024·（四川）地理高考真题\2018年高考地理试卷（新课标Ⅲ）（空白卷）.pdf,papers/2018/地理/全国/新课标全国III卷/2018_地理_四川_新课标全国III卷_原卷.pdf,2
2018,地理,贵州,老高考,2024,全国卷,common,新课标全国III卷,present_common,H:\New folder\【新·PDF版】2008-2024·高考地理真题\版本2：地理（按省份分类）2008-2024\2008-2023·（贵州）地理高考真题\2018年高考地理试卷（新课标Ⅲ）（空白卷）.pdf,papers/2018/地理/全国/新课标全国III卷/2018_地理_贵州_新课标全国III卷_原卷.pdf,2
2018,地理,云南,老高考,2025,全国卷,common,新课标全国III卷,present_common,H:\New folder\【新·PDF版】2008-2024·高考地理真题\版本2：地理（按省份分类）2008-2024\2008-2024·（云南）地理高考真题\2018年高考地理试卷（新课标Ⅲ）（空白卷）.pdf,papers/2018/地理/全国/新课标全国III卷/2018_地理_云南_新课标全国III卷_原卷.pdf,2
2018,地理,西藏,老高考,,全国卷,common,新课标全国II卷,present_common,H:\New folder\【新·PDF版】2008-2024·高考地理真题\版本2：地理（按省份分类）2008-2024\2008-2024·（西藏）地理高考真题\2018年高考地理试卷（新课标Ⅱ）（空白卷）.pdf,papers/2018/地理/全国/新课标全国II卷/2018_地理_西藏_新课标全国II卷_原卷.pdf,2
2018,地理,陕西,老高考,2025,全国卷,common,新课标全国II卷,present_common,H:\New folder\【新·PDF版】2008-2024·高考地理真题\版本2：地理（按省份分类）2008-2024\2008-2024·（陕西）地理高考真题\2018年高考地理试卷（新课标Ⅱ）（空白卷）.pdf,papers/2018/地理/全国/新课标全国II卷/2018_地理_陕西_新课标全国II卷_原卷.pdf,2
2018,地理,甘肃,老高考,2024,全国卷,common,新课标全国II卷,present_common,H:\New folder\【新·PDF版】2008-2024·高考地理真题\版本2：地理（按省份分类）2008-2024\2008-2024·（甘肃）地理高考真题\2018年高考地理试卷（新课标Ⅱ）（空白卷）.pdf,papers/2018/地理/全国/新课标全国II卷/2018_地理_甘肃_新课标全国II卷_原卷.pdf,2
2018,地理,青海,老高考,2025,全国卷,common,新课标全国II卷,present_common,H:\New folder\【新·PDF版】2008-2024·高考地理真题\版本2：地理（按省份分类）2008-2024\2008-2024·（青海）地理高考真题\2018年高考地理试卷（新课标Ⅱ）（空白卷）.pdf,papers/2018/地理/全国/新课标全国II卷/2018_地理_青海_新课标全国II卷_原卷.pdf,2
2018,地理,宁夏,老高考,2025,全国卷,common,新课标全国II卷,present_common,H:\New folder\【新·PDF版】2008-2024·高考地理真题\版本2：地理（按省份分类）2008-2024\2010-2024·（宁夏）地理高考真题\2018年高考地理试卷（新课标Ⅱ）（空白卷）.pdf,papers/2018/地理/全国/新课标全国II卷/2018_地理_宁夏_新课标全国II卷_原卷.pdf,2
2018,地理,新疆,老高考,,全国卷,common,新课标全国II卷,present_common,H:\New folder\【新·PDF版】2008-2024·高考地理真题\版本2：地理（按省份分类）2008-2024\2008-2024·（新疆）地理高考真题\2018年高考地理试卷（新课标Ⅱ）（空白卷）.pdf,papers/2018/地理/全国/新课标全国II卷/2018_地理_新疆_新课标全国II卷_原卷.pdf,2
2019,语文,北京,老高考,2020,地方/区域卷,local,北京卷,present_local,H:\New folder\【新·PDF版】2008-2024·高考语文真题\版本2：语文（按省份分类）2008-2024\2008-2024·（北京）语文高考真题\2019年高考语文试卷（北京）（空白卷）.pdf,papers/2019/语文/北京/北京卷/2019_语文_北京_北京卷_原卷.pdf,2
2019,语文,天津,老高考,2020,地方/区域卷,local,天津卷,present_local,H:\New folder\【新·PDF版】2008-2024·高考语文真题\版本2：语文（按省份分类）2008-2024\2008-2023·（天津）语文高考真题\2019年高考语文试卷（天津）（空白卷）.pdf,papers/2019/语文/天津/天津卷/2019_语文_天津_天津卷_原卷.pdf,2
2019,语文,河北,老高考,2021,全国卷,common,新课标全国I卷,present_common,H:\New folder\【新·PDF版】2008-2024·高考语文真题\版本2：语文（按省份分类）2008-2024\2008-2024·（河北）语文高考真题\2019年高考语文试卷（新课标Ⅰ卷）（空白卷）.pdf,papers/2019/语文/全国/新课标全国I卷/2019_语文_河北_新课标全国I卷_原卷.pdf,2
2019,语文,山西,老高考,2025,全国卷,common,新课标全国I卷,present_common,H:\New folder\【新·PDF版】2008-2024·高考语文真题\版本2：语文（按省份分类）2008-2024\2008-2024·（山西）语文高考真题\2019年高考语文试卷（新课标Ⅰ卷）（空白卷）.pdf,papers/2019/语文/全国/新课标全国I卷/2019_语文_山西_新课标全国I卷_原卷.pdf,2
2019,语文,内蒙古,老高考,2025,全国卷,common,新课标全国II卷,present_common,H:\New folder\【新·PDF版】2008-2024·高考语文真题\版本2：语文（按省份分类）2008-2024\2008-2024·（内蒙古）语文高考真题\2019年高考语文试卷（新课标Ⅱ卷）（空白卷）.pdf,papers/2019/语文/全国/新课标全国II卷/2019_语文_内蒙古_新课标全国II卷_原卷.pdf,2
2019,语文,辽宁,老高考,2021,全国卷,common,新课标全国II卷,present_common,H:\New folder\【新·PDF版】2008-2024·高考语文真题\版本2：语文（按省份分类）2008-2024\2012-2024·（辽宁）语文高考真题\2019年高考语文试卷（新课标Ⅱ卷）（空白卷）.pdf,papers/2019/语文/全国/新课标全国II卷/2019_语文_辽宁_新课标全国II卷_原卷.pdf,2
2019,语文,吉林,老高考,2024,全国卷,common,新课标全国II卷,present_common,H:\New folder\【新·PDF版】2008-2024·高考语文真题\版本2：语文（按省份分类）2008-2024\2008-2024·（吉林）语文高考真题\2019年高考语文试卷（新课标Ⅱ卷）（空白卷）(1).pdf,papers/2019/语文/全国/新课标全国II卷/2019_语文_吉林_新课标全国II卷_原卷.pdf,3
2019,语文,黑龙江,老高考,2024,全国卷,common,新课标全国II卷,present_common,H:\New folder\【新·PDF版】2008-2024·高考语文真题\版本2：语文（按省份分类）2008-2024\2008-2024·（黑龙江）语文高考真题\2019年高考语文试卷（新课标Ⅱ卷）（空白卷）.pdf,papers/2019/语文/全国/新课标全国II卷/2019_语文_黑龙江_新课标全国II卷_原卷.pdf,2
2019,语文,江苏,老高考,2021,地方/区域卷,local,江苏卷,present_local,H:\New folder\【新·PDF版】2008-2024·高考语文真题\版本2：语文（按省份分类）2008-2024\2008-2024·（江苏）语文高考真题\2019年高考语文试卷（江苏）（空白卷）   .pdf,papers/2019/语文/江苏/江苏卷/2019_语文_江苏_江苏卷_原卷.pdf,3
2019,语文,安徽,老高考,2024,全国卷,common,新课标全国I卷,present_common,H:\New folder\【新·PDF版】2008-2024·高考语文真题\版本2：语文（按省份分类）2008-2024\2012-2024·（安徽）语文高考真题\2019年高考语文试卷（新课标Ⅰ卷）（空白卷）.pdf,papers/2019/语文/全国/新课标全国I卷/2019_语文_安徽_新课标全国I卷_原卷.pdf,2
2019,语文,福建,老高考,2021,全国卷,common,新课标全国I卷,present_common,H:\New folder\【新·PDF版】2008-2024·高考语文真题\版本2：语文（按省份分类）2008-2024\2012-2024·（福建）语文高考真题\2019年高考语文试卷（新课标Ⅰ卷）（空白卷）.pdf,papers/2019/语文/全国/新课标全国I卷/2019_语文_福建_新课标全国I卷_原卷.pdf,2
2019,语文,江西,老高考,2024,地方/区域卷,local,浙江卷,present_local,H:\New folder\【新·PDF版】2008-2024·高考语文真题\版本2：语文（按省份分类）2008-2024\2012-2024·（江西）语文高考真题\2019年高考语文试卷（浙江）（空白卷）.pdf,papers/2019/语文/江西/浙江卷/2019_语文_江西_浙江卷_原卷.pdf,3
2019,语文,山东,老高考,2020,全国卷,common,新课标全国I卷,present_common,H:\New folder\【新·PDF版】2008-2024·高考语文真题\版本2：语文（按省份分类）2008-2024\2008-2024·（山东）语文高考真题\2019年高考语文试卷（新课标Ⅰ卷）（空白卷）.pdf,papers/2019/语文/全国/新课标全国I卷/2019_语文_山东_新课标全国I卷_原卷.pdf,2
2019,语文,河南,老高考,2025,全国卷,common,新课标全国I卷,present_common,H:\New folder\【新·PDF版】2008-2024·高考语文真题\版本2：语文（按省份分类）2008-2024\2008-2024·（河南）语文高考真题\2019年高考语文试卷（新课标Ⅰ卷）（空白卷）.pdf,papers/2019/语文/全国/新课标全国I卷/2019_语文_河南_新课标全国I卷_原卷.pdf,2
2019,语文,湖北,老高考,2021,全国卷,common,新课标全国I卷,present_common,H:\New folder\【新·PDF版】2008-2024·高考语文真题\版本2：语文（按省份分类）2008-2024\2012-2024·（湖北）语文高考真题\2019年高考语文试卷（新课标Ⅰ卷）（空白卷）.pdf,papers/2019/语文/全国/新课标全国I卷/2019_语文_湖北_新课标全国I卷_原卷.pdf,3
2019,语文,湖南,老高考,2021,全国卷,common,新课标全国I卷,present_common,H:\New folder\【新·PDF版】2008-2024·高考语文真题\版本2：语文（按省份分类）2008-2024\2008-2024·（湖南）语文高考真题\2019年高考语文试卷（新课标Ⅰ卷）（空白卷）.pdf,papers/2019/语文/全国/新课标全国I卷/2019_语文_湖南_新课标全国I卷_原卷.pdf,2
2019,语文,广东,老高考,2021,全国卷,common,新课标全国I卷,present_common,H:\New folder\【新·PDF版】2008-2024·高考语文真题\版本2：语文（按省份分类）2008-2024\2008-2024·（广东）语文高考真题\2019年高考语文试卷（新课标Ⅰ卷）（空白卷）.pdf,papers/2019/语文/全国/新课标全国I卷/2019_语文_广东_新课标全国I卷_原卷.pdf,2
2019,语文,广西,老高考,2024,全国卷,common,新课标全国III卷,present_common,H:\New folder\【新·PDF版】2008-2024·高考语文真题\版本2：语文（按省份分类）2008-2024\2008-2024·（广西）语文高考真题\2019年高考语文试卷（新课标Ⅲ卷）（空白卷）.pdf,papers/2019/语文/全国/新课标全国III卷/2019_语文_广西_新课标全国III卷_原卷.pdf,2
2019,语文,海南,老高考,2020,全国卷,common,新课标全国II卷,present_common,H:\New folder\【新·PDF版】2008-2024·高考语文真题\版本2：语文（按省份分类）2008-2024\2008-2024·（海南）语文高考真题\2019年高考语文试卷（新课标Ⅱ卷）（空白卷）.pdf,papers/2019/语文/全国/新课标全国II卷/2019_语文_海南_新课标全国II卷_原卷.pdf,2
2019,语文,重庆,老高考,2021,全国卷,common,新课标全国II卷,present_common,H:\New folder\【新·PDF版】2008-2024·高考语文真题\版本2：语文（按省份分类）2008-2024\2012-2024·（重庆）语文高考真题\2019年高考语文试卷（新课标Ⅱ卷）（空白卷）.pdf,papers/2019/语文/全国/新课标全国II卷/2019_语文_重庆_新课标全国II卷_原卷.pdf,1
2019,语文,四川,老高考,2025,全国卷,common,新课标全国III卷,present_common,H:\New folder\【新·PDF版】2008-2024·高考语文真题\版本2：语文（按省份分类）2008-2024\2008-2024·（四川）语文高考真题\2019年高考语文试卷（新课标Ⅲ卷）（空白卷）.pdf,papers/2019/语文/全国/新课标全国III卷/2019_语文_四川_新课标全国III卷_原卷.pdf,2
2019,语文,贵州,老高考,2024,全国卷,common,新课标全国III卷,present_common,H:\New folder\【新·PDF版】2008-2024·高考语文真题\版本2：语文（按省份分类）2008-2024\2008-2024·（贵州）语文高考真题\2019年高考语文试卷（新课标Ⅲ卷）（空白卷）.pdf,papers/2019/语文/全国/新课标全国III卷/2019_语文_贵州_新课标全国III卷_原卷.pdf,2
2019,语文,云南,老高考,2025,全国卷,common,新课标全国III卷,present_common,H:\New folder\【新·PDF版】2008-2024·高考语文真题\版本2：语文（按省份分类）2008-2024\2008-2024·（云南）语文高考真题\2019年高考语文试卷（新课标Ⅲ卷）（空白卷）.pdf,papers/2019/语文/全国/新课标全国III卷/2019_语文_云南_新课标全国III卷_原卷.pdf,2
2019,语文,西藏,老高考,,全国卷,common,新课标全国III卷,present_common,H:\New folder\【新·PDF版】2008-2024·高考语文真题\版本2：语文（按省份分类）2008-2024\2008-2024·（西藏）语文高考真题\2019年高考语文试卷（新课标Ⅲ卷）（空白卷）.pdf,papers/2019/语文/全国/新课标全国III卷/2019_语文_西藏_新课标全国III卷_原卷.pdf,2
2019,语文,陕西,老高考,2025,全国卷,common,新课标全国II卷,present_common,H:\New folder\【新·PDF版】2008-2024·高考语文真题\版本2：语文（按省份分类）2008-2024\2008-2024·（陕西）语文高考真题\2019年高考语文试卷（新课标Ⅱ卷）（空白卷）(1).pdf,papers/2019/语文/全国/新课标全国II卷/2019_语文_陕西_新课标全国II卷_原卷.pdf,3
2019,语文,甘肃,老高考,2024,全国卷,common,新课标全国II卷,present_common,H:\New folder\【新·PDF版】2008-2024·高考语文真题\版本2：语文（按省份分类）2008-2024\2008-2024·（甘肃）语文高考真题\2019年高考语文试卷（新课标Ⅱ卷）（空白卷）.pdf,papers/2019/语文/全国/新课标全国II卷/2019_语文_甘肃_新课标全国II卷_原卷.pdf,2
2019,语文,青海,老高考,2025,全国卷,common,新课标全国II卷,present_common,H:\New folder\【新·PDF版】2008-2024·高考语文真题\版本2：语文（按省份分类）2008-2024\2008-2024·（青海）语文高考真题\2019年高考语文试卷（新课标Ⅱ卷）（空白卷）.pdf,papers/2019/语文/全国/新课标全国II卷/2019_语文_青海_新课标全国II卷_原卷.pdf,2
2019,语文,宁夏,老高考,2025,全国卷,common,新课标全国II卷,present_common,H:\New folder\【新·PDF版】2008-2024·高考语文真题\版本2：语文（按省份分类）2008-2024\2008-2024·（宁夏）语文高考真题\2019年高考语文试卷（新课标Ⅱ卷）（空白卷）.pdf,papers/2019/语文/全国/新课标全国II卷/2019_语文_宁夏_新课标全国II卷_原卷.pdf,2
2019,语文,新疆,老高考,,全国卷,common,新课标全国II卷,present_common,H:\New folder\【新·PDF版】2008-2024·高考语文真题\版本2：语文（按省份分类）2008-2024\2008-2024·（新疆）语文高考真题\2019年高考语文试卷（新课标Ⅱ卷）（空白卷）.pdf,papers/2019/语文/全国/新课标全国II卷/2019_语文_新疆_新课标全国II卷_原卷.pdf,2
2019,数学,北京,老高考,2020,地方/区域卷,local,北京卷,present_local,H:\New folder\【新】2008-2024·高考数学真题\【PDF版】2008-2024·高考数学真题\版本2：数学（按省份分类）2008-2024\2008-2024·（北京）数学高考真题\2019年高考数学试卷（文）（北京）（空白卷）.pdf,papers/2019/数学/北京/北京卷/2019_数学_北京_北京卷_原卷.pdf,4
2019,数学,天津,老高考,2020,地方/区域卷,local,天津卷,present_local,H:\New folder\【新】2008-2024·高考数学真题\【PDF版】2008-2024·高考数学真题\版本2：数学（按省份分类）2008-2024\2008-2024·（天津）数学高考真题\2019年高考数学试卷（文）（天津）（空白卷）.pdf,papers/2019/数学/天津/天津卷/2019_数学_天津_天津卷_原卷.pdf,4
2019,数学,河北,老高考,2021,全国卷,common,新课标全国I卷,present_common,H:\New folder\【新】2008-2024·高考数学真题\【PDF版】2008-2024·高考数学真题\版本2：数学（按省份分类）2008-2024\2008-2024·（河北）数学高考真题\2019年高考数学试卷（文）（新课标Ⅰ）（空白卷）.pdf,papers/2019/数学/全国/新课标全国I卷/2019_数学_河北_新课标全国I卷_原卷.pdf,4
2019,数学,山西,老高考,2025,全国卷,common,新课标全国I卷,present_common,H:\New folder\【新】2008-2024·高考数学真题\【PDF版】2008-2024·高考数学真题\版本2：数学（按省份分类）2008-2024\2008-2024·（山西）数学高考真题\2019年高考数学试卷（文）（新课标Ⅰ）（空白卷）.pdf,papers/2019/数学/全国/新课标全国I卷/2019_数学_山西_新课标全国I卷_原卷.pdf,4
2019,数学,内蒙古,老高考,2025,全国卷,common,新课标全国II卷,present_common,H:\New folder\【新】2008-2024·高考数学真题\【PDF版】2008-2024·高考数学真题\版本2：数学（按省份分类）2008-2024\2008-2024·（内蒙古）数学高考真题\2019年高考数学试卷（文）（新课标Ⅱ）（空白卷）.pdf,papers/2019/数学/全国/新课标全国II卷/2019_数学_内蒙古_新课标全国II卷_原卷.pdf,4
2019,数学,辽宁,老高考,2021,全国卷,common,新课标全国II卷,present_common,H:\New folder\【新】2008-2024·高考数学真题\【PDF版】2008-2024·高考数学真题\版本2：数学（按省份分类）2008-2024\2008-2024·（辽宁）数学高考真题\2019年高考数学试卷（文）（新课标Ⅱ）（空白卷）.pdf,papers/2019/数学/全国/新课标全国II卷/2019_数学_辽宁_新课标全国II卷_原卷.pdf,4
2019,数学,吉林,老高考,2024,全国卷,common,新课标全国II卷,present_common,H:\New folder\【新】2008-2024·高考数学真题\【PDF版】2008-2024·高考数学真题\版本2：数学（按省份分类）2008-2024\2008-2024·（吉林）数学高考真题\2019年高考数学试卷（文）（新课标Ⅱ）（空白卷）.pdf,papers/2019/数学/全国/新课标全国II卷/2019_数学_吉林_新课标全国II卷_原卷.pdf,4
2019,数学,黑龙江,老高考,2024,全国卷,common,新课标全国II卷,present_common,H:\New folder\【新】2008-2024·高考数学真题\【PDF版】2008-2024·高考数学真题\版本2：数学（按省份分类）2008-2024\2008-2024·（黑龙江）数学高考真题\2019年高考数学试卷（文）（新课标Ⅱ）（空白卷）.pdf,papers/2019/数学/全国/新课标全国II卷/2019_数学_黑龙江_新课标全国II卷_原卷.pdf,4
2019,数学,江苏,老高考,2021,地方/区域卷,local,江苏卷,present_local,H:\New folder\【新】2008-2024·高考数学真题\【PDF版】2008-2024·高考数学真题\版本2：数学（按省份分类）2008-2024\2008-2024·（江苏）数学高考真题\2019年高考数学试卷（江苏）（空白卷）.pdf,papers/2019/数学/江苏/江苏卷/2019_数学_江苏_江苏卷_原卷.pdf,2
2019,数学,安徽,老高考,2024,全国卷,common,新课标全国I卷,present_common,H:\New folder\【新】2008-2024·高考数学真题\【PDF版】2008-2024·高考数学真题\版本2：数学（按省份分类）2008-2024\2012-2024·（安徽）数学高考真题\2019年高考数学试卷（文）（新课标Ⅰ）（空白卷）.pdf,papers/2019/数学/全国/新课标全国I卷/2019_数学_安徽_新课标全国I卷_原卷.pdf,4
2019,数学,福建,老高考,2021,全国卷,common,新课标全国I卷,present_common,H:\New folder\【新】2008-2024·高考数学真题\【PDF版】2008-2024·高考数学真题\版本2：数学（按省份分类）2008-2024\2012-2024·（福建）数学高考真题\2019年高考数学试卷（文）（新课标Ⅰ）（空白卷）.pdf,papers/2019/数学/全国/新课标全国I卷/2019_数学_福建_新课标全国I卷_原卷.pdf,4
2019,数学,江西,老高考,2024,全国卷,common,新课标全国I卷,present_common,H:\New folder\【新】2008-2024·高考数学真题\【PDF版】2008-2024·高考数学真题\版本2：数学（按省份分类）2008-2024\2008-2024·（江西）数学高考真题\2019年高考数学试卷（文）（新课标Ⅰ）（空白卷）.pdf,papers/2019/数学/全国/新课标全国I卷/2019_数学_江西_新课标全国I卷_原卷.pdf,4
2019,数学,山东,老高考,2020,全国卷,common,新课标全国I卷,present_common,H:\New folder\【新】2008-2024·高考数学真题\【PDF版】2008-2024·高考数学真题\版本2：数学（按省份分类）2008-2024\2008-2024·（山东）数学高考真题\2019年高考数学试卷（文）（新课标Ⅰ）（空白卷）.pdf,papers/2019/数学/全国/新课标全国I卷/2019_数学_山东_新课标全国I卷_原卷.pdf,4
2019,数学,河南,老高考,2025,全国卷,common,新课标全国I卷,present_common,H:\New folder\【新】2008-2024·高考数学真题\【PDF版】2008-2024·高考数学真题\版本2：数学（按省份分类）2008-2024\2008-2024·（河南）数学高考真题\2019年高考数学试卷（文）（新课标Ⅰ）（空白卷）.pdf,papers/2019/数学/全国/新课标全国I卷/2019_数学_河南_新课标全国I卷_原卷.pdf,4
2019,数学,湖北,老高考,2021,全国卷,common,新课标全国I卷,present_common,H:\New folder\【新】2008-2024·高考数学真题\【PDF版】2008-2024·高考数学真题\版本2：数学（按省份分类）2008-2024\2012-2024·（湖北）数学高考真题\2019年高考数学试卷（文）（新课标Ⅰ）（空白卷）.pdf,papers/2019/数学/全国/新课标全国I卷/2019_数学_湖北_新课标全国I卷_原卷.pdf,4
2019,数学,湖南,老高考,2021,全国卷,common,新课标全国I卷,present_common,H:\New folder\【新】2008-2024·高考数学真题\【PDF版】2008-2024·高考数学真题\版本2：数学（按省份分类）2008-2024\2008-2024·（湖南）数学高考真题\2019年高考数学试卷（文）（新课标Ⅰ）（空白卷）.pdf,papers/2019/数学/全国/新课标全国I卷/2019_数学_湖南_新课标全国I卷_原卷.pdf,4
2019,数学,广东,老高考,2021,全国卷,common,新课标全国I卷,present_common,H:\New folder\【新】2008-2024·高考数学真题\【PDF版】2008-2024·高考数学真题\版本2：数学（按省份分类）2008-2024\2008-2024·（广东）数学高考真题\2019年高考数学试卷（文）（新课标Ⅰ）（空白卷）.pdf,papers/2019/数学/全国/新课标全国I卷/2019_数学_广东_新课标全国I卷_原卷.pdf,4
2019,数学,广西,老高考,2024,全国卷,common,新课标全国III卷,present_common,H:\New folder\【新】2008-2024·高考数学真题\【PDF版】2008-2024·高考数学真题\版本2：数学（按省份分类）2008-2024\2008-2024·（广西）数学高考真题\2019年高考数学试卷（文）（新课标Ⅲ）（空白卷）.pdf,papers/2019/数学/全国/新课标全国III卷/2019_数学_广西_新课标全国III卷_原卷.pdf,4
2019,数学,海南,老高考,2020,全国卷,common,新课标全国II卷,present_common,H:\New folder\【新】2008-2024·高考数学真题\【PDF版】2008-2024·高考数学真题\版本2：数学（按省份分类）2008-2024\2008-2024·（海南）数学高考真题\2019年高考数学试卷（文）（新课标Ⅱ）（空白卷）.pdf,papers/2019/数学/全国/新课标全国II卷/2019_数学_海南_新课标全国II卷_原卷.pdf,4
2019,数学,重庆,老高考,2021,全国卷,common,新课标全国II卷,present_common,H:\New folder\【新】2008-2024·高考数学真题\【PDF版】2008-2024·高考数学真题\版本2：数学（按省份分类）2008-2024\2012-2024·（重庆）数学高考真题\2019年高考数学试卷（文）（新课标Ⅱ）（空白卷）.pdf,papers/2019/数学/全国/新课标全国II卷/2019_数学_重庆_新课标全国II卷_原卷.pdf,4
2019,数学,四川,老高考,2025,全国卷,common,新课标全国III卷,present_common,H:\New folder\【新】2008-2024·高考数学真题\【PDF版】2008-2024·高考数学真题\版本2：数学（按省份分类）2008-2024\2008-2024·（四川）数学高考真题\2019年高考数学试卷（文）（新课标Ⅲ）（空白卷）.pdf,papers/2019/数学/全国/新课标全国III卷/2019_数学_四川_新课标全国III卷_原卷.pdf,4
2019,数学,贵州,老高考,2024,全国卷,common,新课标全国III卷,present_common,H:\New folder\【新】2008-2024·高考数学真题\【PDF版】2008-2024·高考数学真题\版本2：数学（按省份分类）2008-2024\2008-2024·（贵州）数学高考真题\2019年高考数学试卷（文）（新课标Ⅲ）（空白卷）.pdf,papers/2019/数学/全国/新课标全国III卷/2019_数学_贵州_新课标全国III卷_原卷.pdf,4
2019,数学,云南,老高考,2025,全国卷,common,新课标全国III卷,present_common,H:\New folder\【新】2008-2024·高考数学真题\【PDF版】2008-2024·高考数学真题\版本2：数学（按省份分类）2008-2024\2008-2024·（云南）数学高考真题\2019年高考数学试卷（文）（新课标Ⅲ）（空白卷）.pdf,papers/2019/数学/全国/新课标全国III卷/2019_数学_云南_新课标全国III卷_原卷.pdf,4
2019,数学,西藏,老高考,,全国卷,common,新课标全国III卷,present_common,H:\New folder\【新】2008-2024·高考数学真题\【PDF版】2008-2024·高考数学真题\版本2：数学（按省份分类）2008-2024\2008-2024·（西藏）数学高考真题\2019年高考数学试卷（文）（新课标Ⅲ）（空白卷）.pdf,papers/2019/数学/全国/新课标全国III卷/2019_数学_西藏_新课标全国III卷_原卷.pdf,4
2019,数学,陕西,老高考,2025,全国卷,common,新课标全国II卷,present_common,H:\New folder\【新】2008-2024·高考数学真题\【PDF版】2008-2024·高考数学真题\版本2：数学（按省份分类）2008-2024\2008-2024·（陕西）数学高考真题\2019年高考数学试卷（文）（新课标Ⅱ）（空白卷）.pdf,papers/2019/数学/全国/新课标全国II卷/2019_数学_陕西_新课标全国II卷_原卷.pdf,4
2019,数学,甘肃,老高考,2024,全国卷,common,新课标全国II卷,present_common,H:\New folder\【新】2008-2024·高考数学真题\【PDF版】2008-2024·高考数学真题\版本2：数学（按省份分类）2008-2024\2008-2024·（甘肃）数学高考真题\2019年高考数学试卷（文）（新课标Ⅱ）（空白卷）.pdf,papers/2019/数学/全国/新课标全国II卷/2019_数学_甘肃_新课标全国II卷_原卷.pdf,4
2019,数学,青海,老高考,2025,全国卷,common,新课标全国II卷,present_common,H:\New folder\【新】2008-2024·高考数学真题\【PDF版】2008-2024·高考数学真题\版本2：数学（按省份分类）2008-2024\2008-2024·（青海）数学高考真题\2019年高考数学试卷（文）（新课标Ⅱ）（空白卷）.pdf,papers/2019/数学/全国/新课标全国II卷/2019_数学_青海_新课标全国II卷_原卷.pdf,4
2019,数学,宁夏,老高考,2025,全国卷,common,新课标全国II卷,present_common,H:\New folder\【新】2008-2024·高考数学真题\【PDF版】2008-2024·高考数学真题\版本2：数学（按省份分类）2008-2024\2008-2024·（宁夏）数学高考真题\2019年高考数学试卷（文）（新课标Ⅱ）（空白卷）.pdf,papers/2019/数学/全国/新课标全国II卷/2019_数学_宁夏_新课标全国II卷_原卷.pdf,4
2019,数学,新疆,老高考,,全国卷,common,新课标全国II卷,present_common,H:\New folder\【新】2008-2024·高考数学真题\【PDF版】2008-2024·高考数学真题\版本2：数学（按省份分类）2008-2024\2008-2024·（新疆）数学高考真题\2019年高考数学试卷（文）（新课标Ⅱ）（空白卷）.pdf,papers/2019/数学/全国/新课标全国II卷/2019_数学_新疆_新课标全国II卷_原卷.pdf,4
2019,英语,北京,老高考,2020,地方/区域卷,local,北京卷,present_local,H:\New folder\【新·PDF版】2008-2024·高考英语真题\版本2：英语（按省份分类）2008-2024\2008-2024·（北京）英语高考真题\2019年高考英语试卷（北京）（机考 无听力）（空白卷）.pdf,papers/2019/英语/北京/北京卷/2019_英语_北京_北京卷_原卷.pdf,2
2019,英语,天津,老高考,2020,地方/区域卷,local,天津卷,present_local,H:\New folder\【新·PDF版】2008-2024·高考英语真题\版本2：英语（按省份分类）2008-2024\2008-2023·（天津）英语高考真题\2019年高考英语试卷（天津）（空白卷）.pdf,papers/2019/英语/天津/天津卷/2019_英语_天津_天津卷_原卷.pdf,2
2019,英语,河北,老高考,2021,全国卷,common,新课标全国I卷,present_common,H:\New folder\【新·PDF版】2008-2024·高考英语真题\版本2：英语（按省份分类）2008-2024\2008-2024·（河北）英语高考真题\2019年高考英语试卷（新课标Ⅰ卷）听力音频.mp3,papers/2019/英语/全国/新课标全国I卷/2019_英语_河北_新课标全国I卷_原卷.mp3,3
2019,英语,山西,老高考,2025,全国卷,common,新课标全国I卷,present_common,H:\New folder\【新·PDF版】2008-2024·高考英语真题\版本2：英语（按省份分类）2008-2024\2008-2024·（山西）英语高考真题\2019年高考英语试卷（新课标Ⅰ卷）听力音频.mp3,papers/2019/英语/全国/新课标全国I卷/2019_英语_山西_新课标全国I卷_原卷.mp3,3
2019,英语,内蒙古,老高考,2025,全国卷,common,新课标全国II卷,present_common,H:\New folder\【新·PDF版】2008-2024·高考英语真题\版本2：英语（按省份分类）2008-2024\2008-2024·（内蒙古）英语高考真题\2019年高考英语试卷（新课标Ⅱ卷）听力音频.mp3,papers/2019/英语/全国/新课标全国II卷/2019_英语_内蒙古_新课标全国II卷_原卷.mp3,3
2019,英语,辽宁,老高考,2021,全国卷,common,新课标全国II卷,present_common,H:\New folder\【新·PDF版】2008-2024·高考英语真题\版本2：英语（按省份分类）2008-2024\2012-2024·（辽宁）英语高考真题\2019年高考英语试卷（新课标Ⅱ卷）听力音频.mp3,papers/2019/英语/全国/新课标全国II卷/2019_英语_辽宁_新课标全国II卷_原卷.mp3,3
2019,英语,吉林,老高考,2024,全国卷,common,新课标全国II卷,present_common,H:\New folder\【新·PDF版】2008-2024·高考英语真题\版本2：英语（按省份分类）2008-2024\2008-2024·（吉林）英语高考真题\2019年高考英语试卷（新课标Ⅱ卷）听力音频.mp3,papers/2019/英语/全国/新课标全国II卷/2019_英语_吉林_新课标全国II卷_原卷.mp3,3
2019,英语,黑龙江,老高考,2024,全国卷,common,新课标全国II卷,present_common,H:\New folder\【新·PDF版】2008-2024·高考英语真题\版本2：英语（按省份分类）2008-2024\2008-2024·（黑龙江）英语高考真题\2019年高考英语试卷（新课标Ⅱ卷）听力音频.mp3,papers/2019/英语/全国/新课标全国II卷/2019_英语_黑龙江_新课标全国II卷_原卷.mp3,3
2019,英语,江苏,老高考,2021,地方/区域卷,local,江苏卷,present_local,H:\New folder\【新·PDF版】2008-2024·高考英语真题\版本2：英语（按省份分类）2008-2024\2008-2024·（江苏）英语高考真题\2019年高考英语试卷（江苏）听力音频.mp3,papers/2019/英语/江苏/江苏卷/2019_英语_江苏_江苏卷_原卷.mp3,3
2019,英语,安徽,老高考,2024,全国卷,common,新课标全国I卷,present_common,H:\New folder\【新·PDF版】2008-2024·高考英语真题\版本2：英语（按省份分类）2008-2024\2012-2024·（安徽）英语高考真题\2019年高考英语试卷（新课标Ⅰ卷）听力音频.mp3,papers/2019/英语/全国/新课标全国I卷/2019_英语_安徽_新课标全国I卷_原卷.mp3,3
2019,英语,福建,老高考,2021,全国卷,common,新课标全国I卷,present_common,H:\New folder\【新·PDF版】2008-2024·高考英语真题\版本2：英语（按省份分类）2008-2024\2012-2024·（福建）英语高考真题\2019年高考英语试卷（新课标Ⅰ卷）听力音频.mp3,papers/2019/英语/全国/新课标全国I卷/2019_英语_福建_新课标全国I卷_原卷.mp3,3
2019,英语,江西,老高考,2024,全国卷,common,新课标全国I卷,present_common,H:\New folder\【新·PDF版】2008-2024·高考英语真题\版本2：英语（按省份分类）2008-2024\2012-2024·（江西）英语高考真题\2019年高考英语试卷（新课标Ⅰ卷）听力音频.mp3,papers/2019/英语/全国/新课标全国I卷/2019_英语_江西_新课标全国I卷_原卷.mp3,3
2019,英语,山东,老高考,2020,全国卷,common,新课标全国I卷,present_common,H:\New folder\【新·PDF版】2008-2024·高考英语真题\版本2：英语（按省份分类）2008-2024\2008-2024·（山东）英语高考真题\2019年高考英语试卷（新课标Ⅰ卷）听力音频.mp3,papers/2019/英语/全国/新课标全国I卷/2019_英语_山东_新课标全国I卷_原卷.mp3,3
2019,英语,河南,老高考,2025,全国卷,common,新课标全国I卷,present_common,H:\New folder\【新·PDF版】2008-2024·高考英语真题\版本2：英语（按省份分类）2008-2024\2008-2024·（河南）英语高考真题\2019年高考英语试卷（新课标Ⅰ卷）听力音频.mp3,papers/2019/英语/全国/新课标全国I卷/2019_英语_河南_新课标全国I卷_原卷.mp3,3
2019,英语,湖北,老高考,2021,全国卷,common,新课标全国I卷,present_common,H:\New folder\【新·PDF版】2008-2024·高考英语真题\版本2：英语（按省份分类）2008-2024\2012-2024·（湖北）英语高考真题\2019年高考英语试卷（新课标Ⅰ卷）听力音频.mp3,papers/2019/英语/全国/新课标全国I卷/2019_英语_湖北_新课标全国I卷_原卷.mp3,3
2019,英语,湖南,老高考,2021,全国卷,common,新课标全国I卷,present_common,H:\New folder\【新·PDF版】2008-2024·高考英语真题\版本2：英语（按省份分类）2008-2024\2008-2024·（湖南）英语高考真题\2019年高考英语试卷（新课标Ⅰ卷）听力音频.mp3,papers/2019/英语/全国/新课标全国I卷/2019_英语_湖南_新课标全国I卷_原卷.mp3,3
2019,英语,广东,老高考,2021,全国卷,common,新课标全国I卷,present_common,H:\New folder\【新·PDF版】2008-2024·高考英语真题\版本2：英语（按省份分类）2008-2024\2008-2024·（广东）英语高考真题\2019年高考英语试卷（新课标Ⅰ卷）听力音频.mp3,papers/2019/英语/全国/新课标全国I卷/2019_英语_广东_新课标全国I卷_原卷.mp3,3
2019,英语,广西,老高考,2024,全国卷,common,新课标全国III卷,present_common,H:\New folder\【新·PDF版】2008-2024·高考英语真题\版本2：英语（按省份分类）2008-2024\2008-2024·（广西）英语高考真题\2019年高考英语试卷（新课标Ⅲ卷）听力音频.mp3,papers/2019/英语/全国/新课标全国III卷/2019_英语_广西_新课标全国III卷_原卷.mp3,3
2019,英语,海南,老高考,2020,全国卷,common,新课标全国II卷,present_common,H:\New folder\【新·PDF版】2008-2024·高考英语真题\版本2：英语（按省份分类）2008-2024\2008-2024·（海南）英语高考真题\2019年高考英语试卷（新课标Ⅱ卷）听力音频.mp3,papers/2019/英语/全国/新课标全国II卷/2019_英语_海南_新课标全国II卷_原卷.mp3,3
2019,英语,重庆,老高考,2021,全国卷,common,新课标全国II卷,present_common,H:\New folder\【新·PDF版】2008-2024·高考英语真题\版本2：英语（按省份分类）2008-2024\2012-2024·（重庆）英语高考真题\2019年高考英语试卷（新课标Ⅱ卷）听力音频.mp3,papers/2019/英语/全国/新课标全国II卷/2019_英语_重庆_新课标全国II卷_原卷.mp3,3
2019,英语,四川,老高考,2025,全国卷,common,新课标全国III卷,present_common,H:\New folder\【新·PDF版】2008-2024·高考英语真题\版本2：英语（按省份分类）2008-2024\2008-2024·（四川）英语高考真题\2019年高考英语试卷（新课标Ⅲ卷）听力音频.mp3,papers/2019/英语/全国/新课标全国III卷/2019_英语_四川_新课标全国III卷_原卷.mp3,3
2019,英语,贵州,老高考,2024,全国卷,common,新课标全国III卷,present_common,H:\New folder\【新·PDF版】2008-2024·高考英语真题\版本2：英语（按省份分类）2008-2024\2008-2024·（贵州）英语高考真题\2019年高考英语试卷（新课标Ⅲ卷）听力音频.mp3,papers/2019/英语/全国/新课标全国III卷/2019_英语_贵州_新课标全国III卷_原卷.mp3,3
2019,英语,云南,老高考,2025,全国卷,common,新课标全国III卷,present_common,H:\New folder\【新·PDF版】2008-2024·高考英语真题\版本2：英语（按省份分类）2008-2024\2008-2024·（云南）英语高考真题\2019年高考英语试卷（新课标Ⅲ卷）听力音频.mp3,papers/2019/英语/全国/新课标全国III卷/2019_英语_云南_新课标全国III卷_原卷.mp3,3
2019,英语,西藏,老高考,,全国卷,common,新课标全国III卷,present_common,H:\New folder\【新·PDF版】2008-2024·高考英语真题\版本2：英语（按省份分类）2008-2024\2008-2024·（西藏）英语高考真题\2019年高考英语试卷（新课标Ⅲ卷）听力音频.mp3,papers/2019/英语/全国/新课标全国III卷/2019_英语_西藏_新课标全国III卷_原卷.mp3,3
2019,英语,陕西,老高考,2025,全国卷,common,新课标全国II卷,present_common,H:\New folder\【新·PDF版】2008-2024·高考英语真题\版本2：英语（按省份分类）2008-2024\2008-2024·（陕西）英语高考真题\2019年高考英语试卷（新课标Ⅱ卷）听力音频.mp3,papers/2019/英语/全国/新课标全国II卷/2019_英语_陕西_新课标全国II卷_原卷.mp3,3
2019,英语,甘肃,老高考,2024,全国卷,common,新课标全国II卷,present_common,H:\New folder\【新·PDF版】2008-2024·高考英语真题\版本2：英语（按省份分类）2008-2024\2008-2024·（甘肃）英语高考真题\2019年高考英语试卷（新课标Ⅱ卷）听力音频.mp3,papers/2019/英语/全国/新课标全国II卷/2019_英语_甘肃_新课标全国II卷_原卷.mp3,3
2019,英语,青海,老高考,2025,全国卷,common,新课标全国II卷,present_common,H:\New folder\【新·PDF版】2008-2024·高考英语真题\版本2：英语（按省份分类）2008-2024\2008-2024·（青海）英语高考真题\2019年高考英语试卷（新课标Ⅱ卷）听力音频.mp3,papers/2019/英语/全国/新课标全国II卷/2019_英语_青海_新课标全国II卷_原卷.mp3,3
2019,英语,宁夏,老高考,2025,全国卷,common,新课标全国II卷,present_common,H:\New folder\【新·PDF版】2008-2024·高考英语真题\版本2：英语（按省份分类）2008-2024\2008-2024·（宁夏）英语高考真题\2019年高考英语试卷（新课标Ⅱ卷）听力音频.mp3,papers/2019/英语/全国/新课标全国II卷/2019_英语_宁夏_新课标全国II卷_原卷.mp3,3
2019,英语,新疆,老高考,,全国卷,common,新课标全国II卷,present_common,H:\New folder\【新·PDF版】2008-2024·高考英语真题\版本2：英语（按省份分类）2008-2024\2008-2024·（新疆）英语高考真题\2019年高考英语试卷（新课标Ⅱ卷）听力音频.mp3,papers/2019/英语/全国/新课标全国II卷/2019_英语_新疆_新课标全国II卷_原卷.mp3,3
2019,物理,北京,老高考,2020,地方/区域卷,local,北京卷,present_local,H:\New folder\【新·PDF版】2008-2024·高考物理真题\版本2：物理（按省份分类）2008-2024\2008-2024·（北京）物理高考真题\2019年高考物理试卷（北京）（空白卷）.pdf,papers/2019/物理/北京/北京卷/2019_物理_北京_北京卷_原卷.pdf,2
2019,物理,天津,老高考,2020,地方/区域卷,local,天津卷,present_local,H:\New folder\【新·PDF版】2008-2024·高考物理真题\版本2：物理（按省份分类）2008-2024\2008-2023·（天津）物理高考真题\2019年高考物理试卷（天津）（空白卷）.pdf,papers/2019/物理/天津/天津卷/2019_物理_天津_天津卷_原卷.pdf,2
2019,物理,河北,老高考,2021,全国卷,common,新课标全国I卷,present_common,H:\New folder\【新·PDF版】2008-2024·高考物理真题\版本2：物理（按省份分类）2008-2024\2008-2024·（河北）物理高考真题\2019年高考物理试卷（新课标Ⅰ）（空白卷）.pdf,papers/2019/物理/全国/新课标全国I卷/2019_物理_河北_新课标全国I卷_原卷.pdf,2
2019,物理,山西,老高考,2025,全国卷,common,新课标全国I卷,present_common,H:\New folder\【新·PDF版】2008-2024·高考物理真题\版本2：物理（按省份分类）2008-2024\2008-2024·（山西）物理高考真题\2019年高考物理试卷（新课标Ⅰ）（空白卷）.pdf,papers/2019/物理/全国/新课标全国I卷/2019_物理_山西_新课标全国I卷_原卷.pdf,2
2019,物理,内蒙古,老高考,2025,全国卷,common,新课标全国II卷,present_common,H:\New folder\【新·PDF版】2008-2024·高考物理真题\版本2：物理（按省份分类）2008-2024\2008-2024·（内蒙古）物理高考真题\2019年高考物理试卷（新课标Ⅱ）（空白卷）.pdf,papers/2019/物理/全国/新课标全国II卷/2019_物理_内蒙古_新课标全国II卷_原卷.pdf,2
2019,物理,辽宁,老高考,2021,全国卷,common,新课标全国II卷,present_common,H:\New folder\【新·PDF版】2008-2024·高考物理真题\版本2：物理（按省份分类）2008-2024\2010-2024·（辽宁）物理高考真题\2019年高考物理试卷（新课标Ⅱ）（空白卷）.pdf,papers/2019/物理/全国/新课标全国II卷/2019_物理_辽宁_新课标全国II卷_原卷.pdf,2
2019,物理,吉林,老高考,2024,全国卷,common,新课标全国II卷,present_common,H:\New folder\【新·PDF版】2008-2024·高考物理真题\版本2：物理（按省份分类）2008-2024\2008-2024·（吉林）物理高考真题\2019年高考物理试卷（新课标Ⅱ）（空白卷）.pdf,papers/2019/物理/全国/新课标全国II卷/2019_物理_吉林_新课标全国II卷_原卷.pdf,2
2019,物理,黑龙江,老高考,2024,全国卷,common,新课标全国II卷,present_common,H:\New folder\【新·PDF版】2008-2024·高考物理真题\版本2：物理（按省份分类）2008-2024\2008-2024·（黑龙江）物理高考真题\2019年高考物理试卷（新课标Ⅱ）（空白卷）.pdf,papers/2019/物理/全国/新课标全国II卷/2019_物理_黑龙江_新课标全国II卷_原卷.pdf,2
2019,物理,江苏,老高考,2021,地方/区域卷,local,江苏卷,present_local,H:\New folder\【新·PDF版】2008-2024·高考物理真题\版本2：物理（按省份分类）2008-2024\2008-2024·（江苏）物理高考真题\2019年高考物理试卷（江苏）（空白卷）.pdf,papers/2019/物理/江苏/江苏卷/2019_物理_江苏_江苏卷_原卷.pdf,2
2019,物理,安徽,老高考,2024,全国卷,common,新课标全国I卷,present_common,H:\New folder\【新·PDF版】2008-2024·高考物理真题\版本2：物理（按省份分类）2008-2024\2012-2024·（安徽）物理高考真题\2019年高考物理试卷（新课标Ⅰ）（空白卷）.pdf,papers/2019/物理/全国/新课标全国I卷/2019_物理_安徽_新课标全国I卷_原卷.pdf,2
2019,物理,福建,老高考,2021,全国卷,common,新课标全国I卷,present_common,H:\New folder\【新·PDF版】2008-2024·高考物理真题\版本2：物理（按省份分类）2008-2024\2012-2023·（福建）物理高考真题\2019年高考物理试卷（新课标Ⅰ）（空白卷）.pdf,papers/2019/物理/全国/新课标全国I卷/2019_物理_福建_新课标全国I卷_原卷.pdf,2
2019,物理,江西,老高考,2024,全国卷,common,新课标全国I卷,present_common,H:\New folder\【新·PDF版】2008-2024·高考物理真题\版本2：物理（按省份分类）2008-2024\2008-2024·（江西）物理高考真题\2019年高考物理试卷（新课标Ⅰ）（空白卷）.pdf,papers/2019/物理/全国/新课标全国I卷/2019_物理_江西_新课标全国I卷_原卷.pdf,2
2019,物理,山东,老高考,2020,全国卷,common,新课标全国I卷,present_common,H:\New folder\【新·PDF版】2008-2024·高考物理真题\版本2：物理（按省份分类）2008-2024\2008-2024·（山东）物理高考真题\2019年高考物理试卷（新课标Ⅰ）（空白卷）.pdf,papers/2019/物理/全国/新课标全国I卷/2019_物理_山东_新课标全国I卷_原卷.pdf,2
2019,物理,河南,老高考,2025,全国卷,common,新课标全国I卷,present_common,H:\New folder\【新·PDF版】2008-2024·高考物理真题\版本2：物理（按省份分类）2008-2024\2008-2024·（河南）物理高考真题\2019年高考物理试卷（新课标Ⅰ）（空白卷）.pdf,papers/2019/物理/全国/新课标全国I卷/2019_物理_河南_新课标全国I卷_原卷.pdf,2
2019,物理,湖北,老高考,2021,全国卷,common,新课标全国I卷,present_common,H:\New folder\【新·PDF版】2008-2024·高考物理真题\版本2：物理（按省份分类）2008-2024\2008-2024·（湖北）物理高考真题\2019年高考物理试卷（新课标Ⅰ）（空白卷）.pdf,papers/2019/物理/全国/新课标全国I卷/2019_物理_湖北_新课标全国I卷_原卷.pdf,2
2019,物理,湖南,老高考,2021,全国卷,common,新课标全国I卷,present_common,H:\New folder\【新·PDF版】2008-2024·高考物理真题\版本2：物理（按省份分类）2008-2024\2008-2024·（湖南）物理高考真题\2019年高考物理试卷（新课标Ⅰ）（空白卷）.pdf,papers/2019/物理/全国/新课标全国I卷/2019_物理_湖南_新课标全国I卷_原卷.pdf,2
2019,物理,广东,老高考,2021,全国卷,common,新课标全国I卷,present_common,H:\New folder\【新·PDF版】2008-2024·高考物理真题\版本2：物理（按省份分类）2008-2024\2008-2024·（广东）物理高考真题\2019年高考物理试卷（新课标Ⅰ）（空白卷）.pdf,papers/2019/物理/全国/新课标全国I卷/2019_物理_广东_新课标全国I卷_原卷.pdf,2
2019,物理,广西,老高考,2024,全国卷,common,新课标全国III卷,present_common,H:\New folder\【新·PDF版】2008-2024·高考物理真题\版本2：物理（按省份分类）2008-2024\2008-2024·（广西）物理高考真题\2019年高考物理试卷（新课标Ⅲ）（空白卷）.pdf,papers/2019/物理/全国/新课标全国III卷/2019_物理_广西_新课标全国III卷_原卷.pdf,2
2019,物理,海南,老高考,2020,地方/区域卷,local,海南卷,present_local,H:\New folder\【新·PDF版】2008-2024·高考物理真题\版本2：物理（按省份分类）2008-2024\2008-2024·（海南）物理高考真题\2019年高考物理试卷（海南）（空白卷）.pdf,papers/2019/物理/海南/海南卷/2019_物理_海南_海南卷_原卷.pdf,2
2019,物理,重庆,老高考,2021,全国卷,common,新课标全国II卷,present_common,H:\New folder\【新·PDF版】2008-2024·高考物理真题\版本2：物理（按省份分类）2008-2024\2012-2023·（重庆）物理高考真题\2019年高考物理试卷（新课标Ⅱ）（空白卷）.pdf,papers/2019/物理/全国/新课标全国II卷/2019_物理_重庆_新课标全国II卷_原卷.pdf,2
2019,物理,四川,老高考,2025,全国卷,common,新课标全国III卷,present_common,H:\New folder\【新·PDF版】2008-2024·高考物理真题\版本2：物理（按省份分类）2008-2024\2008-2024·（四川）物理高考真题\2019年高考物理试卷（新课标Ⅲ）（空白卷）.pdf,papers/2019/物理/全国/新课标全国III卷/2019_物理_四川_新课标全国III卷_原卷.pdf,2
2019,物理,贵州,老高考,2024,全国卷,common,新课标全国II卷,present_common,H:\New folder\【新·PDF版】2008-2024·高考物理真题\版本2：物理（按省份分类）2008-2024\2008-2023·（贵州）物理高考真题\2019年高考物理试卷（新课标Ⅱ）（空白卷）.pdf,papers/2019/物理/全国/新课标全国II卷/2019_物理_贵州_新课标全国II卷_原卷.pdf,2
2019,物理,云南,老高考,2025,全国卷,common,新课标全国III卷,present_common,H:\New folder\【新·PDF版】2008-2024·高考物理真题\版本2：物理（按省份分类）2008-2024\2008-2024·（云南）物理高考真题\2019年高考物理试卷（新课标Ⅲ）（空白卷）.pdf,papers/2019/物理/全国/新课标全国III卷/2019_物理_云南_新课标全国III卷_原卷.pdf,2
2019,物理,西藏,老高考,,全国卷,common,新课标全国III卷,present_common,H:\New folder\【新·PDF版】2008-2024·高考物理真题\版本2：物理（按省份分类）2008-2024\2008-2024·（西藏）物理高考真题\2019年高考物理试卷（新课标Ⅲ）（空白卷）.pdf,papers/2019/物理/全国/新课标全国III卷/2019_物理_西藏_新课标全国III卷_原卷.pdf,2
2019,物理,陕西,老高考,2025,全国卷,common,新课标全国II卷,present_common,H:\New folder\【新·PDF版】2008-2024·高考物理真题\版本2：物理（按省份分类）2008-2024\2008-2024·（陕西）物理高考真题\2019年高考物理试卷（新课标Ⅱ）（空白卷）.pdf,papers/2019/物理/全国/新课标全国II卷/2019_物理_陕西_新课标全国II卷_原卷.pdf,2
2019,物理,甘肃,老高考,2024,全国卷,common,新课标全国II卷,present_common,H:\New folder\【新·PDF版】2008-2024·高考物理真题\版本2：物理（按省份分类）2008-2024\2008-2024·（甘肃）物理高考真题\2019年高考物理试卷（新课标Ⅱ）（空白卷）.pdf,papers/2019/物理/全国/新课标全国II卷/2019_物理_甘肃_新课标全国II卷_原卷.pdf,2
2019,物理,青海,老高考,2025,全国卷,common,新课标全国II卷,present_common,H:\New folder\【新·PDF版】2008-2024·高考物理真题\版本2：物理（按省份分类）2008-2024\2008-2024·（青海）物理高考真题\2019年高考物理试卷（新课标Ⅱ）（空白卷）.pdf,papers/2019/物理/全国/新课标全国II卷/2019_物理_青海_新课标全国II卷_原卷.pdf,2
2019,物理,宁夏,老高考,2025,全国卷,common,新课标全国II卷,present_common,H:\New folder\【新·PDF版】2008-2024·高考物理真题\版本2：物理（按省份分类）2008-2024\2010-2024·（宁夏）物理高考真题\2019年高考物理试卷（新课标Ⅱ）（空白卷）.pdf,papers/2019/物理/全国/新课标全国II卷/2019_物理_宁夏_新课标全国II卷_原卷.pdf,2
2019,物理,新疆,老高考,,全国卷,common,新课标全国II卷,present_common,H:\New folder\【新·PDF版】2008-2024·高考物理真题\版本2：物理（按省份分类）2008-2024\2008-2024·（新疆）物理高考真题\2019年高考物理试卷（新课标Ⅱ）（空白卷）.pdf,papers/2019/物理/全国/新课标全国II卷/2019_物理_新疆_新课标全国II卷_原卷.pdf,2
2019,化学,北京,老高考,2020,地方/区域卷,local,北京卷,present_local,H:\New folder\【新·PDF版】2008-2024·高考化学真题\版本2：化学（按省份分类）2008-2024\2008-2024·（北京）化学高考真题\2019年高考化学试卷（北京）（空白卷）.pdf,papers/2019/化学/北京/北京卷/2019_化学_北京_北京卷_原卷.pdf,2
2019,化学,天津,老高考,2020,地方/区域卷,local,天津卷,present_local,H:\New folder\【新·PDF版】2008-2024·高考化学真题\版本2：化学（按省份分类）2008-2024\2008-2023·（天津）化学高考真题\2019年高考化学试卷（天津）（空白卷）.pdf,papers/2019/化学/天津/天津卷/2019_化学_天津_天津卷_原卷.pdf,2
2019,化学,河北,老高考,2021,全国卷,common,新课标全国I卷,present_common,H:\New folder\【新·PDF版】2008-2024·高考化学真题\版本2：化学（按省份分类）2008-2024\2008-2024·（河北）化学高考真题\2019年高考化学试卷（新课标Ⅰ）（空白卷）.pdf,papers/2019/化学/全国/新课标全国I卷/2019_化学_河北_新课标全国I卷_原卷.pdf,2
2019,化学,山西,老高考,2025,全国卷,common,新课标全国I卷,present_common,H:\New folder\【新·PDF版】2008-2024·高考化学真题\版本2：化学（按省份分类）2008-2024\2008-2024·（山西）化学高考真题\2019年高考化学试卷（新课标Ⅰ）（空白卷）.pdf,papers/2019/化学/全国/新课标全国I卷/2019_化学_山西_新课标全国I卷_原卷.pdf,2
2019,化学,内蒙古,老高考,2025,全国卷,common,新课标全国II卷,present_common,H:\New folder\【新·PDF版】2008-2024·高考化学真题\版本2：化学（按省份分类）2008-2024\2008-2024·（内蒙古）化学高考真题\2019年高考化学试卷（新课标Ⅱ）（空白卷）.pdf,papers/2019/化学/全国/新课标全国II卷/2019_化学_内蒙古_新课标全国II卷_原卷.pdf,2
2019,化学,辽宁,老高考,2021,全国卷,common,新课标全国II卷,present_common,H:\New folder\【新·PDF版】2008-2024·高考化学真题\版本2：化学（按省份分类）2008-2024\2010-2024·（辽宁）化学高考真题\2019年高考化学试卷（新课标Ⅱ）（空白卷）.pdf,papers/2019/化学/全国/新课标全国II卷/2019_化学_辽宁_新课标全国II卷_原卷.pdf,2
2019,化学,吉林,老高考,2024,全国卷,common,新课标全国II卷,present_common,H:\New folder\【新·PDF版】2008-2024·高考化学真题\版本2：化学（按省份分类）2008-2024\2008-2024·（吉林）化学高考真题\2019年高考化学试卷（新课标Ⅱ）（空白卷）.pdf,papers/2019/化学/全国/新课标全国II卷/2019_化学_吉林_新课标全国II卷_原卷.pdf,2
2019,化学,黑龙江,老高考,2024,全国卷,common,新课标全国II卷,present_common,H:\New folder\【新·PDF版】2008-2024·高考化学真题\版本2：化学（按省份分类）2008-2024\2008-2024·（黑龙江）化学高考真题\2019年高考化学试卷（新课标Ⅱ）（空白卷）.pdf,papers/2019/化学/全国/新课标全国II卷/2019_化学_黑龙江_新课标全国II卷_原卷.pdf,2
2019,化学,江苏,老高考,2021,地方/区域卷,local,江苏卷,present_local,H:\New folder\【新·PDF版】2008-2024·高考化学真题\版本2：化学（按省份分类）2008-2024\2008-2024·（江苏）化学高考真题\2019年高考化学试卷（江苏）（空白卷）   .pdf,papers/2019/化学/江苏/江苏卷/2019_化学_江苏_江苏卷_原卷.pdf,2
2019,化学,安徽,老高考,2024,全国卷,common,新课标全国I卷,present_common,H:\New folder\【新·PDF版】2008-2024·高考化学真题\版本2：化学（按省份分类）2008-2024\2012-2024·（安徽）化学高考真题\2019年高考化学试卷（新课标Ⅰ）（空白卷）.pdf,papers/2019/化学/全国/新课标全国I卷/2019_化学_安徽_新课标全国I卷_原卷.pdf,2
2019,化学,福建,老高考,2021,全国卷,common,新课标全国I卷,present_common,H:\New folder\【新·PDF版】2008-2024·高考化学真题\版本2：化学（按省份分类）2008-2024\2012-2023·（福建）化学高考真题\2019年高考化学试卷（新课标Ⅰ）（空白卷）.pdf,papers/2019/化学/全国/新课标全国I卷/2019_化学_福建_新课标全国I卷_原卷.pdf,2
2019,化学,江西,老高考,2024,全国卷,common,新课标全国I卷,present_common,H:\New folder\【新·PDF版】2008-2024·高考化学真题\版本2：化学（按省份分类）2008-2024\2008-2023·（江西）化学高考真题\2019年高考化学试卷（新课标Ⅰ）（空白卷）.pdf,papers/2019/化学/全国/新课标全国I卷/2019_化学_江西_新课标全国I卷_原卷.pdf,2
2019,化学,山东,老高考,2020,全国卷,common,新课标全国I卷,present_common,H:\New folder\【新·PDF版】2008-2024·高考化学真题\版本2：化学（按省份分类）2008-2024\2008-2024·（山东）化学高考真题\2019年高考化学试卷（新课标Ⅰ）（空白卷）.pdf,papers/2019/化学/全国/新课标全国I卷/2019_化学_山东_新课标全国I卷_原卷.pdf,2
2019,化学,河南,老高考,2025,全国卷,common,新课标全国I卷,present_common,H:\New folder\【新·PDF版】2008-2024·高考化学真题\版本2：化学（按省份分类）2008-2024\2008-2024·（河南）化学高考真题\2019年高考化学试卷（新课标Ⅰ）（空白卷）.pdf,papers/2019/化学/全国/新课标全国I卷/2019_化学_河南_新课标全国I卷_原卷.pdf,2
2019,化学,湖北,老高考,2021,全国卷,common,新课标全国I卷,present_common,H:\New folder\【新·PDF版】2008-2024·高考化学真题\版本2：化学（按省份分类）2008-2024\2008-2024·（湖北）化学高考真题\2019年高考化学试卷（新课标Ⅰ）（空白卷）.pdf,papers/2019/化学/全国/新课标全国I卷/2019_化学_湖北_新课标全国I卷_原卷.pdf,2
2019,化学,湖南,老高考,2021,全国卷,common,新课标全国I卷,present_common,H:\New folder\【新·PDF版】2008-2024·高考化学真题\版本2：化学（按省份分类）2008-2024\2008-2024·（湖南）化学高考真题\2019年高考化学试卷（新课标Ⅰ）（空白卷）.pdf,papers/2019/化学/全国/新课标全国I卷/2019_化学_湖南_新课标全国I卷_原卷.pdf,2
2019,化学,广东,老高考,2021,全国卷,common,新课标全国I卷,present_common,H:\New folder\【新·PDF版】2008-2024·高考化学真题\版本2：化学（按省份分类）2008-2024\2008-2024·（广东）化学高考真题\2019年高考化学试卷（新课标Ⅰ）（空白卷）.pdf,papers/2019/化学/全国/新课标全国I卷/2019_化学_广东_新课标全国I卷_原卷.pdf,2
2019,化学,广西,老高考,2024,全国卷,common,新课标全国III卷,present_common,H:\New folder\【新·PDF版】2008-2024·高考化学真题\版本2：化学（按省份分类）2008-2024\2008-2023·（广西）化学高考真题\2019年高考化学试卷（新课标Ⅲ）（空白卷）.pdf,papers/2019/化学/全国/新课标全国III卷/2019_化学_广西_新课标全国III卷_原卷.pdf,2
2019,化学,海南,老高考,2020,地方/区域卷,local,海南卷,present_local,H:\New folder\【新·PDF版】2008-2024·高考化学真题\版本2：化学（按省份分类）2008-2024\2008-2023·（海南）化学高考真题\2019年高考化学试卷（海南）（空白卷）.pdf,papers/2019/化学/海南/海南卷/2019_化学_海南_海南卷_原卷.pdf,2
2019,化学,重庆,老高考,2021,全国卷,common,新课标全国II卷,present_common,H:\New folder\【新·PDF版】2008-2024·高考化学真题\版本2：化学（按省份分类）2008-2024\2012-2023·（重庆）化学高考真题\2019年高考化学试卷（新课标Ⅱ）（空白卷）.pdf,papers/2019/化学/全国/新课标全国II卷/2019_化学_重庆_新课标全国II卷_原卷.pdf,2
2019,化学,四川,老高考,2025,全国卷,common,新课标全国III卷,present_common,H:\New folder\【新·PDF版】2008-2024·高考化学真题\版本2：化学（按省份分类）2008-2024\2008-2024·（四川）化学高考真题\2019年高考化学试卷（新课标Ⅲ）（空白卷）.pdf,papers/2019/化学/全国/新课标全国III卷/2019_化学_四川_新课标全国III卷_原卷.pdf,2
2019,化学,贵州,老高考,2024,全国卷,common,新课标全国III卷,present_common,H:\New folder\【新·PDF版】2008-2024·高考化学真题\版本2：化学（按省份分类）2008-2024\2008-2023·（贵州）化学高考真题\2019年高考化学试卷（新课标Ⅲ）（空白卷）.pdf,papers/2019/化学/全国/新课标全国III卷/2019_化学_贵州_新课标全国III卷_原卷.pdf,2
2019,化学,云南,老高考,2025,全国卷,common,新课标全国III卷,present_common,H:\New folder\【新·PDF版】2008-2024·高考化学真题\版本2：化学（按省份分类）2008-2024\2008-2024·（云南）化学高考真题\2019年高考化学试卷（新课标Ⅲ）（空白卷）.pdf,papers/2019/化学/全国/新课标全国III卷/2019_化学_云南_新课标全国III卷_原卷.pdf,2
2019,化学,西藏,老高考,,全国卷,common,新课标全国III卷,present_common,H:\New folder\【新·PDF版】2008-2024·高考化学真题\版本2：化学（按省份分类）2008-2024\2008-2024·（西藏）化学高考真题\2019年高考化学试卷（新课标Ⅲ）（空白卷）.pdf,papers/2019/化学/全国/新课标全国III卷/2019_化学_西藏_新课标全国III卷_原卷.pdf,2
2019,化学,陕西,老高考,2025,全国卷,common,新课标全国II卷,present_common,H:\New folder\【新·PDF版】2008-2024·高考化学真题\版本2：化学（按省份分类）2008-2024\2008-2024·（陕西）化学高考真题\2019年高考化学试卷（新课标Ⅱ）（空白卷）.pdf,papers/2019/化学/全国/新课标全国II卷/2019_化学_陕西_新课标全国II卷_原卷.pdf,2
2019,化学,甘肃,老高考,2024,全国卷,common,新课标全国II卷,present_common,H:\New folder\【新·PDF版】2008-2024·高考化学真题\版本2：化学（按省份分类）2008-2024\2008-2024·（甘肃）化学高考真题\2019年高考化学试卷（新课标Ⅱ）（空白卷）.pdf,papers/2019/化学/全国/新课标全国II卷/2019_化学_甘肃_新课标全国II卷_原卷.pdf,2
2019,化学,青海,老高考,2025,全国卷,common,新课标全国II卷,present_common,H:\New folder\【新·PDF版】2008-2024·高考化学真题\版本2：化学（按省份分类）2008-2024\2008-2024·（青海）化学高考真题\2019年高考化学试卷（新课标Ⅱ）（空白卷）.pdf,papers/2019/化学/全国/新课标全国II卷/2019_化学_青海_新课标全国II卷_原卷.pdf,2
2019,化学,宁夏,老高考,2025,全国卷,common,新课标全国II卷,present_common,H:\New folder\【新·PDF版】2008-2024·高考化学真题\版本2：化学（按省份分类）2008-2024\2010-2024·（宁夏）化学高考真题\2019年高考化学试卷（新课标Ⅱ）（空白卷）.pdf,papers/2019/化学/全国/新课标全国II卷/2019_化学_宁夏_新课标全国II卷_原卷.pdf,2
2019,化学,新疆,老高考,,全国卷,common,新课标全国II卷,present_common,H:\New folder\【新·PDF版】2008-2024·高考化学真题\版本2：化学（按省份分类）2008-2024\2008-2024·（新疆）化学高考真题\2019年高考化学试卷（新课标Ⅱ）（空白卷）.pdf,papers/2019/化学/全国/新课标全国II卷/2019_化学_新疆_新课标全国II卷_原卷.pdf,2
2019,生物,北京,老高考,2020,地方/区域卷,local,北京卷,present_local,H:\New folder\【新·PDF版】2008-2024·高考生物真题\版本2：生物（按省份分类）2008-2024\2008-2024·（北京）生物高考真题\2019年高考生物试卷（北京）（空白卷）.pdf,papers/2019/生物/北京/北京卷/2019_生物_北京_北京卷_原卷.pdf,2
2019,生物,天津,老高考,2020,地方/区域卷,local,天津卷,present_local,H:\New folder\【新·PDF版】2008-2024·高考生物真题\版本2：生物（按省份分类）2008-2024\2008-2023·（天津）生物高考真题\2019年高考生物试卷（天津）（空白卷）.pdf,papers/2019/生物/天津/天津卷/2019_生物_天津_天津卷_原卷.pdf,2
2019,生物,河北,老高考,2021,全国卷,common,新课标全国I卷,present_common,H:\New folder\【新·PDF版】2008-2024·高考生物真题\版本2：生物（按省份分类）2008-2024\2008-2024·（河北）生物高考真题\2019年高考生物试卷（新课标Ⅰ）（空白卷）.pdf,papers/2019/生物/全国/新课标全国I卷/2019_生物_河北_新课标全国I卷_原卷.pdf,2
2019,生物,山西,老高考,2025,全国卷,common,新课标全国I卷,present_common,H:\New folder\【新·PDF版】2008-2024·高考生物真题\版本2：生物（按省份分类）2008-2024\2008-2024·（山西）生物高考真题\2019年高考生物试卷（新课标Ⅰ）（空白卷）.pdf,papers/2019/生物/全国/新课标全国I卷/2019_生物_山西_新课标全国I卷_原卷.pdf,2
2019,生物,内蒙古,老高考,2025,全国卷,common,新课标全国II卷,present_common,H:\New folder\【新·PDF版】2008-2024·高考生物真题\版本2：生物（按省份分类）2008-2024\2008-2024·（内蒙古）生物高考真题\2019年高考生物试卷（新课标Ⅱ）（空白卷）.pdf,papers/2019/生物/全国/新课标全国II卷/2019_生物_内蒙古_新课标全国II卷_原卷.pdf,2
2019,生物,辽宁,老高考,2021,全国卷,common,新课标全国II卷,present_common,H:\New folder\【新·PDF版】2008-2024·高考生物真题\版本2：生物（按省份分类）2008-2024\2010-2024·（辽宁）生物高考真题\2019年高考生物试卷（新课标Ⅱ）（空白卷）.pdf,papers/2019/生物/全国/新课标全国II卷/2019_生物_辽宁_新课标全国II卷_原卷.pdf,2
2019,生物,吉林,老高考,2024,全国卷,common,新课标全国II卷,present_common,H:\New folder\【新·PDF版】2008-2024·高考生物真题\版本2：生物（按省份分类）2008-2024\2008-2024·（吉林）生物高考真题\2019年高考生物试卷（新课标Ⅱ）（空白卷）.pdf,papers/2019/生物/全国/新课标全国II卷/2019_生物_吉林_新课标全国II卷_原卷.pdf,2
2019,生物,黑龙江,老高考,2024,全国卷,common,新课标全国II卷,present_common,H:\New folder\【新·PDF版】2008-2024·高考生物真题\版本2：生物（按省份分类）2008-2024\2008-2024·（黑龙江）生物高考真题\2019年高考生物试卷（新课标Ⅱ）（空白卷）.pdf,papers/2019/生物/全国/新课标全国II卷/2019_生物_黑龙江_新课标全国II卷_原卷.pdf,2
2019,生物,江苏,老高考,2021,地方/区域卷,local,江苏卷,present_local,H:\New folder\【新·PDF版】2008-2024·高考生物真题\版本2：生物（按省份分类）2008-2024\2008-2023·（江苏）生物高考真题\2019年高考生物试卷（江苏）（空白卷）.pdf,papers/2019/生物/江苏/江苏卷/2019_生物_江苏_江苏卷_原卷.pdf,2
2019,生物,安徽,老高考,2024,全国卷,common,新课标全国I卷,present_common,H:\New folder\【新·PDF版】2008-2024·高考生物真题\版本2：生物（按省份分类）2008-2024\2012-2024·（安徽）生物高考真题\2019年高考生物试卷（新课标Ⅰ）（空白卷）.pdf,papers/2019/生物/全国/新课标全国I卷/2019_生物_安徽_新课标全国I卷_原卷.pdf,2
2019,生物,福建,老高考,2021,全国卷,common,新课标全国I卷,present_common,H:\New folder\【新·PDF版】2008-2024·高考生物真题\版本2：生物（按省份分类）2008-2024\2012-2023·（福建）生物高考真题\2019年高考生物试卷（新课标Ⅰ）（空白卷）.pdf,papers/2019/生物/全国/新课标全国I卷/2019_生物_福建_新课标全国I卷_原卷.pdf,2
2019,生物,江西,老高考,2024,全国卷,common,新课标全国I卷,present_common,H:\New folder\【新·PDF版】2008-2024·高考生物真题\版本2：生物（按省份分类）2008-2024\2008-2024·（江西）生物高考真题\2019年高考生物试卷（新课标Ⅰ）（空白卷）.pdf,papers/2019/生物/全国/新课标全国I卷/2019_生物_江西_新课标全国I卷_原卷.pdf,2
2019,生物,山东,老高考,2020,全国卷,common,新课标全国I卷,present_common,H:\New folder\【新·PDF版】2008-2024·高考生物真题\版本2：生物（按省份分类）2008-2024\2008-2024·（山东）生物高考真题\2019年高考生物试卷（新课标Ⅰ）（空白卷）.pdf,papers/2019/生物/全国/新课标全国I卷/2019_生物_山东_新课标全国I卷_原卷.pdf,2
2019,生物,河南,老高考,2025,全国卷,common,新课标全国I卷,present_common,H:\New folder\【新·PDF版】2008-2024·高考生物真题\版本2：生物（按省份分类）2008-2024\2008-2024·（河南）生物高考真题\2019年高考生物试卷（新课标Ⅰ）（空白卷）.pdf,papers/2019/生物/全国/新课标全国I卷/2019_生物_河南_新课标全国I卷_原卷.pdf,2
2019,生物,湖北,老高考,2021,全国卷,common,新课标全国I卷,present_common,H:\New folder\【新·PDF版】2008-2024·高考生物真题\版本2：生物（按省份分类）2008-2024\2008-2024·（湖北）生物高考真题\2019年高考生物试卷（新课标Ⅰ）（空白卷）.pdf,papers/2019/生物/全国/新课标全国I卷/2019_生物_湖北_新课标全国I卷_原卷.pdf,2
2019,生物,湖南,老高考,2021,全国卷,common,新课标全国I卷,present_common,H:\New folder\【新·PDF版】2008-2024·高考生物真题\版本2：生物（按省份分类）2008-2024\2008-2024·（湖南）生物高考真题\2019年高考生物试卷（新课标Ⅰ）（空白卷）.pdf,papers/2019/生物/全国/新课标全国I卷/2019_生物_湖南_新课标全国I卷_原卷.pdf,2
2019,生物,广东,老高考,2021,全国卷,common,新课标全国I卷,present_common,H:\New folder\【新·PDF版】2008-2024·高考生物真题\版本2：生物（按省份分类）2008-2024\2008-2024·（广东）生物高考真题\2019年高考生物试卷（新课标Ⅰ）（空白卷）.pdf,papers/2019/生物/全国/新课标全国I卷/2019_生物_广东_新课标全国I卷_原卷.pdf,2
2019,生物,广西,老高考,2024,全国卷,common,新课标全国III卷,present_common,H:\New folder\【新·PDF版】2008-2024·高考生物真题\版本2：生物（按省份分类）2008-2024\2008-2023·（广西）生物高考真题\2019年高考生物试卷（新课标Ⅲ）（空白卷）.pdf,papers/2019/生物/全国/新课标全国III卷/2019_生物_广西_新课标全国III卷_原卷.pdf,2
2019,生物,海南,老高考,2020,地方/区域卷,local,海南卷,present_local,H:\New folder\【新·PDF版】2008-2024·高考生物真题\版本2：生物（按省份分类）2008-2024\2008-2023·（海南）生物高考真题\2019年高考生物试卷（海南）（空白卷）.pdf,papers/2019/生物/海南/海南卷/2019_生物_海南_海南卷_原卷.pdf,2
2019,生物,重庆,老高考,2021,全国卷,common,新课标全国II卷,present_common,H:\New folder\【新·PDF版】2008-2024·高考生物真题\版本2：生物（按省份分类）2008-2024\2012-2023·（重庆）生物高考真题\2019年高考生物试卷（新课标Ⅱ）（空白卷）.pdf,papers/2019/生物/全国/新课标全国II卷/2019_生物_重庆_新课标全国II卷_原卷.pdf,2
2019,生物,四川,老高考,2025,全国卷,common,新课标全国III卷,present_common,H:\New folder\【新·PDF版】2008-2024·高考生物真题\版本2：生物（按省份分类）2008-2024\2008-2024·（四川）生物高考真题\2019年高考生物试卷（新课标Ⅲ）（空白卷）.pdf,papers/2019/生物/全国/新课标全国III卷/2019_生物_四川_新课标全国III卷_原卷.pdf,2
2019,生物,贵州,老高考,2024,全国卷,common,新课标全国III卷,present_common,H:\New folder\【新·PDF版】2008-2024·高考生物真题\版本2：生物（按省份分类）2008-2024\2008-2023·（贵州）生物高考真题\2019年高考生物试卷（新课标Ⅲ）（空白卷）.pdf,papers/2019/生物/全国/新课标全国III卷/2019_生物_贵州_新课标全国III卷_原卷.pdf,2
2019,生物,云南,老高考,2025,全国卷,common,新课标全国III卷,present_common,H:\New folder\【新·PDF版】2008-2024·高考生物真题\版本2：生物（按省份分类）2008-2024\2008-2024·（云南）生物高考真题\2019年高考生物试卷（新课标Ⅲ）（空白卷）.pdf,papers/2019/生物/全国/新课标全国III卷/2019_生物_云南_新课标全国III卷_原卷.pdf,2
2019,生物,西藏,老高考,,全国卷,common,新课标全国III卷,present_common,H:\New folder\【新·PDF版】2008-2024·高考生物真题\版本2：生物（按省份分类）2008-2024\2008-2024·（西藏）生物高考真题\2019年高考生物试卷（新课标Ⅲ）（空白卷）.pdf,papers/2019/生物/全国/新课标全国III卷/2019_生物_西藏_新课标全国III卷_原卷.pdf,2
2019,生物,陕西,老高考,2025,全国卷,common,新课标全国II卷,present_common,H:\New folder\【新·PDF版】2008-2024·高考生物真题\版本2：生物（按省份分类）2008-2024\2008-2024·（陕西）生物高考真题\2019年高考生物试卷（新课标Ⅱ）（空白卷）.pdf,papers/2019/生物/全国/新课标全国II卷/2019_生物_陕西_新课标全国II卷_原卷.pdf,2
2019,生物,甘肃,老高考,2024,全国卷,common,新课标全国II卷,present_common,H:\New folder\【新·PDF版】2008-2024·高考生物真题\版本2：生物（按省份分类）2008-2024\2008-2024·（甘肃）生物高考真题\2019年高考生物试卷（新课标Ⅱ）（空白卷）.pdf,papers/2019/生物/全国/新课标全国II卷/2019_生物_甘肃_新课标全国II卷_原卷.pdf,2
2019,生物,青海,老高考,2025,全国卷,common,新课标全国II卷,present_common,H:\New folder\【新·PDF版】2008-2024·高考生物真题\版本2：生物（按省份分类）2008-2024\2008-2024·（青海）生物高考真题\2019年高考生物试卷（新课标Ⅱ）（空白卷）.pdf,papers/2019/生物/全国/新课标全国II卷/2019_生物_青海_新课标全国II卷_原卷.pdf,2
2019,生物,宁夏,老高考,2025,全国卷,common,新课标全国II卷,present_common,H:\New folder\【新·PDF版】2008-2024·高考生物真题\版本2：生物（按省份分类）2008-2024\2010-2024·（宁夏）生物高考真题\2019年高考生物试卷（新课标Ⅱ）（空白卷）.pdf,papers/2019/生物/全国/新课标全国II卷/2019_生物_宁夏_新课标全国II卷_原卷.pdf,2
2019,生物,新疆,老高考,,全国卷,common,新课标全国II卷,present_common,H:\New folder\【新·PDF版】2008-2024·高考生物真题\版本2：生物（按省份分类）2008-2024\2008-2024·（新疆）生物高考真题\2019年高考生物试卷（新课标Ⅱ）（空白卷）.pdf,papers/2019/生物/全国/新课标全国II卷/2019_生物_新疆_新课标全国II卷_原卷.pdf,2
2019,政治,北京,老高考,2020,地方/区域卷,local,北京卷,present_local,H:\New folder\【新·PDF版】2008-2024·高考政治真题\版本2：政治（按省份分类）2008-2024\2008-2024·（北京）政治高考真题\2019年高考政治试卷（北京）（空白卷）.pdf,papers/2019/政治/北京/北京卷/2019_政治_北京_北京卷_原卷.pdf,2
2019,政治,天津,老高考,2020,地方/区域卷,local,天津卷,present_local,H:\New folder\【新·PDF版】2008-2024·高考政治真题\版本2：政治（按省份分类）2008-2024\2008-2023·（天津）政治高考真题\2019年高考政治试卷（天津）（空白卷）.pdf,papers/2019/政治/天津/天津卷/2019_政治_天津_天津卷_原卷.pdf,2
2019,政治,河北,老高考,2021,全国卷,common,新课标全国I卷,present_common,H:\New folder\【新·PDF版】2008-2024·高考政治真题\版本2：政治（按省份分类）2008-2024\2008-2021_2023·（河北）政治高考真题\2019年高考政治试卷（新课标Ⅰ）（空白卷）.pdf,papers/2019/政治/全国/新课标全国I卷/2019_政治_河北_新课标全国I卷_原卷.pdf,2
2019,政治,山西,老高考,2025,全国卷,common,新课标全国I卷,present_common,H:\New folder\【新·PDF版】2008-2024·高考政治真题\版本2：政治（按省份分类）2008-2024\2008-2024·（山西）政治高考真题\2019年高考政治试卷（新课标Ⅰ）（空白卷）.pdf,papers/2019/政治/全国/新课标全国I卷/2019_政治_山西_新课标全国I卷_原卷.pdf,2
2019,政治,内蒙古,老高考,2025,全国卷,common,新课标全国II卷,present_common,H:\New folder\【新·PDF版】2008-2024·高考政治真题\版本2：政治（按省份分类）2008-2024\2008-2023·（内蒙古）政治高考真题\2019年高考政治试卷（新课标Ⅱ）（空白卷）.pdf,papers/2019/政治/全国/新课标全国II卷/2019_政治_内蒙古_新课标全国II卷_原卷.pdf,2
2019,政治,辽宁,老高考,2021,全国卷,common,新课标全国II卷,present_common,H:\New folder\【新·PDF版】2008-2024·高考政治真题\版本2：政治（按省份分类）2008-2024\2010-2024·（辽宁）政治高考真题\2019年高考政治试卷（新课标Ⅱ）（空白卷）.pdf,papers/2019/政治/全国/新课标全国II卷/2019_政治_辽宁_新课标全国II卷_原卷.pdf,2
2019,政治,吉林,老高考,2024,全国卷,common,新课标全国II卷,present_common,H:\New folder\【新·PDF版】2008-2024·高考政治真题\版本2：政治（按省份分类）2008-2024\2008-2024·（吉林）政治高考真题\2019年高考政治试卷（新课标Ⅱ）（空白卷）.pdf,papers/2019/政治/全国/新课标全国II卷/2019_政治_吉林_新课标全国II卷_原卷.pdf,2
2019,政治,黑龙江,老高考,2024,全国卷,common,新课标全国II卷,present_common,H:\New folder\【新·PDF版】2008-2024·高考政治真题\版本2：政治（按省份分类）2008-2024\2008-2024·（黑龙江）政治高考真题\2019年高考政治试卷（新课标Ⅱ）（空白卷）.pdf,papers/2019/政治/全国/新课标全国II卷/2019_政治_黑龙江_新课标全国II卷_原卷.pdf,2
2019,政治,江苏,老高考,2021,地方/区域卷,local,江苏卷,present_local,H:\New folder\【新·PDF版】2008-2024·高考政治真题\版本2：政治（按省份分类）2008-2024\2008-2023·（江苏）政治高考真题\2019年高考政治试卷（江苏）（空白卷）.pdf,papers/2019/政治/江苏/江苏卷/2019_政治_江苏_江苏卷_原卷.pdf,2
2019,政治,安徽,老高考,2024,全国卷,common,新课标全国I卷,present_common,H:\New folder\【新·PDF版】2008-2024·高考政治真题\版本2：政治（按省份分类）2008-2024\2012-2024·（安徽）政治高考真题\2019年高考政治试卷（新课标Ⅰ）（空白卷）.pdf,papers/2019/政治/全国/新课标全国I卷/2019_政治_安徽_新课标全国I卷_原卷.pdf,2
2019,政治,福建,老高考,2021,全国卷,common,新课标全国I卷,present_common,H:\New folder\【新·PDF版】2008-2024·高考政治真题\版本2：政治（按省份分类）2008-2024\2012-2023·（福建）政治高考真题\2019年高考政治试卷（新课标Ⅰ）（空白卷）.pdf,papers/2019/政治/全国/新课标全国I卷/2019_政治_福建_新课标全国I卷_原卷.pdf,2
2019,政治,江西,老高考,2024,全国卷,common,新课标全国I卷,present_common,H:\New folder\【新·PDF版】2008-2024·高考政治真题\版本2：政治（按省份分类）2008-2024\2008-2023·（江西）政治高考真题\2019年高考政治试卷（新课标Ⅰ）（空白卷）.pdf,papers/2019/政治/全国/新课标全国I卷/2019_政治_江西_新课标全国I卷_原卷.pdf,2
2019,政治,山东,老高考,2020,全国卷,common,新课标全国I卷,present_common,H:\New folder\【新·PDF版】2008-2024·高考政治真题\版本2：政治（按省份分类）2008-2024\2008-2024·（山东）政治高考真题\2019年高考政治试卷（新课标Ⅰ）（空白卷）.pdf,papers/2019/政治/全国/新课标全国I卷/2019_政治_山东_新课标全国I卷_原卷.pdf,2
2019,政治,河南,老高考,2025,全国卷,common,新课标全国I卷,present_common,H:\New folder\【新·PDF版】2008-2024·高考政治真题\版本2：政治（按省份分类）2008-2024\2008-2024·（河南）政治高考真题\2019年高考政治试卷（新课标Ⅰ）（空白卷）.pdf,papers/2019/政治/全国/新课标全国I卷/2019_政治_河南_新课标全国I卷_原卷.pdf,2
2019,政治,湖北,老高考,2021,全国卷,common,新课标全国I卷,present_common,H:\New folder\【新·PDF版】2008-2024·高考政治真题\版本2：政治（按省份分类）2008-2024\2008-2024·（湖北）政治高考真题\2019年高考政治试卷（新课标Ⅰ）（空白卷）.pdf,papers/2019/政治/全国/新课标全国I卷/2019_政治_湖北_新课标全国I卷_原卷.pdf,2
2019,政治,湖南,老高考,2021,全国卷,common,新课标全国I卷,present_common,H:\New folder\【新·PDF版】2008-2024·高考政治真题\版本2：政治（按省份分类）2008-2024\2008-2024·（湖南）政治高考真题\2019年高考政治试卷（新课标Ⅰ）（空白卷）.pdf,papers/2019/政治/全国/新课标全国I卷/2019_政治_湖南_新课标全国I卷_原卷.pdf,2
2019,政治,广东,老高考,2021,全国卷,common,新课标全国I卷,present_common,H:\New folder\【新·PDF版】2008-2024·高考政治真题\版本2：政治（按省份分类）2008-2024\2008-2024·（广东）政治高考真题\2019年高考政治试卷（新课标Ⅰ）（空白卷）.pdf,papers/2019/政治/全国/新课标全国I卷/2019_政治_广东_新课标全国I卷_原卷.pdf,2
2019,政治,广西,老高考,2024,全国卷,common,新课标全国III卷,present_common,H:\New folder\【新·PDF版】2008-2024·高考政治真题\版本2：政治（按省份分类）2008-2024\2008-2023·（广西）政治高考真题\2019年高考政治试卷（新课标Ⅲ）（空白卷）.pdf,papers/2019/政治/全国/新课标全国III卷/2019_政治_广西_新课标全国III卷_原卷.pdf,2
2019,政治,海南,老高考,2020,地方/区域卷,local,海南卷,present_local,H:\New folder\【新·PDF版】2008-2024·高考政治真题\版本2：政治（按省份分类）2008-2024\2008-2023·（海南）政治高考真题\2019年高考政治试卷（海南）（空白卷）.pdf,papers/2019/政治/海南/海南卷/2019_政治_海南_海南卷_原卷.pdf,2
2019,政治,重庆,老高考,2021,全国卷,common,新课标全国II卷,present_common,H:\New folder\【新·PDF版】2008-2024·高考政治真题\版本2：政治（按省份分类）2008-2024\2012-2020_2022-2023·（重庆）政治高考真题\2019年高考政治试卷（新课标Ⅱ）（空白卷）.pdf,papers/2019/政治/全国/新课标全国II卷/2019_政治_重庆_新课标全国II卷_原卷.pdf,2
2019,政治,四川,老高考,2025,全国卷,common,新课标全国III卷,present_common,H:\New folder\【新·PDF版】2008-2024·高考政治真题\版本2：政治（按省份分类）2008-2024\2008-2023·（四川）政治高考真题\2019年高考政治试卷（新课标Ⅲ）（空白卷）.pdf,papers/2019/政治/全国/新课标全国III卷/2019_政治_四川_新课标全国III卷_原卷.pdf,2
2019,政治,贵州,老高考,2024,全国卷,common,新课标全国III卷,present_common,H:\New folder\【新·PDF版】2008-2024·高考政治真题\版本2：政治（按省份分类）2008-2024\2008-2023·（贵州）政治高考真题\2019年高考政治试卷（新课标Ⅲ）（空白卷）.pdf,papers/2019/政治/全国/新课标全国III卷/2019_政治_贵州_新课标全国III卷_原卷.pdf,2
2019,政治,云南,老高考,2025,全国卷,common,新课标全国III卷,present_common,H:\New folder\【新·PDF版】2008-2024·高考政治真题\版本2：政治（按省份分类）2008-2024\2008-2024·（云南）政治高考真题\2019年高考政治试卷（新课标Ⅲ）（空白卷）.pdf,papers/2019/政治/全国/新课标全国III卷/2019_政治_云南_新课标全国III卷_原卷.pdf,2
2019,政治,西藏,老高考,,全国卷,common,新课标全国III卷,present_common,H:\New folder\【新·PDF版】2008-2024·高考政治真题\版本2：政治（按省份分类）2008-2024\2008-2024·（西藏）政治高考真题\2019年高考政治试卷（新课标Ⅲ）（空白卷）.pdf,papers/2019/政治/全国/新课标全国III卷/2019_政治_西藏_新课标全国III卷_原卷.pdf,2
2019,政治,陕西,老高考,2025,全国卷,common,新课标全国II卷,present_common,H:\New folder\【新·PDF版】2008-2024·高考政治真题\版本2：政治（按省份分类）2008-2024\2008-2023·（陕西）政治高考真题\2019年高考政治试卷（新课标Ⅱ）（空白卷）.pdf,papers/2019/政治/全国/新课标全国II卷/2019_政治_陕西_新课标全国II卷_原卷.pdf,2
2019,政治,甘肃,老高考,2024,全国卷,common,新课标全国II卷,present_common,H:\New folder\【新·PDF版】2008-2024·高考政治真题\版本2：政治（按省份分类）2008-2024\2008-2023·（甘肃）政治高考真题\2019年高考政治试卷（新课标Ⅱ）（空白卷）.pdf,papers/2019/政治/全国/新课标全国II卷/2019_政治_甘肃_新课标全国II卷_原卷.pdf,2
2019,政治,青海,老高考,2025,全国卷,common,新课标全国II卷,present_common,H:\New folder\【新·PDF版】2008-2024·高考政治真题\版本2：政治（按省份分类）2008-2024\2008-2023·（青海）政治高考真题\2019年高考政治试卷（新课标Ⅱ）（空白卷）.pdf,papers/2019/政治/全国/新课标全国II卷/2019_政治_青海_新课标全国II卷_原卷.pdf,2
2019,政治,宁夏,老高考,2025,全国卷,common,新课标全国II卷,present_common,H:\New folder\【新·PDF版】2008-2024·高考政治真题\版本2：政治（按省份分类）2008-2024\2010-2023·（宁夏）政治高考真题\2019年高考政治试卷（新课标Ⅱ）（空白卷）.pdf,papers/2019/政治/全国/新课标全国II卷/2019_政治_宁夏_新课标全国II卷_原卷.pdf,2
2019,政治,新疆,老高考,,全国卷,common,新课标全国II卷,present_common,H:\New folder\【新·PDF版】2008-2024·高考政治真题\版本2：政治（按省份分类）2008-2024\2008-2024·（新疆）政治高考真题\2019年高考政治试卷（新课标Ⅱ）（空白卷）.pdf,papers/2019/政治/全国/新课标全国II卷/2019_政治_新疆_新课标全国II卷_原卷.pdf,2
2019,历史,北京,老高考,2020,地方/区域卷,local,北京卷,present_local,H:\New folder\【新·PDF版】2008-2024·高考历史真题\版本2：历史（按省份分类）2008-2024\2008-2024·（北京）历史高考真题\2019年高考历史试卷（北京）（空白卷）.pdf,papers/2019/历史/北京/北京卷/2019_历史_北京_北京卷_原卷.pdf,2
2019,历史,天津,老高考,2020,地方/区域卷,local,天津卷,present_local,H:\New folder\【新·PDF版】2008-2024·高考历史真题\版本2：历史（按省份分类）2008-2024\2008-2023·（天津）历史高考真题\2019年高考历史试卷（天津）（空白卷）.pdf,papers/2019/历史/天津/天津卷/2019_历史_天津_天津卷_原卷.pdf,2
2019,历史,河北,老高考,2021,全国卷,common,新课标全国I卷,present_common,H:\New folder\【新·PDF版】2008-2024·高考历史真题\版本2：历史（按省份分类）2008-2024\2008-2023·（河北）历史高考真题\2019年高考历史试卷（新课标Ⅰ）（空白卷）.pdf,papers/2019/历史/全国/新课标全国I卷/2019_历史_河北_新课标全国I卷_原卷.pdf,2
2019,历史,山西,老高考,2025,全国卷,common,新课标全国I卷,present_common,H:\New folder\【新·PDF版】2008-2024·高考历史真题\版本2：历史（按省份分类）2008-2024\2008-2024·（山西）历史高考真题\2019年高考历史试卷（新课标Ⅰ）（空白卷）.pdf,papers/2019/历史/全国/新课标全国I卷/2019_历史_山西_新课标全国I卷_原卷.pdf,2
2019,历史,内蒙古,老高考,2025,全国卷,common,新课标全国II卷,present_common,H:\New folder\【新·PDF版】2008-2024·高考历史真题\版本2：历史（按省份分类）2008-2024\2008-2024·（内蒙古）历史高考真题\2019年高考历史试卷（新课标Ⅱ）（空白卷）.pdf,papers/2019/历史/全国/新课标全国II卷/2019_历史_内蒙古_新课标全国II卷_原卷.pdf,2
2019,历史,辽宁,老高考,2021,全国卷,common,新课标全国II卷,present_common,H:\New folder\【新·PDF版】2008-2024·高考历史真题\版本2：历史（按省份分类）2008-2024\2010-2024·（辽宁）历史高考真题\2019年高考历史试卷（新课标Ⅱ）（空白卷）.pdf,papers/2019/历史/全国/新课标全国II卷/2019_历史_辽宁_新课标全国II卷_原卷.pdf,2
2019,历史,吉林,老高考,2024,全国卷,common,新课标全国II卷,present_common,H:\New folder\【新·PDF版】2008-2024·高考历史真题\版本2：历史（按省份分类）2008-2024\2008-2024·（吉林）历史高考真题\2019年高考历史试卷（新课标Ⅱ）（空白卷）.pdf,papers/2019/历史/全国/新课标全国II卷/2019_历史_吉林_新课标全国II卷_原卷.pdf,2
2019,历史,黑龙江,老高考,2024,全国卷,common,新课标全国II卷,present_common,H:\New folder\【新·PDF版】2008-2024·高考历史真题\版本2：历史（按省份分类）2008-2024\2008-2024·（黑龙江）历史高考真题\2019年高考历史试卷（新课标Ⅱ）（空白卷）.pdf,papers/2019/历史/全国/新课标全国II卷/2019_历史_黑龙江_新课标全国II卷_原卷.pdf,2
2019,历史,江苏,老高考,2021,地方/区域卷,local,江苏卷,present_local,H:\New folder\【新·PDF版】2008-2024·高考历史真题\版本2：历史（按省份分类）2008-2024\2008-2024·（江苏）历史高考真题\2019年高考历史试卷（江苏）（空白卷）   .pdf,papers/2019/历史/江苏/江苏卷/2019_历史_江苏_江苏卷_原卷.pdf,2
2019,历史,安徽,老高考,2024,全国卷,common,新课标全国I卷,present_common,H:\New folder\【新·PDF版】2008-2024·高考历史真题\版本2：历史（按省份分类）2008-2024\2012-2024·（安徽）历史高考真题\2019年高考历史试卷（新课标Ⅰ）（空白卷）.pdf,papers/2019/历史/全国/新课标全国I卷/2019_历史_安徽_新课标全国I卷_原卷.pdf,2
2019,历史,福建,老高考,2021,全国卷,common,新课标全国I卷,present_common,H:\New folder\【新·PDF版】2008-2024·高考历史真题\版本2：历史（按省份分类）2008-2024\2012-2023·（福建）历史高考真题\2019年高考历史试卷（新课标Ⅰ）（空白卷）.pdf,papers/2019/历史/全国/新课标全国I卷/2019_历史_福建_新课标全国I卷_原卷.pdf,2
2019,历史,江西,老高考,2024,全国卷,common,新课标全国I卷,present_common,H:\New folder\【新·PDF版】2008-2024·高考历史真题\版本2：历史（按省份分类）2008-2024\2008-2023·（江西）历史高考真题\2019年高考历史试卷（新课标Ⅰ）（空白卷）.pdf,papers/2019/历史/全国/新课标全国I卷/2019_历史_江西_新课标全国I卷_原卷.pdf,2
2019,历史,山东,老高考,2020,全国卷,common,新课标全国I卷,present_common,H:\New folder\【新·PDF版】2008-2024·高考历史真题\版本2：历史（按省份分类）2008-2024\2008-2024·（山东）历史高考真题\2019年高考历史试卷（新课标Ⅰ）（空白卷）.pdf,papers/2019/历史/全国/新课标全国I卷/2019_历史_山东_新课标全国I卷_原卷.pdf,2
2019,历史,河南,老高考,2025,全国卷,common,新课标全国I卷,present_common,H:\New folder\【新·PDF版】2008-2024·高考历史真题\版本2：历史（按省份分类）2008-2024\2008-2024·（河南）历史高考真题\2019年高考历史试卷（新课标Ⅰ）（空白卷）.pdf,papers/2019/历史/全国/新课标全国I卷/2019_历史_河南_新课标全国I卷_原卷.pdf,2
2019,历史,湖北,老高考,2021,全国卷,common,新课标全国I卷,present_common,H:\New folder\【新·PDF版】2008-2024·高考历史真题\版本2：历史（按省份分类）2008-2024\2008-2024·（湖北）历史高考真题\2019年高考历史试卷（新课标Ⅰ）（空白卷）.pdf,papers/2019/历史/全国/新课标全国I卷/2019_历史_湖北_新课标全国I卷_原卷.pdf,2
2019,历史,湖南,老高考,2021,全国卷,common,新课标全国I卷,present_common,H:\New folder\【新·PDF版】2008-2024·高考历史真题\版本2：历史（按省份分类）2008-2024\2008-2024·（湖南）历史高考真题\2019年高考历史试卷（新课标Ⅰ）（空白卷）.pdf,papers/2019/历史/全国/新课标全国I卷/2019_历史_湖南_新课标全国I卷_原卷.pdf,2
2019,历史,广东,老高考,2021,全国卷,common,新课标全国I卷,present_common,H:\New folder\【新·PDF版】2008-2024·高考历史真题\版本2：历史（按省份分类）2008-2024\2008-2024·（广东）历史高考真题\2019年高考历史试卷（新课标Ⅰ）（空白卷）.pdf,papers/2019/历史/全国/新课标全国I卷/2019_历史_广东_新课标全国I卷_原卷.pdf,2
2019,历史,广西,老高考,2024,全国卷,common,新课标全国III卷,present_common,H:\New folder\【新·PDF版】2008-2024·高考历史真题\版本2：历史（按省份分类）2008-2024\2008-2023·（广西）历史高考真题\2019年高考历史试卷（新课标Ⅲ）（空白卷）.pdf,papers/2019/历史/全国/新课标全国III卷/2019_历史_广西_新课标全国III卷_原卷.pdf,2
2019,历史,海南,老高考,2020,地方/区域卷,local,海南卷,present_local,H:\New folder\【新·PDF版】2008-2024·高考历史真题\版本2：历史（按省份分类）2008-2024\2008-2023·（海南）历史高考真题\2019年高考历史试卷（海南）（空白卷）.pdf,papers/2019/历史/海南/海南卷/2019_历史_海南_海南卷_原卷.pdf,2
2019,历史,重庆,老高考,2021,全国卷,common,新课标全国II卷,present_common,H:\New folder\【新·PDF版】2008-2024·高考历史真题\版本2：历史（按省份分类）2008-2024\2012-2024·（重庆）历史高考真题\2019年高考历史试卷（新课标Ⅱ）（空白卷）.pdf,papers/2019/历史/全国/新课标全国II卷/2019_历史_重庆_新课标全国II卷_原卷.pdf,2
2019,历史,四川,老高考,2025,全国卷,common,新课标全国III卷,present_common,H:\New folder\【新·PDF版】2008-2024·高考历史真题\版本2：历史（按省份分类）2008-2024\2008-2024·（四川）历史高考真题\2019年高考历史试卷（新课标Ⅲ）（空白卷）.pdf,papers/2019/历史/全国/新课标全国III卷/2019_历史_四川_新课标全国III卷_原卷.pdf,2
2019,历史,贵州,老高考,2024,全国卷,common,新课标全国III卷,present_common,H:\New folder\【新·PDF版】2008-2024·高考历史真题\版本2：历史（按省份分类）2008-2024\2008-2023·（贵州）历史高考真题\2019年高考历史试卷（新课标Ⅲ）（空白卷）.pdf,papers/2019/历史/全国/新课标全国III卷/2019_历史_贵州_新课标全国III卷_原卷.pdf,2
2019,历史,云南,老高考,2025,全国卷,common,新课标全国III卷,present_common,H:\New folder\【新·PDF版】2008-2024·高考历史真题\版本2：历史（按省份分类）2008-2024\2008-2024·（云南）历史高考真题\2019年高考历史试卷（新课标Ⅲ）（空白卷）.pdf,papers/2019/历史/全国/新课标全国III卷/2019_历史_云南_新课标全国III卷_原卷.pdf,2
2019,历史,西藏,老高考,,全国卷,common,新课标全国III卷,present_common,H:\New folder\【新·PDF版】2008-2024·高考历史真题\版本2：历史（按省份分类）2008-2024\2008-2024·（西藏）历史高考真题\2019年高考历史试卷（新课标Ⅲ）（空白卷）.pdf,papers/2019/历史/全国/新课标全国III卷/2019_历史_西藏_新课标全国III卷_原卷.pdf,2
2019,历史,陕西,老高考,2025,全国卷,common,新课标全国II卷,present_common,H:\New folder\【新·PDF版】2008-2024·高考历史真题\版本2：历史（按省份分类）2008-2024\2008-2024·（陕西）历史高考真题\2019年高考历史试卷（新课标Ⅱ）（空白卷）.pdf,papers/2019/历史/全国/新课标全国II卷/2019_历史_陕西_新课标全国II卷_原卷.pdf,2
2019,历史,甘肃,老高考,2024,全国卷,common,新课标全国II卷,present_common,H:\New folder\【新·PDF版】2008-2024·高考历史真题\版本2：历史（按省份分类）2008-2024\2008-2024·（甘肃）历史高考真题\2019年高考历史试卷（新课标Ⅱ）（空白卷）.pdf,papers/2019/历史/全国/新课标全国II卷/2019_历史_甘肃_新课标全国II卷_原卷.pdf,2
2019,历史,青海,老高考,2025,全国卷,common,新课标全国II卷,present_common,H:\New folder\【新·PDF版】2008-2024·高考历史真题\版本2：历史（按省份分类）2008-2024\2008-2024·（青海）历史高考真题\2019年高考历史试卷（新课标Ⅱ）（空白卷）.pdf,papers/2019/历史/全国/新课标全国II卷/2019_历史_青海_新课标全国II卷_原卷.pdf,2
2019,历史,宁夏,老高考,2025,全国卷,common,新课标全国II卷,present_common,H:\New folder\【新·PDF版】2008-2024·高考历史真题\版本2：历史（按省份分类）2008-2024\2010-2024·（宁夏）历史高考真题\2019年高考历史试卷（新课标Ⅱ）（空白卷）.pdf,papers/2019/历史/全国/新课标全国II卷/2019_历史_宁夏_新课标全国II卷_原卷.pdf,2
2019,历史,新疆,老高考,,全国卷,common,新课标全国II卷,present_common,H:\New folder\【新·PDF版】2008-2024·高考历史真题\版本2：历史（按省份分类）2008-2024\2008-2024·（新疆）历史高考真题\2019年高考历史试卷（新课标Ⅱ）（空白卷）.pdf,papers/2019/历史/全国/新课标全国II卷/2019_历史_新疆_新课标全国II卷_原卷.pdf,2
2019,地理,北京,老高考,2020,地方/区域卷,local,北京卷,present_local,H:\New folder\【新·PDF版】2008-2024·高考地理真题\版本2：地理（按省份分类）2008-2024\2008-2024·（北京）地理高考真题\2019年高考地理试卷（北京）（空白卷）.pdf,papers/2019/地理/北京/北京卷/2019_地理_北京_北京卷_原卷.pdf,2
2019,地理,天津,老高考,2020,地方/区域卷,local,天津卷,present_local,H:\New folder\【新·PDF版】2008-2024·高考地理真题\版本2：地理（按省份分类）2008-2024\2008-2023·（天津）地理高考真题\2019年高考地理试卷（天津）（空白卷）.pdf,papers/2019/地理/天津/天津卷/2019_地理_天津_天津卷_原卷.pdf,2
2019,地理,河北,老高考,2021,全国卷,common,新课标全国I卷,present_common,H:\New folder\【新·PDF版】2008-2024·高考地理真题\版本2：地理（按省份分类）2008-2024\2008-2023·（河北）地理高考真题\2019年高考地理试卷（新课标Ⅰ）（空白卷）.pdf,papers/2019/地理/全国/新课标全国I卷/2019_地理_河北_新课标全国I卷_原卷.pdf,2
2019,地理,山西,老高考,2025,全国卷,common,新课标全国I卷,present_common,H:\New folder\【新·PDF版】2008-2024·高考地理真题\版本2：地理（按省份分类）2008-2024\2008-2024·（山西）地理高考真题\2019年高考地理试卷（新课标Ⅰ）（空白卷）.pdf,papers/2019/地理/全国/新课标全国I卷/2019_地理_山西_新课标全国I卷_原卷.pdf,2
2019,地理,内蒙古,老高考,2025,全国卷,common,新课标全国II卷,present_common,H:\New folder\【新·PDF版】2008-2024·高考地理真题\版本2：地理（按省份分类）2008-2024\2008-2024·（内蒙古）地理高考真题\2019年高考地理试卷（新课标Ⅱ）（空白卷）.pdf,papers/2019/地理/全国/新课标全国II卷/2019_地理_内蒙古_新课标全国II卷_原卷.pdf,2
2019,地理,辽宁,老高考,2021,全国卷,common,新课标全国II卷,present_common,H:\New folder\【新·PDF版】2008-2024·高考地理真题\版本2：地理（按省份分类）2008-2024\2010-2024·（辽宁）地理高考真题\2019年高考地理试卷（新课标Ⅱ）（空白卷）.pdf,papers/2019/地理/全国/新课标全国II卷/2019_地理_辽宁_新课标全国II卷_原卷.pdf,2
2019,地理,吉林,老高考,2024,全国卷,common,新课标全国II卷,present_common,H:\New folder\【新·PDF版】2008-2024·高考地理真题\版本2：地理（按省份分类）2008-2024\2008-2024·（吉林）地理高考真题\2019年高考地理试卷（新课标Ⅱ）（空白卷）.pdf,papers/2019/地理/全国/新课标全国II卷/2019_地理_吉林_新课标全国II卷_原卷.pdf,2
2019,地理,黑龙江,老高考,2024,全国卷,common,新课标全国II卷,present_common,H:\New folder\【新·PDF版】2008-2024·高考地理真题\版本2：地理（按省份分类）2008-2024\2008-2024·（黑龙江）地理高考真题\2019年高考地理试卷（新课标Ⅱ）（空白卷）.pdf,papers/2019/地理/全国/新课标全国II卷/2019_地理_黑龙江_新课标全国II卷_原卷.pdf,2
2019,地理,江苏,老高考,2021,地方/区域卷,local,江苏卷,present_local,H:\New folder\【新·PDF版】2008-2024·高考地理真题\版本2：地理（按省份分类）2008-2024\2008-2023·（江苏）地理高考真题\2019年高考地理试卷（江苏）（空白卷）.pdf,papers/2019/地理/江苏/江苏卷/2019_地理_江苏_江苏卷_原卷.pdf,2
2019,地理,安徽,老高考,2024,全国卷,common,新课标全国I卷,present_common,H:\New folder\【新·PDF版】2008-2024·高考地理真题\版本2：地理（按省份分类）2008-2024\2012-2024·（安徽）地理高考真题\2019年高考地理试卷（新课标Ⅰ）（空白卷）.pdf,papers/2019/地理/全国/新课标全国I卷/2019_地理_安徽_新课标全国I卷_原卷.pdf,2
2019,地理,福建,老高考,2021,全国卷,common,新课标全国I卷,present_common,H:\New folder\【新·PDF版】2008-2024·高考地理真题\版本2：地理（按省份分类）2008-2024\2012-2024·（福建）地理高考真题\2019年高考地理试卷（新课标Ⅰ）（空白卷）.pdf,papers/2019/地理/全国/新课标全国I卷/2019_地理_福建_新课标全国I卷_原卷.pdf,2
2019,地理,江西,老高考,2024,全国卷,common,新课标全国I卷,present_common,H:\New folder\【新·PDF版】2008-2024·高考地理真题\版本2：地理（按省份分类）2008-2024\2008-2024·（江西）地理高考真题\2019年高考地理试卷（新课标Ⅰ）（空白卷）.pdf,papers/2019/地理/全国/新课标全国I卷/2019_地理_江西_新课标全国I卷_原卷.pdf,2
2019,地理,山东,老高考,2020,全国卷,common,新课标全国I卷,present_common,H:\New folder\【新·PDF版】2008-2024·高考地理真题\版本2：地理（按省份分类）2008-2024\2008-2024·（山东）地理高考真题\2019年高考地理试卷（新课标Ⅰ）（空白卷）.pdf,papers/2019/地理/全国/新课标全国I卷/2019_地理_山东_新课标全国I卷_原卷.pdf,2
2019,地理,河南,老高考,2025,全国卷,common,新课标全国I卷,present_common,H:\New folder\【新·PDF版】2008-2024·高考地理真题\版本2：地理（按省份分类）2008-2024\2008-2024·（河南）地理高考真题\2019年高考地理试卷（新课标Ⅰ）（空白卷）.pdf,papers/2019/地理/全国/新课标全国I卷/2019_地理_河南_新课标全国I卷_原卷.pdf,2
2019,地理,湖北,老高考,2021,全国卷,common,新课标全国I卷,present_common,H:\New folder\【新·PDF版】2008-2024·高考地理真题\版本2：地理（按省份分类）2008-2024\2008-2024·（湖北）地理高考真题\2019年高考地理试卷（新课标Ⅰ）（空白卷）.pdf,papers/2019/地理/全国/新课标全国I卷/2019_地理_湖北_新课标全国I卷_原卷.pdf,2
2019,地理,湖南,老高考,2021,全国卷,common,新课标全国I卷,present_common,H:\New folder\【新·PDF版】2008-2024·高考地理真题\版本2：地理（按省份分类）2008-2024\2008-2024·（湖南）地理高考真题\2019年高考地理试卷（新课标Ⅰ）（空白卷）.pdf,papers/2019/地理/全国/新课标全国I卷/2019_地理_湖南_新课标全国I卷_原卷.pdf,2
2019,地理,广东,老高考,2021,全国卷,common,新课标全国I卷,present_common,H:\New folder\【新·PDF版】2008-2024·高考地理真题\版本2：地理（按省份分类）2008-2024\2008-2024·（广东）地理高考真题\2019年高考地理试卷（新课标Ⅰ）（空白卷）.pdf,papers/2019/地理/全国/新课标全国I卷/2019_地理_广东_新课标全国I卷_原卷.pdf,2
2019,地理,广西,老高考,2024,全国卷,common,新课标全国III卷,present_common,H:\New folder\【新·PDF版】2008-2024·高考地理真题\版本2：地理（按省份分类）2008-2024\2008-2023·（广西）地理高考真题\2019年高考地理试卷（新课标Ⅲ）（空白卷）.pdf,papers/2019/地理/全国/新课标全国III卷/2019_地理_广西_新课标全国III卷_原卷.pdf,2
2019,地理,海南,老高考,2020,地方/区域卷,local,海南卷,present_local,H:\New folder\【新·PDF版】2008-2024·高考地理真题\版本2：地理（按省份分类）2008-2024\2008-2023·（海南）地理高考真题\2019年高考地理试卷（海南）（空白卷）.pdf,papers/2019/地理/海南/海南卷/2019_地理_海南_海南卷_原卷.pdf,2
2019,地理,重庆,老高考,2021,全国卷,common,新课标全国II卷,present_common,H:\New folder\【新·PDF版】2008-2024·高考地理真题\版本2：地理（按省份分类）2008-2024\2012-2023·（重庆）地理高考真题\2019年高考地理试卷（新课标Ⅱ）（空白卷）.pdf,papers/2019/地理/全国/新课标全国II卷/2019_地理_重庆_新课标全国II卷_原卷.pdf,2
2019,地理,四川,老高考,2025,全国卷,common,新课标全国III卷,present_common,H:\New folder\【新·PDF版】2008-2024·高考地理真题\版本2：地理（按省份分类）2008-2024\2008-2024·（四川）地理高考真题\2019年高考地理试卷（新课标Ⅲ）（空白卷）.pdf,papers/2019/地理/全国/新课标全国III卷/2019_地理_四川_新课标全国III卷_原卷.pdf,2
2019,地理,贵州,老高考,2024,全国卷,common,新课标全国III卷,present_common,H:\New folder\【新·PDF版】2008-2024·高考地理真题\版本2：地理（按省份分类）2008-2024\2008-2023·（贵州）地理高考真题\2019年高考地理试卷（新课标Ⅲ）（空白卷）.pdf,papers/2019/地理/全国/新课标全国III卷/2019_地理_贵州_新课标全国III卷_原卷.pdf,2
2019,地理,云南,老高考,2025,全国卷,common,新课标全国III卷,present_common,H:\New folder\【新·PDF版】2008-2024·高考地理真题\版本2：地理（按省份分类）2008-2024\2008-2024·（云南）地理高考真题\2019年高考地理试卷（新课标Ⅲ）（空白卷）.pdf,papers/2019/地理/全国/新课标全国III卷/2019_地理_云南_新课标全国III卷_原卷.pdf,2
2019,地理,西藏,老高考,,全国卷,common,新课标全国III卷,present_common,H:\New folder\【新·PDF版】2008-2024·高考地理真题\版本2：地理（按省份分类）2008-2024\2008-2024·（西藏）地理高考真题\2019年高考地理试卷（新课标Ⅲ）（空白卷）.pdf,papers/2019/地理/全国/新课标全国III卷/2019_地理_西藏_新课标全国III卷_原卷.pdf,2
2019,地理,陕西,老高考,2025,全国卷,common,新课标全国II卷,present_common,H:\New folder\【新·PDF版】2008-2024·高考地理真题\版本2：地理（按省份分类）2008-2024\2008-2024·（陕西）地理高考真题\2019年高考地理试卷（新课标Ⅱ）（空白卷）.pdf,papers/2019/地理/全国/新课标全国II卷/2019_地理_陕西_新课标全国II卷_原卷.pdf,2
2019,地理,甘肃,老高考,2024,全国卷,common,新课标全国II卷,present_common,H:\New folder\【新·PDF版】2008-2024·高考地理真题\版本2：地理（按省份分类）2008-2024\2008-2024·（甘肃）地理高考真题\2019年高考地理试卷（新课标Ⅱ）（空白卷）.pdf,papers/2019/地理/全国/新课标全国II卷/2019_地理_甘肃_新课标全国II卷_原卷.pdf,2
2019,地理,青海,老高考,2025,全国卷,common,新课标全国II卷,present_common,H:\New folder\【新·PDF版】2008-2024·高考地理真题\版本2：地理（按省份分类）2008-2024\2008-2024·（青海）地理高考真题\2019年高考地理试卷（新课标Ⅱ）（空白卷）.pdf,papers/2019/地理/全国/新课标全国II卷/2019_地理_青海_新课标全国II卷_原卷.pdf,2
2019,地理,宁夏,老高考,2025,全国卷,common,新课标全国II卷,present_common,H:\New folder\【新·PDF版】2008-2024·高考地理真题\版本2：地理（按省份分类）2008-2024\2010-2024·（宁夏）地理高考真题\2019年高考地理试卷（新课标Ⅱ）（空白卷）.pdf,papers/2019/地理/全国/新课标全国II卷/2019_地理_宁夏_新课标全国II卷_原卷.pdf,2
2019,地理,新疆,老高考,,全国卷,common,新课标全国II卷,present_common,H:\New folder\【新·PDF版】2008-2024·高考地理真题\版本2：地理（按省份分类）2008-2024\2008-2024·（新疆）地理高考真题\2019年高考地理试卷（新课标Ⅱ）（空白卷）.pdf,papers/2019/地理/全国/新课标全国II卷/2019_地理_新疆_新课标全国II卷_原卷.pdf,2
2020,语文,河北,老高考,2021,全国卷,common,新课标全国I卷,present_common,H:\New folder\【新·PDF版】2008-2024·高考语文真题\版本2：语文（按省份分类）2008-2024\2008-2024·（河北）语文高考真题\2020年高考语文试卷（新课标Ⅰ卷）（空白卷）.pdf,papers/2020/语文/全国/新课标全国I卷/2020_语文_河北_新课标全国I卷_原卷.pdf,2
2020,语文,山西,老高考,2025,全国卷,common,新课标全国I卷,present_common,H:\New folder\【新·PDF版】2008-2024·高考语文真题\版本2：语文（按省份分类）2008-2024\2008-2024·（山西）语文高考真题\2020年高考语文试卷（新课标Ⅰ卷）（空白卷）.pdf,papers/2020/语文/全国/新课标全国I卷/2020_语文_山西_新课标全国I卷_原卷.pdf,2
2020,语文,内蒙古,老高考,2025,全国卷,common,新课标全国II卷,present_common,H:\New folder\【新·PDF版】2008-2024·高考语文真题\版本2：语文（按省份分类）2008-2024\2008-2024·（内蒙古）语文高考真题\2020年高考语文试卷（新课标Ⅱ卷）（空白卷）.pdf,papers/2020/语文/全国/新课标全国II卷/2020_语文_内蒙古_新课标全国II卷_原卷.pdf,2
2020,语文,辽宁,老高考,2021,全国卷,common,新课标全国II卷,present_common,H:\New folder\【新·PDF版】2008-2024·高考语文真题\版本2：语文（按省份分类）2008-2024\2012-2024·（辽宁）语文高考真题\2020年高考语文试卷（新课标Ⅱ卷）（空白卷）.pdf,papers/2020/语文/全国/新课标全国II卷/2020_语文_辽宁_新课标全国II卷_原卷.pdf,2
2020,语文,吉林,老高考,2024,全国卷,common,新课标全国II卷,present_common,H:\New folder\【新·PDF版】2008-2024·高考语文真题\版本2：语文（按省份分类）2008-2024\2008-2024·（吉林）语文高考真题\2020年高考语文试卷（新课标Ⅱ卷）（空白卷）.pdf,papers/2020/语文/全国/新课标全国II卷/2020_语文_吉林_新课标全国II卷_原卷.pdf,2
2020,语文,黑龙江,老高考,2024,全国卷,common,新课标全国II卷,present_common,H:\New folder\【新·PDF版】2008-2024·高考语文真题\版本2：语文（按省份分类）2008-2024\2008-2024·（黑龙江）语文高考真题\2020年高考语文试卷（新课标Ⅱ卷）（空白卷）.pdf,papers/2020/语文/全国/新课标全国II卷/2020_语文_黑龙江_新课标全国II卷_原卷.pdf,2
2020,语文,江苏,老高考,2021,地方/区域卷,local,江苏卷,present_local,H:\New folder\【新·PDF版】2008-2024·高考语文真题\版本2：语文（按省份分类）2008-2024\2008-2024·（江苏）语文高考真题\2020年高考语文试卷（江苏）（空白卷）   .pdf,papers/2020/语文/江苏/江苏卷/2020_语文_江苏_江苏卷_原卷.pdf,2
2020,语文,安徽,老高考,2024,地方/区域卷,local,江苏卷,present_local,H:\New folder\【新·PDF版】2008-2024·高考语文真题\版本2：语文（按省份分类）2008-2024\2012-2024·（安徽）语文高考真题\2020年高考语文试卷（江苏）（解析卷）   .pdf,papers/2020/语文/安徽/江苏卷/2020_语文_安徽_江苏卷_原卷.pdf,3
2020,语文,福建,老高考,2021,全国卷,common,新课标全国III卷,present_common,H:\New folder\【新·PDF版】2008-2024·高考语文真题\版本2：语文（按省份分类）2008-2024\2012-2024·（福建）语文高考真题\2020年高考语文试卷（新课标Ⅲ卷）（解析.pdf,papers/2020/语文/全国/新课标全国III卷/2020_语文_福建_新课标全国III卷_原卷.pdf,2
2020,语文,江西,老高考,2024,全国卷,common,新课标全国I卷,present_common,H:\New folder\【新·PDF版】2008-2024·高考语文真题\版本2：语文（按省份分类）2008-2024\2012-2024·（江西）语文高考真题\2020年高考语文试卷（新课标Ⅰ卷）（空白卷）.pdf,papers/2020/语文/全国/新课标全国I卷/2020_语文_江西_新课标全国I卷_原卷.pdf,2
2020,语文,河南,老高考,2025,全国卷,common,新课标全国I卷,present_common,H:\New folder\【新·PDF版】2008-2024·高考语文真题\版本2：语文（按省份分类）2008-2024\2008-2024·（河南）语文高考真题\2020年高考语文试卷（新课标Ⅰ卷）（空白卷）.pdf,papers/2020/语文/全国/新课标全国I卷/2020_语文_河南_新课标全国I卷_原卷.pdf,2
2020,语文,湖北,老高考,2021,全国卷,common,新课标全国I卷,present_common,H:\New folder\【新·PDF版】2008-2024·高考语文真题\版本2：语文（按省份分类）2008-2024\2012-2024·（湖北）语文高考真题\2020年高考语文试卷（新课标Ⅰ卷）（解析卷）.pdf,papers/2020/语文/全国/新课标全国I卷/2020_语文_湖北_新课标全国I卷_原卷.pdf,1
2020,语文,湖南,老高考,2021,全国卷,common,新课标全国I卷,present_common,H:\New folder\【新·PDF版】2008-2024·高考语文真题\版本2：语文（按省份分类）2008-2024\2008-2024·（湖南）语文高考真题\2020年高考语文试卷（新课标Ⅰ卷）（空白卷）.pdf,papers/2020/语文/全国/新课标全国I卷/2020_语文_湖南_新课标全国I卷_原卷.pdf,2
2020,语文,广东,老高考,2021,全国卷,common,新课标全国I卷,present_common,H:\New folder\【新·PDF版】2008-2024·高考语文真题\版本2：语文（按省份分类）2008-2024\2008-2024·（广东）语文高考真题\2020年高考语文试卷（新课标Ⅰ卷）（空白卷）.pdf,papers/2020/语文/全国/新课标全国I卷/2020_语文_广东_新课标全国I卷_原卷.pdf,2
2020,语文,广西,老高考,2024,全国卷,common,新课标全国III卷,present_common,H:\New folder\【新·PDF版】2008-2024·高考语文真题\版本2：语文（按省份分类）2008-2024\2008-2024·（广西）语文高考真题\2020年高考语文试卷（新课标Ⅲ卷）（空白卷）.pdf,papers/2020/语文/全国/新课标全国III卷/2020_语文_广西_新课标全国III卷_原卷.pdf,2
2020,语文,重庆,老高考,2021,全国卷,common,新课标全国II卷,present_common,H:\New folder\【新·PDF版】2008-2024·高考语文真题\版本2：语文（按省份分类）2008-2024\2012-2024·（重庆）语文高考真题\2020年高考语文试卷（新课标Ⅱ卷）（空白卷）.pdf,papers/2020/语文/全国/新课标全国II卷/2020_语文_重庆_新课标全国II卷_原卷.pdf,2
2020,语文,四川,老高考,2025,全国卷,common,新课标全国III卷,present_common,H:\New folder\【新·PDF版】2008-2024·高考语文真题\版本2：语文（按省份分类）2008-2024\2008-2024·（四川）语文高考真题\2020年高考语文试卷（新课标Ⅲ卷）（空白卷）.pdf,papers/2020/语文/全国/新课标全国III卷/2020_语文_四川_新课标全国III卷_原卷.pdf,2
2020,语文,贵州,老高考,2024,全国卷,common,新课标全国III卷,present_common,H:\New folder\【新·PDF版】2008-2024·高考语文真题\版本2：语文（按省份分类）2008-2024\2008-2024·（贵州）语文高考真题\2020年高考语文试卷（新课标Ⅲ卷）（空白卷）.pdf,papers/2020/语文/全国/新课标全国III卷/2020_语文_贵州_新课标全国III卷_原卷.pdf,2
2020,语文,云南,老高考,2025,全国卷,common,新课标全国III卷,present_common,H:\New folder\【新·PDF版】2008-2024·高考语文真题\版本2：语文（按省份分类）2008-2024\2008-2024·（云南）语文高考真题\2020年高考语文试卷（新课标Ⅲ卷）（空白卷）.pdf,papers/2020/语文/全国/新课标全国III卷/2020_语文_云南_新课标全国III卷_原卷.pdf,2
2020,语文,西藏,老高考,,全国卷,common,新课标全国III卷,present_common,H:\New folder\【新·PDF版】2008-2024·高考语文真题\版本2：语文（按省份分类）2008-2024\2008-2024·（西藏）语文高考真题\2020年高考语文试卷（新课标Ⅲ卷）（空白卷）.pdf,papers/2020/语文/全国/新课标全国III卷/2020_语文_西藏_新课标全国III卷_原卷.pdf,3
2020,语文,陕西,老高考,2025,全国卷,common,新课标全国II卷,present_common,H:\New folder\【新·PDF版】2008-2024·高考语文真题\版本2：语文（按省份分类）2008-2024\2008-2024·（陕西）语文高考真题\2020年高考语文试卷（新课标Ⅱ卷）（空白卷）(1).pdf,papers/2020/语文/全国/新课标全国II卷/2020_语文_陕西_新课标全国II卷_原卷.pdf,3
2020,语文,甘肃,老高考,2024,全国卷,common,新课标全国II卷,present_common,H:\New folder\【新·PDF版】2008-2024·高考语文真题\版本2：语文（按省份分类）2008-2024\2008-2024·（甘肃）语文高考真题\2020年高考语文试卷（新课标Ⅱ卷）（空白卷）.pdf,papers/2020/语文/全国/新课标全国II卷/2020_语文_甘肃_新课标全国II卷_原卷.pdf,2
2020,语文,青海,老高考,2025,全国卷,common,新课标全国II卷,present_common,H:\New folder\【新·PDF版】2008-2024·高考语文真题\版本2：语文（按省份分类）2008-2024\2008-2024·（青海）语文高考真题\2020年高考语文试卷（新课标Ⅱ卷）（空白卷）.pdf,papers/2020/语文/全国/新课标全国II卷/2020_语文_青海_新课标全国II卷_原卷.pdf,2
2020,语文,宁夏,老高考,2025,全国卷,common,新课标全国II卷,present_common,H:\New folder\【新·PDF版】2008-2024·高考语文真题\版本2：语文（按省份分类）2008-2024\2008-2024·（宁夏）语文高考真题\2020年高考语文试卷（新课标Ⅱ卷）（空白卷）.pdf,papers/2020/语文/全国/新课标全国II卷/2020_语文_宁夏_新课标全国II卷_原卷.pdf,2
2020,语文,新疆,老高考,,全国卷,common,新课标全国II卷,present_common,H:\New folder\【新·PDF版】2008-2024·高考语文真题\版本2：语文（按省份分类）2008-2024\2008-2024·（新疆）语文高考真题\2020年高考语文试卷（新课标Ⅱ卷）（空白卷）.pdf,papers/2020/语文/全国/新课标全国II卷/2020_语文_新疆_新课标全国II卷_原卷.pdf,2
2020,数学,河北,老高考,2021,全国卷,common,新课标全国I卷,present_common,H:\New folder\【新】2008-2024·高考数学真题\【PDF版】2008-2024·高考数学真题\版本2：数学（按省份分类）2008-2024\2008-2024·（河北）数学高考真题\2020年高考数学试卷（文）（新课标Ⅰ）（空白卷）.pdf,papers/2020/数学/全国/新课标全国I卷/2020_数学_河北_新课标全国I卷_原卷.pdf,4
2020,数学,山西,老高考,2025,全国卷,common,新课标全国I卷,present_common,H:\New folder\【新】2008-2024·高考数学真题\【PDF版】2008-2024·高考数学真题\版本2：数学（按省份分类）2008-2024\2008-2024·（山西）数学高考真题\2020年高考数学试卷（文）（新课标Ⅰ）（空白卷）.pdf,papers/2020/数学/全国/新课标全国I卷/2020_数学_山西_新课标全国I卷_原卷.pdf,4
2020,数学,内蒙古,老高考,2025,全国卷,common,新课标全国II卷,present_common,H:\New folder\【新】2008-2024·高考数学真题\【PDF版】2008-2024·高考数学真题\版本2：数学（按省份分类）2008-2024\2008-2024·（内蒙古）数学高考真题\2020年高考数学试卷（文）（新课标Ⅱ）（空白卷）.pdf,papers/2020/数学/全国/新课标全国II卷/2020_数学_内蒙古_新课标全国II卷_原卷.pdf,4
2020,数学,辽宁,老高考,2021,全国卷,common,新课标全国II卷,present_common,H:\New folder\【新】2008-2024·高考数学真题\【PDF版】2008-2024·高考数学真题\版本2：数学（按省份分类）2008-2024\2008-2024·（辽宁）数学高考真题\2020年高考数学试卷（文）（新课标Ⅱ）（空白卷）.pdf,papers/2020/数学/全国/新课标全国II卷/2020_数学_辽宁_新课标全国II卷_原卷.pdf,4
2020,数学,吉林,老高考,2024,全国卷,common,新课标全国II卷,present_common,H:\New folder\【新】2008-2024·高考数学真题\【PDF版】2008-2024·高考数学真题\版本2：数学（按省份分类）2008-2024\2008-2024·（吉林）数学高考真题\2020年高考数学试卷（文）（新课标Ⅱ）（空白卷）.pdf,papers/2020/数学/全国/新课标全国II卷/2020_数学_吉林_新课标全国II卷_原卷.pdf,4
2020,数学,黑龙江,老高考,2024,全国卷,common,新课标全国II卷,present_common,H:\New folder\【新】2008-2024·高考数学真题\【PDF版】2008-2024·高考数学真题\版本2：数学（按省份分类）2008-2024\2008-2024·（黑龙江）数学高考真题\2020年高考数学试卷（文）（新课标Ⅱ）（空白卷）.pdf,papers/2020/数学/全国/新课标全国II卷/2020_数学_黑龙江_新课标全国II卷_原卷.pdf,4
2020,数学,江苏,老高考,2021,地方/区域卷,local,江苏卷,present_local,H:\New folder\【新】2008-2024·高考数学真题\【PDF版】2008-2024·高考数学真题\版本2：数学（按省份分类）2008-2024\2008-2024·（江苏）数学高考真题\2020年高考数学试卷（江苏）（空白卷）.pdf,papers/2020/数学/江苏/江苏卷/2020_数学_江苏_江苏卷_原卷.pdf,2
2020,数学,安徽,老高考,2024,全国卷,common,新课标全国I卷,present_common,H:\New folder\【新】2008-2024·高考数学真题\【PDF版】2008-2024·高考数学真题\版本2：数学（按省份分类）2008-2024\2012-2024·（安徽）数学高考真题\2020年高考数学试卷（文）（新课标Ⅰ）（空白卷）.pdf,papers/2020/数学/全国/新课标全国I卷/2020_数学_安徽_新课标全国I卷_原卷.pdf,4
2020,数学,福建,老高考,2021,全国卷,common,新课标全国I卷,present_common,H:\New folder\【新】2008-2024·高考数学真题\【PDF版】2008-2024·高考数学真题\版本2：数学（按省份分类）2008-2024\2012-2024·（福建）数学高考真题\2020年高考数学试卷（文）（新课标Ⅰ）（空白卷）.pdf,papers/2020/数学/全国/新课标全国I卷/2020_数学_福建_新课标全国I卷_原卷.pdf,4
2020,数学,江西,老高考,2024,全国卷,common,新课标全国I卷,present_common,H:\New folder\【新】2008-2024·高考数学真题\【PDF版】2008-2024·高考数学真题\版本2：数学（按省份分类）2008-2024\2008-2024·（江西）数学高考真题\2020年高考数学试卷（文）（新课标Ⅰ）（空白卷）.pdf,papers/2020/数学/全国/新课标全国I卷/2020_数学_江西_新课标全国I卷_原卷.pdf,4
2020,数学,河南,老高考,2025,全国卷,common,新课标全国I卷,present_common,H:\New folder\【新】2008-2024·高考数学真题\【PDF版】2008-2024·高考数学真题\版本2：数学（按省份分类）2008-2024\2008-2024·（河南）数学高考真题\2020年高考数学试卷（文）（新课标Ⅰ）（空白卷）.pdf,papers/2020/数学/全国/新课标全国I卷/2020_数学_河南_新课标全国I卷_原卷.pdf,4
2020,数学,湖北,老高考,2021,全国卷,common,新课标全国I卷,present_common,H:\New folder\【新】2008-2024·高考数学真题\【PDF版】2008-2024·高考数学真题\版本2：数学（按省份分类）2008-2024\2012-2024·（湖北）数学高考真题\2020年高考数学试卷（文）（新课标Ⅰ）（空白卷）.pdf,papers/2020/数学/全国/新课标全国I卷/2020_数学_湖北_新课标全国I卷_原卷.pdf,4
2020,数学,湖南,老高考,2021,全国卷,common,新课标全国I卷,present_common,H:\New folder\【新】2008-2024·高考数学真题\【PDF版】2008-2024·高考数学真题\版本2：数学（按省份分类）2008-2024\2008-2024·（湖南）数学高考真题\2020年高考数学试卷（文）（新课标Ⅰ）（空白卷）.pdf,papers/2020/数学/全国/新课标全国I卷/2020_数学_湖南_新课标全国I卷_原卷.pdf,4
2020,数学,广东,老高考,2021,全国卷,common,新课标全国I卷,present_common,H:\New folder\【新】2008-2024·高考数学真题\【PDF版】2008-2024·高考数学真题\版本2：数学（按省份分类）2008-2024\2008-2024·（广东）数学高考真题\2020年高考数学试卷（文）（新课标Ⅰ）（空白卷）.pdf,papers/2020/数学/全国/新课标全国I卷/2020_数学_广东_新课标全国I卷_原卷.pdf,4
2020,数学,广西,老高考,2024,全国卷,common,新课标全国III卷,present_common,H:\New folder\【新】2008-2024·高考数学真题\【PDF版】2008-2024·高考数学真题\版本2：数学（按省份分类）2008-2024\2008-2024·（广西）数学高考真题\2020年高考数学试卷（文）（新课标Ⅲ）（空白卷）.pdf,papers/2020/数学/全国/新课标全国III卷/2020_数学_广西_新课标全国III卷_原卷.pdf,4
2020,数学,重庆,老高考,2021,全国卷,common,新课标全国II卷,present_common,H:\New folder\【新】2008-2024·高考数学真题\【PDF版】2008-2024·高考数学真题\版本2：数学（按省份分类）2008-2024\2012-2024·（重庆）数学高考真题\2020年高考数学试卷（文）（新课标Ⅱ）（空白卷）.pdf,papers/2020/数学/全国/新课标全国II卷/2020_数学_重庆_新课标全国II卷_原卷.pdf,4
2020,数学,四川,老高考,2025,全国卷,common,新课标全国III卷,present_common,H:\New folder\【新】2008-2024·高考数学真题\【PDF版】2008-2024·高考数学真题\版本2：数学（按省份分类）2008-2024\2008-2024·（四川）数学高考真题\2020年高考数学试卷（文）（新课标Ⅲ）（空白卷）.pdf,papers/2020/数学/全国/新课标全国III卷/2020_数学_四川_新课标全国III卷_原卷.pdf,4
2020,数学,贵州,老高考,2024,全国卷,common,新课标全国III卷,present_common,H:\New folder\【新】2008-2024·高考数学真题\【PDF版】2008-2024·高考数学真题\版本2：数学（按省份分类）2008-2024\2008-2024·（贵州）数学高考真题\2020年高考数学试卷（文）（新课标Ⅲ）（空白卷）.pdf,papers/2020/数学/全国/新课标全国III卷/2020_数学_贵州_新课标全国III卷_原卷.pdf,4
2020,数学,云南,老高考,2025,全国卷,common,新课标全国III卷,present_common,H:\New folder\【新】2008-2024·高考数学真题\【PDF版】2008-2024·高考数学真题\版本2：数学（按省份分类）2008-2024\2008-2024·（云南）数学高考真题\2020年高考数学试卷（文）（新课标Ⅲ）（空白卷）.pdf,papers/2020/数学/全国/新课标全国III卷/2020_数学_云南_新课标全国III卷_原卷.pdf,4
2020,数学,西藏,老高考,,全国卷,common,新课标全国III卷,present_common,H:\New folder\【新】2008-2024·高考数学真题\【PDF版】2008-2024·高考数学真题\版本2：数学（按省份分类）2008-2024\2008-2024·（西藏）数学高考真题\2020年高考数学试卷（文）（新课标Ⅲ）（空白卷）.pdf,papers/2020/数学/全国/新课标全国III卷/2020_数学_西藏_新课标全国III卷_原卷.pdf,4
2020,数学,陕西,老高考,2025,全国卷,common,新课标全国II卷,present_common,H:\New folder\【新】2008-2024·高考数学真题\【PDF版】2008-2024·高考数学真题\版本2：数学（按省份分类）2008-2024\2008-2024·（陕西）数学高考真题\2020年高考数学试卷（文）（新课标Ⅱ）（空白卷）.pdf,papers/2020/数学/全国/新课标全国II卷/2020_数学_陕西_新课标全国II卷_原卷.pdf,4
2020,数学,甘肃,老高考,2024,全国卷,common,新课标全国II卷,present_common,H:\New folder\【新】2008-2024·高考数学真题\【PDF版】2008-2024·高考数学真题\版本2：数学（按省份分类）2008-2024\2008-2024·（甘肃）数学高考真题\2020年高考数学试卷（文）（新课标Ⅱ）（空白卷）.pdf,papers/2020/数学/全国/新课标全国II卷/2020_数学_甘肃_新课标全国II卷_原卷.pdf,4
2020,数学,青海,老高考,2025,全国卷,common,新课标全国II卷,present_common,H:\New folder\【新】2008-2024·高考数学真题\【PDF版】2008-2024·高考数学真题\版本2：数学（按省份分类）2008-2024\2008-2024·（青海）数学高考真题\2020年高考数学试卷（文）（新课标Ⅱ）（空白卷）.pdf,papers/2020/数学/全国/新课标全国II卷/2020_数学_青海_新课标全国II卷_原卷.pdf,4
2020,数学,宁夏,老高考,2025,全国卷,common,新课标全国II卷,present_common,H:\New folder\【新】2008-2024·高考数学真题\【PDF版】2008-2024·高考数学真题\版本2：数学（按省份分类）2008-2024\2008-2024·（宁夏）数学高考真题\2020年高考数学试卷（文）（新课标Ⅱ）（空白卷）.pdf,papers/2020/数学/全国/新课标全国II卷/2020_数学_宁夏_新课标全国II卷_原卷.pdf,4
2020,数学,新疆,老高考,,全国卷,common,新课标全国II卷,present_common,H:\New folder\【新】2008-2024·高考数学真题\【PDF版】2008-2024·高考数学真题\版本2：数学（按省份分类）2008-2024\2008-2024·（新疆）数学高考真题\2020年高考数学试卷（文）（新课标Ⅱ）（空白卷）.pdf,papers/2020/数学/全国/新课标全国II卷/2020_数学_新疆_新课标全国II卷_原卷.pdf,4
2020,英语,河北,老高考,2021,全国卷,common,新课标全国I卷,present_common,H:\New folder\【新·PDF版】2008-2024·高考英语真题\版本2：英语（按省份分类）2008-2024\2008-2024·（河北）英语高考真题\2020年高考英语试卷（新课标Ⅰ卷）（版本一）听力音频.mp3,papers/2020/英语/全国/新课标全国I卷/2020_英语_河北_新课标全国I卷_原卷.mp3,4
2020,英语,山西,老高考,2025,全国卷,common,新课标全国I卷,present_common,H:\New folder\【新·PDF版】2008-2024·高考英语真题\版本2：英语（按省份分类）2008-2024\2008-2024·（山西）英语高考真题\2020年高考英语试卷（新课标Ⅰ卷）（版本一）听力音频.mp3,papers/2020/英语/全国/新课标全国I卷/2020_英语_山西_新课标全国I卷_原卷.mp3,4
2020,英语,内蒙古,老高考,2025,全国卷,common,新课标全国II卷,present_common,H:\New folder\【新·PDF版】2008-2024·高考英语真题\版本2：英语（按省份分类）2008-2024\2008-2024·（内蒙古）英语高考真题\2020年高考英语试卷（新课标Ⅱ卷）听力音频.mp3,papers/2020/英语/全国/新课标全国II卷/2020_英语_内蒙古_新课标全国II卷_原卷.mp3,3
2020,英语,辽宁,老高考,2021,全国卷,common,新课标全国II卷,present_common,H:\New folder\【新·PDF版】2008-2024·高考英语真题\版本2：英语（按省份分类）2008-2024\2012-2024·（辽宁）英语高考真题\2020年高考英语试卷（新课标Ⅱ卷）听力音频.mp3,papers/2020/英语/全国/新课标全国II卷/2020_英语_辽宁_新课标全国II卷_原卷.mp3,3
2020,英语,吉林,老高考,2024,全国卷,common,新课标全国II卷,present_common,H:\New folder\【新·PDF版】2008-2024·高考英语真题\版本2：英语（按省份分类）2008-2024\2008-2024·（吉林）英语高考真题\2020年高考英语试卷（新课标Ⅱ卷）听力音频.mp3,papers/2020/英语/全国/新课标全国II卷/2020_英语_吉林_新课标全国II卷_原卷.mp3,3
2020,英语,黑龙江,老高考,2024,全国卷,common,新课标全国II卷,present_common,H:\New folder\【新·PDF版】2008-2024·高考英语真题\版本2：英语（按省份分类）2008-2024\2008-2024·（黑龙江）英语高考真题\2020年高考英语试卷（新课标Ⅱ卷）听力音频.mp3,papers/2020/英语/全国/新课标全国II卷/2020_英语_黑龙江_新课标全国II卷_原卷.mp3,3
2020,英语,江苏,老高考,2021,地方/区域卷,local,江苏卷,present_local,H:\New folder\【新·PDF版】2008-2024·高考英语真题\版本2：英语（按省份分类）2008-2024\2008-2024·（江苏）英语高考真题\2020年高考英语试卷（江苏）听力音频.mp3,papers/2020/英语/江苏/江苏卷/2020_英语_江苏_江苏卷_原卷.mp3,3
2020,英语,安徽,老高考,2024,全国卷,common,新课标全国I卷,present_common,H:\New folder\【新·PDF版】2008-2024·高考英语真题\版本2：英语（按省份分类）2008-2024\2012-2024·（安徽）英语高考真题\2020年高考英语试卷（新课标Ⅰ卷）（版本一）听力音频.mp3,papers/2020/英语/全国/新课标全国I卷/2020_英语_安徽_新课标全国I卷_原卷.mp3,4
2020,英语,福建,老高考,2021,全国卷,common,新课标全国I卷,present_common,H:\New folder\【新·PDF版】2008-2024·高考英语真题\版本2：英语（按省份分类）2008-2024\2012-2024·（福建）英语高考真题\2020年高考英语试卷（新课标Ⅰ卷）（版本一）听力音频.mp3,papers/2020/英语/全国/新课标全国I卷/2020_英语_福建_新课标全国I卷_原卷.mp3,4
2020,英语,江西,老高考,2024,全国卷,common,新课标全国I卷,present_common,H:\New folder\【新·PDF版】2008-2024·高考英语真题\版本2：英语（按省份分类）2008-2024\2012-2024·（江西）英语高考真题\2020年高考英语试卷（新课标Ⅰ卷）（版本一）听力音频.mp3,papers/2020/英语/全国/新课标全国I卷/2020_英语_江西_新课标全国I卷_原卷.mp3,4
2020,英语,河南,老高考,2025,全国卷,common,新课标全国I卷,present_common,H:\New folder\【新·PDF版】2008-2024·高考英语真题\版本2：英语（按省份分类）2008-2024\2008-2024·（河南）英语高考真题\2020年高考英语试卷（新课标Ⅰ卷）（版本一）听力音频.mp3,papers/2020/英语/全国/新课标全国I卷/2020_英语_河南_新课标全国I卷_原卷.mp3,4
2020,英语,湖北,老高考,2021,全国卷,common,新课标全国I卷,present_common,H:\New folder\【新·PDF版】2008-2024·高考英语真题\版本2：英语（按省份分类）2008-2024\2012-2024·（湖北）英语高考真题\2020年高考英语试卷（新课标Ⅰ卷）（版本一）听力音频.mp3,papers/2020/英语/全国/新课标全国I卷/2020_英语_湖北_新课标全国I卷_原卷.mp3,4
2020,英语,湖南,老高考,2021,全国卷,common,新课标全国I卷,present_common,H:\New folder\【新·PDF版】2008-2024·高考英语真题\版本2：英语（按省份分类）2008-2024\2008-2024·（湖南）英语高考真题\2020年高考英语试卷（新课标Ⅰ卷）（版本一）听力音频.mp3,papers/2020/英语/全国/新课标全国I卷/2020_英语_湖南_新课标全国I卷_原卷.mp3,4
2020,英语,广东,老高考,2021,全国卷,common,新课标全国I卷,present_common,H:\New folder\【新·PDF版】2008-2024·高考英语真题\版本2：英语（按省份分类）2008-2024\2008-2024·（广东）英语高考真题\2020年高考英语试卷（新课标Ⅰ卷）（版本一）听力音频.mp3,papers/2020/英语/全国/新课标全国I卷/2020_英语_广东_新课标全国I卷_原卷.mp3,4
2020,英语,广西,老高考,2024,全国卷,common,新课标全国III卷,present_common,H:\New folder\【新·PDF版】2008-2024·高考英语真题\版本2：英语（按省份分类）2008-2024\2008-2024·（广西）英语高考真题\2020年高考英语试卷（新课标Ⅲ卷）听力音频.mp3,papers/2020/英语/全国/新课标全国III卷/2020_英语_广西_新课标全国III卷_原卷.mp3,3
2020,英语,重庆,老高考,2021,全国卷,common,新课标全国II卷,present_common,H:\New folder\【新·PDF版】2008-2024·高考英语真题\版本2：英语（按省份分类）2008-2024\2012-2024·（重庆）英语高考真题\2020年高考英语试卷（新课标Ⅱ卷）听力音频.mp3,papers/2020/英语/全国/新课标全国II卷/2020_英语_重庆_新课标全国II卷_原卷.mp3,3
2020,英语,四川,老高考,2025,全国卷,common,新课标全国III卷,present_common,H:\New folder\【新·PDF版】2008-2024·高考英语真题\版本2：英语（按省份分类）2008-2024\2008-2024·（四川）英语高考真题\2020年高考英语试卷（新课标Ⅲ卷）听力音频.mp3,papers/2020/英语/全国/新课标全国III卷/2020_英语_四川_新课标全国III卷_原卷.mp3,3
2020,英语,贵州,老高考,2024,全国卷,common,新课标全国III卷,present_common,H:\New folder\【新·PDF版】2008-2024·高考英语真题\版本2：英语（按省份分类）2008-2024\2008-2024·（贵州）英语高考真题\2020年高考英语试卷（新课标Ⅲ卷）听力音频.mp3,papers/2020/英语/全国/新课标全国III卷/2020_英语_贵州_新课标全国III卷_原卷.mp3,3
2020,英语,云南,老高考,2025,全国卷,common,新课标全国III卷,present_common,H:\New folder\【新·PDF版】2008-2024·高考英语真题\版本2：英语（按省份分类）2008-2024\2008-2024·（云南）英语高考真题\2020年高考英语试卷（新课标Ⅲ卷）听力音频.mp3,papers/2020/英语/全国/新课标全国III卷/2020_英语_云南_新课标全国III卷_原卷.mp3,3
2020,英语,西藏,老高考,,全国卷,common,新课标全国III卷,present_common,H:\New folder\【新·PDF版】2008-2024·高考英语真题\版本2：英语（按省份分类）2008-2024\2008-2024·（西藏）英语高考真题\2020年高考英语试卷（新课标Ⅲ卷）听力音频.mp3,papers/2020/英语/全国/新课标全国III卷/2020_英语_西藏_新课标全国III卷_原卷.mp3,3
2020,英语,陕西,老高考,2025,全国卷,common,新课标全国II卷,present_common,H:\New folder\【新·PDF版】2008-2024·高考英语真题\版本2：英语（按省份分类）2008-2024\2008-2024·（陕西）英语高考真题\2020年高考英语试卷（新课标Ⅱ卷）听力音频.mp3,papers/2020/英语/全国/新课标全国II卷/2020_英语_陕西_新课标全国II卷_原卷.mp3,3
2020,英语,甘肃,老高考,2024,全国卷,common,新课标全国II卷,present_common,H:\New folder\【新·PDF版】2008-2024·高考英语真题\版本2：英语（按省份分类）2008-2024\2008-2024·（甘肃）英语高考真题\2020年高考英语试卷（新课标Ⅱ卷）听力音频.mp3,papers/2020/英语/全国/新课标全国II卷/2020_英语_甘肃_新课标全国II卷_原卷.mp3,3
2020,英语,青海,老高考,2025,全国卷,common,新课标全国II卷,present_common,H:\New folder\【新·PDF版】2008-2024·高考英语真题\版本2：英语（按省份分类）2008-2024\2008-2024·（青海）英语高考真题\2020年高考英语试卷（新课标Ⅱ卷）听力音频.mp3,papers/2020/英语/全国/新课标全国II卷/2020_英语_青海_新课标全国II卷_原卷.mp3,3
2020,英语,宁夏,老高考,2025,全国卷,common,新课标全国II卷,present_common,H:\New folder\【新·PDF版】2008-2024·高考英语真题\版本2：英语（按省份分类）2008-2024\2008-2024·（宁夏）英语高考真题\2020年高考英语试卷（新课标Ⅱ卷）听力音频.mp3,papers/2020/英语/全国/新课标全国II卷/2020_英语_宁夏_新课标全国II卷_原卷.mp3,3
2020,英语,新疆,老高考,,全国卷,common,新课标全国II卷,present_common,H:\New folder\【新·PDF版】2008-2024·高考英语真题\版本2：英语（按省份分类）2008-2024\2008-2024·（新疆）英语高考真题\2020年高考英语试卷（新课标Ⅱ卷）听力音频.mp3,papers/2020/英语/全国/新课标全国II卷/2020_英语_新疆_新课标全国II卷_原卷.mp3,3
2020,物理,河北,老高考,2021,全国卷,common,新课标全国I卷,present_common,H:\New folder\【新·PDF版】2008-2024·高考物理真题\版本2：物理（按省份分类）2008-2024\2008-2024·（河北）物理高考真题\2020年高考物理试卷（新课标Ⅰ）（空白卷）.pdf,papers/2020/物理/全国/新课标全国I卷/2020_物理_河北_新课标全国I卷_原卷.pdf,2
2020,物理,山西,老高考,2025,全国卷,common,新课标全国I卷,present_common,H:\New folder\【新·PDF版】2008-2024·高考物理真题\版本2：物理（按省份分类）2008-2024\2008-2024·（山西）物理高考真题\2020年高考物理试卷（新课标Ⅰ）（空白卷）.pdf,papers/2020/物理/全国/新课标全国I卷/2020_物理_山西_新课标全国I卷_原卷.pdf,2
2020,物理,内蒙古,老高考,2025,全国卷,common,新课标全国II卷,present_common,H:\New folder\【新·PDF版】2008-2024·高考物理真题\版本2：物理（按省份分类）2008-2024\2008-2024·（内蒙古）物理高考真题\2020年高考物理试卷（新课标Ⅱ）（空白卷）.pdf,papers/2020/物理/全国/新课标全国II卷/2020_物理_内蒙古_新课标全国II卷_原卷.pdf,2
2020,物理,辽宁,老高考,2021,全国卷,common,新课标全国II卷,present_common,H:\New folder\【新·PDF版】2008-2024·高考物理真题\版本2：物理（按省份分类）2008-2024\2010-2024·（辽宁）物理高考真题\2020年高考物理试卷（新课标Ⅱ）（空白卷）.pdf,papers/2020/物理/全国/新课标全国II卷/2020_物理_辽宁_新课标全国II卷_原卷.pdf,2
2020,物理,吉林,老高考,2024,全国卷,common,新课标全国II卷,present_common,H:\New folder\【新·PDF版】2008-2024·高考物理真题\版本2：物理（按省份分类）2008-2024\2008-2024·（吉林）物理高考真题\2020年高考物理试卷（新课标Ⅱ）（空白卷）.pdf,papers/2020/物理/全国/新课标全国II卷/2020_物理_吉林_新课标全国II卷_原卷.pdf,2
2020,物理,黑龙江,老高考,2024,全国卷,common,新课标全国II卷,present_common,H:\New folder\【新·PDF版】2008-2024·高考物理真题\版本2：物理（按省份分类）2008-2024\2008-2024·（黑龙江）物理高考真题\2020年高考物理试卷（新课标Ⅱ）（空白卷）.pdf,papers/2020/物理/全国/新课标全国II卷/2020_物理_黑龙江_新课标全国II卷_原卷.pdf,2
2020,物理,江苏,老高考,2021,地方/区域卷,local,江苏卷,present_local,H:\New folder\【新·PDF版】2008-2024·高考物理真题\版本2：物理（按省份分类）2008-2024\2008-2024·（江苏）物理高考真题\2020年高考物理试卷（江苏）（空白卷）.pdf,papers/2020/物理/江苏/江苏卷/2020_物理_江苏_江苏卷_原卷.pdf,2
2020,物理,安徽,老高考,2024,全国卷,common,新课标全国I卷,present_common,H:\New folder\【新·PDF版】2008-2024·高考物理真题\版本2：物理（按省份分类）2008-2024\2012-2024·（安徽）物理高考真题\2020年高考物理试卷（新课标Ⅰ）（空白卷）.pdf,papers/2020/物理/全国/新课标全国I卷/2020_物理_安徽_新课标全国I卷_原卷.pdf,2
2020,物理,福建,老高考,2021,全国卷,common,新课标全国I卷,present_common,H:\New folder\【新·PDF版】2008-2024·高考物理真题\版本2：物理（按省份分类）2008-2024\2012-2023·（福建）物理高考真题\2020年高考物理试卷（新课标Ⅰ）（空白卷）.pdf,papers/2020/物理/全国/新课标全国I卷/2020_物理_福建_新课标全国I卷_原卷.pdf,2
2020,物理,江西,老高考,2024,全国卷,common,新课标全国I卷,present_common,H:\New folder\【新·PDF版】2008-2024·高考物理真题\版本2：物理（按省份分类）2008-2024\2008-2024·（江西）物理高考真题\2020年高考物理试卷（新课标Ⅰ）（空白卷）.pdf,papers/2020/物理/全国/新课标全国I卷/2020_物理_江西_新课标全国I卷_原卷.pdf,2
2020,物理,河南,老高考,2025,全国卷,common,新课标全国I卷,present_common,H:\New folder\【新·PDF版】2008-2024·高考物理真题\版本2：物理（按省份分类）2008-2024\2008-2024·（河南）物理高考真题\2020年高考物理试卷（新课标Ⅰ）（空白卷）.pdf,papers/2020/物理/全国/新课标全国I卷/2020_物理_河南_新课标全国I卷_原卷.pdf,2
2020,物理,湖北,老高考,2021,全国卷,common,新课标全国I卷,present_common,H:\New folder\【新·PDF版】2008-2024·高考物理真题\版本2：物理（按省份分类）2008-2024\2008-2024·（湖北）物理高考真题\2020年高考物理试卷（新课标Ⅰ）（空白卷）.pdf,papers/2020/物理/全国/新课标全国I卷/2020_物理_湖北_新课标全国I卷_原卷.pdf,2
2020,物理,湖南,老高考,2021,全国卷,common,新课标全国I卷,present_common,H:\New folder\【新·PDF版】2008-2024·高考物理真题\版本2：物理（按省份分类）2008-2024\2008-2024·（湖南）物理高考真题\2020年高考物理试卷（新课标Ⅰ）（空白卷）.pdf,papers/2020/物理/全国/新课标全国I卷/2020_物理_湖南_新课标全国I卷_原卷.pdf,2
2020,物理,广东,老高考,2021,全国卷,common,新课标全国I卷,present_common,H:\New folder\【新·PDF版】2008-2024·高考物理真题\版本2：物理（按省份分类）2008-2024\2008-2024·（广东）物理高考真题\2020年高考物理试卷（新课标Ⅰ）（空白卷）.pdf,papers/2020/物理/全国/新课标全国I卷/2020_物理_广东_新课标全国I卷_原卷.pdf,2
2020,物理,广西,老高考,2024,全国卷,common,新课标全国III卷,present_common,H:\New folder\【新·PDF版】2008-2024·高考物理真题\版本2：物理（按省份分类）2008-2024\2008-2024·（广西）物理高考真题\2020年高考物理试卷（新课标Ⅲ）（空白卷）.pdf,papers/2020/物理/全国/新课标全国III卷/2020_物理_广西_新课标全国III卷_原卷.pdf,2
2020,物理,重庆,老高考,2021,全国卷,common,新课标全国II卷,present_common,H:\New folder\【新·PDF版】2008-2024·高考物理真题\版本2：物理（按省份分类）2008-2024\2012-2023·（重庆）物理高考真题\2020年高考物理试卷（新课标Ⅱ）（空白卷）.pdf,papers/2020/物理/全国/新课标全国II卷/2020_物理_重庆_新课标全国II卷_原卷.pdf,2
2020,物理,四川,老高考,2025,全国卷,common,新课标全国III卷,present_common,H:\New folder\【新·PDF版】2008-2024·高考物理真题\版本2：物理（按省份分类）2008-2024\2008-2024·（四川）物理高考真题\2020年高考物理试卷（新课标Ⅲ）（空白卷）.pdf,papers/2020/物理/全国/新课标全国III卷/2020_物理_四川_新课标全国III卷_原卷.pdf,2
2020,物理,贵州,老高考,2024,全国卷,common,新课标全国III卷,present_common,H:\New folder\【新·PDF版】2008-2024·高考物理真题\版本2：物理（按省份分类）2008-2024\2008-2023·（贵州）物理高考真题\2020年高考物理试卷（新课标Ⅲ）（空白卷）.pdf,papers/2020/物理/全国/新课标全国III卷/2020_物理_贵州_新课标全国III卷_原卷.pdf,2
2020,物理,云南,老高考,2025,全国卷,common,新课标全国III卷,present_common,H:\New folder\【新·PDF版】2008-2024·高考物理真题\版本2：物理（按省份分类）2008-2024\2008-2024·（云南）物理高考真题\2020年高考物理试卷（新课标Ⅲ）（空白卷）.pdf,papers/2020/物理/全国/新课标全国III卷/2020_物理_云南_新课标全国III卷_原卷.pdf,2
2020,物理,西藏,老高考,,全国卷,common,新课标全国III卷,present_common,H:\New folder\【新·PDF版】2008-2024·高考物理真题\版本2：物理（按省份分类）2008-2024\2008-2024·（西藏）物理高考真题\2020年高考物理试卷（新课标Ⅲ）（空白卷）.pdf,papers/2020/物理/全国/新课标全国III卷/2020_物理_西藏_新课标全国III卷_原卷.pdf,2
2020,物理,陕西,老高考,2025,全国卷,common,新课标全国II卷,present_common,H:\New folder\【新·PDF版】2008-2024·高考物理真题\版本2：物理（按省份分类）2008-2024\2008-2024·（陕西）物理高考真题\2020年高考物理试卷（新课标Ⅱ）（空白卷）.pdf,papers/2020/物理/全国/新课标全国II卷/2020_物理_陕西_新课标全国II卷_原卷.pdf,2
2020,物理,甘肃,老高考,2024,全国卷,common,新课标全国II卷,present_common,H:\New folder\【新·PDF版】2008-2024·高考物理真题\版本2：物理（按省份分类）2008-2024\2008-2024·（甘肃）物理高考真题\2020年高考物理试卷（新课标Ⅱ）（空白卷）.pdf,papers/2020/物理/全国/新课标全国II卷/2020_物理_甘肃_新课标全国II卷_原卷.pdf,2
2020,物理,青海,老高考,2025,全国卷,common,新课标全国II卷,present_common,H:\New folder\【新·PDF版】2008-2024·高考物理真题\版本2：物理（按省份分类）2008-2024\2008-2024·（青海）物理高考真题\2020年高考物理试卷（新课标Ⅱ）（空白卷）.pdf,papers/2020/物理/全国/新课标全国II卷/2020_物理_青海_新课标全国II卷_原卷.pdf,2
2020,物理,宁夏,老高考,2025,全国卷,common,新课标全国II卷,present_common,H:\New folder\【新·PDF版】2008-2024·高考物理真题\版本2：物理（按省份分类）2008-2024\2010-2024·（宁夏）物理高考真题\2020年高考物理试卷（新课标Ⅱ）（空白卷）.pdf,papers/2020/物理/全国/新课标全国II卷/2020_物理_宁夏_新课标全国II卷_原卷.pdf,2
2020,物理,新疆,老高考,,全国卷,common,新课标全国II卷,present_common,H:\New folder\【新·PDF版】2008-2024·高考物理真题\版本2：物理（按省份分类）2008-2024\2008-2024·（新疆）物理高考真题\2020年高考物理试卷（新课标Ⅱ）（空白卷）.pdf,papers/2020/物理/全国/新课标全国II卷/2020_物理_新疆_新课标全国II卷_原卷.pdf,2
2020,化学,河北,老高考,2021,全国卷,common,新课标全国I卷,present_common,H:\New folder\【新·PDF版】2008-2024·高考化学真题\版本2：化学（按省份分类）2008-2024\2008-2024·（河北）化学高考真题\2020年高考化学试卷（新课标Ⅰ）（空白卷）.pdf,papers/2020/化学/全国/新课标全国I卷/2020_化学_河北_新课标全国I卷_原卷.pdf,2
2020,化学,山西,老高考,2025,全国卷,common,新课标全国I卷,present_common,H:\New folder\【新·PDF版】2008-2024·高考化学真题\版本2：化学（按省份分类）2008-2024\2008-2024·（山西）化学高考真题\2020年高考化学试卷（新课标Ⅰ）（空白卷）.pdf,papers/2020/化学/全国/新课标全国I卷/2020_化学_山西_新课标全国I卷_原卷.pdf,2
2020,化学,内蒙古,老高考,2025,全国卷,common,新课标全国II卷,present_common,H:\New folder\【新·PDF版】2008-2024·高考化学真题\版本2：化学（按省份分类）2008-2024\2008-2024·（内蒙古）化学高考真题\2020年高考化学试卷（新课标Ⅱ）（空白卷）.pdf,papers/2020/化学/全国/新课标全国II卷/2020_化学_内蒙古_新课标全国II卷_原卷.pdf,2
2020,化学,辽宁,老高考,2021,全国卷,common,新课标全国II卷,present_common,H:\New folder\【新·PDF版】2008-2024·高考化学真题\版本2：化学（按省份分类）2008-2024\2010-2024·（辽宁）化学高考真题\2020年高考化学试卷（新课标Ⅱ）（空白卷）.pdf,papers/2020/化学/全国/新课标全国II卷/2020_化学_辽宁_新课标全国II卷_原卷.pdf,2
2020,化学,吉林,老高考,2024,全国卷,common,新课标全国II卷,present_common,H:\New folder\【新·PDF版】2008-2024·高考化学真题\版本2：化学（按省份分类）2008-2024\2008-2024·（吉林）化学高考真题\2020年高考化学试卷（新课标Ⅱ）（空白卷）.pdf,papers/2020/化学/全国/新课标全国II卷/2020_化学_吉林_新课标全国II卷_原卷.pdf,2
2020,化学,黑龙江,老高考,2024,全国卷,common,新课标全国II卷,present_common,H:\New folder\【新·PDF版】2008-2024·高考化学真题\版本2：化学（按省份分类）2008-2024\2008-2024·（黑龙江）化学高考真题\2020年高考化学试卷（新课标Ⅱ）（空白卷）.pdf,papers/2020/化学/全国/新课标全国II卷/2020_化学_黑龙江_新课标全国II卷_原卷.pdf,2
2020,化学,江苏,老高考,2021,地方/区域卷,local,江苏卷,present_local,H:\New folder\【新·PDF版】2008-2024·高考化学真题\版本2：化学（按省份分类）2008-2024\2008-2024·（江苏）化学高考真题\2020年高考化学试卷（江苏）（空白卷）   .pdf,papers/2020/化学/江苏/江苏卷/2020_化学_江苏_江苏卷_原卷.pdf,2
2020,化学,安徽,老高考,2024,全国卷,common,新课标全国I卷,present_common,H:\New folder\【新·PDF版】2008-2024·高考化学真题\版本2：化学（按省份分类）2008-2024\2012-2024·（安徽）化学高考真题\2020年高考化学试卷（新课标Ⅰ）（空白卷）.pdf,papers/2020/化学/全国/新课标全国I卷/2020_化学_安徽_新课标全国I卷_原卷.pdf,2
2020,化学,福建,老高考,2021,全国卷,common,新课标全国I卷,present_common,H:\New folder\【新·PDF版】2008-2024·高考化学真题\版本2：化学（按省份分类）2008-2024\2012-2023·（福建）化学高考真题\2020年高考化学试卷（新课标Ⅰ）（空白卷）.pdf,papers/2020/化学/全国/新课标全国I卷/2020_化学_福建_新课标全国I卷_原卷.pdf,2
2020,化学,江西,老高考,2024,全国卷,common,新课标全国I卷,present_common,H:\New folder\【新·PDF版】2008-2024·高考化学真题\版本2：化学（按省份分类）2008-2024\2008-2023·（江西）化学高考真题\2020年高考化学试卷（新课标Ⅰ）（空白卷）.pdf,papers/2020/化学/全国/新课标全国I卷/2020_化学_江西_新课标全国I卷_原卷.pdf,2
2020,化学,河南,老高考,2025,全国卷,common,新课标全国I卷,present_common,H:\New folder\【新·PDF版】2008-2024·高考化学真题\版本2：化学（按省份分类）2008-2024\2008-2024·（河南）化学高考真题\2020年高考化学试卷（新课标Ⅰ）（空白卷）.pdf,papers/2020/化学/全国/新课标全国I卷/2020_化学_河南_新课标全国I卷_原卷.pdf,2
2020,化学,湖北,老高考,2021,全国卷,common,新课标全国I卷,present_common,H:\New folder\【新·PDF版】2008-2024·高考化学真题\版本2：化学（按省份分类）2008-2024\2008-2024·（湖北）化学高考真题\2020年高考化学试卷（新课标Ⅰ）（空白卷）.pdf,papers/2020/化学/全国/新课标全国I卷/2020_化学_湖北_新课标全国I卷_原卷.pdf,2
2020,化学,湖南,老高考,2021,全国卷,common,新课标全国I卷,present_common,H:\New folder\【新·PDF版】2008-2024·高考化学真题\版本2：化学（按省份分类）2008-2024\2008-2024·（湖南）化学高考真题\2020年高考化学试卷（新课标Ⅰ）（空白卷）.pdf,papers/2020/化学/全国/新课标全国I卷/2020_化学_湖南_新课标全国I卷_原卷.pdf,2
2020,化学,广东,老高考,2021,全国卷,common,新课标全国I卷,present_common,H:\New folder\【新·PDF版】2008-2024·高考化学真题\版本2：化学（按省份分类）2008-2024\2008-2024·（广东）化学高考真题\2020年高考化学试卷（新课标Ⅰ）（空白卷）.pdf,papers/2020/化学/全国/新课标全国I卷/2020_化学_广东_新课标全国I卷_原卷.pdf,2
2020,化学,广西,老高考,2024,全国卷,common,新课标全国III卷,present_common,H:\New folder\【新·PDF版】2008-2024·高考化学真题\版本2：化学（按省份分类）2008-2024\2008-2023·（广西）化学高考真题\2020年高考化学试卷（新课标Ⅲ）（空白卷）.pdf,papers/2020/化学/全国/新课标全国III卷/2020_化学_广西_新课标全国III卷_原卷.pdf,2
2020,化学,重庆,老高考,2021,全国卷,common,新课标全国II卷,present_common,H:\New folder\【新·PDF版】2008-2024·高考化学真题\版本2：化学（按省份分类）2008-2024\2012-2023·（重庆）化学高考真题\2020年高考化学试卷（新课标Ⅱ）（空白卷）.pdf,papers/2020/化学/全国/新课标全国II卷/2020_化学_重庆_新课标全国II卷_原卷.pdf,2
2020,化学,四川,老高考,2025,全国卷,common,新课标全国III卷,present_common,H:\New folder\【新·PDF版】2008-2024·高考化学真题\版本2：化学（按省份分类）2008-2024\2008-2024·（四川）化学高考真题\2020年高考化学试卷（新课标Ⅲ）（空白卷）.pdf,papers/2020/化学/全国/新课标全国III卷/2020_化学_四川_新课标全国III卷_原卷.pdf,2
2020,化学,贵州,老高考,2024,全国卷,common,新课标全国III卷,present_common,H:\New folder\【新·PDF版】2008-2024·高考化学真题\版本2：化学（按省份分类）2008-2024\2008-2023·（贵州）化学高考真题\2020年高考化学试卷（新课标Ⅲ）（空白卷）.pdf,papers/2020/化学/全国/新课标全国III卷/2020_化学_贵州_新课标全国III卷_原卷.pdf,2
2020,化学,云南,老高考,2025,全国卷,common,新课标全国III卷,present_common,H:\New folder\【新·PDF版】2008-2024·高考化学真题\版本2：化学（按省份分类）2008-2024\2008-2024·（云南）化学高考真题\2020年高考化学试卷（新课标Ⅲ）（空白卷）.pdf,papers/2020/化学/全国/新课标全国III卷/2020_化学_云南_新课标全国III卷_原卷.pdf,2
2020,化学,西藏,老高考,,全国卷,common,新课标全国III卷,present_common,H:\New folder\【新·PDF版】2008-2024·高考化学真题\版本2：化学（按省份分类）2008-2024\2008-2024·（西藏）化学高考真题\2020年高考化学试卷（新课标Ⅲ）（空白卷）.pdf,papers/2020/化学/全国/新课标全国III卷/2020_化学_西藏_新课标全国III卷_原卷.pdf,2
2020,化学,陕西,老高考,2025,全国卷,common,新课标全国II卷,present_common,H:\New folder\【新·PDF版】2008-2024·高考化学真题\版本2：化学（按省份分类）2008-2024\2008-2024·（陕西）化学高考真题\2020年高考化学试卷（新课标Ⅱ）（空白卷）.pdf,papers/2020/化学/全国/新课标全国II卷/2020_化学_陕西_新课标全国II卷_原卷.pdf,2
2020,化学,甘肃,老高考,2024,全国卷,common,新课标全国II卷,present_common,H:\New folder\【新·PDF版】2008-2024·高考化学真题\版本2：化学（按省份分类）2008-2024\2008-2024·（甘肃）化学高考真题\2020年高考化学试卷（新课标Ⅱ）（空白卷）.pdf,papers/2020/化学/全国/新课标全国II卷/2020_化学_甘肃_新课标全国II卷_原卷.pdf,2
2020,化学,青海,老高考,2025,全国卷,common,新课标全国II卷,present_common,H:\New folder\【新·PDF版】2008-2024·高考化学真题\版本2：化学（按省份分类）2008-2024\2008-2024·（青海）化学高考真题\2020年高考化学试卷（新课标Ⅱ）（空白卷）.pdf,papers/2020/化学/全国/新课标全国II卷/2020_化学_青海_新课标全国II卷_原卷.pdf,2
2020,化学,宁夏,老高考,2025,全国卷,common,新课标全国II卷,present_common,H:\New folder\【新·PDF版】2008-2024·高考化学真题\版本2：化学（按省份分类）2008-2024\2010-2024·（宁夏）化学高考真题\2020年高考化学试卷（新课标Ⅱ）（空白卷）.pdf,papers/2020/化学/全国/新课标全国II卷/2020_化学_宁夏_新课标全国II卷_原卷.pdf,2
2020,化学,新疆,老高考,,全国卷,common,新课标全国II卷,present_common,H:\New folder\【新·PDF版】2008-2024·高考化学真题\版本2：化学（按省份分类）2008-2024\2008-2024·（新疆）化学高考真题\2020年高考化学试卷（新课标Ⅱ）（空白卷）.pdf,papers/2020/化学/全国/新课标全国II卷/2020_化学_新疆_新课标全国II卷_原卷.pdf,2
2020,生物,河北,老高考,2021,全国卷,common,新课标全国I卷,present_common,H:\New folder\【新·PDF版】2008-2024·高考生物真题\版本2：生物（按省份分类）2008-2024\2008-2024·（河北）生物高考真题\2020年高考生物试卷（新课标Ⅰ）（空白卷）.pdf,papers/2020/生物/全国/新课标全国I卷/2020_生物_河北_新课标全国I卷_原卷.pdf,2
2020,生物,山西,老高考,2025,全国卷,common,新课标全国I卷,present_common,H:\New folder\【新·PDF版】2008-2024·高考生物真题\版本2：生物（按省份分类）2008-2024\2008-2024·（山西）生物高考真题\2020年高考生物试卷（新课标Ⅰ）（空白卷）.pdf,papers/2020/生物/全国/新课标全国I卷/2020_生物_山西_新课标全国I卷_原卷.pdf,2
2020,生物,内蒙古,老高考,2025,全国卷,common,新课标全国II卷,present_common,H:\New folder\【新·PDF版】2008-2024·高考生物真题\版本2：生物（按省份分类）2008-2024\2008-2024·（内蒙古）生物高考真题\2020年高考生物试卷（新课标Ⅱ）（空白卷）.pdf,papers/2020/生物/全国/新课标全国II卷/2020_生物_内蒙古_新课标全国II卷_原卷.pdf,2
2020,生物,辽宁,老高考,2021,全国卷,common,新课标全国II卷,present_common,H:\New folder\【新·PDF版】2008-2024·高考生物真题\版本2：生物（按省份分类）2008-2024\2010-2024·（辽宁）生物高考真题\2020年高考生物试卷（新课标Ⅱ）（空白卷）.pdf,papers/2020/生物/全国/新课标全国II卷/2020_生物_辽宁_新课标全国II卷_原卷.pdf,2
2020,生物,吉林,老高考,2024,全国卷,common,新课标全国II卷,present_common,H:\New folder\【新·PDF版】2008-2024·高考生物真题\版本2：生物（按省份分类）2008-2024\2008-2024·（吉林）生物高考真题\2020年高考生物试卷（新课标Ⅱ）（空白卷）.pdf,papers/2020/生物/全国/新课标全国II卷/2020_生物_吉林_新课标全国II卷_原卷.pdf,2
2020,生物,黑龙江,老高考,2024,全国卷,common,新课标全国II卷,present_common,H:\New folder\【新·PDF版】2008-2024·高考生物真题\版本2：生物（按省份分类）2008-2024\2008-2024·（黑龙江）生物高考真题\2020年高考生物试卷（新课标Ⅱ）（空白卷）.pdf,papers/2020/生物/全国/新课标全国II卷/2020_生物_黑龙江_新课标全国II卷_原卷.pdf,2
2020,生物,江苏,老高考,2021,地方/区域卷,local,江苏卷,present_local,H:\New folder\【新·PDF版】2008-2024·高考生物真题\版本2：生物（按省份分类）2008-2024\2008-2023·（江苏）生物高考真题\2020年高考生物试卷（江苏）（空白卷）.pdf,papers/2020/生物/江苏/江苏卷/2020_生物_江苏_江苏卷_原卷.pdf,2
2020,生物,安徽,老高考,2024,全国卷,common,新课标全国I卷,present_common,H:\New folder\【新·PDF版】2008-2024·高考生物真题\版本2：生物（按省份分类）2008-2024\2012-2024·（安徽）生物高考真题\2020年高考生物试卷（新课标Ⅰ）（空白卷）.pdf,papers/2020/生物/全国/新课标全国I卷/2020_生物_安徽_新课标全国I卷_原卷.pdf,2
2020,生物,福建,老高考,2021,全国卷,common,新课标全国I卷,present_common,H:\New folder\【新·PDF版】2008-2024·高考生物真题\版本2：生物（按省份分类）2008-2024\2012-2023·（福建）生物高考真题\2020年高考生物试卷（新课标Ⅰ）（空白卷）.pdf,papers/2020/生物/全国/新课标全国I卷/2020_生物_福建_新课标全国I卷_原卷.pdf,2
2020,生物,江西,老高考,2024,全国卷,common,新课标全国I卷,present_common,H:\New folder\【新·PDF版】2008-2024·高考生物真题\版本2：生物（按省份分类）2008-2024\2008-2024·（江西）生物高考真题\2020年高考生物试卷（新课标Ⅰ）（空白卷）.pdf,papers/2020/生物/全国/新课标全国I卷/2020_生物_江西_新课标全国I卷_原卷.pdf,2
2020,生物,河南,老高考,2025,全国卷,common,新课标全国I卷,present_common,H:\New folder\【新·PDF版】2008-2024·高考生物真题\版本2：生物（按省份分类）2008-2024\2008-2024·（河南）生物高考真题\2020年高考生物试卷（新课标Ⅰ）（空白卷）.pdf,papers/2020/生物/全国/新课标全国I卷/2020_生物_河南_新课标全国I卷_原卷.pdf,2
2020,生物,湖北,老高考,2021,全国卷,common,新课标全国I卷,present_common,H:\New folder\【新·PDF版】2008-2024·高考生物真题\版本2：生物（按省份分类）2008-2024\2008-2024·（湖北）生物高考真题\2020年高考生物试卷（新课标Ⅰ）（空白卷）.pdf,papers/2020/生物/全国/新课标全国I卷/2020_生物_湖北_新课标全国I卷_原卷.pdf,2
2020,生物,湖南,老高考,2021,全国卷,common,新课标全国I卷,present_common,H:\New folder\【新·PDF版】2008-2024·高考生物真题\版本2：生物（按省份分类）2008-2024\2008-2024·（湖南）生物高考真题\2020年高考生物试卷（新课标Ⅰ）（空白卷）.pdf,papers/2020/生物/全国/新课标全国I卷/2020_生物_湖南_新课标全国I卷_原卷.pdf,2
2020,生物,广东,老高考,2021,全国卷,common,新课标全国I卷,present_common,H:\New folder\【新·PDF版】2008-2024·高考生物真题\版本2：生物（按省份分类）2008-2024\2008-2024·（广东）生物高考真题\2020年高考生物试卷（新课标Ⅰ）（空白卷）.pdf,papers/2020/生物/全国/新课标全国I卷/2020_生物_广东_新课标全国I卷_原卷.pdf,2
2020,生物,广西,老高考,2024,全国卷,common,新课标全国III卷,present_common,H:\New folder\【新·PDF版】2008-2024·高考生物真题\版本2：生物（按省份分类）2008-2024\2008-2023·（广西）生物高考真题\2020年高考生物试卷（新课标Ⅲ）（空白卷）.pdf,papers/2020/生物/全国/新课标全国III卷/2020_生物_广西_新课标全国III卷_原卷.pdf,2
2020,生物,重庆,老高考,2021,全国卷,common,新课标全国II卷,present_common,H:\New folder\【新·PDF版】2008-2024·高考生物真题\版本2：生物（按省份分类）2008-2024\2012-2023·（重庆）生物高考真题\2020年高考生物试卷（新课标Ⅱ）（空白卷）.pdf,papers/2020/生物/全国/新课标全国II卷/2020_生物_重庆_新课标全国II卷_原卷.pdf,2
2020,生物,四川,老高考,2025,全国卷,common,新课标全国III卷,present_common,H:\New folder\【新·PDF版】2008-2024·高考生物真题\版本2：生物（按省份分类）2008-2024\2008-2024·（四川）生物高考真题\2020年高考生物试卷（新课标Ⅲ）（空白卷）.pdf,papers/2020/生物/全国/新课标全国III卷/2020_生物_四川_新课标全国III卷_原卷.pdf,2
2020,生物,贵州,老高考,2024,全国卷,common,新课标全国III卷,present_common,H:\New folder\【新·PDF版】2008-2024·高考生物真题\版本2：生物（按省份分类）2008-2024\2008-2023·（贵州）生物高考真题\2020年高考生物试卷（新课标Ⅲ）（空白卷）.pdf,papers/2020/生物/全国/新课标全国III卷/2020_生物_贵州_新课标全国III卷_原卷.pdf,2
2020,生物,云南,老高考,2025,全国卷,common,新课标全国III卷,present_common,H:\New folder\【新·PDF版】2008-2024·高考生物真题\版本2：生物（按省份分类）2008-2024\2008-2024·（云南）生物高考真题\2020年高考生物试卷（新课标Ⅲ）（空白卷）.pdf,papers/2020/生物/全国/新课标全国III卷/2020_生物_云南_新课标全国III卷_原卷.pdf,2
2020,生物,西藏,老高考,,全国卷,common,新课标全国III卷,present_common,H:\New folder\【新·PDF版】2008-2024·高考生物真题\版本2：生物（按省份分类）2008-2024\2008-2024·（西藏）生物高考真题\2020年高考生物试卷（新课标Ⅲ）（空白卷）.pdf,papers/2020/生物/全国/新课标全国III卷/2020_生物_西藏_新课标全国III卷_原卷.pdf,2
2020,生物,陕西,老高考,2025,全国卷,common,新课标全国II卷,present_common,H:\New folder\【新·PDF版】2008-2024·高考生物真题\版本2：生物（按省份分类）2008-2024\2008-2024·（陕西）生物高考真题\2020年高考生物试卷（新课标Ⅱ）（空白卷）.pdf,papers/2020/生物/全国/新课标全国II卷/2020_生物_陕西_新课标全国II卷_原卷.pdf,2
2020,生物,甘肃,老高考,2024,全国卷,common,新课标全国II卷,present_common,H:\New folder\【新·PDF版】2008-2024·高考生物真题\版本2：生物（按省份分类）2008-2024\2008-2024·（甘肃）生物高考真题\2020年高考生物试卷（新课标Ⅱ）（空白卷）.pdf,papers/2020/生物/全国/新课标全国II卷/2020_生物_甘肃_新课标全国II卷_原卷.pdf,2
2020,生物,青海,老高考,2025,全国卷,common,新课标全国II卷,present_common,H:\New folder\【新·PDF版】2008-2024·高考生物真题\版本2：生物（按省份分类）2008-2024\2008-2024·（青海）生物高考真题\2020年高考生物试卷（新课标Ⅱ）（空白卷）.pdf,papers/2020/生物/全国/新课标全国II卷/2020_生物_青海_新课标全国II卷_原卷.pdf,2
2020,生物,宁夏,老高考,2025,全国卷,common,新课标全国II卷,present_common,H:\New folder\【新·PDF版】2008-2024·高考生物真题\版本2：生物（按省份分类）2008-2024\2010-2024·（宁夏）生物高考真题\2020年高考生物试卷（新课标Ⅱ）（空白卷）.pdf,papers/2020/生物/全国/新课标全国II卷/2020_生物_宁夏_新课标全国II卷_原卷.pdf,2
2020,生物,新疆,老高考,,全国卷,common,新课标全国II卷,present_common,H:\New folder\【新·PDF版】2008-2024·高考生物真题\版本2：生物（按省份分类）2008-2024\2008-2024·（新疆）生物高考真题\2020年高考生物试卷（新课标Ⅱ）（空白卷）.pdf,papers/2020/生物/全国/新课标全国II卷/2020_生物_新疆_新课标全国II卷_原卷.pdf,2
2020,政治,河北,老高考,2021,全国卷,common,新课标全国I卷,present_common,H:\New folder\【新·PDF版】2008-2024·高考政治真题\版本2：政治（按省份分类）2008-2024\2008-2021_2023·（河北）政治高考真题\2020年高考政治试卷（新课标Ⅰ）（空白卷）.pdf,papers/2020/政治/全国/新课标全国I卷/2020_政治_河北_新课标全国I卷_原卷.pdf,2
2020,政治,山西,老高考,2025,全国卷,common,新课标全国I卷,present_common,H:\New folder\【新·PDF版】2008-2024·高考政治真题\版本2：政治（按省份分类）2008-2024\2008-2024·（山西）政治高考真题\2020年高考政治试卷（新课标Ⅰ）（空白卷）.pdf,papers/2020/政治/全国/新课标全国I卷/2020_政治_山西_新课标全国I卷_原卷.pdf,2
2020,政治,内蒙古,老高考,2025,全国卷,common,新课标全国II卷,present_common,H:\New folder\【新·PDF版】2008-2024·高考政治真题\版本2：政治（按省份分类）2008-2024\2008-2023·（内蒙古）政治高考真题\2020年高考政治试卷（新课标Ⅱ）（空白卷）.pdf,papers/2020/政治/全国/新课标全国II卷/2020_政治_内蒙古_新课标全国II卷_原卷.pdf,2
2020,政治,辽宁,老高考,2021,全国卷,common,新课标全国II卷,present_common,H:\New folder\【新·PDF版】2008-2024·高考政治真题\版本2：政治（按省份分类）2008-2024\2010-2024·（辽宁）政治高考真题\2020年高考政治试卷（新课标Ⅱ）（空白卷）.pdf,papers/2020/政治/全国/新课标全国II卷/2020_政治_辽宁_新课标全国II卷_原卷.pdf,2
2020,政治,吉林,老高考,2024,全国卷,common,新课标全国II卷,present_common,H:\New folder\【新·PDF版】2008-2024·高考政治真题\版本2：政治（按省份分类）2008-2024\2008-2024·（吉林）政治高考真题\2020年高考政治试卷（新课标Ⅱ）（空白卷）.pdf,papers/2020/政治/全国/新课标全国II卷/2020_政治_吉林_新课标全国II卷_原卷.pdf,2
2020,政治,黑龙江,老高考,2024,全国卷,common,新课标全国II卷,present_common,H:\New folder\【新·PDF版】2008-2024·高考政治真题\版本2：政治（按省份分类）2008-2024\2008-2024·（黑龙江）政治高考真题\2020年高考政治试卷（新课标Ⅱ）（空白卷）.pdf,papers/2020/政治/全国/新课标全国II卷/2020_政治_黑龙江_新课标全国II卷_原卷.pdf,2
2020,政治,江苏,老高考,2021,地方/区域卷,local,江苏卷,present_local,H:\New folder\【新·PDF版】2008-2024·高考政治真题\版本2：政治（按省份分类）2008-2024\2008-2023·（江苏）政治高考真题\2020年高考政治试卷（江苏）（空白卷）.pdf,papers/2020/政治/江苏/江苏卷/2020_政治_江苏_江苏卷_原卷.pdf,2
2020,政治,安徽,老高考,2024,全国卷,common,新课标全国I卷,present_common,H:\New folder\【新·PDF版】2008-2024·高考政治真题\版本2：政治（按省份分类）2008-2024\2012-2024·（安徽）政治高考真题\2020年高考政治试卷（新课标Ⅰ）（空白卷）.pdf,papers/2020/政治/全国/新课标全国I卷/2020_政治_安徽_新课标全国I卷_原卷.pdf,2
2020,政治,福建,老高考,2021,全国卷,common,新课标全国I卷,present_common,H:\New folder\【新·PDF版】2008-2024·高考政治真题\版本2：政治（按省份分类）2008-2024\2012-2023·（福建）政治高考真题\2020年高考政治试卷（新课标Ⅰ）（空白卷）.pdf,papers/2020/政治/全国/新课标全国I卷/2020_政治_福建_新课标全国I卷_原卷.pdf,2
2020,政治,江西,老高考,2024,全国卷,common,新课标全国I卷,present_common,H:\New folder\【新·PDF版】2008-2024·高考政治真题\版本2：政治（按省份分类）2008-2024\2008-2023·（江西）政治高考真题\2020年高考政治试卷（新课标Ⅰ）（空白卷）.pdf,papers/2020/政治/全国/新课标全国I卷/2020_政治_江西_新课标全国I卷_原卷.pdf,2
2020,政治,河南,老高考,2025,全国卷,common,新课标全国I卷,present_common,H:\New folder\【新·PDF版】2008-2024·高考政治真题\版本2：政治（按省份分类）2008-2024\2008-2024·（河南）政治高考真题\2020年高考政治试卷（新课标Ⅰ）（空白卷）.pdf,papers/2020/政治/全国/新课标全国I卷/2020_政治_河南_新课标全国I卷_原卷.pdf,2
2020,政治,湖北,老高考,2021,全国卷,common,新课标全国I卷,present_common,H:\New folder\【新·PDF版】2008-2024·高考政治真题\版本2：政治（按省份分类）2008-2024\2008-2024·（湖北）政治高考真题\2020年高考政治试卷（新课标Ⅰ）（空白卷）.pdf,papers/2020/政治/全国/新课标全国I卷/2020_政治_湖北_新课标全国I卷_原卷.pdf,2
2020,政治,湖南,老高考,2021,全国卷,common,新课标全国I卷,present_common,H:\New folder\【新·PDF版】2008-2024·高考政治真题\版本2：政治（按省份分类）2008-2024\2008-2024·（湖南）政治高考真题\2020年高考政治试卷（新课标Ⅰ）（空白卷）.pdf,papers/2020/政治/全国/新课标全国I卷/2020_政治_湖南_新课标全国I卷_原卷.pdf,2
2020,政治,广东,老高考,2021,全国卷,common,新课标全国I卷,present_common,H:\New folder\【新·PDF版】2008-2024·高考政治真题\版本2：政治（按省份分类）2008-2024\2008-2024·（广东）政治高考真题\2020年高考政治试卷（新课标Ⅰ）（空白卷）.pdf,papers/2020/政治/全国/新课标全国I卷/2020_政治_广东_新课标全国I卷_原卷.pdf,2
2020,政治,广西,老高考,2024,全国卷,common,新课标全国III卷,present_common,H:\New folder\【新·PDF版】2008-2024·高考政治真题\版本2：政治（按省份分类）2008-2024\2008-2023·（广西）政治高考真题\2020年高考政治试卷（新课标Ⅲ）（空白卷）.pdf,papers/2020/政治/全国/新课标全国III卷/2020_政治_广西_新课标全国III卷_原卷.pdf,2
2020,政治,重庆,老高考,2021,全国卷,common,新课标全国II卷,present_common,H:\New folder\【新·PDF版】2008-2024·高考政治真题\版本2：政治（按省份分类）2008-2024\2012-2020_2022-2023·（重庆）政治高考真题\2020年高考政治试卷（新课标Ⅱ）（空白卷）.pdf,papers/2020/政治/全国/新课标全国II卷/2020_政治_重庆_新课标全国II卷_原卷.pdf,2
2020,政治,四川,老高考,2025,全国卷,common,新课标全国III卷,present_common,H:\New folder\【新·PDF版】2008-2024·高考政治真题\版本2：政治（按省份分类）2008-2024\2008-2023·（四川）政治高考真题\2020年高考政治试卷（新课标Ⅲ）（空白卷）.pdf,papers/2020/政治/全国/新课标全国III卷/2020_政治_四川_新课标全国III卷_原卷.pdf,2
2020,政治,贵州,老高考,2024,全国卷,common,新课标全国III卷,present_common,H:\New folder\【新·PDF版】2008-2024·高考政治真题\版本2：政治（按省份分类）2008-2024\2008-2023·（贵州）政治高考真题\2020年高考政治试卷（新课标Ⅲ）（空白卷）.pdf,papers/2020/政治/全国/新课标全国III卷/2020_政治_贵州_新课标全国III卷_原卷.pdf,2
2020,政治,云南,老高考,2025,全国卷,common,新课标全国III卷,present_common,H:\New folder\【新·PDF版】2008-2024·高考政治真题\版本2：政治（按省份分类）2008-2024\2008-2024·（云南）政治高考真题\2020年高考政治试卷（新课标Ⅲ）（空白卷）.pdf,papers/2020/政治/全国/新课标全国III卷/2020_政治_云南_新课标全国III卷_原卷.pdf,2
2020,政治,西藏,老高考,,全国卷,common,新课标全国III卷,present_common,H:\New folder\【新·PDF版】2008-2024·高考政治真题\版本2：政治（按省份分类）2008-2024\2008-2024·（西藏）政治高考真题\2020年高考政治试卷（新课标Ⅲ）（空白卷）.pdf,papers/2020/政治/全国/新课标全国III卷/2020_政治_西藏_新课标全国III卷_原卷.pdf,2
2020,政治,陕西,老高考,2025,全国卷,common,新课标全国II卷,present_common,H:\New folder\【新·PDF版】2008-2024·高考政治真题\版本2：政治（按省份分类）2008-2024\2008-2023·（陕西）政治高考真题\2020年高考政治试卷（新课标Ⅱ）（空白卷）.pdf,papers/2020/政治/全国/新课标全国II卷/2020_政治_陕西_新课标全国II卷_原卷.pdf,2
2020,政治,甘肃,老高考,2024,全国卷,common,新课标全国II卷,present_common,H:\New folder\【新·PDF版】2008-2024·高考政治真题\版本2：政治（按省份分类）2008-2024\2008-2023·（甘肃）政治高考真题\2020年高考政治试卷（新课标Ⅱ）（空白卷）.pdf,papers/2020/政治/全国/新课标全国II卷/2020_政治_甘肃_新课标全国II卷_原卷.pdf,2
2020,政治,青海,老高考,2025,全国卷,common,新课标全国II卷,present_common,H:\New folder\【新·PDF版】2008-2024·高考政治真题\版本2：政治（按省份分类）2008-2024\2008-2023·（青海）政治高考真题\2020年高考政治试卷（新课标Ⅱ）（空白卷）.pdf,papers/2020/政治/全国/新课标全国II卷/2020_政治_青海_新课标全国II卷_原卷.pdf,2
2020,政治,宁夏,老高考,2025,全国卷,common,新课标全国II卷,present_common,H:\New folder\【新·PDF版】2008-2024·高考政治真题\版本2：政治（按省份分类）2008-2024\2010-2023·（宁夏）政治高考真题\2020年高考政治试卷（新课标Ⅱ）（空白卷）.pdf,papers/2020/政治/全国/新课标全国II卷/2020_政治_宁夏_新课标全国II卷_原卷.pdf,2
2020,政治,新疆,老高考,,全国卷,common,新课标全国II卷,present_common,H:\New folder\【新·PDF版】2008-2024·高考政治真题\版本2：政治（按省份分类）2008-2024\2008-2024·（新疆）政治高考真题\2020年高考政治试卷（新课标Ⅱ）（空白卷）.pdf,papers/2020/政治/全国/新课标全国II卷/2020_政治_新疆_新课标全国II卷_原卷.pdf,2
2020,历史,河北,老高考,2021,全国卷,common,新课标全国I卷,present_common,H:\New folder\【新·PDF版】2008-2024·高考历史真题\版本2：历史（按省份分类）2008-2024\2008-2023·（河北）历史高考真题\2020年高考历史试卷（新课标Ⅰ）（空白卷）.pdf,papers/2020/历史/全国/新课标全国I卷/2020_历史_河北_新课标全国I卷_原卷.pdf,2
2020,历史,山西,老高考,2025,全国卷,common,新课标全国I卷,present_common,H:\New folder\【新·PDF版】2008-2024·高考历史真题\版本2：历史（按省份分类）2008-2024\2008-2024·（山西）历史高考真题\2020年高考历史试卷（新课标Ⅰ）（空白卷）.pdf,papers/2020/历史/全国/新课标全国I卷/2020_历史_山西_新课标全国I卷_原卷.pdf,2
2020,历史,内蒙古,老高考,2025,全国卷,common,新课标全国II卷,present_common,H:\New folder\【新·PDF版】2008-2024·高考历史真题\版本2：历史（按省份分类）2008-2024\2008-2024·（内蒙古）历史高考真题\2020年高考历史试卷（新课标Ⅱ）（空白卷）.pdf,papers/2020/历史/全国/新课标全国II卷/2020_历史_内蒙古_新课标全国II卷_原卷.pdf,2
2020,历史,辽宁,老高考,2021,全国卷,common,新课标全国II卷,present_common,H:\New folder\【新·PDF版】2008-2024·高考历史真题\版本2：历史（按省份分类）2008-2024\2010-2024·（辽宁）历史高考真题\2020年高考历史试卷（新课标Ⅱ）（空白卷）.pdf,papers/2020/历史/全国/新课标全国II卷/2020_历史_辽宁_新课标全国II卷_原卷.pdf,2
2020,历史,吉林,老高考,2024,全国卷,common,新课标全国II卷,present_common,H:\New folder\【新·PDF版】2008-2024·高考历史真题\版本2：历史（按省份分类）2008-2024\2008-2024·（吉林）历史高考真题\2020年高考历史试卷（新课标Ⅱ）（空白卷）.pdf,papers/2020/历史/全国/新课标全国II卷/2020_历史_吉林_新课标全国II卷_原卷.pdf,2
2020,历史,黑龙江,老高考,2024,全国卷,common,新课标全国II卷,present_common,H:\New folder\【新·PDF版】2008-2024·高考历史真题\版本2：历史（按省份分类）2008-2024\2008-2024·（黑龙江）历史高考真题\2020年高考历史试卷（新课标Ⅱ）（空白卷）.pdf,papers/2020/历史/全国/新课标全国II卷/2020_历史_黑龙江_新课标全国II卷_原卷.pdf,2
2020,历史,江苏,老高考,2021,地方/区域卷,local,江苏卷,present_local,H:\New folder\【新·PDF版】2008-2024·高考历史真题\版本2：历史（按省份分类）2008-2024\2008-2024·（江苏）历史高考真题\2020年高考历史试卷（江苏）（空白卷）   .pdf,papers/2020/历史/江苏/江苏卷/2020_历史_江苏_江苏卷_原卷.pdf,2
2020,历史,安徽,老高考,2024,全国卷,common,新课标全国I卷,present_common,H:\New folder\【新·PDF版】2008-2024·高考历史真题\版本2：历史（按省份分类）2008-2024\2012-2024·（安徽）历史高考真题\2020年高考历史试卷（新课标Ⅰ）（空白卷）.pdf,papers/2020/历史/全国/新课标全国I卷/2020_历史_安徽_新课标全国I卷_原卷.pdf,2
2020,历史,福建,老高考,2021,全国卷,common,新课标全国I卷,present_common,H:\New folder\【新·PDF版】2008-2024·高考历史真题\版本2：历史（按省份分类）2008-2024\2012-2023·（福建）历史高考真题\2020年高考历史试卷（新课标Ⅰ）（空白卷）.pdf,papers/2020/历史/全国/新课标全国I卷/2020_历史_福建_新课标全国I卷_原卷.pdf,2
2020,历史,江西,老高考,2024,全国卷,common,新课标全国I卷,present_common,H:\New folder\【新·PDF版】2008-2024·高考历史真题\版本2：历史（按省份分类）2008-2024\2008-2023·（江西）历史高考真题\2020年高考历史试卷（新课标Ⅰ）（空白卷）.pdf,papers/2020/历史/全国/新课标全国I卷/2020_历史_江西_新课标全国I卷_原卷.pdf,2
2020,历史,河南,老高考,2025,全国卷,common,新课标全国I卷,present_common,H:\New folder\【新·PDF版】2008-2024·高考历史真题\版本2：历史（按省份分类）2008-2024\2008-2024·（河南）历史高考真题\2020年高考历史试卷（新课标Ⅰ）（空白卷）.pdf,papers/2020/历史/全国/新课标全国I卷/2020_历史_河南_新课标全国I卷_原卷.pdf,2
2020,历史,湖北,老高考,2021,全国卷,common,新课标全国I卷,present_common,H:\New folder\【新·PDF版】2008-2024·高考历史真题\版本2：历史（按省份分类）2008-2024\2008-2024·（湖北）历史高考真题\2020年高考历史试卷（新课标Ⅰ）（空白卷）.pdf,papers/2020/历史/全国/新课标全国I卷/2020_历史_湖北_新课标全国I卷_原卷.pdf,2
2020,历史,湖南,老高考,2021,全国卷,common,新课标全国I卷,present_common,H:\New folder\【新·PDF版】2008-2024·高考历史真题\版本2：历史（按省份分类）2008-2024\2008-2024·（湖南）历史高考真题\2020年高考历史试卷（新课标Ⅰ）（空白卷）.pdf,papers/2020/历史/全国/新课标全国I卷/2020_历史_湖南_新课标全国I卷_原卷.pdf,2
2020,历史,广东,老高考,2021,全国卷,common,新课标全国I卷,present_common,H:\New folder\【新·PDF版】2008-2024·高考历史真题\版本2：历史（按省份分类）2008-2024\2008-2024·（广东）历史高考真题\2020年高考历史试卷（新课标Ⅰ）（空白卷）.pdf,papers/2020/历史/全国/新课标全国I卷/2020_历史_广东_新课标全国I卷_原卷.pdf,2
2020,历史,广西,老高考,2024,全国卷,common,新课标全国III卷,present_common,H:\New folder\【新·PDF版】2008-2024·高考历史真题\版本2：历史（按省份分类）2008-2024\2008-2023·（广西）历史高考真题\2020年高考历史试卷（新课标Ⅲ）（空白卷）.pdf,papers/2020/历史/全国/新课标全国III卷/2020_历史_广西_新课标全国III卷_原卷.pdf,2
2020,历史,重庆,老高考,2021,全国卷,common,新课标全国II卷,present_common,H:\New folder\【新·PDF版】2008-2024·高考历史真题\版本2：历史（按省份分类）2008-2024\2012-2024·（重庆）历史高考真题\2020年高考历史试卷（新课标Ⅱ）（空白卷）.pdf,papers/2020/历史/全国/新课标全国II卷/2020_历史_重庆_新课标全国II卷_原卷.pdf,2
2020,历史,四川,老高考,2025,全国卷,common,新课标全国III卷,present_common,H:\New folder\【新·PDF版】2008-2024·高考历史真题\版本2：历史（按省份分类）2008-2024\2008-2024·（四川）历史高考真题\2020年高考历史试卷（新课标Ⅲ）（空白卷）.pdf,papers/2020/历史/全国/新课标全国III卷/2020_历史_四川_新课标全国III卷_原卷.pdf,2
2020,历史,贵州,老高考,2024,全国卷,common,新课标全国III卷,present_common,H:\New folder\【新·PDF版】2008-2024·高考历史真题\版本2：历史（按省份分类）2008-2024\2008-2023·（贵州）历史高考真题\2020年高考历史试卷（新课标Ⅲ）（空白卷）.pdf,papers/2020/历史/全国/新课标全国III卷/2020_历史_贵州_新课标全国III卷_原卷.pdf,2
2020,历史,云南,老高考,2025,全国卷,common,新课标全国III卷,present_common,H:\New folder\【新·PDF版】2008-2024·高考历史真题\版本2：历史（按省份分类）2008-2024\2008-2024·（云南）历史高考真题\2020年高考历史试卷（新课标Ⅲ）（空白卷）.pdf,papers/2020/历史/全国/新课标全国III卷/2020_历史_云南_新课标全国III卷_原卷.pdf,2
2020,历史,西藏,老高考,,全国卷,common,新课标全国III卷,present_common,H:\New folder\【新·PDF版】2008-2024·高考历史真题\版本2：历史（按省份分类）2008-2024\2008-2024·（西藏）历史高考真题\2020年高考历史试卷（新课标Ⅲ）（空白卷）.pdf,papers/2020/历史/全国/新课标全国III卷/2020_历史_西藏_新课标全国III卷_原卷.pdf,2
2020,历史,陕西,老高考,2025,全国卷,common,新课标全国II卷,present_common,H:\New folder\【新·PDF版】2008-2024·高考历史真题\版本2：历史（按省份分类）2008-2024\2008-2024·（陕西）历史高考真题\2020年高考历史试卷（新课标Ⅱ）（空白卷）.pdf,papers/2020/历史/全国/新课标全国II卷/2020_历史_陕西_新课标全国II卷_原卷.pdf,2
2020,历史,甘肃,老高考,2024,全国卷,common,新课标全国II卷,present_common,H:\New folder\【新·PDF版】2008-2024·高考历史真题\版本2：历史（按省份分类）2008-2024\2008-2024·（甘肃）历史高考真题\2020年高考历史试卷（新课标Ⅱ）（空白卷）.pdf,papers/2020/历史/全国/新课标全国II卷/2020_历史_甘肃_新课标全国II卷_原卷.pdf,2
2020,历史,青海,老高考,2025,全国卷,common,新课标全国II卷,present_common,H:\New folder\【新·PDF版】2008-2024·高考历史真题\版本2：历史（按省份分类）2008-2024\2008-2024·（青海）历史高考真题\2020年高考历史试卷（新课标Ⅱ）（空白卷）.pdf,papers/2020/历史/全国/新课标全国II卷/2020_历史_青海_新课标全国II卷_原卷.pdf,2
2020,历史,宁夏,老高考,2025,全国卷,common,新课标全国II卷,present_common,H:\New folder\【新·PDF版】2008-2024·高考历史真题\版本2：历史（按省份分类）2008-2024\2010-2024·（宁夏）历史高考真题\2020年高考历史试卷（新课标Ⅱ）（空白卷）.pdf,papers/2020/历史/全国/新课标全国II卷/2020_历史_宁夏_新课标全国II卷_原卷.pdf,2
2020,历史,新疆,老高考,,全国卷,common,新课标全国II卷,present_common,H:\New folder\【新·PDF版】2008-2024·高考历史真题\版本2：历史（按省份分类）2008-2024\2008-2024·（新疆）历史高考真题\2020年高考历史试卷（新课标Ⅱ）（空白卷）.pdf,papers/2020/历史/全国/新课标全国II卷/2020_历史_新疆_新课标全国II卷_原卷.pdf,2
2020,地理,河北,老高考,2021,全国卷,common,新课标全国I卷,present_common,H:\New folder\【新·PDF版】2008-2024·高考地理真题\版本2：地理（按省份分类）2008-2024\2008-2023·（河北）地理高考真题\2020年高考地理试卷（新课标Ⅰ）（空白卷）.pdf,papers/2020/地理/全国/新课标全国I卷/2020_地理_河北_新课标全国I卷_原卷.pdf,2
2020,地理,山西,老高考,2025,全国卷,common,新课标全国I卷,present_common,H:\New folder\【新·PDF版】2008-2024·高考地理真题\版本2：地理（按省份分类）2008-2024\2008-2024·（山西）地理高考真题\2020年高考地理试卷（新课标Ⅰ）（空白卷）.pdf,papers/2020/地理/全国/新课标全国I卷/2020_地理_山西_新课标全国I卷_原卷.pdf,2
2020,地理,内蒙古,老高考,2025,全国卷,common,新课标全国II卷,present_common,H:\New folder\【新·PDF版】2008-2024·高考地理真题\版本2：地理（按省份分类）2008-2024\2008-2024·（内蒙古）地理高考真题\2020年高考地理试卷（新课标Ⅱ）（空白卷）.pdf,papers/2020/地理/全国/新课标全国II卷/2020_地理_内蒙古_新课标全国II卷_原卷.pdf,2
2020,地理,辽宁,老高考,2021,全国卷,common,新课标全国II卷,present_common,H:\New folder\【新·PDF版】2008-2024·高考地理真题\版本2：地理（按省份分类）2008-2024\2010-2024·（辽宁）地理高考真题\2020年高考地理试卷（新课标Ⅱ）（空白卷）.pdf,papers/2020/地理/全国/新课标全国II卷/2020_地理_辽宁_新课标全国II卷_原卷.pdf,2
2020,地理,吉林,老高考,2024,全国卷,common,新课标全国II卷,present_common,H:\New folder\【新·PDF版】2008-2024·高考地理真题\版本2：地理（按省份分类）2008-2024\2008-2024·（吉林）地理高考真题\2020年高考地理试卷（新课标Ⅱ）（空白卷）.pdf,papers/2020/地理/全国/新课标全国II卷/2020_地理_吉林_新课标全国II卷_原卷.pdf,2
2020,地理,黑龙江,老高考,2024,全国卷,common,新课标全国II卷,present_common,H:\New folder\【新·PDF版】2008-2024·高考地理真题\版本2：地理（按省份分类）2008-2024\2008-2024·（黑龙江）地理高考真题\2020年高考地理试卷（新课标Ⅱ）（空白卷）.pdf,papers/2020/地理/全国/新课标全国II卷/2020_地理_黑龙江_新课标全国II卷_原卷.pdf,2
2020,地理,江苏,老高考,2021,地方/区域卷,local,江苏卷,present_local,H:\New folder\【新·PDF版】2008-2024·高考地理真题\版本2：地理（按省份分类）2008-2024\2008-2023·（江苏）地理高考真题\2020年高考地理试卷（江苏）（空白卷）.pdf,papers/2020/地理/江苏/江苏卷/2020_地理_江苏_江苏卷_原卷.pdf,2
2020,地理,安徽,老高考,2024,全国卷,common,新课标全国I卷,present_common,H:\New folder\【新·PDF版】2008-2024·高考地理真题\版本2：地理（按省份分类）2008-2024\2012-2024·（安徽）地理高考真题\2020年高考地理试卷（新课标Ⅰ）（空白卷）.pdf,papers/2020/地理/全国/新课标全国I卷/2020_地理_安徽_新课标全国I卷_原卷.pdf,2
2020,地理,福建,老高考,2021,全国卷,common,新课标全国I卷,present_common,H:\New folder\【新·PDF版】2008-2024·高考地理真题\版本2：地理（按省份分类）2008-2024\2012-2024·（福建）地理高考真题\2020年高考地理试卷（新课标Ⅰ）（空白卷）.pdf,papers/2020/地理/全国/新课标全国I卷/2020_地理_福建_新课标全国I卷_原卷.pdf,2
2020,地理,江西,老高考,2024,全国卷,common,新课标全国I卷,present_common,H:\New folder\【新·PDF版】2008-2024·高考地理真题\版本2：地理（按省份分类）2008-2024\2008-2024·（江西）地理高考真题\2020年高考地理试卷（新课标Ⅰ）（空白卷）.pdf,papers/2020/地理/全国/新课标全国I卷/2020_地理_江西_新课标全国I卷_原卷.pdf,2
2020,地理,河南,老高考,2025,全国卷,common,新课标全国I卷,present_common,H:\New folder\【新·PDF版】2008-2024·高考地理真题\版本2：地理（按省份分类）2008-2024\2008-2024·（河南）地理高考真题\2020年高考地理试卷（新课标Ⅰ）（空白卷）.pdf,papers/2020/地理/全国/新课标全国I卷/2020_地理_河南_新课标全国I卷_原卷.pdf,2
2020,地理,湖北,老高考,2021,全国卷,common,新课标全国I卷,present_common,H:\New folder\【新·PDF版】2008-2024·高考地理真题\版本2：地理（按省份分类）2008-2024\2008-2024·（湖北）地理高考真题\2020年高考地理试卷（新课标Ⅰ）（空白卷）.pdf,papers/2020/地理/全国/新课标全国I卷/2020_地理_湖北_新课标全国I卷_原卷.pdf,2
2020,地理,湖南,老高考,2021,全国卷,common,新课标全国I卷,present_common,H:\New folder\【新·PDF版】2008-2024·高考地理真题\版本2：地理（按省份分类）2008-2024\2008-2024·（湖南）地理高考真题\2020年高考地理试卷（新课标Ⅰ）（空白卷）.pdf,papers/2020/地理/全国/新课标全国I卷/2020_地理_湖南_新课标全国I卷_原卷.pdf,2
2020,地理,广东,老高考,2021,全国卷,common,新课标全国I卷,present_common,H:\New folder\【新·PDF版】2008-2024·高考地理真题\版本2：地理（按省份分类）2008-2024\2008-2024·（广东）地理高考真题\2020年高考地理试卷（新课标Ⅰ）（空白卷）.pdf,papers/2020/地理/全国/新课标全国I卷/2020_地理_广东_新课标全国I卷_原卷.pdf,2
2020,地理,广西,老高考,2024,全国卷,common,新课标全国III卷,present_common,H:\New folder\【新·PDF版】2008-2024·高考地理真题\版本2：地理（按省份分类）2008-2024\2008-2023·（广西）地理高考真题\2020年高考地理试卷（新课标Ⅲ）（空白卷）.pdf,papers/2020/地理/全国/新课标全国III卷/2020_地理_广西_新课标全国III卷_原卷.pdf,2
2020,地理,重庆,老高考,2021,全国卷,common,新课标全国II卷,present_common,H:\New folder\【新·PDF版】2008-2024·高考地理真题\版本2：地理（按省份分类）2008-2024\2012-2023·（重庆）地理高考真题\2020年高考地理试卷（新课标Ⅱ）（空白卷）.pdf,papers/2020/地理/全国/新课标全国II卷/2020_地理_重庆_新课标全国II卷_原卷.pdf,2
2020,地理,四川,老高考,2025,全国卷,common,新课标全国III卷,present_common,H:\New folder\【新·PDF版】2008-2024·高考地理真题\版本2：地理（按省份分类）2008-2024\2008-2024·（四川）地理高考真题\2020年高考地理试卷（新课标Ⅲ）（空白卷）.pdf,papers/2020/地理/全国/新课标全国III卷/2020_地理_四川_新课标全国III卷_原卷.pdf,2
2020,地理,贵州,老高考,2024,全国卷,common,新课标全国III卷,present_common,H:\New folder\【新·PDF版】2008-2024·高考地理真题\版本2：地理（按省份分类）2008-2024\2008-2023·（贵州）地理高考真题\2020年高考地理试卷（新课标Ⅲ）（空白卷）.pdf,papers/2020/地理/全国/新课标全国III卷/2020_地理_贵州_新课标全国III卷_原卷.pdf,2
2020,地理,云南,老高考,2025,全国卷,common,新课标全国III卷,present_common,H:\New folder\【新·PDF版】2008-2024·高考地理真题\版本2：地理（按省份分类）2008-2024\2008-2024·（云南）地理高考真题\2020年高考地理试卷（新课标Ⅲ）（空白卷）.pdf,papers/2020/地理/全国/新课标全国III卷/2020_地理_云南_新课标全国III卷_原卷.pdf,2
2020,地理,西藏,老高考,,全国卷,common,新课标全国III卷,present_common,H:\New folder\【新·PDF版】2008-2024·高考地理真题\版本2：地理（按省份分类）2008-2024\2008-2024·（西藏）地理高考真题\2020年高考地理试卷（新课标Ⅲ）（空白卷）.pdf,papers/2020/地理/全国/新课标全国III卷/2020_地理_西藏_新课标全国III卷_原卷.pdf,2
2020,地理,陕西,老高考,2025,全国卷,common,新课标全国II卷,present_common,H:\New folder\【新·PDF版】2008-2024·高考地理真题\版本2：地理（按省份分类）2008-2024\2008-2024·（陕西）地理高考真题\2020年高考地理试卷（新课标Ⅱ）（空白卷）.pdf,papers/2020/地理/全国/新课标全国II卷/2020_地理_陕西_新课标全国II卷_原卷.pdf,2
2020,地理,甘肃,老高考,2024,全国卷,common,新课标全国II卷,present_common,H:\New folder\【新·PDF版】2008-2024·高考地理真题\版本2：地理（按省份分类）2008-2024\2008-2024·（甘肃）地理高考真题\2020年高考地理试卷（新课标Ⅱ）（空白卷）.pdf,papers/2020/地理/全国/新课标全国II卷/2020_地理_甘肃_新课标全国II卷_原卷.pdf,2
2020,地理,青海,老高考,2025,全国卷,common,新课标全国II卷,present_common,H:\New folder\【新·PDF版】2008-2024·高考地理真题\版本2：地理（按省份分类）2008-2024\2008-2024·（青海）地理高考真题\2020年高考地理试卷（新课标Ⅱ）（空白卷）.pdf,papers/2020/地理/全国/新课标全国II卷/2020_地理_青海_新课标全国II卷_原卷.pdf,2
2020,地理,宁夏,老高考,2025,全国卷,common,新课标全国II卷,present_common,H:\New folder\【新·PDF版】2008-2024·高考地理真题\版本2：地理（按省份分类）2008-2024\2010-2024·（宁夏）地理高考真题\2020年高考地理试卷（新课标Ⅱ）（空白卷）.pdf,papers/2020/地理/全国/新课标全国II卷/2020_地理_宁夏_新课标全国II卷_原卷.pdf,2
2020,地理,新疆,老高考,,全国卷,common,新课标全国II卷,present_common,H:\New folder\【新·PDF版】2008-2024·高考地理真题\版本2：地理（按省份分类）2008-2024\2008-2024·（新疆）地理高考真题\2020年高考地理试卷（新课标Ⅱ）（空白卷）.pdf,papers/2020/地理/全国/新课标全国II卷/2020_地理_新疆_新课标全国II卷_原卷.pdf,2
2021,语文,山西,老高考,2025,全国卷,common,全国乙卷,present_common,H:\New folder\【新·PDF版】2008-2024·高考语文真题\版本2：语文（按省份分类）2008-2024\2008-2024·（山西）语文高考真题\2021年高考语文试卷（全国乙卷）（空白卷）(1).pdf,papers/2021/语文/全国/全国乙卷/2021_语文_山西_全国乙卷_原卷.pdf,3
2021,语文,内蒙古,老高考,2025,全国卷,common,全国乙卷,present_common,H:\New folder\【新·PDF版】2008-2024·高考语文真题\版本2：语文（按省份分类）2008-2024\2008-2024·（内蒙古）语文高考真题\2021年高考语文试卷（全国乙卷）（空白卷）.pdf,papers/2021/语文/全国/全国乙卷/2021_语文_内蒙古_全国乙卷_原卷.pdf,2
2021,语文,吉林,老高考,2024,全国卷,common,全国乙卷,present_common,H:\New folder\【新·PDF版】2008-2024·高考语文真题\版本2：语文（按省份分类）2008-2024\2008-2024·（吉林）语文高考真题\2021年高考语文试卷（全国乙卷）（空白卷）.pdf,papers/2021/语文/全国/全国乙卷/2021_语文_吉林_全国乙卷_原卷.pdf,2
2021,语文,黑龙江,老高考,2024,全国卷,common,全国乙卷,present_common,H:\New folder\【新·PDF版】2008-2024·高考语文真题\版本2：语文（按省份分类）2008-2024\2008-2024·（黑龙江）语文高考真题\2021年高考语文试卷（全国乙卷）（空白卷）.pdf,papers/2021/语文/全国/全国乙卷/2021_语文_黑龙江_全国乙卷_原卷.pdf,2
2021,语文,安徽,老高考,2024,全国卷,common,全国乙卷,present_common,H:\New folder\【新·PDF版】2008-2024·高考语文真题\版本2：语文（按省份分类）2008-2024\2012-2024·（安徽）语文高考真题\2021年高考语文试卷（全国乙卷）（空白卷）.pdf,papers/2021/语文/全国/全国乙卷/2021_语文_安徽_全国乙卷_原卷.pdf,1
2021,语文,江西,老高考,2024,全国卷,common,全国乙卷,present_common,H:\New folder\【新·PDF版】2008-2024·高考语文真题\版本2：语文（按省份分类）2008-2024\2012-2024·（江西）语文高考真题\2021年高考语文试卷（全国乙卷）（空白卷）.pdf,papers/2021/语文/全国/全国乙卷/2021_语文_江西_全国乙卷_原卷.pdf,3
2021,语文,河南,老高考,2025,全国卷,common,全国乙卷,present_common,H:\New folder\【新·PDF版】2008-2024·高考语文真题\版本2：语文（按省份分类）2008-2024\2008-2024·（河南）语文高考真题\2021年高考语文试卷（全国乙卷）（空白卷）.pdf,papers/2021/语文/全国/全国乙卷/2021_语文_河南_全国乙卷_原卷.pdf,2
2021,语文,广西,老高考,2024,全国卷,common,全国甲卷,present_common,H:\New folder\【新·PDF版】2008-2024·高考语文真题\版本2：语文（按省份分类）2008-2024\2008-2024·（广西）语文高考真题\2021年高考语文试卷（全国甲卷）（空白卷）.pdf,papers/2021/语文/全国/全国甲卷/2021_语文_广西_全国甲卷_原卷.pdf,2
2021,语文,四川,老高考,2025,全国卷,common,全国甲卷,present_common,H:\New folder\【新·PDF版】2008-2024·高考语文真题\版本2：语文（按省份分类）2008-2024\2008-2024·（四川）语文高考真题\2021年高考语文试卷（全国甲卷）（空白卷）.pdf,papers/2021/语文/全国/全国甲卷/2021_语文_四川_全国甲卷_原卷.pdf,2
2021,语文,贵州,老高考,2024,全国卷,common,全国甲卷,present_common,H:\New folder\【新·PDF版】2008-2024·高考语文真题\版本2：语文（按省份分类）2008-2024\2008-2024·（贵州）语文高考真题\2021年高考语文试卷（全国甲卷）（空白卷）.pdf,papers/2021/语文/全国/全国甲卷/2021_语文_贵州_全国甲卷_原卷.pdf,2
2021,语文,云南,老高考,2025,全国卷,common,全国甲卷,present_common,H:\New folder\【新·PDF版】2008-2024·高考语文真题\版本2：语文（按省份分类）2008-2024\2008-2024·（云南）语文高考真题\2021年高考语文试卷（全国甲卷）（空白卷）.pdf,papers/2021/语文/全国/全国甲卷/2021_语文_云南_全国甲卷_原卷.pdf,2
2021,语文,西藏,老高考,,全国卷,common,全国甲卷,present_common,H:\New folder\【新·PDF版】2008-2024·高考语文真题\版本2：语文（按省份分类）2008-2024\2008-2024·（西藏）语文高考真题\2021年高考语文试卷（全国甲卷）（空白卷）.pdf,papers/2021/语文/全国/全国甲卷/2021_语文_西藏_全国甲卷_原卷.pdf,3
2021,语文,陕西,老高考,2025,全国卷,common,全国乙卷,present_common,H:\New folder\【新·PDF版】2008-2024·高考语文真题\版本2：语文（按省份分类）2008-2024\2008-2024·（陕西）语文高考真题\2021年高考语文试卷（全国乙卷）（空白卷）.pdf,papers/2021/语文/全国/全国乙卷/2021_语文_陕西_全国乙卷_原卷.pdf,4
2021,语文,甘肃,老高考,2024,全国卷,common,全国乙卷,present_common,H:\New folder\【新·PDF版】2008-2024·高考语文真题\版本2：语文（按省份分类）2008-2024\2008-2024·（甘肃）语文高考真题\2021年高考语文试卷（全国乙卷）（空白卷）.pdf,papers/2021/语文/全国/全国乙卷/2021_语文_甘肃_全国乙卷_原卷.pdf,2
2021,语文,青海,老高考,2025,全国卷,common,全国乙卷,present_common,H:\New folder\【新·PDF版】2008-2024·高考语文真题\版本2：语文（按省份分类）2008-2024\2008-2024·（青海）语文高考真题\2021年高考语文试卷（全国乙卷）（空白卷）.pdf,papers/2021/语文/全国/全国乙卷/2021_语文_青海_全国乙卷_原卷.pdf,2
2021,语文,宁夏,老高考,2025,全国卷,common,全国乙卷,present_common,H:\New folder\【新·PDF版】2008-2024·高考语文真题\版本2：语文（按省份分类）2008-2024\2008-2024·（宁夏）语文高考真题\2021年高考语文试卷（全国乙卷）（空白卷）.pdf,papers/2021/语文/全国/全国乙卷/2021_语文_宁夏_全国乙卷_原卷.pdf,2
2021,语文,新疆,老高考,,全国卷,common,全国乙卷,present_common,H:\New folder\【新·PDF版】2008-2024·高考语文真题\版本2：语文（按省份分类）2008-2024\2008-2024·（新疆）语文高考真题\2021年高考语文试卷（全国乙卷）（空白卷）.pdf,papers/2021/语文/全国/全国乙卷/2021_语文_新疆_全国乙卷_原卷.pdf,2
2021,数学,山西,老高考,2025,全国卷,common,新课标全国I卷,present_common,H:\New folder\【新】2008-2024·高考数学真题\【PDF版】2008-2024·高考数学真题\版本2：数学（按省份分类）2008-2024\2008-2024·（山西）数学高考真题\2021年高考数学试卷（文）（全国乙卷）（新课标Ⅰ）（空白卷）.pdf,papers/2021/数学/全国/新课标全国I卷/2021_数学_山西_新课标全国I卷_原卷.pdf,4
2021,数学,内蒙古,老高考,2025,全国卷,common,新课标全国I卷,present_common,H:\New folder\【新】2008-2024·高考数学真题\【PDF版】2008-2024·高考数学真题\版本2：数学（按省份分类）2008-2024\2008-2024·（内蒙古）数学高考真题\2021年高考数学试卷（文）（全国乙卷）（新课标Ⅰ）（空白卷）.pdf,papers/2021/数学/全国/新课标全国I卷/2021_数学_内蒙古_新课标全国I卷_原卷.pdf,4
2021,数学,吉林,老高考,2024,全国卷,common,新课标全国I卷,present_common,H:\New folder\【新】2008-2024·高考数学真题\【PDF版】2008-2024·高考数学真题\版本2：数学（按省份分类）2008-2024\2008-2024·（吉林）数学高考真题\2021年高考数学试卷（文）（全国乙卷）（新课标Ⅰ）（空白卷）.pdf,papers/2021/数学/全国/新课标全国I卷/2021_数学_吉林_新课标全国I卷_原卷.pdf,4
2021,数学,黑龙江,老高考,2024,全国卷,common,新课标全国I卷,present_common,H:\New folder\【新】2008-2024·高考数学真题\【PDF版】2008-2024·高考数学真题\版本2：数学（按省份分类）2008-2024\2008-2024·（黑龙江）数学高考真题\2021年高考数学试卷（文）（全国乙卷）（新课标Ⅰ）（空白卷）.pdf,papers/2021/数学/全国/新课标全国I卷/2021_数学_黑龙江_新课标全国I卷_原卷.pdf,4
2021,数学,安徽,老高考,2024,全国卷,common,新课标全国I卷,present_common,H:\New folder\【新】2008-2024·高考数学真题\【PDF版】2008-2024·高考数学真题\版本2：数学（按省份分类）2008-2024\2012-2024·（安徽）数学高考真题\2021年高考数学试卷（文）（全国乙卷）（新课标Ⅰ）（空白卷）.pdf,papers/2021/数学/全国/新课标全国I卷/2021_数学_安徽_新课标全国I卷_原卷.pdf,4
2021,数学,江西,老高考,2024,全国卷,common,新课标全国I卷,present_common,H:\New folder\【新】2008-2024·高考数学真题\【PDF版】2008-2024·高考数学真题\版本2：数学（按省份分类）2008-2024\2008-2024·（江西）数学高考真题\2021年高考数学试卷（文）（全国乙卷）（新课标Ⅰ）（空白卷）.pdf,papers/2021/数学/全国/新课标全国I卷/2021_数学_江西_新课标全国I卷_原卷.pdf,4
2021,数学,河南,老高考,2025,全国卷,common,新课标全国I卷,present_common,H:\New folder\【新】2008-2024·高考数学真题\【PDF版】2008-2024·高考数学真题\版本2：数学（按省份分类）2008-2024\2008-2024·（河南）数学高考真题\2021年高考数学试卷（文）（全国乙卷）（新课标Ⅰ）（空白卷）.pdf,papers/2021/数学/全国/新课标全国I卷/2021_数学_河南_新课标全国I卷_原卷.pdf,4
2021,数学,广西,老高考,2024,全国卷,common,全国甲卷,present_common,H:\New folder\【新】2008-2024·高考数学真题\【PDF版】2008-2024·高考数学真题\版本2：数学（按省份分类）2008-2024\2008-2024·（广西）数学高考真题\2021年高考数学试卷（文）（全国甲卷）（空白卷）.pdf,papers/2021/数学/全国/全国甲卷/2021_数学_广西_全国甲卷_原卷.pdf,4
2021,数学,四川,老高考,2025,全国卷,common,全国甲卷,present_common,H:\New folder\【新】2008-2024·高考数学真题\【PDF版】2008-2024·高考数学真题\版本2：数学（按省份分类）2008-2024\2008-2024·（四川）数学高考真题\2021年高考数学试卷（文）（全国甲卷）（空白卷）.pdf,papers/2021/数学/全国/全国甲卷/2021_数学_四川_全国甲卷_原卷.pdf,4
2021,数学,贵州,老高考,2024,全国卷,common,全国甲卷,present_common,H:\New folder\【新】2008-2024·高考数学真题\【PDF版】2008-2024·高考数学真题\版本2：数学（按省份分类）2008-2024\2008-2024·（贵州）数学高考真题\2021年高考数学试卷（文）（全国甲卷）（空白卷）.pdf,papers/2021/数学/全国/全国甲卷/2021_数学_贵州_全国甲卷_原卷.pdf,4
2021,数学,云南,老高考,2025,全国卷,common,全国甲卷,present_common,H:\New folder\【新】2008-2024·高考数学真题\【PDF版】2008-2024·高考数学真题\版本2：数学（按省份分类）2008-2024\2008-2024·（云南）数学高考真题\2021年高考数学试卷（文）（全国甲卷）（空白卷）.pdf,papers/2021/数学/全国/全国甲卷/2021_数学_云南_全国甲卷_原卷.pdf,4
2021,数学,西藏,老高考,,全国卷,common,全国甲卷,present_common,H:\New folder\【新】2008-2024·高考数学真题\【PDF版】2008-2024·高考数学真题\版本2：数学（按省份分类）2008-2024\2008-2024·（西藏）数学高考真题\2021年高考数学试卷（文）（全国甲卷）（空白卷）.pdf,papers/2021/数学/全国/全国甲卷/2021_数学_西藏_全国甲卷_原卷.pdf,4
2021,数学,陕西,老高考,2025,全国卷,common,新课标全国I卷,present_common,H:\New folder\【新】2008-2024·高考数学真题\【PDF版】2008-2024·高考数学真题\版本2：数学（按省份分类）2008-2024\2008-2024·（陕西）数学高考真题\2021年高考数学试卷（文）（全国乙卷）（新课标Ⅰ）（空白卷）.pdf,papers/2021/数学/全国/新课标全国I卷/2021_数学_陕西_新课标全国I卷_原卷.pdf,4
2021,数学,甘肃,老高考,2024,全国卷,common,新课标全国I卷,present_common,H:\New folder\【新】2008-2024·高考数学真题\【PDF版】2008-2024·高考数学真题\版本2：数学（按省份分类）2008-2024\2008-2024·（甘肃）数学高考真题\2021年高考数学试卷（文）（全国乙卷）（新课标Ⅰ）（空白卷）.pdf,papers/2021/数学/全国/新课标全国I卷/2021_数学_甘肃_新课标全国I卷_原卷.pdf,4
2021,数学,青海,老高考,2025,全国卷,common,新课标全国I卷,present_common,H:\New folder\【新】2008-2024·高考数学真题\【PDF版】2008-2024·高考数学真题\版本2：数学（按省份分类）2008-2024\2008-2024·（青海）数学高考真题\2021年高考数学试卷（文）（全国乙卷）（新课标Ⅰ）（空白卷）.pdf,papers/2021/数学/全国/新课标全国I卷/2021_数学_青海_新课标全国I卷_原卷.pdf,4
2021,数学,宁夏,老高考,2025,全国卷,common,新课标全国I卷,present_common,H:\New folder\【新】2008-2024·高考数学真题\【PDF版】2008-2024·高考数学真题\版本2：数学（按省份分类）2008-2024\2008-2024·（宁夏）数学高考真题\2021年高考数学试卷（文）（全国乙卷）（新课标Ⅰ）（空白卷）.pdf,papers/2021/数学/全国/新课标全国I卷/2021_数学_宁夏_新课标全国I卷_原卷.pdf,4
2021,数学,新疆,老高考,,全国卷,common,新课标全国I卷,present_common,H:\New folder\【新】2008-2024·高考数学真题\【PDF版】2008-2024·高考数学真题\版本2：数学（按省份分类）2008-2024\2008-2024·（新疆）数学高考真题\2021年高考数学试卷（文）（全国乙卷）（新课标Ⅰ）（空白卷）.pdf,papers/2021/数学/全国/新课标全国I卷/2021_数学_新疆_新课标全国I卷_原卷.pdf,4
2021,英语,山西,老高考,2025,全国卷,common,新课标全国I卷,present_common,H:\New folder\【新·PDF版】2008-2024·高考英语真题\版本2：英语（按省份分类）2008-2024\2008-2024·（山西）英语高考真题\2021年高考英语试卷（全国乙卷）（新课标Ⅰ）听力音频.mp3,papers/2021/英语/全国/新课标全国I卷/2021_英语_山西_新课标全国I卷_原卷.mp3,3
2021,英语,内蒙古,老高考,2025,全国卷,common,新课标全国I卷,present_common,H:\New folder\【新·PDF版】2008-2024·高考英语真题\版本2：英语（按省份分类）2008-2024\2008-2024·（内蒙古）英语高考真题\2021年高考英语试卷（全国乙卷）（新课标Ⅰ）听力音频.mp3,papers/2021/英语/全国/新课标全国I卷/2021_英语_内蒙古_新课标全国I卷_原卷.mp3,3
2021,英语,吉林,老高考,2024,全国卷,common,新课标全国I卷,present_common,H:\New folder\【新·PDF版】2008-2024·高考英语真题\版本2：英语（按省份分类）2008-2024\2008-2024·（吉林）英语高考真题\2021年高考英语试卷（全国乙卷）（新课标Ⅰ）听力音频.mp3,papers/2021/英语/全国/新课标全国I卷/2021_英语_吉林_新课标全国I卷_原卷.mp3,3
2021,英语,黑龙江,老高考,2024,全国卷,common,新课标全国I卷,present_common,H:\New folder\【新·PDF版】2008-2024·高考英语真题\版本2：英语（按省份分类）2008-2024\2008-2024·（黑龙江）英语高考真题\2021年高考英语试卷（全国乙卷）（新课标Ⅰ）听力音频.mp3,papers/2021/英语/全国/新课标全国I卷/2021_英语_黑龙江_新课标全国I卷_原卷.mp3,3
2021,英语,安徽,老高考,2024,全国卷,common,新课标全国I卷,present_common,H:\New folder\【新·PDF版】2008-2024·高考英语真题\版本2：英语（按省份分类）2008-2024\2012-2024·（安徽）英语高考真题\2021年高考英语试卷（全国乙卷）（新课标Ⅰ）听力音频.mp3,papers/2021/英语/全国/新课标全国I卷/2021_英语_安徽_新课标全国I卷_原卷.mp3,3
2021,英语,江西,老高考,2024,全国卷,common,新课标全国I卷,present_common,H:\New folder\【新·PDF版】2008-2024·高考英语真题\版本2：英语（按省份分类）2008-2024\2012-2024·（江西）英语高考真题\2021年高考英语试卷（全国乙卷）（新课标Ⅰ）听力音频.mp3,papers/2021/英语/全国/新课标全国I卷/2021_英语_江西_新课标全国I卷_原卷.mp3,3
2021,英语,河南,老高考,2025,全国卷,common,新课标全国I卷,present_common,H:\New folder\【新·PDF版】2008-2024·高考英语真题\版本2：英语（按省份分类）2008-2024\2008-2024·（河南）英语高考真题\2021年高考英语试卷（全国乙卷）（新课标Ⅰ）听力音频.mp3,papers/2021/英语/全国/新课标全国I卷/2021_英语_河南_新课标全国I卷_原卷.mp3,3
2021,英语,广西,老高考,2024,全国卷,common,全国甲卷,present_common,H:\New folder\【新·PDF版】2008-2024·高考英语真题\版本2：英语（按省份分类）2008-2024\2008-2024·（广西）英语高考真题\2021年高考英语试卷（全国甲卷）听力音频.mp3,papers/2021/英语/全国/全国甲卷/2021_英语_广西_全国甲卷_原卷.mp3,3
2021,英语,四川,老高考,2025,全国卷,common,全国甲卷,present_common,H:\New folder\【新·PDF版】2008-2024·高考英语真题\版本2：英语（按省份分类）2008-2024\2008-2024·（四川）英语高考真题\2021年高考英语试卷（全国甲卷）听力音频.mp3,papers/2021/英语/全国/全国甲卷/2021_英语_四川_全国甲卷_原卷.mp3,3
2021,英语,贵州,老高考,2024,全国卷,common,全国甲卷,present_common,H:\New folder\【新·PDF版】2008-2024·高考英语真题\版本2：英语（按省份分类）2008-2024\2008-2024·（贵州）英语高考真题\2021年高考英语试卷（全国甲卷）听力音频.mp3,papers/2021/英语/全国/全国甲卷/2021_英语_贵州_全国甲卷_原卷.mp3,3
2021,英语,云南,老高考,2025,全国卷,common,全国甲卷,present_common,H:\New folder\【新·PDF版】2008-2024·高考英语真题\版本2：英语（按省份分类）2008-2024\2008-2024·（云南）英语高考真题\2021年高考英语试卷（全国甲卷）听力音频.mp3,papers/2021/英语/全国/全国甲卷/2021_英语_云南_全国甲卷_原卷.mp3,3
2021,英语,西藏,老高考,,全国卷,common,全国甲卷,present_common,H:\New folder\【新·PDF版】2008-2024·高考英语真题\版本2：英语（按省份分类）2008-2024\2008-2024·（西藏）英语高考真题\2021年高考英语试卷（全国甲卷）听力音频.mp3,papers/2021/英语/全国/全国甲卷/2021_英语_西藏_全国甲卷_原卷.mp3,3
2021,英语,陕西,老高考,2025,全国卷,common,新课标全国I卷,present_common,H:\New folder\【新·PDF版】2008-2024·高考英语真题\版本2：英语（按省份分类）2008-2024\2008-2024·（陕西）英语高考真题\2021年高考英语试卷（全国乙卷）（新课标Ⅰ）听力音频.mp3,papers/2021/英语/全国/新课标全国I卷/2021_英语_陕西_新课标全国I卷_原卷.mp3,3
2021,英语,甘肃,老高考,2024,全国卷,common,新课标全国I卷,present_common,H:\New folder\【新·PDF版】2008-2024·高考英语真题\版本2：英语（按省份分类）2008-2024\2008-2024·（甘肃）英语高考真题\2021年高考英语试卷（全国乙卷）（新课标Ⅰ）听力音频.mp3,papers/2021/英语/全国/新课标全国I卷/2021_英语_甘肃_新课标全国I卷_原卷.mp3,3
2021,英语,青海,老高考,2025,全国卷,common,新课标全国I卷,present_common,H:\New folder\【新·PDF版】2008-2024·高考英语真题\版本2：英语（按省份分类）2008-2024\2008-2024·（青海）英语高考真题\2021年高考英语试卷（全国乙卷）（新课标Ⅰ）听力音频.mp3,papers/2021/英语/全国/新课标全国I卷/2021_英语_青海_新课标全国I卷_原卷.mp3,3
2021,英语,宁夏,老高考,2025,全国卷,common,新课标全国I卷,present_common,H:\New folder\【新·PDF版】2008-2024·高考英语真题\版本2：英语（按省份分类）2008-2024\2008-2024·（宁夏）英语高考真题\2021年高考英语试卷（全国乙卷）（新课标Ⅰ）听力音频.mp3,papers/2021/英语/全国/新课标全国I卷/2021_英语_宁夏_新课标全国I卷_原卷.mp3,3
2021,英语,新疆,老高考,,全国卷,common,新课标全国I卷,present_common,H:\New folder\【新·PDF版】2008-2024·高考英语真题\版本2：英语（按省份分类）2008-2024\2008-2024·（新疆）英语高考真题\2021年高考英语试卷（全国乙卷）（新课标Ⅰ）听力音频.mp3,papers/2021/英语/全国/新课标全国I卷/2021_英语_新疆_新课标全国I卷_原卷.mp3,3
2021,物理,山西,老高考,2025,全国卷,common,全国乙卷,present_common,H:\New folder\【新·PDF版】2008-2024·高考物理真题\版本2：物理（按省份分类）2008-2024\2008-2024·（山西）物理高考真题\2021年高考物理试卷（全国乙卷）（空白卷）.pdf,papers/2021/物理/全国/全国乙卷/2021_物理_山西_全国乙卷_原卷.pdf,2
2021,物理,内蒙古,老高考,2025,全国卷,common,全国乙卷,present_common,H:\New folder\【新·PDF版】2008-2024·高考物理真题\版本2：物理（按省份分类）2008-2024\2008-2024·（内蒙古）物理高考真题\2021年高考物理试卷（全国乙卷）（空白卷）.pdf,papers/2021/物理/全国/全国乙卷/2021_物理_内蒙古_全国乙卷_原卷.pdf,2
2021,物理,吉林,老高考,2024,全国卷,common,全国乙卷,present_common,H:\New folder\【新·PDF版】2008-2024·高考物理真题\版本2：物理（按省份分类）2008-2024\2008-2024·（吉林）物理高考真题\2021年高考物理试卷（全国乙卷）（空白卷）.pdf,papers/2021/物理/全国/全国乙卷/2021_物理_吉林_全国乙卷_原卷.pdf,2
2021,物理,黑龙江,老高考,2024,全国卷,common,全国乙卷,present_common,H:\New folder\【新·PDF版】2008-2024·高考物理真题\版本2：物理（按省份分类）2008-2024\2008-2024·（黑龙江）物理高考真题\2021年高考物理试卷（全国乙卷）（空白卷）.pdf,papers/2021/物理/全国/全国乙卷/2021_物理_黑龙江_全国乙卷_原卷.pdf,2
2021,物理,安徽,老高考,2024,全国卷,common,全国乙卷,present_common,H:\New folder\【新·PDF版】2008-2024·高考物理真题\版本2：物理（按省份分类）2008-2024\2012-2024·（安徽）物理高考真题\2021年高考物理试卷（全国乙卷）（空白卷）.pdf,papers/2021/物理/全国/全国乙卷/2021_物理_安徽_全国乙卷_原卷.pdf,2
2021,物理,江西,老高考,2024,全国卷,common,全国乙卷,present_common,H:\New folder\【新·PDF版】2008-2024·高考物理真题\版本2：物理（按省份分类）2008-2024\2008-2024·（江西）物理高考真题\2021年高考物理试卷（全国乙卷）（空白卷）.pdf,papers/2021/物理/全国/全国乙卷/2021_物理_江西_全国乙卷_原卷.pdf,2
2021,物理,河南,老高考,2025,全国卷,common,全国乙卷,present_common,H:\New folder\【新·PDF版】2008-2024·高考物理真题\版本2：物理（按省份分类）2008-2024\2008-2024·（河南）物理高考真题\2021年高考物理试卷（全国乙卷）（空白卷）.pdf,papers/2021/物理/全国/全国乙卷/2021_物理_河南_全国乙卷_原卷.pdf,2
2021,物理,广西,老高考,2024,全国卷,common,全国甲卷,present_common,H:\New folder\【新·PDF版】2008-2024·高考物理真题\版本2：物理（按省份分类）2008-2024\2008-2024·（广西）物理高考真题\2021年高考物理试卷（全国甲卷）（空白卷）.pdf,papers/2021/物理/全国/全国甲卷/2021_物理_广西_全国甲卷_原卷.pdf,2
2021,物理,四川,老高考,2025,全国卷,common,全国甲卷,present_common,H:\New folder\【新·PDF版】2008-2024·高考物理真题\版本2：物理（按省份分类）2008-2024\2008-2024·（四川）物理高考真题\2021年高考物理试卷（全国甲卷）（空白卷）.pdf,papers/2021/物理/全国/全国甲卷/2021_物理_四川_全国甲卷_原卷.pdf,2
2021,物理,贵州,老高考,2024,全国卷,common,全国甲卷,present_common,H:\New folder\【新·PDF版】2008-2024·高考物理真题\版本2：物理（按省份分类）2008-2024\2008-2023·（贵州）物理高考真题\2021年高考物理试卷（全国甲卷）（空白卷）.pdf,papers/2021/物理/全国/全国甲卷/2021_物理_贵州_全国甲卷_原卷.pdf,2
2021,物理,云南,老高考,2025,全国卷,common,全国甲卷,present_common,H:\New folder\【新·PDF版】2008-2024·高考物理真题\版本2：物理（按省份分类）2008-2024\2008-2024·（云南）物理高考真题\2021年高考物理试卷（全国甲卷）（空白卷）.pdf,papers/2021/物理/全国/全国甲卷/2021_物理_云南_全国甲卷_原卷.pdf,2
2021,物理,西藏,老高考,,全国卷,common,全国甲卷,present_common,H:\New folder\【新·PDF版】2008-2024·高考物理真题\版本2：物理（按省份分类）2008-2024\2008-2024·（西藏）物理高考真题\2021年高考物理试卷（全国甲卷）（空白卷）.pdf,papers/2021/物理/全国/全国甲卷/2021_物理_西藏_全国甲卷_原卷.pdf,2
2021,物理,陕西,老高考,2025,全国卷,common,全国乙卷,present_common,H:\New folder\【新·PDF版】2008-2024·高考物理真题\版本2：物理（按省份分类）2008-2024\2008-2024·（陕西）物理高考真题\2021年高考物理试卷（全国乙卷）（空白卷）.pdf,papers/2021/物理/全国/全国乙卷/2021_物理_陕西_全国乙卷_原卷.pdf,2
2021,物理,甘肃,老高考,2024,全国卷,common,全国乙卷,present_common,H:\New folder\【新·PDF版】2008-2024·高考物理真题\版本2：物理（按省份分类）2008-2024\2008-2024·（甘肃）物理高考真题\2021年高考物理试卷（全国乙卷）（空白卷）.pdf,papers/2021/物理/全国/全国乙卷/2021_物理_甘肃_全国乙卷_原卷.pdf,2
2021,物理,青海,老高考,2025,全国卷,common,全国乙卷,present_common,H:\New folder\【新·PDF版】2008-2024·高考物理真题\版本2：物理（按省份分类）2008-2024\2008-2024·（青海）物理高考真题\2021年高考物理试卷（全国乙卷）（空白卷）.pdf,papers/2021/物理/全国/全国乙卷/2021_物理_青海_全国乙卷_原卷.pdf,2
2021,物理,宁夏,老高考,2025,全国卷,common,全国乙卷,present_common,H:\New folder\【新·PDF版】2008-2024·高考物理真题\版本2：物理（按省份分类）2008-2024\2010-2024·（宁夏）物理高考真题\2021年高考物理试卷（全国乙卷）（空白卷）.pdf,papers/2021/物理/全国/全国乙卷/2021_物理_宁夏_全国乙卷_原卷.pdf,2
2021,物理,新疆,老高考,,全国卷,common,全国乙卷,present_common,H:\New folder\【新·PDF版】2008-2024·高考物理真题\版本2：物理（按省份分类）2008-2024\2008-2024·（新疆）物理高考真题\2021年高考物理试卷（全国乙卷）（空白卷）.pdf,papers/2021/物理/全国/全国乙卷/2021_物理_新疆_全国乙卷_原卷.pdf,2
2021,化学,山西,老高考,2025,全国卷,common,全国乙卷,present_common,H:\New folder\【新·PDF版】2008-2024·高考化学真题\版本2：化学（按省份分类）2008-2024\2008-2024·（山西）化学高考真题\2021年高考化学试卷（全国乙卷）（空白卷）.pdf,papers/2021/化学/全国/全国乙卷/2021_化学_山西_全国乙卷_原卷.pdf,2
2021,化学,内蒙古,老高考,2025,全国卷,common,全国乙卷,present_common,H:\New folder\【新·PDF版】2008-2024·高考化学真题\版本2：化学（按省份分类）2008-2024\2008-2024·（内蒙古）化学高考真题\2021年高考化学试卷（全国乙卷）（空白卷）.pdf,papers/2021/化学/全国/全国乙卷/2021_化学_内蒙古_全国乙卷_原卷.pdf,2
2021,化学,吉林,老高考,2024,全国卷,common,全国乙卷,present_common,H:\New folder\【新·PDF版】2008-2024·高考化学真题\版本2：化学（按省份分类）2008-2024\2008-2024·（吉林）化学高考真题\2021年高考化学试卷（全国乙卷）（空白卷）.pdf,papers/2021/化学/全国/全国乙卷/2021_化学_吉林_全国乙卷_原卷.pdf,2
2021,化学,黑龙江,老高考,2024,全国卷,common,全国乙卷,present_common,H:\New folder\【新·PDF版】2008-2024·高考化学真题\版本2：化学（按省份分类）2008-2024\2008-2024·（黑龙江）化学高考真题\2021年高考化学试卷（全国乙卷）（空白卷）.pdf,papers/2021/化学/全国/全国乙卷/2021_化学_黑龙江_全国乙卷_原卷.pdf,2
2021,化学,安徽,老高考,2024,全国卷,common,全国乙卷,present_common,H:\New folder\【新·PDF版】2008-2024·高考化学真题\版本2：化学（按省份分类）2008-2024\2012-2024·（安徽）化学高考真题\2021年高考化学试卷（全国乙卷）（空白卷）.pdf,papers/2021/化学/全国/全国乙卷/2021_化学_安徽_全国乙卷_原卷.pdf,2
2021,化学,江西,老高考,2024,全国卷,common,全国乙卷,present_common,H:\New folder\【新·PDF版】2008-2024·高考化学真题\版本2：化学（按省份分类）2008-2024\2008-2023·（江西）化学高考真题\2021年高考化学试卷（全国乙卷）（空白卷）.pdf,papers/2021/化学/全国/全国乙卷/2021_化学_江西_全国乙卷_原卷.pdf,2
2021,化学,河南,老高考,2025,全国卷,common,全国乙卷,present_common,H:\New folder\【新·PDF版】2008-2024·高考化学真题\版本2：化学（按省份分类）2008-2024\2008-2024·（河南）化学高考真题\2021年高考化学试卷（全国乙卷）（空白卷）.pdf,papers/2021/化学/全国/全国乙卷/2021_化学_河南_全国乙卷_原卷.pdf,2
2021,化学,广西,老高考,2024,全国卷,common,全国甲卷,present_common,H:\New folder\【新·PDF版】2008-2024·高考化学真题\版本2：化学（按省份分类）2008-2024\2008-2023·（广西）化学高考真题\2021年高考化学试卷（全国甲卷）（空白卷）.pdf,papers/2021/化学/全国/全国甲卷/2021_化学_广西_全国甲卷_原卷.pdf,2
2021,化学,四川,老高考,2025,全国卷,common,全国甲卷,present_common,H:\New folder\【新·PDF版】2008-2024·高考化学真题\版本2：化学（按省份分类）2008-2024\2008-2024·（四川）化学高考真题\2021年高考化学试卷（全国甲卷）（空白卷）.pdf,papers/2021/化学/全国/全国甲卷/2021_化学_四川_全国甲卷_原卷.pdf,2
2021,化学,贵州,老高考,2024,全国卷,common,全国甲卷,present_common,H:\New folder\【新·PDF版】2008-2024·高考化学真题\版本2：化学（按省份分类）2008-2024\2008-2023·（贵州）化学高考真题\2021年高考化学试卷（全国甲卷）（空白卷）.pdf,papers/2021/化学/全国/全国甲卷/2021_化学_贵州_全国甲卷_原卷.pdf,2
2021,化学,云南,老高考,2025,全国卷,common,全国甲卷,present_common,H:\New folder\【新·PDF版】2008-2024·高考化学真题\版本2：化学（按省份分类）2008-2024\2008-2024·（云南）化学高考真题\2021年高考化学试卷（全国甲卷）（空白卷）.pdf,papers/2021/化学/全国/全国甲卷/2021_化学_云南_全国甲卷_原卷.pdf,2
2021,化学,西藏,老高考,,全国卷,common,全国甲卷,present_common,H:\New folder\【新·PDF版】2008-2024·高考化学真题\版本2：化学（按省份分类）2008-2024\2008-2024·（西藏）化学高考真题\2021年高考化学试卷（全国甲卷）（空白卷）.pdf,papers/2021/化学/全国/全国甲卷/2021_化学_西藏_全国甲卷_原卷.pdf,2
2021,化学,陕西,老高考,2025,全国卷,common,全国乙卷,present_common,H:\New folder\【新·PDF版】2008-2024·高考化学真题\版本2：化学（按省份分类）2008-2024\2008-2024·（陕西）化学高考真题\2021年高考化学试卷（全国乙卷）（空白卷）.pdf,papers/2021/化学/全国/全国乙卷/2021_化学_陕西_全国乙卷_原卷.pdf,2
2021,化学,甘肃,老高考,2024,全国卷,common,全国乙卷,present_common,H:\New folder\【新·PDF版】2008-2024·高考化学真题\版本2：化学（按省份分类）2008-2024\2008-2024·（甘肃）化学高考真题\2021年高考化学试卷（全国乙卷）（空白卷）.pdf,papers/2021/化学/全国/全国乙卷/2021_化学_甘肃_全国乙卷_原卷.pdf,2
2021,化学,青海,老高考,2025,全国卷,common,全国乙卷,present_common,H:\New folder\【新·PDF版】2008-2024·高考化学真题\版本2：化学（按省份分类）2008-2024\2008-2024·（青海）化学高考真题\2021年高考化学试卷（全国乙卷）（空白卷）.pdf,papers/2021/化学/全国/全国乙卷/2021_化学_青海_全国乙卷_原卷.pdf,2
2021,化学,宁夏,老高考,2025,全国卷,common,全国乙卷,present_common,H:\New folder\【新·PDF版】2008-2024·高考化学真题\版本2：化学（按省份分类）2008-2024\2010-2024·（宁夏）化学高考真题\2021年高考化学试卷（全国乙卷）（空白卷）.pdf,papers/2021/化学/全国/全国乙卷/2021_化学_宁夏_全国乙卷_原卷.pdf,2
2021,化学,新疆,老高考,,全国卷,common,全国乙卷,present_common,H:\New folder\【新·PDF版】2008-2024·高考化学真题\版本2：化学（按省份分类）2008-2024\2008-2024·（新疆）化学高考真题\2021年高考化学试卷（全国乙卷）（空白卷）.pdf,papers/2021/化学/全国/全国乙卷/2021_化学_新疆_全国乙卷_原卷.pdf,2
2021,生物,山西,老高考,2025,全国卷,common,全国乙卷,present_common,H:\New folder\【新·PDF版】2008-2024·高考生物真题\版本2：生物（按省份分类）2008-2024\2008-2024·（山西）生物高考真题\2021年高考生物试卷（全国乙卷）（空白卷）.pdf,papers/2021/生物/全国/全国乙卷/2021_生物_山西_全国乙卷_原卷.pdf,2
2021,生物,内蒙古,老高考,2025,全国卷,common,全国乙卷,present_common,H:\New folder\【新·PDF版】2008-2024·高考生物真题\版本2：生物（按省份分类）2008-2024\2008-2024·（内蒙古）生物高考真题\2021年高考生物试卷（全国乙卷）（空白卷）.pdf,papers/2021/生物/全国/全国乙卷/2021_生物_内蒙古_全国乙卷_原卷.pdf,2
2021,生物,吉林,老高考,2024,全国卷,common,全国乙卷,present_common,H:\New folder\【新·PDF版】2008-2024·高考生物真题\版本2：生物（按省份分类）2008-2024\2008-2024·（吉林）生物高考真题\2021年高考生物试卷（全国乙卷）（空白卷）.pdf,papers/2021/生物/全国/全国乙卷/2021_生物_吉林_全国乙卷_原卷.pdf,2
2021,生物,黑龙江,老高考,2024,全国卷,common,全国乙卷,present_common,H:\New folder\【新·PDF版】2008-2024·高考生物真题\版本2：生物（按省份分类）2008-2024\2008-2024·（黑龙江）生物高考真题\2021年高考生物试卷（全国乙卷）（空白卷）.pdf,papers/2021/生物/全国/全国乙卷/2021_生物_黑龙江_全国乙卷_原卷.pdf,2
2021,生物,安徽,老高考,2024,全国卷,common,全国乙卷,present_common,H:\New folder\【新·PDF版】2008-2024·高考生物真题\版本2：生物（按省份分类）2008-2024\2012-2024·（安徽）生物高考真题\2021年高考生物试卷（全国乙卷）（空白卷）.pdf,papers/2021/生物/全国/全国乙卷/2021_生物_安徽_全国乙卷_原卷.pdf,2
2021,生物,江西,老高考,2024,全国卷,common,全国乙卷,present_common,H:\New folder\【新·PDF版】2008-2024·高考生物真题\版本2：生物（按省份分类）2008-2024\2008-2024·（江西）生物高考真题\2021年高考生物试卷（全国乙卷）（空白卷）.pdf,papers/2021/生物/全国/全国乙卷/2021_生物_江西_全国乙卷_原卷.pdf,2
2021,生物,河南,老高考,2025,全国卷,common,全国乙卷,present_common,H:\New folder\【新·PDF版】2008-2024·高考生物真题\版本2：生物（按省份分类）2008-2024\2008-2024·（河南）生物高考真题\2021年高考生物试卷（全国乙卷）（空白卷）.pdf,papers/2021/生物/全国/全国乙卷/2021_生物_河南_全国乙卷_原卷.pdf,2
2021,生物,广西,老高考,2024,全国卷,common,全国甲卷,present_common,H:\New folder\【新·PDF版】2008-2024·高考生物真题\版本2：生物（按省份分类）2008-2024\2008-2023·（广西）生物高考真题\2021年高考生物试卷（全国甲卷）（空白卷）.pdf,papers/2021/生物/全国/全国甲卷/2021_生物_广西_全国甲卷_原卷.pdf,2
2021,生物,四川,老高考,2025,全国卷,common,全国甲卷,present_common,H:\New folder\【新·PDF版】2008-2024·高考生物真题\版本2：生物（按省份分类）2008-2024\2008-2024·（四川）生物高考真题\2021年高考生物试卷（全国甲卷）（空白卷）.pdf,papers/2021/生物/全国/全国甲卷/2021_生物_四川_全国甲卷_原卷.pdf,2
2021,生物,贵州,老高考,2024,全国卷,common,全国甲卷,present_common,H:\New folder\【新·PDF版】2008-2024·高考生物真题\版本2：生物（按省份分类）2008-2024\2008-2023·（贵州）生物高考真题\2021年高考生物试卷（全国甲卷）（空白卷）.pdf,papers/2021/生物/全国/全国甲卷/2021_生物_贵州_全国甲卷_原卷.pdf,2
2021,生物,云南,老高考,2025,全国卷,common,全国甲卷,present_common,H:\New folder\【新·PDF版】2008-2024·高考生物真题\版本2：生物（按省份分类）2008-2024\2008-2024·（云南）生物高考真题\2021年高考生物试卷（全国甲卷）（空白卷）.pdf,papers/2021/生物/全国/全国甲卷/2021_生物_云南_全国甲卷_原卷.pdf,2
2021,生物,西藏,老高考,,全国卷,common,全国甲卷,present_common,H:\New folder\【新·PDF版】2008-2024·高考生物真题\版本2：生物（按省份分类）2008-2024\2008-2024·（西藏）生物高考真题\2021年高考生物试卷（全国甲卷）（空白卷）.pdf,papers/2021/生物/全国/全国甲卷/2021_生物_西藏_全国甲卷_原卷.pdf,2
2021,生物,陕西,老高考,2025,全国卷,common,全国乙卷,present_common,H:\New folder\【新·PDF版】2008-2024·高考生物真题\版本2：生物（按省份分类）2008-2024\2008-2024·（陕西）生物高考真题\2021年高考生物试卷（全国乙卷）（空白卷）.pdf,papers/2021/生物/全国/全国乙卷/2021_生物_陕西_全国乙卷_原卷.pdf,2
2021,生物,甘肃,老高考,2024,全国卷,common,全国乙卷,present_common,H:\New folder\【新·PDF版】2008-2024·高考生物真题\版本2：生物（按省份分类）2008-2024\2008-2024·（甘肃）生物高考真题\2021年高考生物试卷（全国乙卷）（空白卷）.pdf,papers/2021/生物/全国/全国乙卷/2021_生物_甘肃_全国乙卷_原卷.pdf,2
2021,生物,青海,老高考,2025,全国卷,common,全国乙卷,present_common,H:\New folder\【新·PDF版】2008-2024·高考生物真题\版本2：生物（按省份分类）2008-2024\2008-2024·（青海）生物高考真题\2021年高考生物试卷（全国乙卷）（空白卷）.pdf,papers/2021/生物/全国/全国乙卷/2021_生物_青海_全国乙卷_原卷.pdf,2
2021,生物,宁夏,老高考,2025,全国卷,common,全国乙卷,present_common,H:\New folder\【新·PDF版】2008-2024·高考生物真题\版本2：生物（按省份分类）2008-2024\2010-2024·（宁夏）生物高考真题\2021年高考生物试卷（全国乙卷）（空白卷）.pdf,papers/2021/生物/全国/全国乙卷/2021_生物_宁夏_全国乙卷_原卷.pdf,2
2021,生物,新疆,老高考,,全国卷,common,全国乙卷,present_common,H:\New folder\【新·PDF版】2008-2024·高考生物真题\版本2：生物（按省份分类）2008-2024\2008-2024·（新疆）生物高考真题\2021年高考生物试卷（全国乙卷）（空白卷）.pdf,papers/2021/生物/全国/全国乙卷/2021_生物_新疆_全国乙卷_原卷.pdf,2
2021,政治,山西,老高考,2025,全国卷,common,全国乙卷,present_common,H:\New folder\【新·PDF版】2008-2024·高考政治真题\版本2：政治（按省份分类）2008-2024\2008-2024·（山西）政治高考真题\2021年高考政治试卷（全国乙卷）（空白卷）.pdf,papers/2021/政治/全国/全国乙卷/2021_政治_山西_全国乙卷_原卷.pdf,2
2021,政治,内蒙古,老高考,2025,全国卷,common,全国乙卷,present_common,H:\New folder\【新·PDF版】2008-2024·高考政治真题\版本2：政治（按省份分类）2008-2024\2008-2023·（内蒙古）政治高考真题\2021年高考政治试卷（全国乙卷）（空白卷）.pdf,papers/2021/政治/全国/全国乙卷/2021_政治_内蒙古_全国乙卷_原卷.pdf,2
2021,政治,吉林,老高考,2024,全国卷,common,全国乙卷,present_common,H:\New folder\【新·PDF版】2008-2024·高考政治真题\版本2：政治（按省份分类）2008-2024\2008-2024·（吉林）政治高考真题\2021年高考政治试卷（全国乙卷）（空白卷）.pdf,papers/2021/政治/全国/全国乙卷/2021_政治_吉林_全国乙卷_原卷.pdf,2
2021,政治,黑龙江,老高考,2024,全国卷,common,全国乙卷,present_common,H:\New folder\【新·PDF版】2008-2024·高考政治真题\版本2：政治（按省份分类）2008-2024\2008-2024·（黑龙江）政治高考真题\2021年高考政治试卷（全国乙卷）（空白卷）.pdf,papers/2021/政治/全国/全国乙卷/2021_政治_黑龙江_全国乙卷_原卷.pdf,2
2021,政治,安徽,老高考,2024,全国卷,common,全国乙卷,present_common,H:\New folder\【新·PDF版】2008-2024·高考政治真题\版本2：政治（按省份分类）2008-2024\2012-2024·（安徽）政治高考真题\2021年高考政治试卷（全国乙卷）（空白卷）.pdf,papers/2021/政治/全国/全国乙卷/2021_政治_安徽_全国乙卷_原卷.pdf,2
2021,政治,江西,老高考,2024,全国卷,common,全国乙卷,present_common,H:\New folder\【新·PDF版】2008-2024·高考政治真题\版本2：政治（按省份分类）2008-2024\2008-2023·（江西）政治高考真题\2021年高考政治试卷（全国乙卷）（空白卷）.pdf,papers/2021/政治/全国/全国乙卷/2021_政治_江西_全国乙卷_原卷.pdf,2
2021,政治,河南,老高考,2025,全国卷,common,全国乙卷,present_common,H:\New folder\【新·PDF版】2008-2024·高考政治真题\版本2：政治（按省份分类）2008-2024\2008-2024·（河南）政治高考真题\2021年高考政治试卷（全国乙卷）（空白卷）.pdf,papers/2021/政治/全国/全国乙卷/2021_政治_河南_全国乙卷_原卷.pdf,2
2021,政治,广西,老高考,2024,全国卷,common,全国甲卷,present_common,H:\New folder\【新·PDF版】2008-2024·高考政治真题\版本2：政治（按省份分类）2008-2024\2008-2023·（广西）政治高考真题\2021年高考政治试卷（全国甲卷）（空白卷）.pdf,papers/2021/政治/全国/全国甲卷/2021_政治_广西_全国甲卷_原卷.pdf,2
2021,政治,四川,老高考,2025,全国卷,common,全国甲卷,present_common,H:\New folder\【新·PDF版】2008-2024·高考政治真题\版本2：政治（按省份分类）2008-2024\2008-2023·（四川）政治高考真题\2021年高考政治试卷（全国甲卷）（空白卷）.pdf,papers/2021/政治/全国/全国甲卷/2021_政治_四川_全国甲卷_原卷.pdf,2
2021,政治,贵州,老高考,2024,全国卷,common,全国甲卷,present_common,H:\New folder\【新·PDF版】2008-2024·高考政治真题\版本2：政治（按省份分类）2008-2024\2008-2023·（贵州）政治高考真题\2021年高考政治试卷（全国甲卷）（空白卷）.pdf,papers/2021/政治/全国/全国甲卷/2021_政治_贵州_全国甲卷_原卷.pdf,2
2021,政治,云南,老高考,2025,全国卷,common,全国甲卷,present_common,H:\New folder\【新·PDF版】2008-2024·高考政治真题\版本2：政治（按省份分类）2008-2024\2008-2024·（云南）政治高考真题\2021年高考政治试卷（全国甲卷）（空白卷）.pdf,papers/2021/政治/全国/全国甲卷/2021_政治_云南_全国甲卷_原卷.pdf,2
2021,政治,西藏,老高考,,全国卷,common,全国甲卷,present_common,H:\New folder\【新·PDF版】2008-2024·高考政治真题\版本2：政治（按省份分类）2008-2024\2008-2024·（西藏）政治高考真题\2021年高考政治试卷（全国甲卷）（空白卷）.pdf,papers/2021/政治/全国/全国甲卷/2021_政治_西藏_全国甲卷_原卷.pdf,2
2021,政治,陕西,老高考,2025,全国卷,common,全国乙卷,present_common,H:\New folder\【新·PDF版】2008-2024·高考政治真题\版本2：政治（按省份分类）2008-2024\2008-2023·（陕西）政治高考真题\2021年高考政治试卷（全国乙卷）（空白卷）.pdf,papers/2021/政治/全国/全国乙卷/2021_政治_陕西_全国乙卷_原卷.pdf,2
2021,政治,甘肃,老高考,2024,全国卷,common,全国乙卷,present_common,H:\New folder\【新·PDF版】2008-2024·高考政治真题\版本2：政治（按省份分类）2008-2024\2008-2023·（甘肃）政治高考真题\2021年高考政治试卷（全国乙卷）（空白卷）.pdf,papers/2021/政治/全国/全国乙卷/2021_政治_甘肃_全国乙卷_原卷.pdf,2
2021,政治,青海,老高考,2025,全国卷,common,全国乙卷,present_common,H:\New folder\【新·PDF版】2008-2024·高考政治真题\版本2：政治（按省份分类）2008-2024\2008-2023·（青海）政治高考真题\2021年高考政治试卷（全国乙卷）（空白卷）.pdf,papers/2021/政治/全国/全国乙卷/2021_政治_青海_全国乙卷_原卷.pdf,2
2021,政治,宁夏,老高考,2025,全国卷,common,全国乙卷,present_common,H:\New folder\【新·PDF版】2008-2024·高考政治真题\版本2：政治（按省份分类）2008-2024\2010-2023·（宁夏）政治高考真题\2021年高考政治试卷（全国乙卷）（空白卷）.pdf,papers/2021/政治/全国/全国乙卷/2021_政治_宁夏_全国乙卷_原卷.pdf,2
2021,政治,新疆,老高考,,全国卷,common,全国乙卷,present_common,H:\New folder\【新·PDF版】2008-2024·高考政治真题\版本2：政治（按省份分类）2008-2024\2008-2024·（新疆）政治高考真题\2021年高考政治试卷（全国乙卷）（空白卷）.pdf,papers/2021/政治/全国/全国乙卷/2021_政治_新疆_全国乙卷_原卷.pdf,2
2021,历史,山西,老高考,2025,全国卷,common,全国乙卷,present_common,H:\New folder\【新·PDF版】2008-2024·高考历史真题\版本2：历史（按省份分类）2008-2024\2008-2024·（山西）历史高考真题\2021年高考历史试卷（全国乙卷）（空白卷）.pdf,papers/2021/历史/全国/全国乙卷/2021_历史_山西_全国乙卷_原卷.pdf,2
2021,历史,内蒙古,老高考,2025,全国卷,common,全国乙卷,present_common,H:\New folder\【新·PDF版】2008-2024·高考历史真题\版本2：历史（按省份分类）2008-2024\2008-2024·（内蒙古）历史高考真题\2021年高考历史试卷（全国乙卷）（空白卷）.pdf,papers/2021/历史/全国/全国乙卷/2021_历史_内蒙古_全国乙卷_原卷.pdf,2
2021,历史,吉林,老高考,2024,全国卷,common,全国乙卷,present_common,H:\New folder\【新·PDF版】2008-2024·高考历史真题\版本2：历史（按省份分类）2008-2024\2008-2024·（吉林）历史高考真题\2021年高考历史试卷（全国乙卷）（空白卷）.pdf,papers/2021/历史/全国/全国乙卷/2021_历史_吉林_全国乙卷_原卷.pdf,2
2021,历史,黑龙江,老高考,2024,全国卷,common,全国乙卷,present_common,H:\New folder\【新·PDF版】2008-2024·高考历史真题\版本2：历史（按省份分类）2008-2024\2008-2024·（黑龙江）历史高考真题\2021年高考历史试卷（全国乙卷）（空白卷）.pdf,papers/2021/历史/全国/全国乙卷/2021_历史_黑龙江_全国乙卷_原卷.pdf,2
2021,历史,安徽,老高考,2024,全国卷,common,全国乙卷,present_common,H:\New folder\【新·PDF版】2008-2024·高考历史真题\版本2：历史（按省份分类）2008-2024\2012-2024·（安徽）历史高考真题\2021年高考历史试卷（全国乙卷）（空白卷）.pdf,papers/2021/历史/全国/全国乙卷/2021_历史_安徽_全国乙卷_原卷.pdf,2
2021,历史,江西,老高考,2024,全国卷,common,全国乙卷,present_common,H:\New folder\【新·PDF版】2008-2024·高考历史真题\版本2：历史（按省份分类）2008-2024\2008-2023·（江西）历史高考真题\2021年高考历史试卷（全国乙卷）（空白卷）.pdf,papers/2021/历史/全国/全国乙卷/2021_历史_江西_全国乙卷_原卷.pdf,2
2021,历史,河南,老高考,2025,全国卷,common,全国乙卷,present_common,H:\New folder\【新·PDF版】2008-2024·高考历史真题\版本2：历史（按省份分类）2008-2024\2008-2024·（河南）历史高考真题\2021年高考历史试卷（全国乙卷）（空白卷）.pdf,papers/2021/历史/全国/全国乙卷/2021_历史_河南_全国乙卷_原卷.pdf,2
2021,历史,广西,老高考,2024,全国卷,common,全国甲卷,present_common,H:\New folder\【新·PDF版】2008-2024·高考历史真题\版本2：历史（按省份分类）2008-2024\2008-2023·（广西）历史高考真题\2021年高考历史试卷（全国甲卷）（空白卷）.pdf,papers/2021/历史/全国/全国甲卷/2021_历史_广西_全国甲卷_原卷.pdf,2
2021,历史,四川,老高考,2025,全国卷,common,全国甲卷,present_common,H:\New folder\【新·PDF版】2008-2024·高考历史真题\版本2：历史（按省份分类）2008-2024\2008-2024·（四川）历史高考真题\2021年高考历史试卷（全国甲卷）（空白卷）.pdf,papers/2021/历史/全国/全国甲卷/2021_历史_四川_全国甲卷_原卷.pdf,2
2021,历史,贵州,老高考,2024,全国卷,common,全国甲卷,present_common,H:\New folder\【新·PDF版】2008-2024·高考历史真题\版本2：历史（按省份分类）2008-2024\2008-2023·（贵州）历史高考真题\2021年高考历史试卷（全国甲卷）（空白卷）.pdf,papers/2021/历史/全国/全国甲卷/2021_历史_贵州_全国甲卷_原卷.pdf,2
2021,历史,云南,老高考,2025,全国卷,common,全国甲卷,present_common,H:\New folder\【新·PDF版】2008-2024·高考历史真题\版本2：历史（按省份分类）2008-2024\2008-2024·（云南）历史高考真题\2021年高考历史试卷（全国甲卷）（空白卷）.pdf,papers/2021/历史/全国/全国甲卷/2021_历史_云南_全国甲卷_原卷.pdf,2
2021,历史,西藏,老高考,,全国卷,common,全国甲卷,present_common,H:\New folder\【新·PDF版】2008-2024·高考历史真题\版本2：历史（按省份分类）2008-2024\2008-2024·（西藏）历史高考真题\2021年高考历史试卷（全国甲卷）（空白卷）.pdf,papers/2021/历史/全国/全国甲卷/2021_历史_西藏_全国甲卷_原卷.pdf,2
2021,历史,陕西,老高考,2025,全国卷,common,全国乙卷,present_common,H:\New folder\【新·PDF版】2008-2024·高考历史真题\版本2：历史（按省份分类）2008-2024\2008-2024·（陕西）历史高考真题\2021年高考历史试卷（全国乙卷）（空白卷）.pdf,papers/2021/历史/全国/全国乙卷/2021_历史_陕西_全国乙卷_原卷.pdf,2
2021,历史,甘肃,老高考,2024,全国卷,common,全国乙卷,present_common,H:\New folder\【新·PDF版】2008-2024·高考历史真题\版本2：历史（按省份分类）2008-2024\2008-2024·（甘肃）历史高考真题\2021年高考历史试卷（全国乙卷）（空白卷）.pdf,papers/2021/历史/全国/全国乙卷/2021_历史_甘肃_全国乙卷_原卷.pdf,2
2021,历史,青海,老高考,2025,全国卷,common,全国乙卷,present_common,H:\New folder\【新·PDF版】2008-2024·高考历史真题\版本2：历史（按省份分类）2008-2024\2008-2024·（青海）历史高考真题\2021年高考历史试卷（全国乙卷）（空白卷）.pdf,papers/2021/历史/全国/全国乙卷/2021_历史_青海_全国乙卷_原卷.pdf,2
2021,历史,宁夏,老高考,2025,全国卷,common,全国乙卷,present_common,H:\New folder\【新·PDF版】2008-2024·高考历史真题\版本2：历史（按省份分类）2008-2024\2010-2024·（宁夏）历史高考真题\2021年高考历史试卷（全国乙卷）（空白卷）.pdf,papers/2021/历史/全国/全国乙卷/2021_历史_宁夏_全国乙卷_原卷.pdf,2
2021,历史,新疆,老高考,,全国卷,common,全国乙卷,present_common,H:\New folder\【新·PDF版】2008-2024·高考历史真题\版本2：历史（按省份分类）2008-2024\2008-2024·（新疆）历史高考真题\2021年高考历史试卷（全国乙卷）（空白卷）.pdf,papers/2021/历史/全国/全国乙卷/2021_历史_新疆_全国乙卷_原卷.pdf,2
2021,地理,山西,老高考,2025,全国卷,common,全国乙卷,present_common,H:\New folder\【新·PDF版】2008-2024·高考地理真题\版本2：地理（按省份分类）2008-2024\2008-2024·（山西）地理高考真题\2021年高考地理试卷（全国乙卷）（空白卷）.pdf,papers/2021/地理/全国/全国乙卷/2021_地理_山西_全国乙卷_原卷.pdf,2
2021,地理,内蒙古,老高考,2025,全国卷,common,全国乙卷,present_common,H:\New folder\【新·PDF版】2008-2024·高考地理真题\版本2：地理（按省份分类）2008-2024\2008-2024·（内蒙古）地理高考真题\2021年高考地理试卷（全国乙卷）（空白卷）.pdf,papers/2021/地理/全国/全国乙卷/2021_地理_内蒙古_全国乙卷_原卷.pdf,2
2021,地理,吉林,老高考,2024,全国卷,common,全国乙卷,present_common,H:\New folder\【新·PDF版】2008-2024·高考地理真题\版本2：地理（按省份分类）2008-2024\2008-2024·（吉林）地理高考真题\2021年高考地理试卷（全国乙卷）（空白卷）.pdf,papers/2021/地理/全国/全国乙卷/2021_地理_吉林_全国乙卷_原卷.pdf,2
2021,地理,黑龙江,老高考,2024,全国卷,common,全国乙卷,present_common,H:\New folder\【新·PDF版】2008-2024·高考地理真题\版本2：地理（按省份分类）2008-2024\2008-2024·（黑龙江）地理高考真题\2021年高考地理试卷（全国乙卷）（空白卷）.pdf,papers/2021/地理/全国/全国乙卷/2021_地理_黑龙江_全国乙卷_原卷.pdf,2
2021,地理,安徽,老高考,2024,全国卷,common,全国乙卷,present_common,H:\New folder\【新·PDF版】2008-2024·高考地理真题\版本2：地理（按省份分类）2008-2024\2012-2024·（安徽）地理高考真题\2021年高考地理试卷（全国乙卷）（空白卷）.pdf,papers/2021/地理/全国/全国乙卷/2021_地理_安徽_全国乙卷_原卷.pdf,2
2021,地理,江西,老高考,2024,全国卷,common,全国乙卷,present_common,H:\New folder\【新·PDF版】2008-2024·高考地理真题\版本2：地理（按省份分类）2008-2024\2008-2024·（江西）地理高考真题\2021年高考地理试卷（全国乙卷）（空白卷）.pdf,papers/2021/地理/全国/全国乙卷/2021_地理_江西_全国乙卷_原卷.pdf,2
2021,地理,河南,老高考,2025,全国卷,common,全国乙卷,present_common,H:\New folder\【新·PDF版】2008-2024·高考地理真题\版本2：地理（按省份分类）2008-2024\2008-2024·（河南）地理高考真题\2021年高考地理试卷（全国乙卷）（空白卷）.pdf,papers/2021/地理/全国/全国乙卷/2021_地理_河南_全国乙卷_原卷.pdf,2
2021,地理,广西,老高考,2024,全国卷,common,全国甲卷,present_common,H:\New folder\【新·PDF版】2008-2024·高考地理真题\版本2：地理（按省份分类）2008-2024\2008-2023·（广西）地理高考真题\2021年高考地理试卷（全国甲卷）（空白卷）.pdf,papers/2021/地理/全国/全国甲卷/2021_地理_广西_全国甲卷_原卷.pdf,2
2021,地理,四川,老高考,2025,全国卷,common,全国甲卷,present_common,H:\New folder\【新·PDF版】2008-2024·高考地理真题\版本2：地理（按省份分类）2008-2024\2008-2024·（四川）地理高考真题\2021年高考地理试卷（全国甲卷）（空白卷）.pdf,papers/2021/地理/全国/全国甲卷/2021_地理_四川_全国甲卷_原卷.pdf,2
2021,地理,贵州,老高考,2024,全国卷,common,全国甲卷,present_common,H:\New folder\【新·PDF版】2008-2024·高考地理真题\版本2：地理（按省份分类）2008-2024\2008-2023·（贵州）地理高考真题\2021年高考地理试卷（全国甲卷）（空白卷）.pdf,papers/2021/地理/全国/全国甲卷/2021_地理_贵州_全国甲卷_原卷.pdf,2
2021,地理,云南,老高考,2025,全国卷,common,全国甲卷,present_common,H:\New folder\【新·PDF版】2008-2024·高考地理真题\版本2：地理（按省份分类）2008-2024\2008-2024·（云南）地理高考真题\2021年高考地理试卷（全国甲卷）（空白卷）.pdf,papers/2021/地理/全国/全国甲卷/2021_地理_云南_全国甲卷_原卷.pdf,2
2021,地理,西藏,老高考,,全国卷,common,全国甲卷,present_common,H:\New folder\【新·PDF版】2008-2024·高考地理真题\版本2：地理（按省份分类）2008-2024\2008-2024·（西藏）地理高考真题\2021年高考地理试卷（全国甲卷）（空白卷）.pdf,papers/2021/地理/全国/全国甲卷/2021_地理_西藏_全国甲卷_原卷.pdf,2
2021,地理,陕西,老高考,2025,全国卷,common,全国乙卷,present_common,H:\New folder\【新·PDF版】2008-2024·高考地理真题\版本2：地理（按省份分类）2008-2024\2008-2024·（陕西）地理高考真题\2021年高考地理试卷（全国乙卷）（空白卷）.pdf,papers/2021/地理/全国/全国乙卷/2021_地理_陕西_全国乙卷_原卷.pdf,2
2021,地理,甘肃,老高考,2024,全国卷,common,全国乙卷,present_common,H:\New folder\【新·PDF版】2008-2024·高考地理真题\版本2：地理（按省份分类）2008-2024\2008-2024·（甘肃）地理高考真题\2021年高考地理试卷（全国乙卷）（空白卷）.pdf,papers/2021/地理/全国/全国乙卷/2021_地理_甘肃_全国乙卷_原卷.pdf,2
2021,地理,青海,老高考,2025,全国卷,common,全国乙卷,present_common,H:\New folder\【新·PDF版】2008-2024·高考地理真题\版本2：地理（按省份分类）2008-2024\2008-2024·（青海）地理高考真题\2021年高考地理试卷（全国乙卷）（空白卷）.pdf,papers/2021/地理/全国/全国乙卷/2021_地理_青海_全国乙卷_原卷.pdf,2
2021,地理,宁夏,老高考,2025,全国卷,common,全国乙卷,present_common,H:\New folder\【新·PDF版】2008-2024·高考地理真题\版本2：地理（按省份分类）2008-2024\2010-2024·（宁夏）地理高考真题\2021年高考地理试卷（全国乙卷）（空白卷）.pdf,papers/2021/地理/全国/全国乙卷/2021_地理_宁夏_全国乙卷_原卷.pdf,2
2021,地理,新疆,老高考,,全国卷,common,全国乙卷,present_common,H:\New folder\【新·PDF版】2008-2024·高考地理真题\版本2：地理（按省份分类）2008-2024\2008-2024·（新疆）地理高考真题\2021年高考地理试卷（全国乙卷）（空白卷）.pdf,papers/2021/地理/全国/全国乙卷/2021_地理_新疆_全国乙卷_原卷.pdf,2
2022,语文,山西,老高考,2025,全国卷,common,全国乙卷,present_common,H:\New folder\【新·PDF版】2008-2024·高考语文真题\版本2：语文（按省份分类）2008-2024\2008-2024·（山西）语文高考真题\2022年高考语文试卷（全国乙卷）（空白卷）.pdf,papers/2022/语文/全国/全国乙卷/2022_语文_山西_全国乙卷_原卷.pdf,2
2022,语文,内蒙古,老高考,2025,全国卷,common,全国乙卷,present_common,H:\New folder\【新·PDF版】2008-2024·高考语文真题\版本2：语文（按省份分类）2008-2024\2008-2024·（内蒙古）语文高考真题\2022年高考语文试卷（全国乙卷）（空白卷）.pdf,papers/2022/语文/全国/全国乙卷/2022_语文_内蒙古_全国乙卷_原卷.pdf,2
2022,语文,吉林,老高考,2024,全国卷,common,全国乙卷,present_common,H:\New folder\【新·PDF版】2008-2024·高考语文真题\版本2：语文（按省份分类）2008-2024\2008-2024·（吉林）语文高考真题\2022年高考语文试卷（全国乙卷）（空白卷）.pdf,papers/2022/语文/全国/全国乙卷/2022_语文_吉林_全国乙卷_原卷.pdf,2
2022,语文,黑龙江,老高考,2024,全国卷,common,全国乙卷,present_common,H:\New folder\【新·PDF版】2008-2024·高考语文真题\版本2：语文（按省份分类）2008-2024\2008-2024·（黑龙江）语文高考真题\2022年高考语文试卷（全国乙卷）（空白卷）.pdf,papers/2022/语文/全国/全国乙卷/2022_语文_黑龙江_全国乙卷_原卷.pdf,2
2022,语文,安徽,老高考,2024,全国卷,common,全国乙卷,present_common,H:\New folder\【新·PDF版】2008-2024·高考语文真题\版本2：语文（按省份分类）2008-2024\2012-2024·（安徽）语文高考真题\2022年高考语文试卷（全国乙卷）（空白卷）.pdf,papers/2022/语文/全国/全国乙卷/2022_语文_安徽_全国乙卷_原卷.pdf,2
2022,语文,江西,老高考,2024,全国卷,common,全国乙卷,present_common,H:\New folder\【新·PDF版】2008-2024·高考语文真题\版本2：语文（按省份分类）2008-2024\2012-2024·（江西）语文高考真题\2022年高考语文试卷（全国乙卷）（空白卷）.pdf,papers/2022/语文/全国/全国乙卷/2022_语文_江西_全国乙卷_原卷.pdf,2
2022,语文,河南,老高考,2025,全国卷,common,全国乙卷,present_common,H:\New folder\【新·PDF版】2008-2024·高考语文真题\版本2：语文（按省份分类）2008-2024\2008-2024·（河南）语文高考真题\2022年高考语文试卷（全国乙卷）（空白卷）.pdf,papers/2022/语文/全国/全国乙卷/2022_语文_河南_全国乙卷_原卷.pdf,2
2022,语文,广西,老高考,2024,全国卷,common,全国甲卷,present_common,H:\New folder\【新·PDF版】2008-2024·高考语文真题\版本2：语文（按省份分类）2008-2024\2008-2024·（广西）语文高考真题\2022年高考语文试卷（全国甲卷）（空白卷）.pdf,papers/2022/语文/全国/全国甲卷/2022_语文_广西_全国甲卷_原卷.pdf,2
2022,语文,四川,老高考,2025,全国卷,common,全国甲卷,present_common,H:\New folder\【新·PDF版】2008-2024·高考语文真题\版本2：语文（按省份分类）2008-2024\2008-2024·（四川）语文高考真题\2022年高考语文试卷（全国甲卷）（空白卷）.pdf,papers/2022/语文/全国/全国甲卷/2022_语文_四川_全国甲卷_原卷.pdf,2
2022,语文,贵州,老高考,2024,全国卷,common,全国甲卷,present_common,H:\New folder\【新·PDF版】2008-2024·高考语文真题\版本2：语文（按省份分类）2008-2024\2008-2024·（贵州）语文高考真题\2022年高考语文试卷（全国甲卷）（空白卷）.pdf,papers/2022/语文/全国/全国甲卷/2022_语文_贵州_全国甲卷_原卷.pdf,2
2022,语文,云南,老高考,2025,全国卷,common,全国甲卷,present_common,H:\New folder\【新·PDF版】2008-2024·高考语文真题\版本2：语文（按省份分类）2008-2024\2008-2024·（云南）语文高考真题\2022年高考语文试卷（全国甲卷）（解析卷）.pdf,papers/2022/语文/全国/全国甲卷/2022_语文_云南_全国甲卷_原卷.pdf,1
2022,语文,西藏,老高考,,全国卷,common,全国甲卷,present_common,H:\New folder\【新·PDF版】2008-2024·高考语文真题\版本2：语文（按省份分类）2008-2024\2008-2024·（西藏）语文高考真题\2022年高考语文试卷（全国甲卷）（空白卷）.pdf,papers/2022/语文/全国/全国甲卷/2022_语文_西藏_全国甲卷_原卷.pdf,2
2022,语文,陕西,老高考,2025,全国卷,common,全国乙卷,present_common,H:\New folder\【新·PDF版】2008-2024·高考语文真题\版本2：语文（按省份分类）2008-2024\2008-2024·（陕西）语文高考真题\2022年高考语文试卷（全国乙卷）（空白卷）.pdf,papers/2022/语文/全国/全国乙卷/2022_语文_陕西_全国乙卷_原卷.pdf,2
2022,语文,甘肃,老高考,2024,全国卷,common,全国乙卷,present_common,H:\New folder\【新·PDF版】2008-2024·高考语文真题\版本2：语文（按省份分类）2008-2024\2008-2024·（甘肃）语文高考真题\2022年高考语文试卷（全国乙卷）（空白卷）.pdf,papers/2022/语文/全国/全国乙卷/2022_语文_甘肃_全国乙卷_原卷.pdf,2
2022,语文,青海,老高考,2025,全国卷,common,全国乙卷,present_common,H:\New folder\【新·PDF版】2008-2024·高考语文真题\版本2：语文（按省份分类）2008-2024\2008-2024·（青海）语文高考真题\2022年高考语文试卷（全国乙卷）（空白卷）.pdf,papers/2022/语文/全国/全国乙卷/2022_语文_青海_全国乙卷_原卷.pdf,2
2022,语文,宁夏,老高考,2025,全国卷,common,全国乙卷,present_common,H:\New folder\【新·PDF版】2008-2024·高考语文真题\版本2：语文（按省份分类）2008-2024\2008-2024·（宁夏）语文高考真题\2022年高考语文试卷（全国乙卷）（空白卷）.pdf,papers/2022/语文/全国/全国乙卷/2022_语文_宁夏_全国乙卷_原卷.pdf,2
2022,语文,新疆,老高考,,全国卷,common,全国乙卷,present_common,H:\New folder\【新·PDF版】2008-2024·高考语文真题\版本2：语文（按省份分类）2008-2024\2008-2024·（新疆）语文高考真题\2022年高考语文试卷（全国乙卷）（空白卷）.pdf,papers/2022/语文/全国/全国乙卷/2022_语文_新疆_全国乙卷_原卷.pdf,2
2022,数学,山西,老高考,2025,全国卷,common,全国乙卷,present_common,H:\New folder\【新】2008-2024·高考数学真题\【PDF版】2008-2024·高考数学真题\版本2：数学（按省份分类）2008-2024\2008-2024·（山西）数学高考真题\2022年高考数学试卷（文）（全国乙卷）（空白卷）.pdf,papers/2022/数学/全国/全国乙卷/2022_数学_山西_全国乙卷_原卷.pdf,4
2022,数学,内蒙古,老高考,2025,全国卷,common,全国乙卷,present_common,H:\New folder\【新】2008-2024·高考数学真题\【PDF版】2008-2024·高考数学真题\版本2：数学（按省份分类）2008-2024\2008-2024·（内蒙古）数学高考真题\2022年高考数学试卷（文）（全国乙卷）（空白卷）.pdf,papers/2022/数学/全国/全国乙卷/2022_数学_内蒙古_全国乙卷_原卷.pdf,4
2022,数学,吉林,老高考,2024,全国卷,common,全国乙卷,present_common,H:\New folder\【新】2008-2024·高考数学真题\【PDF版】2008-2024·高考数学真题\版本2：数学（按省份分类）2008-2024\2008-2024·（吉林）数学高考真题\2022年高考数学试卷（文）（全国乙卷）（空白卷）.pdf,papers/2022/数学/全国/全国乙卷/2022_数学_吉林_全国乙卷_原卷.pdf,4
2022,数学,黑龙江,老高考,2024,全国卷,common,全国乙卷,present_common,H:\New folder\【新】2008-2024·高考数学真题\【PDF版】2008-2024·高考数学真题\版本2：数学（按省份分类）2008-2024\2008-2024·（黑龙江）数学高考真题\2022年高考数学试卷（文）（全国乙卷）（空白卷）.pdf,papers/2022/数学/全国/全国乙卷/2022_数学_黑龙江_全国乙卷_原卷.pdf,4
2022,数学,安徽,老高考,2024,全国卷,common,全国乙卷,present_common,H:\New folder\【新】2008-2024·高考数学真题\【PDF版】2008-2024·高考数学真题\版本2：数学（按省份分类）2008-2024\2012-2024·（安徽）数学高考真题\2022年高考数学试卷（文）（全国乙卷）（空白卷）.pdf,papers/2022/数学/全国/全国乙卷/2022_数学_安徽_全国乙卷_原卷.pdf,4
2022,数学,江西,老高考,2024,全国卷,common,全国乙卷,present_common,H:\New folder\【新】2008-2024·高考数学真题\【PDF版】2008-2024·高考数学真题\版本2：数学（按省份分类）2008-2024\2008-2024·（江西）数学高考真题\2022年高考数学试卷（文）（全国乙卷）（空白卷）.pdf,papers/2022/数学/全国/全国乙卷/2022_数学_江西_全国乙卷_原卷.pdf,4
2022,数学,河南,老高考,2025,全国卷,common,全国乙卷,present_common,H:\New folder\【新】2008-2024·高考数学真题\【PDF版】2008-2024·高考数学真题\版本2：数学（按省份分类）2008-2024\2008-2024·（河南）数学高考真题\2022年高考数学试卷（文）（全国乙卷）（空白卷）.pdf,papers/2022/数学/全国/全国乙卷/2022_数学_河南_全国乙卷_原卷.pdf,4
2022,数学,广西,老高考,2024,全国卷,common,全国甲卷,present_common,H:\New folder\【新】2008-2024·高考数学真题\【PDF版】2008-2024·高考数学真题\版本2：数学（按省份分类）2008-2024\2008-2024·（广西）数学高考真题\2022年高考数学试卷（文）（全国甲卷）（空白卷）.pdf,papers/2022/数学/全国/全国甲卷/2022_数学_广西_全国甲卷_原卷.pdf,4
2022,数学,四川,老高考,2025,全国卷,common,全国甲卷,present_common,H:\New folder\【新】2008-2024·高考数学真题\【PDF版】2008-2024·高考数学真题\版本2：数学（按省份分类）2008-2024\2008-2024·（四川）数学高考真题\2022年高考数学试卷（文）（全国甲卷）（空白卷）.pdf,papers/2022/数学/全国/全国甲卷/2022_数学_四川_全国甲卷_原卷.pdf,4
2022,数学,贵州,老高考,2024,全国卷,common,全国甲卷,present_common,H:\New folder\【新】2008-2024·高考数学真题\【PDF版】2008-2024·高考数学真题\版本2：数学（按省份分类）2008-2024\2008-2024·（贵州）数学高考真题\2022年高考数学试卷（文）（全国甲卷）（空白卷）.pdf,papers/2022/数学/全国/全国甲卷/2022_数学_贵州_全国甲卷_原卷.pdf,4
2022,数学,云南,老高考,2025,全国卷,common,全国甲卷,present_common,H:\New folder\【新】2008-2024·高考数学真题\【PDF版】2008-2024·高考数学真题\版本2：数学（按省份分类）2008-2024\2008-2024·（云南）数学高考真题\2022年高考数学试卷（文）（全国甲卷）（空白卷）.pdf,papers/2022/数学/全国/全国甲卷/2022_数学_云南_全国甲卷_原卷.pdf,4
2022,数学,西藏,老高考,,全国卷,common,全国甲卷,present_common,H:\New folder\【新】2008-2024·高考数学真题\【PDF版】2008-2024·高考数学真题\版本2：数学（按省份分类）2008-2024\2008-2024·（西藏）数学高考真题\2022年高考数学试卷（文）（全国甲卷）（空白卷）.pdf,papers/2022/数学/全国/全国甲卷/2022_数学_西藏_全国甲卷_原卷.pdf,4
2022,数学,陕西,老高考,2025,全国卷,common,全国乙卷,present_common,H:\New folder\【新】2008-2024·高考数学真题\【PDF版】2008-2024·高考数学真题\版本2：数学（按省份分类）2008-2024\2008-2024·（陕西）数学高考真题\2022年高考数学试卷（文）（全国乙卷）（空白卷）.pdf,papers/2022/数学/全国/全国乙卷/2022_数学_陕西_全国乙卷_原卷.pdf,4
2022,数学,甘肃,老高考,2024,全国卷,common,全国乙卷,present_common,H:\New folder\【新】2008-2024·高考数学真题\【PDF版】2008-2024·高考数学真题\版本2：数学（按省份分类）2008-2024\2008-2024·（甘肃）数学高考真题\2022年高考数学试卷（文）（全国乙卷）（空白卷）.pdf,papers/2022/数学/全国/全国乙卷/2022_数学_甘肃_全国乙卷_原卷.pdf,4
2022,数学,青海,老高考,2025,全国卷,common,全国乙卷,present_common,H:\New folder\【新】2008-2024·高考数学真题\【PDF版】2008-2024·高考数学真题\版本2：数学（按省份分类）2008-2024\2008-2024·（青海）数学高考真题\2022年高考数学试卷（文）（全国乙卷）（空白卷）.pdf,papers/2022/数学/全国/全国乙卷/2022_数学_青海_全国乙卷_原卷.pdf,4
2022,数学,宁夏,老高考,2025,全国卷,common,全国乙卷,present_common,H:\New folder\【新】2008-2024·高考数学真题\【PDF版】2008-2024·高考数学真题\版本2：数学（按省份分类）2008-2024\2008-2024·（宁夏）数学高考真题\2022年高考数学试卷（文）（全国乙卷）（空白卷）.pdf,papers/2022/数学/全国/全国乙卷/2022_数学_宁夏_全国乙卷_原卷.pdf,4
2022,数学,新疆,老高考,,全国卷,common,全国乙卷,present_common,H:\New folder\【新】2008-2024·高考数学真题\【PDF版】2008-2024·高考数学真题\版本2：数学（按省份分类）2008-2024\2008-2024·（新疆）数学高考真题\2022年高考数学试卷（文）（全国乙卷）（空白卷）.pdf,papers/2022/数学/全国/全国乙卷/2022_数学_新疆_全国乙卷_原卷.pdf,4
2022,英语,山西,老高考,2025,全国卷,common,全国乙卷,present_common,H:\New folder\【新·PDF版】2008-2024·高考英语真题\版本2：英语（按省份分类）2008-2024\2008-2024·（山西）英语高考真题\2022年高考英语试卷（全国乙卷）听力音频.mp3,papers/2022/英语/全国/全国乙卷/2022_英语_山西_全国乙卷_原卷.mp3,3
2022,英语,内蒙古,老高考,2025,全国卷,common,全国乙卷,present_common,H:\New folder\【新·PDF版】2008-2024·高考英语真题\版本2：英语（按省份分类）2008-2024\2008-2024·（内蒙古）英语高考真题\2022年高考英语试卷（全国乙卷）听力音频.mp3,papers/2022/英语/全国/全国乙卷/2022_英语_内蒙古_全国乙卷_原卷.mp3,3
2022,英语,吉林,老高考,2024,全国卷,common,全国乙卷,present_common,H:\New folder\【新·PDF版】2008-2024·高考英语真题\版本2：英语（按省份分类）2008-2024\2008-2024·（吉林）英语高考真题\2022年高考英语试卷（全国乙卷）听力音频.mp3,papers/2022/英语/全国/全国乙卷/2022_英语_吉林_全国乙卷_原卷.mp3,3
2022,英语,黑龙江,老高考,2024,全国卷,common,全国乙卷,present_common,H:\New folder\【新·PDF版】2008-2024·高考英语真题\版本2：英语（按省份分类）2008-2024\2008-2024·（黑龙江）英语高考真题\2022年高考英语试卷（全国乙卷）听力音频.mp3,papers/2022/英语/全国/全国乙卷/2022_英语_黑龙江_全国乙卷_原卷.mp3,3
2022,英语,安徽,老高考,2024,全国卷,common,全国乙卷,present_common,H:\New folder\【新·PDF版】2008-2024·高考英语真题\版本2：英语（按省份分类）2008-2024\2012-2024·（安徽）英语高考真题\2022年高考英语试卷（全国乙卷）听力音频.mp3,papers/2022/英语/全国/全国乙卷/2022_英语_安徽_全国乙卷_原卷.mp3,3
2022,英语,江西,老高考,2024,全国卷,common,全国乙卷,present_common,H:\New folder\【新·PDF版】2008-2024·高考英语真题\版本2：英语（按省份分类）2008-2024\2012-2024·（江西）英语高考真题\2022年高考英语试卷（全国乙卷）听力音频.mp3,papers/2022/英语/全国/全国乙卷/2022_英语_江西_全国乙卷_原卷.mp3,3
2022,英语,河南,老高考,2025,全国卷,common,全国乙卷,present_common,H:\New folder\【新·PDF版】2008-2024·高考英语真题\版本2：英语（按省份分类）2008-2024\2008-2024·（河南）英语高考真题\2022年高考英语试卷（全国乙卷）听力音频.mp3,papers/2022/英语/全国/全国乙卷/2022_英语_河南_全国乙卷_原卷.mp3,3
2022,英语,广西,老高考,2024,全国卷,common,全国甲卷,present_common,H:\New folder\【新·PDF版】2008-2024·高考英语真题\版本2：英语（按省份分类）2008-2024\2008-2024·（广西）英语高考真题\2022年高考英语试卷（全国甲卷）听力音频.mp3,papers/2022/英语/全国/全国甲卷/2022_英语_广西_全国甲卷_原卷.mp3,3
2022,英语,四川,老高考,2025,全国卷,common,全国甲卷,present_common,H:\New folder\【新·PDF版】2008-2024·高考英语真题\版本2：英语（按省份分类）2008-2024\2008-2024·（四川）英语高考真题\2022年高考英语试卷（全国甲卷）听力音频.mp3,papers/2022/英语/全国/全国甲卷/2022_英语_四川_全国甲卷_原卷.mp3,3
2022,英语,贵州,老高考,2024,全国卷,common,全国甲卷,present_common,H:\New folder\【新·PDF版】2008-2024·高考英语真题\版本2：英语（按省份分类）2008-2024\2008-2024·（贵州）英语高考真题\2022年高考英语试卷（全国甲卷）听力音频.mp3,papers/2022/英语/全国/全国甲卷/2022_英语_贵州_全国甲卷_原卷.mp3,3
2022,英语,云南,老高考,2025,全国卷,common,全国甲卷,present_common,H:\New folder\【新·PDF版】2008-2024·高考英语真题\版本2：英语（按省份分类）2008-2024\2008-2024·（云南）英语高考真题\2022年高考英语试卷（全国甲卷）听力音频.mp3,papers/2022/英语/全国/全国甲卷/2022_英语_云南_全国甲卷_原卷.mp3,3
2022,英语,西藏,老高考,,全国卷,common,全国甲卷,present_common,H:\New folder\【新·PDF版】2008-2024·高考英语真题\版本2：英语（按省份分类）2008-2024\2008-2024·（西藏）英语高考真题\2022年高考英语试卷（全国甲卷）听力音频.mp3,papers/2022/英语/全国/全国甲卷/2022_英语_西藏_全国甲卷_原卷.mp3,3
2022,英语,陕西,老高考,2025,全国卷,common,全国乙卷,present_common,H:\New folder\【新·PDF版】2008-2024·高考英语真题\版本2：英语（按省份分类）2008-2024\2008-2024·（陕西）英语高考真题\2022年高考英语试卷（全国乙卷）听力音频.mp3,papers/2022/英语/全国/全国乙卷/2022_英语_陕西_全国乙卷_原卷.mp3,3
2022,英语,甘肃,老高考,2024,全国卷,common,全国乙卷,present_common,H:\New folder\【新·PDF版】2008-2024·高考英语真题\版本2：英语（按省份分类）2008-2024\2008-2024·（甘肃）英语高考真题\2022年高考英语试卷（全国乙卷）听力音频.mp3,papers/2022/英语/全国/全国乙卷/2022_英语_甘肃_全国乙卷_原卷.mp3,3
2022,英语,青海,老高考,2025,全国卷,common,全国乙卷,present_common,H:\New folder\【新·PDF版】2008-2024·高考英语真题\版本2：英语（按省份分类）2008-2024\2008-2024·（青海）英语高考真题\2022年高考英语试卷（全国乙卷）听力音频.mp3,papers/2022/英语/全国/全国乙卷/2022_英语_青海_全国乙卷_原卷.mp3,3
2022,英语,宁夏,老高考,2025,全国卷,common,全国乙卷,present_common,H:\New folder\【新·PDF版】2008-2024·高考英语真题\版本2：英语（按省份分类）2008-2024\2008-2024·（宁夏）英语高考真题\2022年高考英语试卷（全国乙卷）听力音频.mp3,papers/2022/英语/全国/全国乙卷/2022_英语_宁夏_全国乙卷_原卷.mp3,3
2022,英语,新疆,老高考,,全国卷,common,全国乙卷,present_common,H:\New folder\【新·PDF版】2008-2024·高考英语真题\版本2：英语（按省份分类）2008-2024\2008-2024·（新疆）英语高考真题\2022年高考英语试卷（全国乙卷）听力音频.mp3,papers/2022/英语/全国/全国乙卷/2022_英语_新疆_全国乙卷_原卷.mp3,3
2022,物理,山西,老高考,2025,全国卷,common,全国乙卷,present_common,H:\New folder\【新·PDF版】2008-2024·高考物理真题\版本2：物理（按省份分类）2008-2024\2008-2024·（山西）物理高考真题\2022年高考物理试卷（全国乙卷）（空白卷）.pdf,papers/2022/物理/全国/全国乙卷/2022_物理_山西_全国乙卷_原卷.pdf,2
2022,物理,内蒙古,老高考,2025,全国卷,common,全国乙卷,present_common,H:\New folder\【新·PDF版】2008-2024·高考物理真题\版本2：物理（按省份分类）2008-2024\2008-2024·（内蒙古）物理高考真题\2022年高考物理试卷（全国乙卷）（空白卷）.pdf,papers/2022/物理/全国/全国乙卷/2022_物理_内蒙古_全国乙卷_原卷.pdf,2
2022,物理,吉林,老高考,2024,全国卷,common,全国乙卷,present_common,H:\New folder\【新·PDF版】2008-2024·高考物理真题\版本2：物理（按省份分类）2008-2024\2008-2024·（吉林）物理高考真题\2022年高考物理试卷（全国乙卷）（空白卷）.pdf,papers/2022/物理/全国/全国乙卷/2022_物理_吉林_全国乙卷_原卷.pdf,2
2022,物理,黑龙江,老高考,2024,全国卷,common,全国乙卷,present_common,H:\New folder\【新·PDF版】2008-2024·高考物理真题\版本2：物理（按省份分类）2008-2024\2008-2024·（黑龙江）物理高考真题\2022年高考物理试卷（全国乙卷）（空白卷）.pdf,papers/2022/物理/全国/全国乙卷/2022_物理_黑龙江_全国乙卷_原卷.pdf,2
2022,物理,安徽,老高考,2024,全国卷,common,全国乙卷,present_common,H:\New folder\【新·PDF版】2008-2024·高考物理真题\版本2：物理（按省份分类）2008-2024\2012-2024·（安徽）物理高考真题\2022年高考物理试卷（全国乙卷）（空白卷）.pdf,papers/2022/物理/全国/全国乙卷/2022_物理_安徽_全国乙卷_原卷.pdf,2
2022,物理,江西,老高考,2024,全国卷,common,全国乙卷,present_common,H:\New folder\【新·PDF版】2008-2024·高考物理真题\版本2：物理（按省份分类）2008-2024\2008-2024·（江西）物理高考真题\2022年高考物理试卷（全国乙卷）（空白卷）.pdf,papers/2022/物理/全国/全国乙卷/2022_物理_江西_全国乙卷_原卷.pdf,2
2022,物理,河南,老高考,2025,全国卷,common,全国乙卷,present_common,H:\New folder\【新·PDF版】2008-2024·高考物理真题\版本2：物理（按省份分类）2008-2024\2008-2024·（河南）物理高考真题\2022年高考物理试卷（全国乙卷）（空白卷）.pdf,papers/2022/物理/全国/全国乙卷/2022_物理_河南_全国乙卷_原卷.pdf,2
2022,物理,广西,老高考,2024,全国卷,common,全国甲卷,present_common,H:\New folder\【新·PDF版】2008-2024·高考物理真题\版本2：物理（按省份分类）2008-2024\2008-2024·（广西）物理高考真题\2022年高考物理试卷（全国甲卷）（空白卷）.pdf,papers/2022/物理/全国/全国甲卷/2022_物理_广西_全国甲卷_原卷.pdf,2
2022,物理,四川,老高考,2025,全国卷,common,全国甲卷,present_common,H:\New folder\【新·PDF版】2008-2024·高考物理真题\版本2：物理（按省份分类）2008-2024\2008-2024·（四川）物理高考真题\2022年高考物理试卷（全国甲卷）（空白卷）.pdf,papers/2022/物理/全国/全国甲卷/2022_物理_四川_全国甲卷_原卷.pdf,2
2022,物理,贵州,老高考,2024,全国卷,common,全国甲卷,present_common,H:\New folder\【新·PDF版】2008-2024·高考物理真题\版本2：物理（按省份分类）2008-2024\2008-2023·（贵州）物理高考真题\2022年高考物理试卷（全国甲卷）（空白卷）.pdf,papers/2022/物理/全国/全国甲卷/2022_物理_贵州_全国甲卷_原卷.pdf,2
2022,物理,云南,老高考,2025,全国卷,common,全国甲卷,present_common,H:\New folder\【新·PDF版】2008-2024·高考物理真题\版本2：物理（按省份分类）2008-2024\2008-2024·（云南）物理高考真题\2022年高考物理试卷（全国甲卷）（空白卷）.pdf,papers/2022/物理/全国/全国甲卷/2022_物理_云南_全国甲卷_原卷.pdf,2
2022,物理,西藏,老高考,,全国卷,common,全国甲卷,present_common,H:\New folder\【新·PDF版】2008-2024·高考物理真题\版本2：物理（按省份分类）2008-2024\2008-2024·（西藏）物理高考真题\2022年高考物理试卷（全国甲卷）（空白卷）.pdf,papers/2022/物理/全国/全国甲卷/2022_物理_西藏_全国甲卷_原卷.pdf,2
2022,物理,陕西,老高考,2025,全国卷,common,全国乙卷,present_common,H:\New folder\【新·PDF版】2008-2024·高考物理真题\版本2：物理（按省份分类）2008-2024\2008-2024·（陕西）物理高考真题\2022年高考物理试卷（全国乙卷）（空白卷）.pdf,papers/2022/物理/全国/全国乙卷/2022_物理_陕西_全国乙卷_原卷.pdf,2
2022,物理,甘肃,老高考,2024,全国卷,common,全国乙卷,present_common,H:\New folder\【新·PDF版】2008-2024·高考物理真题\版本2：物理（按省份分类）2008-2024\2008-2024·（甘肃）物理高考真题\2022年高考物理试卷（全国乙卷）（空白卷）.pdf,papers/2022/物理/全国/全国乙卷/2022_物理_甘肃_全国乙卷_原卷.pdf,2
2022,物理,青海,老高考,2025,全国卷,common,全国乙卷,present_common,H:\New folder\【新·PDF版】2008-2024·高考物理真题\版本2：物理（按省份分类）2008-2024\2008-2024·（青海）物理高考真题\2022年高考物理试卷（全国乙卷）（空白卷）.pdf,papers/2022/物理/全国/全国乙卷/2022_物理_青海_全国乙卷_原卷.pdf,2
2022,物理,宁夏,老高考,2025,全国卷,common,全国乙卷,present_common,H:\New folder\【新·PDF版】2008-2024·高考物理真题\版本2：物理（按省份分类）2008-2024\2010-2024·（宁夏）物理高考真题\2022年高考物理试卷（全国乙卷）（空白卷）.pdf,papers/2022/物理/全国/全国乙卷/2022_物理_宁夏_全国乙卷_原卷.pdf,2
2022,物理,新疆,老高考,,全国卷,common,全国乙卷,present_common,H:\New folder\【新·PDF版】2008-2024·高考物理真题\版本2：物理（按省份分类）2008-2024\2008-2024·（新疆）物理高考真题\2022年高考物理试卷（全国乙卷）（空白卷）.pdf,papers/2022/物理/全国/全国乙卷/2022_物理_新疆_全国乙卷_原卷.pdf,2
2022,化学,山西,老高考,2025,全国卷,common,全国乙卷,present_common,H:\New folder\【新·PDF版】2008-2024·高考化学真题\版本2：化学（按省份分类）2008-2024\2008-2024·（山西）化学高考真题\2022年高考化学试卷（全国乙卷）（空白卷）.pdf,papers/2022/化学/全国/全国乙卷/2022_化学_山西_全国乙卷_原卷.pdf,2
2022,化学,内蒙古,老高考,2025,全国卷,common,全国乙卷,present_common,H:\New folder\【新·PDF版】2008-2024·高考化学真题\版本2：化学（按省份分类）2008-2024\2008-2024·（内蒙古）化学高考真题\2022年高考化学试卷（全国乙卷）（空白卷）.pdf,papers/2022/化学/全国/全国乙卷/2022_化学_内蒙古_全国乙卷_原卷.pdf,2
2022,化学,吉林,老高考,2024,全国卷,common,全国乙卷,present_common,H:\New folder\【新·PDF版】2008-2024·高考化学真题\版本2：化学（按省份分类）2008-2024\2008-2024·（吉林）化学高考真题\2022年高考化学试卷（全国乙卷）（空白卷）.pdf,papers/2022/化学/全国/全国乙卷/2022_化学_吉林_全国乙卷_原卷.pdf,2
2022,化学,黑龙江,老高考,2024,全国卷,common,全国乙卷,present_common,H:\New folder\【新·PDF版】2008-2024·高考化学真题\版本2：化学（按省份分类）2008-2024\2008-2024·（黑龙江）化学高考真题\2022年高考化学试卷（全国乙卷）（空白卷）.pdf,papers/2022/化学/全国/全国乙卷/2022_化学_黑龙江_全国乙卷_原卷.pdf,2
2022,化学,安徽,老高考,2024,全国卷,common,全国乙卷,present_common,H:\New folder\【新·PDF版】2008-2024·高考化学真题\版本2：化学（按省份分类）2008-2024\2012-2024·（安徽）化学高考真题\2022年高考化学试卷（全国乙卷）（空白卷）.pdf,papers/2022/化学/全国/全国乙卷/2022_化学_安徽_全国乙卷_原卷.pdf,2
2022,化学,江西,老高考,2024,全国卷,common,全国乙卷,present_common,H:\New folder\【新·PDF版】2008-2024·高考化学真题\版本2：化学（按省份分类）2008-2024\2008-2023·（江西）化学高考真题\2022年高考化学试卷（全国乙卷）（空白卷）.pdf,papers/2022/化学/全国/全国乙卷/2022_化学_江西_全国乙卷_原卷.pdf,2
2022,化学,河南,老高考,2025,全国卷,common,全国乙卷,present_common,H:\New folder\【新·PDF版】2008-2024·高考化学真题\版本2：化学（按省份分类）2008-2024\2008-2024·（河南）化学高考真题\2022年高考化学试卷（全国乙卷）（空白卷）.pdf,papers/2022/化学/全国/全国乙卷/2022_化学_河南_全国乙卷_原卷.pdf,2
2022,化学,广西,老高考,2024,全国卷,common,全国甲卷,present_common,H:\New folder\【新·PDF版】2008-2024·高考化学真题\版本2：化学（按省份分类）2008-2024\2008-2023·（广西）化学高考真题\2022年高考化学试卷（全国甲卷）（空白卷）.pdf,papers/2022/化学/全国/全国甲卷/2022_化学_广西_全国甲卷_原卷.pdf,2
2022,化学,四川,老高考,2025,全国卷,common,全国甲卷,present_common,H:\New folder\【新·PDF版】2008-2024·高考化学真题\版本2：化学（按省份分类）2008-2024\2008-2024·（四川）化学高考真题\2022年高考化学试卷（全国甲卷）（空白卷）.pdf,papers/2022/化学/全国/全国甲卷/2022_化学_四川_全国甲卷_原卷.pdf,2
2022,化学,贵州,老高考,2024,全国卷,common,全国甲卷,present_common,H:\New folder\【新·PDF版】2008-2024·高考化学真题\版本2：化学（按省份分类）2008-2024\2008-2023·（贵州）化学高考真题\2022年高考化学试卷（全国甲卷）（空白卷）.pdf,papers/2022/化学/全国/全国甲卷/2022_化学_贵州_全国甲卷_原卷.pdf,2
2022,化学,云南,老高考,2025,全国卷,common,全国甲卷,present_common,H:\New folder\【新·PDF版】2008-2024·高考化学真题\版本2：化学（按省份分类）2008-2024\2008-2024·（云南）化学高考真题\2022年高考化学试卷（全国甲卷）（空白卷）.pdf,papers/2022/化学/全国/全国甲卷/2022_化学_云南_全国甲卷_原卷.pdf,2
2022,化学,西藏,老高考,,全国卷,common,全国甲卷,present_common,H:\New folder\【新·PDF版】2008-2024·高考化学真题\版本2：化学（按省份分类）2008-2024\2008-2024·（西藏）化学高考真题\2022年高考化学试卷（全国甲卷）（空白卷）.pdf,papers/2022/化学/全国/全国甲卷/2022_化学_西藏_全国甲卷_原卷.pdf,2
2022,化学,陕西,老高考,2025,全国卷,common,全国乙卷,present_common,H:\New folder\【新·PDF版】2008-2024·高考化学真题\版本2：化学（按省份分类）2008-2024\2008-2024·（陕西）化学高考真题\2022年高考化学试卷（全国乙卷）（空白卷）.pdf,papers/2022/化学/全国/全国乙卷/2022_化学_陕西_全国乙卷_原卷.pdf,2
2022,化学,甘肃,老高考,2024,全国卷,common,全国乙卷,present_common,H:\New folder\【新·PDF版】2008-2024·高考化学真题\版本2：化学（按省份分类）2008-2024\2008-2024·（甘肃）化学高考真题\2022年高考化学试卷（全国乙卷）（空白卷）.pdf,papers/2022/化学/全国/全国乙卷/2022_化学_甘肃_全国乙卷_原卷.pdf,2
2022,化学,青海,老高考,2025,全国卷,common,全国乙卷,present_common,H:\New folder\【新·PDF版】2008-2024·高考化学真题\版本2：化学（按省份分类）2008-2024\2008-2024·（青海）化学高考真题\2022年高考化学试卷（全国乙卷）（空白卷）.pdf,papers/2022/化学/全国/全国乙卷/2022_化学_青海_全国乙卷_原卷.pdf,2
2022,化学,宁夏,老高考,2025,全国卷,common,全国乙卷,present_common,H:\New folder\【新·PDF版】2008-2024·高考化学真题\版本2：化学（按省份分类）2008-2024\2010-2024·（宁夏）化学高考真题\2022年高考化学试卷（全国乙卷）（空白卷）.pdf,papers/2022/化学/全国/全国乙卷/2022_化学_宁夏_全国乙卷_原卷.pdf,2
2022,化学,新疆,老高考,,全国卷,common,全国乙卷,present_common,H:\New folder\【新·PDF版】2008-2024·高考化学真题\版本2：化学（按省份分类）2008-2024\2008-2024·（新疆）化学高考真题\2022年高考化学试卷（全国乙卷）（空白卷）.pdf,papers/2022/化学/全国/全国乙卷/2022_化学_新疆_全国乙卷_原卷.pdf,2
2022,生物,山西,老高考,2025,全国卷,common,全国乙卷,present_common,H:\New folder\【新·PDF版】2008-2024·高考生物真题\版本2：生物（按省份分类）2008-2024\2008-2024·（山西）生物高考真题\2022年高考生物试卷（全国乙卷）（空白卷）.pdf,papers/2022/生物/全国/全国乙卷/2022_生物_山西_全国乙卷_原卷.pdf,2
2022,生物,内蒙古,老高考,2025,全国卷,common,全国乙卷,present_common,H:\New folder\【新·PDF版】2008-2024·高考生物真题\版本2：生物（按省份分类）2008-2024\2008-2024·（内蒙古）生物高考真题\2022年高考生物试卷（全国乙卷）（空白卷）.pdf,papers/2022/生物/全国/全国乙卷/2022_生物_内蒙古_全国乙卷_原卷.pdf,2
2022,生物,吉林,老高考,2024,全国卷,common,全国乙卷,present_common,H:\New folder\【新·PDF版】2008-2024·高考生物真题\版本2：生物（按省份分类）2008-2024\2008-2024·（吉林）生物高考真题\2022年高考生物试卷（全国乙卷）（空白卷）.pdf,papers/2022/生物/全国/全国乙卷/2022_生物_吉林_全国乙卷_原卷.pdf,2
2022,生物,黑龙江,老高考,2024,全国卷,common,全国乙卷,present_common,H:\New folder\【新·PDF版】2008-2024·高考生物真题\版本2：生物（按省份分类）2008-2024\2008-2024·（黑龙江）生物高考真题\2022年高考生物试卷（全国乙卷）（空白卷）.pdf,papers/2022/生物/全国/全国乙卷/2022_生物_黑龙江_全国乙卷_原卷.pdf,2
2022,生物,安徽,老高考,2024,全国卷,common,全国乙卷,present_common,H:\New folder\【新·PDF版】2008-2024·高考生物真题\版本2：生物（按省份分类）2008-2024\2012-2024·（安徽）生物高考真题\2022年高考生物试卷（全国乙卷）（空白卷）.pdf,papers/2022/生物/全国/全国乙卷/2022_生物_安徽_全国乙卷_原卷.pdf,2
2022,生物,江西,老高考,2024,全国卷,common,全国乙卷,present_common,H:\New folder\【新·PDF版】2008-2024·高考生物真题\版本2：生物（按省份分类）2008-2024\2008-2024·（江西）生物高考真题\2022年高考生物试卷（全国乙卷）（空白卷）.pdf,papers/2022/生物/全国/全国乙卷/2022_生物_江西_全国乙卷_原卷.pdf,2
2022,生物,河南,老高考,2025,全国卷,common,全国乙卷,present_common,H:\New folder\【新·PDF版】2008-2024·高考生物真题\版本2：生物（按省份分类）2008-2024\2008-2024·（河南）生物高考真题\2022年高考生物试卷（全国乙卷）（空白卷）.pdf,papers/2022/生物/全国/全国乙卷/2022_生物_河南_全国乙卷_原卷.pdf,2
2022,生物,广西,老高考,2024,全国卷,common,全国甲卷,present_common,H:\New folder\【新·PDF版】2008-2024·高考生物真题\版本2：生物（按省份分类）2008-2024\2008-2023·（广西）生物高考真题\2022年高考生物试卷（全国甲卷）（空白卷）.pdf,papers/2022/生物/全国/全国甲卷/2022_生物_广西_全国甲卷_原卷.pdf,2
2022,生物,四川,老高考,2025,全国卷,common,全国甲卷,present_common,H:\New folder\【新·PDF版】2008-2024·高考生物真题\版本2：生物（按省份分类）2008-2024\2008-2024·（四川）生物高考真题\2022年高考生物试卷（全国甲卷）（空白卷）.pdf,papers/2022/生物/全国/全国甲卷/2022_生物_四川_全国甲卷_原卷.pdf,2
2022,生物,贵州,老高考,2024,全国卷,common,全国甲卷,present_common,H:\New folder\【新·PDF版】2008-2024·高考生物真题\版本2：生物（按省份分类）2008-2024\2008-2023·（贵州）生物高考真题\2022年高考生物试卷（全国甲卷）（空白卷）.pdf,papers/2022/生物/全国/全国甲卷/2022_生物_贵州_全国甲卷_原卷.pdf,2
2022,生物,云南,老高考,2025,全国卷,common,全国甲卷,present_common,H:\New folder\【新·PDF版】2008-2024·高考生物真题\版本2：生物（按省份分类）2008-2024\2008-2024·（云南）生物高考真题\2022年高考生物试卷（全国甲卷）（空白卷）.pdf,papers/2022/生物/全国/全国甲卷/2022_生物_云南_全国甲卷_原卷.pdf,2
2022,生物,西藏,老高考,,全国卷,common,全国甲卷,present_common,H:\New folder\【新·PDF版】2008-2024·高考生物真题\版本2：生物（按省份分类）2008-2024\2008-2024·（西藏）生物高考真题\2022年高考生物试卷（全国甲卷）（空白卷）.pdf,papers/2022/生物/全国/全国甲卷/2022_生物_西藏_全国甲卷_原卷.pdf,2
2022,生物,陕西,老高考,2025,全国卷,common,全国乙卷,present_common,H:\New folder\【新·PDF版】2008-2024·高考生物真题\版本2：生物（按省份分类）2008-2024\2008-2024·（陕西）生物高考真题\2022年高考生物试卷（全国乙卷）（空白卷）.pdf,papers/2022/生物/全国/全国乙卷/2022_生物_陕西_全国乙卷_原卷.pdf,2
2022,生物,甘肃,老高考,2024,全国卷,common,全国乙卷,present_common,H:\New folder\【新·PDF版】2008-2024·高考生物真题\版本2：生物（按省份分类）2008-2024\2008-2024·（甘肃）生物高考真题\2022年高考生物试卷（全国乙卷）（空白卷）.pdf,papers/2022/生物/全国/全国乙卷/2022_生物_甘肃_全国乙卷_原卷.pdf,2
2022,生物,青海,老高考,2025,全国卷,common,全国乙卷,present_common,H:\New folder\【新·PDF版】2008-2024·高考生物真题\版本2：生物（按省份分类）2008-2024\2008-2024·（青海）生物高考真题\2022年高考生物试卷（全国乙卷）（空白卷）.pdf,papers/2022/生物/全国/全国乙卷/2022_生物_青海_全国乙卷_原卷.pdf,2
2022,生物,宁夏,老高考,2025,全国卷,common,全国乙卷,present_common,H:\New folder\【新·PDF版】2008-2024·高考生物真题\版本2：生物（按省份分类）2008-2024\2010-2024·（宁夏）生物高考真题\2022年高考生物试卷（全国乙卷）（空白卷）.pdf,papers/2022/生物/全国/全国乙卷/2022_生物_宁夏_全国乙卷_原卷.pdf,2
2022,生物,新疆,老高考,,全国卷,common,全国乙卷,present_common,H:\New folder\【新·PDF版】2008-2024·高考生物真题\版本2：生物（按省份分类）2008-2024\2008-2024·（新疆）生物高考真题\2022年高考生物试卷（全国乙卷）（空白卷）.pdf,papers/2022/生物/全国/全国乙卷/2022_生物_新疆_全国乙卷_原卷.pdf,2
2022,政治,山西,老高考,2025,全国卷,common,全国乙卷,present_common,H:\New folder\【新·PDF版】2008-2024·高考政治真题\版本2：政治（按省份分类）2008-2024\2008-2024·（山西）政治高考真题\2022年高考政治试卷（全国乙卷）（空白卷）.pdf,papers/2022/政治/全国/全国乙卷/2022_政治_山西_全国乙卷_原卷.pdf,2
2022,政治,内蒙古,老高考,2025,全国卷,common,全国乙卷,present_common,H:\New folder\【新·PDF版】2008-2024·高考政治真题\版本2：政治（按省份分类）2008-2024\2008-2023·（内蒙古）政治高考真题\2022年高考政治试卷（全国乙卷）（空白卷）.pdf,papers/2022/政治/全国/全国乙卷/2022_政治_内蒙古_全国乙卷_原卷.pdf,2
2022,政治,吉林,老高考,2024,全国卷,common,全国乙卷,present_common,H:\New folder\【新·PDF版】2008-2024·高考政治真题\版本2：政治（按省份分类）2008-2024\2008-2024·（吉林）政治高考真题\2022年高考政治试卷（全国乙卷）（空白卷）.pdf,papers/2022/政治/全国/全国乙卷/2022_政治_吉林_全国乙卷_原卷.pdf,2
2022,政治,黑龙江,老高考,2024,全国卷,common,全国乙卷,present_common,H:\New folder\【新·PDF版】2008-2024·高考政治真题\版本2：政治（按省份分类）2008-2024\2008-2024·（黑龙江）政治高考真题\2022年高考政治试卷（全国乙卷）（空白卷）.pdf,papers/2022/政治/全国/全国乙卷/2022_政治_黑龙江_全国乙卷_原卷.pdf,2
2022,政治,安徽,老高考,2024,全国卷,common,全国乙卷,present_common,H:\New folder\【新·PDF版】2008-2024·高考政治真题\版本2：政治（按省份分类）2008-2024\2012-2024·（安徽）政治高考真题\2022年高考政治试卷（全国乙卷）（空白卷）.pdf,papers/2022/政治/全国/全国乙卷/2022_政治_安徽_全国乙卷_原卷.pdf,2
2022,政治,江西,老高考,2024,全国卷,common,全国乙卷,present_common,H:\New folder\【新·PDF版】2008-2024·高考政治真题\版本2：政治（按省份分类）2008-2024\2008-2023·（江西）政治高考真题\2022年高考政治试卷（全国乙卷）（空白卷）.pdf,papers/2022/政治/全国/全国乙卷/2022_政治_江西_全国乙卷_原卷.pdf,2
2022,政治,河南,老高考,2025,全国卷,common,全国乙卷,present_common,H:\New folder\【新·PDF版】2008-2024·高考政治真题\版本2：政治（按省份分类）2008-2024\2008-2024·（河南）政治高考真题\2022年高考政治试卷（全国乙卷）（空白卷）.pdf,papers/2022/政治/全国/全国乙卷/2022_政治_河南_全国乙卷_原卷.pdf,2
2022,政治,广西,老高考,2024,全国卷,common,全国甲卷,present_common,H:\New folder\【新·PDF版】2008-2024·高考政治真题\版本2：政治（按省份分类）2008-2024\2008-2023·（广西）政治高考真题\2022年高考政治试卷（全国甲卷）（空白卷）.pdf,papers/2022/政治/全国/全国甲卷/2022_政治_广西_全国甲卷_原卷.pdf,2
2022,政治,四川,老高考,2025,全国卷,common,全国甲卷,present_common,H:\New folder\【新·PDF版】2008-2024·高考政治真题\版本2：政治（按省份分类）2008-2024\2008-2023·（四川）政治高考真题\2022年高考政治试卷（全国甲卷）（空白卷）.pdf,papers/2022/政治/全国/全国甲卷/2022_政治_四川_全国甲卷_原卷.pdf,2
2022,政治,贵州,老高考,2024,全国卷,common,全国甲卷,present_common,H:\New folder\【新·PDF版】2008-2024·高考政治真题\版本2：政治（按省份分类）2008-2024\2008-2023·（贵州）政治高考真题\2022年高考政治试卷（全国甲卷）（空白卷）.pdf,papers/2022/政治/全国/全国甲卷/2022_政治_贵州_全国甲卷_原卷.pdf,2
2022,政治,云南,老高考,2025,全国卷,common,全国甲卷,present_common,H:\New folder\【新·PDF版】2008-2024·高考政治真题\版本2：政治（按省份分类）2008-2024\2008-2024·（云南）政治高考真题\2022年高考政治试卷（全国甲卷）（空白卷）.pdf,papers/2022/政治/全国/全国甲卷/2022_政治_云南_全国甲卷_原卷.pdf,2
2022,政治,西藏,老高考,,全国卷,common,全国甲卷,present_common,H:\New folder\【新·PDF版】2008-2024·高考政治真题\版本2：政治（按省份分类）2008-2024\2008-2024·（西藏）政治高考真题\2022年高考政治试卷（全国甲卷）（空白卷）.pdf,papers/2022/政治/全国/全国甲卷/2022_政治_西藏_全国甲卷_原卷.pdf,2
2022,政治,陕西,老高考,2025,全国卷,common,全国乙卷,present_common,H:\New folder\【新·PDF版】2008-2024·高考政治真题\版本2：政治（按省份分类）2008-2024\2008-2023·（陕西）政治高考真题\2022年高考政治试卷（全国乙卷）（空白卷）.pdf,papers/2022/政治/全国/全国乙卷/2022_政治_陕西_全国乙卷_原卷.pdf,2
2022,政治,甘肃,老高考,2024,全国卷,common,全国乙卷,present_common,H:\New folder\【新·PDF版】2008-2024·高考政治真题\版本2：政治（按省份分类）2008-2024\2008-2023·（甘肃）政治高考真题\2022年高考政治试卷（全国乙卷）（空白卷）.pdf,papers/2022/政治/全国/全国乙卷/2022_政治_甘肃_全国乙卷_原卷.pdf,2
2022,政治,青海,老高考,2025,全国卷,common,全国乙卷,present_common,H:\New folder\【新·PDF版】2008-2024·高考政治真题\版本2：政治（按省份分类）2008-2024\2008-2023·（青海）政治高考真题\2022年高考政治试卷（全国乙卷）（空白卷）.pdf,papers/2022/政治/全国/全国乙卷/2022_政治_青海_全国乙卷_原卷.pdf,2
2022,政治,宁夏,老高考,2025,全国卷,common,全国乙卷,present_common,H:\New folder\【新·PDF版】2008-2024·高考政治真题\版本2：政治（按省份分类）2008-2024\2010-2023·（宁夏）政治高考真题\2022年高考政治试卷（全国乙卷）（空白卷）.pdf,papers/2022/政治/全国/全国乙卷/2022_政治_宁夏_全国乙卷_原卷.pdf,2
2022,政治,新疆,老高考,,全国卷,common,全国乙卷,present_common,H:\New folder\【新·PDF版】2008-2024·高考政治真题\版本2：政治（按省份分类）2008-2024\2008-2024·（新疆）政治高考真题\2022年高考政治试卷（全国乙卷）（空白卷）.pdf,papers/2022/政治/全国/全国乙卷/2022_政治_新疆_全国乙卷_原卷.pdf,2
2022,历史,山西,老高考,2025,全国卷,common,全国乙卷,present_common,H:\New folder\【新·PDF版】2008-2024·高考历史真题\版本2：历史（按省份分类）2008-2024\2008-2024·（山西）历史高考真题\2022年高考历史试卷（全国乙卷）（空白卷）.pdf,papers/2022/历史/全国/全国乙卷/2022_历史_山西_全国乙卷_原卷.pdf,2
2022,历史,内蒙古,老高考,2025,全国卷,common,全国乙卷,present_common,H:\New folder\【新·PDF版】2008-2024·高考历史真题\版本2：历史（按省份分类）2008-2024\2008-2024·（内蒙古）历史高考真题\2022年高考历史试卷（全国乙卷）（空白卷）.pdf,papers/2022/历史/全国/全国乙卷/2022_历史_内蒙古_全国乙卷_原卷.pdf,2
2022,历史,吉林,老高考,2024,全国卷,common,全国乙卷,present_common,H:\New folder\【新·PDF版】2008-2024·高考历史真题\版本2：历史（按省份分类）2008-2024\2008-2024·（吉林）历史高考真题\2022年高考历史试卷（全国乙卷）（空白卷）.pdf,papers/2022/历史/全国/全国乙卷/2022_历史_吉林_全国乙卷_原卷.pdf,2
2022,历史,黑龙江,老高考,2024,全国卷,common,全国乙卷,present_common,H:\New folder\【新·PDF版】2008-2024·高考历史真题\版本2：历史（按省份分类）2008-2024\2008-2024·（黑龙江）历史高考真题\2022年高考历史试卷（全国乙卷）（空白卷）.pdf,papers/2022/历史/全国/全国乙卷/2022_历史_黑龙江_全国乙卷_原卷.pdf,2
2022,历史,安徽,老高考,2024,全国卷,common,全国乙卷,present_common,H:\New folder\【新·PDF版】2008-2024·高考历史真题\版本2：历史（按省份分类）2008-2024\2012-2024·（安徽）历史高考真题\2022年高考历史试卷（全国乙卷）（空白卷）.pdf,papers/2022/历史/全国/全国乙卷/2022_历史_安徽_全国乙卷_原卷.pdf,2
2022,历史,江西,老高考,2024,全国卷,common,全国乙卷,present_common,H:\New folder\【新·PDF版】2008-2024·高考历史真题\版本2：历史（按省份分类）2008-2024\2008-2023·（江西）历史高考真题\2022年高考历史试卷（全国乙卷）（空白卷）.pdf,papers/2022/历史/全国/全国乙卷/2022_历史_江西_全国乙卷_原卷.pdf,2
2022,历史,河南,老高考,2025,全国卷,common,全国乙卷,present_common,H:\New folder\【新·PDF版】2008-2024·高考历史真题\版本2：历史（按省份分类）2008-2024\2008-2024·（河南）历史高考真题\2022年高考历史试卷（全国乙卷）（空白卷）.pdf,papers/2022/历史/全国/全国乙卷/2022_历史_河南_全国乙卷_原卷.pdf,2
2022,历史,广西,老高考,2024,全国卷,common,全国甲卷,present_common,H:\New folder\【新·PDF版】2008-2024·高考历史真题\版本2：历史（按省份分类）2008-2024\2008-2023·（广西）历史高考真题\2022年高考历史试卷（全国甲卷）（空白卷）.pdf,papers/2022/历史/全国/全国甲卷/2022_历史_广西_全国甲卷_原卷.pdf,2
2022,历史,四川,老高考,2025,全国卷,common,全国甲卷,present_common,H:\New folder\【新·PDF版】2008-2024·高考历史真题\版本2：历史（按省份分类）2008-2024\2008-2024·（四川）历史高考真题\2022年高考历史试卷（全国甲卷）（空白卷）.pdf,papers/2022/历史/全国/全国甲卷/2022_历史_四川_全国甲卷_原卷.pdf,2
2022,历史,贵州,老高考,2024,全国卷,common,全国甲卷,present_common,H:\New folder\【新·PDF版】2008-2024·高考历史真题\版本2：历史（按省份分类）2008-2024\2008-2023·（贵州）历史高考真题\2022年高考历史试卷（全国甲卷）（空白卷）.pdf,papers/2022/历史/全国/全国甲卷/2022_历史_贵州_全国甲卷_原卷.pdf,2
2022,历史,云南,老高考,2025,全国卷,common,全国甲卷,present_common,H:\New folder\【新·PDF版】2008-2024·高考历史真题\版本2：历史（按省份分类）2008-2024\2008-2024·（云南）历史高考真题\2022年高考历史试卷（全国甲卷）（空白卷）.pdf,papers/2022/历史/全国/全国甲卷/2022_历史_云南_全国甲卷_原卷.pdf,2
2022,历史,西藏,老高考,,全国卷,common,全国甲卷,present_common,H:\New folder\【新·PDF版】2008-2024·高考历史真题\版本2：历史（按省份分类）2008-2024\2008-2024·（西藏）历史高考真题\2022年高考历史试卷（全国甲卷）（空白卷）.pdf,papers/2022/历史/全国/全国甲卷/2022_历史_西藏_全国甲卷_原卷.pdf,2
2022,历史,陕西,老高考,2025,全国卷,common,全国乙卷,present_common,H:\New folder\【新·PDF版】2008-2024·高考历史真题\版本2：历史（按省份分类）2008-2024\2008-2024·（陕西）历史高考真题\2022年高考历史试卷（全国乙卷）（空白卷）.pdf,papers/2022/历史/全国/全国乙卷/2022_历史_陕西_全国乙卷_原卷.pdf,2
2022,历史,甘肃,老高考,2024,全国卷,common,全国乙卷,present_common,H:\New folder\【新·PDF版】2008-2024·高考历史真题\版本2：历史（按省份分类）2008-2024\2008-2024·（甘肃）历史高考真题\2022年高考历史试卷（全国乙卷）（空白卷）.pdf,papers/2022/历史/全国/全国乙卷/2022_历史_甘肃_全国乙卷_原卷.pdf,2
2022,历史,青海,老高考,2025,全国卷,common,全国乙卷,present_common,H:\New folder\【新·PDF版】2008-2024·高考历史真题\版本2：历史（按省份分类）2008-2024\2008-2024·（青海）历史高考真题\2022年高考历史试卷（全国乙卷）（空白卷）.pdf,papers/2022/历史/全国/全国乙卷/2022_历史_青海_全国乙卷_原卷.pdf,2
2022,历史,宁夏,老高考,2025,全国卷,common,全国乙卷,present_common,H:\New folder\【新·PDF版】2008-2024·高考历史真题\版本2：历史（按省份分类）2008-2024\2010-2024·（宁夏）历史高考真题\2022年高考历史试卷（全国乙卷）（空白卷）.pdf,papers/2022/历史/全国/全国乙卷/2022_历史_宁夏_全国乙卷_原卷.pdf,2
2022,历史,新疆,老高考,,全国卷,common,全国乙卷,present_common,H:\New folder\【新·PDF版】2008-2024·高考历史真题\版本2：历史（按省份分类）2008-2024\2008-2024·（新疆）历史高考真题\2022年高考历史试卷（全国乙卷）（空白卷）.pdf,papers/2022/历史/全国/全国乙卷/2022_历史_新疆_全国乙卷_原卷.pdf,2
2022,地理,山西,老高考,2025,全国卷,common,全国乙卷,present_common,H:\New folder\【新·PDF版】2008-2024·高考地理真题\版本2：地理（按省份分类）2008-2024\2008-2024·（山西）地理高考真题\2022年高考地理试卷（全国乙卷）（空白卷）.pdf,papers/2022/地理/全国/全国乙卷/2022_地理_山西_全国乙卷_原卷.pdf,2
2022,地理,内蒙古,老高考,2025,全国卷,common,全国乙卷,present_common,H:\New folder\【新·PDF版】2008-2024·高考地理真题\版本2：地理（按省份分类）2008-2024\2008-2024·（内蒙古）地理高考真题\2022年高考地理试卷（全国乙卷）（空白卷）.pdf,papers/2022/地理/全国/全国乙卷/2022_地理_内蒙古_全国乙卷_原卷.pdf,2
2022,地理,吉林,老高考,2024,全国卷,common,全国乙卷,present_common,H:\New folder\【新·PDF版】2008-2024·高考地理真题\版本2：地理（按省份分类）2008-2024\2008-2024·（吉林）地理高考真题\2022年高考地理试卷（全国乙卷）（空白卷）.pdf,papers/2022/地理/全国/全国乙卷/2022_地理_吉林_全国乙卷_原卷.pdf,2
2022,地理,黑龙江,老高考,2024,全国卷,common,全国乙卷,present_common,H:\New folder\【新·PDF版】2008-2024·高考地理真题\版本2：地理（按省份分类）2008-2024\2008-2024·（黑龙江）地理高考真题\2022年高考地理试卷（全国乙卷）（空白卷）.pdf,papers/2022/地理/全国/全国乙卷/2022_地理_黑龙江_全国乙卷_原卷.pdf,2
2022,地理,安徽,老高考,2024,全国卷,common,全国乙卷,present_common,H:\New folder\【新·PDF版】2008-2024·高考地理真题\版本2：地理（按省份分类）2008-2024\2012-2024·（安徽）地理高考真题\2022年高考地理试卷（全国乙卷）（空白卷）.pdf,papers/2022/地理/全国/全国乙卷/2022_地理_安徽_全国乙卷_原卷.pdf,2
2022,地理,江西,老高考,2024,全国卷,common,全国乙卷,present_common,H:\New folder\【新·PDF版】2008-2024·高考地理真题\版本2：地理（按省份分类）2008-2024\2008-2024·（江西）地理高考真题\2022年高考地理试卷（全国乙卷）（空白卷）.pdf,papers/2022/地理/全国/全国乙卷/2022_地理_江西_全国乙卷_原卷.pdf,2
2022,地理,河南,老高考,2025,全国卷,common,全国乙卷,present_common,H:\New folder\【新·PDF版】2008-2024·高考地理真题\版本2：地理（按省份分类）2008-2024\2008-2024·（河南）地理高考真题\2022年高考地理试卷（全国乙卷）（空白卷）.pdf,papers/2022/地理/全国/全国乙卷/2022_地理_河南_全国乙卷_原卷.pdf,2
2022,地理,广西,老高考,2024,全国卷,common,全国甲卷,present_common,H:\New folder\【新·PDF版】2008-2024·高考地理真题\版本2：地理（按省份分类）2008-2024\2008-2023·（广西）地理高考真题\2022年高考地理试卷（全国甲卷）（空白卷）.pdf,papers/2022/地理/全国/全国甲卷/2022_地理_广西_全国甲卷_原卷.pdf,2
2022,地理,四川,老高考,2025,全国卷,common,全国甲卷,present_common,H:\New folder\【新·PDF版】2008-2024·高考地理真题\版本2：地理（按省份分类）2008-2024\2008-2024·（四川）地理高考真题\2022年高考地理试卷（全国甲卷）（空白卷）.pdf,papers/2022/地理/全国/全国甲卷/2022_地理_四川_全国甲卷_原卷.pdf,2
2022,地理,贵州,老高考,2024,全国卷,common,全国甲卷,present_common,H:\New folder\【新·PDF版】2008-2024·高考地理真题\版本2：地理（按省份分类）2008-2024\2008-2023·（贵州）地理高考真题\2022年高考地理试卷（全国甲卷）（空白卷）.pdf,papers/2022/地理/全国/全国甲卷/2022_地理_贵州_全国甲卷_原卷.pdf,2
2022,地理,云南,老高考,2025,全国卷,common,全国甲卷,present_common,H:\New folder\【新·PDF版】2008-2024·高考地理真题\版本2：地理（按省份分类）2008-2024\2008-2024·（云南）地理高考真题\2022年高考地理试卷（全国甲卷）（空白卷）.pdf,papers/2022/地理/全国/全国甲卷/2022_地理_云南_全国甲卷_原卷.pdf,2
2022,地理,西藏,老高考,,全国卷,common,全国甲卷,present_common,H:\New folder\【新·PDF版】2008-2024·高考地理真题\版本2：地理（按省份分类）2008-2024\2008-2024·（西藏）地理高考真题\2022年高考地理试卷（全国甲卷）（空白卷）.pdf,papers/2022/地理/全国/全国甲卷/2022_地理_西藏_全国甲卷_原卷.pdf,2
2022,地理,陕西,老高考,2025,全国卷,common,全国乙卷,present_common,H:\New folder\【新·PDF版】2008-2024·高考地理真题\版本2：地理（按省份分类）2008-2024\2008-2024·（陕西）地理高考真题\2022年高考地理试卷（全国乙卷）（空白卷）.pdf,papers/2022/地理/全国/全国乙卷/2022_地理_陕西_全国乙卷_原卷.pdf,2
2022,地理,甘肃,老高考,2024,全国卷,common,全国乙卷,present_common,H:\New folder\【新·PDF版】2008-2024·高考地理真题\版本2：地理（按省份分类）2008-2024\2008-2024·（甘肃）地理高考真题\2022年高考地理试卷（全国乙卷）（空白卷）.pdf,papers/2022/地理/全国/全国乙卷/2022_地理_甘肃_全国乙卷_原卷.pdf,2
2022,地理,青海,老高考,2025,全国卷,common,全国乙卷,present_common,H:\New folder\【新·PDF版】2008-2024·高考地理真题\版本2：地理（按省份分类）2008-2024\2008-2024·（青海）地理高考真题\2022年高考地理试卷（全国乙卷）（空白卷）.pdf,papers/2022/地理/全国/全国乙卷/2022_地理_青海_全国乙卷_原卷.pdf,2
2022,地理,宁夏,老高考,2025,全国卷,common,全国乙卷,present_common,H:\New folder\【新·PDF版】2008-2024·高考地理真题\版本2：地理（按省份分类）2008-2024\2010-2024·（宁夏）地理高考真题\2022年高考地理试卷（全国乙卷）（空白卷）.pdf,papers/2022/地理/全国/全国乙卷/2022_地理_宁夏_全国乙卷_原卷.pdf,2
2022,地理,新疆,老高考,,全国卷,common,全国乙卷,present_common,H:\New folder\【新·PDF版】2008-2024·高考地理真题\版本2：地理（按省份分类）2008-2024\2008-2024·（新疆）地理高考真题\2022年高考地理试卷（全国乙卷）（空白卷）.pdf,papers/2022/地理/全国/全国乙卷/2022_地理_新疆_全国乙卷_原卷.pdf,2
2023,语文,山西,老高考,2025,全国卷,common,新课标全国II卷,present_common,H:\New folder\【新·PDF版】2008-2024·高考语文真题\版本2：语文（按省份分类）2008-2024\2008-2024·（山西）语文高考真题\2023年高考语文试卷（新课标Ⅱ卷）（空白卷）.pdf,papers/2023/语文/全国/新课标全国II卷/2023_语文_山西_新课标全国II卷_原卷.pdf,2
2023,语文,内蒙古,老高考,2025,全国卷,common,全国乙卷,present_common,H:\New folder\【新·PDF版】2008-2024·高考语文真题\版本2：语文（按省份分类）2008-2024\2008-2024·（内蒙古）语文高考真题\2023年高考语文试卷（全国乙卷）（空白卷）.pdf,papers/2023/语文/全国/全国乙卷/2023_语文_内蒙古_全国乙卷_原卷.pdf,2
2023,语文,吉林,老高考,2024,全国卷,common,新课标全国II卷,present_common,H:\New folder\【新·PDF版】2008-2024·高考语文真题\版本2：语文（按省份分类）2008-2024\2008-2024·（吉林）语文高考真题\2023年高考语文试卷（新课标Ⅱ卷）（空白卷）.pdf,papers/2023/语文/全国/新课标全国II卷/2023_语文_吉林_新课标全国II卷_原卷.pdf,2
2023,语文,黑龙江,老高考,2024,全国卷,common,新课标全国II卷,present_common,H:\New folder\【新·PDF版】2008-2024·高考语文真题\版本2：语文（按省份分类）2008-2024\2008-2024·（黑龙江）语文高考真题\2023年高考语文试卷（新课标Ⅱ卷）（空白卷）.pdf,papers/2023/语文/全国/新课标全国II卷/2023_语文_黑龙江_新课标全国II卷_原卷.pdf,2
2023,语文,安徽,老高考,2024,全国卷,common,新课标全国II卷,present_common,H:\New folder\【新·PDF版】2008-2024·高考语文真题\版本2：语文（按省份分类）2008-2024\2012-2024·（安徽）语文高考真题\2023年高考语文试卷（新课标Ⅱ卷）（空白卷）.pdf,papers/2023/语文/全国/新课标全国II卷/2023_语文_安徽_新课标全国II卷_原卷.pdf,2
2023,语文,江西,老高考,2024,全国卷,common,全国乙卷,present_common,H:\New folder\【新·PDF版】2008-2024·高考语文真题\版本2：语文（按省份分类）2008-2024\2012-2024·（江西）语文高考真题\2023年高考语文试卷（全国乙卷）（空白卷）.pdf,papers/2023/语文/全国/全国乙卷/2023_语文_江西_全国乙卷_原卷.pdf,2
2023,语文,河南,老高考,2025,全国卷,common,全国乙卷,present_common,H:\New folder\【新·PDF版】2008-2024·高考语文真题\版本2：语文（按省份分类）2008-2024\2008-2024·（河南）语文高考真题\2023年高考语文试卷（全国乙卷）（空白卷）.pdf,papers/2023/语文/全国/全国乙卷/2023_语文_河南_全国乙卷_原卷.pdf,2
2023,语文,广西,老高考,2024,全国卷,common,全国甲卷,present_common,H:\New folder\【新·PDF版】2008-2024·高考语文真题\版本2：语文（按省份分类）2008-2024\2008-2024·（广西）语文高考真题\2023年高考语文试卷（全国甲卷）（空白卷）.pdf,papers/2023/语文/全国/全国甲卷/2023_语文_广西_全国甲卷_原卷.pdf,2
2023,语文,四川,老高考,2025,全国卷,common,全国甲卷,present_common,H:\New folder\【新·PDF版】2008-2024·高考语文真题\版本2：语文（按省份分类）2008-2024\2008-2024·（四川）语文高考真题\2023年高考语文试卷（全国甲卷）（空白卷）.pdf,papers/2023/语文/全国/全国甲卷/2023_语文_四川_全国甲卷_原卷.pdf,2
2023,语文,贵州,老高考,2024,全国卷,common,全国甲卷,present_common,H:\New folder\【新·PDF版】2008-2024·高考语文真题\版本2：语文（按省份分类）2008-2024\2008-2024·（贵州）语文高考真题\2023年高考语文试卷（全国甲卷）（空白卷）.pdf,papers/2023/语文/全国/全国甲卷/2023_语文_贵州_全国甲卷_原卷.pdf,2
2023,语文,云南,老高考,2025,全国卷,common,新课标全国II卷,present_common,H:\New folder\【新·PDF版】2008-2024·高考语文真题\版本2：语文（按省份分类）2008-2024\2008-2024·（云南）语文高考真题\2023年高考语文试卷（新课标Ⅱ卷）（空白卷）.pdf,papers/2023/语文/全国/新课标全国II卷/2023_语文_云南_新课标全国II卷_原卷.pdf,2
2023,语文,西藏,老高考,,全国卷,common,全国甲卷,present_common,H:\New folder\【新·PDF版】2008-2024·高考语文真题\版本2：语文（按省份分类）2008-2024\2008-2024·（西藏）语文高考真题\2023年高考语文试卷（全国甲卷）（空白卷）.pdf,papers/2023/语文/全国/全国甲卷/2023_语文_西藏_全国甲卷_原卷.pdf,2
2023,语文,陕西,老高考,2025,全国卷,common,全国乙卷,present_common,H:\New folder\【新·PDF版】2008-2024·高考语文真题\版本2：语文（按省份分类）2008-2024\2008-2024·（陕西）语文高考真题\2023年高考语文试卷（全国乙卷）（空白卷）.pdf,papers/2023/语文/全国/全国乙卷/2023_语文_陕西_全国乙卷_原卷.pdf,1
2023,语文,甘肃,老高考,2024,全国卷,common,全国乙卷,present_common,H:\New folder\【新·PDF版】2008-2024·高考语文真题\版本2：语文（按省份分类）2008-2024\2008-2024·（甘肃）语文高考真题\2023年高考语文试卷（全国乙卷）（空白卷）.pdf,papers/2023/语文/全国/全国乙卷/2023_语文_甘肃_全国乙卷_原卷.pdf,2
2023,语文,青海,老高考,2025,全国卷,common,全国乙卷,present_common,H:\New folder\【新·PDF版】2008-2024·高考语文真题\版本2：语文（按省份分类）2008-2024\2008-2024·（青海）语文高考真题\2023年高考语文试卷（全国乙卷）（空白卷）.pdf,papers/2023/语文/全国/全国乙卷/2023_语文_青海_全国乙卷_原卷.pdf,2
2023,语文,宁夏,老高考,2025,全国卷,common,全国乙卷,present_common,H:\New folder\【新·PDF版】2008-2024·高考语文真题\版本2：语文（按省份分类）2008-2024\2008-2024·（宁夏）语文高考真题\2023年高考语文试卷（全国乙卷）（空白卷）.pdf,papers/2023/语文/全国/全国乙卷/2023_语文_宁夏_全国乙卷_原卷.pdf,2
2023,语文,新疆,老高考,,全国卷,common,全国乙卷,present_common,H:\New folder\【新·PDF版】2008-2024·高考语文真题\版本2：语文（按省份分类）2008-2024\2008-2024·（新疆）语文高考真题\2023年高考语文试卷（全国乙卷）（空白卷）.pdf,papers/2023/语文/全国/全国乙卷/2023_语文_新疆_全国乙卷_原卷.pdf,2
2023,数学,山西,老高考,2025,全国卷,common,新课标全国II卷,present_common,H:\New folder\【新】2008-2024·高考数学真题\【PDF版】2008-2024·高考数学真题\版本2：数学（按省份分类）2008-2024\2008-2024·（山西）数学高考真题\2023年高考数学试卷（新课标Ⅱ卷）（空白卷）.pdf,papers/2023/数学/全国/新课标全国II卷/2023_数学_山西_新课标全国II卷_原卷.pdf,2
2023,数学,内蒙古,老高考,2025,全国卷,common,全国乙卷,present_common,H:\New folder\【新】2008-2024·高考数学真题\【PDF版】2008-2024·高考数学真题\版本2：数学（按省份分类）2008-2024\2008-2024·（内蒙古）数学高考真题\2023年高考数学试卷（文）（全国乙卷）（空白卷）.pdf,papers/2023/数学/全国/全国乙卷/2023_数学_内蒙古_全国乙卷_原卷.pdf,4
2023,数学,吉林,老高考,2024,全国卷,common,新课标全国II卷,present_common,H:\New folder\【新】2008-2024·高考数学真题\【PDF版】2008-2024·高考数学真题\版本2：数学（按省份分类）2008-2024\2008-2024·（吉林）数学高考真题\2023年高考数学试卷（新课标Ⅱ卷）（空白卷）.pdf,papers/2023/数学/全国/新课标全国II卷/2023_数学_吉林_新课标全国II卷_原卷.pdf,2
2023,数学,黑龙江,老高考,2024,全国卷,common,新课标全国II卷,present_common,H:\New folder\【新】2008-2024·高考数学真题\【PDF版】2008-2024·高考数学真题\版本2：数学（按省份分类）2008-2024\2008-2024·（黑龙江）数学高考真题\2023年高考数学试卷（新课标Ⅱ卷）（空白卷）.pdf,papers/2023/数学/全国/新课标全国II卷/2023_数学_黑龙江_新课标全国II卷_原卷.pdf,2
2023,数学,安徽,老高考,2024,全国卷,common,新课标全国II卷,present_common,H:\New folder\【新】2008-2024·高考数学真题\【PDF版】2008-2024·高考数学真题\版本2：数学（按省份分类）2008-2024\2012-2024·（安徽）数学高考真题\2023年高考数学试卷（新课标Ⅱ卷）（空白卷）.pdf,papers/2023/数学/全国/新课标全国II卷/2023_数学_安徽_新课标全国II卷_原卷.pdf,2
2023,数学,江西,老高考,2024,全国卷,common,全国乙卷,present_common,H:\New folder\【新】2008-2024·高考数学真题\【PDF版】2008-2024·高考数学真题\版本2：数学（按省份分类）2008-2024\2008-2024·（江西）数学高考真题\2023年高考数学试卷（文）（全国乙卷）（空白卷）.pdf,papers/2023/数学/全国/全国乙卷/2023_数学_江西_全国乙卷_原卷.pdf,4
2023,数学,河南,老高考,2025,全国卷,common,全国乙卷,present_common,H:\New folder\【新】2008-2024·高考数学真题\【PDF版】2008-2024·高考数学真题\版本2：数学（按省份分类）2008-2024\2008-2024·（河南）数学高考真题\2023年高考数学试卷（文）（全国乙卷）（空白卷）.pdf,papers/2023/数学/全国/全国乙卷/2023_数学_河南_全国乙卷_原卷.pdf,4
2023,数学,广西,老高考,2024,全国卷,common,全国甲卷,present_common,H:\New folder\【新】2008-2024·高考数学真题\【PDF版】2008-2024·高考数学真题\版本2：数学（按省份分类）2008-2024\2008-2024·（广西）数学高考真题\2023年高考数学试卷（文）（全国甲卷）（空白卷）.pdf,papers/2023/数学/全国/全国甲卷/2023_数学_广西_全国甲卷_原卷.pdf,4
2023,数学,四川,老高考,2025,全国卷,common,全国甲卷,present_common,H:\New folder\【新】2008-2024·高考数学真题\【PDF版】2008-2024·高考数学真题\版本2：数学（按省份分类）2008-2024\2008-2024·（四川）数学高考真题\2023年高考数学试卷（文）（全国甲卷）（空白卷）.pdf,papers/2023/数学/全国/全国甲卷/2023_数学_四川_全国甲卷_原卷.pdf,4
2023,数学,贵州,老高考,2024,全国卷,common,全国甲卷,present_common,H:\New folder\【新】2008-2024·高考数学真题\【PDF版】2008-2024·高考数学真题\版本2：数学（按省份分类）2008-2024\2008-2024·（贵州）数学高考真题\2023年高考数学试卷（文）（全国甲卷）（空白卷）.pdf,papers/2023/数学/全国/全国甲卷/2023_数学_贵州_全国甲卷_原卷.pdf,4
2023,数学,云南,老高考,2025,全国卷,common,新课标全国II卷,present_common,H:\New folder\【新】2008-2024·高考数学真题\【PDF版】2008-2024·高考数学真题\版本2：数学（按省份分类）2008-2024\2008-2024·（云南）数学高考真题\2023年高考数学试卷（新课标Ⅱ卷）（空白卷）.pdf,papers/2023/数学/全国/新课标全国II卷/2023_数学_云南_新课标全国II卷_原卷.pdf,2
2023,数学,西藏,老高考,,全国卷,common,全国甲卷,present_common,H:\New folder\【新】2008-2024·高考数学真题\【PDF版】2008-2024·高考数学真题\版本2：数学（按省份分类）2008-2024\2008-2024·（西藏）数学高考真题\2023年高考数学试卷（文）（全国甲卷）（空白卷）.pdf,papers/2023/数学/全国/全国甲卷/2023_数学_西藏_全国甲卷_原卷.pdf,4
2023,数学,陕西,老高考,2025,全国卷,common,全国乙卷,present_common,H:\New folder\【新】2008-2024·高考数学真题\【PDF版】2008-2024·高考数学真题\版本2：数学（按省份分类）2008-2024\2008-2024·（陕西）数学高考真题\2023年高考数学试卷（文）（全国乙卷）（空白卷）.pdf,papers/2023/数学/全国/全国乙卷/2023_数学_陕西_全国乙卷_原卷.pdf,4
2023,数学,甘肃,老高考,2024,全国卷,common,全国乙卷,present_common,H:\New folder\【新】2008-2024·高考数学真题\【PDF版】2008-2024·高考数学真题\版本2：数学（按省份分类）2008-2024\2008-2024·（甘肃）数学高考真题\2023年高考数学试卷（文）（全国乙卷）（空白卷）.pdf,papers/2023/数学/全国/全国乙卷/2023_数学_甘肃_全国乙卷_原卷.pdf,4
2023,数学,青海,老高考,2025,全国卷,common,全国乙卷,present_common,H:\New folder\【新】2008-2024·高考数学真题\【PDF版】2008-2024·高考数学真题\版本2：数学（按省份分类）2008-2024\2008-2024·（青海）数学高考真题\2023年高考数学试卷（文）（全国乙卷）（空白卷）.pdf,papers/2023/数学/全国/全国乙卷/2023_数学_青海_全国乙卷_原卷.pdf,4
2023,数学,宁夏,老高考,2025,全国卷,common,全国乙卷,present_common,H:\New folder\【新】2008-2024·高考数学真题\【PDF版】2008-2024·高考数学真题\版本2：数学（按省份分类）2008-2024\2008-2024·（宁夏）数学高考真题\2023年高考数学试卷（文）（全国乙卷）（空白卷）.pdf,papers/2023/数学/全国/全国乙卷/2023_数学_宁夏_全国乙卷_原卷.pdf,4
2023,数学,新疆,老高考,,全国卷,common,全国乙卷,present_common,H:\New folder\【新】2008-2024·高考数学真题\【PDF版】2008-2024·高考数学真题\版本2：数学（按省份分类）2008-2024\2008-2024·（新疆）数学高考真题\2023年高考数学试卷（文）（全国乙卷）（空白卷）.pdf,papers/2023/数学/全国/全国乙卷/2023_数学_新疆_全国乙卷_原卷.pdf,4
2023,英语,山西,老高考,2025,全国卷,common,新课标全国II卷,present_common,H:\New folder\【新·PDF版】2008-2024·高考英语真题\版本2：英语（按省份分类）2008-2024\2008-2024·（山西）英语高考真题\2023年高考英语试卷（新课标Ⅱ卷）听力音频.mp3,papers/2023/英语/全国/新课标全国II卷/2023_英语_山西_新课标全国II卷_原卷.mp3,3
2023,英语,内蒙古,老高考,2025,全国卷,common,全国乙卷,present_common,H:\New folder\【新·PDF版】2008-2024·高考英语真题\版本2：英语（按省份分类）2008-2024\2008-2024·（内蒙古）英语高考真题\2023年高考英语试卷（全国乙卷）听力音频.mp3,papers/2023/英语/全国/全国乙卷/2023_英语_内蒙古_全国乙卷_原卷.mp3,3
2023,英语,吉林,老高考,2024,全国卷,common,新课标全国II卷,present_common,H:\New folder\【新·PDF版】2008-2024·高考英语真题\版本2：英语（按省份分类）2008-2024\2008-2024·（吉林）英语高考真题\2023年高考英语试卷（新课标Ⅱ卷）听力音频.mp3,papers/2023/英语/全国/新课标全国II卷/2023_英语_吉林_新课标全国II卷_原卷.mp3,3
2023,英语,黑龙江,老高考,2024,全国卷,common,新课标全国II卷,present_common,H:\New folder\【新·PDF版】2008-2024·高考英语真题\版本2：英语（按省份分类）2008-2024\2008-2024·（黑龙江）英语高考真题\2023年高考英语试卷（新课标Ⅱ卷）听力音频.mp3,papers/2023/英语/全国/新课标全国II卷/2023_英语_黑龙江_新课标全国II卷_原卷.mp3,3
2023,英语,安徽,老高考,2024,全国卷,common,新课标全国II卷,present_common,H:\New folder\【新·PDF版】2008-2024·高考英语真题\版本2：英语（按省份分类）2008-2024\2012-2024·（安徽）英语高考真题\2023年高考英语试卷（新课标Ⅱ卷）听力音频.mp3,papers/2023/英语/全国/新课标全国II卷/2023_英语_安徽_新课标全国II卷_原卷.mp3,3
2023,英语,江西,老高考,2024,全国卷,common,全国乙卷,present_common,H:\New folder\【新·PDF版】2008-2024·高考英语真题\版本2：英语（按省份分类）2008-2024\2012-2024·（江西）英语高考真题\2023年高考英语试卷（全国乙卷）听力音频.mp3,papers/2023/英语/全国/全国乙卷/2023_英语_江西_全国乙卷_原卷.mp3,3
2023,英语,河南,老高考,2025,全国卷,common,全国乙卷,present_common,H:\New folder\【新·PDF版】2008-2024·高考英语真题\版本2：英语（按省份分类）2008-2024\2008-2024·（河南）英语高考真题\2023年高考英语试卷（全国乙卷）听力音频.mp3,papers/2023/英语/全国/全国乙卷/2023_英语_河南_全国乙卷_原卷.mp3,3
2023,英语,广西,老高考,2024,全国卷,common,全国甲卷,present_common,H:\New folder\【新·PDF版】2008-2024·高考英语真题\版本2：英语（按省份分类）2008-2024\2008-2024·（广西）英语高考真题\2023年高考英语试卷（全国甲卷）听力音频.mp3,papers/2023/英语/全国/全国甲卷/2023_英语_广西_全国甲卷_原卷.mp3,3
2023,英语,四川,老高考,2025,全国卷,common,全国甲卷,present_common,H:\New folder\【新·PDF版】2008-2024·高考英语真题\版本2：英语（按省份分类）2008-2024\2008-2024·（四川）英语高考真题\2023年高考英语试卷（全国甲卷）听力音频.mp3,papers/2023/英语/全国/全国甲卷/2023_英语_四川_全国甲卷_原卷.mp3,3
2023,英语,贵州,老高考,2024,全国卷,common,全国甲卷,present_common,H:\New folder\【新·PDF版】2008-2024·高考英语真题\版本2：英语（按省份分类）2008-2024\2008-2024·（贵州）英语高考真题\2023年高考英语试卷（全国甲卷）听力音频.mp3,papers/2023/英语/全国/全国甲卷/2023_英语_贵州_全国甲卷_原卷.mp3,3
2023,英语,云南,老高考,2025,全国卷,common,新课标全国II卷,present_common,H:\New folder\【新·PDF版】2008-2024·高考英语真题\版本2：英语（按省份分类）2008-2024\2008-2024·（云南）英语高考真题\2023年高考英语试卷（新课标Ⅱ卷）听力音频.mp3,papers/2023/英语/全国/新课标全国II卷/2023_英语_云南_新课标全国II卷_原卷.mp3,3
2023,英语,西藏,老高考,,全国卷,common,全国甲卷,present_common,H:\New folder\【新·PDF版】2008-2024·高考英语真题\版本2：英语（按省份分类）2008-2024\2008-2024·（西藏）英语高考真题\2023年高考英语试卷（全国甲卷）听力音频.mp3,papers/2023/英语/全国/全国甲卷/2023_英语_西藏_全国甲卷_原卷.mp3,3
2023,英语,陕西,老高考,2025,全国卷,common,全国乙卷,present_common,H:\New folder\【新·PDF版】2008-2024·高考英语真题\版本2：英语（按省份分类）2008-2024\2008-2024·（陕西）英语高考真题\2023年高考英语试卷（全国乙卷）听力音频.mp3,papers/2023/英语/全国/全国乙卷/2023_英语_陕西_全国乙卷_原卷.mp3,3
2023,英语,甘肃,老高考,2024,全国卷,common,全国乙卷,present_common,H:\New folder\【新·PDF版】2008-2024·高考英语真题\版本2：英语（按省份分类）2008-2024\2008-2024·（甘肃）英语高考真题\2023年高考英语试卷（全国乙卷）听力音频.mp3,papers/2023/英语/全国/全国乙卷/2023_英语_甘肃_全国乙卷_原卷.mp3,3
2023,英语,青海,老高考,2025,全国卷,common,全国乙卷,present_common,H:\New folder\【新·PDF版】2008-2024·高考英语真题\版本2：英语（按省份分类）2008-2024\2008-2024·（青海）英语高考真题\2023年高考英语试卷（全国乙卷）听力音频.mp3,papers/2023/英语/全国/全国乙卷/2023_英语_青海_全国乙卷_原卷.mp3,3
2023,英语,宁夏,老高考,2025,全国卷,common,全国乙卷,present_common,H:\New folder\【新·PDF版】2008-2024·高考英语真题\版本2：英语（按省份分类）2008-2024\2008-2024·（宁夏）英语高考真题\2023年高考英语试卷（全国乙卷）听力音频.mp3,papers/2023/英语/全国/全国乙卷/2023_英语_宁夏_全国乙卷_原卷.mp3,3
2023,英语,新疆,老高考,,全国卷,common,全国乙卷,present_common,H:\New folder\【新·PDF版】2008-2024·高考英语真题\版本2：英语（按省份分类）2008-2024\2008-2024·（新疆）英语高考真题\2023年高考英语试卷（全国乙卷）听力音频.mp3,papers/2023/英语/全国/全国乙卷/2023_英语_新疆_全国乙卷_原卷.mp3,3
2023,物理,山西,老高考,2025,全国卷,common,山西卷,present_common,H:\New folder\【新·PDF版】2008-2024·高考物理真题\版本2：物理（按省份分类）2008-2024\2008-2024·（山西）物理高考真题\2023年高考物理试卷（新课标）（空白卷）.pdf,papers/2023/物理/全国/山西卷/2023_物理_山西_山西卷_原卷.pdf,2
2023,物理,内蒙古,老高考,2025,全国卷,common,全国乙卷,present_common,H:\New folder\【新·PDF版】2008-2024·高考物理真题\版本2：物理（按省份分类）2008-2024\2008-2024·（内蒙古）物理高考真题\2023年高考物理试卷（全国乙卷）（空白卷）.pdf,papers/2023/物理/全国/全国乙卷/2023_物理_内蒙古_全国乙卷_原卷.pdf,2
2023,物理,吉林,老高考,2024,全国卷,common,吉林卷,present_common,H:\New folder\【新·PDF版】2008-2024·高考物理真题\版本2：物理（按省份分类）2008-2024\2008-2024·（吉林）物理高考真题\2023年高考物理试卷（新课标）（空白卷）.pdf,papers/2023/物理/全国/吉林卷/2023_物理_吉林_吉林卷_原卷.pdf,2
2023,物理,黑龙江,老高考,2024,全国卷,common,黑龙江卷,present_common,H:\New folder\【新·PDF版】2008-2024·高考物理真题\版本2：物理（按省份分类）2008-2024\2008-2024·（黑龙江）物理高考真题\2023年高考物理试卷（新课标）（空白卷）.pdf,papers/2023/物理/全国/黑龙江卷/2023_物理_黑龙江_黑龙江卷_原卷.pdf,2
2023,物理,安徽,老高考,2024,全国卷,common,安徽卷,present_common,H:\New folder\【新·PDF版】2008-2024·高考物理真题\版本2：物理（按省份分类）2008-2024\2012-2024·（安徽）物理高考真题\2023年高考物理试卷（新课标）（空白卷）.pdf,papers/2023/物理/全国/安徽卷/2023_物理_安徽_安徽卷_原卷.pdf,2
2023,物理,江西,老高考,2024,全国卷,common,全国乙卷,present_common,H:\New folder\【新·PDF版】2008-2024·高考物理真题\版本2：物理（按省份分类）2008-2024\2008-2024·（江西）物理高考真题\2023年高考物理试卷（全国乙卷）（空白卷）.pdf,papers/2023/物理/全国/全国乙卷/2023_物理_江西_全国乙卷_原卷.pdf,2
2023,物理,河南,老高考,2025,全国卷,common,全国乙卷,present_common,H:\New folder\【新·PDF版】2008-2024·高考物理真题\版本2：物理（按省份分类）2008-2024\2008-2024·（河南）物理高考真题\2023年高考物理试卷（全国乙卷）（空白卷）.pdf,papers/2023/物理/全国/全国乙卷/2023_物理_河南_全国乙卷_原卷.pdf,2
2023,物理,广西,老高考,2024,全国卷,common,全国甲卷,present_common,H:\New folder\【新·PDF版】2008-2024·高考物理真题\版本2：物理（按省份分类）2008-2024\2008-2024·（广西）物理高考真题\2023年高考物理试卷（全国甲卷）（空白卷）.pdf,papers/2023/物理/全国/全国甲卷/2023_物理_广西_全国甲卷_原卷.pdf,2
2023,物理,四川,老高考,2025,全国卷,common,全国甲卷,present_common,H:\New folder\【新·PDF版】2008-2024·高考物理真题\版本2：物理（按省份分类）2008-2024\2008-2024·（四川）物理高考真题\2023年高考物理试卷（全国甲卷）（空白卷）.pdf,papers/2023/物理/全国/全国甲卷/2023_物理_四川_全国甲卷_原卷.pdf,2
2023,物理,贵州,老高考,2024,全国卷,common,全国甲卷,present_common,H:\New folder\【新·PDF版】2008-2024·高考物理真题\版本2：物理（按省份分类）2008-2024\2008-2023·（贵州）物理高考真题\2023年高考物理试卷（全国甲卷）（空白卷）.pdf,papers/2023/物理/全国/全国甲卷/2023_物理_贵州_全国甲卷_原卷.pdf,2
2023,物理,云南,老高考,2025,全国卷,common,云南卷,present_common,H:\New folder\【新·PDF版】2008-2024·高考物理真题\版本2：物理（按省份分类）2008-2024\2008-2024·（云南）物理高考真题\2023年高考物理试卷（新课标）（空白卷）.pdf,papers/2023/物理/全国/云南卷/2023_物理_云南_云南卷_原卷.pdf,2
2023,物理,西藏,老高考,,全国卷,common,全国甲卷,present_common,H:\New folder\【新·PDF版】2008-2024·高考物理真题\版本2：物理（按省份分类）2008-2024\2008-2024·（西藏）物理高考真题\2023年高考物理试卷（全国甲卷）（空白卷）.pdf,papers/2023/物理/全国/全国甲卷/2023_物理_西藏_全国甲卷_原卷.pdf,2
2023,物理,陕西,老高考,2025,全国卷,common,全国乙卷,present_common,H:\New folder\【新·PDF版】2008-2024·高考物理真题\版本2：物理（按省份分类）2008-2024\2008-2024·（陕西）物理高考真题\2023年高考物理试卷（全国乙卷）（空白卷）.pdf,papers/2023/物理/全国/全国乙卷/2023_物理_陕西_全国乙卷_原卷.pdf,2
2023,物理,甘肃,老高考,2024,全国卷,common,全国乙卷,present_common,H:\New folder\【新·PDF版】2008-2024·高考物理真题\版本2：物理（按省份分类）2008-2024\2008-2024·（甘肃）物理高考真题\2023年高考物理试卷（全国乙卷）（空白卷）.pdf,papers/2023/物理/全国/全国乙卷/2023_物理_甘肃_全国乙卷_原卷.pdf,2
2023,物理,青海,老高考,2025,全国卷,common,全国乙卷,present_common,H:\New folder\【新·PDF版】2008-2024·高考物理真题\版本2：物理（按省份分类）2008-2024\2008-2024·（青海）物理高考真题\2023年高考物理试卷（全国乙卷）（空白卷）.pdf,papers/2023/物理/全国/全国乙卷/2023_物理_青海_全国乙卷_原卷.pdf,2
2023,物理,宁夏,老高考,2025,全国卷,common,全国乙卷,present_common,H:\New folder\【新·PDF版】2008-2024·高考物理真题\版本2：物理（按省份分类）2008-2024\2010-2024·（宁夏）物理高考真题\2023年高考物理试卷（全国乙卷）（空白卷）.pdf,papers/2023/物理/全国/全国乙卷/2023_物理_宁夏_全国乙卷_原卷.pdf,2
2023,物理,新疆,老高考,,全国卷,common,全国乙卷,present_common,H:\New folder\【新·PDF版】2008-2024·高考物理真题\版本2：物理（按省份分类）2008-2024\2008-2024·（新疆）物理高考真题\2023年高考物理试卷（全国乙卷）（空白卷）.pdf,papers/2023/物理/全国/全国乙卷/2023_物理_新疆_全国乙卷_原卷.pdf,2
2023,化学,山西,老高考,2025,全国卷,common,山西卷,present_common,H:\New folder\【新·PDF版】2008-2024·高考化学真题\版本2：化学（按省份分类）2008-2024\2008-2024·（山西）化学高考真题\2023年高考化学试卷（新课标）（空白卷）.pdf,papers/2023/化学/全国/山西卷/2023_化学_山西_山西卷_原卷.pdf,2
2023,化学,内蒙古,老高考,2025,全国卷,common,全国乙卷,present_common,H:\New folder\【新·PDF版】2008-2024·高考化学真题\版本2：化学（按省份分类）2008-2024\2008-2024·（内蒙古）化学高考真题\2023年高考化学试卷（全国乙卷）（空白卷）.pdf,papers/2023/化学/全国/全国乙卷/2023_化学_内蒙古_全国乙卷_原卷.pdf,2
2023,化学,吉林,老高考,2024,全国卷,common,吉林卷,present_common,H:\New folder\【新·PDF版】2008-2024·高考化学真题\版本2：化学（按省份分类）2008-2024\2008-2024·（吉林）化学高考真题\2023年高考化学试卷（新课标）（空白卷）.pdf,papers/2023/化学/全国/吉林卷/2023_化学_吉林_吉林卷_原卷.pdf,2
2023,化学,黑龙江,老高考,2024,全国卷,common,黑龙江卷,present_common,H:\New folder\【新·PDF版】2008-2024·高考化学真题\版本2：化学（按省份分类）2008-2024\2008-2024·（黑龙江）化学高考真题\2023年高考化学试卷（新课标）（空白卷）.pdf,papers/2023/化学/全国/黑龙江卷/2023_化学_黑龙江_黑龙江卷_原卷.pdf,2
2023,化学,安徽,老高考,2024,全国卷,common,安徽卷,present_common,H:\New folder\【新·PDF版】2008-2024·高考化学真题\版本2：化学（按省份分类）2008-2024\2012-2024·（安徽）化学高考真题\2023年高考化学试卷（新课标）（空白卷）.pdf,papers/2023/化学/全国/安徽卷/2023_化学_安徽_安徽卷_原卷.pdf,2
2023,化学,江西,老高考,2024,全国卷,common,全国乙卷,present_common,H:\New folder\【新·PDF版】2008-2024·高考化学真题\版本2：化学（按省份分类）2008-2024\2008-2023·（江西）化学高考真题\2023年高考化学试卷（全国乙卷）（空白卷）.pdf,papers/2023/化学/全国/全国乙卷/2023_化学_江西_全国乙卷_原卷.pdf,2
2023,化学,河南,老高考,2025,全国卷,common,全国乙卷,present_common,H:\New folder\【新·PDF版】2008-2024·高考化学真题\版本2：化学（按省份分类）2008-2024\2008-2024·（河南）化学高考真题\2023年高考化学试卷（全国乙卷）（空白卷）.pdf,papers/2023/化学/全国/全国乙卷/2023_化学_河南_全国乙卷_原卷.pdf,2
2023,化学,广西,老高考,2024,全国卷,common,全国甲卷,present_common,H:\New folder\【新·PDF版】2008-2024·高考化学真题\版本2：化学（按省份分类）2008-2024\2008-2023·（广西）化学高考真题\2023年高考化学试卷（全国甲卷）（空白卷）.pdf,papers/2023/化学/全国/全国甲卷/2023_化学_广西_全国甲卷_原卷.pdf,2
2023,化学,四川,老高考,2025,全国卷,common,全国甲卷,present_common,H:\New folder\【新·PDF版】2008-2024·高考化学真题\版本2：化学（按省份分类）2008-2024\2008-2024·（四川）化学高考真题\2023年高考化学试卷（全国甲卷）（空白卷）.pdf,papers/2023/化学/全国/全国甲卷/2023_化学_四川_全国甲卷_原卷.pdf,2
2023,化学,贵州,老高考,2024,全国卷,common,全国甲卷,present_common,H:\New folder\【新·PDF版】2008-2024·高考化学真题\版本2：化学（按省份分类）2008-2024\2008-2023·（贵州）化学高考真题\2023年高考化学试卷（全国甲卷）（空白卷）.pdf,papers/2023/化学/全国/全国甲卷/2023_化学_贵州_全国甲卷_原卷.pdf,2
2023,化学,云南,老高考,2025,全国卷,common,云南卷,present_common,H:\New folder\【新·PDF版】2008-2024·高考化学真题\版本2：化学（按省份分类）2008-2024\2008-2024·（云南）化学高考真题\2023年高考化学试卷（新课标）（空白卷）.pdf,papers/2023/化学/全国/云南卷/2023_化学_云南_云南卷_原卷.pdf,2
2023,化学,西藏,老高考,,全国卷,common,全国甲卷,present_common,H:\New folder\【新·PDF版】2008-2024·高考化学真题\版本2：化学（按省份分类）2008-2024\2008-2024·（西藏）化学高考真题\2023年高考化学试卷（全国甲卷）（空白卷）.pdf,papers/2023/化学/全国/全国甲卷/2023_化学_西藏_全国甲卷_原卷.pdf,2
2023,化学,陕西,老高考,2025,全国卷,common,全国乙卷,present_common,H:\New folder\【新·PDF版】2008-2024·高考化学真题\版本2：化学（按省份分类）2008-2024\2008-2024·（陕西）化学高考真题\2023年高考化学试卷（全国乙卷）（空白卷）.pdf,papers/2023/化学/全国/全国乙卷/2023_化学_陕西_全国乙卷_原卷.pdf,2
2023,化学,甘肃,老高考,2024,全国卷,common,全国乙卷,present_common,H:\New folder\【新·PDF版】2008-2024·高考化学真题\版本2：化学（按省份分类）2008-2024\2008-2024·（甘肃）化学高考真题\2023年高考化学试卷（全国乙卷）（空白卷）.pdf,papers/2023/化学/全国/全国乙卷/2023_化学_甘肃_全国乙卷_原卷.pdf,2
2023,化学,青海,老高考,2025,全国卷,common,全国乙卷,present_common,H:\New folder\【新·PDF版】2008-2024·高考化学真题\版本2：化学（按省份分类）2008-2024\2008-2024·（青海）化学高考真题\2023年高考化学试卷（全国乙卷）（空白卷）.pdf,papers/2023/化学/全国/全国乙卷/2023_化学_青海_全国乙卷_原卷.pdf,2
2023,化学,宁夏,老高考,2025,全国卷,common,全国乙卷,present_common,H:\New folder\【新·PDF版】2008-2024·高考化学真题\版本2：化学（按省份分类）2008-2024\2010-2024·（宁夏）化学高考真题\2023年高考化学试卷（全国乙卷）（空白卷）.pdf,papers/2023/化学/全国/全国乙卷/2023_化学_宁夏_全国乙卷_原卷.pdf,2
2023,化学,新疆,老高考,,全国卷,common,全国乙卷,present_common,H:\New folder\【新·PDF版】2008-2024·高考化学真题\版本2：化学（按省份分类）2008-2024\2008-2024·（新疆）化学高考真题\2023年高考化学试卷（全国乙卷）（空白卷）.pdf,papers/2023/化学/全国/全国乙卷/2023_化学_新疆_全国乙卷_原卷.pdf,2
2023,生物,山西,老高考,2025,全国卷,common,山西卷,present_common,H:\New folder\【新·PDF版】2008-2024·高考生物真题\版本2：生物（按省份分类）2008-2024\2008-2024·（山西）生物高考真题\2023年高考生物试卷（新课标）（空白卷）.pdf,papers/2023/生物/全国/山西卷/2023_生物_山西_山西卷_原卷.pdf,2
2023,生物,内蒙古,老高考,2025,全国卷,common,全国乙卷,present_common,H:\New folder\【新·PDF版】2008-2024·高考生物真题\版本2：生物（按省份分类）2008-2024\2008-2024·（内蒙古）生物高考真题\2023年高考生物试卷（全国乙卷）（空白卷）.pdf,papers/2023/生物/全国/全国乙卷/2023_生物_内蒙古_全国乙卷_原卷.pdf,2
2023,生物,吉林,老高考,2024,全国卷,common,吉林卷,present_common,H:\New folder\【新·PDF版】2008-2024·高考生物真题\版本2：生物（按省份分类）2008-2024\2008-2024·（吉林）生物高考真题\2023年高考生物试卷（新课标）（空白卷）.pdf,papers/2023/生物/全国/吉林卷/2023_生物_吉林_吉林卷_原卷.pdf,2
2023,生物,黑龙江,老高考,2024,全国卷,common,黑龙江卷,present_common,H:\New folder\【新·PDF版】2008-2024·高考生物真题\版本2：生物（按省份分类）2008-2024\2008-2024·（黑龙江）生物高考真题\2023年高考生物试卷（新课标）（空白卷）.pdf,papers/2023/生物/全国/黑龙江卷/2023_生物_黑龙江_黑龙江卷_原卷.pdf,2
2023,生物,安徽,老高考,2024,全国卷,common,安徽卷,present_common,H:\New folder\【新·PDF版】2008-2024·高考生物真题\版本2：生物（按省份分类）2008-2024\2012-2024·（安徽）生物高考真题\2023年高考生物试卷（新课标）（空白卷）.pdf,papers/2023/生物/全国/安徽卷/2023_生物_安徽_安徽卷_原卷.pdf,2
2023,生物,江西,老高考,2024,全国卷,common,全国乙卷,present_common,H:\New folder\【新·PDF版】2008-2024·高考生物真题\版本2：生物（按省份分类）2008-2024\2008-2024·（江西）生物高考真题\2023年高考生物试卷（全国乙卷）（空白卷）.pdf,papers/2023/生物/全国/全国乙卷/2023_生物_江西_全国乙卷_原卷.pdf,2
2023,生物,河南,老高考,2025,全国卷,common,全国乙卷,present_common,H:\New folder\【新·PDF版】2008-2024·高考生物真题\版本2：生物（按省份分类）2008-2024\2008-2024·（河南）生物高考真题\2023年高考生物试卷（全国乙卷）（空白卷）.pdf,papers/2023/生物/全国/全国乙卷/2023_生物_河南_全国乙卷_原卷.pdf,2
2023,生物,广西,老高考,2024,全国卷,common,全国甲卷,present_common,H:\New folder\【新·PDF版】2008-2024·高考生物真题\版本2：生物（按省份分类）2008-2024\2008-2023·（广西）生物高考真题\2023年高考生物试卷（全国甲卷）（空白卷）.pdf,papers/2023/生物/全国/全国甲卷/2023_生物_广西_全国甲卷_原卷.pdf,2
2023,生物,四川,老高考,2025,全国卷,common,全国甲卷,present_common,H:\New folder\【新·PDF版】2008-2024·高考生物真题\版本2：生物（按省份分类）2008-2024\2008-2024·（四川）生物高考真题\2023年高考生物试卷（全国甲卷）（空白卷）.pdf,papers/2023/生物/全国/全国甲卷/2023_生物_四川_全国甲卷_原卷.pdf,2
2023,生物,贵州,老高考,2024,全国卷,common,全国甲卷,present_common,H:\New folder\【新·PDF版】2008-2024·高考生物真题\版本2：生物（按省份分类）2008-2024\2008-2023·（贵州）生物高考真题\2023年高考生物试卷（全国甲卷）（空白卷）.pdf,papers/2023/生物/全国/全国甲卷/2023_生物_贵州_全国甲卷_原卷.pdf,2
2023,生物,云南,老高考,2025,全国卷,common,云南卷,present_common,H:\New folder\【新·PDF版】2008-2024·高考生物真题\版本2：生物（按省份分类）2008-2024\2008-2024·（云南）生物高考真题\2023年高考生物试卷（新课标）（空白卷）.pdf,papers/2023/生物/全国/云南卷/2023_生物_云南_云南卷_原卷.pdf,2
2023,生物,西藏,老高考,,全国卷,common,全国甲卷,present_common,H:\New folder\【新·PDF版】2008-2024·高考生物真题\版本2：生物（按省份分类）2008-2024\2008-2024·（西藏）生物高考真题\2023年高考生物试卷（全国甲卷）（空白卷）.pdf,papers/2023/生物/全国/全国甲卷/2023_生物_西藏_全国甲卷_原卷.pdf,2
2023,生物,陕西,老高考,2025,全国卷,common,全国乙卷,present_common,H:\New folder\【新·PDF版】2008-2024·高考生物真题\版本2：生物（按省份分类）2008-2024\2008-2024·（陕西）生物高考真题\2023年高考生物试卷（全国乙卷）（空白卷）.pdf,papers/2023/生物/全国/全国乙卷/2023_生物_陕西_全国乙卷_原卷.pdf,2
2023,生物,甘肃,老高考,2024,全国卷,common,全国乙卷,present_common,H:\New folder\【新·PDF版】2008-2024·高考生物真题\版本2：生物（按省份分类）2008-2024\2008-2024·（甘肃）生物高考真题\2023年高考生物试卷（全国乙卷）（空白卷）.pdf,papers/2023/生物/全国/全国乙卷/2023_生物_甘肃_全国乙卷_原卷.pdf,2
2023,生物,青海,老高考,2025,全国卷,common,全国乙卷,present_common,H:\New folder\【新·PDF版】2008-2024·高考生物真题\版本2：生物（按省份分类）2008-2024\2008-2024·（青海）生物高考真题\2023年高考生物试卷（全国乙卷）（空白卷）.pdf,papers/2023/生物/全国/全国乙卷/2023_生物_青海_全国乙卷_原卷.pdf,2
2023,生物,宁夏,老高考,2025,全国卷,common,全国乙卷,present_common,H:\New folder\【新·PDF版】2008-2024·高考生物真题\版本2：生物（按省份分类）2008-2024\2010-2024·（宁夏）生物高考真题\2023年高考生物试卷（全国乙卷）（空白卷）.pdf,papers/2023/生物/全国/全国乙卷/2023_生物_宁夏_全国乙卷_原卷.pdf,2
2023,生物,新疆,老高考,,全国卷,common,全国乙卷,present_common,H:\New folder\【新·PDF版】2008-2024·高考生物真题\版本2：生物（按省份分类）2008-2024\2008-2024·（新疆）生物高考真题\2023年高考生物试卷（全国乙卷）（空白卷）.pdf,papers/2023/生物/全国/全国乙卷/2023_生物_新疆_全国乙卷_原卷.pdf,2
2023,政治,山西,老高考,2025,全国卷,common,山西卷,present_common,H:\New folder\【新·PDF版】2008-2024·高考政治真题\版本2：政治（按省份分类）2008-2024\2008-2024·（山西）政治高考真题\2023年高考政治试卷（新课标）（空白卷）.pdf,papers/2023/政治/全国/山西卷/2023_政治_山西_山西卷_原卷.pdf,2
2023,政治,内蒙古,老高考,2025,全国卷,common,全国乙卷,present_common,H:\New folder\【新·PDF版】2008-2024·高考政治真题\版本2：政治（按省份分类）2008-2024\2008-2023·（内蒙古）政治高考真题\2023年高考政治试卷（全国乙卷）（空白卷）.pdf,papers/2023/政治/全国/全国乙卷/2023_政治_内蒙古_全国乙卷_原卷.pdf,2
2023,政治,吉林,老高考,2024,全国卷,common,吉林卷,present_common,H:\New folder\【新·PDF版】2008-2024·高考政治真题\版本2：政治（按省份分类）2008-2024\2008-2024·（吉林）政治高考真题\2023年高考政治试卷（新课标）（空白卷）.pdf,papers/2023/政治/全国/吉林卷/2023_政治_吉林_吉林卷_原卷.pdf,2
2023,政治,黑龙江,老高考,2024,全国卷,common,黑龙江卷,present_common,H:\New folder\【新·PDF版】2008-2024·高考政治真题\版本2：政治（按省份分类）2008-2024\2008-2024·（黑龙江）政治高考真题\2023年高考政治试卷（新课标）（空白卷）.pdf,papers/2023/政治/全国/黑龙江卷/2023_政治_黑龙江_黑龙江卷_原卷.pdf,2
2023,政治,安徽,老高考,2024,全国卷,common,安徽卷,present_common,H:\New folder\【新·PDF版】2008-2024·高考政治真题\版本2：政治（按省份分类）2008-2024\2012-2024·（安徽）政治高考真题\2023年高考政治试卷（新课标）（空白卷）.pdf,papers/2023/政治/全国/安徽卷/2023_政治_安徽_安徽卷_原卷.pdf,2
2023,政治,江西,老高考,2024,全国卷,common,全国乙卷,present_common,H:\New folder\【新·PDF版】2008-2024·高考政治真题\版本2：政治（按省份分类）2008-2024\2008-2023·（江西）政治高考真题\2023年高考政治试卷（全国乙卷）（空白卷）.pdf,papers/2023/政治/全国/全国乙卷/2023_政治_江西_全国乙卷_原卷.pdf,2
2023,政治,河南,老高考,2025,全国卷,common,全国乙卷,present_common,H:\New folder\【新·PDF版】2008-2024·高考政治真题\版本2：政治（按省份分类）2008-2024\2008-2024·（河南）政治高考真题\2023年高考政治试卷（全国乙卷）（空白卷）.pdf,papers/2023/政治/全国/全国乙卷/2023_政治_河南_全国乙卷_原卷.pdf,2
2023,政治,广西,老高考,2024,全国卷,common,全国甲卷,present_common,H:\New folder\【新·PDF版】2008-2024·高考政治真题\版本2：政治（按省份分类）2008-2024\2008-2023·（广西）政治高考真题\2023年高考政治试卷（全国甲卷）（空白卷）.pdf,papers/2023/政治/全国/全国甲卷/2023_政治_广西_全国甲卷_原卷.pdf,2
2023,政治,四川,老高考,2025,全国卷,common,全国甲卷,present_common,H:\New folder\【新·PDF版】2008-2024·高考政治真题\版本2：政治（按省份分类）2008-2024\2008-2023·（四川）政治高考真题\2023年高考政治试卷（全国甲卷）（空白卷）.pdf,papers/2023/政治/全国/全国甲卷/2023_政治_四川_全国甲卷_原卷.pdf,2
2023,政治,贵州,老高考,2024,全国卷,common,全国甲卷,present_common,H:\New folder\【新·PDF版】2008-2024·高考政治真题\版本2：政治（按省份分类）2008-2024\2008-2023·（贵州）政治高考真题\2023年高考政治试卷（全国甲卷）（空白卷）.pdf,papers/2023/政治/全国/全国甲卷/2023_政治_贵州_全国甲卷_原卷.pdf,2
2023,政治,云南,老高考,2025,全国卷,common,云南卷,present_common,H:\New folder\【新·PDF版】2008-2024·高考政治真题\版本2：政治（按省份分类）2008-2024\2008-2024·（云南）政治高考真题\2023年高考政治试卷（新课标）（空白卷）.pdf,papers/2023/政治/全国/云南卷/2023_政治_云南_云南卷_原卷.pdf,2
2023,政治,西藏,老高考,,全国卷,common,全国甲卷,present_common,H:\New folder\【新·PDF版】2008-2024·高考政治真题\版本2：政治（按省份分类）2008-2024\2008-2024·（西藏）政治高考真题\2023年高考政治试卷（全国甲卷）（空白卷）.pdf,papers/2023/政治/全国/全国甲卷/2023_政治_西藏_全国甲卷_原卷.pdf,2
2023,政治,陕西,老高考,2025,全国卷,common,全国乙卷,present_common,H:\New folder\【新·PDF版】2008-2024·高考政治真题\版本2：政治（按省份分类）2008-2024\2008-2023·（陕西）政治高考真题\2023年高考政治试卷（全国乙卷）（空白卷）.pdf,papers/2023/政治/全国/全国乙卷/2023_政治_陕西_全国乙卷_原卷.pdf,2
2023,政治,甘肃,老高考,2024,全国卷,common,全国乙卷,present_common,H:\New folder\【新·PDF版】2008-2024·高考政治真题\版本2：政治（按省份分类）2008-2024\2008-2023·（甘肃）政治高考真题\2023年高考政治试卷（全国乙卷）（空白卷）.pdf,papers/2023/政治/全国/全国乙卷/2023_政治_甘肃_全国乙卷_原卷.pdf,2
2023,政治,青海,老高考,2025,全国卷,common,全国乙卷,present_common,H:\New folder\【新·PDF版】2008-2024·高考政治真题\版本2：政治（按省份分类）2008-2024\2008-2023·（青海）政治高考真题\2023年高考政治试卷（全国乙卷）（空白卷）.pdf,papers/2023/政治/全国/全国乙卷/2023_政治_青海_全国乙卷_原卷.pdf,2
2023,政治,宁夏,老高考,2025,全国卷,common,全国乙卷,present_common,H:\New folder\【新·PDF版】2008-2024·高考政治真题\版本2：政治（按省份分类）2008-2024\2010-2023·（宁夏）政治高考真题\2023年高考政治试卷（全国乙卷）（空白卷）.pdf,papers/2023/政治/全国/全国乙卷/2023_政治_宁夏_全国乙卷_原卷.pdf,2
2023,政治,新疆,老高考,,全国卷,common,全国乙卷,present_common,H:\New folder\【新·PDF版】2008-2024·高考政治真题\版本2：政治（按省份分类）2008-2024\2008-2024·（新疆）政治高考真题\2023年高考政治试卷（全国乙卷）（空白卷）.pdf,papers/2023/政治/全国/全国乙卷/2023_政治_新疆_全国乙卷_原卷.pdf,2
2023,历史,山西,老高考,2025,全国卷,common,山西卷,present_common,H:\New folder\【新·PDF版】2008-2024·高考历史真题\版本2：历史（按省份分类）2008-2024\2008-2024·（山西）历史高考真题\2023年高考历史试卷（新课标）（空白卷）.pdf,papers/2023/历史/全国/山西卷/2023_历史_山西_山西卷_原卷.pdf,2
2023,历史,内蒙古,老高考,2025,全国卷,common,全国乙卷,present_common,H:\New folder\【新·PDF版】2008-2024·高考历史真题\版本2：历史（按省份分类）2008-2024\2008-2024·（内蒙古）历史高考真题\2023年高考历史试卷（全国乙卷）（空白卷）.pdf,papers/2023/历史/全国/全国乙卷/2023_历史_内蒙古_全国乙卷_原卷.pdf,2
2023,历史,吉林,老高考,2024,全国卷,common,吉林卷,present_common,H:\New folder\【新·PDF版】2008-2024·高考历史真题\版本2：历史（按省份分类）2008-2024\2008-2024·（吉林）历史高考真题\2023年高考历史试卷（新课标）（空白卷）.pdf,papers/2023/历史/全国/吉林卷/2023_历史_吉林_吉林卷_原卷.pdf,2
2023,历史,黑龙江,老高考,2024,全国卷,common,黑龙江卷,present_common,H:\New folder\【新·PDF版】2008-2024·高考历史真题\版本2：历史（按省份分类）2008-2024\2008-2024·（黑龙江）历史高考真题\2023年高考历史试卷（新课标）（空白卷）.pdf,papers/2023/历史/全国/黑龙江卷/2023_历史_黑龙江_黑龙江卷_原卷.pdf,2
2023,历史,安徽,老高考,2024,全国卷,common,安徽卷,present_common,H:\New folder\【新·PDF版】2008-2024·高考历史真题\版本2：历史（按省份分类）2008-2024\2012-2024·（安徽）历史高考真题\2023年高考历史试卷（新课标）（空白卷）.pdf,papers/2023/历史/全国/安徽卷/2023_历史_安徽_安徽卷_原卷.pdf,2
2023,历史,江西,老高考,2024,全国卷,common,全国乙卷,present_common,H:\New folder\【新·PDF版】2008-2024·高考历史真题\版本2：历史（按省份分类）2008-2024\2008-2023·（江西）历史高考真题\2023年高考历史试卷（全国乙卷）（空白卷）.pdf,papers/2023/历史/全国/全国乙卷/2023_历史_江西_全国乙卷_原卷.pdf,2
2023,历史,河南,老高考,2025,全国卷,common,全国乙卷,present_common,H:\New folder\【新·PDF版】2008-2024·高考历史真题\版本2：历史（按省份分类）2008-2024\2008-2024·（河南）历史高考真题\2023年高考历史试卷（全国乙卷）（空白卷）.pdf,papers/2023/历史/全国/全国乙卷/2023_历史_河南_全国乙卷_原卷.pdf,2
2023,历史,广西,老高考,2024,全国卷,common,全国甲卷,present_common,H:\New folder\【新·PDF版】2008-2024·高考历史真题\版本2：历史（按省份分类）2008-2024\2008-2023·（广西）历史高考真题\2023年高考历史试卷（全国甲卷）（空白卷）.pdf,papers/2023/历史/全国/全国甲卷/2023_历史_广西_全国甲卷_原卷.pdf,2
2023,历史,四川,老高考,2025,全国卷,common,全国甲卷,present_common,H:\New folder\【新·PDF版】2008-2024·高考历史真题\版本2：历史（按省份分类）2008-2024\2008-2024·（四川）历史高考真题\2023年高考历史试卷（全国甲卷）（空白卷）.pdf,papers/2023/历史/全国/全国甲卷/2023_历史_四川_全国甲卷_原卷.pdf,2
2023,历史,贵州,老高考,2024,全国卷,common,全国甲卷,present_common,H:\New folder\【新·PDF版】2008-2024·高考历史真题\版本2：历史（按省份分类）2008-2024\2008-2023·（贵州）历史高考真题\2023年高考历史试卷（全国甲卷）（空白卷）.pdf,papers/2023/历史/全国/全国甲卷/2023_历史_贵州_全国甲卷_原卷.pdf,2
2023,历史,云南,老高考,2025,全国卷,common,云南卷,present_common,H:\New folder\【新·PDF版】2008-2024·高考历史真题\版本2：历史（按省份分类）2008-2024\2008-2024·（云南）历史高考真题\2023年高考历史试卷（新课标）（空白卷）.pdf,papers/2023/历史/全国/云南卷/2023_历史_云南_云南卷_原卷.pdf,2
2023,历史,西藏,老高考,,全国卷,common,全国甲卷,present_common,H:\New folder\【新·PDF版】2008-2024·高考历史真题\版本2：历史（按省份分类）2008-2024\2008-2024·（西藏）历史高考真题\2023年高考历史试卷（全国甲卷）（空白卷）.pdf,papers/2023/历史/全国/全国甲卷/2023_历史_西藏_全国甲卷_原卷.pdf,2
2023,历史,陕西,老高考,2025,全国卷,common,全国乙卷,present_common,H:\New folder\【新·PDF版】2008-2024·高考历史真题\版本2：历史（按省份分类）2008-2024\2008-2024·（陕西）历史高考真题\2023年高考历史试卷（全国乙卷）（空白卷）.pdf,papers/2023/历史/全国/全国乙卷/2023_历史_陕西_全国乙卷_原卷.pdf,2
2023,历史,甘肃,老高考,2024,全国卷,common,全国乙卷,present_common,H:\New folder\【新·PDF版】2008-2024·高考历史真题\版本2：历史（按省份分类）2008-2024\2008-2024·（甘肃）历史高考真题\2023年高考历史试卷（全国乙卷）（空白卷）.pdf,papers/2023/历史/全国/全国乙卷/2023_历史_甘肃_全国乙卷_原卷.pdf,2
2023,历史,青海,老高考,2025,全国卷,common,全国乙卷,present_common,H:\New folder\【新·PDF版】2008-2024·高考历史真题\版本2：历史（按省份分类）2008-2024\2008-2024·（青海）历史高考真题\2023年高考历史试卷（全国乙卷）（空白卷）.pdf,papers/2023/历史/全国/全国乙卷/2023_历史_青海_全国乙卷_原卷.pdf,2
2023,历史,宁夏,老高考,2025,全国卷,common,全国乙卷,present_common,H:\New folder\【新·PDF版】2008-2024·高考历史真题\版本2：历史（按省份分类）2008-2024\2010-2024·（宁夏）历史高考真题\2023年高考历史试卷（全国乙卷）（空白卷）.pdf,papers/2023/历史/全国/全国乙卷/2023_历史_宁夏_全国乙卷_原卷.pdf,2
2023,历史,新疆,老高考,,全国卷,common,全国乙卷,present_common,H:\New folder\【新·PDF版】2008-2024·高考历史真题\版本2：历史（按省份分类）2008-2024\2008-2024·（新疆）历史高考真题\2023年高考历史试卷（全国乙卷）（空白卷）.pdf,papers/2023/历史/全国/全国乙卷/2023_历史_新疆_全国乙卷_原卷.pdf,2
2023,地理,山西,老高考,2025,全国卷,common,山西卷,present_common,H:\New folder\【新·PDF版】2008-2024·高考地理真题\版本2：地理（按省份分类）2008-2024\2008-2024·（山西）地理高考真题\2023年高考地理试卷（新课标）（空白卷）.pdf,papers/2023/地理/全国/山西卷/2023_地理_山西_山西卷_原卷.pdf,2
2023,地理,内蒙古,老高考,2025,全国卷,common,全国乙卷,present_common,H:\New folder\【新·PDF版】2008-2024·高考地理真题\版本2：地理（按省份分类）2008-2024\2008-2024·（内蒙古）地理高考真题\2023年高考地理试卷（全国乙卷）（空白卷）.pdf,papers/2023/地理/全国/全国乙卷/2023_地理_内蒙古_全国乙卷_原卷.pdf,2
2023,地理,吉林,老高考,2024,全国卷,common,吉林卷,present_common,H:\New folder\【新·PDF版】2008-2024·高考地理真题\版本2：地理（按省份分类）2008-2024\2008-2024·（吉林）地理高考真题\2023年高考地理试卷（新课标）（空白卷）.pdf,papers/2023/地理/全国/吉林卷/2023_地理_吉林_吉林卷_原卷.pdf,2
2023,地理,黑龙江,老高考,2024,全国卷,common,黑龙江卷,present_common,H:\New folder\【新·PDF版】2008-2024·高考地理真题\版本2：地理（按省份分类）2008-2024\2008-2024·（黑龙江）地理高考真题\2023年高考地理试卷（新课标）（空白卷）.pdf,papers/2023/地理/全国/黑龙江卷/2023_地理_黑龙江_黑龙江卷_原卷.pdf,2
2023,地理,安徽,老高考,2024,全国卷,common,安徽卷,present_common,H:\New folder\【新·PDF版】2008-2024·高考地理真题\版本2：地理（按省份分类）2008-2024\2012-2024·（安徽）地理高考真题\2023年高考地理试卷（新课标）（空白卷）.pdf,papers/2023/地理/全国/安徽卷/2023_地理_安徽_安徽卷_原卷.pdf,2
2023,地理,江西,老高考,2024,全国卷,common,全国乙卷,present_common,H:\New folder\【新·PDF版】2008-2024·高考地理真题\版本2：地理（按省份分类）2008-2024\2008-2024·（江西）地理高考真题\2023年高考地理试卷（全国乙卷）（空白卷）.pdf,papers/2023/地理/全国/全国乙卷/2023_地理_江西_全国乙卷_原卷.pdf,2
2023,地理,河南,老高考,2025,全国卷,common,全国乙卷,present_common,H:\New folder\【新·PDF版】2008-2024·高考地理真题\版本2：地理（按省份分类）2008-2024\2008-2024·（河南）地理高考真题\2023年高考地理试卷（全国乙卷）（空白卷）.pdf,papers/2023/地理/全国/全国乙卷/2023_地理_河南_全国乙卷_原卷.pdf,2
2023,地理,广西,老高考,2024,全国卷,common,全国甲卷,present_common,H:\New folder\【新·PDF版】2008-2024·高考地理真题\版本2：地理（按省份分类）2008-2024\2008-2023·（广西）地理高考真题\2023年高考地理试卷（全国甲卷）（空白卷）.pdf,papers/2023/地理/全国/全国甲卷/2023_地理_广西_全国甲卷_原卷.pdf,2
2023,地理,四川,老高考,2025,全国卷,common,全国甲卷,present_common,H:\New folder\【新·PDF版】2008-2024·高考地理真题\版本2：地理（按省份分类）2008-2024\2008-2024·（四川）地理高考真题\2023年高考地理试卷（全国甲卷）（空白卷）.pdf,papers/2023/地理/全国/全国甲卷/2023_地理_四川_全国甲卷_原卷.pdf,2
2023,地理,贵州,老高考,2024,全国卷,common,全国甲卷,present_common,H:\New folder\【新·PDF版】2008-2024·高考地理真题\版本2：地理（按省份分类）2008-2024\2008-2023·（贵州）地理高考真题\2023年高考地理试卷（全国甲卷）（空白卷）.pdf,papers/2023/地理/全国/全国甲卷/2023_地理_贵州_全国甲卷_原卷.pdf,2
2023,地理,云南,老高考,2025,全国卷,common,云南卷,present_common,H:\New folder\【新·PDF版】2008-2024·高考地理真题\版本2：地理（按省份分类）2008-2024\2008-2024·（云南）地理高考真题\2023年高考地理试卷（新课标）（空白卷）.pdf,papers/2023/地理/全国/云南卷/2023_地理_云南_云南卷_原卷.pdf,2
2023,地理,西藏,老高考,,全国卷,common,全国甲卷,present_common,H:\New folder\【新·PDF版】2008-2024·高考地理真题\版本2：地理（按省份分类）2008-2024\2008-2024·（西藏）地理高考真题\2023年高考地理试卷（全国甲卷）（空白卷）.pdf,papers/2023/地理/全国/全国甲卷/2023_地理_西藏_全国甲卷_原卷.pdf,2
2023,地理,陕西,老高考,2025,全国卷,common,全国乙卷,present_common,H:\New folder\【新·PDF版】2008-2024·高考地理真题\版本2：地理（按省份分类）2008-2024\2008-2024·（陕西）地理高考真题\2023年高考地理试卷（全国乙卷）（空白卷）.pdf,papers/2023/地理/全国/全国乙卷/2023_地理_陕西_全国乙卷_原卷.pdf,2
2023,地理,甘肃,老高考,2024,全国卷,common,全国乙卷,present_common,H:\New folder\【新·PDF版】2008-2024·高考地理真题\版本2：地理（按省份分类）2008-2024\2008-2024·（甘肃）地理高考真题\2023年高考地理试卷（全国乙卷）（空白卷）.pdf,papers/2023/地理/全国/全国乙卷/2023_地理_甘肃_全国乙卷_原卷.pdf,2
2023,地理,青海,老高考,2025,全国卷,common,全国乙卷,present_common,H:\New folder\【新·PDF版】2008-2024·高考地理真题\版本2：地理（按省份分类）2008-2024\2008-2024·（青海）地理高考真题\2023年高考地理试卷（全国乙卷）（空白卷）.pdf,papers/2023/地理/全国/全国乙卷/2023_地理_青海_全国乙卷_原卷.pdf,2
2023,地理,宁夏,老高考,2025,全国卷,common,全国乙卷,present_common,H:\New folder\【新·PDF版】2008-2024·高考地理真题\版本2：地理（按省份分类）2008-2024\2010-2024·（宁夏）地理高考真题\2023年高考地理试卷（全国乙卷）（空白卷）.pdf,papers/2023/地理/全国/全国乙卷/2023_地理_宁夏_全国乙卷_原卷.pdf,2
2023,地理,新疆,老高考,,全国卷,common,全国乙卷,present_common,H:\New folder\【新·PDF版】2008-2024·高考地理真题\版本2：地理（按省份分类）2008-2024\2008-2024·（新疆）地理高考真题\2023年高考地理试卷（全国乙卷）（空白卷）.pdf,papers/2023/地理/全国/全国乙卷/2023_地理_新疆_全国乙卷_原卷.pdf,2
2024,语文,山西,老高考,2025,全国卷,common,新课标全国II卷,present_common,H:\New folder\【新·PDF版】2008-2024·高考语文真题\版本2：语文（按省份分类）2008-2024\2008-2024·（山西）语文高考真题\2024年高考语文试卷（新课标Ⅱ卷）（空白卷）.pdf,papers/2024/语文/全国/新课标全国II卷/2024_语文_山西_新课标全国II卷_原卷.pdf,1
2024,语文,内蒙古,老高考,2025,全国卷,common,全国甲卷,present_common,H:\New folder\【新·PDF版】2008-2024·高考语文真题\版本2：语文（按省份分类）2008-2024\2008-2024·（内蒙古）语文高考真题\2024年高考语文试卷（全国甲卷）（空白卷）.pdf,papers/2024/语文/全国/全国甲卷/2024_语文_内蒙古_全国甲卷_原卷.pdf,2
2024,语文,河南,老高考,2025,全国卷,common,新课标全国I卷,present_common,H:\New folder\【新·PDF版】2008-2024·高考语文真题\版本2：语文（按省份分类）2008-2024\2008-2024·（河南）语文高考真题\2024年高考语文试卷（新课标Ⅰ卷）（解析卷）.pdf,papers/2024/语文/全国/新课标全国I卷/2024_语文_河南_新课标全国I卷_原卷.pdf,1
2024,语文,四川,老高考,2025,全国卷,common,全国甲卷,present_common,H:\New folder\【新·PDF版】2008-2024·高考语文真题\版本2：语文（按省份分类）2008-2024\2008-2024·（四川）语文高考真题\2024年高考语文试卷（全国甲卷）（空白卷）.pdf,papers/2024/语文/全国/全国甲卷/2024_语文_四川_全国甲卷_原卷.pdf,2
2024,语文,云南,老高考,2025,全国卷,common,新课标全国II卷,present_common,H:\New folder\【新·PDF版】2008-2024·高考语文真题\版本2：语文（按省份分类）2008-2024\2008-2024·（云南）语文高考真题\2024年高考语文试卷（新课标Ⅱ卷）（空白卷）.pdf,papers/2024/语文/全国/新课标全国II卷/2024_语文_云南_新课标全国II卷_原卷.pdf,2
2024,语文,西藏,老高考,,全国卷,common,新课标全国II卷,present_common,H:\New folder\【新·PDF版】2008-2024·高考语文真题\版本2：语文（按省份分类）2008-2024\2008-2024·（西藏）语文高考真题\2024年高考语文试卷（新课标Ⅱ卷）（空白卷）.pdf,papers/2024/语文/全国/新课标全国II卷/2024_语文_西藏_新课标全国II卷_原卷.pdf,2
2024,语文,陕西,老高考,2025,全国卷,common,全国甲卷,present_common,H:\New folder\【新·PDF版】2008-2024·高考语文真题\版本2：语文（按省份分类）2008-2024\2008-2024·（陕西）语文高考真题\2024年高考语文试卷（全国甲卷）（空白卷）.pdf,papers/2024/语文/全国/全国甲卷/2024_语文_陕西_全国甲卷_原卷.pdf,2
2024,语文,青海,老高考,2025,全国卷,common,全国甲卷,present_common,H:\New folder\【新·PDF版】2008-2024·高考语文真题\版本2：语文（按省份分类）2008-2024\2008-2024·（青海）语文高考真题\2024年高考语文试卷（全国甲卷）（空白卷）.pdf,papers/2024/语文/全国/全国甲卷/2024_语文_青海_全国甲卷_原卷.pdf,2
2024,语文,宁夏,老高考,2025,全国卷,common,全国甲卷,present_common,H:\New folder\【新·PDF版】2008-2024·高考语文真题\版本2：语文（按省份分类）2008-2024\2008-2024·（宁夏）语文高考真题\2024年高考语文试卷（全国甲卷）（空白卷）.pdf,papers/2024/语文/全国/全国甲卷/2024_语文_宁夏_全国甲卷_原卷.pdf,2
2024,语文,新疆,老高考,,全国卷,common,新课标全国II卷,present_common,H:\New folder\【新·PDF版】2008-2024·高考语文真题\版本2：语文（按省份分类）2008-2024\2008-2024·（新疆）语文高考真题\2024年高考语文试卷（新课标Ⅱ卷）（空白卷）.pdf,papers/2024/语文/全国/新课标全国II卷/2024_语文_新疆_新课标全国II卷_原卷.pdf,2
2024,数学,山西,老高考,2025,全国卷,common,新课标全国II卷,present_common,H:\New folder\【新】2008-2024·高考数学真题\【PDF版】2008-2024·高考数学真题\版本2：数学（按省份分类）2008-2024\2008-2024·（山西）数学高考真题\2024年高考数学试卷（新课标Ⅱ卷）（空白卷）.pdf,papers/2024/数学/全国/新课标全国II卷/2024_数学_山西_新课标全国II卷_原卷.pdf,2
2024,数学,内蒙古,老高考,2025,全国卷,common,全国甲卷,present_common,H:\New folder\【新】2008-2024·高考数学真题\【PDF版】2008-2024·高考数学真题\版本2：数学（按省份分类）2008-2024\2008-2024·（内蒙古）数学高考真题\2024年高考数学试卷（文）（全国甲卷）（空白卷）.pdf,papers/2024/数学/全国/全国甲卷/2024_数学_内蒙古_全国甲卷_原卷.pdf,4
2024,数学,河南,老高考,2025,全国卷,common,新课标全国I卷,present_common,H:\New folder\【新】2008-2024·高考数学真题\【PDF版】2008-2024·高考数学真题\版本2：数学（按省份分类）2008-2024\2008-2024·（河南）数学高考真题\2024年高考数学试卷（新课标Ⅰ卷）（空白卷）.pdf,papers/2024/数学/全国/新课标全国I卷/2024_数学_河南_新课标全国I卷_原卷.pdf,2
2024,数学,四川,老高考,2025,全国卷,common,全国甲卷,present_common,H:\New folder\【新】2008-2024·高考数学真题\【PDF版】2008-2024·高考数学真题\版本2：数学（按省份分类）2008-2024\2008-2024·（四川）数学高考真题\2024年高考数学试卷（文）（全国甲卷）（空白卷）.pdf,papers/2024/数学/全国/全国甲卷/2024_数学_四川_全国甲卷_原卷.pdf,4
2024,数学,云南,老高考,2025,全国卷,common,新课标全国II卷,present_common,H:\New folder\【新】2008-2024·高考数学真题\【PDF版】2008-2024·高考数学真题\版本2：数学（按省份分类）2008-2024\2008-2024·（云南）数学高考真题\2024年高考数学试卷（新课标Ⅱ卷）（空白卷）.pdf,papers/2024/数学/全国/新课标全国II卷/2024_数学_云南_新课标全国II卷_原卷.pdf,2
2024,数学,西藏,老高考,,全国卷,common,全国甲卷,present_common,H:\New folder\【新】2008-2024·高考数学真题\【PDF版】2008-2024·高考数学真题\版本2：数学（按省份分类）2008-2024\2008-2024·（西藏）数学高考真题\2024年高考数学试卷（文）（全国甲卷）（空白卷）.pdf,papers/2024/数学/全国/全国甲卷/2024_数学_西藏_全国甲卷_原卷.pdf,4
2024,数学,陕西,老高考,2025,全国卷,common,全国甲卷,present_common,H:\New folder\【新】2008-2024·高考数学真题\【PDF版】2008-2024·高考数学真题\版本2：数学（按省份分类）2008-2024\2008-2024·（陕西）数学高考真题\2024年高考数学试卷（文）（全国甲卷）（空白卷）.pdf,papers/2024/数学/全国/全国甲卷/2024_数学_陕西_全国甲卷_原卷.pdf,4
2024,数学,青海,老高考,2025,全国卷,common,全国甲卷,present_common,H:\New folder\【新】2008-2024·高考数学真题\【PDF版】2008-2024·高考数学真题\版本2：数学（按省份分类）2008-2024\2008-2024·（青海）数学高考真题\2024年高考数学试卷（文）（全国甲卷）（空白卷）.pdf,papers/2024/数学/全国/全国甲卷/2024_数学_青海_全国甲卷_原卷.pdf,4
2024,数学,宁夏,老高考,2025,全国卷,common,全国甲卷,present_common,H:\New folder\【新】2008-2024·高考数学真题\【PDF版】2008-2024·高考数学真题\版本2：数学（按省份分类）2008-2024\2008-2024·（宁夏）数学高考真题\2024年高考数学试卷（文）（全国甲卷）（空白卷）.pdf,papers/2024/数学/全国/全国甲卷/2024_数学_宁夏_全国甲卷_原卷.pdf,4
2024,数学,新疆,老高考,,全国卷,common,新课标全国II卷,present_common,H:\New folder\【新】2008-2024·高考数学真题\【PDF版】2008-2024·高考数学真题\版本2：数学（按省份分类）2008-2024\2008-2024·（新疆）数学高考真题\2024年高考数学试卷（新课标Ⅱ卷）（空白卷）.pdf,papers/2024/数学/全国/新课标全国II卷/2024_数学_新疆_新课标全国II卷_原卷.pdf,2
2024,英语,山西,老高考,2025,全国卷,common,新课标全国II卷,present_common,H:\New folder\【新·PDF版】2008-2024·高考英语真题\版本2：英语（按省份分类）2008-2024\2008-2024·（山西）英语高考真题\2024年高考英语试卷（新课标Ⅱ卷）听力音频.mp3,papers/2024/英语/全国/新课标全国II卷/2024_英语_山西_新课标全国II卷_原卷.mp3,3
2024,英语,内蒙古,老高考,2025,全国卷,common,全国甲卷,present_common,H:\New folder\【新·PDF版】2008-2024·高考英语真题\版本2：英语（按省份分类）2008-2024\2008-2024·（内蒙古）英语高考真题\2024年高考英语试卷（全国甲卷）听力音频.mp3,papers/2024/英语/全国/全国甲卷/2024_英语_内蒙古_全国甲卷_原卷.mp3,3
2024,英语,河南,老高考,2025,全国卷,common,新课标全国I卷,present_common,H:\New folder\【新·PDF版】2008-2024·高考英语真题\版本2：英语（按省份分类）2008-2024\2008-2024·（河南）英语高考真题\2024年高考英语试卷（新课标Ⅰ卷）听力音频.mp3,papers/2024/英语/全国/新课标全国I卷/2024_英语_河南_新课标全国I卷_原卷.mp3,3
2024,英语,四川,老高考,2025,全国卷,common,全国甲卷,present_common,H:\New folder\【新·PDF版】2008-2024·高考英语真题\版本2：英语（按省份分类）2008-2024\2008-2024·（四川）英语高考真题\2024年高考英语试卷（全国甲卷）听力音频.mp3,papers/2024/英语/全国/全国甲卷/2024_英语_四川_全国甲卷_原卷.mp3,3
2024,英语,云南,老高考,2025,全国卷,common,新课标全国II卷,present_common,H:\New folder\【新·PDF版】2008-2024·高考英语真题\版本2：英语（按省份分类）2008-2024\2008-2024·（云南）英语高考真题\2024年高考英语试卷（新课标Ⅱ卷）听力音频.mp3,papers/2024/英语/全国/新课标全国II卷/2024_英语_云南_新课标全国II卷_原卷.mp3,3
2024,英语,西藏,老高考,,全国卷,common,全国甲卷,present_common,H:\New folder\【新·PDF版】2008-2024·高考英语真题\版本2：英语（按省份分类）2008-2024\2008-2024·（西藏）英语高考真题\2024年高考英语试卷（全国甲卷）听力音频.mp3,papers/2024/英语/全国/全国甲卷/2024_英语_西藏_全国甲卷_原卷.mp3,3
2024,英语,陕西,老高考,2025,全国卷,common,全国甲卷,present_common,H:\New folder\【新·PDF版】2008-2024·高考英语真题\版本2：英语（按省份分类）2008-2024\2008-2024·（陕西）英语高考真题\2024年高考英语试卷（全国甲卷）听力音频.mp3,papers/2024/英语/全国/全国甲卷/2024_英语_陕西_全国甲卷_原卷.mp3,3
2024,英语,青海,老高考,2025,全国卷,common,全国甲卷,present_common,H:\New folder\【新·PDF版】2008-2024·高考英语真题\版本2：英语（按省份分类）2008-2024\2008-2024·（青海）英语高考真题\2024年高考英语试卷（全国甲卷）听力音频.mp3,papers/2024/英语/全国/全国甲卷/2024_英语_青海_全国甲卷_原卷.mp3,3
2024,英语,宁夏,老高考,2025,全国卷,common,全国甲卷,present_common,H:\New folder\【新·PDF版】2008-2024·高考英语真题\版本2：英语（按省份分类）2008-2024\2008-2024·（宁夏）英语高考真题\2024年高考英语试卷（全国甲卷）听力音频.mp3,papers/2024/英语/全国/全国甲卷/2024_英语_宁夏_全国甲卷_原卷.mp3,3
2024,英语,新疆,老高考,,全国卷,common,新课标全国II卷,present_common,H:\New folder\【新·PDF版】2008-2024·高考英语真题\版本2：英语（按省份分类）2008-2024\2008-2024·（新疆）英语高考真题\2024年高考英语试卷（新课标Ⅱ卷）听力音频.mp3,papers/2024/英语/全国/新课标全国II卷/2024_英语_新疆_新课标全国II卷_原卷.mp3,3
2024,物理,山西,老高考,2025,全国卷,common,山西卷,present_common,H:\New folder\【新·PDF版】2008-2024·高考物理真题\版本2：物理（按省份分类）2008-2024\2008-2024·（山西）物理高考真题\2024年高考物理试卷（新课标）（空白卷）.pdf,papers/2024/物理/全国/山西卷/2024_物理_山西_山西卷_原卷.pdf,2
2024,物理,内蒙古,老高考,2025,全国卷,common,全国甲卷,present_common,H:\New folder\【新·PDF版】2008-2024·高考物理真题\版本2：物理（按省份分类）2008-2024\2008-2024·（内蒙古）物理高考真题\2024年高考物理试卷（全国甲卷）（空白卷）.pdf,papers/2024/物理/全国/全国甲卷/2024_物理_内蒙古_全国甲卷_原卷.pdf,2
2024,物理,河南,老高考,2025,全国卷,common,河南卷,present_common,H:\New folder\【新·PDF版】2008-2024·高考物理真题\版本2：物理（按省份分类）2008-2024\2008-2024·（河南）物理高考真题\2024年高考物理试卷（新课标）（空白卷）.pdf,papers/2024/物理/全国/河南卷/2024_物理_河南_河南卷_原卷.pdf,2
2024,物理,四川,老高考,2025,全国卷,common,全国甲卷,present_common,H:\New folder\【新·PDF版】2008-2024·高考物理真题\版本2：物理（按省份分类）2008-2024\2008-2024·（四川）物理高考真题\2024年高考物理试卷（全国甲卷）（空白卷）.pdf,papers/2024/物理/全国/全国甲卷/2024_物理_四川_全国甲卷_原卷.pdf,2
2024,物理,云南,老高考,2025,全国卷,common,云南卷,present_common,H:\New folder\【新·PDF版】2008-2024·高考物理真题\版本2：物理（按省份分类）2008-2024\2008-2024·（云南）物理高考真题\2024年高考物理试卷（新课标）（空白卷）.pdf,papers/2024/物理/全国/云南卷/2024_物理_云南_云南卷_原卷.pdf,2
2024,物理,西藏,老高考,,全国卷,common,全国甲卷,present_common,H:\New folder\【新·PDF版】2008-2024·高考物理真题\版本2：物理（按省份分类）2008-2024\2008-2024·（西藏）物理高考真题\2024年高考物理试卷（全国甲卷）（空白卷）（缺22-24题）.pdf,papers/2024/物理/全国/全国甲卷/2024_物理_西藏_全国甲卷_原卷.pdf,2
2024,物理,陕西,老高考,2025,全国卷,common,全国甲卷,present_common,H:\New folder\【新·PDF版】2008-2024·高考物理真题\版本2：物理（按省份分类）2008-2024\2008-2024·（陕西）物理高考真题\2024年高考物理试卷（全国甲卷）（空白卷）.pdf,papers/2024/物理/全国/全国甲卷/2024_物理_陕西_全国甲卷_原卷.pdf,2
2024,物理,青海,老高考,2025,全国卷,common,全国甲卷,present_common,H:\New folder\【新·PDF版】2008-2024·高考物理真题\版本2：物理（按省份分类）2008-2024\2008-2024·（青海）物理高考真题\2024年高考物理试卷（全国甲卷）（空白卷）.pdf,papers/2024/物理/全国/全国甲卷/2024_物理_青海_全国甲卷_原卷.pdf,2
2024,物理,宁夏,老高考,2025,全国卷,common,全国甲卷,present_common,H:\New folder\【新·PDF版】2008-2024·高考物理真题\版本2：物理（按省份分类）2008-2024\2010-2024·（宁夏）物理高考真题\2024年高考物理试卷（全国甲卷）（空白卷）.pdf,papers/2024/物理/全国/全国甲卷/2024_物理_宁夏_全国甲卷_原卷.pdf,2
2024,物理,新疆,老高考,,全国卷,common,新疆卷,present_common,H:\New folder\【新·PDF版】2008-2024·高考物理真题\版本2：物理（按省份分类）2008-2024\2008-2024·（新疆）物理高考真题\2024年高考物理试卷（新课标）（空白卷）.pdf,papers/2024/物理/全国/新疆卷/2024_物理_新疆_新疆卷_原卷.pdf,2
2024,化学,山西,老高考,2025,全国卷,common,山西卷,present_common,H:\New folder\【新·PDF版】2008-2024·高考化学真题\版本2：化学（按省份分类）2008-2024\2008-2024·（山西）化学高考真题\2024年高考化学试卷（新课标）（空白卷）.pdf,papers/2024/化学/全国/山西卷/2024_化学_山西_山西卷_原卷.pdf,2
2024,化学,内蒙古,老高考,2025,全国卷,common,全国甲卷,present_common,H:\New folder\【新·PDF版】2008-2024·高考化学真题\版本2：化学（按省份分类）2008-2024\2008-2024·（内蒙古）化学高考真题\2024年高考化学试卷（全国甲卷）（空白卷）.pdf,papers/2024/化学/全国/全国甲卷/2024_化学_内蒙古_全国甲卷_原卷.pdf,2
2024,化学,河南,老高考,2025,全国卷,common,河南卷,present_common,H:\New folder\【新·PDF版】2008-2024·高考化学真题\版本2：化学（按省份分类）2008-2024\2008-2024·（河南）化学高考真题\2024年高考化学试卷（新课标）（空白卷）.pdf,papers/2024/化学/全国/河南卷/2024_化学_河南_河南卷_原卷.pdf,2
2024,化学,四川,老高考,2025,全国卷,common,全国甲卷,present_common,H:\New folder\【新·PDF版】2008-2024·高考化学真题\版本2：化学（按省份分类）2008-2024\2008-2024·（四川）化学高考真题\2024年高考化学试卷（全国甲卷）（空白卷）.pdf,papers/2024/化学/全国/全国甲卷/2024_化学_四川_全国甲卷_原卷.pdf,2
2024,化学,云南,老高考,2025,全国卷,common,云南卷,present_common,H:\New folder\【新·PDF版】2008-2024·高考化学真题\版本2：化学（按省份分类）2008-2024\2008-2024·（云南）化学高考真题\2024年高考化学试卷（新课标）（空白卷）.pdf,papers/2024/化学/全国/云南卷/2024_化学_云南_云南卷_原卷.pdf,2
2024,化学,西藏,老高考,,全国卷,common,全国甲卷,present_common,H:\New folder\【新·PDF版】2008-2024·高考化学真题\版本2：化学（按省份分类）2008-2024\2008-2024·（西藏）化学高考真题\2024年高考化学试卷（全国甲卷）（空白卷）.pdf,papers/2024/化学/全国/全国甲卷/2024_化学_西藏_全国甲卷_原卷.pdf,2
2024,化学,陕西,老高考,2025,全国卷,common,全国甲卷,present_common,H:\New folder\【新·PDF版】2008-2024·高考化学真题\版本2：化学（按省份分类）2008-2024\2008-2024·（陕西）化学高考真题\2024年高考化学试卷（全国甲卷）（空白卷）.pdf,papers/2024/化学/全国/全国甲卷/2024_化学_陕西_全国甲卷_原卷.pdf,2
2024,化学,青海,老高考,2025,全国卷,common,全国甲卷,present_common,H:\New folder\【新·PDF版】2008-2024·高考化学真题\版本2：化学（按省份分类）2008-2024\2008-2024·（青海）化学高考真题\2024年高考化学试卷（全国甲卷）（空白卷）.pdf,papers/2024/化学/全国/全国甲卷/2024_化学_青海_全国甲卷_原卷.pdf,2
2024,化学,宁夏,老高考,2025,全国卷,common,全国甲卷,present_common,H:\New folder\【新·PDF版】2008-2024·高考化学真题\版本2：化学（按省份分类）2008-2024\2010-2024·（宁夏）化学高考真题\2024年高考化学试卷（全国甲卷）（空白卷）.pdf,papers/2024/化学/全国/全国甲卷/2024_化学_宁夏_全国甲卷_原卷.pdf,2
2024,化学,新疆,老高考,,全国卷,common,新疆卷,present_common,H:\New folder\【新·PDF版】2008-2024·高考化学真题\版本2：化学（按省份分类）2008-2024\2008-2024·（新疆）化学高考真题\2024年高考化学试卷（新课标）（空白卷）.pdf,papers/2024/化学/全国/新疆卷/2024_化学_新疆_新疆卷_原卷.pdf,2
2024,生物,山西,老高考,2025,全国卷,common,山西卷,present_common,H:\New folder\【新·PDF版】2008-2024·高考生物真题\版本2：生物（按省份分类）2008-2024\2008-2024·（山西）生物高考真题\2024年高考生物试卷（新课标）（空白卷）.pdf,papers/2024/生物/全国/山西卷/2024_生物_山西_山西卷_原卷.pdf,2
2024,生物,内蒙古,老高考,2025,全国卷,common,全国甲卷,present_common,H:\New folder\【新·PDF版】2008-2024·高考生物真题\版本2：生物（按省份分类）2008-2024\2008-2024·（内蒙古）生物高考真题\2024年高考生物试卷（全国甲卷）（空白卷）.pdf,papers/2024/生物/全国/全国甲卷/2024_生物_内蒙古_全国甲卷_原卷.pdf,2
2024,生物,河南,老高考,2025,全国卷,common,河南卷,present_common,H:\New folder\【新·PDF版】2008-2024·高考生物真题\版本2：生物（按省份分类）2008-2024\2008-2024·（河南）生物高考真题\2024年高考生物试卷（新课标）（空白卷）.pdf,papers/2024/生物/全国/河南卷/2024_生物_河南_河南卷_原卷.pdf,2
2024,生物,四川,老高考,2025,全国卷,common,全国甲卷,present_common,H:\New folder\【新·PDF版】2008-2024·高考生物真题\版本2：生物（按省份分类）2008-2024\2008-2024·（四川）生物高考真题\2024年高考生物试卷（全国甲卷）（空白卷）.pdf,papers/2024/生物/全国/全国甲卷/2024_生物_四川_全国甲卷_原卷.pdf,2
2024,生物,云南,老高考,2025,全国卷,common,云南卷,present_common,H:\New folder\【新·PDF版】2008-2024·高考生物真题\版本2：生物（按省份分类）2008-2024\2008-2024·（云南）生物高考真题\2024年高考生物试卷（新课标）（空白卷）.pdf,papers/2024/生物/全国/云南卷/2024_生物_云南_云南卷_原卷.pdf,2
2024,生物,西藏,老高考,,全国卷,common,全国甲卷,present_common,H:\New folder\【新·PDF版】2008-2024·高考生物真题\版本2：生物（按省份分类）2008-2024\2008-2024·（西藏）生物高考真题\2024年高考生物试卷（全国甲卷）（空白卷）.pdf,papers/2024/生物/全国/全国甲卷/2024_生物_西藏_全国甲卷_原卷.pdf,2
2024,生物,陕西,老高考,2025,全国卷,common,全国甲卷,present_common,H:\New folder\【新·PDF版】2008-2024·高考生物真题\版本2：生物（按省份分类）2008-2024\2008-2024·（陕西）生物高考真题\2024年高考生物试卷（全国甲卷）（空白卷）.pdf,papers/2024/生物/全国/全国甲卷/2024_生物_陕西_全国甲卷_原卷.pdf,2
2024,生物,青海,老高考,2025,全国卷,common,全国甲卷,present_common,H:\New folder\【新·PDF版】2008-2024·高考生物真题\版本2：生物（按省份分类）2008-2024\2008-2024·（青海）生物高考真题\2024年高考生物试卷（全国甲卷）（空白卷）.pdf,papers/2024/生物/全国/全国甲卷/2024_生物_青海_全国甲卷_原卷.pdf,2
2024,生物,宁夏,老高考,2025,全国卷,common,全国甲卷,present_common,H:\New folder\【新·PDF版】2008-2024·高考生物真题\版本2：生物（按省份分类）2008-2024\2010-2024·（宁夏）生物高考真题\2024年高考生物试卷（全国甲卷）（空白卷）.pdf,papers/2024/生物/全国/全国甲卷/2024_生物_宁夏_全国甲卷_原卷.pdf,2
2024,生物,新疆,老高考,,全国卷,common,新疆卷,present_common,H:\New folder\【新·PDF版】2008-2024·高考生物真题\版本2：生物（按省份分类）2008-2024\2008-2024·（新疆）生物高考真题\2024年高考生物试卷（新课标）（空白卷）.pdf,papers/2024/生物/全国/新疆卷/2024_生物_新疆_新疆卷_原卷.pdf,2
2024,政治,山西,老高考,2025,全国卷,common,山西卷,present_common,H:\New folder\【新·PDF版】2008-2024·高考政治真题\版本2：政治（按省份分类）2008-2024\2008-2024·（山西）政治高考真题\2024年高考政治试卷（新课标）（空白卷）.pdf,papers/2024/政治/全国/山西卷/2024_政治_山西_山西卷_原卷.pdf,2
2024,政治,内蒙古,老高考,2025,,missing,,missing,,,0
2024,政治,河南,老高考,2025,全国卷,common,河南卷,present_common,H:\New folder\【新·PDF版】2008-2024·高考政治真题\版本2：政治（按省份分类）2008-2024\2008-2024·（河南）政治高考真题\2024年高考政治试卷（新课标）（空白卷）.pdf,papers/2024/政治/全国/河南卷/2024_政治_河南_河南卷_原卷.pdf,2
2024,政治,四川,老高考,2025,,missing,,missing,,,0
2024,政治,云南,老高考,2025,全国卷,common,云南卷,present_common,H:\New folder\【新·PDF版】2008-2024·高考政治真题\版本2：政治（按省份分类）2008-2024\2008-2024·（云南）政治高考真题\2024年高考政治试卷（新课标）（空白卷）.pdf,papers/2024/政治/全国/云南卷/2024_政治_云南_云南卷_原卷.pdf,2
2024,政治,西藏,老高考,,全国卷,common,西藏卷,present_common,H:\New folder\【新·PDF版】2008-2024·高考政治真题\版本2：政治（按省份分类）2008-2024\2008-2024·（西藏）政治高考真题\2024年高考政治试卷（新课标）（空白卷）.pdf,papers/2024/政治/全国/西藏卷/2024_政治_西藏_西藏卷_原卷.pdf,2
2024,政治,陕西,老高考,2025,,missing,,missing,,,0
2024,政治,青海,老高考,2025,,missing,,missing,,,0
2024,政治,宁夏,老高考,2025,,missing,,missing,,,0
2024,政治,新疆,老高考,,全国卷,common,新疆卷,present_common,H:\New folder\【新·PDF版】2008-2024·高考政治真题\版本2：政治（按省份分类）2008-2024\2008-2024·（新疆）政治高考真题\2024年高考政治试卷（新课标）（空白卷）.pdf,papers/2024/政治/全国/新疆卷/2024_政治_新疆_新疆卷_原卷.pdf,2
2024,历史,山西,老高考,2025,全国卷,common,山西卷,present_common,H:\New folder\【新·PDF版】2008-2024·高考历史真题\版本2：历史（按省份分类）2008-2024\2008-2024·（山西）历史高考真题\2024年高考历史试卷（新课标）（空白卷）.pdf,papers/2024/历史/全国/山西卷/2024_历史_山西_山西卷_原卷.pdf,2
2024,历史,内蒙古,老高考,2025,全国卷,common,全国甲卷,present_common,H:\New folder\【新·PDF版】2008-2024·高考历史真题\版本2：历史（按省份分类）2008-2024\2008-2024·（内蒙古）历史高考真题\2024年高考历史试卷（全国甲卷）（空白卷）.pdf,papers/2024/历史/全国/全国甲卷/2024_历史_内蒙古_全国甲卷_原卷.pdf,2
2024,历史,河南,老高考,2025,全国卷,common,河南卷,present_common,H:\New folder\【新·PDF版】2008-2024·高考历史真题\版本2：历史（按省份分类）2008-2024\2008-2024·（河南）历史高考真题\2024年高考历史试卷（新课标）（空白卷）.pdf,papers/2024/历史/全国/河南卷/2024_历史_河南_河南卷_原卷.pdf,2
2024,历史,四川,老高考,2025,全国卷,common,全国甲卷,present_common,H:\New folder\【新·PDF版】2008-2024·高考历史真题\版本2：历史（按省份分类）2008-2024\2008-2024·（四川）历史高考真题\2024年高考历史试卷（全国甲卷）（空白卷）.pdf,papers/2024/历史/全国/全国甲卷/2024_历史_四川_全国甲卷_原卷.pdf,2
2024,历史,云南,老高考,2025,全国卷,common,云南卷,present_common,H:\New folder\【新·PDF版】2008-2024·高考历史真题\版本2：历史（按省份分类）2008-2024\2008-2024·（云南）历史高考真题\2024年高考历史试卷（新课标）（空白卷）.pdf,papers/2024/历史/全国/云南卷/2024_历史_云南_云南卷_原卷.pdf,2
2024,历史,西藏,老高考,,全国卷,common,西藏卷,present_common,H:\New folder\【新·PDF版】2008-2024·高考历史真题\版本2：历史（按省份分类）2008-2024\2008-2024·（西藏）历史高考真题\2024年高考历史试卷（新课标）（空白卷）.pdf,papers/2024/历史/全国/西藏卷/2024_历史_西藏_西藏卷_原卷.pdf,2
2024,历史,陕西,老高考,2025,全国卷,common,全国甲卷,present_common,H:\New folder\【新·PDF版】2008-2024·高考历史真题\版本2：历史（按省份分类）2008-2024\2008-2024·（陕西）历史高考真题\2024年高考历史试卷（全国甲卷）（空白卷）.pdf,papers/2024/历史/全国/全国甲卷/2024_历史_陕西_全国甲卷_原卷.pdf,2
2024,历史,青海,老高考,2025,全国卷,common,全国甲卷,present_common,H:\New folder\【新·PDF版】2008-2024·高考历史真题\版本2：历史（按省份分类）2008-2024\2008-2024·（青海）历史高考真题\2024年高考历史试卷（全国甲卷）（空白卷）.pdf,papers/2024/历史/全国/全国甲卷/2024_历史_青海_全国甲卷_原卷.pdf,2
2024,历史,宁夏,老高考,2025,全国卷,common,全国甲卷,present_common,H:\New folder\【新·PDF版】2008-2024·高考历史真题\版本2：历史（按省份分类）2008-2024\2010-2024·（宁夏）历史高考真题\2024年高考历史试卷（全国甲卷）（空白卷）.pdf,papers/2024/历史/全国/全国甲卷/2024_历史_宁夏_全国甲卷_原卷.pdf,2
2024,历史,新疆,老高考,,全国卷,common,新疆卷,present_common,H:\New folder\【新·PDF版】2008-2024·高考历史真题\版本2：历史（按省份分类）2008-2024\2008-2024·（新疆）历史高考真题\2024年高考历史试卷（新课标）（空白卷）.pdf,papers/2024/历史/全国/新疆卷/2024_历史_新疆_新疆卷_原卷.pdf,2
2024,地理,山西,老高考,2025,全国卷,common,山西卷,present_common,H:\New folder\【新·PDF版】2008-2024·高考地理真题\版本2：地理（按省份分类）2008-2024\2008-2024·（山西）地理高考真题\2024年高考地理试卷（新课标）（空白卷）.pdf,papers/2024/地理/全国/山西卷/2024_地理_山西_山西卷_原卷.pdf,2
2024,地理,内蒙古,老高考,2025,全国卷,common,全国甲卷,present_common,H:\New folder\【新·PDF版】2008-2024·高考地理真题\版本2：地理（按省份分类）2008-2024\2008-2024·（内蒙古）地理高考真题\2024年高考地理试卷（全国甲卷）（空白卷）.pdf,papers/2024/地理/全国/全国甲卷/2024_地理_内蒙古_全国甲卷_原卷.pdf,2
2024,地理,河南,老高考,2025,全国卷,common,河南卷,present_common,H:\New folder\【新·PDF版】2008-2024·高考地理真题\版本2：地理（按省份分类）2008-2024\2008-2024·（河南）地理高考真题\2024年高考地理试卷（新课标）（空白卷）.pdf,papers/2024/地理/全国/河南卷/2024_地理_河南_河南卷_原卷.pdf,2
2024,地理,四川,老高考,2025,全国卷,common,全国甲卷,present_common,H:\New folder\【新·PDF版】2008-2024·高考地理真题\版本2：地理（按省份分类）2008-2024\2008-2024·（四川）地理高考真题\2024年高考地理试卷（全国甲卷）（空白卷）.pdf,papers/2024/地理/全国/全国甲卷/2024_地理_四川_全国甲卷_原卷.pdf,2
2024,地理,云南,老高考,2025,全国卷,common,云南卷,present_common,H:\New folder\【新·PDF版】2008-2024·高考地理真题\版本2：地理（按省份分类）2008-2024\2008-2024·（云南）地理高考真题\2024年高考地理试卷（新课标）（空白卷）.pdf,papers/2024/地理/全国/云南卷/2024_地理_云南_云南卷_原卷.pdf,2
2024,地理,西藏,老高考,,全国卷,common,西藏卷,present_common,H:\New folder\【新·PDF版】2008-2024·高考地理真题\版本2：地理（按省份分类）2008-2024\2008-2024·（西藏）地理高考真题\2024年高考地理试卷（新课标）（空白卷）.pdf,papers/2024/地理/全国/西藏卷/2024_地理_西藏_西藏卷_原卷.pdf,2
2024,地理,陕西,老高考,2025,全国卷,common,全国甲卷,present_common,H:\New folder\【新·PDF版】2008-2024·高考地理真题\版本2：地理（按省份分类）2008-2024\2008-2024·（陕西）地理高考真题\2024年高考地理试卷（全国甲卷）（空白卷）.pdf,papers/2024/地理/全国/全国甲卷/2024_地理_陕西_全国甲卷_原卷.pdf,2
2024,地理,青海,老高考,2025,全国卷,common,全国甲卷,present_common,H:\New folder\【新·PDF版】2008-2024·高考地理真题\版本2：地理（按省份分类）2008-2024\2008-2024·（青海）地理高考真题\2024年高考地理试卷（全国甲卷）（空白卷）.pdf,papers/2024/地理/全国/全国甲卷/2024_地理_青海_全国甲卷_原卷.pdf,2
2024,地理,宁夏,老高考,2025,全国卷,common,全国甲卷,present_common,H:\New folder\【新·PDF版】2008-2024·高考地理真题\版本2：地理（按省份分类）2008-2024\2010-2024·（宁夏）地理高考真题\2024年高考地理试卷（全国甲卷）（空白卷）.pdf,papers/2024/地理/全国/全国甲卷/2024_地理_宁夏_全国甲卷_原卷.pdf,2
2024,地理,新疆,老高考,,全国卷,common,新疆卷,present_common,H:\New folder\【新·PDF版】2008-2024·高考地理真题\版本2：地理（按省份分类）2008-2024\2008-2024·（新疆）地理高考真题\2024年高考地理试卷（新课标）（空白卷）.pdf,papers/2024/地理/全国/新疆卷/2024_地理_新疆_新疆卷_原卷.pdf,2
2025,语文,西藏,老高考,,地方/区域卷,local,全国II卷,present_local,H:\New folder\2025年高考真题及答案(按科目分类)\1.25高考语文试题及答案\【西藏】2025年高考全国二卷语文高考真题文档版（含答案）.docx,papers/2025/语文/西藏/全国II卷/2025_语文_西藏_全国II卷_原卷.docx,7
2025,语文,新疆,老高考,,地方/区域卷,local,全国II卷,present_local,H:\New folder\2025年高考真题及答案(按科目分类)\1.25高考语文试题及答案\【新疆】2025年高考全国二卷语文高考真题文档版（含答案）.docx,papers/2025/语文/新疆/全国II卷/2025_语文_新疆_全国II卷_原卷.docx,7
2025,数学,西藏,老高考,,地方/区域卷,local,全国II卷,present_local,H:\New folder\2025年高考真题及答案(按科目分类)\2.25高考数学试题及答案\【​西藏】2025年高考全国二卷数学高考真题解析.docx,papers/2025/数学/西藏/全国II卷/2025_数学_西藏_全国II卷_原卷.docx,7
2025,数学,新疆,老高考,,地方/区域卷,local,全国II卷,present_local,H:\New folder\2025年高考真题及答案(按科目分类)\2.25高考数学试题及答案\【​新疆】2025年高考全国二卷数学高考真题解析.docx,papers/2025/数学/新疆/全国II卷/2025_数学_新疆_全国II卷_原卷.docx,7
2025,英语,西藏,老高考,,全国卷,common,新课标全国II卷,archive,H:\New folder\2025全国各省高考真题+答案\2、新课标全国Ⅱ卷（语数外）\2025年高考全国2卷英语高考真题解析（完整版）-a67298d8c6f0.zip,papers/2025/英语/全国/新课标全国II卷/2025_英语_西藏_新课标全国II卷_原卷.zip,3
2025,英语,新疆,老高考,,地方/区域卷,local,全国II卷,present_local,H:\New folder\2025年高考真题及答案(按科目分类)\3.25高考英语试题及答案\【新疆】2025年高考全国二卷英语高考真题文档版（含答案）.docx,papers/2025/英语/新疆/全国II卷/2025_英语_新疆_全国II卷_原卷.docx,7
2025,物理,西藏,老高考,,,missing,,missing,,,0
2025,物理,新疆,老高考,,,missing,,missing,,,0
2025,化学,西藏,老高考,,,missing,,missing,,,0
2025,化学,新疆,老高考,,,missing,,missing,,,0
2025,生物,西藏,老高考,,,missing,,missing,,,0
2025,生物,新疆,老高考,,,missing,,missing,,,0
2025,政治,西藏,老高考,,,missing,,missing,,,0
2025,政治,新疆,老高考,,,missing,,missing,,,0
2025,历史,西藏,老高考,,,missing,,missing,,,0
2025,历史,新疆,老高考,,,missing,,missing,,,0
2025,地理,西藏,老高考,,,missing,,missing,,,0
2025,地理,新疆,老高考,,,missing,,missing,,,0
2026,语文,西藏,老高考,,全国卷,common,全国II卷,covered_common,H:\New folder\2026高考真题+答案\2026年高考真题答案（按省份分类）\1、全国二卷（语数英）完整版\语文\2026高考语文全国Ⅱ卷试题.pdf,papers/2026/语文/全国/全国II卷/2026_语文_西藏_全国II卷_covered_common.pdf,1
2026,语文,新疆,老高考,,全国卷,common,全国II卷,covered_common,H:\New folder\2026高考真题+答案\2026年高考真题答案（按省份分类）\1、全国二卷（语数英）完整版\语文\2026高考语文全国Ⅱ卷试题.pdf,papers/2026/语文/全国/全国II卷/2026_语文_新疆_全国II卷_covered_common.pdf,1
2026,数学,西藏,老高考,,全国卷,common,全国II卷,covered_common,H:\New folder\2026高考真题+答案\2026年高考真题答案（按省份分类）\1、全国二卷（语数英）完整版\数学\数学二卷.pdf,papers/2026/数学/全国/全国II卷/2026_数学_西藏_全国II卷_covered_common.pdf,1
2026,数学,新疆,老高考,,全国卷,common,全国II卷,covered_common,H:\New folder\2026高考真题+答案\2026年高考真题答案（按省份分类）\1、全国二卷（语数英）完整版\数学\数学二卷.pdf,papers/2026/数学/全国/全国II卷/2026_数学_新疆_全国II卷_covered_common.pdf,1
2026,英语,西藏,老高考,,全国卷,common,全国II卷,covered_common,H:\New folder\2026高考真题+答案\2026年高考真题答案（按省份分类）\1、全国二卷（语数英）完整版\英语\2026高考英语全国Ⅱ卷听力.mp3,papers/2026/英语/全国/全国II卷/2026_英语_西藏_全国II卷_covered_common.mp3,1
2026,英语,新疆,老高考,,全国卷,common,全国II卷,covered_common,H:\New folder\2026高考真题+答案\2026年高考真题答案（按省份分类）\1、全国二卷（语数英）完整版\英语\2026高考英语全国Ⅱ卷听力.mp3,papers/2026/英语/全国/全国II卷/2026_英语_新疆_全国II卷_covered_common.mp3,1
2026,物理,西藏,老高考,,,missing,,missing,,,0
2026,物理,新疆,老高考,,,missing,,missing,,,0
2026,化学,西藏,老高考,,,missing,,missing,,,0
2026,化学,新疆,老高考,,,missing,,missing,,,0
2026,生物,西藏,老高考,,,missing,,missing,,,0
2026,生物,新疆,老高考,,,missing,,missing,,,0
2026,政治,西藏,老高考,,,missing,,missing,,,0
2026,政治,新疆,老高考,,,missing,,missing,,,0
2026,历史,西藏,老高考,,,missing,,missing,,,0
2026,历史,新疆,老高考,,,missing,,missing,,,0
2026,地理,西藏,老高考,,,missing,,missing,,,0
2026,地理,新疆,老高考,,,missing,,missing,,,0
