年份,科目,地区,高考模式,改革起始年,卷别性质,范围,卷型,状态,来源文件,建议Repo路径,文件数
2008,语文,北京,老高考,2020,地方/区域卷,local,北京卷,present_local,H:\New folder\【新·PDF版】2008-2024·高考语文真题\版本2：语文（按省份分类）2008-2024\2008-2024·（北京）语文高考真题\2008年高考语文试卷（北京）（空白卷）.pdf,papers/2008/语文/北京/北京卷/2008_语文_北京_北京卷_原卷.pdf,2
2008,语文,天津,老高考,2020,地方/区域卷,local,天津卷,present_local,H:\New folder\【新·PDF版】2008-2024·高考语文真题\版本2：语文（按省份分类）2008-2024\2008-2023·（天津）语文高考真题\2008年高考语文试卷（天津）（空白卷） .pdf,papers/2008/语文/天津/天津卷/2008_语文_天津_天津卷_原卷.pdf,2
2008,语文,河北,老高考,2021,全国卷,common,全国I卷,present_common,H:\New folder\【新·PDF版】2008-2024·高考语文真题\版本2：语文（按省份分类）2008-2024\2008-2024·（河北）语文高考真题\2008年高考语文试卷（全国Ⅰ卷）（空白卷）.pdf,papers/2008/语文/全国/全国I卷/2008_语文_河北_全国I卷_原卷.pdf,2
2008,语文,山西,老高考,2025,全国卷,common,全国I卷,present_common,H:\New folder\【新·PDF版】2008-2024·高考语文真题\版本2：语文（按省份分类）2008-2024\2008-2024·（山西）语文高考真题\2008年高考语文试卷（全国Ⅰ卷）（空白卷）.pdf,papers/2008/语文/全国/全国I卷/2008_语文_山西_全国I卷_原卷.pdf,2
2008,语文,内蒙古,老高考,2025,全国卷,common,全国II卷,present_common,H:\New folder\【新·PDF版】2008-2024·高考语文真题\版本2：语文（按省份分类）2008-2024\2008-2024·（内蒙古）语文高考真题\2008年高考语文试卷（全国Ⅱ卷）（空白卷）.pdf,papers/2008/语文/全国/全国II卷/2008_语文_内蒙古_全国II卷_原卷.pdf,2
2008,语文,辽宁,老高考,2021,,missing,,missing,,,0
2008,语文,吉林,老高考,2024,全国卷,common,全国II卷,present_common,H:\New folder\【新·PDF版】2008-2024·高考语文真题\版本2：语文（按省份分类）2008-2024\2008-2024·（吉林）语文高考真题\2008年高考语文试卷（全国Ⅱ卷）（空白卷）.pdf,papers/2008/语文/全国/全国II卷/2008_语文_吉林_全国II卷_原卷.pdf,2
2008,语文,黑龙江,老高考,2024,全国卷,common,全国II卷,present_common,H:\New folder\【新·PDF版】2008-2024·高考语文真题\版本2：语文（按省份分类）2008-2024\2008-2024·（黑龙江）语文高考真题\2008年高考语文试卷（全国Ⅱ卷）（空白卷）.pdf,papers/2008/语文/全国/全国II卷/2008_语文_黑龙江_全国II卷_原卷.pdf,2
2008,语文,上海,老高考,2017,地方/区域卷,local,上海卷,present_local,H:\New folder\【新·PDF版】2008-2024·高考语文真题\版本2：语文（按省份分类）2008-2024\2008-2023·（上海）语文高考真题\2008年高考语文试卷（上海）（秋考）（空白卷）.pdf,papers/2008/语文/上海/上海卷/2008_语文_上海_上海卷_原卷.pdf,2
2008,语文,江苏,老高考,2021,地方/区域卷,local,江苏卷,present_local,H:\New folder\【新·PDF版】2008-2024·高考语文真题\版本2：语文（按省份分类）2008-2024\2008-2024·（江苏）语文高考真题\2008年高考语文试卷（江苏）（空白卷）.pdf,papers/2008/语文/江苏/江苏卷/2008_语文_江苏_江苏卷_原卷.pdf,2
2008,语文,浙江,老高考,2017,地方/区域卷,local,浙江卷,present_local,H:\New folder\【新·PDF版】2008-2024·高考语文真题\版本2：语文（按省份分类）2008-2024\2008-2024·（浙江）语文高考真题\2008年高考语文试卷（浙江）（空白卷）.pdf,papers/2008/语文/浙江/浙江卷/2008_语文_浙江_浙江卷_原卷.pdf,2
2008,语文,安徽,老高考,2024,,missing,,missing,,,0
2008,语文,福建,老高考,2021,,missing,,missing,,,0
2008,语文,江西,老高考,2024,,missing,,missing,,,0
2008,语文,山东,老高考,2020,地方/区域卷,local,山东卷,present_local,H:\New folder\【新·PDF版】2008-2024·高考语文真题\版本2：语文（按省份分类）2008-2024\2008-2024·（山东）语文高考真题\2008年高考语文试卷（山东）（空白卷）.pdf,papers/2008/语文/山东/山东卷/2008_语文_山东_山东卷_原卷.pdf,2
2008,语文,河南,老高考,2025,全国卷,common,全国I卷,present_common,H:\New folder\【新·PDF版】2008-2024·高考语文真题\版本2：语文（按省份分类）2008-2024\2008-2024·（河南）语文高考真题\2008年高考语文试卷（全国Ⅰ卷）（空白卷）.pdf,papers/2008/语文/全国/全国I卷/2008_语文_河南_全国I卷_原卷.pdf,2
2008,语文,湖北,老高考,2021,,missing,,missing,,,0
2008,语文,湖南,老高考,2021,地方/区域卷,local,湖南卷,present_local,H:\New folder\【新·PDF版】2008-2024·高考语文真题\版本2：语文（按省份分类）2008-2024\2008-2024·（湖南）语文高考真题\2008年高考语文试卷（湖南）（空白卷）.pdf,papers/2008/语文/湖南/湖南卷/2008_语文_湖南_湖南卷_原卷.pdf,2
2008,语文,广东,老高考,2021,地方/区域卷,local,广东卷,present_local,H:\New folder\【新·PDF版】2008-2024·高考语文真题\版本2：语文（按省份分类）2008-2024\2008-2024·（广东）语文高考真题\2008年高考语文试卷（广东）（空白卷）.pdf,papers/2008/语文/广东/广东卷/2008_语文_广东_广东卷_原卷.pdf,2
2008,语文,广西,老高考,2024,全国卷,common,全国I卷,present_common,H:\New folder\【新·PDF版】2008-2024·高考语文真题\版本2：语文（按省份分类）2008-2024\2008-2024·（广西）语文高考真题\2008年高考语文试卷（全国Ⅰ卷）（空白卷）.pdf,papers/2008/语文/全国/全国I卷/2008_语文_广西_全国I卷_原卷.pdf,2
2008,语文,海南,老高考,2020,全国卷,common,海南卷,present_common,H:\New folder\【新·PDF版】2008-2024·高考语文真题\版本2：语文（按省份分类）2008-2024\2008-2024·（海南）语文高考真题\2008年高考语文试卷（新课标）（海南宁夏）（空白卷）.pdf,papers/2008/语文/全国/海南卷/2008_语文_海南_海南卷_原卷.pdf,2
2008,语文,重庆,老高考,2021,,missing,,missing,,,0
2008,语文,四川,老高考,2025,地方/区域卷,local,四川卷,present_local,H:\New folder\【新·PDF版】2008-2024·高考语文真题\版本2：语文（按省份分类）2008-2024\2008-2024·（四川）语文高考真题\2008年高考语文试卷（四川）（空白卷）.pdf,papers/2008/语文/四川/四川卷/2008_语文_四川_四川卷_原卷.pdf,2
2008,语文,贵州,老高考,2024,全国卷,common,全国II卷,present_common,H:\New folder\【新·PDF版】2008-2024·高考语文真题\版本2：语文（按省份分类）2008-2024\2008-2024·（贵州）语文高考真题\2008年高考语文试卷（全国Ⅱ卷）（空白卷）.pdf,papers/2008/语文/全国/全国II卷/2008_语文_贵州_全国II卷_原卷.pdf,2
2008,语文,云南,老高考,2025,全国卷,common,全国II卷,present_common,H:\New folder\【新·PDF版】2008-2024·高考语文真题\版本2：语文（按省份分类）2008-2024\2008-2024·（云南）语文高考真题\2008年高考语文试卷（全国Ⅱ卷）（空白卷）.pdf,papers/2008/语文/全国/全国II卷/2008_语文_云南_全国II卷_原卷.pdf,2
2008,语文,西藏,老高考,,全国卷,common,全国II卷,present_common,H:\New folder\【新·PDF版】2008-2024·高考语文真题\版本2：语文（按省份分类）2008-2024\2008-2024·（西藏）语文高考真题\2008年高考语文试卷（全国Ⅱ卷）（空白卷）.pdf,papers/2008/语文/全国/全国II卷/2008_语文_西藏_全国II卷_原卷.pdf,2
2008,语文,陕西,老高考,2025,全国卷,common,全国II卷,present_common,H:\New folder\【新·PDF版】2008-2024·高考语文真题\版本2：语文（按省份分类）2008-2024\2008-2024·（陕西）语文高考真题\2008年高考语文试卷（全国Ⅱ卷）（空白卷）.pdf,papers/2008/语文/全国/全国II卷/2008_语文_陕西_全国II卷_原卷.pdf,2
2008,语文,甘肃,老高考,2024,全国卷,common,全国II卷,present_common,H:\New folder\【新·PDF版】2008-2024·高考语文真题\版本2：语文（按省份分类）2008-2024\2008-2024·（甘肃）语文高考真题\2008年高考语文试卷（全国Ⅱ卷）（空白卷）.pdf,papers/2008/语文/全国/全国II卷/2008_语文_甘肃_全国II卷_原卷.pdf,2
2008,语文,青海,老高考,2025,全国卷,common,全国II卷,present_common,H:\New folder\【新·PDF版】2008-2024·高考语文真题\版本2：语文（按省份分类）2008-2024\2008-2024·（青海）语文高考真题\2008年高考语文试卷（全国Ⅱ卷）（空白卷）.pdf,papers/2008/语文/全国/全国II卷/2008_语文_青海_全国II卷_原卷.pdf,2
2008,语文,宁夏,老高考,2025,全国卷,common,海南卷,present_common,H:\New folder\【新·PDF版】2008-2024·高考语文真题\版本2：语文（按省份分类）2008-2024\2008-2024·（宁夏）语文高考真题\2008年高考语文试卷（新课标）（海南宁夏）（空白卷）.pdf,papers/2008/语文/全国/海南卷/2008_语文_宁夏_海南卷_原卷.pdf,2
2008,语文,新疆,老高考,,全国卷,common,全国II卷,present_common,H:\New folder\【新·PDF版】2008-2024·高考语文真题\版本2：语文（按省份分类）2008-2024\2008-2024·（新疆）语文高考真题\2008年高考语文试卷（全国Ⅱ卷）（空白卷）.pdf,papers/2008/语文/全国/全国II卷/2008_语文_新疆_全国II卷_原卷.pdf,2
2009,语文,北京,老高考,2020,地方/区域卷,local,北京卷,present_local,H:\New folder\【新·PDF版】2008-2024·高考语文真题\版本2：语文（按省份分类）2008-2024\2008-2024·（北京）语文高考真题\2009年高考语文试卷（北京）（空白卷）.pdf,papers/2009/语文/北京/北京卷/2009_语文_北京_北京卷_原卷.pdf,2
2009,语文,天津,老高考,2020,地方/区域卷,local,天津卷,present_local,H:\New folder\【新·PDF版】2008-2024·高考语文真题\版本2：语文（按省份分类）2008-2024\2008-2023·（天津）语文高考真题\2009年高考语文试卷（天津）（空白卷） .pdf,papers/2009/语文/天津/天津卷/2009_语文_天津_天津卷_原卷.pdf,2
2009,语文,河北,老高考,2021,全国卷,common,全国I卷,present_common,H:\New folder\【新·PDF版】2008-2024·高考语文真题\版本2：语文（按省份分类）2008-2024\2008-2024·（河北）语文高考真题\2009年高考语文试卷（全国Ⅰ卷）（空白卷）.pdf,papers/2009/语文/全国/全国I卷/2009_语文_河北_全国I卷_原卷.pdf,2
2009,语文,山西,老高考,2025,全国卷,common,全国I卷,present_common,H:\New folder\【新·PDF版】2008-2024·高考语文真题\版本2：语文（按省份分类）2008-2024\2008-2024·（山西）语文高考真题\2009年高考语文试卷（全国Ⅰ卷）（空白卷）.pdf,papers/2009/语文/全国/全国I卷/2009_语文_山西_全国I卷_原卷.pdf,1
2009,语文,内蒙古,老高考,2025,全国卷,common,全国II卷,present_common,H:\New folder\【新·PDF版】2008-2024·高考语文真题\版本2：语文（按省份分类）2008-2024\2008-2024·（内蒙古）语文高考真题\2009年高考语文试卷（全国Ⅱ卷）（空白卷）.pdf,papers/2009/语文/全国/全国II卷/2009_语文_内蒙古_全国II卷_原卷.pdf,2
2009,语文,辽宁,老高考,2021,,missing,,missing,,,0
2009,语文,吉林,老高考,2024,全国卷,common,全国II卷,present_common,H:\New folder\【新·PDF版】2008-2024·高考语文真题\版本2：语文（按省份分类）2008-2024\2008-2024·（吉林）语文高考真题\2009年高考语文试卷（全国Ⅱ卷）（空白卷）.pdf,papers/2009/语文/全国/全国II卷/2009_语文_吉林_全国II卷_原卷.pdf,2
2009,语文,黑龙江,老高考,2024,全国卷,common,全国II卷,present_common,H:\New folder\【新·PDF版】2008-2024·高考语文真题\版本2：语文（按省份分类）2008-2024\2008-2024·（黑龙江）语文高考真题\2009年高考语文试卷（全国Ⅱ卷）（空白卷）.pdf,papers/2009/语文/全国/全国II卷/2009_语文_黑龙江_全国II卷_原卷.pdf,2
2009,语文,上海,老高考,2017,地方/区域卷,local,上海卷,present_local,H:\New folder\【新·PDF版】2008-2024·高考语文真题\版本2：语文（按省份分类）2008-2024\2008-2023·（上海）语文高考真题\2009年高考语文试卷（上海）（秋考）（空白卷）.pdf,papers/2009/语文/上海/上海卷/2009_语文_上海_上海卷_原卷.pdf,2
2009,语文,江苏,老高考,2021,地方/区域卷,local,江苏卷,present_local,H:\New folder\【新·PDF版】2008-2024·高考语文真题\版本2：语文（按省份分类）2008-2024\2008-2024·（江苏）语文高考真题\2009年高考语文试卷（江苏）（空白卷）.pdf,papers/2009/语文/江苏/江苏卷/2009_语文_江苏_江苏卷_原卷.pdf,2
2009,语文,浙江,老高考,2017,地方/区域卷,local,浙江卷,present_local,H:\New folder\【新·PDF版】2008-2024·高考语文真题\版本2：语文（按省份分类）2008-2024\2008-2024·（浙江）语文高考真题\2009年高考语文试卷（浙江）（空白卷）.pdf,papers/2009/语文/浙江/浙江卷/2009_语文_浙江_浙江卷_原卷.pdf,2
2009,语文,安徽,老高考,2024,,missing,,missing,,,0
2009,语文,福建,老高考,2021,,missing,,missing,,,0
2009,语文,江西,老高考,2024,,missing,,missing,,,0
2009,语文,山东,老高考,2020,地方/区域卷,local,山东卷,present_local,H:\New folder\【新·PDF版】2008-2024·高考语文真题\版本2：语文（按省份分类）2008-2024\2008-2024·（山东）语文高考真题\2009年高考语文试卷（山东）（空白卷）.pdf,papers/2009/语文/山东/山东卷/2009_语文_山东_山东卷_原卷.pdf,2
2009,语文,河南,老高考,2025,全国卷,common,全国I卷,present_common,H:\New folder\【新·PDF版】2008-2024·高考语文真题\版本2：语文（按省份分类）2008-2024\2008-2024·（河南）语文高考真题\2009年高考语文试卷（全国Ⅰ卷）（空白卷）.pdf,papers/2009/语文/全国/全国I卷/2009_语文_河南_全国I卷_原卷.pdf,2
2009,语文,湖北,老高考,2021,,missing,,missing,,,0
2009,语文,湖南,老高考,2021,地方/区域卷,local,湖南卷,present_local,H:\New folder\【新·PDF版】2008-2024·高考语文真题\版本2：语文（按省份分类）2008-2024\2008-2024·（湖南）语文高考真题\2009年高考语文试卷（湖南）（空白卷）.pdf,papers/2009/语文/湖南/湖南卷/2009_语文_湖南_湖南卷_原卷.pdf,2
2009,语文,广东,老高考,2021,地方/区域卷,local,广东卷,present_local,H:\New folder\【新·PDF版】2008-2024·高考语文真题\版本2：语文（按省份分类）2008-2024\2008-2024·（广东）语文高考真题\2009年高考语文试卷（广东）（空白卷）.pdf,papers/2009/语文/广东/广东卷/2009_语文_广东_广东卷_原卷.pdf,2
2009,语文,广西,老高考,2024,全国卷,common,全国I卷,present_common,H:\New folder\【新·PDF版】2008-2024·高考语文真题\版本2：语文（按省份分类）2008-2024\2008-2024·（广西）语文高考真题\2009年高考语文试卷（全国Ⅰ卷）（空白卷）.pdf,papers/2009/语文/全国/全国I卷/2009_语文_广西_全国I卷_原卷.pdf,2
2009,语文,海南,老高考,2020,全国卷,common,海南卷,present_common,H:\New folder\【新·PDF版】2008-2024·高考语文真题\版本2：语文（按省份分类）2008-2024\2008-2024·（海南）语文高考真题\2009年高考语文试卷（新课标）（海南宁夏）（空白卷）.pdf,papers/2009/语文/全国/海南卷/2009_语文_海南_海南卷_原卷.pdf,2
2009,语文,重庆,老高考,2021,,missing,,missing,,,0
2009,语文,四川,老高考,2025,地方/区域卷,local,四川卷,present_local,H:\New folder\【新·PDF版】2008-2024·高考语文真题\版本2：语文（按省份分类）2008-2024\2008-2024·（四川）语文高考真题\2009年高考语文试卷（四川）（空白卷）.pdf,papers/2009/语文/四川/四川卷/2009_语文_四川_四川卷_原卷.pdf,2
2009,语文,贵州,老高考,2024,全国卷,common,全国II卷,present_common,H:\New folder\【新·PDF版】2008-2024·高考语文真题\版本2：语文（按省份分类）2008-2024\2008-2024·（贵州）语文高考真题\2009年高考语文试卷（全国Ⅱ卷）（空白卷）.pdf,papers/2009/语文/全国/全国II卷/2009_语文_贵州_全国II卷_原卷.pdf,2
2009,语文,云南,老高考,2025,全国卷,common,全国II卷,present_common,H:\New folder\【新·PDF版】2008-2024·高考语文真题\版本2：语文（按省份分类）2008-2024\2008-2024·（云南）语文高考真题\2009年高考语文试卷（全国Ⅱ卷）（空白卷）.pdf,papers/2009/语文/全国/全国II卷/2009_语文_云南_全国II卷_原卷.pdf,2
2009,语文,西藏,老高考,,全国卷,common,全国II卷,present_common,H:\New folder\【新·PDF版】2008-2024·高考语文真题\版本2：语文（按省份分类）2008-2024\2008-2024·（西藏）语文高考真题\2009年高考语文试卷（全国Ⅱ卷）（空白卷）.pdf,papers/2009/语文/全国/全国II卷/2009_语文_西藏_全国II卷_原卷.pdf,2
2009,语文,陕西,老高考,2025,全国卷,common,全国II卷,present_common,H:\New folder\【新·PDF版】2008-2024·高考语文真题\版本2：语文（按省份分类）2008-2024\2008-2024·（陕西）语文高考真题\2009年高考语文试卷（全国Ⅱ卷）（空白卷）.pdf,papers/2009/语文/全国/全国II卷/2009_语文_陕西_全国II卷_原卷.pdf,2
2009,语文,甘肃,老高考,2024,全国卷,common,全国II卷,present_common,H:\New folder\【新·PDF版】2008-2024·高考语文真题\版本2：语文（按省份分类）2008-2024\2008-2024·（甘肃）语文高考真题\2009年高考语文试卷（全国Ⅱ卷）（空白卷）.pdf,papers/2009/语文/全国/全国II卷/2009_语文_甘肃_全国II卷_原卷.pdf,2
2009,语文,青海,老高考,2025,全国卷,common,全国II卷,present_common,H:\New folder\【新·PDF版】2008-2024·高考语文真题\版本2：语文（按省份分类）2008-2024\2008-2024·（青海）语文高考真题\2009年高考语文试卷（全国Ⅱ卷）（空白卷）.pdf,papers/2009/语文/全国/全国II卷/2009_语文_青海_全国II卷_原卷.pdf,2
2009,语文,宁夏,老高考,2025,全国卷,common,海南卷,present_common,H:\New folder\【新·PDF版】2008-2024·高考语文真题\版本2：语文（按省份分类）2008-2024\2008-2024·（宁夏）语文高考真题\2009年高考语文试卷（新课标）（海南宁夏）（空白卷）.pdf,papers/2009/语文/全国/海南卷/2009_语文_宁夏_海南卷_原卷.pdf,2
2009,语文,新疆,老高考,,全国卷,common,全国II卷,present_common,H:\New folder\【新·PDF版】2008-2024·高考语文真题\版本2：语文（按省份分类）2008-2024\2008-2024·（新疆）语文高考真题\2009年高考语文试卷（全国Ⅱ卷）（空白卷）.pdf,papers/2009/语文/全国/全国II卷/2009_语文_新疆_全国II卷_原卷.pdf,2
2010,语文,北京,老高考,2020,地方/区域卷,local,北京卷,present_local,H:\New folder\【新·PDF版】2008-2024·高考语文真题\版本2：语文（按省份分类）2008-2024\2008-2024·（北京）语文高考真题\2010年高考语文试卷（北京）（空白卷）.pdf,papers/2010/语文/北京/北京卷/2010_语文_北京_北京卷_原卷.pdf,2
2010,语文,天津,老高考,2020,地方/区域卷,local,天津卷,present_local,H:\New folder\【新·PDF版】2008-2024·高考语文真题\版本2：语文（按省份分类）2008-2024\2008-2023·（天津）语文高考真题\2010年高考语文试卷（天津）（空白卷） .pdf,papers/2010/语文/天津/天津卷/2010_语文_天津_天津卷_原卷.pdf,2
2010,语文,河北,老高考,2021,全国卷,common,全国I卷,present_common,H:\New folder\【新·PDF版】2008-2024·高考语文真题\版本2：语文（按省份分类）2008-2024\2008-2024·（河北）语文高考真题\2010年高考语文试卷（全国Ⅰ卷，大纲版Ⅰ）（空白卷）.pdf,papers/2010/语文/全国/全国I卷/2010_语文_河北_全国I卷_原卷.pdf,2
2010,语文,山西,老高考,2025,全国卷,common,全国I卷,present_common,H:\New folder\【新·PDF版】2008-2024·高考语文真题\版本2：语文（按省份分类）2008-2024\2008-2024·（山西）语文高考真题\2010年高考语文试卷（全国Ⅰ卷，大纲版Ⅰ）（空白卷）.pdf,papers/2010/语文/全国/全国I卷/2010_语文_山西_全国I卷_原卷.pdf,2
2010,语文,内蒙古,老高考,2025,全国卷,common,全国II卷,present_common,H:\New folder\【新·PDF版】2008-2024·高考语文真题\版本2：语文（按省份分类）2008-2024\2008-2024·（内蒙古）语文高考真题\2010年高考语文试卷（全国Ⅱ卷，大纲版Ⅱ）（空白卷）.pdf,papers/2010/语文/全国/全国II卷/2010_语文_内蒙古_全国II卷_原卷.pdf,2
2010,语文,辽宁,老高考,2021,,missing,,missing,,,0
2010,语文,吉林,老高考,2024,全国卷,common,吉林卷,present_common,H:\New folder\【新·PDF版】2008-2024·高考语文真题\版本2：语文（按省份分类）2008-2024\2008-2024·（吉林）语文高考真题\2010年高考语文试卷（新课标）（空白卷）.pdf,papers/2010/语文/全国/吉林卷/2010_语文_吉林_吉林卷_原卷.pdf,2
2010,语文,黑龙江,老高考,2024,全国卷,common,黑龙江卷,present_common,H:\New folder\【新·PDF版】2008-2024·高考语文真题\版本2：语文（按省份分类）2008-2024\2008-2024·（黑龙江）语文高考真题\2010年高考语文试卷（新课标）（空白卷）.pdf,papers/2010/语文/全国/黑龙江卷/2010_语文_黑龙江_黑龙江卷_原卷.pdf,2
2010,语文,上海,老高考,2017,地方/区域卷,local,上海卷,present_local,H:\New folder\【新·PDF版】2008-2024·高考语文真题\版本2：语文（按省份分类）2008-2024\2008-2023·（上海）语文高考真题\2010年高考语文试卷（上海）（秋考）（空白卷）.pdf,papers/2010/语文/上海/上海卷/2010_语文_上海_上海卷_原卷.pdf,2
2010,语文,江苏,老高考,2021,地方/区域卷,local,江苏卷,present_local,H:\New folder\【新·PDF版】2008-2024·高考语文真题\版本2：语文（按省份分类）2008-2024\2008-2024·（江苏）语文高考真题\2010年高考语文试卷（江苏）（空白卷）.pdf,papers/2010/语文/江苏/江苏卷/2010_语文_江苏_江苏卷_原卷.pdf,2
2010,语文,浙江,老高考,2017,地方/区域卷,local,浙江卷,present_local,H:\New folder\【新·PDF版】2008-2024·高考语文真题\版本2：语文（按省份分类）2008-2024\2008-2024·（浙江）语文高考真题\2010年高考语文试卷（浙江）（空白卷）.pdf,papers/2010/语文/浙江/浙江卷/2010_语文_浙江_浙江卷_原卷.pdf,2
2010,语文,安徽,老高考,2024,,missing,,missing,,,0
2010,语文,福建,老高考,2021,,missing,,missing,,,0
2010,语文,江西,老高考,2024,,missing,,missing,,,0
2010,语文,山东,老高考,2020,地方/区域卷,local,山东卷,present_local,H:\New folder\【新·PDF版】2008-2024·高考语文真题\版本2：语文（按省份分类）2008-2024\2008-2024·（山东）语文高考真题\2010年高考语文试卷（山东）（空白卷）.pdf,papers/2010/语文/山东/山东卷/2010_语文_山东_山东卷_原卷.pdf,2
2010,语文,河南,老高考,2025,全国卷,common,全国I卷,present_common,H:\New folder\【新·PDF版】2008-2024·高考语文真题\版本2：语文（按省份分类）2008-2024\2008-2024·（河南）语文高考真题\2010年高考语文试卷（全国Ⅰ卷，大纲版Ⅰ）（空白卷）.pdf,papers/2010/语文/全国/全国I卷/2010_语文_河南_全国I卷_原卷.pdf,2
2010,语文,湖北,老高考,2021,,missing,,missing,,,0
2010,语文,湖南,老高考,2021,地方/区域卷,local,湖南卷,present_local,H:\New folder\【新·PDF版】2008-2024·高考语文真题\版本2：语文（按省份分类）2008-2024\2008-2024·（湖南）语文高考真题\2010年高考语文试卷（湖南）（空白卷）.pdf,papers/2010/语文/湖南/湖南卷/2010_语文_湖南_湖南卷_原卷.pdf,2
2010,语文,广东,老高考,2021,地方/区域卷,local,广东卷,present_local,H:\New folder\【新·PDF版】2008-2024·高考语文真题\版本2：语文（按省份分类）2008-2024\2008-2024·（广东）语文高考真题\2010年高考语文试卷（广东）（空白卷）.pdf,papers/2010/语文/广东/广东卷/2010_语文_广东_广东卷_原卷.pdf,2
2010,语文,广西,老高考,2024,全国卷,common,全国I卷,present_common,H:\New folder\【新·PDF版】2008-2024·高考语文真题\版本2：语文（按省份分类）2008-2024\2008-2024·（广西）语文高考真题\2010年高考语文试卷（全国Ⅰ卷，大纲版Ⅰ）（空白卷）.pdf,papers/2010/语文/全国/全国I卷/2010_语文_广西_全国I卷_原卷.pdf,2
2010,语文,海南,老高考,2020,全国卷,common,海南卷,present_common,H:\New folder\【新·PDF版】2008-2024·高考语文真题\版本2：语文（按省份分类）2008-2024\2008-2024·（海南）语文高考真题\2010年高考语文试卷（新课标）（海南宁夏）（空白卷）.pdf,papers/2010/语文/全国/海南卷/2010_语文_海南_海南卷_原卷.pdf,2
2010,语文,重庆,老高考,2021,,missing,,missing,,,0
2010,语文,四川,老高考,2025,地方/区域卷,local,四川卷,present_local,H:\New folder\【新·PDF版】2008-2024·高考语文真题\版本2：语文（按省份分类）2008-2024\2008-2024·（四川）语文高考真题\2010年高考语文试卷（四川）（空白卷）.pdf,papers/2010/语文/四川/四川卷/2010_语文_四川_四川卷_原卷.pdf,2
2010,语文,贵州,老高考,2024,全国卷,common,全国II卷,present_common,H:\New folder\【新·PDF版】2008-2024·高考语文真题\版本2：语文（按省份分类）2008-2024\2008-2024·（贵州）语文高考真题\2010年高考语文试卷（全国Ⅱ卷，大纲版Ⅱ）（空白卷）.pdf,papers/2010/语文/全国/全国II卷/2010_语文_贵州_全国II卷_原卷.pdf,2
2010,语文,云南,老高考,2025,全国卷,common,全国II卷,present_common,H:\New folder\【新·PDF版】2008-2024·高考语文真题\版本2：语文（按省份分类）2008-2024\2008-2024·（云南）语文高考真题\2010年高考语文试卷（全国Ⅱ卷，大纲版Ⅱ）（空白卷）.pdf,papers/2010/语文/全国/全国II卷/2010_语文_云南_全国II卷_原卷.pdf,2
2010,语文,西藏,老高考,,全国卷,common,全国II卷,present_common,H:\New folder\【新·PDF版】2008-2024·高考语文真题\版本2：语文（按省份分类）2008-2024\2008-2024·（西藏）语文高考真题\2010年高考语文试卷（全国Ⅱ卷，大纲版Ⅱ）（空白卷）.pdf,papers/2010/语文/全国/全国II卷/2010_语文_西藏_全国II卷_原卷.pdf,2
2010,语文,陕西,老高考,2025,全国卷,common,全国II卷,present_common,H:\New folder\【新·PDF版】2008-2024·高考语文真题\版本2：语文（按省份分类）2008-2024\2008-2024·（陕西）语文高考真题\2010年高考语文试卷（全国Ⅱ卷，大纲版Ⅱ）（空白卷）.pdf,papers/2010/语文/全国/全国II卷/2010_语文_陕西_全国II卷_原卷.pdf,2
2010,语文,甘肃,老高考,2024,全国卷,common,全国II卷,present_common,H:\New folder\【新·PDF版】2008-2024·高考语文真题\版本2：语文（按省份分类）2008-2024\2008-2024·（甘肃）语文高考真题\2010年高考语文试卷（全国Ⅱ卷，大纲版Ⅱ）（空白卷）.pdf,papers/2010/语文/全国/全国II卷/2010_语文_甘肃_全国II卷_原卷.pdf,2
2010,语文,青海,老高考,2025,全国卷,common,全国II卷,present_common,H:\New folder\【新·PDF版】2008-2024·高考语文真题\版本2：语文（按省份分类）2008-2024\2008-2024·（青海）语文高考真题\2010年高考语文试卷（全国Ⅱ卷，大纲版Ⅱ）（空白卷）.pdf,papers/2010/语文/全国/全国II卷/2010_语文_青海_全国II卷_原卷.pdf,2
2010,语文,宁夏,老高考,2025,全国卷,common,海南卷,present_common,H:\New folder\【新·PDF版】2008-2024·高考语文真题\版本2：语文（按省份分类）2008-2024\2008-2024·（宁夏）语文高考真题\2010年高考语文试卷（新课标）（海南宁夏）（空白卷）.pdf,papers/2010/语文/全国/海南卷/2010_语文_宁夏_海南卷_原卷.pdf,2
2010,语文,新疆,老高考,,全国卷,common,全国II卷,present_common,H:\New folder\【新·PDF版】2008-2024·高考语文真题\版本2：语文（按省份分类）2008-2024\2008-2024·（新疆）语文高考真题\2010年高考语文试卷（全国Ⅱ卷，大纲版Ⅱ）（空白卷）.pdf,papers/2010/语文/全国/全国II卷/2010_语文_新疆_全国II卷_原卷.pdf,2
2011,语文,北京,老高考,2020,地方/区域卷,local,北京卷,present_local,H:\New folder\【新·PDF版】2008-2024·高考语文真题\版本2：语文（按省份分类）2008-2024\2008-2024·（北京）语文高考真题\2011年高考语文试卷（北京）（空白卷）.pdf,papers/2011/语文/北京/北京卷/2011_语文_北京_北京卷_原卷.pdf,2
2011,语文,天津,老高考,2020,地方/区域卷,local,天津卷,present_local,H:\New folder\【新·PDF版】2008-2024·高考语文真题\版本2：语文（按省份分类）2008-2024\2008-2023·（天津）语文高考真题\2011年高考语文试卷（天津）（空白卷） .pdf,papers/2011/语文/天津/天津卷/2011_语文_天津_天津卷_原卷.pdf,2
2011,语文,河北,老高考,2021,全国卷,common,全国II卷,present_common,H:\New folder\【新·PDF版】2008-2024·高考语文真题\版本2：语文（按省份分类）2008-2024\2008-2024·（河北）语文高考真题\2011年高考语文试卷（大纲版，全国Ⅱ卷）（空白卷） .pdf,papers/2011/语文/全国/全国II卷/2011_语文_河北_全国II卷_原卷.pdf,2
2011,语文,山西,老高考,2025,全国卷,common,全国II卷,present_common,H:\New folder\【新·PDF版】2008-2024·高考语文真题\版本2：语文（按省份分类）2008-2024\2008-2024·（山西）语文高考真题\2011年高考语文试卷（大纲版，全国Ⅱ卷）（空白卷） .pdf,papers/2011/语文/全国/全国II卷/2011_语文_山西_全国II卷_原卷.pdf,2
2011,语文,内蒙古,老高考,2025,全国卷,common,全国II卷,present_common,H:\New folder\【新·PDF版】2008-2024·高考语文真题\版本2：语文（按省份分类）2008-2024\2008-2024·（内蒙古）语文高考真题\2011年高考语文试卷（大纲版，全国Ⅱ卷）（空白卷） .pdf,papers/2011/语文/全国/全国II卷/2011_语文_内蒙古_全国II卷_原卷.pdf,2
2011,语文,辽宁,老高考,2021,,missing,,missing,,,0
2011,语文,吉林,老高考,2024,全国卷,common,吉林卷,present_common,H:\New folder\【新·PDF版】2008-2024·高考语文真题\版本2：语文（按省份分类）2008-2024\2008-2024·（吉林）语文高考真题\2011年高考语文试卷（新课标）（空白卷）.pdf,papers/2011/语文/全国/吉林卷/2011_语文_吉林_吉林卷_原卷.pdf,2
2011,语文,黑龙江,老高考,2024,全国卷,common,黑龙江卷,present_common,H:\New folder\【新·PDF版】2008-2024·高考语文真题\版本2：语文（按省份分类）2008-2024\2008-2024·（黑龙江）语文高考真题\2011年高考语文试卷（新课标）（空白卷）.pdf,papers/2011/语文/全国/黑龙江卷/2011_语文_黑龙江_黑龙江卷_原卷.pdf,2
2011,语文,上海,老高考,2017,地方/区域卷,local,上海卷,present_local,H:\New folder\【新·PDF版】2008-2024·高考语文真题\版本2：语文（按省份分类）2008-2024\2008-2023·（上海）语文高考真题\2011年高考语文试卷（上海）（秋考）（空白卷）.pdf,papers/2011/语文/上海/上海卷/2011_语文_上海_上海卷_原卷.pdf,2
2011,语文,江苏,老高考,2021,地方/区域卷,local,江苏卷,present_local,H:\New folder\【新·PDF版】2008-2024·高考语文真题\版本2：语文（按省份分类）2008-2024\2008-2024·（江苏）语文高考真题\2011年高考语文试卷（江苏）（空白卷）.pdf,papers/2011/语文/江苏/江苏卷/2011_语文_江苏_江苏卷_原卷.pdf,2
2011,语文,浙江,老高考,2017,地方/区域卷,local,浙江卷,present_local,H:\New folder\【新·PDF版】2008-2024·高考语文真题\版本2：语文（按省份分类）2008-2024\2008-2024·（浙江）语文高考真题\2011年高考语文试卷（浙江）（空白卷）.pdf,papers/2011/语文/浙江/浙江卷/2011_语文_浙江_浙江卷_原卷.pdf,2
2011,语文,安徽,老高考,2024,,missing,,missing,,,0
2011,语文,福建,老高考,2021,,missing,,missing,,,0
2011,语文,江西,老高考,2024,,missing,,missing,,,0
2011,语文,山东,老高考,2020,地方/区域卷,local,山东卷,present_local,H:\New folder\【新·PDF版】2008-2024·高考语文真题\版本2：语文（按省份分类）2008-2024\2008-2024·（山东）语文高考真题\2011年高考语文试卷（山东）（空白卷）.pdf,papers/2011/语文/山东/山东卷/2011_语文_山东_山东卷_原卷.pdf,2
2011,语文,河南,老高考,2025,全国卷,common,河南卷,present_common,H:\New folder\【新·PDF版】2008-2024·高考语文真题\版本2：语文（按省份分类）2008-2024\2008-2024·（河南）语文高考真题\2011年高考语文试卷（新课标）（空白卷）.pdf,papers/2011/语文/全国/河南卷/2011_语文_河南_河南卷_原卷.pdf,2
2011,语文,湖北,老高考,2021,,missing,,missing,,,0
2011,语文,湖南,老高考,2021,地方/区域卷,local,湖南卷,present_local,H:\New folder\【新·PDF版】2008-2024·高考语文真题\版本2：语文（按省份分类）2008-2024\2008-2024·（湖南）语文高考真题\2011年高考语文试卷（湖南）（空白卷）.pdf,papers/2011/语文/湖南/湖南卷/2011_语文_湖南_湖南卷_原卷.pdf,2
2011,语文,广东,老高考,2021,地方/区域卷,local,广东卷,present_local,H:\New folder\【新·PDF版】2008-2024·高考语文真题\版本2：语文（按省份分类）2008-2024\2008-2024·（广东）语文高考真题\2011年高考语文试卷（广东）（空白卷）.pdf,papers/2011/语文/广东/广东卷/2011_语文_广东_广东卷_原卷.pdf,2
2011,语文,广西,老高考,2024,全国卷,common,广西卷,present_common,H:\New folder\【新·PDF版】2008-2024·高考语文真题\版本2：语文（按省份分类）2008-2024\2008-2024·（广西）语文高考真题\2011年高考语文试卷（新课标）（空白卷）.pdf,papers/2011/语文/全国/广西卷/2011_语文_广西_广西卷_原卷.pdf,2
2011,语文,海南,老高考,2020,全国卷,common,海南卷,present_common,H:\New folder\【新·PDF版】2008-2024·高考语文真题\版本2：语文（按省份分类）2008-2024\2008-2024·（海南）语文高考真题\2011年高考语文试卷（新课标）（空白卷）.pdf,papers/2011/语文/全国/海南卷/2011_语文_海南_海南卷_原卷.pdf,2
2011,语文,重庆,老高考,2021,,missing,,missing,,,0
2011,语文,四川,老高考,2025,地方/区域卷,local,四川卷,present_local,H:\New folder\【新·PDF版】2008-2024·高考语文真题\版本2：语文（按省份分类）2008-2024\2008-2024·（四川）语文高考真题\2011年高考语文试卷（四川）（空白卷）.pdf,papers/2011/语文/四川/四川卷/2011_语文_四川_四川卷_原卷.pdf,2
2011,语文,贵州,老高考,2024,全国卷,common,全国II卷,present_common,H:\New folder\【新·PDF版】2008-2024·高考语文真题\版本2：语文（按省份分类）2008-2024\2008-2024·（贵州）语文高考真题\2011年高考语文试卷（大纲版，全国Ⅱ卷）（空白卷） .pdf,papers/2011/语文/全国/全国II卷/2011_语文_贵州_全国II卷_原卷.pdf,2
2011,语文,云南,老高考,2025,全国卷,common,云南卷,present_common,H:\New folder\【新·PDF版】2008-2024·高考语文真题\版本2：语文（按省份分类）2008-2024\2008-2024·（云南）语文高考真题\2011年高考语文试卷（新课标）（空白卷）.pdf,papers/2011/语文/全国/云南卷/2011_语文_云南_云南卷_原卷.pdf,2
2011,语文,西藏,老高考,,全国卷,common,全国II卷,present_common,H:\New folder\【新·PDF版】2008-2024·高考语文真题\版本2：语文（按省份分类）2008-2024\2008-2024·（西藏）语文高考真题\2011年高考语文试卷（大纲版，全国Ⅱ卷）（空白卷） .pdf,papers/2011/语文/全国/全国II卷/2011_语文_西藏_全国II卷_原卷.pdf,2
2011,语文,陕西,老高考,2025,全国卷,common,陕西卷,present_common,H:\New folder\【新·PDF版】2008-2024·高考语文真题\版本2：语文（按省份分类）2008-2024\2008-2024·（陕西）语文高考真题\2011年高考语文试卷（新课标）（空白卷）.pdf,papers/2011/语文/全国/陕西卷/2011_语文_陕西_陕西卷_原卷.pdf,2
2011,语文,甘肃,老高考,2024,全国卷,common,甘肃卷,present_common,H:\New folder\【新·PDF版】2008-2024·高考语文真题\版本2：语文（按省份分类）2008-2024\2008-2024·（甘肃）语文高考真题\2011年高考语文试卷（新课标）（空白卷）.pdf,papers/2011/语文/全国/甘肃卷/2011_语文_甘肃_甘肃卷_原卷.pdf,1
2011,语文,青海,老高考,2025,全国卷,common,全国II卷,present_common,H:\New folder\【新·PDF版】2008-2024·高考语文真题\版本2：语文（按省份分类）2008-2024\2008-2024·（青海）语文高考真题\2011年高考语文试卷（大纲版，全国Ⅱ卷）（空白卷） .pdf,papers/2011/语文/全国/全国II卷/2011_语文_青海_全国II卷_原卷.pdf,2
2011,语文,宁夏,老高考,2025,全国卷,common,宁夏卷,present_common,H:\New folder\【新·PDF版】2008-2024·高考语文真题\版本2：语文（按省份分类）2008-2024\2008-2024·（宁夏）语文高考真题\2011年高考语文试卷（新课标）（空白卷）.pdf,papers/2011/语文/全国/宁夏卷/2011_语文_宁夏_宁夏卷_原卷.pdf,2
2011,语文,新疆,老高考,,全国卷,common,新疆卷,present_common,H:\New folder\【新·PDF版】2008-2024·高考语文真题\版本2：语文（按省份分类）2008-2024\2008-2024·（新疆）语文高考真题\2011年高考语文试卷（新课标）（空白卷）.pdf,papers/2011/语文/全国/新疆卷/2011_语文_新疆_新疆卷_原卷.pdf,2
2012,语文,北京,老高考,2020,地方/区域卷,local,北京卷,present_local,H:\New folder\【新·PDF版】2008-2024·高考语文真题\版本2：语文（按省份分类）2008-2024\2008-2024·（北京）语文高考真题\2012年高考语文试卷（北京）（空白卷）.pdf,papers/2012/语文/北京/北京卷/2012_语文_北京_北京卷_原卷.pdf,2
2012,语文,天津,老高考,2020,地方/区域卷,local,天津卷,present_local,H:\New folder\【新·PDF版】2008-2024·高考语文真题\版本2：语文（按省份分类）2008-2024\2008-2023·（天津）语文高考真题\2012年高考语文试卷（天津）（空白卷）.pdf,papers/2012/语文/天津/天津卷/2012_语文_天津_天津卷_原卷.pdf,2
2012,语文,河北,老高考,2021,全国卷,common,河北卷,present_common,H:\New folder\【新·PDF版】2008-2024·高考语文真题\版本2：语文（按省份分类）2008-2024\2008-2024·（河北）语文高考真题\2012年高考语文试卷（新课标）（空白卷）.pdf,papers/2012/语文/全国/河北卷/2012_语文_河北_河北卷_原卷.pdf,2
2012,语文,山西,老高考,2025,全国卷,common,山西卷,present_common,H:\New folder\【新·PDF版】2008-2024·高考语文真题\版本2：语文（按省份分类）2008-2024\2008-2024·（山西）语文高考真题\2012年高考语文试卷（新课标）（空白卷）.pdf,papers/2012/语文/全国/山西卷/2012_语文_山西_山西卷_原卷.pdf,2
2012,语文,内蒙古,老高考,2025,全国卷,common,内蒙古卷,present_common,H:\New folder\【新·PDF版】2008-2024·高考语文真题\版本2：语文（按省份分类）2008-2024\2008-2024·（内蒙古）语文高考真题\2012年高考语文试卷（新课标）（空白卷）.pdf,papers/2012/语文/全国/内蒙古卷/2012_语文_内蒙古_内蒙古卷_原卷.pdf,2
2012,语文,辽宁,老高考,2021,地方/区域卷,local,辽宁卷,present_local,H:\New folder\【新·PDF版】2008-2024·高考语文真题\版本2：语文（按省份分类）2008-2024\2012-2024·（辽宁）语文高考真题\2012年高考语文试卷（辽宁）（空白卷）.pdf,papers/2012/语文/辽宁/辽宁卷/2012_语文_辽宁_辽宁卷_原卷.pdf,2
2012,语文,吉林,老高考,2024,全国卷,common,吉林卷,present_common,H:\New folder\【新·PDF版】2008-2024·高考语文真题\版本2：语文（按省份分类）2008-2024\2008-2024·（吉林）语文高考真题\2012年高考语文试卷（新课标）（空白卷）.pdf,papers/2012/语文/全国/吉林卷/2012_语文_吉林_吉林卷_原卷.pdf,2
2012,语文,黑龙江,老高考,2024,全国卷,common,黑龙江卷,present_common,H:\New folder\【新·PDF版】2008-2024·高考语文真题\版本2：语文（按省份分类）2008-2024\2008-2024·（黑龙江）语文高考真题\2012年高考语文试卷（新课标）（空白卷）.pdf,papers/2012/语文/全国/黑龙江卷/2012_语文_黑龙江_黑龙江卷_原卷.pdf,2
2012,语文,上海,老高考,2017,地方/区域卷,local,上海卷,present_local,H:\New folder\【新·PDF版】2008-2024·高考语文真题\版本2：语文（按省份分类）2008-2024\2008-2023·（上海）语文高考真题\2012年高考语文试卷（上海）（秋考）（答案卷）.pdf,papers/2012/语文/上海/上海卷/2012_语文_上海_上海卷_原卷.pdf,1
2012,语文,江苏,老高考,2021,地方/区域卷,local,江苏卷,present_local,H:\New folder\【新·PDF版】2008-2024·高考语文真题\版本2：语文（按省份分类）2008-2024\2008-2024·（江苏）语文高考真题\2012年高考语文试卷（江苏）（空白卷）.pdf,papers/2012/语文/江苏/江苏卷/2012_语文_江苏_江苏卷_原卷.pdf,2
2012,语文,浙江,老高考,2017,地方/区域卷,local,浙江卷,present_local,H:\New folder\【新·PDF版】2008-2024·高考语文真题\版本2：语文（按省份分类）2008-2024\2008-2024·（浙江）语文高考真题\2012年高考语文试卷（浙江）（空白卷）.pdf,papers/2012/语文/浙江/浙江卷/2012_语文_浙江_浙江卷_原卷.pdf,2
2012,语文,安徽,老高考,2024,地方/区域卷,local,安徽卷,present_local,H:\New folder\【新·PDF版】2008-2024·高考语文真题\版本2：语文（按省份分类）2008-2024\2012-2024·（安徽）语文高考真题\2012年高考语文试卷（安徽）（空白卷）.pdf,papers/2012/语文/安徽/安徽卷/2012_语文_安徽_安徽卷_原卷.pdf,2
2012,语文,福建,老高考,2021,地方/区域卷,local,福建卷,present_local,H:\New folder\【新·PDF版】2008-2024·高考语文真题\版本2：语文（按省份分类）2008-2024\2012-2024·（福建）语文高考真题\2012年高考语文试卷（福建）（空白卷）.pdf,papers/2012/语文/福建/福建卷/2012_语文_福建_福建卷_原卷.pdf,2
2012,语文,江西,老高考,2024,地方/区域卷,local,江西卷,present_local,H:\New folder\【新·PDF版】2008-2024·高考语文真题\版本2：语文（按省份分类）2008-2024\2012-2024·（江西）语文高考真题\2012年高考语文试卷（江西）（空白卷）.pdf,papers/2012/语文/江西/江西卷/2012_语文_江西_江西卷_原卷.pdf,2
2012,语文,山东,老高考,2020,地方/区域卷,local,山东卷,present_local,H:\New folder\【新·PDF版】2008-2024·高考语文真题\版本2：语文（按省份分类）2008-2024\2008-2024·（山东）语文高考真题\2012年高考语文试卷（山东）（空白卷）.pdf,papers/2012/语文/山东/山东卷/2012_语文_山东_山东卷_原卷.pdf,2
2012,语文,河南,老高考,2025,全国卷,common,河南卷,present_common,H:\New folder\【新·PDF版】2008-2024·高考语文真题\版本2：语文（按省份分类）2008-2024\2008-2024·（河南）语文高考真题\2012年高考语文试卷（新课标）（空白卷）.pdf,papers/2012/语文/全国/河南卷/2012_语文_河南_河南卷_原卷.pdf,2
2012,语文,湖北,老高考,2021,地方/区域卷,local,湖北卷,present_local,H:\New folder\【新·PDF版】2008-2024·高考语文真题\版本2：语文（按省份分类）2008-2024\2012-2024·（湖北）语文高考真题\2012年高考语文试卷（湖北）（解析卷）.pdf,papers/2012/语文/湖北/湖北卷/2012_语文_湖北_湖北卷_原卷.pdf,1
2012,语文,湖南,老高考,2021,地方/区域卷,local,湖南卷,present_local,H:\New folder\【新·PDF版】2008-2024·高考语文真题\版本2：语文（按省份分类）2008-2024\2008-2024·（湖南）语文高考真题\2012年高考语文试卷（湖南）（空白卷）.pdf,papers/2012/语文/湖南/湖南卷/2012_语文_湖南_湖南卷_原卷.pdf,2
2012,语文,广东,老高考,2021,地方/区域卷,local,广东卷,present_local,H:\New folder\【新·PDF版】2008-2024·高考语文真题\版本2：语文（按省份分类）2008-2024\2008-2024·（广东）语文高考真题\2012年高考语文试卷（广东）（空白卷）.pdf,papers/2012/语文/广东/广东卷/2012_语文_广东_广东卷_原卷.pdf,2
2012,语文,广西,老高考,2024,地方/区域卷,local,广西卷,present_local,H:\New folder\【新·PDF版】2008-2024·高考语文真题\版本2：语文（按省份分类）2008-2024\2008-2024·（广西）语文高考真题\2012年高考语文试卷（大纲版）（空白卷）.pdf,papers/2012/语文/广西/广西卷/2012_语文_广西_广西卷_原卷.pdf,2
2012,语文,海南,老高考,2020,全国卷,common,海南卷,present_common,H:\New folder\【新·PDF版】2008-2024·高考语文真题\版本2：语文（按省份分类）2008-2024\2008-2024·（海南）语文高考真题\2012年高考语文试卷（新课标）（空白卷）.pdf,papers/2012/语文/全国/海南卷/2012_语文_海南_海南卷_原卷.pdf,2
2012,语文,重庆,老高考,2021,地方/区域卷,local,重庆卷,present_local,H:\New folder\【新·PDF版】2008-2024·高考语文真题\版本2：语文（按省份分类）2008-2024\2012-2024·（重庆）语文高考真题\2012年高考语文试卷（重庆）（空白卷）.pdf,papers/2012/语文/重庆/重庆卷/2012_语文_重庆_重庆卷_原卷.pdf,2
2012,语文,四川,老高考,2025,地方/区域卷,local,四川卷,present_local,H:\New folder\【新·PDF版】2008-2024·高考语文真题\版本2：语文（按省份分类）2008-2024\2008-2024·（四川）语文高考真题\2012年高考语文试卷（四川）（空白卷）.pdf,papers/2012/语文/四川/四川卷/2012_语文_四川_四川卷_原卷.pdf,2
2012,语文,贵州,老高考,2024,地方/区域卷,local,贵州卷,present_local,H:\New folder\【新·PDF版】2008-2024·高考语文真题\版本2：语文（按省份分类）2008-2024\2008-2024·（贵州）语文高考真题\2012年高考语文试卷（大纲版）（空白卷）.pdf,papers/2012/语文/贵州/贵州卷/2012_语文_贵州_贵州卷_原卷.pdf,2
2012,语文,云南,老高考,2025,全国卷,common,云南卷,present_common,H:\New folder\【新·PDF版】2008-2024·高考语文真题\版本2：语文（按省份分类）2008-2024\2008-2024·（云南）语文高考真题\2012年高考语文试卷（新课标）（空白卷）.pdf,papers/2012/语文/全国/云南卷/2012_语文_云南_云南卷_原卷.pdf,2
2012,语文,西藏,老高考,,地方/区域卷,local,西藏卷,present_local,H:\New folder\【新·PDF版】2008-2024·高考语文真题\版本2：语文（按省份分类）2008-2024\2008-2024·（西藏）语文高考真题\2012年高考语文试卷（大纲版）（空白卷）.pdf,papers/2012/语文/西藏/西藏卷/2012_语文_西藏_西藏卷_原卷.pdf,2
2012,语文,陕西,老高考,2025,全国卷,common,陕西卷,present_common,H:\New folder\【新·PDF版】2008-2024·高考语文真题\版本2：语文（按省份分类）2008-2024\2008-2024·（陕西）语文高考真题\2012年高考语文试卷（新课标）（空白卷）.pdf,papers/2012/语文/全国/陕西卷/2012_语文_陕西_陕西卷_原卷.pdf,2
2012,语文,甘肃,老高考,2024,地方/区域卷,local,甘肃卷,present_local,H:\New folder\【新·PDF版】2008-2024·高考语文真题\版本2：语文（按省份分类）2008-2024\2008-2024·（甘肃）语文高考真题\2012年高考语文试卷（大纲版）（空白卷）.pdf,papers/2012/语文/甘肃/甘肃卷/2012_语文_甘肃_甘肃卷_原卷.pdf,2
2012,语文,青海,老高考,2025,地方/区域卷,local,青海卷,present_local,H:\New folder\【新·PDF版】2008-2024·高考语文真题\版本2：语文（按省份分类）2008-2024\2008-2024·（青海）语文高考真题\2012年高考语文试卷（大纲版）（空白卷）.pdf,papers/2012/语文/青海/青海卷/2012_语文_青海_青海卷_原卷.pdf,2
2012,语文,宁夏,老高考,2025,全国卷,common,宁夏卷,present_common,H:\New folder\【新·PDF版】2008-2024·高考语文真题\版本2：语文（按省份分类）2008-2024\2008-2024·（宁夏）语文高考真题\2012年高考语文试卷（新课标）（空白卷）.pdf,papers/2012/语文/全国/宁夏卷/2012_语文_宁夏_宁夏卷_原卷.pdf,2
2012,语文,新疆,老高考,,全国卷,common,新疆卷,present_common,H:\New folder\【新·PDF版】2008-2024·高考语文真题\版本2：语文（按省份分类）2008-2024\2008-2024·（新疆）语文高考真题\2012年高考语文试卷（新课标）（空白卷）.pdf,papers/2012/语文/全国/新疆卷/2012_语文_新疆_新疆卷_原卷.pdf,2
2013,语文,北京,老高考,2020,地方/区域卷,local,北京卷,present_local,H:\New folder\【新·PDF版】2008-2024·高考语文真题\版本2：语文（按省份分类）2008-2024\2008-2024·（北京）语文高考真题\2013年高考语文试卷（北京）（空白卷）.pdf,papers/2013/语文/北京/北京卷/2013_语文_北京_北京卷_原卷.pdf,2
2013,语文,天津,老高考,2020,地方/区域卷,local,天津卷,present_local,H:\New folder\【新·PDF版】2008-2024·高考语文真题\版本2：语文（按省份分类）2008-2024\2008-2023·（天津）语文高考真题\2013年高考语文试卷（天津）（空白卷）.pdf,papers/2013/语文/天津/天津卷/2013_语文_天津_天津卷_原卷.pdf,2
2013,语文,河北,老高考,2021,全国卷,common,新课标全国I卷,present_common,H:\New folder\【新·PDF版】2008-2024·高考语文真题\版本2：语文（按省份分类）2008-2024\2008-2024·（河北）语文高考真题\2013年高考语文试卷（新课标Ⅰ卷）（空白卷）.pdf,papers/2013/语文/全国/新课标全国I卷/2013_语文_河北_新课标全国I卷_原卷.pdf,2
2013,语文,山西,老高考,2025,全国卷,common,新课标全国I卷,present_common,H:\New folder\【新·PDF版】2008-2024·高考语文真题\版本2：语文（按省份分类）2008-2024\2008-2024·（山西）语文高考真题\2013年高考语文试卷（新课标Ⅰ卷）（空白卷）.pdf,papers/2013/语文/全国/新课标全国I卷/2013_语文_山西_新课标全国I卷_原卷.pdf,2
2013,语文,内蒙古,老高考,2025,全国卷,common,新课标全国II卷,present_common,H:\New folder\【新·PDF版】2008-2024·高考语文真题\版本2：语文（按省份分类）2008-2024\2008-2024·（内蒙古）语文高考真题\2013年高考语文试卷（新课标Ⅱ卷）（空白卷）.pdf,papers/2013/语文/全国/新课标全国II卷/2013_语文_内蒙古_新课标全国II卷_原卷.pdf,2
2013,语文,辽宁,老高考,2021,地方/区域卷,local,辽宁卷,present_local,H:\New folder\【新·PDF版】2008-2024·高考语文真题\版本2：语文（按省份分类）2008-2024\2012-2024·（辽宁）语文高考真题\2013年高考语文试卷（辽宁）（空白卷）.pdf,papers/2013/语文/辽宁/辽宁卷/2013_语文_辽宁_辽宁卷_原卷.pdf,2
2013,语文,吉林,老高考,2024,全国卷,common,新课标全国II卷,present_common,H:\New folder\【新·PDF版】2008-2024·高考语文真题\版本2：语文（按省份分类）2008-2024\2008-2024·（吉林）语文高考真题\2013年高考语文试卷（新课标Ⅱ卷）（空白卷）.pdf,papers/2013/语文/全国/新课标全国II卷/2013_语文_吉林_新课标全国II卷_原卷.pdf,1
2013,语文,黑龙江,老高考,2024,全国卷,common,新课标全国II卷,present_common,H:\New folder\【新·PDF版】2008-2024·高考语文真题\版本2：语文（按省份分类）2008-2024\2008-2024·（黑龙江）语文高考真题\2013年高考语文试卷（新课标Ⅱ卷）（空白卷）.pdf,papers/2013/语文/全国/新课标全国II卷/2013_语文_黑龙江_新课标全国II卷_原卷.pdf,2
2013,语文,上海,老高考,2017,地方/区域卷,local,上海卷,present_local,H:\New folder\【新·PDF版】2008-2024·高考语文真题\版本2：语文（按省份分类）2008-2024\2008-2023·（上海）语文高考真题\2013年高考语文试卷（上海）（秋考）（空白卷）.pdf,papers/2013/语文/上海/上海卷/2013_语文_上海_上海卷_原卷.pdf,2
2013,语文,江苏,老高考,2021,地方/区域卷,local,江苏卷,present_local,H:\New folder\【新·PDF版】2008-2024·高考语文真题\版本2：语文（按省份分类）2008-2024\2008-2024·（江苏）语文高考真题\2013年高考语文试卷（江苏）（空白卷）   .pdf,papers/2013/语文/江苏/江苏卷/2013_语文_江苏_江苏卷_原卷.pdf,2
2013,语文,浙江,老高考,2017,地方/区域卷,local,浙江卷,present_local,H:\New folder\【新·PDF版】2008-2024·高考语文真题\版本2：语文（按省份分类）2008-2024\2008-2024·（浙江）语文高考真题\2013年高考语文试卷（浙江）（空白卷）.pdf,papers/2013/语文/浙江/浙江卷/2013_语文_浙江_浙江卷_原卷.pdf,2
2013,语文,安徽,老高考,2024,地方/区域卷,local,安徽卷,present_local,H:\New folder\【新·PDF版】2008-2024·高考语文真题\版本2：语文（按省份分类）2008-2024\2012-2024·（安徽）语文高考真题\2013年高考语文试卷（安徽）（空白卷）.pdf,papers/2013/语文/安徽/安徽卷/2013_语文_安徽_安徽卷_原卷.pdf,1
2013,语文,福建,老高考,2021,地方/区域卷,local,福建卷,present_local,H:\New folder\【新·PDF版】2008-2024·高考语文真题\版本2：语文（按省份分类）2008-2024\2012-2024·（福建）语文高考真题\2013年高考语文试卷（福建）（空白卷）.pdf,papers/2013/语文/福建/福建卷/2013_语文_福建_福建卷_原卷.pdf,2
2013,语文,江西,老高考,2024,地方/区域卷,local,江西卷,present_local,H:\New folder\【新·PDF版】2008-2024·高考语文真题\版本2：语文（按省份分类）2008-2024\2012-2024·（江西）语文高考真题\2013年高考语文试卷（江西）（空白卷）.pdf,papers/2013/语文/江西/江西卷/2013_语文_江西_江西卷_原卷.pdf,2
2013,语文,山东,老高考,2020,地方/区域卷,local,山东卷,present_local,H:\New folder\【新·PDF版】2008-2024·高考语文真题\版本2：语文（按省份分类）2008-2024\2008-2024·（山东）语文高考真题\2013年高考语文试卷（山东）（空白卷）.pdf,papers/2013/语文/山东/山东卷/2013_语文_山东_山东卷_原卷.pdf,2
2013,语文,河南,老高考,2025,全国卷,common,新课标全国I卷,present_common,H:\New folder\【新·PDF版】2008-2024·高考语文真题\版本2：语文（按省份分类）2008-2024\2008-2024·（河南）语文高考真题\2013年高考语文试卷（新课标Ⅰ卷）（空白卷）.pdf,papers/2013/语文/全国/新课标全国I卷/2013_语文_河南_新课标全国I卷_原卷.pdf,2
2013,语文,湖北,老高考,2021,地方/区域卷,local,湖北卷,present_local,H:\New folder\【新·PDF版】2008-2024·高考语文真题\版本2：语文（按省份分类）2008-2024\2012-2024·（湖北）语文高考真题\2013年高考语文试卷（湖北）（空白卷）.pdf,papers/2013/语文/湖北/湖北卷/2013_语文_湖北_湖北卷_原卷.pdf,2
2013,语文,湖南,老高考,2021,地方/区域卷,local,湖南卷,present_local,H:\New folder\【新·PDF版】2008-2024·高考语文真题\版本2：语文（按省份分类）2008-2024\2008-2024·（湖南）语文高考真题\2013年高考语文试卷（湖南）（空白卷）.pdf,papers/2013/语文/湖南/湖南卷/2013_语文_湖南_湖南卷_原卷.pdf,2
2013,语文,广东,老高考,2021,地方/区域卷,local,广东卷,present_local,H:\New folder\【新·PDF版】2008-2024·高考语文真题\版本2：语文（按省份分类）2008-2024\2008-2024·（广东）语文高考真题\2013年高考语文试卷（广东）（空白卷）.pdf,papers/2013/语文/广东/广东卷/2013_语文_广东_广东卷_原卷.pdf,2
2013,语文,广西,老高考,2024,全国卷,common,新课标全国II卷,present_common,H:\New folder\【新·PDF版】2008-2024·高考语文真题\版本2：语文（按省份分类）2008-2024\2008-2024·（广西）语文高考真题\2013年高考语文试卷（新课标Ⅱ卷）（空白卷）.pdf,papers/2013/语文/全国/新课标全国II卷/2013_语文_广西_新课标全国II卷_原卷.pdf,2
2013,语文,海南,老高考,2020,全国卷,common,新课标全国II卷,present_common,H:\New folder\【新·PDF版】2008-2024·高考语文真题\版本2：语文（按省份分类）2008-2024\2008-2024·（海南）语文高考真题\2013年高考语文试卷（新课标Ⅱ卷）（空白卷）.pdf,papers/2013/语文/全国/新课标全国II卷/2013_语文_海南_新课标全国II卷_原卷.pdf,2
2013,语文,重庆,老高考,2021,地方/区域卷,local,重庆卷,present_local,H:\New folder\【新·PDF版】2008-2024·高考语文真题\版本2：语文（按省份分类）2008-2024\2012-2024·（重庆）语文高考真题\2013年高考语文试卷（重庆）（空白卷）.pdf,papers/2013/语文/重庆/重庆卷/2013_语文_重庆_重庆卷_原卷.pdf,2
2013,语文,四川,老高考,2025,地方/区域卷,local,四川卷,present_local,H:\New folder\【新·PDF版】2008-2024·高考语文真题\版本2：语文（按省份分类）2008-2024\2008-2024·（四川）语文高考真题\2013年高考语文试卷（四川）（空白卷）.pdf,papers/2013/语文/四川/四川卷/2013_语文_四川_四川卷_原卷.pdf,2
2013,语文,贵州,老高考,2024,全国卷,common,新课标全国II卷,present_common,H:\New folder\【新·PDF版】2008-2024·高考语文真题\版本2：语文（按省份分类）2008-2024\2008-2024·（贵州）语文高考真题\2013年高考语文试卷（新课标Ⅱ卷）（空白卷）.pdf,papers/2013/语文/全国/新课标全国II卷/2013_语文_贵州_新课标全国II卷_原卷.pdf,2
2013,语文,云南,老高考,2025,全国卷,common,新课标全国II卷,present_common,H:\New folder\【新·PDF版】2008-2024·高考语文真题\版本2：语文（按省份分类）2008-2024\2008-2024·（云南）语文高考真题\2013年高考语文试卷（新课标Ⅱ卷）（空白卷）.pdf,papers/2013/语文/全国/新课标全国II卷/2013_语文_云南_新课标全国II卷_原卷.pdf,2
2013,语文,西藏,老高考,,全国卷,common,新课标全国II卷,present_common,H:\New folder\【新·PDF版】2008-2024·高考语文真题\版本2：语文（按省份分类）2008-2024\2008-2024·（西藏）语文高考真题\2013年高考语文试卷（新课标Ⅱ卷）（空白卷）.pdf,papers/2013/语文/全国/新课标全国II卷/2013_语文_西藏_新课标全国II卷_原卷.pdf,2
2013,语文,陕西,老高考,2025,全国卷,common,新课标全国I卷,present_common,H:\New folder\【新·PDF版】2008-2024·高考语文真题\版本2：语文（按省份分类）2008-2024\2008-2024·（陕西）语文高考真题\2013年高考语文试卷（新课标Ⅰ卷）（空白卷）.pdf,papers/2013/语文/全国/新课标全国I卷/2013_语文_陕西_新课标全国I卷_原卷.pdf,2
2013,语文,甘肃,老高考,2024,全国卷,common,新课标全国II卷,present_common,H:\New folder\【新·PDF版】2008-2024·高考语文真题\版本2：语文（按省份分类）2008-2024\2008-2024·（甘肃）语文高考真题\2013年高考语文试卷（新课标Ⅱ卷）（空白卷）.pdf,papers/2013/语文/全国/新课标全国II卷/2013_语文_甘肃_新课标全国II卷_原卷.pdf,2
2013,语文,青海,老高考,2025,全国卷,common,新课标全国II卷,present_common,H:\New folder\【新·PDF版】2008-2024·高考语文真题\版本2：语文（按省份分类）2008-2024\2008-2024·（青海）语文高考真题\2013年高考语文试卷（新课标Ⅱ卷）（空白卷）.pdf,papers/2013/语文/全国/新课标全国II卷/2013_语文_青海_新课标全国II卷_原卷.pdf,2
2013,语文,宁夏,老高考,2025,全国卷,common,新课标全国II卷,present_common,H:\New folder\【新·PDF版】2008-2024·高考语文真题\版本2：语文（按省份分类）2008-2024\2008-2024·（宁夏）语文高考真题\2013年高考语文试卷（新课标Ⅱ卷）（空白卷）.pdf,papers/2013/语文/全国/新课标全国II卷/2013_语文_宁夏_新课标全国II卷_原卷.pdf,2
2013,语文,新疆,老高考,,全国卷,common,新课标全国II卷,present_common,H:\New folder\【新·PDF版】2008-2024·高考语文真题\版本2：语文（按省份分类）2008-2024\2008-2024·（新疆）语文高考真题\2013年高考语文试卷（新课标Ⅱ卷）（空白卷）.pdf,papers/2013/语文/全国/新课标全国II卷/2013_语文_新疆_新课标全国II卷_原卷.pdf,2
2014,语文,北京,老高考,2020,地方/区域卷,local,北京卷,present_local,H:\New folder\【新·PDF版】2008-2024·高考语文真题\版本2：语文（按省份分类）2008-2024\2008-2024·（北京）语文高考真题\2014年高考语文试卷（北京）（空白卷）.pdf,papers/2014/语文/北京/北京卷/2014_语文_北京_北京卷_原卷.pdf,2
2014,语文,天津,老高考,2020,地方/区域卷,local,天津卷,present_local,H:\New folder\【新·PDF版】2008-2024·高考语文真题\版本2：语文（按省份分类）2008-2024\2008-2023·（天津）语文高考真题\2014年高考语文试卷（天津）（空白卷）.pdf,papers/2014/语文/天津/天津卷/2014_语文_天津_天津卷_原卷.pdf,2
2014,语文,河北,老高考,2021,全国卷,common,新课标全国I卷,present_common,H:\New folder\【新·PDF版】2008-2024·高考语文真题\版本2：语文（按省份分类）2008-2024\2008-2024·（河北）语文高考真题\2014年高考语文试卷（新课标Ⅰ卷）（空白卷）.pdf,papers/2014/语文/全国/新课标全国I卷/2014_语文_河北_新课标全国I卷_原卷.pdf,2
2014,语文,山西,老高考,2025,全国卷,common,新课标全国I卷,present_common,H:\New folder\【新·PDF版】2008-2024·高考语文真题\版本2：语文（按省份分类）2008-2024\2008-2024·（山西）语文高考真题\2014年高考语文试卷（新课标Ⅰ卷）（空白卷）.pdf,papers/2014/语文/全国/新课标全国I卷/2014_语文_山西_新课标全国I卷_原卷.pdf,2
2014,语文,内蒙古,老高考,2025,全国卷,common,新课标全国II卷,present_common,H:\New folder\【新·PDF版】2008-2024·高考语文真题\版本2：语文（按省份分类）2008-2024\2008-2024·（内蒙古）语文高考真题\2014年高考语文试卷（新课标Ⅱ卷）（空白卷）.pdf,papers/2014/语文/全国/新课标全国II卷/2014_语文_内蒙古_新课标全国II卷_原卷.pdf,2
2014,语文,辽宁,老高考,2021,地方/区域卷,local,辽宁卷,present_local,H:\New folder\【新·PDF版】2008-2024·高考语文真题\版本2：语文（按省份分类）2008-2024\2012-2024·（辽宁）语文高考真题\2014年高考语文试卷（辽宁）（空白卷）.pdf,papers/2014/语文/辽宁/辽宁卷/2014_语文_辽宁_辽宁卷_原卷.pdf,2
2014,语文,吉林,老高考,2024,全国卷,common,新课标全国II卷,present_common,H:\New folder\【新·PDF版】2008-2024·高考语文真题\版本2：语文（按省份分类）2008-2024\2008-2024·（吉林）语文高考真题\2014年高考语文试卷（新课标Ⅱ卷）（空白卷）.pdf,papers/2014/语文/全国/新课标全国II卷/2014_语文_吉林_新课标全国II卷_原卷.pdf,2
2014,语文,黑龙江,老高考,2024,全国卷,common,新课标全国II卷,present_common,H:\New folder\【新·PDF版】2008-2024·高考语文真题\版本2：语文（按省份分类）2008-2024\2008-2024·（黑龙江）语文高考真题\2014年高考语文试卷（新课标Ⅱ卷）（空白卷）.pdf,papers/2014/语文/全国/新课标全国II卷/2014_语文_黑龙江_新课标全国II卷_原卷.pdf,2
2014,语文,上海,老高考,2017,地方/区域卷,local,上海卷,present_local,H:\New folder\【新·PDF版】2008-2024·高考语文真题\版本2：语文（按省份分类）2008-2024\2008-2023·（上海）语文高考真题\2014年高考语文试卷（上海）（秋考）（空白卷）.pdf,papers/2014/语文/上海/上海卷/2014_语文_上海_上海卷_原卷.pdf,2
2014,语文,江苏,老高考,2021,地方/区域卷,local,江苏卷,present_local,H:\New folder\【新·PDF版】2008-2024·高考语文真题\版本2：语文（按省份分类）2008-2024\2008-2024·（江苏）语文高考真题\2014年高考语文试卷（江苏）（空白卷）   .pdf,papers/2014/语文/江苏/江苏卷/2014_语文_江苏_江苏卷_原卷.pdf,2
2014,语文,浙江,老高考,2017,地方/区域卷,local,浙江卷,present_local,H:\New folder\【新·PDF版】2008-2024·高考语文真题\版本2：语文（按省份分类）2008-2024\2008-2024·（浙江）语文高考真题\2014年高考语文试卷（浙江）（空白卷）.pdf,papers/2014/语文/浙江/浙江卷/2014_语文_浙江_浙江卷_原卷.pdf,2
2014,语文,安徽,老高考,2024,地方/区域卷,local,安徽卷,present_local,H:\New folder\【新·PDF版】2008-2024·高考语文真题\版本2：语文（按省份分类）2008-2024\2012-2024·（安徽）语文高考真题\2014年高考语文试卷（安徽）（空白卷）.pdf,papers/2014/语文/安徽/安徽卷/2014_语文_安徽_安徽卷_原卷.pdf,2
2014,语文,福建,老高考,2021,地方/区域卷,local,福建卷,present_local,H:\New folder\【新·PDF版】2008-2024·高考语文真题\版本2：语文（按省份分类）2008-2024\2012-2024·（福建）语文高考真题\2014年高考语文试卷（福建）（空白卷）.pdf,papers/2014/语文/福建/福建卷/2014_语文_福建_福建卷_原卷.pdf,2
2014,语文,江西,老高考,2024,地方/区域卷,local,江西卷,present_local,H:\New folder\【新·PDF版】2008-2024·高考语文真题\版本2：语文（按省份分类）2008-2024\2012-2024·（江西）语文高考真题\2014年高考语文试卷（江西）（空白卷）.pdf,papers/2014/语文/江西/江西卷/2014_语文_江西_江西卷_原卷.pdf,2
2014,语文,山东,老高考,2020,地方/区域卷,local,山东卷,present_local,H:\New folder\【新·PDF版】2008-2024·高考语文真题\版本2：语文（按省份分类）2008-2024\2008-2024·（山东）语文高考真题\2014年高考语文试卷（山东）（空白卷）.pdf,papers/2014/语文/山东/山东卷/2014_语文_山东_山东卷_原卷.pdf,2
2014,语文,河南,老高考,2025,全国卷,common,新课标全国I卷,present_common,H:\New folder\【新·PDF版】2008-2024·高考语文真题\版本2：语文（按省份分类）2008-2024\2008-2024·（河南）语文高考真题\2014年高考语文试卷（新课标Ⅰ卷）（空白卷）.pdf,papers/2014/语文/全国/新课标全国I卷/2014_语文_河南_新课标全国I卷_原卷.pdf,2
2014,语文,湖北,老高考,2021,地方/区域卷,local,湖北卷,present_local,H:\New folder\【新·PDF版】2008-2024·高考语文真题\版本2：语文（按省份分类）2008-2024\2012-2024·（湖北）语文高考真题\2014年高考语文试卷（湖北）（空白卷）.pdf,papers/2014/语文/湖北/湖北卷/2014_语文_湖北_湖北卷_原卷.pdf,2
2014,语文,湖南,老高考,2021,地方/区域卷,local,湖南卷,present_local,H:\New folder\【新·PDF版】2008-2024·高考语文真题\版本2：语文（按省份分类）2008-2024\2008-2024·（湖南）语文高考真题\2014年高考语文试卷（湖南）（空白卷）.pdf,papers/2014/语文/湖南/湖南卷/2014_语文_湖南_湖南卷_原卷.pdf,2
2014,语文,广东,老高考,2021,地方/区域卷,local,广东卷,present_local,H:\New folder\【新·PDF版】2008-2024·高考语文真题\版本2：语文（按省份分类）2008-2024\2008-2024·（广东）语文高考真题\2014年高考语文试卷（广东）（空白卷）.pdf,papers/2014/语文/广东/广东卷/2014_语文_广东_广东卷_原卷.pdf,2
2014,语文,广西,老高考,2024,地方/区域卷,local,广西卷,present_local,H:\New folder\【新·PDF版】2008-2024·高考语文真题\版本2：语文（按省份分类）2008-2024\2008-2024·（广西）语文高考真题\2014年高考语文试卷（大纲版）（解析卷）.pdf,papers/2014/语文/广西/广西卷/2014_语文_广西_广西卷_原卷.pdf,1
2014,语文,海南,老高考,2020,全国卷,common,新课标全国II卷,present_common,H:\New folder\【新·PDF版】2008-2024·高考语文真题\版本2：语文（按省份分类）2008-2024\2008-2024·（海南）语文高考真题\2014年高考语文试卷（新课标Ⅱ卷）（空白卷）.pdf,papers/2014/语文/全国/新课标全国II卷/2014_语文_海南_新课标全国II卷_原卷.pdf,2
2014,语文,重庆,老高考,2021,地方/区域卷,local,重庆卷,present_local,H:\New folder\【新·PDF版】2008-2024·高考语文真题\版本2：语文（按省份分类）2008-2024\2012-2024·（重庆）语文高考真题\2014年高考语文试卷（重庆）（空白卷）.pdf,papers/2014/语文/重庆/重庆卷/2014_语文_重庆_重庆卷_原卷.pdf,2
2014,语文,四川,老高考,2025,地方/区域卷,local,四川卷,present_local,H:\New folder\【新·PDF版】2008-2024·高考语文真题\版本2：语文（按省份分类）2008-2024\2008-2024·（四川）语文高考真题\2014年高考语文试卷（四川）（空白卷）.pdf,papers/2014/语文/四川/四川卷/2014_语文_四川_四川卷_原卷.pdf,2
2014,语文,贵州,老高考,2024,全国卷,common,新课标全国II卷,present_common,H:\New folder\【新·PDF版】2008-2024·高考语文真题\版本2：语文（按省份分类）2008-2024\2008-2024·（贵州）语文高考真题\2014年高考语文试卷（新课标Ⅱ卷）（空白卷）.pdf,papers/2014/语文/全国/新课标全国II卷/2014_语文_贵州_新课标全国II卷_原卷.pdf,2
2014,语文,云南,老高考,2025,全国卷,common,新课标全国II卷,present_common,H:\New folder\【新·PDF版】2008-2024·高考语文真题\版本2：语文（按省份分类）2008-2024\2008-2024·（云南）语文高考真题\2014年高考语文试卷（新课标Ⅱ卷）（空白卷）.pdf,papers/2014/语文/全国/新课标全国II卷/2014_语文_云南_新课标全国II卷_原卷.pdf,2
2014,语文,西藏,老高考,,全国卷,common,新课标全国II卷,present_common,H:\New folder\【新·PDF版】2008-2024·高考语文真题\版本2：语文（按省份分类）2008-2024\2008-2024·（西藏）语文高考真题\2014年高考语文试卷（新课标Ⅱ卷）（空白卷）.pdf,papers/2014/语文/全国/新课标全国II卷/2014_语文_西藏_新课标全国II卷_原卷.pdf,2
2014,语文,陕西,老高考,2025,全国卷,common,新课标全国I卷,present_common,H:\New folder\【新·PDF版】2008-2024·高考语文真题\版本2：语文（按省份分类）2008-2024\2008-2024·（陕西）语文高考真题\2014年高考语文试卷（新课标Ⅰ卷）（空白卷）.pdf,papers/2014/语文/全国/新课标全国I卷/2014_语文_陕西_新课标全国I卷_原卷.pdf,2
2014,语文,甘肃,老高考,2024,全国卷,common,新课标全国II卷,present_common,H:\New folder\【新·PDF版】2008-2024·高考语文真题\版本2：语文（按省份分类）2008-2024\2008-2024·（甘肃）语文高考真题\2014年高考语文试卷（新课标Ⅱ卷）（空白卷）.pdf,papers/2014/语文/全国/新课标全国II卷/2014_语文_甘肃_新课标全国II卷_原卷.pdf,2
2014,语文,青海,老高考,2025,全国卷,common,新课标全国II卷,present_common,H:\New folder\【新·PDF版】2008-2024·高考语文真题\版本2：语文（按省份分类）2008-2024\2008-2024·（青海）语文高考真题\2014年高考语文试卷（新课标Ⅱ卷）（空白卷）.pdf,papers/2014/语文/全国/新课标全国II卷/2014_语文_青海_新课标全国II卷_原卷.pdf,2
2014,语文,宁夏,老高考,2025,全国卷,common,新课标全国II卷,present_common,H:\New folder\【新·PDF版】2008-2024·高考语文真题\版本2：语文（按省份分类）2008-2024\2008-2024·（宁夏）语文高考真题\2014年高考语文试卷（新课标Ⅱ卷）（空白卷）.pdf,papers/2014/语文/全国/新课标全国II卷/2014_语文_宁夏_新课标全国II卷_原卷.pdf,2
2014,语文,新疆,老高考,,全国卷,common,新课标全国II卷,present_common,H:\New folder\【新·PDF版】2008-2024·高考语文真题\版本2：语文（按省份分类）2008-2024\2008-2024·（新疆）语文高考真题\2014年高考语文试卷（新课标Ⅱ卷）（空白卷）.pdf,papers/2014/语文/全国/新课标全国II卷/2014_语文_新疆_新课标全国II卷_原卷.pdf,2
2015,语文,北京,老高考,2020,地方/区域卷,local,北京卷,present_local,H:\New folder\【新·PDF版】2008-2024·高考语文真题\版本2：语文（按省份分类）2008-2024\2008-2024·（北京）语文高考真题\2015年高考语文试卷（北京）（空白卷）.pdf,papers/2015/语文/北京/北京卷/2015_语文_北京_北京卷_原卷.pdf,2
2015,语文,天津,老高考,2020,地方/区域卷,local,天津卷,present_local,H:\New folder\【新·PDF版】2008-2024·高考语文真题\版本2：语文（按省份分类）2008-2024\2008-2023·（天津）语文高考真题\2015年高考语文试卷（天津）（空白卷）.pdf,papers/2015/语文/天津/天津卷/2015_语文_天津_天津卷_原卷.pdf,2
2015,语文,河北,老高考,2021,全国卷,common,新课标全国I卷,present_common,H:\New folder\【新·PDF版】2008-2024·高考语文真题\版本2：语文（按省份分类）2008-2024\2008-2024·（河北）语文高考真题\2015年高考语文试卷（新课标Ⅰ卷）（空白卷）.pdf,papers/2015/语文/全国/新课标全国I卷/2015_语文_河北_新课标全国I卷_原卷.pdf,2
2015,语文,山西,老高考,2025,全国卷,common,新课标全国I卷,present_common,H:\New folder\【新·PDF版】2008-2024·高考语文真题\版本2：语文（按省份分类）2008-2024\2008-2024·（山西）语文高考真题\2015年高考语文试卷（新课标Ⅰ卷）（空白卷）.pdf,papers/2015/语文/全国/新课标全国I卷/2015_语文_山西_新课标全国I卷_原卷.pdf,2
2015,语文,内蒙古,老高考,2025,全国卷,common,新课标全国II卷,present_common,H:\New folder\【新·PDF版】2008-2024·高考语文真题\版本2：语文（按省份分类）2008-2024\2008-2024·（内蒙古）语文高考真题\2015年高考语文试卷（新课标Ⅱ卷）（空白卷）.pdf,papers/2015/语文/全国/新课标全国II卷/2015_语文_内蒙古_新课标全国II卷_原卷.pdf,1
2015,语文,辽宁,老高考,2021,全国卷,common,新课标全国II卷,present_common,H:\New folder\【新·PDF版】2008-2024·高考语文真题\版本2：语文（按省份分类）2008-2024\2012-2024·（辽宁）语文高考真题\2015年高考语文试卷（新课标Ⅱ卷）（空白卷）.pdf,papers/2015/语文/全国/新课标全国II卷/2015_语文_辽宁_新课标全国II卷_原卷.pdf,2
2015,语文,吉林,老高考,2024,全国卷,common,新课标全国II卷,present_common,H:\New folder\【新·PDF版】2008-2024·高考语文真题\版本2：语文（按省份分类）2008-2024\2008-2024·（吉林）语文高考真题\2015年高考语文试卷（新课标Ⅱ卷）（空白卷）.pdf,papers/2015/语文/全国/新课标全国II卷/2015_语文_吉林_新课标全国II卷_原卷.pdf,2
2015,语文,黑龙江,老高考,2024,全国卷,common,新课标全国II卷,present_common,H:\New folder\【新·PDF版】2008-2024·高考语文真题\版本2：语文（按省份分类）2008-2024\2008-2024·（黑龙江）语文高考真题\2015年高考语文试卷（新课标Ⅱ卷）（空白卷）.pdf,papers/2015/语文/全国/新课标全国II卷/2015_语文_黑龙江_新课标全国II卷_原卷.pdf,2
2015,语文,上海,老高考,2017,地方/区域卷,local,上海卷,present_local,H:\New folder\【新·PDF版】2008-2024·高考语文真题\版本2：语文（按省份分类）2008-2024\2008-2023·（上海）语文高考真题\2015年高考语文试卷（上海）（秋考）（空白卷）.pdf,papers/2015/语文/上海/上海卷/2015_语文_上海_上海卷_原卷.pdf,2
2015,语文,江苏,老高考,2021,地方/区域卷,local,江苏卷,present_local,H:\New folder\【新·PDF版】2008-2024·高考语文真题\版本2：语文（按省份分类）2008-2024\2008-2024·（江苏）语文高考真题\2015年高考语文试卷（江苏）（空白卷）   .pdf,papers/2015/语文/江苏/江苏卷/2015_语文_江苏_江苏卷_原卷.pdf,2
2015,语文,浙江,老高考,2017,地方/区域卷,local,浙江卷,present_local,H:\New folder\【新·PDF版】2008-2024·高考语文真题\版本2：语文（按省份分类）2008-2024\2008-2024·（浙江）语文高考真题\2015年高考语文试卷（浙江）（空白卷）.pdf,papers/2015/语文/浙江/浙江卷/2015_语文_浙江_浙江卷_原卷.pdf,2
2015,语文,安徽,老高考,2024,地方/区域卷,local,安徽卷,present_local,H:\New folder\【新·PDF版】2008-2024·高考语文真题\版本2：语文（按省份分类）2008-2024\2012-2024·（安徽）语文高考真题\2015年高考语文试卷（安徽）（空白卷）.pdf,papers/2015/语文/安徽/安徽卷/2015_语文_安徽_安徽卷_原卷.pdf,2
2015,语文,福建,老高考,2021,地方/区域卷,local,福建卷,present_local,H:\New folder\【新·PDF版】2008-2024·高考语文真题\版本2：语文（按省份分类）2008-2024\2012-2024·（福建）语文高考真题\2015年高考语文试卷（福建）（空白卷）.pdf,papers/2015/语文/福建/福建卷/2015_语文_福建_福建卷_原卷.pdf,2
2015,语文,江西,老高考,2024,全国卷,common,新课标全国I卷,present_common,H:\New folder\【新·PDF版】2008-2024·高考语文真题\版本2：语文（按省份分类）2008-2024\2012-2024·（江西）语文高考真题\2015年高考语文试卷（新课标Ⅰ卷）（空白卷）.pdf,papers/2015/语文/全国/新课标全国I卷/2015_语文_江西_新课标全国I卷_原卷.pdf,2
2015,语文,山东,老高考,2020,地方/区域卷,local,山东卷,present_local,H:\New folder\【新·PDF版】2008-2024·高考语文真题\版本2：语文（按省份分类）2008-2024\2008-2024·（山东）语文高考真题\2015年高考语文试卷（山东）（空白卷）.pdf,papers/2015/语文/山东/山东卷/2015_语文_山东_山东卷_原卷.pdf,2
2015,语文,河南,老高考,2025,全国卷,common,新课标全国I卷,present_common,H:\New folder\【新·PDF版】2008-2024·高考语文真题\版本2：语文（按省份分类）2008-2024\2008-2024·（河南）语文高考真题\2015年高考语文试卷（新课标Ⅰ卷）（空白卷）.pdf,papers/2015/语文/全国/新课标全国I卷/2015_语文_河南_新课标全国I卷_原卷.pdf,1
2015,语文,湖北,老高考,2021,地方/区域卷,local,湖北卷,present_local,H:\New folder\【新·PDF版】2008-2024·高考语文真题\版本2：语文（按省份分类）2008-2024\2012-2024·（湖北）语文高考真题\2015年高考语文试卷（湖北）（空白卷）.pdf,papers/2015/语文/湖北/湖北卷/2015_语文_湖北_湖北卷_原卷.pdf,1
2015,语文,湖南,老高考,2021,地方/区域卷,local,湖南卷,present_local,H:\New folder\【新·PDF版】2008-2024·高考语文真题\版本2：语文（按省份分类）2008-2024\2008-2024·（湖南）语文高考真题\2015年高考语文试卷（湖南）（空白卷）.pdf,papers/2015/语文/湖南/湖南卷/2015_语文_湖南_湖南卷_原卷.pdf,2
2015,语文,广东,老高考,2021,地方/区域卷,local,广东卷,present_local,H:\New folder\【新·PDF版】2008-2024·高考语文真题\版本2：语文（按省份分类）2008-2024\2008-2024·（广东）语文高考真题\2015年高考语文试卷（广东）（空白卷）.pdf,papers/2015/语文/广东/广东卷/2015_语文_广东_广东卷_原卷.pdf,2
2015,语文,广西,老高考,2024,全国卷,common,新课标全国II卷,present_common,H:\New folder\【新·PDF版】2008-2024·高考语文真题\版本2：语文（按省份分类）2008-2024\2008-2024·（广西）语文高考真题\2015年高考语文试卷（新课标Ⅱ卷）（空白卷）.pdf,papers/2015/语文/全国/新课标全国II卷/2015_语文_广西_新课标全国II卷_原卷.pdf,2
2015,语文,海南,老高考,2020,全国卷,common,新课标全国II卷,present_common,H:\New folder\【新·PDF版】2008-2024·高考语文真题\版本2：语文（按省份分类）2008-2024\2008-2024·（海南）语文高考真题\2015年高考语文试卷（新课标Ⅱ卷）（空白卷）.pdf,papers/2015/语文/全国/新课标全国II卷/2015_语文_海南_新课标全国II卷_原卷.pdf,2
2015,语文,重庆,老高考,2021,地方/区域卷,local,重庆卷,present_local,H:\New folder\【新·PDF版】2008-2024·高考语文真题\版本2：语文（按省份分类）2008-2024\2012-2024·（重庆）语文高考真题\2015年高考语文试卷（重庆）（空白卷）.pdf,papers/2015/语文/重庆/重庆卷/2015_语文_重庆_重庆卷_原卷.pdf,2
2015,语文,四川,老高考,2025,地方/区域卷,local,四川卷,present_local,H:\New folder\【新·PDF版】2008-2024·高考语文真题\版本2：语文（按省份分类）2008-2024\2008-2024·（四川）语文高考真题\2015年高考语文试卷（四川）（空白卷）.pdf,papers/2015/语文/四川/四川卷/2015_语文_四川_四川卷_原卷.pdf,2
2015,语文,贵州,老高考,2024,全国卷,common,新课标全国II卷,present_common,H:\New folder\【新·PDF版】2008-2024·高考语文真题\版本2：语文（按省份分类）2008-2024\2008-2024·（贵州）语文高考真题\2015年高考语文试卷（新课标Ⅱ卷）（空白卷）.pdf,papers/2015/语文/全国/新课标全国II卷/2015_语文_贵州_新课标全国II卷_原卷.pdf,2
2015,语文,云南,老高考,2025,全国卷,common,新课标全国II卷,present_common,H:\New folder\【新·PDF版】2008-2024·高考语文真题\版本2：语文（按省份分类）2008-2024\2008-2024·（云南）语文高考真题\2015年高考语文试卷（新课标Ⅱ卷）（空白卷）.pdf,papers/2015/语文/全国/新课标全国II卷/2015_语文_云南_新课标全国II卷_原卷.pdf,2
2015,语文,西藏,老高考,,全国卷,common,新课标全国II卷,present_common,H:\New folder\【新·PDF版】2008-2024·高考语文真题\版本2：语文（按省份分类）2008-2024\2008-2024·（西藏）语文高考真题\2015年高考语文试卷（新课标Ⅱ卷）（空白卷）.pdf,papers/2015/语文/全国/新课标全国II卷/2015_语文_西藏_新课标全国II卷_原卷.pdf,2
2015,语文,陕西,老高考,2025,全国卷,common,新课标全国I卷,present_common,H:\New folder\【新·PDF版】2008-2024·高考语文真题\版本2：语文（按省份分类）2008-2024\2008-2024·（陕西）语文高考真题\2015年高考语文试卷（新课标Ⅰ卷）（空白卷）.pdf,papers/2015/语文/全国/新课标全国I卷/2015_语文_陕西_新课标全国I卷_原卷.pdf,2
2015,语文,甘肃,老高考,2024,全国卷,common,新课标全国I卷,present_common,H:\New folder\【新·PDF版】2008-2024·高考语文真题\版本2：语文（按省份分类）2008-2024\2008-2024·（甘肃）语文高考真题\2015年高考语文试卷（新课标Ⅰ卷）（空白卷）.pdf,papers/2015/语文/全国/新课标全国I卷/2015_语文_甘肃_新课标全国I卷_原卷.pdf,2
2015,语文,青海,老高考,2025,全国卷,common,新课标全国II卷,present_common,H:\New folder\【新·PDF版】2008-2024·高考语文真题\版本2：语文（按省份分类）2008-2024\2008-2024·（青海）语文高考真题\2015年高考语文试卷（新课标Ⅱ卷）（空白卷）.pdf,papers/2015/语文/全国/新课标全国II卷/2015_语文_青海_新课标全国II卷_原卷.pdf,2
2015,语文,宁夏,老高考,2025,全国卷,common,新课标全国II卷,present_common,H:\New folder\【新·PDF版】2008-2024·高考语文真题\版本2：语文（按省份分类）2008-2024\2008-2024·（宁夏）语文高考真题\2015年高考语文试卷（新课标Ⅱ卷）（空白卷）.pdf,papers/2015/语文/全国/新课标全国II卷/2015_语文_宁夏_新课标全国II卷_原卷.pdf,3
2015,语文,新疆,老高考,,全国卷,common,新课标全国II卷,present_common,H:\New folder\【新·PDF版】2008-2024·高考语文真题\版本2：语文（按省份分类）2008-2024\2008-2024·（新疆）语文高考真题\2015年高考语文试卷（新课标Ⅱ卷）（解析卷）.pdf,papers/2015/语文/全国/新课标全国II卷/2015_语文_新疆_新课标全国II卷_原卷.pdf,1
2016,语文,北京,老高考,2020,地方/区域卷,local,北京卷,present_local,H:\New folder\【新·PDF版】2008-2024·高考语文真题\版本2：语文（按省份分类）2008-2024\2008-2024·（北京）语文高考真题\2016年高考语文试卷（北京）（空白卷）.pdf,papers/2016/语文/北京/北京卷/2016_语文_北京_北京卷_原卷.pdf,2
2016,语文,天津,老高考,2020,地方/区域卷,local,天津卷,present_local,H:\New folder\【新·PDF版】2008-2024·高考语文真题\版本2：语文（按省份分类）2008-2024\2008-2023·（天津）语文高考真题\2016年高考语文试卷（天津）（空白卷）.pdf,papers/2016/语文/天津/天津卷/2016_语文_天津_天津卷_原卷.pdf,2
2016,语文,河北,老高考,2021,全国卷,common,新课标全国I卷,present_common,H:\New folder\【新·PDF版】2008-2024·高考语文真题\版本2：语文（按省份分类）2008-2024\2008-2024·（河北）语文高考真题\2016年高考语文试卷（新课标Ⅰ卷）（空白卷）.pdf,papers/2016/语文/全国/新课标全国I卷/2016_语文_河北_新课标全国I卷_原卷.pdf,2
2016,语文,山西,老高考,2025,全国卷,common,新课标全国I卷,present_common,H:\New folder\【新·PDF版】2008-2024·高考语文真题\版本2：语文（按省份分类）2008-2024\2008-2024·（山西）语文高考真题\2016年高考语文试卷（新课标Ⅰ卷）（空白卷）.pdf,papers/2016/语文/全国/新课标全国I卷/2016_语文_山西_新课标全国I卷_原卷.pdf,2
2016,语文,内蒙古,老高考,2025,全国卷,common,新课标全国II卷,present_common,H:\New folder\【新·PDF版】2008-2024·高考语文真题\版本2：语文（按省份分类）2008-2024\2008-2024·（内蒙古）语文高考真题\2016年高考语文试卷（新课标Ⅱ卷）（空白卷）.pdf,papers/2016/语文/全国/新课标全国II卷/2016_语文_内蒙古_新课标全国II卷_原卷.pdf,2
2016,语文,辽宁,老高考,2021,全国卷,common,新课标全国II卷,present_common,H:\New folder\【新·PDF版】2008-2024·高考语文真题\版本2：语文（按省份分类）2008-2024\2012-2024·（辽宁）语文高考真题\2016年高考语文试卷（新课标Ⅱ卷）（空白卷）.pdf,papers/2016/语文/全国/新课标全国II卷/2016_语文_辽宁_新课标全国II卷_原卷.pdf,2
2016,语文,吉林,老高考,2024,全国卷,common,新课标全国II卷,present_common,H:\New folder\【新·PDF版】2008-2024·高考语文真题\版本2：语文（按省份分类）2008-2024\2008-2024·（吉林）语文高考真题\2016年高考语文试卷（新课标Ⅱ卷）（空白卷）.pdf,papers/2016/语文/全国/新课标全国II卷/2016_语文_吉林_新课标全国II卷_原卷.pdf,2
2016,语文,黑龙江,老高考,2024,全国卷,common,新课标全国II卷,present_common,H:\New folder\【新·PDF版】2008-2024·高考语文真题\版本2：语文（按省份分类）2008-2024\2008-2024·（黑龙江）语文高考真题\2016年高考语文试卷（新课标Ⅱ卷）（空白卷）.pdf,papers/2016/语文/全国/新课标全国II卷/2016_语文_黑龙江_新课标全国II卷_原卷.pdf,2
2016,语文,上海,老高考,2017,地方/区域卷,local,上海卷,present_local,H:\New folder\【新·PDF版】2008-2024·高考语文真题\版本2：语文（按省份分类）2008-2024\2008-2023·（上海）语文高考真题\2016年高考语文试卷（上海）（秋考）（空白卷）.pdf,papers/2016/语文/上海/上海卷/2016_语文_上海_上海卷_原卷.pdf,2
2016,语文,江苏,老高考,2021,地方/区域卷,local,江苏卷,present_local,H:\New folder\【新·PDF版】2008-2024·高考语文真题\版本2：语文（按省份分类）2008-2024\2008-2024·（江苏）语文高考真题\2016年高考语文试卷（江苏）（空白卷）   .pdf,papers/2016/语文/江苏/江苏卷/2016_语文_江苏_江苏卷_原卷.pdf,2
2016,语文,浙江,老高考,2017,地方/区域卷,local,浙江卷,present_local,H:\New folder\【新·PDF版】2008-2024·高考语文真题\版本2：语文（按省份分类）2008-2024\2008-2024·（浙江）语文高考真题\2016年高考语文试卷（浙江）（空白卷）.pdf,papers/2016/语文/浙江/浙江卷/2016_语文_浙江_浙江卷_原卷.pdf,2
2016,语文,安徽,老高考,2024,全国卷,common,新课标全国I卷,present_common,H:\New folder\【新·PDF版】2008-2024·高考语文真题\版本2：语文（按省份分类）2008-2024\2012-2024·（安徽）语文高考真题\2016年高考语文试卷（新课标Ⅰ卷）（空白卷）.pdf,papers/2016/语文/全国/新课标全国I卷/2016_语文_安徽_新课标全国I卷_原卷.pdf,2
2016,语文,福建,老高考,2021,全国卷,common,新课标全国I卷,present_common,H:\New folder\【新·PDF版】2008-2024·高考语文真题\版本2：语文（按省份分类）2008-2024\2012-2024·（福建）语文高考真题\2016年高考语文试卷（新课标Ⅰ卷）（空白卷）.pdf,papers/2016/语文/全国/新课标全国I卷/2016_语文_福建_新课标全国I卷_原卷.pdf,2
2016,语文,江西,老高考,2024,全国卷,common,新课标全国I卷,present_common,H:\New folder\【新·PDF版】2008-2024·高考语文真题\版本2：语文（按省份分类）2008-2024\2012-2024·（江西）语文高考真题\2016年高考语文试卷（新课标Ⅰ卷）（空白卷）.pdf,papers/2016/语文/全国/新课标全国I卷/2016_语文_江西_新课标全国I卷_原卷.pdf,1
2016,语文,山东,老高考,2020,地方/区域卷,local,山东卷,present_local,H:\New folder\【新·PDF版】2008-2024·高考语文真题\版本2：语文（按省份分类）2008-2024\2008-2024·（山东）语文高考真题\2016年高考语文试卷（山东）（空白卷）.pdf,papers/2016/语文/山东/山东卷/2016_语文_山东_山东卷_原卷.pdf,2
2016,语文,河南,老高考,2025,全国卷,common,新课标全国I卷,present_common,H:\New folder\【新·PDF版】2008-2024·高考语文真题\版本2：语文（按省份分类）2008-2024\2008-2024·（河南）语文高考真题\2016年高考语文试卷（新课标Ⅰ卷）（空白卷）.pdf,papers/2016/语文/全国/新课标全国I卷/2016_语文_河南_新课标全国I卷_原卷.pdf,2
2016,语文,湖北,老高考,2021,全国卷,common,新课标全国I卷,present_common,H:\New folder\【新·PDF版】2008-2024·高考语文真题\版本2：语文（按省份分类）2008-2024\2012-2024·（湖北）语文高考真题\2016年高考语文试卷（新课标Ⅰ卷）（空白卷）.pdf,papers/2016/语文/全国/新课标全国I卷/2016_语文_湖北_新课标全国I卷_原卷.pdf,2
2016,语文,湖南,老高考,2021,全国卷,common,新课标全国I卷,present_common,H:\New folder\【新·PDF版】2008-2024·高考语文真题\版本2：语文（按省份分类）2008-2024\2008-2024·（湖南）语文高考真题\2016年高考语文试卷（新课标Ⅰ卷）（空白卷）.pdf,papers/2016/语文/全国/新课标全国I卷/2016_语文_湖南_新课标全国I卷_原卷.pdf,2
2016,语文,广东,老高考,2021,全国卷,common,新课标全国I卷,present_common,H:\New folder\【新·PDF版】2008-2024·高考语文真题\版本2：语文（按省份分类）2008-2024\2008-2024·（广东）语文高考真题\2016年高考语文试卷（新课标Ⅰ卷）（空白卷）.pdf,papers/2016/语文/全国/新课标全国I卷/2016_语文_广东_新课标全国I卷_原卷.pdf,2
2016,语文,广西,老高考,2024,全国卷,common,新课标全国III卷,present_common,H:\New folder\【新·PDF版】2008-2024·高考语文真题\版本2：语文（按省份分类）2008-2024\2008-2024·（广西）语文高考真题\2016年高考语文试卷（新课标Ⅲ卷）（空白卷）.pdf,papers/2016/语文/全国/新课标全国III卷/2016_语文_广西_新课标全国III卷_原卷.pdf,2
2016,语文,海南,老高考,2020,全国卷,common,新课标全国II卷,present_common,H:\New folder\【新·PDF版】2008-2024·高考语文真题\版本2：语文（按省份分类）2008-2024\2008-2024·（海南）语文高考真题\2016年高考语文试卷（新课标Ⅱ卷）（空白卷）.pdf,papers/2016/语文/全国/新课标全国II卷/2016_语文_海南_新课标全国II卷_原卷.pdf,2
2016,语文,重庆,老高考,2021,全国卷,common,新课标全国II卷,present_common,H:\New folder\【新·PDF版】2008-2024·高考语文真题\版本2：语文（按省份分类）2008-2024\2012-2024·（重庆）语文高考真题\2016年高考语文试卷（新课标Ⅱ卷）（空白卷）.pdf,papers/2016/语文/全国/新课标全国II卷/2016_语文_重庆_新课标全国II卷_原卷.pdf,2
2016,语文,四川,老高考,2025,全国卷,common,新课标全国III卷,present_common,H:\New folder\【新·PDF版】2008-2024·高考语文真题\版本2：语文（按省份分类）2008-2024\2008-2024·（四川）语文高考真题\2016年高考语文试卷（新课标Ⅲ卷）（空白卷）.pdf,papers/2016/语文/全国/新课标全国III卷/2016_语文_四川_新课标全国III卷_原卷.pdf,2
2016,语文,贵州,老高考,2024,全国卷,common,新课标全国III卷,present_common,H:\New folder\【新·PDF版】2008-2024·高考语文真题\版本2：语文（按省份分类）2008-2024\2008-2024·（贵州）语文高考真题\2016年高考语文试卷（新课标Ⅲ卷）（空白卷）.pdf,papers/2016/语文/全国/新课标全国III卷/2016_语文_贵州_新课标全国III卷_原卷.pdf,2
2016,语文,云南,老高考,2025,全国卷,common,新课标全国III卷,present_common,H:\New folder\【新·PDF版】2008-2024·高考语文真题\版本2：语文（按省份分类）2008-2024\2008-2024·（云南）语文高考真题\2016年高考语文试卷（新课标Ⅲ卷）（空白卷）.pdf,papers/2016/语文/全国/新课标全国III卷/2016_语文_云南_新课标全国III卷_原卷.pdf,2
2016,语文,西藏,老高考,,全国卷,common,新课标全国II卷,present_common,H:\New folder\【新·PDF版】2008-2024·高考语文真题\版本2：语文（按省份分类）2008-2024\2008-2024·（西藏）语文高考真题\2016年高考语文试卷（新课标Ⅱ卷）（空白卷）.pdf,papers/2016/语文/全国/新课标全国II卷/2016_语文_西藏_新课标全国II卷_原卷.pdf,2
2016,语文,陕西,老高考,2025,全国卷,common,新课标全国II卷,present_common,H:\New folder\【新·PDF版】2008-2024·高考语文真题\版本2：语文（按省份分类）2008-2024\2008-2024·（陕西）语文高考真题\2016年高考语文试卷（新课标Ⅱ卷）（空白卷）.pdf,papers/2016/语文/全国/新课标全国II卷/2016_语文_陕西_新课标全国II卷_原卷.pdf,2
2016,语文,甘肃,老高考,2024,全国卷,common,新课标全国II卷,present_common,H:\New folder\【新·PDF版】2008-2024·高考语文真题\版本2：语文（按省份分类）2008-2024\2008-2024·（甘肃）语文高考真题\2016年高考语文试卷（新课标Ⅱ卷）（空白卷）.pdf,papers/2016/语文/全国/新课标全国II卷/2016_语文_甘肃_新课标全国II卷_原卷.pdf,2
2016,语文,青海,老高考,2025,全国卷,common,新课标全国II卷,present_common,H:\New folder\【新·PDF版】2008-2024·高考语文真题\版本2：语文（按省份分类）2008-2024\2008-2024·（青海）语文高考真题\2016年高考语文试卷（新课标Ⅱ卷）（空白卷）.pdf,papers/2016/语文/全国/新课标全国II卷/2016_语文_青海_新课标全国II卷_原卷.pdf,2
2016,语文,宁夏,老高考,2025,全国卷,common,新课标全国II卷,present_common,H:\New folder\【新·PDF版】2008-2024·高考语文真题\版本2：语文（按省份分类）2008-2024\2008-2024·（宁夏）语文高考真题\2016年高考语文试卷（新课标Ⅱ卷）（空白卷）.pdf,papers/2016/语文/全国/新课标全国II卷/2016_语文_宁夏_新课标全国II卷_原卷.pdf,2
2016,语文,新疆,老高考,,全国卷,common,新课标全国II卷,present_common,H:\New folder\【新·PDF版】2008-2024·高考语文真题\版本2：语文（按省份分类）2008-2024\2008-2024·（新疆）语文高考真题\2016年高考语文试卷（新课标Ⅱ卷）（空白卷）.pdf,papers/2016/语文/全国/新课标全国II卷/2016_语文_新疆_新课标全国II卷_原卷.pdf,2
2017,语文,北京,老高考,2020,地方/区域卷,local,北京卷,present_local,H:\New folder\【新·PDF版】2008-2024·高考语文真题\版本2：语文（按省份分类）2008-2024\2008-2024·（北京）语文高考真题\2017年高考语文试卷（北京）（空白卷）.pdf,papers/2017/语文/北京/北京卷/2017_语文_北京_北京卷_原卷.pdf,2
2017,语文,天津,老高考,2020,地方/区域卷,local,天津卷,present_local,H:\New folder\【新·PDF版】2008-2024·高考语文真题\版本2：语文（按省份分类）2008-2024\2008-2023·（天津）语文高考真题\2017年高考语文试卷（天津）（空白卷）.pdf,papers/2017/语文/天津/天津卷/2017_语文_天津_天津卷_原卷.pdf,2
2017,语文,河北,老高考,2021,全国卷,common,新课标全国I卷,present_common,H:\New folder\【新·PDF版】2008-2024·高考语文真题\版本2：语文（按省份分类）2008-2024\2008-2024·（河北）语文高考真题\2017年高考语文试卷（新课标Ⅰ卷）（空白卷）.pdf,papers/2017/语文/全国/新课标全国I卷/2017_语文_河北_新课标全国I卷_原卷.pdf,2
2017,语文,山西,老高考,2025,全国卷,common,新课标全国I卷,present_common,H:\New folder\【新·PDF版】2008-2024·高考语文真题\版本2：语文（按省份分类）2008-2024\2008-2024·（山西）语文高考真题\2017年高考语文试卷（新课标Ⅰ卷）（空白卷）.pdf,papers/2017/语文/全国/新课标全国I卷/2017_语文_山西_新课标全国I卷_原卷.pdf,2
2017,语文,内蒙古,老高考,2025,全国卷,common,新课标全国II卷,present_common,H:\New folder\【新·PDF版】2008-2024·高考语文真题\版本2：语文（按省份分类）2008-2024\2008-2024·（内蒙古）语文高考真题\2017年高考语文试卷（新课标Ⅱ卷）（空白卷）.pdf,papers/2017/语文/全国/新课标全国II卷/2017_语文_内蒙古_新课标全国II卷_原卷.pdf,2
2017,语文,辽宁,老高考,2021,全国卷,common,新课标全国II卷,present_common,H:\New folder\【新·PDF版】2008-2024·高考语文真题\版本2：语文（按省份分类）2008-2024\2012-2024·（辽宁）语文高考真题\2017年高考语文试卷（新课标Ⅱ卷）（空白卷）.pdf,papers/2017/语文/全国/新课标全国II卷/2017_语文_辽宁_新课标全国II卷_原卷.pdf,2
2017,语文,吉林,老高考,2024,全国卷,common,新课标全国II卷,present_common,H:\New folder\【新·PDF版】2008-2024·高考语文真题\版本2：语文（按省份分类）2008-2024\2008-2024·（吉林）语文高考真题\2017年高考语文试卷（新课标Ⅱ卷）（空白卷）.pdf,papers/2017/语文/全国/新课标全国II卷/2017_语文_吉林_新课标全国II卷_原卷.pdf,2
2017,语文,黑龙江,老高考,2024,全国卷,common,新课标全国II卷,present_common,H:\New folder\【新·PDF版】2008-2024·高考语文真题\版本2：语文（按省份分类）2008-2024\2008-2024·（黑龙江）语文高考真题\2017年高考语文试卷（新课标Ⅱ卷）（空白卷）.pdf,papers/2017/语文/全国/新课标全国II卷/2017_语文_黑龙江_新课标全国II卷_原卷.pdf,2
2017,语文,上海,新高考,2017,地方/区域卷,local,上海卷,present_local,H:\New folder\【新·PDF版】2008-2024·高考语文真题\版本2：语文（按省份分类）2008-2024\2008-2023·（上海）语文高考真题\2017年高考语文试卷（上海）（秋考）（空白卷）.pdf,papers/2017/语文/上海/上海卷/2017_语文_上海_上海卷_原卷.pdf,2
2017,语文,江苏,老高考,2021,地方/区域卷,local,江苏卷,present_local,H:\New folder\【新·PDF版】2008-2024·高考语文真题\版本2：语文（按省份分类）2008-2024\2008-2024·（江苏）语文高考真题\2017年高考语文试卷（江苏）（空白卷）   .pdf,papers/2017/语文/江苏/江苏卷/2017_语文_江苏_江苏卷_原卷.pdf,2
2017,语文,浙江,新高考,2017,地方/区域卷,local,浙江卷,present_local,H:\New folder\【新·PDF版】2008-2024·高考语文真题\版本2：语文（按省份分类）2008-2024\2008-2024·（浙江）语文高考真题\2017年高考语文试卷（浙江）（空白卷）.pdf,papers/2017/语文/浙江/浙江卷/2017_语文_浙江_浙江卷_原卷.pdf,2
2017,语文,安徽,老高考,2024,全国卷,common,新课标全国I卷,present_common,H:\New folder\【新·PDF版】2008-2024·高考语文真题\版本2：语文（按省份分类）2008-2024\2012-2024·（安徽）语文高考真题\2017年高考语文试卷（新课标Ⅰ卷）（空白卷）.pdf,papers/2017/语文/全国/新课标全国I卷/2017_语文_安徽_新课标全国I卷_原卷.pdf,1
2017,语文,福建,老高考,2021,全国卷,common,新课标全国I卷,present_common,H:\New folder\【新·PDF版】2008-2024·高考语文真题\版本2：语文（按省份分类）2008-2024\2012-2024·（福建）语文高考真题\2017年高考语文试卷（新课标Ⅰ卷）（空白卷）.pdf,papers/2017/语文/全国/新课标全国I卷/2017_语文_福建_新课标全国I卷_原卷.pdf,2
2017,语文,江西,老高考,2024,全国卷,common,新课标全国I卷,present_common,H:\New folder\【新·PDF版】2008-2024·高考语文真题\版本2：语文（按省份分类）2008-2024\2012-2024·（江西）语文高考真题\2017年高考语文试卷（新课标Ⅰ卷）（空白卷）.pdf,papers/2017/语文/全国/新课标全国I卷/2017_语文_江西_新课标全国I卷_原卷.pdf,2
2017,语文,山东,老高考,2020,地方/区域卷,local,山东卷,present_local,H:\New folder\【新·PDF版】2008-2024·高考语文真题\版本2：语文（按省份分类）2008-2024\2008-2024·（山东）语文高考真题\2017年高考语文试卷（山东）（空白卷）.pdf,papers/2017/语文/山东/山东卷/2017_语文_山东_山东卷_原卷.pdf,2
2017,语文,河南,老高考,2025,全国卷,common,新课标全国I卷,present_common,H:\New folder\【新·PDF版】2008-2024·高考语文真题\版本2：语文（按省份分类）2008-2024\2008-2024·（河南）语文高考真题\2017年高考语文试卷（新课标Ⅰ卷）（空白卷）.pdf,papers/2017/语文/全国/新课标全国I卷/2017_语文_河南_新课标全国I卷_原卷.pdf,2
2017,语文,湖北,老高考,2021,全国卷,common,新课标全国I卷,present_common,H:\New folder\【新·PDF版】2008-2024·高考语文真题\版本2：语文（按省份分类）2008-2024\2012-2024·（湖北）语文高考真题\2017年高考语文试卷（新课标Ⅰ卷）（空白卷）.pdf,papers/2017/语文/全国/新课标全国I卷/2017_语文_湖北_新课标全国I卷_原卷.pdf,2
2017,语文,湖南,老高考,2021,全国卷,common,新课标全国I卷,present_common,H:\New folder\【新·PDF版】2008-2024·高考语文真题\版本2：语文（按省份分类）2008-2024\2008-2024·（湖南）语文高考真题\2017年高考语文试卷（新课标Ⅰ卷）（空白卷）.pdf,papers/2017/语文/全国/新课标全国I卷/2017_语文_湖南_新课标全国I卷_原卷.pdf,2
2017,语文,广东,老高考,2021,全国卷,common,新课标全国I卷,present_common,H:\New folder\【新·PDF版】2008-2024·高考语文真题\版本2：语文（按省份分类）2008-2024\2008-2024·（广东）语文高考真题\2017年高考语文试卷（新课标Ⅰ卷）（空白卷）.pdf,papers/2017/语文/全国/新课标全国I卷/2017_语文_广东_新课标全国I卷_原卷.pdf,3
2017,语文,广西,老高考,2024,全国卷,common,新课标全国III卷,present_common,H:\New folder\【新·PDF版】2008-2024·高考语文真题\版本2：语文（按省份分类）2008-2024\2008-2024·（广西）语文高考真题\2017年高考语文试卷（新课标Ⅲ卷）（空白卷）.pdf,papers/2017/语文/全国/新课标全国III卷/2017_语文_广西_新课标全国III卷_原卷.pdf,2
2017,语文,海南,老高考,2020,全国卷,common,新课标全国II卷,present_common,H:\New folder\【新·PDF版】2008-2024·高考语文真题\版本2：语文（按省份分类）2008-2024\2008-2024·（海南）语文高考真题\2017年高考语文试卷（新课标Ⅱ卷）（空白卷）.pdf,papers/2017/语文/全国/新课标全国II卷/2017_语文_海南_新课标全国II卷_原卷.pdf,2
2017,语文,重庆,老高考,2021,全国卷,common,新课标全国II卷,present_common,H:\New folder\【新·PDF版】2008-2024·高考语文真题\版本2：语文（按省份分类）2008-2024\2012-2024·（重庆）语文高考真题\2017年高考语文试卷（新课标Ⅱ卷）（空白卷）.pdf,papers/2017/语文/全国/新课标全国II卷/2017_语文_重庆_新课标全国II卷_原卷.pdf,2
2017,语文,四川,老高考,2025,全国卷,common,新课标全国III卷,present_common,H:\New folder\【新·PDF版】2008-2024·高考语文真题\版本2：语文（按省份分类）2008-2024\2008-2024·（四川）语文高考真题\2017年高考语文试卷（新课标Ⅲ卷）（空白卷）(1).pdf,papers/2017/语文/全国/新课标全国III卷/2017_语文_四川_新课标全国III卷_原卷.pdf,3
2017,语文,贵州,老高考,2024,全国卷,common,新课标全国III卷,present_common,H:\New folder\【新·PDF版】2008-2024·高考语文真题\版本2：语文（按省份分类）2008-2024\2008-2024·（贵州）语文高考真题\2017年高考语文试卷（新课标Ⅲ卷）（空白卷）.pdf,papers/2017/语文/全国/新课标全国III卷/2017_语文_贵州_新课标全国III卷_原卷.pdf,2
2017,语文,云南,老高考,2025,全国卷,common,新课标全国III卷,present_common,H:\New folder\【新·PDF版】2008-2024·高考语文真题\版本2：语文（按省份分类）2008-2024\2008-2024·（云南）语文高考真题\2017年高考语文试卷（新课标Ⅲ卷）（空白卷）.pdf,papers/2017/语文/全国/新课标全国III卷/2017_语文_云南_新课标全国III卷_原卷.pdf,2
2017,语文,西藏,老高考,,全国卷,common,新课标全国II卷,present_common,H:\New folder\【新·PDF版】2008-2024·高考语文真题\版本2：语文（按省份分类）2008-2024\2008-2024·（西藏）语文高考真题\2017年高考语文试卷（新课标Ⅱ卷）（空白卷）.pdf,papers/2017/语文/全国/新课标全国II卷/2017_语文_西藏_新课标全国II卷_原卷.pdf,1
2017,语文,陕西,老高考,2025,全国卷,common,新课标全国II卷,present_common,H:\New folder\【新·PDF版】2008-2024·高考语文真题\版本2：语文（按省份分类）2008-2024\2008-2024·（陕西）语文高考真题\2017年高考语文试卷（新课标Ⅱ卷）（空白卷）.pdf,papers/2017/语文/全国/新课标全国II卷/2017_语文_陕西_新课标全国II卷_原卷.pdf,2
2017,语文,甘肃,老高考,2024,全国卷,common,新课标全国II卷,present_common,H:\New folder\【新·PDF版】2008-2024·高考语文真题\版本2：语文（按省份分类）2008-2024\2008-2024·（甘肃）语文高考真题\2017年高考语文试卷（新课标Ⅱ卷）（空白卷）(1).pdf,papers/2017/语文/全国/新课标全国II卷/2017_语文_甘肃_新课标全国II卷_原卷.pdf,3
2017,语文,青海,老高考,2025,全国卷,common,新课标全国II卷,present_common,H:\New folder\【新·PDF版】2008-2024·高考语文真题\版本2：语文（按省份分类）2008-2024\2008-2024·（青海）语文高考真题\2017年高考语文试卷（新课标Ⅱ卷）（空白卷）.pdf,papers/2017/语文/全国/新课标全国II卷/2017_语文_青海_新课标全国II卷_原卷.pdf,2
2017,语文,宁夏,老高考,2025,全国卷,common,新课标全国II卷,present_common,H:\New folder\【新·PDF版】2008-2024·高考语文真题\版本2：语文（按省份分类）2008-2024\2008-2024·（宁夏）语文高考真题\2017年高考语文试卷（新课标Ⅱ卷）（空白卷）.pdf,papers/2017/语文/全国/新课标全国II卷/2017_语文_宁夏_新课标全国II卷_原卷.pdf,2
2017,语文,新疆,老高考,,全国卷,common,新课标全国II卷,present_common,H:\New folder\【新·PDF版】2008-2024·高考语文真题\版本2：语文（按省份分类）2008-2024\2008-2024·（新疆）语文高考真题\2017年高考语文试卷（新课标Ⅱ卷）（空白卷）.pdf,papers/2017/语文/全国/新课标全国II卷/2017_语文_新疆_新课标全国II卷_原卷.pdf,2
2018,语文,北京,老高考,2020,地方/区域卷,local,北京卷,present_local,H:\New folder\【新·PDF版】2008-2024·高考语文真题\版本2：语文（按省份分类）2008-2024\2008-2024·（北京）语文高考真题\2018年高考语文试卷（北京）（空白卷）.pdf,papers/2018/语文/北京/北京卷/2018_语文_北京_北京卷_原卷.pdf,2
2018,语文,天津,老高考,2020,地方/区域卷,local,天津卷,present_local,H:\New folder\【新·PDF版】2008-2024·高考语文真题\版本2：语文（按省份分类）2008-2024\2008-2023·（天津）语文高考真题\2018年高考语文试卷（天津）（空白卷）.pdf,papers/2018/语文/天津/天津卷/2018_语文_天津_天津卷_原卷.pdf,2
2018,语文,河北,老高考,2021,全国卷,common,新课标全国I卷,present_common,H:\New folder\【新·PDF版】2008-2024·高考语文真题\版本2：语文（按省份分类）2008-2024\2008-2024·（河北）语文高考真题\2018年高考语文试卷（新课标Ⅰ卷）（空白卷）.pdf,papers/2018/语文/全国/新课标全国I卷/2018_语文_河北_新课标全国I卷_原卷.pdf,2
2018,语文,山西,老高考,2025,全国卷,common,新课标全国I卷,present_common,H:\New folder\【新·PDF版】2008-2024·高考语文真题\版本2：语文（按省份分类）2008-2024\2008-2024·（山西）语文高考真题\2018年高考语文试卷（新课标Ⅰ卷）（空白卷）.pdf,papers/2018/语文/全国/新课标全国I卷/2018_语文_山西_新课标全国I卷_原卷.pdf,2
2018,语文,内蒙古,老高考,2025,全国卷,common,新课标全国II卷,present_common,H:\New folder\【新·PDF版】2008-2024·高考语文真题\版本2：语文（按省份分类）2008-2024\2008-2024·（内蒙古）语文高考真题\2018年高考语文试卷（新课标Ⅱ卷）（空白卷）.pdf,papers/2018/语文/全国/新课标全国II卷/2018_语文_内蒙古_新课标全国II卷_原卷.pdf,2
2018,语文,辽宁,老高考,2021,全国卷,common,新课标全国II卷,present_common,H:\New folder\【新·PDF版】2008-2024·高考语文真题\版本2：语文（按省份分类）2008-2024\2012-2024·（辽宁）语文高考真题\2018年高考语文试卷（新课标Ⅱ卷）（空白卷）.pdf,papers/2018/语文/全国/新课标全国II卷/2018_语文_辽宁_新课标全国II卷_原卷.pdf,3
2018,语文,吉林,老高考,2024,全国卷,common,新课标全国II卷,present_common,H:\New folder\【新·PDF版】2008-2024·高考语文真题\版本2：语文（按省份分类）2008-2024\2008-2024·（吉林）语文高考真题\2018年高考语文试卷（新课标Ⅱ卷）（空白卷）.pdf,papers/2018/语文/全国/新课标全国II卷/2018_语文_吉林_新课标全国II卷_原卷.pdf,3
2018,语文,黑龙江,老高考,2024,全国卷,common,新课标全国II卷,present_common,H:\New folder\【新·PDF版】2008-2024·高考语文真题\版本2：语文（按省份分类）2008-2024\2008-2024·（黑龙江）语文高考真题\2018年高考语文试卷（新课标Ⅱ卷）（空白卷）.pdf,papers/2018/语文/全国/新课标全国II卷/2018_语文_黑龙江_新课标全国II卷_原卷.pdf,2
2018,语文,上海,新高考,2017,地方/区域卷,local,上海卷,present_local,H:\New folder\【新·PDF版】2008-2024·高考语文真题\版本2：语文（按省份分类）2008-2024\2008-2023·（上海）语文高考真题\2018年高考语文试卷（上海）（秋考）（空白卷）.pdf,papers/2018/语文/上海/上海卷/2018_语文_上海_上海卷_原卷.pdf,2
2018,语文,江苏,老高考,2021,地方/区域卷,local,江苏卷,present_local,H:\New folder\【新·PDF版】2008-2024·高考语文真题\版本2：语文（按省份分类）2008-2024\2008-2024·（江苏）语文高考真题\2018年高考语文试卷（江苏）（空白卷）   .pdf,papers/2018/语文/江苏/江苏卷/2018_语文_江苏_江苏卷_原卷.pdf,2
2018,语文,浙江,新高考,2017,地方/区域卷,local,浙江卷,present_local,H:\New folder\【新·PDF版】2008-2024·高考语文真题\版本2：语文（按省份分类）2008-2024\2008-2024·（浙江）语文高考真题\2018年高考语文试卷（浙江）（空白卷）.pdf,papers/2018/语文/浙江/浙江卷/2018_语文_浙江_浙江卷_原卷.pdf,2
2018,语文,安徽,老高考,2024,全国卷,common,新课标全国I卷,present_common,H:\New folder\【新·PDF版】2008-2024·高考语文真题\版本2：语文（按省份分类）2008-2024\2012-2024·（安徽）语文高考真题\2018年高考语文试卷（新课标Ⅰ卷）（空白卷）.pdf,papers/2018/语文/全国/新课标全国I卷/2018_语文_安徽_新课标全国I卷_原卷.pdf,2
2018,语文,福建,老高考,2021,全国卷,common,新课标全国I卷,present_common,H:\New folder\【新·PDF版】2008-2024·高考语文真题\版本2：语文（按省份分类）2008-2024\2012-2024·（福建）语文高考真题\2018年高考语文试卷（新课标Ⅰ卷）（空白卷）.pdf,papers/2018/语文/全国/新课标全国I卷/2018_语文_福建_新课标全国I卷_原卷.pdf,2
2018,语文,江西,老高考,2024,全国卷,common,新课标全国I卷,present_common,H:\New folder\【新·PDF版】2008-2024·高考语文真题\版本2：语文（按省份分类）2008-2024\2012-2024·（江西）语文高考真题\2018年高考语文试卷（新课标Ⅰ卷）（空白卷）.pdf,papers/2018/语文/全国/新课标全国I卷/2018_语文_江西_新课标全国I卷_原卷.pdf,2
2018,语文,山东,老高考,2020,全国卷,common,新课标全国I卷,present_common,H:\New folder\【新·PDF版】2008-2024·高考语文真题\版本2：语文（按省份分类）2008-2024\2008-2024·（山东）语文高考真题\2018年高考语文试卷（新课标Ⅰ卷）（空白卷）.pdf,papers/2018/语文/全国/新课标全国I卷/2018_语文_山东_新课标全国I卷_原卷.pdf,2
2018,语文,河南,老高考,2025,全国卷,common,新课标全国I卷,present_common,H:\New folder\【新·PDF版】2008-2024·高考语文真题\版本2：语文（按省份分类）2008-2024\2008-2024·（河南）语文高考真题\2018年高考语文试卷（新课标Ⅰ卷）（空白卷）.pdf,papers/2018/语文/全国/新课标全国I卷/2018_语文_河南_新课标全国I卷_原卷.pdf,2
2018,语文,湖北,老高考,2021,全国卷,common,新课标全国I卷,present_common,H:\New folder\【新·PDF版】2008-2024·高考语文真题\版本2：语文（按省份分类）2008-2024\2012-2024·（湖北）语文高考真题\2018年高考语文试卷（新课标Ⅰ卷）（空白卷）.pdf,papers/2018/语文/全国/新课标全国I卷/2018_语文_湖北_新课标全国I卷_原卷.pdf,2
2018,语文,湖南,老高考,2021,全国卷,common,新课标全国I卷,present_common,H:\New folder\【新·PDF版】2008-2024·高考语文真题\版本2：语文（按省份分类）2008-2024\2008-2024·（湖南）语文高考真题\2018年高考语文试卷（新课标Ⅰ卷）（空白卷）.pdf,papers/2018/语文/全国/新课标全国I卷/2018_语文_湖南_新课标全国I卷_原卷.pdf,2
2018,语文,广东,老高考,2021,全国卷,common,新课标全国I卷,present_common,H:\New folder\【新·PDF版】2008-2024·高考语文真题\版本2：语文（按省份分类）2008-2024\2008-2024·（广东）语文高考真题\2018年高考语文试卷（新课标Ⅰ卷）（空白卷）.pdf,papers/2018/语文/全国/新课标全国I卷/2018_语文_广东_新课标全国I卷_原卷.pdf,2
2018,语文,广西,老高考,2024,全国卷,common,新课标全国III卷,present_common,H:\New folder\【新·PDF版】2008-2024·高考语文真题\版本2：语文（按省份分类）2008-2024\2008-2024·（广西）语文高考真题\2018年高考语文试卷（新课标Ⅲ卷）（空白卷）.pdf,papers/2018/语文/全国/新课标全国III卷/2018_语文_广西_新课标全国III卷_原卷.pdf,2
2018,语文,海南,老高考,2020,全国卷,common,新课标全国II卷,present_common,H:\New folder\【新·PDF版】2008-2024·高考语文真题\版本2：语文（按省份分类）2008-2024\2008-2024·（海南）语文高考真题\2018年高考语文试卷（新课标Ⅱ卷）（空白卷）.pdf,papers/2018/语文/全国/新课标全国II卷/2018_语文_海南_新课标全国II卷_原卷.pdf,2
2018,语文,重庆,老高考,2021,全国卷,common,新课标全国II卷,present_common,H:\New folder\【新·PDF版】2008-2024·高考语文真题\版本2：语文（按省份分类）2008-2024\2012-2024·（重庆）语文高考真题\2018年高考语文试卷（新课标Ⅱ卷）（空白卷）.pdf,papers/2018/语文/全国/新课标全国II卷/2018_语文_重庆_新课标全国II卷_原卷.pdf,2
2018,语文,四川,老高考,2025,全国卷,common,新课标全国III卷,present_common,H:\New folder\【新·PDF版】2008-2024·高考语文真题\版本2：语文（按省份分类）2008-2024\2008-2024·（四川）语文高考真题\2018年高考语文试卷（新课标Ⅲ卷）（空白卷）.pdf,papers/2018/语文/全国/新课标全国III卷/2018_语文_四川_新课标全国III卷_原卷.pdf,2
2018,语文,贵州,老高考,2024,全国卷,common,新课标全国III卷,present_common,H:\New folder\【新·PDF版】2008-2024·高考语文真题\版本2：语文（按省份分类）2008-2024\2008-2024·（贵州）语文高考真题\2018年高考语文试卷（新课标Ⅲ卷）（空白卷）(1).pdf,papers/2018/语文/全国/新课标全国III卷/2018_语文_贵州_新课标全国III卷_原卷.pdf,3
2018,语文,云南,老高考,2025,全国卷,common,新课标全国III卷,present_common,H:\New folder\【新·PDF版】2008-2024·高考语文真题\版本2：语文（按省份分类）2008-2024\2008-2024·（云南）语文高考真题\2018年高考语文试卷（新课标Ⅲ卷）（空白卷）.pdf,papers/2018/语文/全国/新课标全国III卷/2018_语文_云南_新课标全国III卷_原卷.pdf,2
2018,语文,西藏,老高考,,全国卷,common,新课标全国II卷,present_common,H:\New folder\【新·PDF版】2008-2024·高考语文真题\版本2：语文（按省份分类）2008-2024\2008-2024·（西藏）语文高考真题\2018年高考语文试卷（新课标Ⅱ卷）（空白卷）.pdf,papers/2018/语文/全国/新课标全国II卷/2018_语文_西藏_新课标全国II卷_原卷.pdf,2
2018,语文,陕西,老高考,2025,全国卷,common,新课标全国II卷,present_common,H:\New folder\【新·PDF版】2008-2024·高考语文真题\版本2：语文（按省份分类）2008-2024\2008-2024·（陕西）语文高考真题\2018年高考语文试卷（新课标Ⅱ卷）（空白卷）.pdf,papers/2018/语文/全国/新课标全国II卷/2018_语文_陕西_新课标全国II卷_原卷.pdf,2
2018,语文,甘肃,老高考,2024,全国卷,common,新课标全国I卷,present_common,H:\New folder\【新·PDF版】2008-2024·高考语文真题\版本2：语文（按省份分类）2008-2024\2008-2024·（甘肃）语文高考真题\2018年高考语文试卷（新课标Ⅰ卷）（空白卷）.pdf,papers/2018/语文/全国/新课标全国I卷/2018_语文_甘肃_新课标全国I卷_原卷.pdf,3
2018,语文,青海,老高考,2025,全国卷,common,新课标全国II卷,present_common,H:\New folder\【新·PDF版】2008-2024·高考语文真题\版本2：语文（按省份分类）2008-2024\2008-2024·（青海）语文高考真题\2018年高考语文试卷（新课标Ⅱ卷）（空白卷）.pdf,papers/2018/语文/全国/新课标全国II卷/2018_语文_青海_新课标全国II卷_原卷.pdf,2
2018,语文,宁夏,老高考,2025,全国卷,common,新课标全国II卷,present_common,H:\New folder\【新·PDF版】2008-2024·高考语文真题\版本2：语文（按省份分类）2008-2024\2008-2024·（宁夏）语文高考真题\2018年高考语文试卷（新课标Ⅱ卷）（空白卷）.pdf,papers/2018/语文/全国/新课标全国II卷/2018_语文_宁夏_新课标全国II卷_原卷.pdf,2
2018,语文,新疆,老高考,,全国卷,common,新课标全国II卷,present_common,H:\New folder\【新·PDF版】2008-2024·高考语文真题\版本2：语文（按省份分类）2008-2024\2008-2024·（新疆）语文高考真题\2018年高考语文试卷（新课标Ⅱ卷）（空白卷）.pdf,papers/2018/语文/全国/新课标全国II卷/2018_语文_新疆_新课标全国II卷_原卷.pdf,2
2019,语文,北京,老高考,2020,地方/区域卷,local,北京卷,present_local,H:\New folder\【新·PDF版】2008-2024·高考语文真题\版本2：语文（按省份分类）2008-2024\2008-2024·（北京）语文高考真题\2019年高考语文试卷（北京）（空白卷）.pdf,papers/2019/语文/北京/北京卷/2019_语文_北京_北京卷_原卷.pdf,2
2019,语文,天津,老高考,2020,地方/区域卷,local,天津卷,present_local,H:\New folder\【新·PDF版】2008-2024·高考语文真题\版本2：语文（按省份分类）2008-2024\2008-2023·（天津）语文高考真题\2019年高考语文试卷（天津）（空白卷）.pdf,papers/2019/语文/天津/天津卷/2019_语文_天津_天津卷_原卷.pdf,2
2019,语文,河北,老高考,2021,全国卷,common,新课标全国I卷,present_common,H:\New folder\【新·PDF版】2008-2024·高考语文真题\版本2：语文（按省份分类）2008-2024\2008-2024·（河北）语文高考真题\2019年高考语文试卷（新课标Ⅰ卷）（空白卷）.pdf,papers/2019/语文/全国/新课标全国I卷/2019_语文_河北_新课标全国I卷_原卷.pdf,2
2019,语文,山西,老高考,2025,全国卷,common,新课标全国I卷,present_common,H:\New folder\【新·PDF版】2008-2024·高考语文真题\版本2：语文（按省份分类）2008-2024\2008-2024·（山西）语文高考真题\2019年高考语文试卷（新课标Ⅰ卷）（空白卷）.pdf,papers/2019/语文/全国/新课标全国I卷/2019_语文_山西_新课标全国I卷_原卷.pdf,2
2019,语文,内蒙古,老高考,2025,全国卷,common,新课标全国II卷,present_common,H:\New folder\【新·PDF版】2008-2024·高考语文真题\版本2：语文（按省份分类）2008-2024\2008-2024·（内蒙古）语文高考真题\2019年高考语文试卷（新课标Ⅱ卷）（空白卷）.pdf,papers/2019/语文/全国/新课标全国II卷/2019_语文_内蒙古_新课标全国II卷_原卷.pdf,2
2019,语文,辽宁,老高考,2021,全国卷,common,新课标全国II卷,present_common,H:\New folder\【新·PDF版】2008-2024·高考语文真题\版本2：语文（按省份分类）2008-2024\2012-2024·（辽宁）语文高考真题\2019年高考语文试卷（新课标Ⅱ卷）（空白卷）.pdf,papers/2019/语文/全国/新课标全国II卷/2019_语文_辽宁_新课标全国II卷_原卷.pdf,2
2019,语文,吉林,老高考,2024,全国卷,common,新课标全国II卷,present_common,H:\New folder\【新·PDF版】2008-2024·高考语文真题\版本2：语文（按省份分类）2008-2024\2008-2024·（吉林）语文高考真题\2019年高考语文试卷（新课标Ⅱ卷）（空白卷）(1).pdf,papers/2019/语文/全国/新课标全国II卷/2019_语文_吉林_新课标全国II卷_原卷.pdf,3
2019,语文,黑龙江,老高考,2024,全国卷,common,新课标全国II卷,present_common,H:\New folder\【新·PDF版】2008-2024·高考语文真题\版本2：语文（按省份分类）2008-2024\2008-2024·（黑龙江）语文高考真题\2019年高考语文试卷（新课标Ⅱ卷）（空白卷）.pdf,papers/2019/语文/全国/新课标全国II卷/2019_语文_黑龙江_新课标全国II卷_原卷.pdf,2
2019,语文,上海,新高考,2017,地方/区域卷,local,上海卷,present_local,H:\New folder\【新·PDF版】2008-2024·高考语文真题\版本2：语文（按省份分类）2008-2024\2008-2023·（上海）语文高考真题\2019年高考语文试卷（上海）（春考）（空白卷）.pdf,papers/2019/语文/上海/上海卷/2019_语文_上海_上海卷_原卷.pdf,3
2019,语文,江苏,老高考,2021,地方/区域卷,local,江苏卷,present_local,H:\New folder\【新·PDF版】2008-2024·高考语文真题\版本2：语文（按省份分类）2008-2024\2008-2024·（江苏）语文高考真题\2019年高考语文试卷（江苏）（空白卷）   .pdf,papers/2019/语文/江苏/江苏卷/2019_语文_江苏_江苏卷_原卷.pdf,3
2019,语文,浙江,新高考,2017,地方/区域卷,local,浙江卷,present_local,H:\New folder\【新·PDF版】2008-2024·高考语文真题\版本2：语文（按省份分类）2008-2024\2008-2024·（浙江）语文高考真题\2019年高考语文试卷（浙江）（空白卷）.pdf,papers/2019/语文/浙江/浙江卷/2019_语文_浙江_浙江卷_原卷.pdf,2
2019,语文,安徽,老高考,2024,全国卷,common,新课标全国I卷,present_common,H:\New folder\【新·PDF版】2008-2024·高考语文真题\版本2：语文（按省份分类）2008-2024\2012-2024·（安徽）语文高考真题\2019年高考语文试卷（新课标Ⅰ卷）（空白卷）.pdf,papers/2019/语文/全国/新课标全国I卷/2019_语文_安徽_新课标全国I卷_原卷.pdf,2
2019,语文,福建,老高考,2021,全国卷,common,新课标全国I卷,present_common,H:\New folder\【新·PDF版】2008-2024·高考语文真题\版本2：语文（按省份分类）2008-2024\2012-2024·（福建）语文高考真题\2019年高考语文试卷（新课标Ⅰ卷）（空白卷）.pdf,papers/2019/语文/全国/新课标全国I卷/2019_语文_福建_新课标全国I卷_原卷.pdf,2
2019,语文,江西,老高考,2024,地方/区域卷,local,浙江卷,present_local,H:\New folder\【新·PDF版】2008-2024·高考语文真题\版本2：语文（按省份分类）2008-2024\2012-2024·（江西）语文高考真题\2019年高考语文试卷（浙江）（空白卷）.pdf,papers/2019/语文/江西/浙江卷/2019_语文_江西_浙江卷_原卷.pdf,3
2019,语文,山东,老高考,2020,全国卷,common,新课标全国I卷,present_common,H:\New folder\【新·PDF版】2008-2024·高考语文真题\版本2：语文（按省份分类）2008-2024\2008-2024·（山东）语文高考真题\2019年高考语文试卷（新课标Ⅰ卷）（空白卷）.pdf,papers/2019/语文/全国/新课标全国I卷/2019_语文_山东_新课标全国I卷_原卷.pdf,2
2019,语文,河南,老高考,2025,全国卷,common,新课标全国I卷,present_common,H:\New folder\【新·PDF版】2008-2024·高考语文真题\版本2：语文（按省份分类）2008-2024\2008-2024·（河南）语文高考真题\2019年高考语文试卷（新课标Ⅰ卷）（空白卷）.pdf,papers/2019/语文/全国/新课标全国I卷/2019_语文_河南_新课标全国I卷_原卷.pdf,2
2019,语文,湖北,老高考,2021,全国卷,common,新课标全国I卷,present_common,H:\New folder\【新·PDF版】2008-2024·高考语文真题\版本2：语文（按省份分类）2008-2024\2012-2024·（湖北）语文高考真题\2019年高考语文试卷（新课标Ⅰ卷）（空白卷）.pdf,papers/2019/语文/全国/新课标全国I卷/2019_语文_湖北_新课标全国I卷_原卷.pdf,3
2019,语文,湖南,老高考,2021,全国卷,common,新课标全国I卷,present_common,H:\New folder\【新·PDF版】2008-2024·高考语文真题\版本2：语文（按省份分类）2008-2024\2008-2024·（湖南）语文高考真题\2019年高考语文试卷（新课标Ⅰ卷）（空白卷）.pdf,papers/2019/语文/全国/新课标全国I卷/2019_语文_湖南_新课标全国I卷_原卷.pdf,2
2019,语文,广东,老高考,2021,全国卷,common,新课标全国I卷,present_common,H:\New folder\【新·PDF版】2008-2024·高考语文真题\版本2：语文（按省份分类）2008-2024\2008-2024·（广东）语文高考真题\2019年高考语文试卷（新课标Ⅰ卷）（空白卷）.pdf,papers/2019/语文/全国/新课标全国I卷/2019_语文_广东_新课标全国I卷_原卷.pdf,2
2019,语文,广西,老高考,2024,全国卷,common,新课标全国III卷,present_common,H:\New folder\【新·PDF版】2008-2024·高考语文真题\版本2：语文（按省份分类）2008-2024\2008-2024·（广西）语文高考真题\2019年高考语文试卷（新课标Ⅲ卷）（空白卷）.pdf,papers/2019/语文/全国/新课标全国III卷/2019_语文_广西_新课标全国III卷_原卷.pdf,2
2019,语文,海南,老高考,2020,全国卷,common,新课标全国II卷,present_common,H:\New folder\【新·PDF版】2008-2024·高考语文真题\版本2：语文（按省份分类）2008-2024\2008-2024·（海南）语文高考真题\2019年高考语文试卷（新课标Ⅱ卷）（空白卷）.pdf,papers/2019/语文/全国/新课标全国II卷/2019_语文_海南_新课标全国II卷_原卷.pdf,2
2019,语文,重庆,老高考,2021,全国卷,common,新课标全国II卷,present_common,H:\New folder\【新·PDF版】2008-2024·高考语文真题\版本2：语文（按省份分类）2008-2024\2012-2024·（重庆）语文高考真题\2019年高考语文试卷（新课标Ⅱ卷）（空白卷）.pdf,papers/2019/语文/全国/新课标全国II卷/2019_语文_重庆_新课标全国II卷_原卷.pdf,1
2019,语文,四川,老高考,2025,全国卷,common,新课标全国III卷,present_common,H:\New folder\【新·PDF版】2008-2024·高考语文真题\版本2：语文（按省份分类）2008-2024\2008-2024·（四川）语文高考真题\2019年高考语文试卷（新课标Ⅲ卷）（空白卷）.pdf,papers/2019/语文/全国/新课标全国III卷/2019_语文_四川_新课标全国III卷_原卷.pdf,2
2019,语文,贵州,老高考,2024,全国卷,common,新课标全国III卷,present_common,H:\New folder\【新·PDF版】2008-2024·高考语文真题\版本2：语文（按省份分类）2008-2024\2008-2024·（贵州）语文高考真题\2019年高考语文试卷（新课标Ⅲ卷）（空白卷）.pdf,papers/2019/语文/全国/新课标全国III卷/2019_语文_贵州_新课标全国III卷_原卷.pdf,2
2019,语文,云南,老高考,2025,全国卷,common,新课标全国III卷,present_common,H:\New folder\【新·PDF版】2008-2024·高考语文真题\版本2：语文（按省份分类）2008-2024\2008-2024·（云南）语文高考真题\2019年高考语文试卷（新课标Ⅲ卷）（空白卷）.pdf,papers/2019/语文/全国/新课标全国III卷/2019_语文_云南_新课标全国III卷_原卷.pdf,2
2019,语文,西藏,老高考,,全国卷,common,新课标全国III卷,present_common,H:\New folder\【新·PDF版】2008-2024·高考语文真题\版本2：语文（按省份分类）2008-2024\2008-2024·（西藏）语文高考真题\2019年高考语文试卷（新课标Ⅲ卷）（空白卷）.pdf,papers/2019/语文/全国/新课标全国III卷/2019_语文_西藏_新课标全国III卷_原卷.pdf,2
2019,语文,陕西,老高考,2025,全国卷,common,新课标全国II卷,present_common,H:\New folder\【新·PDF版】2008-2024·高考语文真题\版本2：语文（按省份分类）2008-2024\2008-2024·（陕西）语文高考真题\2019年高考语文试卷（新课标Ⅱ卷）（空白卷）(1).pdf,papers/2019/语文/全国/新课标全国II卷/2019_语文_陕西_新课标全国II卷_原卷.pdf,3
2019,语文,甘肃,老高考,2024,全国卷,common,新课标全国II卷,present_common,H:\New folder\【新·PDF版】2008-2024·高考语文真题\版本2：语文（按省份分类）2008-2024\2008-2024·（甘肃）语文高考真题\2019年高考语文试卷（新课标Ⅱ卷）（空白卷）.pdf,papers/2019/语文/全国/新课标全国II卷/2019_语文_甘肃_新课标全国II卷_原卷.pdf,2
2019,语文,青海,老高考,2025,全国卷,common,新课标全国II卷,present_common,H:\New folder\【新·PDF版】2008-2024·高考语文真题\版本2：语文（按省份分类）2008-2024\2008-2024·（青海）语文高考真题\2019年高考语文试卷（新课标Ⅱ卷）（空白卷）.pdf,papers/2019/语文/全国/新课标全国II卷/2019_语文_青海_新课标全国II卷_原卷.pdf,2
2019,语文,宁夏,老高考,2025,全国卷,common,新课标全国II卷,present_common,H:\New folder\【新·PDF版】2008-2024·高考语文真题\版本2：语文（按省份分类）2008-2024\2008-2024·（宁夏）语文高考真题\2019年高考语文试卷（新课标Ⅱ卷）（空白卷）.pdf,papers/2019/语文/全国/新课标全国II卷/2019_语文_宁夏_新课标全国II卷_原卷.pdf,2
2019,语文,新疆,老高考,,全国卷,common,新课标全国II卷,present_common,H:\New folder\【新·PDF版】2008-2024·高考语文真题\版本2：语文（按省份分类）2008-2024\2008-2024·（新疆）语文高考真题\2019年高考语文试卷（新课标Ⅱ卷）（空白卷）.pdf,papers/2019/语文/全国/新课标全国II卷/2019_语文_新疆_新课标全国II卷_原卷.pdf,2
2020,语文,北京,新高考,2020,地方/区域卷,local,北京卷,present_local,H:\New folder\【新·PDF版】2008-2024·高考语文真题\版本2：语文（按省份分类）2008-2024\2008-2024·（北京）语文高考真题\2020年高考语文试卷（北京）（空白卷）.pdf,papers/2020/语文/北京/北京卷/2020_语文_北京_北京卷_原卷.pdf,2
2020,语文,天津,新高考,2020,地方/区域卷,local,天津卷,present_local,H:\New folder\【新·PDF版】2008-2024·高考语文真题\版本2：语文（按省份分类）2008-2024\2008-2023·（天津）语文高考真题\2020年高考语文试卷（天津）（空白卷）.pdf,papers/2020/语文/天津/天津卷/2020_语文_天津_天津卷_原卷.pdf,2
2020,语文,河北,老高考,2021,全国卷,common,新课标全国I卷,present_common,H:\New folder\【新·PDF版】2008-2024·高考语文真题\版本2：语文（按省份分类）2008-2024\2008-2024·（河北）语文高考真题\2020年高考语文试卷（新课标Ⅰ卷）（空白卷）.pdf,papers/2020/语文/全国/新课标全国I卷/2020_语文_河北_新课标全国I卷_原卷.pdf,2
2020,语文,山西,老高考,2025,全国卷,common,新课标全国I卷,present_common,H:\New folder\【新·PDF版】2008-2024·高考语文真题\版本2：语文（按省份分类）2008-2024\2008-2024·（山西）语文高考真题\2020年高考语文试卷（新课标Ⅰ卷）（空白卷）.pdf,papers/2020/语文/全国/新课标全国I卷/2020_语文_山西_新课标全国I卷_原卷.pdf,2
2020,语文,内蒙古,老高考,2025,全国卷,common,新课标全国II卷,present_common,H:\New folder\【新·PDF版】2008-2024·高考语文真题\版本2：语文（按省份分类）2008-2024\2008-2024·（内蒙古）语文高考真题\2020年高考语文试卷（新课标Ⅱ卷）（空白卷）.pdf,papers/2020/语文/全国/新课标全国II卷/2020_语文_内蒙古_新课标全国II卷_原卷.pdf,2
2020,语文,辽宁,老高考,2021,全国卷,common,新课标全国II卷,present_common,H:\New folder\【新·PDF版】2008-2024·高考语文真题\版本2：语文（按省份分类）2008-2024\2012-2024·（辽宁）语文高考真题\2020年高考语文试卷（新课标Ⅱ卷）（空白卷）.pdf,papers/2020/语文/全国/新课标全国II卷/2020_语文_辽宁_新课标全国II卷_原卷.pdf,2
2020,语文,吉林,老高考,2024,全国卷,common,新课标全国II卷,present_common,H:\New folder\【新·PDF版】2008-2024·高考语文真题\版本2：语文（按省份分类）2008-2024\2008-2024·（吉林）语文高考真题\2020年高考语文试卷（新课标Ⅱ卷）（空白卷）.pdf,papers/2020/语文/全国/新课标全国II卷/2020_语文_吉林_新课标全国II卷_原卷.pdf,2
2020,语文,黑龙江,老高考,2024,全国卷,common,新课标全国II卷,present_common,H:\New folder\【新·PDF版】2008-2024·高考语文真题\版本2：语文（按省份分类）2008-2024\2008-2024·（黑龙江）语文高考真题\2020年高考语文试卷（新课标Ⅱ卷）（空白卷）.pdf,papers/2020/语文/全国/新课标全国II卷/2020_语文_黑龙江_新课标全国II卷_原卷.pdf,2
2020,语文,上海,新高考,2017,地方/区域卷,local,上海卷,present_local,H:\New folder\【新·PDF版】2008-2024·高考语文真题\版本2：语文（按省份分类）2008-2024\2008-2023·（上海）语文高考真题\2020年高考语文试卷（上海）（春考）（空白卷）.pdf,papers/2020/语文/上海/上海卷/2020_语文_上海_上海卷_原卷.pdf,5
2020,语文,江苏,老高考,2021,地方/区域卷,local,江苏卷,present_local,H:\New folder\【新·PDF版】2008-2024·高考语文真题\版本2：语文（按省份分类）2008-2024\2008-2024·（江苏）语文高考真题\2020年高考语文试卷（江苏）（空白卷）   .pdf,papers/2020/语文/江苏/江苏卷/2020_语文_江苏_江苏卷_原卷.pdf,2
2020,语文,浙江,新高考,2017,地方/区域卷,local,浙江卷,present_local,H:\New folder\【新·PDF版】2008-2024·高考语文真题\版本2：语文（按省份分类）2008-2024\2008-2024·（浙江）语文高考真题\2020年高考语文试卷（浙江）（空白卷）.pdf,papers/2020/语文/浙江/浙江卷/2020_语文_浙江_浙江卷_原卷.pdf,2
2020,语文,安徽,老高考,2024,地方/区域卷,local,江苏卷,present_local,H:\New folder\【新·PDF版】2008-2024·高考语文真题\版本2：语文（按省份分类）2008-2024\2012-2024·（安徽）语文高考真题\2020年高考语文试卷（江苏）（解析卷）   .pdf,papers/2020/语文/安徽/江苏卷/2020_语文_安徽_江苏卷_原卷.pdf,3
2020,语文,福建,老高考,2021,全国卷,common,新课标全国III卷,present_common,H:\New folder\【新·PDF版】2008-2024·高考语文真题\版本2：语文（按省份分类）2008-2024\2012-2024·（福建）语文高考真题\2020年高考语文试卷（新课标Ⅲ卷）（解析.pdf,papers/2020/语文/全国/新课标全国III卷/2020_语文_福建_新课标全国III卷_原卷.pdf,2
2020,语文,江西,老高考,2024,全国卷,common,新课标全国I卷,present_common,H:\New folder\【新·PDF版】2008-2024·高考语文真题\版本2：语文（按省份分类）2008-2024\2012-2024·（江西）语文高考真题\2020年高考语文试卷（新课标Ⅰ卷）（空白卷）.pdf,papers/2020/语文/全国/新课标全国I卷/2020_语文_江西_新课标全国I卷_原卷.pdf,2
2020,语文,山东,新高考,2020,全国卷,common,新高考I卷,present_common,H:\New folder\【新·PDF版】2008-2024·高考语文真题\版本2：语文（按省份分类）2008-2024\2008-2024·（山东）语文高考真题\2020年高考语文试卷（新高考Ⅰ卷）（山东）（空白卷）.pdf,papers/2020/语文/全国/新高考I卷/2020_语文_山东_新高考I卷_原卷.pdf,2
2020,语文,河南,老高考,2025,全国卷,common,新课标全国I卷,present_common,H:\New folder\【新·PDF版】2008-2024·高考语文真题\版本2：语文（按省份分类）2008-2024\2008-2024·（河南）语文高考真题\2020年高考语文试卷（新课标Ⅰ卷）（空白卷）.pdf,papers/2020/语文/全国/新课标全国I卷/2020_语文_河南_新课标全国I卷_原卷.pdf,2
2020,语文,湖北,老高考,2021,全国卷,common,新课标全国I卷,present_common,H:\New folder\【新·PDF版】2008-2024·高考语文真题\版本2：语文（按省份分类）2008-2024\2012-2024·（湖北）语文高考真题\2020年高考语文试卷（新课标Ⅰ卷）（解析卷）.pdf,papers/2020/语文/全国/新课标全国I卷/2020_语文_湖北_新课标全国I卷_原卷.pdf,1
2020,语文,湖南,老高考,2021,全国卷,common,新课标全国I卷,present_common,H:\New folder\【新·PDF版】2008-2024·高考语文真题\版本2：语文（按省份分类）2008-2024\2008-2024·（湖南）语文高考真题\2020年高考语文试卷（新课标Ⅰ卷）（空白卷）.pdf,papers/2020/语文/全国/新课标全国I卷/2020_语文_湖南_新课标全国I卷_原卷.pdf,2
2020,语文,广东,老高考,2021,全国卷,common,新课标全国I卷,present_common,H:\New folder\【新·PDF版】2008-2024·高考语文真题\版本2：语文（按省份分类）2008-2024\2008-2024·（广东）语文高考真题\2020年高考语文试卷（新课标Ⅰ卷）（空白卷）.pdf,papers/2020/语文/全国/新课标全国I卷/2020_语文_广东_新课标全国I卷_原卷.pdf,2
2020,语文,广西,老高考,2024,全国卷,common,新课标全国III卷,present_common,H:\New folder\【新·PDF版】2008-2024·高考语文真题\版本2：语文（按省份分类）2008-2024\2008-2024·（广西）语文高考真题\2020年高考语文试卷（新课标Ⅲ卷）（空白卷）.pdf,papers/2020/语文/全国/新课标全国III卷/2020_语文_广西_新课标全国III卷_原卷.pdf,2
2020,语文,海南,新高考,2020,全国卷,common,新高考II卷,present_common,H:\New folder\【新·PDF版】2008-2024·高考语文真题\版本2：语文（按省份分类）2008-2024\2008-2024·（海南）语文高考真题\2020年高考语文试卷（新高考Ⅱ卷）（海南）（空白卷）.pdf,papers/2020/语文/全国/新高考II卷/2020_语文_海南_新高考II卷_原卷.pdf,2
2020,语文,重庆,老高考,2021,全国卷,common,新课标全国II卷,present_common,H:\New folder\【新·PDF版】2008-2024·高考语文真题\版本2：语文（按省份分类）2008-2024\2012-2024·（重庆）语文高考真题\2020年高考语文试卷（新课标Ⅱ卷）（空白卷）.pdf,papers/2020/语文/全国/新课标全国II卷/2020_语文_重庆_新课标全国II卷_原卷.pdf,2
2020,语文,四川,老高考,2025,全国卷,common,新课标全国III卷,present_common,H:\New folder\【新·PDF版】2008-2024·高考语文真题\版本2：语文（按省份分类）2008-2024\2008-2024·（四川）语文高考真题\2020年高考语文试卷（新课标Ⅲ卷）（空白卷）.pdf,papers/2020/语文/全国/新课标全国III卷/2020_语文_四川_新课标全国III卷_原卷.pdf,2
2020,语文,贵州,老高考,2024,全国卷,common,新课标全国III卷,present_common,H:\New folder\【新·PDF版】2008-2024·高考语文真题\版本2：语文（按省份分类）2008-2024\2008-2024·（贵州）语文高考真题\2020年高考语文试卷（新课标Ⅲ卷）（空白卷）.pdf,papers/2020/语文/全国/新课标全国III卷/2020_语文_贵州_新课标全国III卷_原卷.pdf,2
2020,语文,云南,老高考,2025,全国卷,common,新课标全国III卷,present_common,H:\New folder\【新·PDF版】2008-2024·高考语文真题\版本2：语文（按省份分类）2008-2024\2008-2024·（云南）语文高考真题\2020年高考语文试卷（新课标Ⅲ卷）（空白卷）.pdf,papers/2020/语文/全国/新课标全国III卷/2020_语文_云南_新课标全国III卷_原卷.pdf,2
2020,语文,西藏,老高考,,全国卷,common,新课标全国III卷,present_common,H:\New folder\【新·PDF版】2008-2024·高考语文真题\版本2：语文（按省份分类）2008-2024\2008-2024·（西藏）语文高考真题\2020年高考语文试卷（新课标Ⅲ卷）（空白卷）.pdf,papers/2020/语文/全国/新课标全国III卷/2020_语文_西藏_新课标全国III卷_原卷.pdf,3
2020,语文,陕西,老高考,2025,全国卷,common,新课标全国II卷,present_common,H:\New folder\【新·PDF版】2008-2024·高考语文真题\版本2：语文（按省份分类）2008-2024\2008-2024·（陕西）语文高考真题\2020年高考语文试卷（新课标Ⅱ卷）（空白卷）(1).pdf,papers/2020/语文/全国/新课标全国II卷/2020_语文_陕西_新课标全国II卷_原卷.pdf,3
2020,语文,甘肃,老高考,2024,全国卷,common,新课标全国II卷,present_common,H:\New folder\【新·PDF版】2008-2024·高考语文真题\版本2：语文（按省份分类）2008-2024\2008-2024·（甘肃）语文高考真题\2020年高考语文试卷（新课标Ⅱ卷）（空白卷）.pdf,papers/2020/语文/全国/新课标全国II卷/2020_语文_甘肃_新课标全国II卷_原卷.pdf,2
2020,语文,青海,老高考,2025,全国卷,common,新课标全国II卷,present_common,H:\New folder\【新·PDF版】2008-2024·高考语文真题\版本2：语文（按省份分类）2008-2024\2008-2024·（青海）语文高考真题\2020年高考语文试卷（新课标Ⅱ卷）（空白卷）.pdf,papers/2020/语文/全国/新课标全国II卷/2020_语文_青海_新课标全国II卷_原卷.pdf,2
2020,语文,宁夏,老高考,2025,全国卷,common,新课标全国II卷,present_common,H:\New folder\【新·PDF版】2008-2024·高考语文真题\版本2：语文（按省份分类）2008-2024\2008-2024·（宁夏）语文高考真题\2020年高考语文试卷（新课标Ⅱ卷）（空白卷）.pdf,papers/2020/语文/全国/新课标全国II卷/2020_语文_宁夏_新课标全国II卷_原卷.pdf,2
2020,语文,新疆,老高考,,全国卷,common,新课标全国II卷,present_common,H:\New folder\【新·PDF版】2008-2024·高考语文真题\版本2：语文（按省份分类）2008-2024\2008-2024·（新疆）语文高考真题\2020年高考语文试卷（新课标Ⅱ卷）（空白卷）.pdf,papers/2020/语文/全国/新课标全国II卷/2020_语文_新疆_新课标全国II卷_原卷.pdf,2
2021,语文,北京,新高考,2020,地方/区域卷,local,北京卷,present_local,H:\New folder\【新·PDF版】2008-2024·高考语文真题\版本2：语文（按省份分类）2008-2024\2008-2024·（北京）语文高考真题\2021年高考语文试卷（北京）（空白卷）.pdf,papers/2021/语文/北京/北京卷/2021_语文_北京_北京卷_原卷.pdf,2
2021,语文,天津,新高考,2020,地方/区域卷,local,天津卷,present_local,H:\New folder\【新·PDF版】2008-2024·高考语文真题\版本2：语文（按省份分类）2008-2024\2008-2023·（天津）语文高考真题\2021年高考语文试卷（天津）（空白卷）.pdf,papers/2021/语文/天津/天津卷/2021_语文_天津_天津卷_原卷.pdf,2
2021,语文,河北,新高考,2021,全国卷,common,新高考I卷,present_common,H:\New folder\【新·PDF版】2008-2024·高考语文真题\版本2：语文（按省份分类）2008-2024\2008-2024·（河北）语文高考真题\2021年高考语文试卷（新高考Ⅰ卷）（空白卷）.pdf,papers/2021/语文/全国/新高考I卷/2021_语文_河北_新高考I卷_原卷.pdf,2
2021,语文,山西,老高考,2025,全国卷,common,全国乙卷,present_common,H:\New folder\【新·PDF版】2008-2024·高考语文真题\版本2：语文（按省份分类）2008-2024\2008-2024·（山西）语文高考真题\2021年高考语文试卷（全国乙卷）（空白卷）(1).pdf,papers/2021/语文/全国/全国乙卷/2021_语文_山西_全国乙卷_原卷.pdf,3
2021,语文,内蒙古,老高考,2025,全国卷,common,全国乙卷,present_common,H:\New folder\【新·PDF版】2008-2024·高考语文真题\版本2：语文（按省份分类）2008-2024\2008-2024·（内蒙古）语文高考真题\2021年高考语文试卷（全国乙卷）（空白卷）.pdf,papers/2021/语文/全国/全国乙卷/2021_语文_内蒙古_全国乙卷_原卷.pdf,2
2021,语文,辽宁,新高考,2021,全国卷,common,新高考II卷,present_common,H:\New folder\【新·PDF版】2008-2024·高考语文真题\版本2：语文（按省份分类）2008-2024\2012-2024·（辽宁）语文高考真题\2021年高考语文试卷（新高考Ⅱ卷）（解析卷）.pdf,papers/2021/语文/全国/新高考II卷/2021_语文_辽宁_新高考II卷_原卷.pdf,1
2021,语文,吉林,老高考,2024,全国卷,common,全国乙卷,present_common,H:\New folder\【新·PDF版】2008-2024·高考语文真题\版本2：语文（按省份分类）2008-2024\2008-2024·（吉林）语文高考真题\2021年高考语文试卷（全国乙卷）（空白卷）.pdf,papers/2021/语文/全国/全国乙卷/2021_语文_吉林_全国乙卷_原卷.pdf,2
2021,语文,黑龙江,老高考,2024,全国卷,common,全国乙卷,present_common,H:\New folder\【新·PDF版】2008-2024·高考语文真题\版本2：语文（按省份分类）2008-2024\2008-2024·（黑龙江）语文高考真题\2021年高考语文试卷（全国乙卷）（空白卷）.pdf,papers/2021/语文/全国/全国乙卷/2021_语文_黑龙江_全国乙卷_原卷.pdf,2
2021,语文,上海,新高考,2017,地方/区域卷,local,上海卷,present_local,H:\New folder\【新·PDF版】2008-2024·高考语文真题\版本2：语文（按省份分类）2008-2024\2008-2023·（上海）语文高考真题\2021年高考语文试卷（上海）（春考）（空白卷）.pdf,papers/2021/语文/上海/上海卷/2021_语文_上海_上海卷_原卷.pdf,5
2021,语文,江苏,新高考,2021,全国卷,common,新高考I卷,present_common,H:\New folder\【新·PDF版】2008-2024·高考语文真题\版本2：语文（按省份分类）2008-2024\2008-2024·（江苏）语文高考真题\2021年高考语文试卷（新高考Ⅰ卷）（空白卷）.pdf,papers/2021/语文/全国/新高考I卷/2021_语文_江苏_新高考I卷_原卷.pdf,2
2021,语文,浙江,新高考,2017,地方/区域卷,local,浙江卷,present_local,H:\New folder\【新·PDF版】2008-2024·高考语文真题\版本2：语文（按省份分类）2008-2024\2008-2024·（浙江）语文高考真题\2021年高考语文试卷（浙江）（空白卷）(1).pdf,papers/2021/语文/浙江/浙江卷/2021_语文_浙江_浙江卷_原卷.pdf,3
2021,语文,安徽,老高考,2024,全国卷,common,全国乙卷,present_common,H:\New folder\【新·PDF版】2008-2024·高考语文真题\版本2：语文（按省份分类）2008-2024\2012-2024·（安徽）语文高考真题\2021年高考语文试卷（全国乙卷）（空白卷）.pdf,papers/2021/语文/全国/全国乙卷/2021_语文_安徽_全国乙卷_原卷.pdf,1
2021,语文,福建,新高考,2021,全国卷,common,新高考I卷,present_common,H:\New folder\【新·PDF版】2008-2024·高考语文真题\版本2：语文（按省份分类）2008-2024\2012-2024·（福建）语文高考真题\2021年高考语文试卷（新高考Ⅰ卷）（空白卷）.pdf,papers/2021/语文/全国/新高考I卷/2021_语文_福建_新高考I卷_原卷.pdf,2
2021,语文,江西,老高考,2024,全国卷,common,全国乙卷,present_common,H:\New folder\【新·PDF版】2008-2024·高考语文真题\版本2：语文（按省份分类）2008-2024\2012-2024·（江西）语文高考真题\2021年高考语文试卷（全国乙卷）（空白卷）.pdf,papers/2021/语文/全国/全国乙卷/2021_语文_江西_全国乙卷_原卷.pdf,3
2021,语文,山东,新高考,2020,全国卷,common,新高考I卷,present_common,H:\New folder\【新·PDF版】2008-2024·高考语文真题\版本2：语文（按省份分类）2008-2024\2008-2024·（山东）语文高考真题\2021年高考语文试卷（新高考Ⅰ卷）（空白卷）.pdf,papers/2021/语文/全国/新高考I卷/2021_语文_山东_新高考I卷_原卷.pdf,2
2021,语文,河南,老高考,2025,全国卷,common,全国乙卷,present_common,H:\New folder\【新·PDF版】2008-2024·高考语文真题\版本2：语文（按省份分类）2008-2024\2008-2024·（河南）语文高考真题\2021年高考语文试卷（全国乙卷）（空白卷）.pdf,papers/2021/语文/全国/全国乙卷/2021_语文_河南_全国乙卷_原卷.pdf,2
2021,语文,湖北,新高考,2021,全国卷,common,新高考I卷,present_common,H:\New folder\【新·PDF版】2008-2024·高考语文真题\版本2：语文（按省份分类）2008-2024\2012-2024·（湖北）语文高考真题\2021年高考语文试卷（新高考Ⅰ卷）（空白卷）.pdf,papers/2021/语文/全国/新高考I卷/2021_语文_湖北_新高考I卷_原卷.pdf,2
2021,语文,湖南,新高考,2021,全国卷,common,新高考I卷,present_common,H:\New folder\【新·PDF版】2008-2024·高考语文真题\版本2：语文（按省份分类）2008-2024\2008-2024·（湖南）语文高考真题\2021年高考语文试卷（新高考Ⅰ卷）（空白卷）.pdf,papers/2021/语文/全国/新高考I卷/2021_语文_湖南_新高考I卷_原卷.pdf,2
2021,语文,广东,新高考,2021,全国卷,common,新高考I卷,present_common,H:\New folder\【新·PDF版】2008-2024·高考语文真题\版本2：语文（按省份分类）2008-2024\2008-2024·（广东）语文高考真题\2021年高考语文试卷（新高考Ⅰ卷）（空白卷）.pdf,papers/2021/语文/全国/新高考I卷/2021_语文_广东_新高考I卷_原卷.pdf,2
2021,语文,广西,老高考,2024,全国卷,common,全国甲卷,present_common,H:\New folder\【新·PDF版】2008-2024·高考语文真题\版本2：语文（按省份分类）2008-2024\2008-2024·（广西）语文高考真题\2021年高考语文试卷（全国甲卷）（空白卷）.pdf,papers/2021/语文/全国/全国甲卷/2021_语文_广西_全国甲卷_原卷.pdf,2
2021,语文,海南,新高考,2020,全国卷,common,新高考II卷,present_common,H:\New folder\【新·PDF版】2008-2024·高考语文真题\版本2：语文（按省份分类）2008-2024\2008-2024·（海南）语文高考真题\2021年高考语文试卷（新高考Ⅱ卷）（空白卷）(1).pdf,papers/2021/语文/全国/新高考II卷/2021_语文_海南_新高考II卷_原卷.pdf,3
2021,语文,重庆,新高考,2021,全国卷,common,新高考II卷,present_common,H:\New folder\【新·PDF版】2008-2024·高考语文真题\版本2：语文（按省份分类）2008-2024\2012-2024·（重庆）语文高考真题\2021年高考语文试卷（新高考Ⅱ卷）（空白卷）.pdf,papers/2021/语文/全国/新高考II卷/2021_语文_重庆_新高考II卷_原卷.pdf,2
2021,语文,四川,老高考,2025,全国卷,common,全国甲卷,present_common,H:\New folder\【新·PDF版】2008-2024·高考语文真题\版本2：语文（按省份分类）2008-2024\2008-2024·（四川）语文高考真题\2021年高考语文试卷（全国甲卷）（空白卷）.pdf,papers/2021/语文/全国/全国甲卷/2021_语文_四川_全国甲卷_原卷.pdf,2
2021,语文,贵州,老高考,2024,全国卷,common,全国甲卷,present_common,H:\New folder\【新·PDF版】2008-2024·高考语文真题\版本2：语文（按省份分类）2008-2024\2008-2024·（贵州）语文高考真题\2021年高考语文试卷（全国甲卷）（空白卷）.pdf,papers/2021/语文/全国/全国甲卷/2021_语文_贵州_全国甲卷_原卷.pdf,2
2021,语文,云南,老高考,2025,全国卷,common,全国甲卷,present_common,H:\New folder\【新·PDF版】2008-2024·高考语文真题\版本2：语文（按省份分类）2008-2024\2008-2024·（云南）语文高考真题\2021年高考语文试卷（全国甲卷）（空白卷）.pdf,papers/2021/语文/全国/全国甲卷/2021_语文_云南_全国甲卷_原卷.pdf,2
2021,语文,西藏,老高考,,全国卷,common,全国甲卷,present_common,H:\New folder\【新·PDF版】2008-2024·高考语文真题\版本2：语文（按省份分类）2008-2024\2008-2024·（西藏）语文高考真题\2021年高考语文试卷（全国甲卷）（空白卷）.pdf,papers/2021/语文/全国/全国甲卷/2021_语文_西藏_全国甲卷_原卷.pdf,3
2021,语文,陕西,老高考,2025,全国卷,common,全国乙卷,present_common,H:\New folder\【新·PDF版】2008-2024·高考语文真题\版本2：语文（按省份分类）2008-2024\2008-2024·（陕西）语文高考真题\2021年高考语文试卷（全国乙卷）（空白卷）.pdf,papers/2021/语文/全国/全国乙卷/2021_语文_陕西_全国乙卷_原卷.pdf,4
2021,语文,甘肃,老高考,2024,全国卷,common,全国乙卷,present_common,H:\New folder\【新·PDF版】2008-2024·高考语文真题\版本2：语文（按省份分类）2008-2024\2008-2024·（甘肃）语文高考真题\2021年高考语文试卷（全国乙卷）（空白卷）.pdf,papers/2021/语文/全国/全国乙卷/2021_语文_甘肃_全国乙卷_原卷.pdf,2
2021,语文,青海,老高考,2025,全国卷,common,全国乙卷,present_common,H:\New folder\【新·PDF版】2008-2024·高考语文真题\版本2：语文（按省份分类）2008-2024\2008-2024·（青海）语文高考真题\2021年高考语文试卷（全国乙卷）（空白卷）.pdf,papers/2021/语文/全国/全国乙卷/2021_语文_青海_全国乙卷_原卷.pdf,2
2021,语文,宁夏,老高考,2025,全国卷,common,全国乙卷,present_common,H:\New folder\【新·PDF版】2008-2024·高考语文真题\版本2：语文（按省份分类）2008-2024\2008-2024·（宁夏）语文高考真题\2021年高考语文试卷（全国乙卷）（空白卷）.pdf,papers/2021/语文/全国/全国乙卷/2021_语文_宁夏_全国乙卷_原卷.pdf,2
2021,语文,新疆,老高考,,全国卷,common,全国乙卷,present_common,H:\New folder\【新·PDF版】2008-2024·高考语文真题\版本2：语文（按省份分类）2008-2024\2008-2024·（新疆）语文高考真题\2021年高考语文试卷（全国乙卷）（空白卷）.pdf,papers/2021/语文/全国/全国乙卷/2021_语文_新疆_全国乙卷_原卷.pdf,2
2022,语文,北京,新高考,2020,地方/区域卷,local,北京卷,present_local,H:\New folder\【新·PDF版】2008-2024·高考语文真题\版本2：语文（按省份分类）2008-2024\2008-2024·（北京）语文高考真题\2022年高考语文试卷（北京）（空白卷）.pdf,papers/2022/语文/北京/北京卷/2022_语文_北京_北京卷_原卷.pdf,2
2022,语文,天津,新高考,2020,地方/区域卷,local,天津卷,present_local,H:\New folder\【新·PDF版】2008-2024·高考语文真题\版本2：语文（按省份分类）2008-2024\2008-2023·（天津）语文高考真题\2022年高考语文试卷（天津）（空白卷）.pdf,papers/2022/语文/天津/天津卷/2022_语文_天津_天津卷_原卷.pdf,2
2022,语文,河北,新高考,2021,全国卷,common,新高考I卷,present_common,H:\New folder\【新·PDF版】2008-2024·高考语文真题\版本2：语文（按省份分类）2008-2024\2008-2024·（河北）语文高考真题\2022年高考语文试卷（新高考Ⅰ卷）（空白卷）.pdf,papers/2022/语文/全国/新高考I卷/2022_语文_河北_新高考I卷_原卷.pdf,2
2022,语文,山西,老高考,2025,全国卷,common,全国乙卷,present_common,H:\New folder\【新·PDF版】2008-2024·高考语文真题\版本2：语文（按省份分类）2008-2024\2008-2024·（山西）语文高考真题\2022年高考语文试卷（全国乙卷）（空白卷）.pdf,papers/2022/语文/全国/全国乙卷/2022_语文_山西_全国乙卷_原卷.pdf,2
2022,语文,内蒙古,老高考,2025,全国卷,common,全国乙卷,present_common,H:\New folder\【新·PDF版】2008-2024·高考语文真题\版本2：语文（按省份分类）2008-2024\2008-2024·（内蒙古）语文高考真题\2022年高考语文试卷（全国乙卷）（空白卷）.pdf,papers/2022/语文/全国/全国乙卷/2022_语文_内蒙古_全国乙卷_原卷.pdf,2
2022,语文,辽宁,新高考,2021,全国卷,common,新高考II卷,present_common,H:\New folder\【新·PDF版】2008-2024·高考语文真题\版本2：语文（按省份分类）2008-2024\2012-2024·（辽宁）语文高考真题\2022年高考语文试卷（新高考Ⅱ卷）（空白卷）.pdf,papers/2022/语文/全国/新高考II卷/2022_语文_辽宁_新高考II卷_原卷.pdf,2
2022,语文,吉林,老高考,2024,全国卷,common,全国乙卷,present_common,H:\New folder\【新·PDF版】2008-2024·高考语文真题\版本2：语文（按省份分类）2008-2024\2008-2024·（吉林）语文高考真题\2022年高考语文试卷（全国乙卷）（空白卷）.pdf,papers/2022/语文/全国/全国乙卷/2022_语文_吉林_全国乙卷_原卷.pdf,2
2022,语文,黑龙江,老高考,2024,全国卷,common,全国乙卷,present_common,H:\New folder\【新·PDF版】2008-2024·高考语文真题\版本2：语文（按省份分类）2008-2024\2008-2024·（黑龙江）语文高考真题\2022年高考语文试卷（全国乙卷）（空白卷）.pdf,papers/2022/语文/全国/全国乙卷/2022_语文_黑龙江_全国乙卷_原卷.pdf,2
2022,语文,上海,新高考,2017,地方/区域卷,local,上海卷,present_local,H:\New folder\【新·PDF版】2008-2024·高考语文真题\版本2：语文（按省份分类）2008-2024\2008-2023·（上海）语文高考真题\2022年高考语文试卷（上海）（春考）（空白卷）.pdf,papers/2022/语文/上海/上海卷/2022_语文_上海_上海卷_原卷.pdf,4
2022,语文,江苏,新高考,2021,全国卷,common,新高考I卷,present_common,H:\New folder\【新·PDF版】2008-2024·高考语文真题\版本2：语文（按省份分类）2008-2024\2008-2024·（江苏）语文高考真题\2022年高考语文试卷（新高考Ⅰ卷）（空白卷）.pdf,papers/2022/语文/全国/新高考I卷/2022_语文_江苏_新高考I卷_原卷.pdf,2
2022,语文,浙江,新高考,2017,地方/区域卷,local,浙江卷,present_local,H:\New folder\【新·PDF版】2008-2024·高考语文真题\版本2：语文（按省份分类）2008-2024\2008-2024·（浙江）语文高考真题\2022年高考语文试卷（浙江）（空白卷）.pdf,papers/2022/语文/浙江/浙江卷/2022_语文_浙江_浙江卷_原卷.pdf,2
2022,语文,安徽,老高考,2024,全国卷,common,全国乙卷,present_common,H:\New folder\【新·PDF版】2008-2024·高考语文真题\版本2：语文（按省份分类）2008-2024\2012-2024·（安徽）语文高考真题\2022年高考语文试卷（全国乙卷）（空白卷）.pdf,papers/2022/语文/全国/全国乙卷/2022_语文_安徽_全国乙卷_原卷.pdf,2
2022,语文,福建,新高考,2021,全国卷,common,新高考I卷,present_common,H:\New folder\【新·PDF版】2008-2024·高考语文真题\版本2：语文（按省份分类）2008-2024\2012-2024·（福建）语文高考真题\2022年高考语文试卷（新高考Ⅰ卷）（空白卷）.pdf,papers/2022/语文/全国/新高考I卷/2022_语文_福建_新高考I卷_原卷.pdf,2
2022,语文,江西,老高考,2024,全国卷,common,全国乙卷,present_common,H:\New folder\【新·PDF版】2008-2024·高考语文真题\版本2：语文（按省份分类）2008-2024\2012-2024·（江西）语文高考真题\2022年高考语文试卷（全国乙卷）（空白卷）.pdf,papers/2022/语文/全国/全国乙卷/2022_语文_江西_全国乙卷_原卷.pdf,2
2022,语文,山东,新高考,2020,全国卷,common,新高考I卷,present_common,H:\New folder\【新·PDF版】2008-2024·高考语文真题\版本2：语文（按省份分类）2008-2024\2008-2024·（山东）语文高考真题\2022年高考语文试卷（新高考Ⅰ卷）（空白卷）.pdf,papers/2022/语文/全国/新高考I卷/2022_语文_山东_新高考I卷_原卷.pdf,2
2022,语文,河南,老高考,2025,全国卷,common,全国乙卷,present_common,H:\New folder\【新·PDF版】2008-2024·高考语文真题\版本2：语文（按省份分类）2008-2024\2008-2024·（河南）语文高考真题\2022年高考语文试卷（全国乙卷）（空白卷）.pdf,papers/2022/语文/全国/全国乙卷/2022_语文_河南_全国乙卷_原卷.pdf,2
2022,语文,湖北,新高考,2021,全国卷,common,新高考I卷,present_common,H:\New folder\【新·PDF版】2008-2024·高考语文真题\版本2：语文（按省份分类）2008-2024\2012-2024·（湖北）语文高考真题\2022年高考语文试卷（新高考Ⅰ卷）（空白卷）.pdf,papers/2022/语文/全国/新高考I卷/2022_语文_湖北_新高考I卷_原卷.pdf,2
2022,语文,湖南,新高考,2021,全国卷,common,新高考I卷,present_common,H:\New folder\【新·PDF版】2008-2024·高考语文真题\版本2：语文（按省份分类）2008-2024\2008-2024·（湖南）语文高考真题\2022年高考语文试卷（新高考Ⅰ卷）（空白卷）.pdf,papers/2022/语文/全国/新高考I卷/2022_语文_湖南_新高考I卷_原卷.pdf,2
2022,语文,广东,新高考,2021,全国卷,common,新高考I卷,present_common,H:\New folder\【新·PDF版】2008-2024·高考语文真题\版本2：语文（按省份分类）2008-2024\2008-2024·（广东）语文高考真题\2022年高考语文试卷（新高考Ⅰ卷）（空白卷）.pdf,papers/2022/语文/全国/新高考I卷/2022_语文_广东_新高考I卷_原卷.pdf,2
2022,语文,广西,老高考,2024,全国卷,common,全国甲卷,present_common,H:\New folder\【新·PDF版】2008-2024·高考语文真题\版本2：语文（按省份分类）2008-2024\2008-2024·（广西）语文高考真题\2022年高考语文试卷（全国甲卷）（空白卷）.pdf,papers/2022/语文/全国/全国甲卷/2022_语文_广西_全国甲卷_原卷.pdf,2
2022,语文,海南,新高考,2020,全国卷,common,新高考II卷,present_common,H:\New folder\【新·PDF版】2008-2024·高考语文真题\版本2：语文（按省份分类）2008-2024\2008-2024·（海南）语文高考真题\2022年高考语文试卷（新高考Ⅱ卷）（空白卷）.pdf,papers/2022/语文/全国/新高考II卷/2022_语文_海南_新高考II卷_原卷.pdf,2
2022,语文,重庆,新高考,2021,全国卷,common,新高考II卷,present_common,H:\New folder\【新·PDF版】2008-2024·高考语文真题\版本2：语文（按省份分类）2008-2024\2012-2024·（重庆）语文高考真题\2022年高考语文试卷（新高考Ⅱ卷）（空白卷）.pdf,papers/2022/语文/全国/新高考II卷/2022_语文_重庆_新高考II卷_原卷.pdf,2
2022,语文,四川,老高考,2025,全国卷,common,全国甲卷,present_common,H:\New folder\【新·PDF版】2008-2024·高考语文真题\版本2：语文（按省份分类）2008-2024\2008-2024·（四川）语文高考真题\2022年高考语文试卷（全国甲卷）（空白卷）.pdf,papers/2022/语文/全国/全国甲卷/2022_语文_四川_全国甲卷_原卷.pdf,2
2022,语文,贵州,老高考,2024,全国卷,common,全国甲卷,present_common,H:\New folder\【新·PDF版】2008-2024·高考语文真题\版本2：语文（按省份分类）2008-2024\2008-2024·（贵州）语文高考真题\2022年高考语文试卷（全国甲卷）（空白卷）.pdf,papers/2022/语文/全国/全国甲卷/2022_语文_贵州_全国甲卷_原卷.pdf,2
2022,语文,云南,老高考,2025,全国卷,common,全国甲卷,present_common,H:\New folder\【新·PDF版】2008-2024·高考语文真题\版本2：语文（按省份分类）2008-2024\2008-2024·（云南）语文高考真题\2022年高考语文试卷（全国甲卷）（解析卷）.pdf,papers/2022/语文/全国/全国甲卷/2022_语文_云南_全国甲卷_原卷.pdf,1
2022,语文,西藏,老高考,,全国卷,common,全国甲卷,present_common,H:\New folder\【新·PDF版】2008-2024·高考语文真题\版本2：语文（按省份分类）2008-2024\2008-2024·（西藏）语文高考真题\2022年高考语文试卷（全国甲卷）（空白卷）.pdf,papers/2022/语文/全国/全国甲卷/2022_语文_西藏_全国甲卷_原卷.pdf,2
2022,语文,陕西,老高考,2025,全国卷,common,全国乙卷,present_common,H:\New folder\【新·PDF版】2008-2024·高考语文真题\版本2：语文（按省份分类）2008-2024\2008-2024·（陕西）语文高考真题\2022年高考语文试卷（全国乙卷）（空白卷）.pdf,papers/2022/语文/全国/全国乙卷/2022_语文_陕西_全国乙卷_原卷.pdf,2
2022,语文,甘肃,老高考,2024,全国卷,common,全国乙卷,present_common,H:\New folder\【新·PDF版】2008-2024·高考语文真题\版本2：语文（按省份分类）2008-2024\2008-2024·（甘肃）语文高考真题\2022年高考语文试卷（全国乙卷）（空白卷）.pdf,papers/2022/语文/全国/全国乙卷/2022_语文_甘肃_全国乙卷_原卷.pdf,2
2022,语文,青海,老高考,2025,全国卷,common,全国乙卷,present_common,H:\New folder\【新·PDF版】2008-2024·高考语文真题\版本2：语文（按省份分类）2008-2024\2008-2024·（青海）语文高考真题\2022年高考语文试卷（全国乙卷）（空白卷）.pdf,papers/2022/语文/全国/全国乙卷/2022_语文_青海_全国乙卷_原卷.pdf,2
2022,语文,宁夏,老高考,2025,全国卷,common,全国乙卷,present_common,H:\New folder\【新·PDF版】2008-2024·高考语文真题\版本2：语文（按省份分类）2008-2024\2008-2024·（宁夏）语文高考真题\2022年高考语文试卷（全国乙卷）（空白卷）.pdf,papers/2022/语文/全国/全国乙卷/2022_语文_宁夏_全国乙卷_原卷.pdf,2
2022,语文,新疆,老高考,,全国卷,common,全国乙卷,present_common,H:\New folder\【新·PDF版】2008-2024·高考语文真题\版本2：语文（按省份分类）2008-2024\2008-2024·（新疆）语文高考真题\2022年高考语文试卷（全国乙卷）（空白卷）.pdf,papers/2022/语文/全国/全国乙卷/2022_语文_新疆_全国乙卷_原卷.pdf,2
2023,语文,北京,新高考,2020,地方/区域卷,local,北京卷,present_local,H:\New folder\【新·PDF版】2008-2024·高考语文真题\版本2：语文（按省份分类）2008-2024\2008-2024·（北京）语文高考真题\2023年高考语文试卷（北京）（空白卷）.pdf,papers/2023/语文/北京/北京卷/2023_语文_北京_北京卷_原卷.pdf,2
2023,语文,天津,新高考,2020,地方/区域卷,local,天津卷,present_local,H:\New folder\【新·PDF版】2008-2024·高考语文真题\版本2：语文（按省份分类）2008-2024\2008-2023·（天津）语文高考真题\2023年高考语文试卷（天津）（空白卷）.pdf,papers/2023/语文/天津/天津卷/2023_语文_天津_天津卷_原卷.pdf,2
2023,语文,河北,新高考,2021,全国卷,common,新课标全国I卷,present_common,H:\New folder\【新·PDF版】2008-2024·高考语文真题\版本2：语文（按省份分类）2008-2024\2008-2024·（河北）语文高考真题\2023年高考语文试卷（新课标Ⅰ卷）（空白卷）.pdf,papers/2023/语文/全国/新课标全国I卷/2023_语文_河北_新课标全国I卷_原卷.pdf,2
2023,语文,山西,老高考,2025,全国卷,common,新课标全国II卷,present_common,H:\New folder\【新·PDF版】2008-2024·高考语文真题\版本2：语文（按省份分类）2008-2024\2008-2024·（山西）语文高考真题\2023年高考语文试卷（新课标Ⅱ卷）（空白卷）.pdf,papers/2023/语文/全国/新课标全国II卷/2023_语文_山西_新课标全国II卷_原卷.pdf,2
2023,语文,内蒙古,老高考,2025,全国卷,common,全国乙卷,present_common,H:\New folder\【新·PDF版】2008-2024·高考语文真题\版本2：语文（按省份分类）2008-2024\2008-2024·（内蒙古）语文高考真题\2023年高考语文试卷（全国乙卷）（空白卷）.pdf,papers/2023/语文/全国/全国乙卷/2023_语文_内蒙古_全国乙卷_原卷.pdf,2
2023,语文,辽宁,新高考,2021,全国卷,common,新课标全国II卷,present_common,H:\New folder\【新·PDF版】2008-2024·高考语文真题\版本2：语文（按省份分类）2008-2024\2012-2024·（辽宁）语文高考真题\2023年高考语文试卷（新课标Ⅱ卷）（空白卷）.pdf,papers/2023/语文/全国/新课标全国II卷/2023_语文_辽宁_新课标全国II卷_原卷.pdf,2
2023,语文,吉林,老高考,2024,全国卷,common,新课标全国II卷,present_common,H:\New folder\【新·PDF版】2008-2024·高考语文真题\版本2：语文（按省份分类）2008-2024\2008-2024·（吉林）语文高考真题\2023年高考语文试卷（新课标Ⅱ卷）（空白卷）.pdf,papers/2023/语文/全国/新课标全国II卷/2023_语文_吉林_新课标全国II卷_原卷.pdf,2
2023,语文,黑龙江,老高考,2024,全国卷,common,新课标全国II卷,present_common,H:\New folder\【新·PDF版】2008-2024·高考语文真题\版本2：语文（按省份分类）2008-2024\2008-2024·（黑龙江）语文高考真题\2023年高考语文试卷（新课标Ⅱ卷）（空白卷）.pdf,papers/2023/语文/全国/新课标全国II卷/2023_语文_黑龙江_新课标全国II卷_原卷.pdf,2
2023,语文,上海,新高考,2017,地方/区域卷,local,上海卷,present_local,H:\New folder\【新·PDF版】2008-2024·高考语文真题\版本2：语文（按省份分类）2008-2024\2008-2023·（上海）语文高考真题\2023年高考语文试卷（上海）（春考）（解析卷）.pdf,papers/2023/语文/上海/上海卷/2023_语文_上海_上海卷_原卷.pdf,3
2023,语文,江苏,新高考,2021,全国卷,common,新课标全国I卷,present_common,H:\New folder\【新·PDF版】2008-2024·高考语文真题\版本2：语文（按省份分类）2008-2024\2008-2024·（江苏）语文高考真题\2023年高考语文试卷（新课标Ⅰ卷）（空白卷）.pdf,papers/2023/语文/全国/新课标全国I卷/2023_语文_江苏_新课标全国I卷_原卷.pdf,2
2023,语文,浙江,新高考,2017,全国卷,common,新课标全国I卷,present_common,H:\New folder\【新·PDF版】2008-2024·高考语文真题\版本2：语文（按省份分类）2008-2024\2008-2024·（浙江）语文高考真题\2023年高考语文试卷（新课标Ⅰ卷）（空白卷）.pdf,papers/2023/语文/全国/新课标全国I卷/2023_语文_浙江_新课标全国I卷_原卷.pdf,2
2023,语文,安徽,老高考,2024,全国卷,common,新课标全国II卷,present_common,H:\New folder\【新·PDF版】2008-2024·高考语文真题\版本2：语文（按省份分类）2008-2024\2012-2024·（安徽）语文高考真题\2023年高考语文试卷（新课标Ⅱ卷）（空白卷）.pdf,papers/2023/语文/全国/新课标全国II卷/2023_语文_安徽_新课标全国II卷_原卷.pdf,2
2023,语文,福建,新高考,2021,全国卷,common,新课标全国I卷,present_common,H:\New folder\【新·PDF版】2008-2024·高考语文真题\版本2：语文（按省份分类）2008-2024\2012-2024·（福建）语文高考真题\2023年高考语文试卷（新课标Ⅰ卷）（空白卷）.pdf,papers/2023/语文/全国/新课标全国I卷/2023_语文_福建_新课标全国I卷_原卷.pdf,2
2023,语文,江西,老高考,2024,全国卷,common,全国乙卷,present_common,H:\New folder\【新·PDF版】2008-2024·高考语文真题\版本2：语文（按省份分类）2008-2024\2012-2024·（江西）语文高考真题\2023年高考语文试卷（全国乙卷）（空白卷）.pdf,papers/2023/语文/全国/全国乙卷/2023_语文_江西_全国乙卷_原卷.pdf,2
2023,语文,山东,新高考,2020,全国卷,common,新课标全国I卷,present_common,H:\New folder\【新·PDF版】2008-2024·高考语文真题\版本2：语文（按省份分类）2008-2024\2008-2024·（山东）语文高考真题\2023年高考语文试卷（新课标Ⅰ卷）（空白卷）.pdf,papers/2023/语文/全国/新课标全国I卷/2023_语文_山东_新课标全国I卷_原卷.pdf,2
2023,语文,河南,老高考,2025,全国卷,common,全国乙卷,present_common,H:\New folder\【新·PDF版】2008-2024·高考语文真题\版本2：语文（按省份分类）2008-2024\2008-2024·（河南）语文高考真题\2023年高考语文试卷（全国乙卷）（空白卷）.pdf,papers/2023/语文/全国/全国乙卷/2023_语文_河南_全国乙卷_原卷.pdf,2
2023,语文,湖北,新高考,2021,全国卷,common,新课标全国I卷,present_common,H:\New folder\【新·PDF版】2008-2024·高考语文真题\版本2：语文（按省份分类）2008-2024\2012-2024·（湖北）语文高考真题\2023年高考语文试卷（新课标Ⅰ卷）（空白卷）.pdf,papers/2023/语文/全国/新课标全国I卷/2023_语文_湖北_新课标全国I卷_原卷.pdf,2
2023,语文,湖南,新高考,2021,全国卷,common,新课标全国I卷,present_common,H:\New folder\【新·PDF版】2008-2024·高考语文真题\版本2：语文（按省份分类）2008-2024\2008-2024·（湖南）语文高考真题\2023年高考语文试卷（新课标Ⅰ卷）（空白卷）.pdf,papers/2023/语文/全国/新课标全国I卷/2023_语文_湖南_新课标全国I卷_原卷.pdf,2
2023,语文,广东,新高考,2021,全国卷,common,新课标全国I卷,present_common,H:\New folder\【新·PDF版】2008-2024·高考语文真题\版本2：语文（按省份分类）2008-2024\2008-2024·（广东）语文高考真题\2023年高考语文试卷（新课标Ⅰ卷）（空白卷）.pdf,papers/2023/语文/全国/新课标全国I卷/2023_语文_广东_新课标全国I卷_原卷.pdf,2
2023,语文,广西,老高考,2024,全国卷,common,全国甲卷,present_common,H:\New folder\【新·PDF版】2008-2024·高考语文真题\版本2：语文（按省份分类）2008-2024\2008-2024·（广西）语文高考真题\2023年高考语文试卷（全国甲卷）（空白卷）.pdf,papers/2023/语文/全国/全国甲卷/2023_语文_广西_全国甲卷_原卷.pdf,2
2023,语文,海南,新高考,2020,全国卷,common,新课标全国II卷,present_common,H:\New folder\【新·PDF版】2008-2024·高考语文真题\版本2：语文（按省份分类）2008-2024\2008-2024·（海南）语文高考真题\2023年高考语文试卷（新课标Ⅱ卷）（空白卷）.pdf,papers/2023/语文/全国/新课标全国II卷/2023_语文_海南_新课标全国II卷_原卷.pdf,1
2023,语文,重庆,新高考,2021,全国卷,common,新课标全国II卷,present_common,H:\New folder\【新·PDF版】2008-2024·高考语文真题\版本2：语文（按省份分类）2008-2024\2012-2024·（重庆）语文高考真题\2023年高考语文试卷（新课标Ⅱ卷）（空白卷）.pdf,papers/2023/语文/全国/新课标全国II卷/2023_语文_重庆_新课标全国II卷_原卷.pdf,2
2023,语文,四川,老高考,2025,全国卷,common,全国甲卷,present_common,H:\New folder\【新·PDF版】2008-2024·高考语文真题\版本2：语文（按省份分类）2008-2024\2008-2024·（四川）语文高考真题\2023年高考语文试卷（全国甲卷）（空白卷）.pdf,papers/2023/语文/全国/全国甲卷/2023_语文_四川_全国甲卷_原卷.pdf,2
2023,语文,贵州,老高考,2024,全国卷,common,全国甲卷,present_common,H:\New folder\【新·PDF版】2008-2024·高考语文真题\版本2：语文（按省份分类）2008-2024\2008-2024·（贵州）语文高考真题\2023年高考语文试卷（全国甲卷）（空白卷）.pdf,papers/2023/语文/全国/全国甲卷/2023_语文_贵州_全国甲卷_原卷.pdf,2
2023,语文,云南,老高考,2025,全国卷,common,新课标全国II卷,present_common,H:\New folder\【新·PDF版】2008-2024·高考语文真题\版本2：语文（按省份分类）2008-2024\2008-2024·（云南）语文高考真题\2023年高考语文试卷（新课标Ⅱ卷）（空白卷）.pdf,papers/2023/语文/全国/新课标全国II卷/2023_语文_云南_新课标全国II卷_原卷.pdf,2
2023,语文,西藏,老高考,,全国卷,common,全国甲卷,present_common,H:\New folder\【新·PDF版】2008-2024·高考语文真题\版本2：语文（按省份分类）2008-2024\2008-2024·（西藏）语文高考真题\2023年高考语文试卷（全国甲卷）（空白卷）.pdf,papers/2023/语文/全国/全国甲卷/2023_语文_西藏_全国甲卷_原卷.pdf,2
2023,语文,陕西,老高考,2025,全国卷,common,全国乙卷,present_common,H:\New folder\【新·PDF版】2008-2024·高考语文真题\版本2：语文（按省份分类）2008-2024\2008-2024·（陕西）语文高考真题\2023年高考语文试卷（全国乙卷）（空白卷）.pdf,papers/2023/语文/全国/全国乙卷/2023_语文_陕西_全国乙卷_原卷.pdf,1
2023,语文,甘肃,老高考,2024,全国卷,common,全国乙卷,present_common,H:\New folder\【新·PDF版】2008-2024·高考语文真题\版本2：语文（按省份分类）2008-2024\2008-2024·（甘肃）语文高考真题\2023年高考语文试卷（全国乙卷）（空白卷）.pdf,papers/2023/语文/全国/全国乙卷/2023_语文_甘肃_全国乙卷_原卷.pdf,2
2023,语文,青海,老高考,2025,全国卷,common,全国乙卷,present_common,H:\New folder\【新·PDF版】2008-2024·高考语文真题\版本2：语文（按省份分类）2008-2024\2008-2024·（青海）语文高考真题\2023年高考语文试卷（全国乙卷）（空白卷）.pdf,papers/2023/语文/全国/全国乙卷/2023_语文_青海_全国乙卷_原卷.pdf,2
2023,语文,宁夏,老高考,2025,全国卷,common,全国乙卷,present_common,H:\New folder\【新·PDF版】2008-2024·高考语文真题\版本2：语文（按省份分类）2008-2024\2008-2024·（宁夏）语文高考真题\2023年高考语文试卷（全国乙卷）（空白卷）.pdf,papers/2023/语文/全国/全国乙卷/2023_语文_宁夏_全国乙卷_原卷.pdf,2
2023,语文,新疆,老高考,,全国卷,common,全国乙卷,present_common,H:\New folder\【新·PDF版】2008-2024·高考语文真题\版本2：语文（按省份分类）2008-2024\2008-2024·（新疆）语文高考真题\2023年高考语文试卷（全国乙卷）（空白卷）.pdf,papers/2023/语文/全国/全国乙卷/2023_语文_新疆_全国乙卷_原卷.pdf,2
2024,语文,北京,新高考,2020,地方/区域卷,local,北京卷,present_local,H:\New folder\【新·PDF版】2008-2024·高考语文真题\版本2：语文（按省份分类）2008-2024\2008-2024·（北京）语文高考真题\2024年高考语文试卷（北京）（空白卷）.pdf,papers/2024/语文/北京/北京卷/2024_语文_北京_北京卷_原卷.pdf,2
2024,语文,天津,新高考,2020,,missing,,missing,,,0
2024,语文,河北,新高考,2021,全国卷,common,新课标全国I卷,present_common,H:\New folder\【新·PDF版】2008-2024·高考语文真题\版本2：语文（按省份分类）2008-2024\2008-2024·（河北）语文高考真题\2024年高考语文试卷（新课标Ⅰ卷）（空白卷）.pdf,papers/2024/语文/全国/新课标全国I卷/2024_语文_河北_新课标全国I卷_原卷.pdf,2
2024,语文,山西,老高考,2025,全国卷,common,新课标全国II卷,present_common,H:\New folder\【新·PDF版】2008-2024·高考语文真题\版本2：语文（按省份分类）2008-2024\2008-2024·（山西）语文高考真题\2024年高考语文试卷（新课标Ⅱ卷）（空白卷）.pdf,papers/2024/语文/全国/新课标全国II卷/2024_语文_山西_新课标全国II卷_原卷.pdf,1
2024,语文,内蒙古,老高考,2025,全国卷,common,全国甲卷,present_common,H:\New folder\【新·PDF版】2008-2024·高考语文真题\版本2：语文（按省份分类）2008-2024\2008-2024·（内蒙古）语文高考真题\2024年高考语文试卷（全国甲卷）（空白卷）.pdf,papers/2024/语文/全国/全国甲卷/2024_语文_内蒙古_全国甲卷_原卷.pdf,2
2024,语文,辽宁,新高考,2021,全国卷,common,新课标全国II卷,present_common,H:\New folder\【新·PDF版】2008-2024·高考语文真题\版本2：语文（按省份分类）2008-2024\2012-2024·（辽宁）语文高考真题\2024年高考语文试卷（新课标Ⅱ卷）（空白卷）.pdf,papers/2024/语文/全国/新课标全国II卷/2024_语文_辽宁_新课标全国II卷_原卷.pdf,2
2024,语文,吉林,新高考,2024,全国卷,common,新课标全国II卷,present_common,H:\New folder\【新·PDF版】2008-2024·高考语文真题\版本2：语文（按省份分类）2008-2024\2008-2024·（吉林）语文高考真题\2024年高考语文试卷（新课标Ⅱ卷）（空白卷）.pdf,papers/2024/语文/全国/新课标全国II卷/2024_语文_吉林_新课标全国II卷_原卷.pdf,2
2024,语文,黑龙江,新高考,2024,全国卷,common,新课标全国II卷,present_common,H:\New folder\【新·PDF版】2008-2024·高考语文真题\版本2：语文（按省份分类）2008-2024\2008-2024·（黑龙江）语文高考真题\2024年高考语文试卷（新课标Ⅱ卷）（空白卷）.pdf,papers/2024/语文/全国/新课标全国II卷/2024_语文_黑龙江_新课标全国II卷_原卷.pdf,2
2024,语文,上海,新高考,2017,,missing,,missing,,,0
2024,语文,江苏,新高考,2021,全国卷,common,新课标全国I卷,present_common,H:\New folder\【新·PDF版】2008-2024·高考语文真题\版本2：语文（按省份分类）2008-2024\2008-2024·（江苏）语文高考真题\2024年高考语文试卷（新课标Ⅰ卷）（空白卷）.pdf,papers/2024/语文/全国/新课标全国I卷/2024_语文_江苏_新课标全国I卷_原卷.pdf,2
2024,语文,浙江,新高考,2017,全国卷,common,新课标全国I卷,present_common,H:\New folder\【新·PDF版】2008-2024·高考语文真题\版本2：语文（按省份分类）2008-2024\2008-2024·（浙江）语文高考真题\2024年高考语文试卷（新课标Ⅰ卷）（空白卷）.pdf,papers/2024/语文/全国/新课标全国I卷/2024_语文_浙江_新课标全国I卷_原卷.pdf,2
2024,语文,安徽,新高考,2024,全国卷,common,新课标全国I卷,present_common,H:\New folder\【新·PDF版】2008-2024·高考语文真题\版本2：语文（按省份分类）2008-2024\2012-2024·（安徽）语文高考真题\2024年高考语文试卷（新课标Ⅰ卷）（空白卷）.pdf,papers/2024/语文/全国/新课标全国I卷/2024_语文_安徽_新课标全国I卷_原卷.pdf,2
2024,语文,福建,新高考,2021,全国卷,common,新课标全国I卷,present_common,H:\New folder\【新·PDF版】2008-2024·高考语文真题\版本2：语文（按省份分类）2008-2024\2012-2024·（福建）语文高考真题\2024年高考语文试卷（新课标Ⅰ卷）（空白卷）.pdf,papers/2024/语文/全国/新课标全国I卷/2024_语文_福建_新课标全国I卷_原卷.pdf,2
2024,语文,江西,新高考,2024,全国卷,common,新课标全国I卷,present_common,H:\New folder\【新·PDF版】2008-2024·高考语文真题\版本2：语文（按省份分类）2008-2024\2012-2024·（江西）语文高考真题\2024年高考语文试卷（新课标Ⅰ卷）（空白卷）.pdf,papers/2024/语文/全国/新课标全国I卷/2024_语文_江西_新课标全国I卷_原卷.pdf,2
2024,语文,山东,新高考,2020,全国卷,common,新课标全国I卷,present_common,H:\New folder\【新·PDF版】2008-2024·高考语文真题\版本2：语文（按省份分类）2008-2024\2008-2024·（山东）语文高考真题\2024年高考语文试卷（新课标Ⅰ卷）（空白卷）.pdf,papers/2024/语文/全国/新课标全国I卷/2024_语文_山东_新课标全国I卷_原卷.pdf,2
2024,语文,河南,老高考,2025,全国卷,common,新课标全国I卷,present_common,H:\New folder\【新·PDF版】2008-2024·高考语文真题\版本2：语文（按省份分类）2008-2024\2008-2024·（河南）语文高考真题\2024年高考语文试卷（新课标Ⅰ卷）（解析卷）.pdf,papers/2024/语文/全国/新课标全国I卷/2024_语文_河南_新课标全国I卷_原卷.pdf,1
2024,语文,湖北,新高考,2021,全国卷,common,新课标全国I卷,present_common,H:\New folder\【新·PDF版】2008-2024·高考语文真题\版本2：语文（按省份分类）2008-2024\2012-2024·（湖北）语文高考真题\2024年高考语文试卷（新课标Ⅰ卷）（空白卷）.pdf,papers/2024/语文/全国/新课标全国I卷/2024_语文_湖北_新课标全国I卷_原卷.pdf,2
2024,语文,湖南,新高考,2021,全国卷,common,新课标全国I卷,present_common,H:\New folder\【新·PDF版】2008-2024·高考语文真题\版本2：语文（按省份分类）2008-2024\2008-2024·（湖南）语文高考真题\2024年高考语文试卷（新课标Ⅰ卷）（空白卷）.pdf,papers/2024/语文/全国/新课标全国I卷/2024_语文_湖南_新课标全国I卷_原卷.pdf,2
2024,语文,广东,新高考,2021,全国卷,common,新课标全国I卷,present_common,H:\New folder\【新·PDF版】2008-2024·高考语文真题\版本2：语文（按省份分类）2008-2024\2008-2024·（广东）语文高考真题\2024年高考语文试卷（新课标Ⅰ卷）（空白卷）.pdf,papers/2024/语文/全国/新课标全国I卷/2024_语文_广东_新课标全国I卷_原卷.pdf,2
2024,语文,广西,新高考,2024,全国卷,common,新课标全国II卷,present_common,H:\New folder\【新·PDF版】2008-2024·高考语文真题\版本2：语文（按省份分类）2008-2024\2008-2024·（广西）语文高考真题\2024年高考语文试卷（新课标Ⅱ卷）（空白卷）.pdf,papers/2024/语文/全国/新课标全国II卷/2024_语文_广西_新课标全国II卷_原卷.pdf,2
2024,语文,海南,新高考,2020,全国卷,common,新课标全国II卷,present_common,H:\New folder\【新·PDF版】2008-2024·高考语文真题\版本2：语文（按省份分类）2008-2024\2008-2024·（海南）语文高考真题\2024年高考语文试卷（新课标Ⅱ卷）（空白卷）.pdf,papers/2024/语文/全国/新课标全国II卷/2024_语文_海南_新课标全国II卷_原卷.pdf,2
2024,语文,重庆,新高考,2021,全国卷,common,新课标全国II卷,present_common,H:\New folder\【新·PDF版】2008-2024·高考语文真题\版本2：语文（按省份分类）2008-2024\2012-2024·（重庆）语文高考真题\2024年高考语文试卷（新课标Ⅱ卷）（空白卷）.pdf,papers/2024/语文/全国/新课标全国II卷/2024_语文_重庆_新课标全国II卷_原卷.pdf,2
2024,语文,四川,老高考,2025,全国卷,common,全国甲卷,present_common,H:\New folder\【新·PDF版】2008-2024·高考语文真题\版本2：语文（按省份分类）2008-2024\2008-2024·（四川）语文高考真题\2024年高考语文试卷（全国甲卷）（空白卷）.pdf,papers/2024/语文/全国/全国甲卷/2024_语文_四川_全国甲卷_原卷.pdf,2
2024,语文,贵州,新高考,2024,全国卷,common,新课标全国II卷,present_common,H:\New folder\【新·PDF版】2008-2024·高考语文真题\版本2：语文（按省份分类）2008-2024\2008-2024·（贵州）语文高考真题\2024年高考语文试卷（新课标Ⅱ卷）（空白卷）.pdf,papers/2024/语文/全国/新课标全国II卷/2024_语文_贵州_新课标全国II卷_原卷.pdf,2
2024,语文,云南,老高考,2025,全国卷,common,新课标全国II卷,present_common,H:\New folder\【新·PDF版】2008-2024·高考语文真题\版本2：语文（按省份分类）2008-2024\2008-2024·（云南）语文高考真题\2024年高考语文试卷（新课标Ⅱ卷）（空白卷）.pdf,papers/2024/语文/全国/新课标全国II卷/2024_语文_云南_新课标全国II卷_原卷.pdf,2
2024,语文,西藏,老高考,,全国卷,common,新课标全国II卷,present_common,H:\New folder\【新·PDF版】2008-2024·高考语文真题\版本2：语文（按省份分类）2008-2024\2008-2024·（西藏）语文高考真题\2024年高考语文试卷（新课标Ⅱ卷）（空白卷）.pdf,papers/2024/语文/全国/新课标全国II卷/2024_语文_西藏_新课标全国II卷_原卷.pdf,2
2024,语文,陕西,老高考,2025,全国卷,common,全国甲卷,present_common,H:\New folder\【新·PDF版】2008-2024·高考语文真题\版本2：语文（按省份分类）2008-2024\2008-2024·（陕西）语文高考真题\2024年高考语文试卷（全国甲卷）（空白卷）.pdf,papers/2024/语文/全国/全国甲卷/2024_语文_陕西_全国甲卷_原卷.pdf,2
2024,语文,甘肃,新高考,2024,全国卷,common,新课标全国II卷,present_common,H:\New folder\【新·PDF版】2008-2024·高考语文真题\版本2：语文（按省份分类）2008-2024\2008-2024·（甘肃）语文高考真题\2024年高考语文试卷（新课标Ⅱ卷）（空白卷）.pdf,papers/2024/语文/全国/新课标全国II卷/2024_语文_甘肃_新课标全国II卷_原卷.pdf,2
2024,语文,青海,老高考,2025,全国卷,common,全国甲卷,present_common,H:\New folder\【新·PDF版】2008-2024·高考语文真题\版本2：语文（按省份分类）2008-2024\2008-2024·（青海）语文高考真题\2024年高考语文试卷（全国甲卷）（空白卷）.pdf,papers/2024/语文/全国/全国甲卷/2024_语文_青海_全国甲卷_原卷.pdf,2
2024,语文,宁夏,老高考,2025,全国卷,common,全国甲卷,present_common,H:\New folder\【新·PDF版】2008-2024·高考语文真题\版本2：语文（按省份分类）2008-2024\2008-2024·（宁夏）语文高考真题\2024年高考语文试卷（全国甲卷）（空白卷）.pdf,papers/2024/语文/全国/全国甲卷/2024_语文_宁夏_全国甲卷_原卷.pdf,2
2024,语文,新疆,老高考,,全国卷,common,新课标全国II卷,present_common,H:\New folder\【新·PDF版】2008-2024·高考语文真题\版本2：语文（按省份分类）2008-2024\2008-2024·（新疆）语文高考真题\2024年高考语文试卷（新课标Ⅱ卷）（空白卷）.pdf,papers/2024/语文/全国/新课标全国II卷/2024_语文_新疆_新课标全国II卷_原卷.pdf,2
2025,语文,北京,新高考,2020,地方/区域卷,local,北京卷,present_local,H:\New folder\2025年高考真题及答案(按科目分类)\1.25高考语文试题及答案\【北京】2025年高考北京卷语文高考真题文档版（含答案）.docx,papers/2025/语文/北京/北京卷/2025_语文_北京_北京卷_原卷.docx,4
2025,语文,天津,新高考,2020,地方/区域卷,local,天津卷,archive,H:\New folder\2025全国各省高考真题+答案\5、天津卷（语数外物政化史生地）\2025年高考语文（天津卷）真题及答案-4c96eac699bf.zip,papers/2025/语文/天津/天津卷/2025_语文_天津_天津卷_原卷.zip,2
2025,语文,河北,新高考,2021,地方/区域卷,local,河北卷,present_local,H:\New folder\2025年高考真题及答案(按科目分类)\1.25高考语文试题及答案\【河北】2025年高考全国一卷语文高考真题文档版（含答案）.docx,papers/2025/语文/河北/河北卷/2025_语文_河北_河北卷_原卷.docx,7
2025,语文,山西,新高考,2025,地方/区域卷,local,山西卷,present_local,H:\New folder\2025年高考真题及答案(按科目分类)\1.25高考语文试题及答案\【山西】2025年高考全国二卷语文高考真题文档版（含答案）.docx,papers/2025/语文/山西/山西卷/2025_语文_山西_山西卷_原卷.docx,7
2025,语文,内蒙古,新高考,2025,地方/区域卷,local,内蒙古卷,present_local,H:\New folder\2025年高考真题及答案(按科目分类)\1.25高考语文试题及答案\【内蒙古】2025年高考全国二卷语文高考真题文档版（含答案）.docx,papers/2025/语文/内蒙古/内蒙古卷/2025_语文_内蒙古_内蒙古卷_原卷.docx,7
2025,语文,辽宁,新高考,2021,地方/区域卷,local,辽宁卷,present_local,H:\New folder\2025年高考真题及答案(按科目分类)\1.25高考语文试题及答案\【辽宁】2025年高考全国二卷语文高考真题文档版（含答案）.docx,papers/2025/语文/辽宁/辽宁卷/2025_语文_辽宁_辽宁卷_原卷.docx,7
2025,语文,吉林,新高考,2024,地方/区域卷,local,吉林卷,present_local,H:\New folder\2025年高考真题及答案(按科目分类)\1.25高考语文试题及答案\【吉林】2025年高考全国二卷语文高考真题文档版（含答案）.docx,papers/2025/语文/吉林/吉林卷/2025_语文_吉林_吉林卷_原卷.docx,7
2025,语文,黑龙江,新高考,2024,地方/区域卷,local,黑龙江卷,present_local,H:\New folder\2025年高考真题及答案(按科目分类)\1.25高考语文试题及答案\【黑龙江】2025年高考全国二卷语文高考真题文档版（含答案）.docx,papers/2025/语文/黑龙江/黑龙江卷/2025_语文_黑龙江_黑龙江卷_原卷.docx,7
2025,语文,上海,新高考,2017,地方/区域卷,local,上海卷,archive,H:\New folder\2025全国各省高考真题+答案\4、上海卷（语数外物化）\2025年高考语文（上海卷）真题及答案-7775c5f90e1c.zip,papers/2025/语文/上海/上海卷/2025_语文_上海_上海卷_原卷.zip,2
2025,语文,江苏,新高考,2021,地方/区域卷,local,江苏卷,present_local,H:\New folder\2025年高考真题及答案(按科目分类)\1.25高考语文试题及答案\【江苏】2025年高考全国一卷语文高考真题文档版（含答案）.docx,papers/2025/语文/江苏/江苏卷/2025_语文_江苏_江苏卷_原卷.docx,7
2025,语文,浙江,新高考,2017,地方/区域卷,local,浙江卷,present_local,H:\New folder\高考六科整理\语文\2025_新版_浙江\【浙江】2025年高考全国一卷语文高考真题文档版（含答案）.docx,papers/2025/语文/浙江/浙江卷/2025_语文_浙江_浙江卷_原卷.docx,9
2025,语文,安徽,新高考,2024,地方/区域卷,local,安徽卷,present_local,H:\New folder\2025年高考真题及答案(按科目分类)\1.25高考语文试题及答案\【安徽】2025年高考全国一卷语文高考真题文档版（含答案）.docx,papers/2025/语文/安徽/安徽卷/2025_语文_安徽_安徽卷_原卷.docx,7
2025,语文,福建,新高考,2021,地方/区域卷,local,福建卷,present_local,H:\New folder\2025年高考真题及答案(按科目分类)\1.25高考语文试题及答案\【福建】2025年高考全国一卷语文高考真题文档版（含答案）.docx,papers/2025/语文/福建/福建卷/2025_语文_福建_福建卷_原卷.docx,7
2025,语文,江西,新高考,2024,地方/区域卷,local,江西卷,present_local,H:\New folder\2025年高考真题及答案(按科目分类)\1.25高考语文试题及答案\【江西】2025年高考全国一卷语文高考真题文档版（含答案）.docx,papers/2025/语文/江西/江西卷/2025_语文_江西_江西卷_原卷.docx,7
2025,语文,山东,新高考,2020,地方/区域卷,local,山东卷,present_local,H:\New folder\2025年高考真题及答案(按科目分类)\1.25高考语文试题及答案\【山东】2025年高考全国一卷语文高考真题文档版（含答案）.docx,papers/2025/语文/山东/山东卷/2025_语文_山东_山东卷_原卷.docx,7
2025,语文,河南,新高考,2025,地方/区域卷,local,河南卷,present_local,H:\New folder\2025年高考真题及答案(按科目分类)\1.25高考语文试题及答案\【河南】2025年高考全国一卷语文高考真题文档版（含答案）.docx,papers/2025/语文/河南/河南卷/2025_语文_河南_河南卷_原卷.docx,7
2025,语文,湖北,新高考,2021,地方/区域卷,local,湖北卷,present_local,H:\New folder\2025年高考真题及答案(按科目分类)\1.25高考语文试题及答案\【湖北】2025年高考全国一卷语文高考真题文档版（含答案）.docx,papers/2025/语文/湖北/湖北卷/2025_语文_湖北_湖北卷_原卷.docx,7
2025,语文,湖南,新高考,2021,地方/区域卷,local,湖南卷,present_local,H:\New folder\2025年高考真题及答案(按科目分类)\1.25高考语文试题及答案\【湖南】2025年高考全国一卷语文高考真题文档版（含答案）.docx,papers/2025/语文/湖南/湖南卷/2025_语文_湖南_湖南卷_原卷.docx,7
2025,语文,广东,新高考,2021,地方/区域卷,local,广东卷,present_local,H:\New folder\2025年高考真题及答案(按科目分类)\1.25高考语文试题及答案\【广东】2025年高考全国一卷语文高考真题文档版（含答案）.docx,papers/2025/语文/广东/广东卷/2025_语文_广东_广东卷_原卷.docx,7
2025,语文,广西,新高考,2024,地方/区域卷,local,广西卷,present_local,H:\New folder\2025年高考真题及答案(按科目分类)\1.25高考语文试题及答案\【广西】2025年高考全国二卷语文高考真题文档版（含答案）.docx,papers/2025/语文/广西/广西卷/2025_语文_广西_广西卷_原卷.docx,7
2025,语文,海南,新高考,2020,地方/区域卷,local,海南卷,present_local,H:\New folder\2025年高考真题及答案(按科目分类)\1.25高考语文试题及答案\【海南】2025年高考全国二卷语文高考真题文档版（含答案）.docx,papers/2025/语文/海南/海南卷/2025_语文_海南_海南卷_原卷.docx,7
2025,语文,重庆,新高考,2021,地方/区域卷,local,重庆卷,present_local,H:\New folder\2025年高考真题及答案(按科目分类)\1.25高考语文试题及答案\【重庆】2025年高考全国二卷语文高考真题文档版（含答案）.docx,papers/2025/语文/重庆/重庆卷/2025_语文_重庆_重庆卷_原卷.docx,7
2025,语文,四川,新高考,2025,地方/区域卷,local,四川卷,present_local,H:\New folder\高考六科整理\语文\2025_新版_四川\【四川】2025年高考全国二卷语文高考真题文档版（含答案）.docx,papers/2025/语文/四川/四川卷/2025_语文_四川_四川卷_原卷.docx,43
2025,语文,贵州,新高考,2024,地方/区域卷,local,贵州卷,present_local,H:\New folder\2025年高考真题及答案(按科目分类)\1.25高考语文试题及答案\【贵州】2025年高考全国二卷语文高考真题文档版（含答案）.pdf,papers/2025/语文/贵州/贵州卷/2025_语文_贵州_贵州卷_原卷.pdf,5
2025,语文,云南,新高考,2025,地方/区域卷,local,云南卷,present_local,H:\New folder\2025年高考真题及答案(按科目分类)\1.25高考语文试题及答案\【云南】2025年高考全国二卷语文高考真题文档版（含答案）.docx,papers/2025/语文/云南/云南卷/2025_语文_云南_云南卷_原卷.docx,7
2025,语文,西藏,老高考,,地方/区域卷,local,西藏卷,present_local,H:\New folder\2025年高考真题及答案(按科目分类)\1.25高考语文试题及答案\【西藏】2025年高考全国二卷语文高考真题文档版（含答案）.docx,papers/2025/语文/西藏/西藏卷/2025_语文_西藏_西藏卷_原卷.docx,7
2025,语文,陕西,新高考,2025,地方/区域卷,local,陕西卷,present_local,H:\New folder\2025年高考真题及答案(按科目分类)\1.25高考语文试题及答案\【陕西】2025年高考全国二卷语文高考真题文档版（含答案）.docx,papers/2025/语文/陕西/陕西卷/2025_语文_陕西_陕西卷_原卷.docx,7
2025,语文,甘肃,新高考,2024,地方/区域卷,local,甘肃卷,present_local,H:\New folder\2025年高考真题及答案(按科目分类)\1.25高考语文试题及答案\【甘肃】2025年高考全国二卷语文高考真题文档版（含答案）.docx,papers/2025/语文/甘肃/甘肃卷/2025_语文_甘肃_甘肃卷_原卷.docx,7
2025,语文,青海,新高考,2025,地方/区域卷,local,青海卷,present_local,H:\New folder\2025年高考真题及答案(按科目分类)\1.25高考语文试题及答案\【青海】2025年高考全国二卷语文高考真题文档版（含答案）.docx,papers/2025/语文/青海/青海卷/2025_语文_青海_青海卷_原卷.docx,7
2025,语文,宁夏,新高考,2025,地方/区域卷,local,宁夏卷,present_local,H:\New folder\2025年高考真题及答案(按科目分类)\1.25高考语文试题及答案\【宁夏】2025年高考全国二卷语文高考真题文档版（含答案）.docx,papers/2025/语文/宁夏/宁夏卷/2025_语文_宁夏_宁夏卷_原卷.docx,7
2025,语文,新疆,老高考,,地方/区域卷,local,新疆卷,present_local,H:\New folder\2025年高考真题及答案(按科目分类)\1.25高考语文试题及答案\【新疆】2025年高考全国二卷语文高考真题文档版（含答案）.docx,papers/2025/语文/新疆/新疆卷/2025_语文_新疆_新疆卷_原卷.docx,7
2026,语文,北京,新高考,2020,,missing,,missing,,,0
2026,语文,天津,新高考,2020,,missing,,missing,,,0
2026,语文,河北,新高考,2021,全国卷,common,河北卷,covered_common,H:\New folder\2026高考真题+答案\2026年高考真题答案（按省份分类）\0、全国一卷（语数英）完整版\语文\2026年新高考语文（全国一卷）原卷.pdf,papers/2026/语文/全国/河北卷/2026_语文_河北_河北卷_covered_common.pdf,1
2026,语文,山西,新高考,2025,全国卷,common,全国II卷,covered_common,H:\New folder\2026高考真题+答案\2026年高考真题答案（按省份分类）\1、全国二卷（语数英）完整版\语文\2026高考语文全国Ⅱ卷试题.pdf,papers/2026/语文/全国/全国II卷/2026_语文_山西_全国II卷_covered_common.pdf,1
2026,语文,内蒙古,新高考,2025,全国卷,common,全国II卷,covered_common,H:\New folder\2026高考真题+答案\2026年高考真题答案（按省份分类）\1、全国二卷（语数英）完整版\语文\2026高考语文全国Ⅱ卷试题.pdf,papers/2026/语文/全国/全国II卷/2026_语文_内蒙古_全国II卷_covered_common.pdf,1
2026,语文,辽宁,新高考,2021,全国卷,common,全国II卷,covered_common,H:\New folder\2026高考真题+答案\2026年高考真题答案（按省份分类）\1、全国二卷（语数英）完整版\语文\2026高考语文全国Ⅱ卷试题.pdf,papers/2026/语文/全国/全国II卷/2026_语文_辽宁_全国II卷_covered_common.pdf,1
2026,语文,吉林,新高考,2024,全国卷,common,全国II卷,covered_common,H:\New folder\2026高考真题+答案\2026年高考真题答案（按省份分类）\1、全国二卷（语数英）完整版\语文\2026高考语文全国Ⅱ卷试题.pdf,papers/2026/语文/全国/全国II卷/2026_语文_吉林_全国II卷_covered_common.pdf,1
2026,语文,黑龙江,新高考,2024,全国卷,common,全国II卷,covered_common,H:\New folder\2026高考真题+答案\2026年高考真题答案（按省份分类）\1、全国二卷（语数英）完整版\语文\2026高考语文全国Ⅱ卷试题.pdf,papers/2026/语文/全国/全国II卷/2026_语文_黑龙江_全国II卷_covered_common.pdf,1
2026,语文,上海,新高考,2017,,missing,,missing,,,0
2026,语文,江苏,新高考,2021,全国卷,common,江苏卷,covered_common,H:\New folder\2026高考真题+答案\2026年高考真题答案（按省份分类）\0、全国一卷（语数英）完整版\语文\2026年新高考语文（全国一卷）原卷.pdf,papers/2026/语文/全国/江苏卷/2026_语文_江苏_江苏卷_covered_common.pdf,1
2026,语文,浙江,新高考,2017,全国卷,common,浙江卷,covered_common,H:\New folder\2026高考真题+答案\2026年高考真题答案（按省份分类）\0、全国一卷（语数英）完整版\语文\2026年新高考语文（全国一卷）原卷.pdf,papers/2026/语文/全国/浙江卷/2026_语文_浙江_浙江卷_covered_common.pdf,1
2026,语文,安徽,新高考,2024,全国卷,common,安徽卷,covered_common,H:\New folder\2026高考真题+答案\2026年高考真题答案（按省份分类）\0、全国一卷（语数英）完整版\语文\2026年新高考语文（全国一卷）原卷.pdf,papers/2026/语文/全国/安徽卷/2026_语文_安徽_安徽卷_covered_common.pdf,1
2026,语文,福建,新高考,2021,全国卷,common,福建卷,covered_common,H:\New folder\2026高考真题+答案\2026年高考真题答案（按省份分类）\0、全国一卷（语数英）完整版\语文\2026年新高考语文（全国一卷）原卷.pdf,papers/2026/语文/全国/福建卷/2026_语文_福建_福建卷_covered_common.pdf,1
2026,语文,江西,新高考,2024,全国卷,common,江西卷,covered_common,H:\New folder\2026高考真题+答案\2026年高考真题答案（按省份分类）\0、全国一卷（语数英）完整版\语文\2026年新高考语文（全国一卷）原卷.pdf,papers/2026/语文/全国/江西卷/2026_语文_江西_江西卷_covered_common.pdf,1
2026,语文,山东,新高考,2020,全国卷,common,山东卷,covered_common,H:\New folder\2026高考真题+答案\2026年高考真题答案（按省份分类）\0、全国一卷（语数英）完整版\语文\2026年新高考语文（全国一卷）原卷.pdf,papers/2026/语文/全国/山东卷/2026_语文_山东_山东卷_covered_common.pdf,1
2026,语文,河南,新高考,2025,全国卷,common,河南卷,covered_common,H:\New folder\2026高考真题+答案\2026年高考真题答案（按省份分类）\0、全国一卷（语数英）完整版\语文\2026年新高考语文（全国一卷）原卷.pdf,papers/2026/语文/全国/河南卷/2026_语文_河南_河南卷_covered_common.pdf,1
2026,语文,湖北,新高考,2021,全国卷,common,湖北卷,covered_common,H:\New folder\2026高考真题+答案\2026年高考真题答案（按省份分类）\0、全国一卷（语数英）完整版\语文\2026年新高考语文（全国一卷）原卷.pdf,papers/2026/语文/全国/湖北卷/2026_语文_湖北_湖北卷_covered_common.pdf,1
2026,语文,湖南,新高考,2021,全国卷,common,湖南卷,covered_common,H:\New folder\2026高考真题+答案\2026年高考真题答案（按省份分类）\0、全国一卷（语数英）完整版\语文\2026年新高考语文（全国一卷）原卷.pdf,papers/2026/语文/全国/湖南卷/2026_语文_湖南_湖南卷_covered_common.pdf,1
2026,语文,广东,新高考,2021,全国卷,common,广东卷,covered_common,H:\New folder\2026高考真题+答案\2026年高考真题答案（按省份分类）\0、全国一卷（语数英）完整版\语文\2026年新高考语文（全国一卷）原卷.pdf,papers/2026/语文/全国/广东卷/2026_语文_广东_广东卷_covered_common.pdf,1
2026,语文,广西,新高考,2024,全国卷,common,全国II卷,covered_common,H:\New folder\2026高考真题+答案\2026年高考真题答案（按省份分类）\1、全国二卷（语数英）完整版\语文\2026高考语文全国Ⅱ卷试题.pdf,papers/2026/语文/全国/全国II卷/2026_语文_广西_全国II卷_covered_common.pdf,1
2026,语文,海南,新高考,2020,全国卷,common,全国II卷,covered_common,H:\New folder\2026高考真题+答案\2026年高考真题答案（按省份分类）\1、全国二卷（语数英）完整版\语文\2026高考语文全国Ⅱ卷试题.pdf,papers/2026/语文/全国/全国II卷/2026_语文_海南_全国II卷_covered_common.pdf,1
2026,语文,重庆,新高考,2021,全国卷,common,全国II卷,covered_common,H:\New folder\2026高考真题+答案\2026年高考真题答案（按省份分类）\1、全国二卷（语数英）完整版\语文\2026高考语文全国Ⅱ卷试题.pdf,papers/2026/语文/全国/全国II卷/2026_语文_重庆_全国II卷_covered_common.pdf,1
2026,语文,四川,新高考,2025,全国卷,common,全国II卷,present_common,H:\New folder\高考六科整理\语文\2026_全国新高考II卷_四川主科\2026高考语文全国Ⅱ卷试题.pdf,papers/2026/语文/全国/全国II卷/2026_语文_四川_全国II卷_原卷.pdf,3
2026,语文,贵州,新高考,2024,全国卷,common,全国II卷,covered_common,H:\New folder\2026高考真题+答案\2026年高考真题答案（按省份分类）\1、全国二卷（语数英）完整版\语文\2026高考语文全国Ⅱ卷试题.pdf,papers/2026/语文/全国/全国II卷/2026_语文_贵州_全国II卷_covered_common.pdf,1
2026,语文,云南,新高考,2025,全国卷,common,全国II卷,covered_common,H:\New folder\2026高考真题+答案\2026年高考真题答案（按省份分类）\1、全国二卷（语数英）完整版\语文\2026高考语文全国Ⅱ卷试题.pdf,papers/2026/语文/全国/全国II卷/2026_语文_云南_全国II卷_covered_common.pdf,1
2026,语文,西藏,老高考,,全国卷,common,全国II卷,covered_common,H:\New folder\2026高考真题+答案\2026年高考真题答案（按省份分类）\1、全国二卷（语数英）完整版\语文\2026高考语文全国Ⅱ卷试题.pdf,papers/2026/语文/全国/全国II卷/2026_语文_西藏_全国II卷_covered_common.pdf,1
2026,语文,陕西,新高考,2025,全国卷,common,全国II卷,covered_common,H:\New folder\2026高考真题+答案\2026年高考真题答案（按省份分类）\1、全国二卷（语数英）完整版\语文\2026高考语文全国Ⅱ卷试题.pdf,papers/2026/语文/全国/全国II卷/2026_语文_陕西_全国II卷_covered_common.pdf,1
2026,语文,甘肃,新高考,2024,全国卷,common,全国II卷,covered_common,H:\New folder\2026高考真题+答案\2026年高考真题答案（按省份分类）\1、全国二卷（语数英）完整版\语文\2026高考语文全国Ⅱ卷试题.pdf,papers/2026/语文/全国/全国II卷/2026_语文_甘肃_全国II卷_covered_common.pdf,1
2026,语文,青海,新高考,2025,全国卷,common,全国II卷,covered_common,H:\New folder\2026高考真题+答案\2026年高考真题答案（按省份分类）\1、全国二卷（语数英）完整版\语文\2026高考语文全国Ⅱ卷试题.pdf,papers/2026/语文/全国/全国II卷/2026_语文_青海_全国II卷_covered_common.pdf,1
2026,语文,宁夏,新高考,2025,全国卷,common,全国II卷,covered_common,H:\New folder\2026高考真题+答案\2026年高考真题答案（按省份分类）\1、全国二卷（语数英）完整版\语文\2026高考语文全国Ⅱ卷试题.pdf,papers/2026/语文/全国/全国II卷/2026_语文_宁夏_全国II卷_covered_common.pdf,1
2026,语文,新疆,老高考,,全国卷,common,全国II卷,covered_common,H:\New folder\2026高考真题+答案\2026年高考真题答案（按省份分类）\1、全国二卷（语数英）完整版\语文\2026高考语文全国Ⅱ卷试题.pdf,papers/2026/语文/全国/全国II卷/2026_语文_新疆_全国II卷_covered_common.pdf,1
