年份,科目,地区,高考模式,改革起始年,卷别性质,范围,卷型,状态,来源文件,建议Repo路径,文件数
2008,物理,北京,老高考,2020,地方/区域卷,local,北京卷,present_local,H:\New folder\【新·PDF版】2008-2024·高考物理真题\版本2：物理（按省份分类）2008-2024\2008-2024·（北京）物理高考真题\2008年高考物理试卷（北京）（空白卷）.pdf,papers/2008/物理/北京/北京卷/2008_物理_北京_北京卷_原卷.pdf,2
2008,物理,天津,老高考,2020,地方/区域卷,local,天津卷,present_local,H:\New folder\【新·PDF版】2008-2024·高考物理真题\版本2：物理（按省份分类）2008-2024\2008-2023·（天津）物理高考真题\2008年高考物理真题（天津）（空白卷）.pdf,papers/2008/物理/天津/天津卷/2008_物理_天津_天津卷_原卷.pdf,2
2008,物理,河北,老高考,2021,全国卷,common,河北卷,present_common,H:\New folder\【新·PDF版】2008-2024·高考物理真题\版本2：物理（按省份分类）2008-2024\2008-2024·（河北）物理高考真题\2008年高考物理试卷（全国卷Ⅰ）（空白卷）.pdf,papers/2008/物理/全国/河北卷/2008_物理_河北_河北卷_原卷.pdf,2
2008,物理,山西,老高考,2025,全国卷,common,山西卷,present_common,H:\New folder\【新·PDF版】2008-2024·高考物理真题\版本2：物理（按省份分类）2008-2024\2008-2024·（山西）物理高考真题\2008年高考物理试卷（全国卷Ⅰ）（空白卷）.pdf,papers/2008/物理/全国/山西卷/2008_物理_山西_山西卷_原卷.pdf,2
2008,物理,内蒙古,老高考,2025,全国卷,common,内蒙古卷,present_common,H:\New folder\【新·PDF版】2008-2024·高考物理真题\版本2：物理（按省份分类）2008-2024\2008-2024·（内蒙古）物理高考真题\2008年高考物理试卷（全国卷Ⅱ）（空白卷）.pdf,papers/2008/物理/全国/内蒙古卷/2008_物理_内蒙古_内蒙古卷_原卷.pdf,2
2008,物理,辽宁,老高考,2021,,missing,,missing,,,0
2008,物理,吉林,老高考,2024,全国卷,common,吉林卷,present_common,H:\New folder\【新·PDF版】2008-2024·高考物理真题\版本2：物理（按省份分类）2008-2024\2008-2024·（吉林）物理高考真题\2008年高考物理试卷（全国卷Ⅱ）（空白卷）.pdf,papers/2008/物理/全国/吉林卷/2008_物理_吉林_吉林卷_原卷.pdf,2
2008,物理,黑龙江,老高考,2024,全国卷,common,黑龙江卷,present_common,H:\New folder\【新·PDF版】2008-2024·高考物理真题\版本2：物理（按省份分类）2008-2024\2008-2024·（黑龙江）物理高考真题\2008年高考物理试卷（全国卷Ⅱ）（空白卷）.pdf,papers/2008/物理/全国/黑龙江卷/2008_物理_黑龙江_黑龙江卷_原卷.pdf,2
2008,物理,上海,老高考,2017,地方/区域卷,local,上海卷,present_local,H:\New folder\【新·PDF版】2008-2024·高考物理真题\版本2：物理（按省份分类）2008-2024\2008-2024·（上海）物理高考真题\2008年高考物理试卷（上海）（空白卷）.pdf,papers/2008/物理/上海/上海卷/2008_物理_上海_上海卷_原卷.pdf,2
2008,物理,江苏,老高考,2021,地方/区域卷,local,江苏卷,present_local,H:\New folder\【新·PDF版】2008-2024·高考物理真题\版本2：物理（按省份分类）2008-2024\2008-2024·（江苏）物理高考真题\2008年高考物理试卷（江苏）（空白卷）.pdf,papers/2008/物理/江苏/江苏卷/2008_物理_江苏_江苏卷_原卷.pdf,2
2008,物理,浙江,老高考,2017,地方/区域卷,local,浙江卷,present_local,H:\New folder\【新·PDF版】2008-2024·高考物理真题\版本2：物理（按省份分类）2008-2024\2008-2024·（浙江）物理高考真题\2008年高考物理真题（浙江）（空白卷）.pdf,papers/2008/物理/浙江/浙江卷/2008_物理_浙江_浙江卷_原卷.pdf,2
2008,物理,安徽,老高考,2024,,missing,,missing,,,0
2008,物理,福建,老高考,2021,,missing,,missing,,,0
2008,物理,江西,老高考,2024,全国卷,common,江西卷,present_common,H:\New folder\【新·PDF版】2008-2024·高考物理真题\版本2：物理（按省份分类）2008-2024\2008-2024·（江西）物理高考真题\2008年高考物理试卷（全国卷Ⅰ）（空白卷）.pdf,papers/2008/物理/全国/江西卷/2008_物理_江西_江西卷_原卷.pdf,2
2008,物理,山东,老高考,2020,地方/区域卷,local,山东卷,present_local,H:\New folder\【新·PDF版】2008-2024·高考物理真题\版本2：物理（按省份分类）2008-2024\2008-2024·（山东）物理高考真题\2008年高考物理真题（山东）（空白卷）.pdf,papers/2008/物理/山东/山东卷/2008_物理_山东_山东卷_原卷.pdf,2
2008,物理,河南,老高考,2025,全国卷,common,河南卷,present_common,H:\New folder\【新·PDF版】2008-2024·高考物理真题\版本2：物理（按省份分类）2008-2024\2008-2024·（河南）物理高考真题\2008年高考物理试卷（全国卷Ⅰ）（空白卷）.pdf,papers/2008/物理/全国/河南卷/2008_物理_河南_河南卷_原卷.pdf,2
2008,物理,湖北,老高考,2021,全国卷,common,湖北卷,present_common,H:\New folder\【新·PDF版】2008-2024·高考物理真题\版本2：物理（按省份分类）2008-2024\2008-2024·（湖北）物理高考真题\2008年高考物理试卷（全国卷Ⅰ）（空白卷）.pdf,papers/2008/物理/全国/湖北卷/2008_物理_湖北_湖北卷_原卷.pdf,2
2008,物理,湖南,老高考,2021,全国卷,common,湖南卷,present_common,H:\New folder\【新·PDF版】2008-2024·高考物理真题\版本2：物理（按省份分类）2008-2024\2008-2024·（湖南）物理高考真题\2008年高考物理试卷（全国卷Ⅰ）（空白卷）.pdf,papers/2008/物理/全国/湖南卷/2008_物理_湖南_湖南卷_原卷.pdf,2
2008,物理,广东,老高考,2021,地方/区域卷,local,广东卷,present_local,H:\New folder\【新·PDF版】2008-2024·高考物理真题\版本2：物理（按省份分类）2008-2024\2008-2024·（广东）物理高考真题\2008年高考物理试卷（广东）（空白卷）.pdf,papers/2008/物理/广东/广东卷/2008_物理_广东_广东卷_原卷.pdf,2
2008,物理,广西,老高考,2024,全国卷,common,广西卷,present_common,H:\New folder\【新·PDF版】2008-2024·高考物理真题\版本2：物理（按省份分类）2008-2024\2008-2024·（广西）物理高考真题\2008年高考物理试卷（全国卷Ⅰ）（空白卷）.pdf,papers/2008/物理/全国/广西卷/2008_物理_广西_广西卷_原卷.pdf,2
2008,物理,海南,老高考,2020,地方/区域卷,local,海南卷,present_local,H:\New folder\【新·PDF版】2008-2024·高考物理真题\版本2：物理（按省份分类）2008-2024\2008-2024·（海南）物理高考真题\2008年高考物理试卷（海南）（空白卷）.pdf,papers/2008/物理/海南/海南卷/2008_物理_海南_海南卷_原卷.pdf,2
2008,物理,重庆,老高考,2021,,missing,,missing,,,0
2008,物理,四川,老高考,2025,地方/区域卷,local,四川卷,present_local,H:\New folder\【新·PDF版】2008-2024·高考物理真题\版本2：物理（按省份分类）2008-2024\2008-2024·（四川）物理高考真题\2008年高考物理真题（四川）（空白卷）.pdf,papers/2008/物理/四川/四川卷/2008_物理_四川_四川卷_原卷.pdf,2
2008,物理,贵州,老高考,2024,全国卷,common,贵州卷,present_common,H:\New folder\【新·PDF版】2008-2024·高考物理真题\版本2：物理（按省份分类）2008-2024\2008-2023·（贵州）物理高考真题\2008年高考物理试卷（全国卷Ⅱ）（空白卷）.pdf,papers/2008/物理/全国/贵州卷/2008_物理_贵州_贵州卷_原卷.pdf,2
2008,物理,云南,老高考,2025,全国卷,common,云南卷,present_common,H:\New folder\【新·PDF版】2008-2024·高考物理真题\版本2：物理（按省份分类）2008-2024\2008-2024·（云南）物理高考真题\2008年高考物理试卷（全国卷Ⅱ）（空白卷）.pdf,papers/2008/物理/全国/云南卷/2008_物理_云南_云南卷_原卷.pdf,2
2008,物理,西藏,老高考,,全国卷,common,西藏卷,present_common,H:\New folder\【新·PDF版】2008-2024·高考物理真题\版本2：物理（按省份分类）2008-2024\2008-2024·（西藏）物理高考真题\2008年高考物理试卷（全国卷Ⅱ）（空白卷）.pdf,papers/2008/物理/全国/西藏卷/2008_物理_西藏_西藏卷_原卷.pdf,2
2008,物理,陕西,老高考,2025,全国卷,common,陕西卷,present_common,H:\New folder\【新·PDF版】2008-2024·高考物理真题\版本2：物理（按省份分类）2008-2024\2008-2024·（陕西）物理高考真题\2008年高考物理试卷（全国卷Ⅱ）（空白卷）.pdf,papers/2008/物理/全国/陕西卷/2008_物理_陕西_陕西卷_原卷.pdf,2
2008,物理,甘肃,老高考,2024,全国卷,common,甘肃卷,present_common,H:\New folder\【新·PDF版】2008-2024·高考物理真题\版本2：物理（按省份分类）2008-2024\2008-2024·（甘肃）物理高考真题\2008年高考物理试卷（全国卷Ⅱ）（空白卷）.pdf,papers/2008/物理/全国/甘肃卷/2008_物理_甘肃_甘肃卷_原卷.pdf,2
2008,物理,青海,老高考,2025,全国卷,common,青海卷,present_common,H:\New folder\【新·PDF版】2008-2024·高考物理真题\版本2：物理（按省份分类）2008-2024\2008-2024·（青海）物理高考真题\2008年高考物理试卷（全国卷Ⅱ）（空白卷）.pdf,papers/2008/物理/全国/青海卷/2008_物理_青海_青海卷_原卷.pdf,2
2008,物理,宁夏,老高考,2025,,missing,,missing,,,0
2008,物理,新疆,老高考,,全国卷,common,新疆卷,present_common,H:\New folder\【新·PDF版】2008-2024·高考物理真题\版本2：物理（按省份分类）2008-2024\2008-2024·（新疆）物理高考真题\2008年高考物理试卷（全国卷Ⅱ）（空白卷）.pdf,papers/2008/物理/全国/新疆卷/2008_物理_新疆_新疆卷_原卷.pdf,2
2009,物理,北京,老高考,2020,地方/区域卷,local,北京卷,present_local,H:\New folder\【新·PDF版】2008-2024·高考物理真题\版本2：物理（按省份分类）2008-2024\2008-2024·（北京）物理高考真题\2009年高考物理试卷（北京）（空白卷）.pdf,papers/2009/物理/北京/北京卷/2009_物理_北京_北京卷_原卷.pdf,2
2009,物理,天津,老高考,2020,地方/区域卷,local,天津卷,present_local,H:\New folder\【新·PDF版】2008-2024·高考物理真题\版本2：物理（按省份分类）2008-2024\2008-2023·（天津）物理高考真题\2009年高考物理真题（天津）（空白卷）.pdf,papers/2009/物理/天津/天津卷/2009_物理_天津_天津卷_原卷.pdf,2
2009,物理,河北,老高考,2021,全国卷,common,河北卷,present_common,H:\New folder\【新·PDF版】2008-2024·高考物理真题\版本2：物理（按省份分类）2008-2024\2008-2024·（河北）物理高考真题\2009年高考物理试卷（全国卷Ⅰ）（空白卷）.pdf,papers/2009/物理/全国/河北卷/2009_物理_河北_河北卷_原卷.pdf,2
2009,物理,山西,老高考,2025,全国卷,common,山西卷,present_common,H:\New folder\【新·PDF版】2008-2024·高考物理真题\版本2：物理（按省份分类）2008-2024\2008-2024·（山西）物理高考真题\2009年高考物理试卷（全国卷Ⅰ）（空白卷）.pdf,papers/2009/物理/全国/山西卷/2009_物理_山西_山西卷_原卷.pdf,2
2009,物理,内蒙古,老高考,2025,全国卷,common,内蒙古卷,present_common,H:\New folder\【新·PDF版】2008-2024·高考物理真题\版本2：物理（按省份分类）2008-2024\2008-2024·（内蒙古）物理高考真题\2009年高考物理试卷（全国卷Ⅱ）（空白卷）.pdf,papers/2009/物理/全国/内蒙古卷/2009_物理_内蒙古_内蒙古卷_原卷.pdf,2
2009,物理,辽宁,老高考,2021,,missing,,missing,,,0
2009,物理,吉林,老高考,2024,全国卷,common,吉林卷,present_common,H:\New folder\【新·PDF版】2008-2024·高考物理真题\版本2：物理（按省份分类）2008-2024\2008-2024·（吉林）物理高考真题\2009年高考物理试卷（全国卷Ⅱ）（空白卷）.pdf,papers/2009/物理/全国/吉林卷/2009_物理_吉林_吉林卷_原卷.pdf,2
2009,物理,黑龙江,老高考,2024,全国卷,common,黑龙江卷,present_common,H:\New folder\【新·PDF版】2008-2024·高考物理真题\版本2：物理（按省份分类）2008-2024\2008-2024·（黑龙江）物理高考真题\2009年高考物理试卷（全国卷Ⅱ）（空白卷）.pdf,papers/2009/物理/全国/黑龙江卷/2009_物理_黑龙江_黑龙江卷_原卷.pdf,2
2009,物理,上海,老高考,2017,地方/区域卷,local,上海卷,present_local,H:\New folder\【新·PDF版】2008-2024·高考物理真题\版本2：物理（按省份分类）2008-2024\2008-2024·（上海）物理高考真题\2009年高考物理试卷（上海）（空白卷）.pdf,papers/2009/物理/上海/上海卷/2009_物理_上海_上海卷_原卷.pdf,2
2009,物理,江苏,老高考,2021,地方/区域卷,local,江苏卷,present_local,H:\New folder\【新·PDF版】2008-2024·高考物理真题\版本2：物理（按省份分类）2008-2024\2008-2024·（江苏）物理高考真题\2009年高考物理试卷（江苏）（空白卷）.pdf,papers/2009/物理/江苏/江苏卷/2009_物理_江苏_江苏卷_原卷.pdf,2
2009,物理,浙江,老高考,2017,地方/区域卷,local,浙江卷,present_local,H:\New folder\【新·PDF版】2008-2024·高考物理真题\版本2：物理（按省份分类）2008-2024\2008-2024·（浙江）物理高考真题\2009年高考物理真题（浙江）（空白卷）.pdf,papers/2009/物理/浙江/浙江卷/2009_物理_浙江_浙江卷_原卷.pdf,2
2009,物理,安徽,老高考,2024,,missing,,missing,,,0
2009,物理,福建,老高考,2021,,missing,,missing,,,0
2009,物理,江西,老高考,2024,全国卷,common,江西卷,present_common,H:\New folder\【新·PDF版】2008-2024·高考物理真题\版本2：物理（按省份分类）2008-2024\2008-2024·（江西）物理高考真题\2009年高考物理试卷（全国卷Ⅰ）（空白卷）.pdf,papers/2009/物理/全国/江西卷/2009_物理_江西_江西卷_原卷.pdf,2
2009,物理,山东,老高考,2020,地方/区域卷,local,山东卷,present_local,H:\New folder\【新·PDF版】2008-2024·高考物理真题\版本2：物理（按省份分类）2008-2024\2008-2024·（山东）物理高考真题\2009年高考物理真题（山东）（空白卷）.pdf,papers/2009/物理/山东/山东卷/2009_物理_山东_山东卷_原卷.pdf,2
2009,物理,河南,老高考,2025,全国卷,common,河南卷,present_common,H:\New folder\【新·PDF版】2008-2024·高考物理真题\版本2：物理（按省份分类）2008-2024\2008-2024·（河南）物理高考真题\2009年高考物理试卷（全国卷Ⅰ）（空白卷）.pdf,papers/2009/物理/全国/河南卷/2009_物理_河南_河南卷_原卷.pdf,2
2009,物理,湖北,老高考,2021,全国卷,common,湖北卷,present_common,H:\New folder\【新·PDF版】2008-2024·高考物理真题\版本2：物理（按省份分类）2008-2024\2008-2024·（湖北）物理高考真题\2009年高考物理试卷（全国卷Ⅰ）（空白卷）.pdf,papers/2009/物理/全国/湖北卷/2009_物理_湖北_湖北卷_原卷.pdf,2
2009,物理,湖南,老高考,2021,全国卷,common,湖南卷,present_common,H:\New folder\【新·PDF版】2008-2024·高考物理真题\版本2：物理（按省份分类）2008-2024\2008-2024·（湖南）物理高考真题\2009年高考物理试卷（全国卷Ⅰ）（空白卷）.pdf,papers/2009/物理/全国/湖南卷/2009_物理_湖南_湖南卷_原卷.pdf,2
2009,物理,广东,老高考,2021,地方/区域卷,local,广东卷,present_local,H:\New folder\【新·PDF版】2008-2024·高考物理真题\版本2：物理（按省份分类）2008-2024\2008-2024·（广东）物理高考真题\2009年高考物理试卷（广东）（空白卷）.pdf,papers/2009/物理/广东/广东卷/2009_物理_广东_广东卷_原卷.pdf,2
2009,物理,广西,老高考,2024,全国卷,common,广西卷,present_common,H:\New folder\【新·PDF版】2008-2024·高考物理真题\版本2：物理（按省份分类）2008-2024\2008-2024·（广西）物理高考真题\2009年高考物理试卷（全国卷Ⅰ）（空白卷）.pdf,papers/2009/物理/全国/广西卷/2009_物理_广西_广西卷_原卷.pdf,2
2009,物理,海南,老高考,2020,地方/区域卷,local,海南卷,present_local,H:\New folder\【新·PDF版】2008-2024·高考物理真题\版本2：物理（按省份分类）2008-2024\2008-2024·（海南）物理高考真题\2009年高考物理试卷（海南）（空白卷）.pdf,papers/2009/物理/海南/海南卷/2009_物理_海南_海南卷_原卷.pdf,2
2009,物理,重庆,老高考,2021,,missing,,missing,,,0
2009,物理,四川,老高考,2025,地方/区域卷,local,四川卷,present_local,H:\New folder\【新·PDF版】2008-2024·高考物理真题\版本2：物理（按省份分类）2008-2024\2008-2024·（四川）物理高考真题\2009年高考物理真题（四川）（空白卷）.pdf,papers/2009/物理/四川/四川卷/2009_物理_四川_四川卷_原卷.pdf,2
2009,物理,贵州,老高考,2024,全国卷,common,贵州卷,present_common,H:\New folder\【新·PDF版】2008-2024·高考物理真题\版本2：物理（按省份分类）2008-2024\2008-2023·（贵州）物理高考真题\2009年高考物理试卷（全国卷Ⅱ）（空白卷）.pdf,papers/2009/物理/全国/贵州卷/2009_物理_贵州_贵州卷_原卷.pdf,2
2009,物理,云南,老高考,2025,全国卷,common,云南卷,present_common,H:\New folder\【新·PDF版】2008-2024·高考物理真题\版本2：物理（按省份分类）2008-2024\2008-2024·（云南）物理高考真题\2009年高考物理试卷（全国卷Ⅱ）（空白卷）.pdf,papers/2009/物理/全国/云南卷/2009_物理_云南_云南卷_原卷.pdf,2
2009,物理,西藏,老高考,,全国卷,common,西藏卷,present_common,H:\New folder\【新·PDF版】2008-2024·高考物理真题\版本2：物理（按省份分类）2008-2024\2008-2024·（西藏）物理高考真题\2009年高考物理试卷（全国卷Ⅱ）（空白卷）.pdf,papers/2009/物理/全国/西藏卷/2009_物理_西藏_西藏卷_原卷.pdf,2
2009,物理,陕西,老高考,2025,全国卷,common,陕西卷,present_common,H:\New folder\【新·PDF版】2008-2024·高考物理真题\版本2：物理（按省份分类）2008-2024\2008-2024·（陕西）物理高考真题\2009年高考物理试卷（全国卷Ⅱ）（空白卷）.pdf,papers/2009/物理/全国/陕西卷/2009_物理_陕西_陕西卷_原卷.pdf,2
2009,物理,甘肃,老高考,2024,全国卷,common,甘肃卷,present_common,H:\New folder\【新·PDF版】2008-2024·高考物理真题\版本2：物理（按省份分类）2008-2024\2008-2024·（甘肃）物理高考真题\2009年高考物理试卷（全国卷Ⅱ）（空白卷）.pdf,papers/2009/物理/全国/甘肃卷/2009_物理_甘肃_甘肃卷_原卷.pdf,2
2009,物理,青海,老高考,2025,全国卷,common,青海卷,present_common,H:\New folder\【新·PDF版】2008-2024·高考物理真题\版本2：物理（按省份分类）2008-2024\2008-2024·（青海）物理高考真题\2009年高考物理试卷（全国卷Ⅱ）（空白卷）.pdf,papers/2009/物理/全国/青海卷/2009_物理_青海_青海卷_原卷.pdf,2
2009,物理,宁夏,老高考,2025,,missing,,missing,,,0
2009,物理,新疆,老高考,,全国卷,common,新疆卷,present_common,H:\New folder\【新·PDF版】2008-2024·高考物理真题\版本2：物理（按省份分类）2008-2024\2008-2024·（新疆）物理高考真题\2009年高考物理试卷（全国卷Ⅱ）（空白卷）.pdf,papers/2009/物理/全国/新疆卷/2009_物理_新疆_新疆卷_原卷.pdf,2
2010,物理,北京,老高考,2020,地方/区域卷,local,北京卷,present_local,H:\New folder\【新·PDF版】2008-2024·高考物理真题\版本2：物理（按省份分类）2008-2024\2008-2024·（北京）物理高考真题\2010年高考物理试卷（北京）（空白卷）.pdf,papers/2010/物理/北京/北京卷/2010_物理_北京_北京卷_原卷.pdf,2
2010,物理,天津,老高考,2020,地方/区域卷,local,天津卷,present_local,H:\New folder\【新·PDF版】2008-2024·高考物理真题\版本2：物理（按省份分类）2008-2024\2008-2023·（天津）物理高考真题\2010年高考物理真题（天津）（空白卷）.pdf,papers/2010/物理/天津/天津卷/2010_物理_天津_天津卷_原卷.pdf,2
2010,物理,河北,老高考,2021,全国卷,common,河北卷,present_common,H:\New folder\【新·PDF版】2008-2024·高考物理真题\版本2：物理（按省份分类）2008-2024\2008-2024·（河北）物理高考真题\2010年高考物理试卷（全国卷Ⅰ）（空白卷）.pdf,papers/2010/物理/全国/河北卷/2010_物理_河北_河北卷_原卷.pdf,2
2010,物理,山西,老高考,2025,全国卷,common,山西卷,present_common,H:\New folder\【新·PDF版】2008-2024·高考物理真题\版本2：物理（按省份分类）2008-2024\2008-2024·（山西）物理高考真题\2010年高考物理试卷（全国卷Ⅰ）（空白卷）.pdf,papers/2010/物理/全国/山西卷/2010_物理_山西_山西卷_原卷.pdf,2
2010,物理,内蒙古,老高考,2025,全国卷,common,内蒙古卷,present_common,H:\New folder\【新·PDF版】2008-2024·高考物理真题\版本2：物理（按省份分类）2008-2024\2008-2024·（内蒙古）物理高考真题\2010年高考物理试卷（全国卷Ⅱ）（空白卷）.pdf,papers/2010/物理/全国/内蒙古卷/2010_物理_内蒙古_内蒙古卷_原卷.pdf,2
2010,物理,辽宁,老高考,2021,全国卷,common,辽宁卷,present_common,H:\New folder\【新·PDF版】2008-2024·高考物理真题\版本2：物理（按省份分类）2008-2024\2010-2024·（辽宁）物理高考真题\2010年高考物理试卷（新课标）（空白卷）.pdf,papers/2010/物理/全国/辽宁卷/2010_物理_辽宁_辽宁卷_原卷.pdf,2
2010,物理,吉林,老高考,2024,全国卷,common,新课标全国I卷,present_common,H:\New folder\【新·PDF版】2008-2024·高考物理真题\版本2：物理（按省份分类）2008-2024\2008-2024·（吉林）物理高考真题\2010年高考物理试卷（新课标Ⅰ）（空白卷）.pdf,papers/2010/物理/全国/新课标全国I卷/2010_物理_吉林_新课标全国I卷_原卷.pdf,2
2010,物理,黑龙江,老高考,2024,全国卷,common,黑龙江卷,present_common,H:\New folder\【新·PDF版】2008-2024·高考物理真题\版本2：物理（按省份分类）2008-2024\2008-2024·（黑龙江）物理高考真题\2010年高考物理试卷（新课标）（空白卷）.pdf,papers/2010/物理/全国/黑龙江卷/2010_物理_黑龙江_黑龙江卷_原卷.pdf,2
2010,物理,上海,老高考,2017,地方/区域卷,local,上海卷,present_local,H:\New folder\【新·PDF版】2008-2024·高考物理真题\版本2：物理（按省份分类）2008-2024\2008-2024·（上海）物理高考真题\2010年高考物理试卷（上海）（空白卷）.pdf,papers/2010/物理/上海/上海卷/2010_物理_上海_上海卷_原卷.pdf,2
2010,物理,江苏,老高考,2021,地方/区域卷,local,江苏卷,present_local,H:\New folder\【新·PDF版】2008-2024·高考物理真题\版本2：物理（按省份分类）2008-2024\2008-2024·（江苏）物理高考真题\2010年高考物理试卷（江苏）（空白卷）.pdf,papers/2010/物理/江苏/江苏卷/2010_物理_江苏_江苏卷_原卷.pdf,2
2010,物理,浙江,老高考,2017,地方/区域卷,local,浙江卷,present_local,H:\New folder\【新·PDF版】2008-2024·高考物理真题\版本2：物理（按省份分类）2008-2024\2008-2024·（浙江）物理高考真题\2010年高考物理真题（浙江）（空白卷）.pdf,papers/2010/物理/浙江/浙江卷/2010_物理_浙江_浙江卷_原卷.pdf,2
2010,物理,安徽,老高考,2024,,missing,,missing,,,0
2010,物理,福建,老高考,2021,,missing,,missing,,,0
2010,物理,江西,老高考,2024,全国卷,common,江西卷,present_common,H:\New folder\【新·PDF版】2008-2024·高考物理真题\版本2：物理（按省份分类）2008-2024\2008-2024·（江西）物理高考真题\2010年高考物理试卷（全国卷Ⅰ）（空白卷）.pdf,papers/2010/物理/全国/江西卷/2010_物理_江西_江西卷_原卷.pdf,2
2010,物理,山东,老高考,2020,地方/区域卷,local,山东卷,present_local,H:\New folder\【新·PDF版】2008-2024·高考物理真题\版本2：物理（按省份分类）2008-2024\2008-2024·（山东）物理高考真题\2010年高考物理真题（山东）（空白卷）.pdf,papers/2010/物理/山东/山东卷/2010_物理_山东_山东卷_原卷.pdf,2
2010,物理,河南,老高考,2025,全国卷,common,河南卷,present_common,H:\New folder\【新·PDF版】2008-2024·高考物理真题\版本2：物理（按省份分类）2008-2024\2008-2024·（河南）物理高考真题\2010年高考物理试卷（全国卷Ⅰ）（空白卷）.pdf,papers/2010/物理/全国/河南卷/2010_物理_河南_河南卷_原卷.pdf,2
2010,物理,湖北,老高考,2021,全国卷,common,湖北卷,present_common,H:\New folder\【新·PDF版】2008-2024·高考物理真题\版本2：物理（按省份分类）2008-2024\2008-2024·（湖北）物理高考真题\2010年高考物理试卷（全国卷Ⅰ）（空白卷）.pdf,papers/2010/物理/全国/湖北卷/2010_物理_湖北_湖北卷_原卷.pdf,2
2010,物理,湖南,老高考,2021,全国卷,common,湖南卷,present_common,H:\New folder\【新·PDF版】2008-2024·高考物理真题\版本2：物理（按省份分类）2008-2024\2008-2024·（湖南）物理高考真题\2010年高考物理试卷（全国卷Ⅰ）（空白卷）.pdf,papers/2010/物理/全国/湖南卷/2010_物理_湖南_湖南卷_原卷.pdf,2
2010,物理,广东,老高考,2021,地方/区域卷,local,广东卷,present_local,H:\New folder\【新·PDF版】2008-2024·高考物理真题\版本2：物理（按省份分类）2008-2024\2008-2024·（广东）物理高考真题\2010年高考物理试卷（广东）（空白卷）.pdf,papers/2010/物理/广东/广东卷/2010_物理_广东_广东卷_原卷.pdf,2
2010,物理,广西,老高考,2024,全国卷,common,广西卷,present_common,H:\New folder\【新·PDF版】2008-2024·高考物理真题\版本2：物理（按省份分类）2008-2024\2008-2024·（广西）物理高考真题\2010年高考物理试卷（全国卷Ⅰ）（空白卷）.pdf,papers/2010/物理/全国/广西卷/2010_物理_广西_广西卷_原卷.pdf,2
2010,物理,海南,老高考,2020,地方/区域卷,local,海南卷,present_local,H:\New folder\【新·PDF版】2008-2024·高考物理真题\版本2：物理（按省份分类）2008-2024\2008-2024·（海南）物理高考真题\2010年高考物理试卷（海南）（空白卷）.pdf,papers/2010/物理/海南/海南卷/2010_物理_海南_海南卷_原卷.pdf,2
2010,物理,重庆,老高考,2021,,missing,,missing,,,0
2010,物理,四川,老高考,2025,地方/区域卷,local,四川卷,present_local,H:\New folder\【新·PDF版】2008-2024·高考物理真题\版本2：物理（按省份分类）2008-2024\2008-2024·（四川）物理高考真题\2010年高考物理真题（四川）（空白卷）.pdf,papers/2010/物理/四川/四川卷/2010_物理_四川_四川卷_原卷.pdf,2
2010,物理,贵州,老高考,2024,全国卷,common,贵州卷,present_common,H:\New folder\【新·PDF版】2008-2024·高考物理真题\版本2：物理（按省份分类）2008-2024\2008-2023·（贵州）物理高考真题\2010年高考物理试卷（全国卷Ⅱ）（空白卷）.pdf,papers/2010/物理/全国/贵州卷/2010_物理_贵州_贵州卷_原卷.pdf,2
2010,物理,云南,老高考,2025,全国卷,common,云南卷,present_common,H:\New folder\【新·PDF版】2008-2024·高考物理真题\版本2：物理（按省份分类）2008-2024\2008-2024·（云南）物理高考真题\2010年高考物理试卷（全国卷Ⅱ）（空白卷）.pdf,papers/2010/物理/全国/云南卷/2010_物理_云南_云南卷_原卷.pdf,2
2010,物理,西藏,老高考,,全国卷,common,西藏卷,present_common,H:\New folder\【新·PDF版】2008-2024·高考物理真题\版本2：物理（按省份分类）2008-2024\2008-2024·（西藏）物理高考真题\2010年高考物理试卷（全国卷Ⅱ）（空白卷）.pdf,papers/2010/物理/全国/西藏卷/2010_物理_西藏_西藏卷_原卷.pdf,2
2010,物理,陕西,老高考,2025,全国卷,common,陕西卷,present_common,H:\New folder\【新·PDF版】2008-2024·高考物理真题\版本2：物理（按省份分类）2008-2024\2008-2024·（陕西）物理高考真题\2010年高考物理试卷（全国卷Ⅱ）（空白卷）.pdf,papers/2010/物理/全国/陕西卷/2010_物理_陕西_陕西卷_原卷.pdf,2
2010,物理,甘肃,老高考,2024,全国卷,common,甘肃卷,present_common,H:\New folder\【新·PDF版】2008-2024·高考物理真题\版本2：物理（按省份分类）2008-2024\2008-2024·（甘肃）物理高考真题\2010年高考物理试卷（全国卷Ⅱ）（空白卷）.pdf,papers/2010/物理/全国/甘肃卷/2010_物理_甘肃_甘肃卷_原卷.pdf,2
2010,物理,青海,老高考,2025,全国卷,common,青海卷,present_common,H:\New folder\【新·PDF版】2008-2024·高考物理真题\版本2：物理（按省份分类）2008-2024\2008-2024·（青海）物理高考真题\2010年高考物理试卷（全国卷Ⅱ）（空白卷）.pdf,papers/2010/物理/全国/青海卷/2010_物理_青海_青海卷_原卷.pdf,2
2010,物理,宁夏,老高考,2025,全国卷,common,宁夏卷,present_common,H:\New folder\【新·PDF版】2008-2024·高考物理真题\版本2：物理（按省份分类）2008-2024\2010-2024·（宁夏）物理高考真题\2010年高考物理试卷（新课标）（空白卷）.pdf,papers/2010/物理/全国/宁夏卷/2010_物理_宁夏_宁夏卷_原卷.pdf,2
2010,物理,新疆,老高考,,全国卷,common,新疆卷,present_common,H:\New folder\【新·PDF版】2008-2024·高考物理真题\版本2：物理（按省份分类）2008-2024\2008-2024·（新疆）物理高考真题\2010年高考物理试卷（全国卷Ⅱ）（空白卷）.pdf,papers/2010/物理/全国/新疆卷/2010_物理_新疆_新疆卷_原卷.pdf,2
2011,物理,北京,老高考,2020,地方/区域卷,local,北京卷,present_local,H:\New folder\【新·PDF版】2008-2024·高考物理真题\版本2：物理（按省份分类）2008-2024\2008-2024·（北京）物理高考真题\2011年高考物理试卷（北京）（空白卷）.pdf,papers/2011/物理/北京/北京卷/2011_物理_北京_北京卷_原卷.pdf,2
2011,物理,天津,老高考,2020,地方/区域卷,local,天津卷,present_local,H:\New folder\【新·PDF版】2008-2024·高考物理真题\版本2：物理（按省份分类）2008-2024\2008-2023·（天津）物理高考真题\2011年高考物理真题（天津）（空白卷）.pdf,papers/2011/物理/天津/天津卷/2011_物理_天津_天津卷_原卷.pdf,2
2011,物理,河北,老高考,2021,全国卷,common,河北卷,present_common,H:\New folder\【新·PDF版】2008-2024·高考物理真题\版本2：物理（按省份分类）2008-2024\2008-2024·（河北）物理高考真题\2011年高考物理试卷（新课标）（空白卷）.pdf,papers/2011/物理/全国/河北卷/2011_物理_河北_河北卷_原卷.pdf,2
2011,物理,山西,老高考,2025,全国卷,common,山西卷,present_common,H:\New folder\【新·PDF版】2008-2024·高考物理真题\版本2：物理（按省份分类）2008-2024\2008-2024·（山西）物理高考真题\2011年高考物理试卷（新课标）（空白卷）.pdf,papers/2011/物理/全国/山西卷/2011_物理_山西_山西卷_原卷.pdf,2
2011,物理,内蒙古,老高考,2025,全国卷,common,全国II卷,present_common,H:\New folder\【新·PDF版】2008-2024·高考物理真题\版本2：物理（按省份分类）2008-2024\2008-2024·（内蒙古）物理高考真题\2011年高考物理试卷（全国Ⅱ卷，大纲卷）（空白卷）.pdf,papers/2011/物理/全国/全国II卷/2011_物理_内蒙古_全国II卷_原卷.pdf,2
2011,物理,辽宁,老高考,2021,全国卷,common,辽宁卷,present_common,H:\New folder\【新·PDF版】2008-2024·高考物理真题\版本2：物理（按省份分类）2008-2024\2010-2024·（辽宁）物理高考真题\2011年高考物理试卷（新课标）（空白卷）.pdf,papers/2011/物理/全国/辽宁卷/2011_物理_辽宁_辽宁卷_原卷.pdf,2
2011,物理,吉林,老高考,2024,全国卷,common,吉林卷,present_common,H:\New folder\【新·PDF版】2008-2024·高考物理真题\版本2：物理（按省份分类）2008-2024\2008-2024·（吉林）物理高考真题\2011年高考物理试卷（新课标）（空白卷）.pdf,papers/2011/物理/全国/吉林卷/2011_物理_吉林_吉林卷_原卷.pdf,2
2011,物理,黑龙江,老高考,2024,全国卷,common,黑龙江卷,present_common,H:\New folder\【新·PDF版】2008-2024·高考物理真题\版本2：物理（按省份分类）2008-2024\2008-2024·（黑龙江）物理高考真题\2011年高考物理试卷（新课标）（空白卷）.pdf,papers/2011/物理/全国/黑龙江卷/2011_物理_黑龙江_黑龙江卷_原卷.pdf,2
2011,物理,上海,老高考,2017,地方/区域卷,local,上海卷,present_local,H:\New folder\【新·PDF版】2008-2024·高考物理真题\版本2：物理（按省份分类）2008-2024\2008-2024·（上海）物理高考真题\2011年高考物理试卷（上海）（空白卷）.pdf,papers/2011/物理/上海/上海卷/2011_物理_上海_上海卷_原卷.pdf,2
2011,物理,江苏,老高考,2021,地方/区域卷,local,江苏卷,present_local,H:\New folder\【新·PDF版】2008-2024·高考物理真题\版本2：物理（按省份分类）2008-2024\2008-2024·（江苏）物理高考真题\2011年高考物理试卷（江苏）（空白卷）.pdf,papers/2011/物理/江苏/江苏卷/2011_物理_江苏_江苏卷_原卷.pdf,2
2011,物理,浙江,老高考,2017,地方/区域卷,local,浙江卷,present_local,H:\New folder\【新·PDF版】2008-2024·高考物理真题\版本2：物理（按省份分类）2008-2024\2008-2024·（浙江）物理高考真题\2011年高考物理真题（浙江）（空白卷）.pdf,papers/2011/物理/浙江/浙江卷/2011_物理_浙江_浙江卷_原卷.pdf,2
2011,物理,安徽,老高考,2024,,missing,,missing,,,0
2011,物理,福建,老高考,2021,,missing,,missing,,,0
2011,物理,江西,老高考,2024,全国卷,common,江西卷,present_common,H:\New folder\【新·PDF版】2008-2024·高考物理真题\版本2：物理（按省份分类）2008-2024\2008-2024·（江西）物理高考真题\2011年高考物理试卷（新课标）（空白卷）.pdf,papers/2011/物理/全国/江西卷/2011_物理_江西_江西卷_原卷.pdf,2
2011,物理,山东,老高考,2020,地方/区域卷,local,山东卷,present_local,H:\New folder\【新·PDF版】2008-2024·高考物理真题\版本2：物理（按省份分类）2008-2024\2008-2024·（山东）物理高考真题\2011年高考物理真题（山东）（空白卷）.pdf,papers/2011/物理/山东/山东卷/2011_物理_山东_山东卷_原卷.pdf,2
2011,物理,河南,老高考,2025,全国卷,common,河南卷,present_common,H:\New folder\【新·PDF版】2008-2024·高考物理真题\版本2：物理（按省份分类）2008-2024\2008-2024·（河南）物理高考真题\2011年高考物理试卷（新课标）（空白卷）.pdf,papers/2011/物理/全国/河南卷/2011_物理_河南_河南卷_原卷.pdf,2
2011,物理,湖北,老高考,2021,全国卷,common,湖北卷,present_common,H:\New folder\【新·PDF版】2008-2024·高考物理真题\版本2：物理（按省份分类）2008-2024\2008-2024·（湖北）物理高考真题\2011年高考物理试卷（新课标）（空白卷）.pdf,papers/2011/物理/全国/湖北卷/2011_物理_湖北_湖北卷_原卷.pdf,2
2011,物理,湖南,老高考,2021,全国卷,common,湖南卷,present_common,H:\New folder\【新·PDF版】2008-2024·高考物理真题\版本2：物理（按省份分类）2008-2024\2008-2024·（湖南）物理高考真题\2011年高考物理试卷（新课标）（空白卷）.pdf,papers/2011/物理/全国/湖南卷/2011_物理_湖南_湖南卷_原卷.pdf,2
2011,物理,广东,老高考,2021,地方/区域卷,local,广东卷,present_local,H:\New folder\【新·PDF版】2008-2024·高考物理真题\版本2：物理（按省份分类）2008-2024\2008-2024·（广东）物理高考真题\2011年高考物理试卷（广东）（空白卷）.pdf,papers/2011/物理/广东/广东卷/2011_物理_广东_广东卷_原卷.pdf,2
2011,物理,广西,老高考,2024,全国卷,common,广西卷,present_common,H:\New folder\【新·PDF版】2008-2024·高考物理真题\版本2：物理（按省份分类）2008-2024\2008-2024·（广西）物理高考真题\2011年高考物理试卷（新课标）（空白卷）.pdf,papers/2011/物理/全国/广西卷/2011_物理_广西_广西卷_原卷.pdf,2
2011,物理,海南,老高考,2020,地方/区域卷,local,海南卷,present_local,H:\New folder\【新·PDF版】2008-2024·高考物理真题\版本2：物理（按省份分类）2008-2024\2008-2024·（海南）物理高考真题\2011年高考物理试卷（海南）（空白卷）.pdf,papers/2011/物理/海南/海南卷/2011_物理_海南_海南卷_原卷.pdf,2
2011,物理,重庆,老高考,2021,,missing,,missing,,,0
2011,物理,四川,老高考,2025,地方/区域卷,local,四川卷,present_local,H:\New folder\【新·PDF版】2008-2024·高考物理真题\版本2：物理（按省份分类）2008-2024\2008-2024·（四川）物理高考真题\2011年高考物理真题（四川）（空白卷）.pdf,papers/2011/物理/四川/四川卷/2011_物理_四川_四川卷_原卷.pdf,2
2011,物理,贵州,老高考,2024,全国卷,common,全国II卷,present_common,H:\New folder\【新·PDF版】2008-2024·高考物理真题\版本2：物理（按省份分类）2008-2024\2008-2023·（贵州）物理高考真题\2011年高考物理试卷（全国Ⅱ卷，大纲卷）（空白卷）.pdf,papers/2011/物理/全国/全国II卷/2011_物理_贵州_全国II卷_原卷.pdf,2
2011,物理,云南,老高考,2025,全国卷,common,云南卷,present_common,H:\New folder\【新·PDF版】2008-2024·高考物理真题\版本2：物理（按省份分类）2008-2024\2008-2024·（云南）物理高考真题\2011年高考物理试卷（新课标）（空白卷）.pdf,papers/2011/物理/全国/云南卷/2011_物理_云南_云南卷_原卷.pdf,2
2011,物理,西藏,老高考,,全国卷,common,西藏卷,present_common,H:\New folder\【新·PDF版】2008-2024·高考物理真题\版本2：物理（按省份分类）2008-2024\2008-2024·（西藏）物理高考真题\2011年高考物理试卷（新课标）（空白卷）.pdf,papers/2011/物理/全国/西藏卷/2011_物理_西藏_西藏卷_原卷.pdf,2
2011,物理,陕西,老高考,2025,全国卷,common,陕西卷,present_common,H:\New folder\【新·PDF版】2008-2024·高考物理真题\版本2：物理（按省份分类）2008-2024\2008-2024·（陕西）物理高考真题\2011年高考物理试卷（新课标）（空白卷）.pdf,papers/2011/物理/全国/陕西卷/2011_物理_陕西_陕西卷_原卷.pdf,2
2011,物理,甘肃,老高考,2024,全国卷,common,全国II卷,present_common,H:\New folder\【新·PDF版】2008-2024·高考物理真题\版本2：物理（按省份分类）2008-2024\2008-2024·（甘肃）物理高考真题\2011年高考物理试卷（全国Ⅱ卷，大纲卷）（空白卷）.pdf,papers/2011/物理/全国/全国II卷/2011_物理_甘肃_全国II卷_原卷.pdf,2
2011,物理,青海,老高考,2025,全国卷,common,全国II卷,present_common,H:\New folder\【新·PDF版】2008-2024·高考物理真题\版本2：物理（按省份分类）2008-2024\2008-2024·（青海）物理高考真题\2011年高考物理试卷（全国Ⅱ卷，大纲卷）（空白卷）.pdf,papers/2011/物理/全国/全国II卷/2011_物理_青海_全国II卷_原卷.pdf,2
2011,物理,宁夏,老高考,2025,全国卷,common,宁夏卷,present_common,H:\New folder\【新·PDF版】2008-2024·高考物理真题\版本2：物理（按省份分类）2008-2024\2010-2024·（宁夏）物理高考真题\2011年高考物理试卷（新课标）（空白卷）.pdf,papers/2011/物理/全国/宁夏卷/2011_物理_宁夏_宁夏卷_原卷.pdf,2
2011,物理,新疆,老高考,,全国卷,common,新疆卷,present_common,H:\New folder\【新·PDF版】2008-2024·高考物理真题\版本2：物理（按省份分类）2008-2024\2008-2024·（新疆）物理高考真题\2011年高考物理试卷（新课标）（空白卷）.pdf,papers/2011/物理/全国/新疆卷/2011_物理_新疆_新疆卷_原卷.pdf,2
2012,物理,北京,老高考,2020,地方/区域卷,local,北京卷,present_local,H:\New folder\【新·PDF版】2008-2024·高考物理真题\版本2：物理（按省份分类）2008-2024\2008-2024·（北京）物理高考真题\2012年高考物理试卷（北京）（空白卷）.pdf,papers/2012/物理/北京/北京卷/2012_物理_北京_北京卷_原卷.pdf,2
2012,物理,天津,老高考,2020,地方/区域卷,local,天津卷,present_local,H:\New folder\【新·PDF版】2008-2024·高考物理真题\版本2：物理（按省份分类）2008-2024\2008-2023·（天津）物理高考真题\2012年高考物理试卷（天津）（空白卷）.pdf,papers/2012/物理/天津/天津卷/2012_物理_天津_天津卷_原卷.pdf,2
2012,物理,河北,老高考,2021,全国卷,common,河北卷,present_common,H:\New folder\【新·PDF版】2008-2024·高考物理真题\版本2：物理（按省份分类）2008-2024\2008-2024·（河北）物理高考真题\2012年高考物理试卷（新课标）（空白卷）.pdf,papers/2012/物理/全国/河北卷/2012_物理_河北_河北卷_原卷.pdf,2
2012,物理,山西,老高考,2025,全国卷,common,山西卷,present_common,H:\New folder\【新·PDF版】2008-2024·高考物理真题\版本2：物理（按省份分类）2008-2024\2008-2024·（山西）物理高考真题\2012年高考物理试卷（新课标）（空白卷）.pdf,papers/2012/物理/全国/山西卷/2012_物理_山西_山西卷_原卷.pdf,2
2012,物理,内蒙古,老高考,2025,全国卷,common,内蒙古卷,present_common,H:\New folder\【新·PDF版】2008-2024·高考物理真题\版本2：物理（按省份分类）2008-2024\2008-2024·（内蒙古）物理高考真题\2012年高考物理试卷（新课标）（空白卷）.pdf,papers/2012/物理/全国/内蒙古卷/2012_物理_内蒙古_内蒙古卷_原卷.pdf,2
2012,物理,辽宁,老高考,2021,全国卷,common,辽宁卷,present_common,H:\New folder\【新·PDF版】2008-2024·高考物理真题\版本2：物理（按省份分类）2008-2024\2010-2024·（辽宁）物理高考真题\2012年高考物理试卷（新课标）（空白卷）.pdf,papers/2012/物理/全国/辽宁卷/2012_物理_辽宁_辽宁卷_原卷.pdf,2
2012,物理,吉林,老高考,2024,全国卷,common,吉林卷,present_common,H:\New folder\【新·PDF版】2008-2024·高考物理真题\版本2：物理（按省份分类）2008-2024\2008-2024·（吉林）物理高考真题\2012年高考物理试卷（新课标）（空白卷）.pdf,papers/2012/物理/全国/吉林卷/2012_物理_吉林_吉林卷_原卷.pdf,2
2012,物理,黑龙江,老高考,2024,全国卷,common,黑龙江卷,present_common,H:\New folder\【新·PDF版】2008-2024·高考物理真题\版本2：物理（按省份分类）2008-2024\2008-2024·（黑龙江）物理高考真题\2012年高考物理试卷（新课标）（空白卷）.pdf,papers/2012/物理/全国/黑龙江卷/2012_物理_黑龙江_黑龙江卷_原卷.pdf,2
2012,物理,上海,老高考,2017,地方/区域卷,local,上海卷,present_local,H:\New folder\【新·PDF版】2008-2024·高考物理真题\版本2：物理（按省份分类）2008-2024\2008-2024·（上海）物理高考真题\2012年高考物理试卷（上海）（空白卷）.pdf,papers/2012/物理/上海/上海卷/2012_物理_上海_上海卷_原卷.pdf,2
2012,物理,江苏,老高考,2021,地方/区域卷,local,江苏卷,present_local,H:\New folder\【新·PDF版】2008-2024·高考物理真题\版本2：物理（按省份分类）2008-2024\2008-2024·（江苏）物理高考真题\2012年高考物理试卷（江苏）（空白卷）.pdf,papers/2012/物理/江苏/江苏卷/2012_物理_江苏_江苏卷_原卷.pdf,2
2012,物理,浙江,老高考,2017,地方/区域卷,local,浙江卷,present_local,H:\New folder\【新·PDF版】2008-2024·高考物理真题\版本2：物理（按省份分类）2008-2024\2008-2024·（浙江）物理高考真题\2012年高考物理试卷（浙江）（空白卷）.pdf,papers/2012/物理/浙江/浙江卷/2012_物理_浙江_浙江卷_原卷.pdf,2
2012,物理,安徽,老高考,2024,地方/区域卷,local,安徽卷,present_local,H:\New folder\【新·PDF版】2008-2024·高考物理真题\版本2：物理（按省份分类）2008-2024\2012-2024·（安徽）物理高考真题\2012年高考物理试卷（安徽）（空白卷）.pdf,papers/2012/物理/安徽/安徽卷/2012_物理_安徽_安徽卷_原卷.pdf,2
2012,物理,福建,老高考,2021,地方/区域卷,local,福建卷,present_local,H:\New folder\【新·PDF版】2008-2024·高考物理真题\版本2：物理（按省份分类）2008-2024\2012-2023·（福建）物理高考真题\2012年高考物理试卷（福建）（空白卷）.pdf,papers/2012/物理/福建/福建卷/2012_物理_福建_福建卷_原卷.pdf,2
2012,物理,江西,老高考,2024,全国卷,common,江西卷,present_common,H:\New folder\【新·PDF版】2008-2024·高考物理真题\版本2：物理（按省份分类）2008-2024\2008-2024·（江西）物理高考真题\2012年高考物理试卷（新课标）（空白卷）.pdf,papers/2012/物理/全国/江西卷/2012_物理_江西_江西卷_原卷.pdf,2
2012,物理,山东,老高考,2020,地方/区域卷,local,山东卷,present_local,H:\New folder\【新·PDF版】2008-2024·高考物理真题\版本2：物理（按省份分类）2008-2024\2008-2024·（山东）物理高考真题\2012年高考物理试卷（山东）（空白卷）.pdf,papers/2012/物理/山东/山东卷/2012_物理_山东_山东卷_原卷.pdf,2
2012,物理,河南,老高考,2025,全国卷,common,河南卷,present_common,H:\New folder\【新·PDF版】2008-2024·高考物理真题\版本2：物理（按省份分类）2008-2024\2008-2024·（河南）物理高考真题\2012年高考物理试卷（新课标）（空白卷）.pdf,papers/2012/物理/全国/河南卷/2012_物理_河南_河南卷_原卷.pdf,2
2012,物理,湖北,老高考,2021,全国卷,common,湖北卷,present_common,H:\New folder\【新·PDF版】2008-2024·高考物理真题\版本2：物理（按省份分类）2008-2024\2008-2024·（湖北）物理高考真题\2012年高考物理试卷（新课标）（空白卷）.pdf,papers/2012/物理/全国/湖北卷/2012_物理_湖北_湖北卷_原卷.pdf,2
2012,物理,湖南,老高考,2021,全国卷,common,湖南卷,present_common,H:\New folder\【新·PDF版】2008-2024·高考物理真题\版本2：物理（按省份分类）2008-2024\2008-2024·（湖南）物理高考真题\2012年高考物理试卷（新课标）（空白卷）.pdf,papers/2012/物理/全国/湖南卷/2012_物理_湖南_湖南卷_原卷.pdf,2
2012,物理,广东,老高考,2021,地方/区域卷,local,广东卷,present_local,H:\New folder\【新·PDF版】2008-2024·高考物理真题\版本2：物理（按省份分类）2008-2024\2008-2024·（广东）物理高考真题\2012年高考物理试卷（广东）（空白卷）.pdf,papers/2012/物理/广东/广东卷/2012_物理_广东_广东卷_原卷.pdf,2
2012,物理,广西,老高考,2024,地方/区域卷,local,广西卷,present_local,H:\New folder\【新·PDF版】2008-2024·高考物理真题\版本2：物理（按省份分类）2008-2024\2008-2024·（广西）物理高考真题\2012年高考物理试卷（大纲版）（空白卷）.pdf,papers/2012/物理/广西/广西卷/2012_物理_广西_广西卷_原卷.pdf,2
2012,物理,海南,老高考,2020,地方/区域卷,local,海南卷,present_local,H:\New folder\【新·PDF版】2008-2024·高考物理真题\版本2：物理（按省份分类）2008-2024\2008-2024·（海南）物理高考真题\2012年高考物理试卷（海南）（空白卷）.pdf,papers/2012/物理/海南/海南卷/2012_物理_海南_海南卷_原卷.pdf,2
2012,物理,重庆,老高考,2021,地方/区域卷,local,重庆卷,present_local,H:\New folder\【新·PDF版】2008-2024·高考物理真题\版本2：物理（按省份分类）2008-2024\2012-2023·（重庆）物理高考真题\2012年高考物理试卷（重庆）（空白卷）.pdf,papers/2012/物理/重庆/重庆卷/2012_物理_重庆_重庆卷_原卷.pdf,2
2012,物理,四川,老高考,2025,地方/区域卷,local,四川卷,present_local,H:\New folder\【新·PDF版】2008-2024·高考物理真题\版本2：物理（按省份分类）2008-2024\2008-2024·（四川）物理高考真题\2012年高考物理试卷（四川）（空白卷）.pdf,papers/2012/物理/四川/四川卷/2012_物理_四川_四川卷_原卷.pdf,2
2012,物理,贵州,老高考,2024,地方/区域卷,local,贵州卷,present_local,H:\New folder\【新·PDF版】2008-2024·高考物理真题\版本2：物理（按省份分类）2008-2024\2008-2023·（贵州）物理高考真题\2012年高考物理试卷（大纲版）（空白卷）.pdf,papers/2012/物理/贵州/贵州卷/2012_物理_贵州_贵州卷_原卷.pdf,2
2012,物理,云南,老高考,2025,全国卷,common,云南卷,present_common,H:\New folder\【新·PDF版】2008-2024·高考物理真题\版本2：物理（按省份分类）2008-2024\2008-2024·（云南）物理高考真题\2012年高考物理试卷（新课标）（空白卷）.pdf,papers/2012/物理/全国/云南卷/2012_物理_云南_云南卷_原卷.pdf,2
2012,物理,西藏,老高考,,全国卷,common,西藏卷,present_common,H:\New folder\【新·PDF版】2008-2024·高考物理真题\版本2：物理（按省份分类）2008-2024\2008-2024·（西藏）物理高考真题\2012年高考物理试卷（新课标）（空白卷）.pdf,papers/2012/物理/全国/西藏卷/2012_物理_西藏_西藏卷_原卷.pdf,2
2012,物理,陕西,老高考,2025,全国卷,common,陕西卷,present_common,H:\New folder\【新·PDF版】2008-2024·高考物理真题\版本2：物理（按省份分类）2008-2024\2008-2024·（陕西）物理高考真题\2012年高考物理试卷（新课标）（空白卷）.pdf,papers/2012/物理/全国/陕西卷/2012_物理_陕西_陕西卷_原卷.pdf,2
2012,物理,甘肃,老高考,2024,地方/区域卷,local,甘肃卷,present_local,H:\New folder\【新·PDF版】2008-2024·高考物理真题\版本2：物理（按省份分类）2008-2024\2008-2024·（甘肃）物理高考真题\2012年高考物理试卷（大纲版）（空白卷）.pdf,papers/2012/物理/甘肃/甘肃卷/2012_物理_甘肃_甘肃卷_原卷.pdf,2
2012,物理,青海,老高考,2025,地方/区域卷,local,青海卷,present_local,H:\New folder\【新·PDF版】2008-2024·高考物理真题\版本2：物理（按省份分类）2008-2024\2008-2024·（青海）物理高考真题\2012年高考物理试卷（大纲版）（空白卷）.pdf,papers/2012/物理/青海/青海卷/2012_物理_青海_青海卷_原卷.pdf,2
2012,物理,宁夏,老高考,2025,全国卷,common,宁夏卷,present_common,H:\New folder\【新·PDF版】2008-2024·高考物理真题\版本2：物理（按省份分类）2008-2024\2010-2024·（宁夏）物理高考真题\2012年高考物理试卷（新课标）（空白卷）.pdf,papers/2012/物理/全国/宁夏卷/2012_物理_宁夏_宁夏卷_原卷.pdf,2
2012,物理,新疆,老高考,,全国卷,common,新疆卷,present_common,H:\New folder\【新·PDF版】2008-2024·高考物理真题\版本2：物理（按省份分类）2008-2024\2008-2024·（新疆）物理高考真题\2012年高考物理试卷（新课标）（空白卷）.pdf,papers/2012/物理/全国/新疆卷/2012_物理_新疆_新疆卷_原卷.pdf,2
2013,物理,北京,老高考,2020,地方/区域卷,local,北京卷,present_local,H:\New folder\【新·PDF版】2008-2024·高考物理真题\版本2：物理（按省份分类）2008-2024\2008-2024·（北京）物理高考真题\2013年高考物理试卷（北京）（空白卷）.pdf,papers/2013/物理/北京/北京卷/2013_物理_北京_北京卷_原卷.pdf,2
2013,物理,天津,老高考,2020,地方/区域卷,local,天津卷,present_local,H:\New folder\【新·PDF版】2008-2024·高考物理真题\版本2：物理（按省份分类）2008-2024\2008-2023·（天津）物理高考真题\2013年高考物理试卷（天津）（空白卷）.pdf,papers/2013/物理/天津/天津卷/2013_物理_天津_天津卷_原卷.pdf,2
2013,物理,河北,老高考,2021,全国卷,common,新课标全国I卷,present_common,H:\New folder\【新·PDF版】2008-2024·高考物理真题\版本2：物理（按省份分类）2008-2024\2008-2024·（河北）物理高考真题\2013年高考物理试卷（新课标Ⅰ）（空白卷）.pdf,papers/2013/物理/全国/新课标全国I卷/2013_物理_河北_新课标全国I卷_原卷.pdf,2
2013,物理,山西,老高考,2025,全国卷,common,新课标全国I卷,present_common,H:\New folder\【新·PDF版】2008-2024·高考物理真题\版本2：物理（按省份分类）2008-2024\2008-2024·（山西）物理高考真题\2013年高考物理试卷（新课标Ⅰ）（空白卷）.pdf,papers/2013/物理/全国/新课标全国I卷/2013_物理_山西_新课标全国I卷_原卷.pdf,2
2013,物理,内蒙古,老高考,2025,全国卷,common,新课标全国II卷,present_common,H:\New folder\【新·PDF版】2008-2024·高考物理真题\版本2：物理（按省份分类）2008-2024\2008-2024·（内蒙古）物理高考真题\2013年高考物理试卷（新课标Ⅱ）（空白卷）.pdf,papers/2013/物理/全国/新课标全国II卷/2013_物理_内蒙古_新课标全国II卷_原卷.pdf,2
2013,物理,辽宁,老高考,2021,全国卷,common,新课标全国II卷,present_common,H:\New folder\【新·PDF版】2008-2024·高考物理真题\版本2：物理（按省份分类）2008-2024\2010-2024·（辽宁）物理高考真题\2013年高考物理试卷（新课标Ⅱ）（空白卷）.pdf,papers/2013/物理/全国/新课标全国II卷/2013_物理_辽宁_新课标全国II卷_原卷.pdf,2
2013,物理,吉林,老高考,2024,全国卷,common,新课标全国II卷,present_common,H:\New folder\【新·PDF版】2008-2024·高考物理真题\版本2：物理（按省份分类）2008-2024\2008-2024·（吉林）物理高考真题\2013年高考物理试卷（新课标Ⅱ）（空白卷）.pdf,papers/2013/物理/全国/新课标全国II卷/2013_物理_吉林_新课标全国II卷_原卷.pdf,2
2013,物理,黑龙江,老高考,2024,全国卷,common,新课标全国II卷,present_common,H:\New folder\【新·PDF版】2008-2024·高考物理真题\版本2：物理（按省份分类）2008-2024\2008-2024·（黑龙江）物理高考真题\2013年高考物理试卷（新课标Ⅱ）（空白卷）.pdf,papers/2013/物理/全国/新课标全国II卷/2013_物理_黑龙江_新课标全国II卷_原卷.pdf,2
2013,物理,上海,老高考,2017,地方/区域卷,local,上海卷,present_local,H:\New folder\【新·PDF版】2008-2024·高考物理真题\版本2：物理（按省份分类）2008-2024\2008-2024·（上海）物理高考真题\2013年高考物理试卷（上海）（空白卷）.pdf,papers/2013/物理/上海/上海卷/2013_物理_上海_上海卷_原卷.pdf,2
2013,物理,江苏,老高考,2021,地方/区域卷,local,江苏卷,present_local,H:\New folder\【新·PDF版】2008-2024·高考物理真题\版本2：物理（按省份分类）2008-2024\2008-2024·（江苏）物理高考真题\2013年高考物理试卷（江苏）（空白卷）.pdf,papers/2013/物理/江苏/江苏卷/2013_物理_江苏_江苏卷_原卷.pdf,2
2013,物理,浙江,老高考,2017,地方/区域卷,local,浙江卷,present_local,H:\New folder\【新·PDF版】2008-2024·高考物理真题\版本2：物理（按省份分类）2008-2024\2008-2024·（浙江）物理高考真题\2013年高考物理试卷（浙江）（空白卷）.pdf,papers/2013/物理/浙江/浙江卷/2013_物理_浙江_浙江卷_原卷.pdf,2
2013,物理,安徽,老高考,2024,地方/区域卷,local,安徽卷,present_local,H:\New folder\【新·PDF版】2008-2024·高考物理真题\版本2：物理（按省份分类）2008-2024\2012-2024·（安徽）物理高考真题\2013年高考物理试卷（安徽）（空白卷）.pdf,papers/2013/物理/安徽/安徽卷/2013_物理_安徽_安徽卷_原卷.pdf,2
2013,物理,福建,老高考,2021,地方/区域卷,local,福建卷,present_local,H:\New folder\【新·PDF版】2008-2024·高考物理真题\版本2：物理（按省份分类）2008-2024\2012-2023·（福建）物理高考真题\2013年高考物理试卷（福建）（空白卷）.pdf,papers/2013/物理/福建/福建卷/2013_物理_福建_福建卷_原卷.pdf,2
2013,物理,江西,老高考,2024,全国卷,common,新课标全国I卷,present_common,H:\New folder\【新·PDF版】2008-2024·高考物理真题\版本2：物理（按省份分类）2008-2024\2008-2024·（江西）物理高考真题\2013年高考物理试卷（新课标Ⅰ）（空白卷）.pdf,papers/2013/物理/全国/新课标全国I卷/2013_物理_江西_新课标全国I卷_原卷.pdf,2
2013,物理,山东,老高考,2020,地方/区域卷,local,山东卷,present_local,H:\New folder\【新·PDF版】2008-2024·高考物理真题\版本2：物理（按省份分类）2008-2024\2008-2024·（山东）物理高考真题\2013年高考物理试卷（山东）（空白卷）.pdf,papers/2013/物理/山东/山东卷/2013_物理_山东_山东卷_原卷.pdf,2
2013,物理,河南,老高考,2025,全国卷,common,新课标全国I卷,present_common,H:\New folder\【新·PDF版】2008-2024·高考物理真题\版本2：物理（按省份分类）2008-2024\2008-2024·（河南）物理高考真题\2013年高考物理试卷（新课标Ⅰ）（空白卷）.pdf,papers/2013/物理/全国/新课标全国I卷/2013_物理_河南_新课标全国I卷_原卷.pdf,2
2013,物理,湖北,老高考,2021,全国卷,common,新课标全国I卷,present_common,H:\New folder\【新·PDF版】2008-2024·高考物理真题\版本2：物理（按省份分类）2008-2024\2008-2024·（湖北）物理高考真题\2013年高考物理试卷（新课标Ⅰ）（空白卷）.pdf,papers/2013/物理/全国/新课标全国I卷/2013_物理_湖北_新课标全国I卷_原卷.pdf,2
2013,物理,湖南,老高考,2021,全国卷,common,新课标全国I卷,present_common,H:\New folder\【新·PDF版】2008-2024·高考物理真题\版本2：物理（按省份分类）2008-2024\2008-2024·（湖南）物理高考真题\2013年高考物理试卷（新课标Ⅰ）（空白卷）.pdf,papers/2013/物理/全国/新课标全国I卷/2013_物理_湖南_新课标全国I卷_原卷.pdf,2
2013,物理,广东,老高考,2021,地方/区域卷,local,广东卷,present_local,H:\New folder\【新·PDF版】2008-2024·高考物理真题\版本2：物理（按省份分类）2008-2024\2008-2024·（广东）物理高考真题\2013年高考物理试卷（广东）（空白卷）.pdf,papers/2013/物理/广东/广东卷/2013_物理_广东_广东卷_原卷.pdf,2
2013,物理,广西,老高考,2024,全国卷,common,新课标全国II卷,present_common,H:\New folder\【新·PDF版】2008-2024·高考物理真题\版本2：物理（按省份分类）2008-2024\2008-2024·（广西）物理高考真题\2013年高考物理试卷（新课标Ⅱ）（空白卷）.pdf,papers/2013/物理/全国/新课标全国II卷/2013_物理_广西_新课标全国II卷_原卷.pdf,2
2013,物理,海南,老高考,2020,地方/区域卷,local,海南卷,present_local,H:\New folder\【新·PDF版】2008-2024·高考物理真题\版本2：物理（按省份分类）2008-2024\2008-2024·（海南）物理高考真题\2013年高考物理试卷（海南）（空白卷）.pdf,papers/2013/物理/海南/海南卷/2013_物理_海南_海南卷_原卷.pdf,2
2013,物理,重庆,老高考,2021,地方/区域卷,local,重庆卷,present_local,H:\New folder\【新·PDF版】2008-2024·高考物理真题\版本2：物理（按省份分类）2008-2024\2012-2023·（重庆）物理高考真题\2013年高考物理试卷（重庆）（空白卷）.pdf,papers/2013/物理/重庆/重庆卷/2013_物理_重庆_重庆卷_原卷.pdf,2
2013,物理,四川,老高考,2025,地方/区域卷,local,四川卷,present_local,H:\New folder\【新·PDF版】2008-2024·高考物理真题\版本2：物理（按省份分类）2008-2024\2008-2024·（四川）物理高考真题\2013年高考物理试卷（四川）（空白卷）.pdf,papers/2013/物理/四川/四川卷/2013_物理_四川_四川卷_原卷.pdf,2
2013,物理,贵州,老高考,2024,全国卷,common,新课标全国II卷,present_common,H:\New folder\【新·PDF版】2008-2024·高考物理真题\版本2：物理（按省份分类）2008-2024\2008-2023·（贵州）物理高考真题\2013年高考物理试卷（新课标Ⅱ）（空白卷）.pdf,papers/2013/物理/全国/新课标全国II卷/2013_物理_贵州_新课标全国II卷_原卷.pdf,2
2013,物理,云南,老高考,2025,全国卷,common,新课标全国II卷,present_common,H:\New folder\【新·PDF版】2008-2024·高考物理真题\版本2：物理（按省份分类）2008-2024\2008-2024·（云南）物理高考真题\2013年高考物理试卷（新课标Ⅱ）（空白卷）.pdf,papers/2013/物理/全国/新课标全国II卷/2013_物理_云南_新课标全国II卷_原卷.pdf,2
2013,物理,西藏,老高考,,全国卷,common,新课标全国II卷,present_common,H:\New folder\【新·PDF版】2008-2024·高考物理真题\版本2：物理（按省份分类）2008-2024\2008-2024·（西藏）物理高考真题\2013年高考物理试卷（新课标Ⅱ）（空白卷）.pdf,papers/2013/物理/全国/新课标全国II卷/2013_物理_西藏_新课标全国II卷_原卷.pdf,2
2013,物理,陕西,老高考,2025,全国卷,common,新课标全国II卷,present_common,H:\New folder\【新·PDF版】2008-2024·高考物理真题\版本2：物理（按省份分类）2008-2024\2008-2024·（陕西）物理高考真题\2013年高考物理试卷（新课标Ⅱ）（空白卷）.pdf,papers/2013/物理/全国/新课标全国II卷/2013_物理_陕西_新课标全国II卷_原卷.pdf,2
2013,物理,甘肃,老高考,2024,全国卷,common,新课标全国II卷,present_common,H:\New folder\【新·PDF版】2008-2024·高考物理真题\版本2：物理（按省份分类）2008-2024\2008-2024·（甘肃）物理高考真题\2013年高考物理试卷（新课标Ⅱ）（空白卷）.pdf,papers/2013/物理/全国/新课标全国II卷/2013_物理_甘肃_新课标全国II卷_原卷.pdf,2
2013,物理,青海,老高考,2025,全国卷,common,新课标全国II卷,present_common,H:\New folder\【新·PDF版】2008-2024·高考物理真题\版本2：物理（按省份分类）2008-2024\2008-2024·（青海）物理高考真题\2013年高考物理试卷（新课标Ⅱ）（空白卷）.pdf,papers/2013/物理/全国/新课标全国II卷/2013_物理_青海_新课标全国II卷_原卷.pdf,2
2013,物理,宁夏,老高考,2025,全国卷,common,新课标全国II卷,present_common,H:\New folder\【新·PDF版】2008-2024·高考物理真题\版本2：物理（按省份分类）2008-2024\2010-2024·（宁夏）物理高考真题\2013年高考物理试卷（新课标Ⅱ）（空白卷）.pdf,papers/2013/物理/全国/新课标全国II卷/2013_物理_宁夏_新课标全国II卷_原卷.pdf,2
2013,物理,新疆,老高考,,全国卷,common,新课标全国II卷,present_common,H:\New folder\【新·PDF版】2008-2024·高考物理真题\版本2：物理（按省份分类）2008-2024\2008-2024·（新疆）物理高考真题\2013年高考物理试卷（新课标Ⅱ）（空白卷）.pdf,papers/2013/物理/全国/新课标全国II卷/2013_物理_新疆_新课标全国II卷_原卷.pdf,2
2014,物理,北京,老高考,2020,地方/区域卷,local,北京卷,present_local,H:\New folder\【新·PDF版】2008-2024·高考物理真题\版本2：物理（按省份分类）2008-2024\2008-2024·（北京）物理高考真题\2014年高考物理试卷（北京）（空白卷）.pdf,papers/2014/物理/北京/北京卷/2014_物理_北京_北京卷_原卷.pdf,2
2014,物理,天津,老高考,2020,地方/区域卷,local,天津卷,present_local,H:\New folder\【新·PDF版】2008-2024·高考物理真题\版本2：物理（按省份分类）2008-2024\2008-2023·（天津）物理高考真题\2014年高考物理试卷（天津）（空白卷）.pdf,papers/2014/物理/天津/天津卷/2014_物理_天津_天津卷_原卷.pdf,2
2014,物理,河北,老高考,2021,全国卷,common,新课标全国I卷,present_common,H:\New folder\【新·PDF版】2008-2024·高考物理真题\版本2：物理（按省份分类）2008-2024\2008-2024·（河北）物理高考真题\2014年高考物理试卷（新课标Ⅰ）（空白卷）.pdf,papers/2014/物理/全国/新课标全国I卷/2014_物理_河北_新课标全国I卷_原卷.pdf,2
2014,物理,山西,老高考,2025,全国卷,common,新课标全国I卷,present_common,H:\New folder\【新·PDF版】2008-2024·高考物理真题\版本2：物理（按省份分类）2008-2024\2008-2024·（山西）物理高考真题\2014年高考物理试卷（新课标Ⅰ）（空白卷）.pdf,papers/2014/物理/全国/新课标全国I卷/2014_物理_山西_新课标全国I卷_原卷.pdf,2
2014,物理,内蒙古,老高考,2025,全国卷,common,新课标全国II卷,present_common,H:\New folder\【新·PDF版】2008-2024·高考物理真题\版本2：物理（按省份分类）2008-2024\2008-2024·（内蒙古）物理高考真题\2014年高考物理试卷（新课标Ⅱ）（空白卷）.pdf,papers/2014/物理/全国/新课标全国II卷/2014_物理_内蒙古_新课标全国II卷_原卷.pdf,2
2014,物理,辽宁,老高考,2021,全国卷,common,新课标全国II卷,present_common,H:\New folder\【新·PDF版】2008-2024·高考物理真题\版本2：物理（按省份分类）2008-2024\2010-2024·（辽宁）物理高考真题\2014年高考物理试卷（新课标Ⅱ）（空白卷）.pdf,papers/2014/物理/全国/新课标全国II卷/2014_物理_辽宁_新课标全国II卷_原卷.pdf,2
2014,物理,吉林,老高考,2024,全国卷,common,新课标全国II卷,present_common,H:\New folder\【新·PDF版】2008-2024·高考物理真题\版本2：物理（按省份分类）2008-2024\2008-2024·（吉林）物理高考真题\2014年高考物理试卷（新课标Ⅱ）（空白卷）.pdf,papers/2014/物理/全国/新课标全国II卷/2014_物理_吉林_新课标全国II卷_原卷.pdf,2
2014,物理,黑龙江,老高考,2024,全国卷,common,新课标全国II卷,present_common,H:\New folder\【新·PDF版】2008-2024·高考物理真题\版本2：物理（按省份分类）2008-2024\2008-2024·（黑龙江）物理高考真题\2014年高考物理试卷（新课标Ⅱ）（空白卷）.pdf,papers/2014/物理/全国/新课标全国II卷/2014_物理_黑龙江_新课标全国II卷_原卷.pdf,2
2014,物理,上海,老高考,2017,地方/区域卷,local,上海卷,present_local,H:\New folder\【新·PDF版】2008-2024·高考物理真题\版本2：物理（按省份分类）2008-2024\2008-2024·（上海）物理高考真题\2014年高考物理试卷（上海）（空白卷）.pdf,papers/2014/物理/上海/上海卷/2014_物理_上海_上海卷_原卷.pdf,2
2014,物理,江苏,老高考,2021,地方/区域卷,local,江苏卷,present_local,H:\New folder\【新·PDF版】2008-2024·高考物理真题\版本2：物理（按省份分类）2008-2024\2008-2024·（江苏）物理高考真题\2014年高考物理试卷（江苏）（空白卷）.pdf,papers/2014/物理/江苏/江苏卷/2014_物理_江苏_江苏卷_原卷.pdf,2
2014,物理,浙江,老高考,2017,地方/区域卷,local,浙江卷,present_local,H:\New folder\【新·PDF版】2008-2024·高考物理真题\版本2：物理（按省份分类）2008-2024\2008-2024·（浙江）物理高考真题\2014年高考物理试卷（浙江）（空白卷）.pdf,papers/2014/物理/浙江/浙江卷/2014_物理_浙江_浙江卷_原卷.pdf,2
2014,物理,安徽,老高考,2024,地方/区域卷,local,安徽卷,present_local,H:\New folder\【新·PDF版】2008-2024·高考物理真题\版本2：物理（按省份分类）2008-2024\2012-2024·（安徽）物理高考真题\2014年高考物理试卷（安徽）（空白卷）.pdf,papers/2014/物理/安徽/安徽卷/2014_物理_安徽_安徽卷_原卷.pdf,2
2014,物理,福建,老高考,2021,地方/区域卷,local,福建卷,present_local,H:\New folder\【新·PDF版】2008-2024·高考物理真题\版本2：物理（按省份分类）2008-2024\2012-2023·（福建）物理高考真题\2014年高考物理试卷（福建）（空白卷）.pdf,papers/2014/物理/福建/福建卷/2014_物理_福建_福建卷_原卷.pdf,2
2014,物理,江西,老高考,2024,全国卷,common,新课标全国I卷,present_common,H:\New folder\【新·PDF版】2008-2024·高考物理真题\版本2：物理（按省份分类）2008-2024\2008-2024·（江西）物理高考真题\2014年高考物理试卷（新课标Ⅰ）（空白卷）.pdf,papers/2014/物理/全国/新课标全国I卷/2014_物理_江西_新课标全国I卷_原卷.pdf,2
2014,物理,山东,老高考,2020,地方/区域卷,local,山东卷,present_local,H:\New folder\【新·PDF版】2008-2024·高考物理真题\版本2：物理（按省份分类）2008-2024\2008-2024·（山东）物理高考真题\2014年高考物理试卷（山东）（空白卷）.pdf,papers/2014/物理/山东/山东卷/2014_物理_山东_山东卷_原卷.pdf,2
2014,物理,河南,老高考,2025,全国卷,common,新课标全国I卷,present_common,H:\New folder\【新·PDF版】2008-2024·高考物理真题\版本2：物理（按省份分类）2008-2024\2008-2024·（河南）物理高考真题\2014年高考物理试卷（新课标Ⅰ）（空白卷）.pdf,papers/2014/物理/全国/新课标全国I卷/2014_物理_河南_新课标全国I卷_原卷.pdf,2
2014,物理,湖北,老高考,2021,全国卷,common,新课标全国I卷,present_common,H:\New folder\【新·PDF版】2008-2024·高考物理真题\版本2：物理（按省份分类）2008-2024\2008-2024·（湖北）物理高考真题\2014年高考物理试卷（新课标Ⅰ）（空白卷）.pdf,papers/2014/物理/全国/新课标全国I卷/2014_物理_湖北_新课标全国I卷_原卷.pdf,2
2014,物理,湖南,老高考,2021,全国卷,common,新课标全国I卷,present_common,H:\New folder\【新·PDF版】2008-2024·高考物理真题\版本2：物理（按省份分类）2008-2024\2008-2024·（湖南）物理高考真题\2014年高考物理试卷（新课标Ⅰ）（空白卷）.pdf,papers/2014/物理/全国/新课标全国I卷/2014_物理_湖南_新课标全国I卷_原卷.pdf,2
2014,物理,广东,老高考,2021,地方/区域卷,local,广东卷,present_local,H:\New folder\【新·PDF版】2008-2024·高考物理真题\版本2：物理（按省份分类）2008-2024\2008-2024·（广东）物理高考真题\2014年高考物理试卷（广东）（空白卷）.pdf,papers/2014/物理/广东/广东卷/2014_物理_广东_广东卷_原卷.pdf,2
2014,物理,广西,老高考,2024,地方/区域卷,local,广西卷,present_local,H:\New folder\【新·PDF版】2008-2024·高考物理真题\版本2：物理（按省份分类）2008-2024\2008-2024·（广西）物理高考真题\2014年高考物理试卷（大纲版）（空白卷）.pdf,papers/2014/物理/广西/广西卷/2014_物理_广西_广西卷_原卷.pdf,2
2014,物理,海南,老高考,2020,地方/区域卷,local,海南卷,present_local,H:\New folder\【新·PDF版】2008-2024·高考物理真题\版本2：物理（按省份分类）2008-2024\2008-2024·（海南）物理高考真题\2014年高考物理试卷（海南）（空白卷）.pdf,papers/2014/物理/海南/海南卷/2014_物理_海南_海南卷_原卷.pdf,2
2014,物理,重庆,老高考,2021,地方/区域卷,local,重庆卷,present_local,H:\New folder\【新·PDF版】2008-2024·高考物理真题\版本2：物理（按省份分类）2008-2024\2012-2023·（重庆）物理高考真题\2014年高考物理试卷（重庆）（空白卷）.pdf,papers/2014/物理/重庆/重庆卷/2014_物理_重庆_重庆卷_原卷.pdf,2
2014,物理,四川,老高考,2025,地方/区域卷,local,四川卷,present_local,H:\New folder\【新·PDF版】2008-2024·高考物理真题\版本2：物理（按省份分类）2008-2024\2008-2024·（四川）物理高考真题\2014年高考物理试卷（四川）（空白卷）.pdf,papers/2014/物理/四川/四川卷/2014_物理_四川_四川卷_原卷.pdf,2
2014,物理,贵州,老高考,2024,全国卷,common,新课标全国II卷,present_common,H:\New folder\【新·PDF版】2008-2024·高考物理真题\版本2：物理（按省份分类）2008-2024\2008-2023·（贵州）物理高考真题\2014年高考物理试卷（新课标Ⅱ）（空白卷）.pdf,papers/2014/物理/全国/新课标全国II卷/2014_物理_贵州_新课标全国II卷_原卷.pdf,2
2014,物理,云南,老高考,2025,全国卷,common,新课标全国II卷,present_common,H:\New folder\【新·PDF版】2008-2024·高考物理真题\版本2：物理（按省份分类）2008-2024\2008-2024·（云南）物理高考真题\2014年高考物理试卷（新课标Ⅱ）（空白卷）.pdf,papers/2014/物理/全国/新课标全国II卷/2014_物理_云南_新课标全国II卷_原卷.pdf,2
2014,物理,西藏,老高考,,全国卷,common,新课标全国II卷,present_common,H:\New folder\【新·PDF版】2008-2024·高考物理真题\版本2：物理（按省份分类）2008-2024\2008-2024·（西藏）物理高考真题\2014年高考物理试卷（新课标Ⅱ）（空白卷）.pdf,papers/2014/物理/全国/新课标全国II卷/2014_物理_西藏_新课标全国II卷_原卷.pdf,2
2014,物理,陕西,老高考,2025,全国卷,common,新课标全国II卷,present_common,H:\New folder\【新·PDF版】2008-2024·高考物理真题\版本2：物理（按省份分类）2008-2024\2008-2024·（陕西）物理高考真题\2014年高考物理试卷（新课标Ⅱ）（空白卷）.pdf,papers/2014/物理/全国/新课标全国II卷/2014_物理_陕西_新课标全国II卷_原卷.pdf,2
2014,物理,甘肃,老高考,2024,全国卷,common,新课标全国II卷,present_common,H:\New folder\【新·PDF版】2008-2024·高考物理真题\版本2：物理（按省份分类）2008-2024\2008-2024·（甘肃）物理高考真题\2014年高考物理试卷（新课标Ⅱ）（空白卷）.pdf,papers/2014/物理/全国/新课标全国II卷/2014_物理_甘肃_新课标全国II卷_原卷.pdf,2
2014,物理,青海,老高考,2025,全国卷,common,新课标全国II卷,present_common,H:\New folder\【新·PDF版】2008-2024·高考物理真题\版本2：物理（按省份分类）2008-2024\2008-2024·（青海）物理高考真题\2014年高考物理试卷（新课标Ⅱ）（空白卷）.pdf,papers/2014/物理/全国/新课标全国II卷/2014_物理_青海_新课标全国II卷_原卷.pdf,2
2014,物理,宁夏,老高考,2025,全国卷,common,新课标全国II卷,present_common,H:\New folder\【新·PDF版】2008-2024·高考物理真题\版本2：物理（按省份分类）2008-2024\2010-2024·（宁夏）物理高考真题\2014年高考物理试卷（新课标Ⅱ）（空白卷）.pdf,papers/2014/物理/全国/新课标全国II卷/2014_物理_宁夏_新课标全国II卷_原卷.pdf,2
2014,物理,新疆,老高考,,全国卷,common,新课标全国II卷,present_common,H:\New folder\【新·PDF版】2008-2024·高考物理真题\版本2：物理（按省份分类）2008-2024\2008-2024·（新疆）物理高考真题\2014年高考物理试卷（新课标Ⅱ）（空白卷）.pdf,papers/2014/物理/全国/新课标全国II卷/2014_物理_新疆_新课标全国II卷_原卷.pdf,2
2015,物理,北京,老高考,2020,地方/区域卷,local,北京卷,present_local,H:\New folder\【新·PDF版】2008-2024·高考物理真题\版本2：物理（按省份分类）2008-2024\2008-2024·（北京）物理高考真题\2015年高考物理试卷（北京）（空白卷）.pdf,papers/2015/物理/北京/北京卷/2015_物理_北京_北京卷_原卷.pdf,2
2015,物理,天津,老高考,2020,地方/区域卷,local,天津卷,present_local,H:\New folder\【新·PDF版】2008-2024·高考物理真题\版本2：物理（按省份分类）2008-2024\2008-2023·（天津）物理高考真题\2015年高考物理试卷（天津）（空白卷）.pdf,papers/2015/物理/天津/天津卷/2015_物理_天津_天津卷_原卷.pdf,2
2015,物理,河北,老高考,2021,全国卷,common,新课标全国I卷,present_common,H:\New folder\【新·PDF版】2008-2024·高考物理真题\版本2：物理（按省份分类）2008-2024\2008-2024·（河北）物理高考真题\2015年高考物理试卷（新课标Ⅰ）（空白卷）.pdf,papers/2015/物理/全国/新课标全国I卷/2015_物理_河北_新课标全国I卷_原卷.pdf,2
2015,物理,山西,老高考,2025,全国卷,common,新课标全国I卷,present_common,H:\New folder\【新·PDF版】2008-2024·高考物理真题\版本2：物理（按省份分类）2008-2024\2008-2024·（山西）物理高考真题\2015年高考物理试卷（新课标Ⅰ）（空白卷）.pdf,papers/2015/物理/全国/新课标全国I卷/2015_物理_山西_新课标全国I卷_原卷.pdf,2
2015,物理,内蒙古,老高考,2025,全国卷,common,新课标全国II卷,present_common,H:\New folder\【新·PDF版】2008-2024·高考物理真题\版本2：物理（按省份分类）2008-2024\2008-2024·（内蒙古）物理高考真题\2015年高考物理试卷（新课标Ⅱ）（空白卷）.pdf,papers/2015/物理/全国/新课标全国II卷/2015_物理_内蒙古_新课标全国II卷_原卷.pdf,2
2015,物理,辽宁,老高考,2021,全国卷,common,新课标全国II卷,present_common,H:\New folder\【新·PDF版】2008-2024·高考物理真题\版本2：物理（按省份分类）2008-2024\2010-2024·（辽宁）物理高考真题\2015年高考物理试卷（新课标Ⅱ）（空白卷）.pdf,papers/2015/物理/全国/新课标全国II卷/2015_物理_辽宁_新课标全国II卷_原卷.pdf,2
2015,物理,吉林,老高考,2024,全国卷,common,新课标全国II卷,present_common,H:\New folder\【新·PDF版】2008-2024·高考物理真题\版本2：物理（按省份分类）2008-2024\2008-2024·（吉林）物理高考真题\2015年高考物理试卷（新课标Ⅱ）（空白卷）.pdf,papers/2015/物理/全国/新课标全国II卷/2015_物理_吉林_新课标全国II卷_原卷.pdf,2
2015,物理,黑龙江,老高考,2024,全国卷,common,新课标全国II卷,present_common,H:\New folder\【新·PDF版】2008-2024·高考物理真题\版本2：物理（按省份分类）2008-2024\2008-2024·（黑龙江）物理高考真题\2015年高考物理试卷（新课标Ⅱ）（空白卷）.pdf,papers/2015/物理/全国/新课标全国II卷/2015_物理_黑龙江_新课标全国II卷_原卷.pdf,2
2015,物理,上海,老高考,2017,地方/区域卷,local,上海卷,present_local,H:\New folder\【新·PDF版】2008-2024·高考物理真题\版本2：物理（按省份分类）2008-2024\2008-2024·（上海）物理高考真题\2015年高考物理试卷（上海）（空白卷）.pdf,papers/2015/物理/上海/上海卷/2015_物理_上海_上海卷_原卷.pdf,2
2015,物理,江苏,老高考,2021,地方/区域卷,local,江苏卷,present_local,H:\New folder\【新·PDF版】2008-2024·高考物理真题\版本2：物理（按省份分类）2008-2024\2008-2024·（江苏）物理高考真题\2015年高考物理试卷（江苏）（空白卷）.pdf,papers/2015/物理/江苏/江苏卷/2015_物理_江苏_江苏卷_原卷.pdf,2
2015,物理,浙江,老高考,2017,地方/区域卷,local,浙江卷,present_local,H:\New folder\【新·PDF版】2008-2024·高考物理真题\版本2：物理（按省份分类）2008-2024\2008-2024·（浙江）物理高考真题\2015年高考物理试卷（浙江）（10月）（空白卷）.pdf,papers/2015/物理/浙江/浙江卷/2015_物理_浙江_浙江卷_原卷.pdf,4
2015,物理,安徽,老高考,2024,地方/区域卷,local,安徽卷,present_local,H:\New folder\【新·PDF版】2008-2024·高考物理真题\版本2：物理（按省份分类）2008-2024\2012-2024·（安徽）物理高考真题\2015年高考物理试卷（安徽）（空白卷）.pdf,papers/2015/物理/安徽/安徽卷/2015_物理_安徽_安徽卷_原卷.pdf,2
2015,物理,福建,老高考,2021,地方/区域卷,local,福建卷,present_local,H:\New folder\【新·PDF版】2008-2024·高考物理真题\版本2：物理（按省份分类）2008-2024\2012-2023·（福建）物理高考真题\2015年高考物理试卷（福建）（空白卷）.pdf,papers/2015/物理/福建/福建卷/2015_物理_福建_福建卷_原卷.pdf,2
2015,物理,江西,老高考,2024,全国卷,common,新课标全国I卷,present_common,H:\New folder\【新·PDF版】2008-2024·高考物理真题\版本2：物理（按省份分类）2008-2024\2008-2024·（江西）物理高考真题\2015年高考物理试卷（新课标Ⅰ）（空白卷）.pdf,papers/2015/物理/全国/新课标全国I卷/2015_物理_江西_新课标全国I卷_原卷.pdf,2
2015,物理,山东,老高考,2020,地方/区域卷,local,山东卷,present_local,H:\New folder\【新·PDF版】2008-2024·高考物理真题\版本2：物理（按省份分类）2008-2024\2008-2024·（山东）物理高考真题\2015年高考物理试卷（山东）（空白卷）.pdf,papers/2015/物理/山东/山东卷/2015_物理_山东_山东卷_原卷.pdf,2
2015,物理,河南,老高考,2025,全国卷,common,新课标全国I卷,present_common,H:\New folder\【新·PDF版】2008-2024·高考物理真题\版本2：物理（按省份分类）2008-2024\2008-2024·（河南）物理高考真题\2015年高考物理试卷（新课标Ⅰ）（空白卷）.pdf,papers/2015/物理/全国/新课标全国I卷/2015_物理_河南_新课标全国I卷_原卷.pdf,2
2015,物理,湖北,老高考,2021,全国卷,common,新课标全国I卷,present_common,H:\New folder\【新·PDF版】2008-2024·高考物理真题\版本2：物理（按省份分类）2008-2024\2008-2024·（湖北）物理高考真题\2015年高考物理试卷（新课标Ⅰ）（空白卷）.pdf,papers/2015/物理/全国/新课标全国I卷/2015_物理_湖北_新课标全国I卷_原卷.pdf,2
2015,物理,湖南,老高考,2021,全国卷,common,新课标全国I卷,present_common,H:\New folder\【新·PDF版】2008-2024·高考物理真题\版本2：物理（按省份分类）2008-2024\2008-2024·（湖南）物理高考真题\2015年高考物理试卷（新课标Ⅰ）（空白卷）.pdf,papers/2015/物理/全国/新课标全国I卷/2015_物理_湖南_新课标全国I卷_原卷.pdf,2
2015,物理,广东,老高考,2021,地方/区域卷,local,广东卷,present_local,H:\New folder\【新·PDF版】2008-2024·高考物理真题\版本2：物理（按省份分类）2008-2024\2008-2024·（广东）物理高考真题\2015年高考物理试卷（广东）（空白卷）.pdf,papers/2015/物理/广东/广东卷/2015_物理_广东_广东卷_原卷.pdf,2
2015,物理,广西,老高考,2024,全国卷,common,新课标全国II卷,present_common,H:\New folder\【新·PDF版】2008-2024·高考物理真题\版本2：物理（按省份分类）2008-2024\2008-2024·（广西）物理高考真题\2015年高考物理试卷（新课标Ⅱ）（空白卷）.pdf,papers/2015/物理/全国/新课标全国II卷/2015_物理_广西_新课标全国II卷_原卷.pdf,2
2015,物理,海南,老高考,2020,地方/区域卷,local,海南卷,present_local,H:\New folder\【新·PDF版】2008-2024·高考物理真题\版本2：物理（按省份分类）2008-2024\2008-2024·（海南）物理高考真题\2015年高考物理试卷（海南）（空白卷）.pdf,papers/2015/物理/海南/海南卷/2015_物理_海南_海南卷_原卷.pdf,2
2015,物理,重庆,老高考,2021,地方/区域卷,local,重庆卷,present_local,H:\New folder\【新·PDF版】2008-2024·高考物理真题\版本2：物理（按省份分类）2008-2024\2012-2023·（重庆）物理高考真题\2015年高考物理试卷（重庆）（空白卷）.pdf,papers/2015/物理/重庆/重庆卷/2015_物理_重庆_重庆卷_原卷.pdf,2
2015,物理,四川,老高考,2025,地方/区域卷,local,四川卷,present_local,H:\New folder\【新·PDF版】2008-2024·高考物理真题\版本2：物理（按省份分类）2008-2024\2008-2024·（四川）物理高考真题\2015年高考物理试卷（四川）（空白卷）.pdf,papers/2015/物理/四川/四川卷/2015_物理_四川_四川卷_原卷.pdf,2
2015,物理,贵州,老高考,2024,全国卷,common,新课标全国II卷,present_common,H:\New folder\【新·PDF版】2008-2024·高考物理真题\版本2：物理（按省份分类）2008-2024\2008-2023·（贵州）物理高考真题\2015年高考物理试卷（新课标Ⅱ）（空白卷）.pdf,papers/2015/物理/全国/新课标全国II卷/2015_物理_贵州_新课标全国II卷_原卷.pdf,2
2015,物理,云南,老高考,2025,全国卷,common,新课标全国II卷,present_common,H:\New folder\【新·PDF版】2008-2024·高考物理真题\版本2：物理（按省份分类）2008-2024\2008-2024·（云南）物理高考真题\2015年高考物理试卷（新课标Ⅱ）（空白卷）.pdf,papers/2015/物理/全国/新课标全国II卷/2015_物理_云南_新课标全国II卷_原卷.pdf,2
2015,物理,西藏,老高考,,全国卷,common,新课标全国II卷,present_common,H:\New folder\【新·PDF版】2008-2024·高考物理真题\版本2：物理（按省份分类）2008-2024\2008-2024·（西藏）物理高考真题\2015年高考物理试卷（新课标Ⅱ）（空白卷）.pdf,papers/2015/物理/全国/新课标全国II卷/2015_物理_西藏_新课标全国II卷_原卷.pdf,2
2015,物理,陕西,老高考,2025,全国卷,common,新课标全国II卷,present_common,H:\New folder\【新·PDF版】2008-2024·高考物理真题\版本2：物理（按省份分类）2008-2024\2008-2024·（陕西）物理高考真题\2015年高考物理试卷（新课标Ⅱ）（空白卷）.pdf,papers/2015/物理/全国/新课标全国II卷/2015_物理_陕西_新课标全国II卷_原卷.pdf,2
2015,物理,甘肃,老高考,2024,全国卷,common,新课标全国II卷,present_common,H:\New folder\【新·PDF版】2008-2024·高考物理真题\版本2：物理（按省份分类）2008-2024\2008-2024·（甘肃）物理高考真题\2015年高考物理试卷（新课标Ⅱ）（空白卷）.pdf,papers/2015/物理/全国/新课标全国II卷/2015_物理_甘肃_新课标全国II卷_原卷.pdf,2
2015,物理,青海,老高考,2025,全国卷,common,新课标全国II卷,present_common,H:\New folder\【新·PDF版】2008-2024·高考物理真题\版本2：物理（按省份分类）2008-2024\2008-2024·（青海）物理高考真题\2015年高考物理试卷（新课标Ⅱ）（空白卷）.pdf,papers/2015/物理/全国/新课标全国II卷/2015_物理_青海_新课标全国II卷_原卷.pdf,2
2015,物理,宁夏,老高考,2025,全国卷,common,新课标全国II卷,present_common,H:\New folder\【新·PDF版】2008-2024·高考物理真题\版本2：物理（按省份分类）2008-2024\2010-2024·（宁夏）物理高考真题\2015年高考物理试卷（新课标Ⅱ）（空白卷）.pdf,papers/2015/物理/全国/新课标全国II卷/2015_物理_宁夏_新课标全国II卷_原卷.pdf,2
2015,物理,新疆,老高考,,全国卷,common,新课标全国II卷,present_common,H:\New folder\【新·PDF版】2008-2024·高考物理真题\版本2：物理（按省份分类）2008-2024\2008-2024·（新疆）物理高考真题\2015年高考物理试卷（新课标Ⅱ）（空白卷）.pdf,papers/2015/物理/全国/新课标全国II卷/2015_物理_新疆_新课标全国II卷_原卷.pdf,2
2016,物理,北京,老高考,2020,地方/区域卷,local,北京卷,present_local,H:\New folder\【新·PDF版】2008-2024·高考物理真题\版本2：物理（按省份分类）2008-2024\2008-2024·（北京）物理高考真题\2016年高考物理试卷（北京）（空白卷）.pdf,papers/2016/物理/北京/北京卷/2016_物理_北京_北京卷_原卷.pdf,2
2016,物理,天津,老高考,2020,地方/区域卷,local,天津卷,present_local,H:\New folder\【新·PDF版】2008-2024·高考物理真题\版本2：物理（按省份分类）2008-2024\2008-2023·（天津）物理高考真题\2016年高考物理试卷（天津）（空白卷）.pdf,papers/2016/物理/天津/天津卷/2016_物理_天津_天津卷_原卷.pdf,2
2016,物理,河北,老高考,2021,全国卷,common,新课标全国I卷,present_common,H:\New folder\【新·PDF版】2008-2024·高考物理真题\版本2：物理（按省份分类）2008-2024\2008-2024·（河北）物理高考真题\2016年高考物理试卷（新课标Ⅰ）（空白卷）.pdf,papers/2016/物理/全国/新课标全国I卷/2016_物理_河北_新课标全国I卷_原卷.pdf,2
2016,物理,山西,老高考,2025,全国卷,common,新课标全国I卷,present_common,H:\New folder\【新·PDF版】2008-2024·高考物理真题\版本2：物理（按省份分类）2008-2024\2008-2024·（山西）物理高考真题\2016年高考物理试卷（新课标Ⅰ）（空白卷）.pdf,papers/2016/物理/全国/新课标全国I卷/2016_物理_山西_新课标全国I卷_原卷.pdf,2
2016,物理,内蒙古,老高考,2025,全国卷,common,新课标全国II卷,present_common,H:\New folder\【新·PDF版】2008-2024·高考物理真题\版本2：物理（按省份分类）2008-2024\2008-2024·（内蒙古）物理高考真题\2016年高考物理试卷（新课标Ⅱ）（空白卷）.pdf,papers/2016/物理/全国/新课标全国II卷/2016_物理_内蒙古_新课标全国II卷_原卷.pdf,2
2016,物理,辽宁,老高考,2021,全国卷,common,新课标全国II卷,present_common,H:\New folder\【新·PDF版】2008-2024·高考物理真题\版本2：物理（按省份分类）2008-2024\2010-2024·（辽宁）物理高考真题\2016年高考物理试卷（新课标Ⅱ）（空白卷）.pdf,papers/2016/物理/全国/新课标全国II卷/2016_物理_辽宁_新课标全国II卷_原卷.pdf,2
2016,物理,吉林,老高考,2024,全国卷,common,新课标全国II卷,present_common,H:\New folder\【新·PDF版】2008-2024·高考物理真题\版本2：物理（按省份分类）2008-2024\2008-2024·（吉林）物理高考真题\2016年高考物理试卷（新课标Ⅱ）（空白卷）.pdf,papers/2016/物理/全国/新课标全国II卷/2016_物理_吉林_新课标全国II卷_原卷.pdf,2
2016,物理,黑龙江,老高考,2024,全国卷,common,新课标全国II卷,present_common,H:\New folder\【新·PDF版】2008-2024·高考物理真题\版本2：物理（按省份分类）2008-2024\2008-2024·（黑龙江）物理高考真题\2016年高考物理试卷（新课标Ⅱ）（空白卷）.pdf,papers/2016/物理/全国/新课标全国II卷/2016_物理_黑龙江_新课标全国II卷_原卷.pdf,2
2016,物理,上海,老高考,2017,地方/区域卷,local,上海卷,present_local,H:\New folder\【新·PDF版】2008-2024·高考物理真题\版本2：物理（按省份分类）2008-2024\2008-2024·（上海）物理高考真题\2016年高考物理试卷（上海）（空白卷）.pdf,papers/2016/物理/上海/上海卷/2016_物理_上海_上海卷_原卷.pdf,2
2016,物理,江苏,老高考,2021,地方/区域卷,local,江苏卷,present_local,H:\New folder\【新·PDF版】2008-2024·高考物理真题\版本2：物理（按省份分类）2008-2024\2008-2024·（江苏）物理高考真题\2016年高考物理试卷（江苏）（空白卷）.pdf,papers/2016/物理/江苏/江苏卷/2016_物理_江苏_江苏卷_原卷.pdf,2
2016,物理,浙江,老高考,2017,地方/区域卷,local,浙江卷,present_local,H:\New folder\【新·PDF版】2008-2024·高考物理真题\版本2：物理（按省份分类）2008-2024\2008-2024·（浙江）物理高考真题\2016年高考物理试卷（浙江）（10月）（空白卷）.pdf,papers/2016/物理/浙江/浙江卷/2016_物理_浙江_浙江卷_原卷.pdf,4
2016,物理,安徽,老高考,2024,全国卷,common,新课标全国I卷,present_common,H:\New folder\【新·PDF版】2008-2024·高考物理真题\版本2：物理（按省份分类）2008-2024\2012-2024·（安徽）物理高考真题\2016年高考物理试卷（新课标Ⅰ）（空白卷）.pdf,papers/2016/物理/全国/新课标全国I卷/2016_物理_安徽_新课标全国I卷_原卷.pdf,2
2016,物理,福建,老高考,2021,全国卷,common,新课标全国I卷,present_common,H:\New folder\【新·PDF版】2008-2024·高考物理真题\版本2：物理（按省份分类）2008-2024\2012-2023·（福建）物理高考真题\2016年高考物理试卷（新课标Ⅰ）（空白卷）.pdf,papers/2016/物理/全国/新课标全国I卷/2016_物理_福建_新课标全国I卷_原卷.pdf,2
2016,物理,江西,老高考,2024,全国卷,common,新课标全国I卷,present_common,H:\New folder\【新·PDF版】2008-2024·高考物理真题\版本2：物理（按省份分类）2008-2024\2008-2024·（江西）物理高考真题\2016年高考物理试卷（新课标Ⅰ）（空白卷）.pdf,papers/2016/物理/全国/新课标全国I卷/2016_物理_江西_新课标全国I卷_原卷.pdf,2
2016,物理,山东,老高考,2020,全国卷,common,新课标全国I卷,present_common,H:\New folder\【新·PDF版】2008-2024·高考物理真题\版本2：物理（按省份分类）2008-2024\2008-2024·（山东）物理高考真题\2016年高考物理试卷（新课标Ⅰ）（空白卷）.pdf,papers/2016/物理/全国/新课标全国I卷/2016_物理_山东_新课标全国I卷_原卷.pdf,2
2016,物理,河南,老高考,2025,全国卷,common,新课标全国I卷,present_common,H:\New folder\【新·PDF版】2008-2024·高考物理真题\版本2：物理（按省份分类）2008-2024\2008-2024·（河南）物理高考真题\2016年高考物理试卷（新课标Ⅰ）（空白卷）.pdf,papers/2016/物理/全国/新课标全国I卷/2016_物理_河南_新课标全国I卷_原卷.pdf,2
2016,物理,湖北,老高考,2021,全国卷,common,新课标全国I卷,present_common,H:\New folder\【新·PDF版】2008-2024·高考物理真题\版本2：物理（按省份分类）2008-2024\2008-2024·（湖北）物理高考真题\2016年高考物理试卷（新课标Ⅰ）（空白卷）.pdf,papers/2016/物理/全国/新课标全国I卷/2016_物理_湖北_新课标全国I卷_原卷.pdf,2
2016,物理,湖南,老高考,2021,全国卷,common,新课标全国I卷,present_common,H:\New folder\【新·PDF版】2008-2024·高考物理真题\版本2：物理（按省份分类）2008-2024\2008-2024·（湖南）物理高考真题\2016年高考物理试卷（新课标Ⅰ）（空白卷）.pdf,papers/2016/物理/全国/新课标全国I卷/2016_物理_湖南_新课标全国I卷_原卷.pdf,2
2016,物理,广东,老高考,2021,全国卷,common,新课标全国I卷,present_common,H:\New folder\【新·PDF版】2008-2024·高考物理真题\版本2：物理（按省份分类）2008-2024\2008-2024·（广东）物理高考真题\2016年高考物理试卷（新课标Ⅰ）（空白卷）.pdf,papers/2016/物理/全国/新课标全国I卷/2016_物理_广东_新课标全国I卷_原卷.pdf,2
2016,物理,广西,老高考,2024,全国卷,common,新课标全国III卷,present_common,H:\New folder\【新·PDF版】2008-2024·高考物理真题\版本2：物理（按省份分类）2008-2024\2008-2024·（广西）物理高考真题\2016年高考物理试卷（新课标Ⅲ）（空白卷）.pdf,papers/2016/物理/全国/新课标全国III卷/2016_物理_广西_新课标全国III卷_原卷.pdf,2
2016,物理,海南,老高考,2020,地方/区域卷,local,海南卷,present_local,H:\New folder\【新·PDF版】2008-2024·高考物理真题\版本2：物理（按省份分类）2008-2024\2008-2024·（海南）物理高考真题\2016年高考物理试卷（海南）（空白卷）.pdf,papers/2016/物理/海南/海南卷/2016_物理_海南_海南卷_原卷.pdf,2
2016,物理,重庆,老高考,2021,全国卷,common,新课标全国II卷,present_common,H:\New folder\【新·PDF版】2008-2024·高考物理真题\版本2：物理（按省份分类）2008-2024\2012-2023·（重庆）物理高考真题\2016年高考物理试卷（新课标Ⅱ）（空白卷）.pdf,papers/2016/物理/全国/新课标全国II卷/2016_物理_重庆_新课标全国II卷_原卷.pdf,2
2016,物理,四川,老高考,2025,地方/区域卷,local,四川卷,present_local,H:\New folder\【新·PDF版】2008-2024·高考物理真题\版本2：物理（按省份分类）2008-2024\2008-2024·（四川）物理高考真题\2016年高考物理试卷（四川）（空白卷）.pdf,papers/2016/物理/四川/四川卷/2016_物理_四川_四川卷_原卷.pdf,2
2016,物理,贵州,老高考,2024,全国卷,common,新课标全国III卷,present_common,H:\New folder\【新·PDF版】2008-2024·高考物理真题\版本2：物理（按省份分类）2008-2024\2008-2023·（贵州）物理高考真题\2016年高考物理试卷（新课标Ⅲ）（空白卷）.pdf,papers/2016/物理/全国/新课标全国III卷/2016_物理_贵州_新课标全国III卷_原卷.pdf,2
2016,物理,云南,老高考,2025,全国卷,common,新课标全国III卷,present_common,H:\New folder\【新·PDF版】2008-2024·高考物理真题\版本2：物理（按省份分类）2008-2024\2008-2024·（云南）物理高考真题\2016年高考物理试卷（新课标Ⅲ）（空白卷）.pdf,papers/2016/物理/全国/新课标全国III卷/2016_物理_云南_新课标全国III卷_原卷.pdf,2
2016,物理,西藏,老高考,,全国卷,common,新课标全国II卷,present_common,H:\New folder\【新·PDF版】2008-2024·高考物理真题\版本2：物理（按省份分类）2008-2024\2008-2024·（西藏）物理高考真题\2016年高考物理试卷（新课标Ⅱ）（空白卷）.pdf,papers/2016/物理/全国/新课标全国II卷/2016_物理_西藏_新课标全国II卷_原卷.pdf,2
2016,物理,陕西,老高考,2025,全国卷,common,新课标全国II卷,present_common,H:\New folder\【新·PDF版】2008-2024·高考物理真题\版本2：物理（按省份分类）2008-2024\2008-2024·（陕西）物理高考真题\2016年高考物理试卷（新课标Ⅱ）（空白卷）.pdf,papers/2016/物理/全国/新课标全国II卷/2016_物理_陕西_新课标全国II卷_原卷.pdf,2
2016,物理,甘肃,老高考,2024,全国卷,common,新课标全国II卷,present_common,H:\New folder\【新·PDF版】2008-2024·高考物理真题\版本2：物理（按省份分类）2008-2024\2008-2024·（甘肃）物理高考真题\2016年高考物理试卷（新课标Ⅱ）（空白卷）.pdf,papers/2016/物理/全国/新课标全国II卷/2016_物理_甘肃_新课标全国II卷_原卷.pdf,2
2016,物理,青海,老高考,2025,全国卷,common,新课标全国II卷,present_common,H:\New folder\【新·PDF版】2008-2024·高考物理真题\版本2：物理（按省份分类）2008-2024\2008-2024·（青海）物理高考真题\2016年高考物理试卷（新课标Ⅱ）（空白卷）.pdf,papers/2016/物理/全国/新课标全国II卷/2016_物理_青海_新课标全国II卷_原卷.pdf,2
2016,物理,宁夏,老高考,2025,全国卷,common,新课标全国II卷,present_common,H:\New folder\【新·PDF版】2008-2024·高考物理真题\版本2：物理（按省份分类）2008-2024\2010-2024·（宁夏）物理高考真题\2016年高考物理试卷（新课标Ⅱ）（空白卷）.pdf,papers/2016/物理/全国/新课标全国II卷/2016_物理_宁夏_新课标全国II卷_原卷.pdf,2
2016,物理,新疆,老高考,,全国卷,common,新课标全国II卷,present_common,H:\New folder\【新·PDF版】2008-2024·高考物理真题\版本2：物理（按省份分类）2008-2024\2008-2024·（新疆）物理高考真题\2016年高考物理试卷（新课标Ⅱ）（空白卷）.pdf,papers/2016/物理/全国/新课标全国II卷/2016_物理_新疆_新课标全国II卷_原卷.pdf,2
2017,物理,北京,老高考,2020,地方/区域卷,local,北京卷,present_local,H:\New folder\【新·PDF版】2008-2024·高考物理真题\版本2：物理（按省份分类）2008-2024\2008-2024·（北京）物理高考真题\2017年高考物理试卷（北京）（空白卷）.pdf,papers/2017/物理/北京/北京卷/2017_物理_北京_北京卷_原卷.pdf,2
2017,物理,天津,老高考,2020,地方/区域卷,local,天津卷,present_local,H:\New folder\【新·PDF版】2008-2024·高考物理真题\版本2：物理（按省份分类）2008-2024\2008-2023·（天津）物理高考真题\2017年高考物理试卷（天津）（空白卷）.pdf,papers/2017/物理/天津/天津卷/2017_物理_天津_天津卷_原卷.pdf,2
2017,物理,河北,老高考,2021,全国卷,common,新课标全国I卷,present_common,H:\New folder\【新·PDF版】2008-2024·高考物理真题\版本2：物理（按省份分类）2008-2024\2008-2024·（河北）物理高考真题\2017年高考物理试卷（新课标Ⅰ）（空白卷）.pdf,papers/2017/物理/全国/新课标全国I卷/2017_物理_河北_新课标全国I卷_原卷.pdf,2
2017,物理,山西,老高考,2025,全国卷,common,新课标全国I卷,present_common,H:\New folder\【新·PDF版】2008-2024·高考物理真题\版本2：物理（按省份分类）2008-2024\2008-2024·（山西）物理高考真题\2017年高考物理试卷（新课标Ⅰ）（空白卷）.pdf,papers/2017/物理/全国/新课标全国I卷/2017_物理_山西_新课标全国I卷_原卷.pdf,2
2017,物理,内蒙古,老高考,2025,全国卷,common,新课标全国II卷,present_common,H:\New folder\【新·PDF版】2008-2024·高考物理真题\版本2：物理（按省份分类）2008-2024\2008-2024·（内蒙古）物理高考真题\2017年高考物理试卷（新课标Ⅱ）（空白卷）.pdf,papers/2017/物理/全国/新课标全国II卷/2017_物理_内蒙古_新课标全国II卷_原卷.pdf,2
2017,物理,辽宁,老高考,2021,全国卷,common,新课标全国II卷,present_common,H:\New folder\【新·PDF版】2008-2024·高考物理真题\版本2：物理（按省份分类）2008-2024\2010-2024·（辽宁）物理高考真题\2017年高考物理试卷（新课标Ⅱ）（空白卷）.pdf,papers/2017/物理/全国/新课标全国II卷/2017_物理_辽宁_新课标全国II卷_原卷.pdf,2
2017,物理,吉林,老高考,2024,全国卷,common,新课标全国II卷,present_common,H:\New folder\【新·PDF版】2008-2024·高考物理真题\版本2：物理（按省份分类）2008-2024\2008-2024·（吉林）物理高考真题\2017年高考物理试卷（新课标Ⅱ）（空白卷）.pdf,papers/2017/物理/全国/新课标全国II卷/2017_物理_吉林_新课标全国II卷_原卷.pdf,2
2017,物理,黑龙江,老高考,2024,全国卷,common,新课标全国II卷,present_common,H:\New folder\【新·PDF版】2008-2024·高考物理真题\版本2：物理（按省份分类）2008-2024\2008-2024·（黑龙江）物理高考真题\2017年高考物理试卷（新课标Ⅱ）（空白卷）.pdf,papers/2017/物理/全国/新课标全国II卷/2017_物理_黑龙江_新课标全国II卷_原卷.pdf,2
2017,物理,上海,新高考,2017,地方/区域卷,local,上海卷,present_local,H:\New folder\【新·PDF版】2008-2024·高考物理真题\版本2：物理（按省份分类）2008-2024\2008-2024·（上海）物理高考真题\2017年高考物理试卷（上海）（空白卷）.pdf,papers/2017/物理/上海/上海卷/2017_物理_上海_上海卷_原卷.pdf,2
2017,物理,江苏,老高考,2021,地方/区域卷,local,江苏卷,present_local,H:\New folder\【新·PDF版】2008-2024·高考物理真题\版本2：物理（按省份分类）2008-2024\2008-2024·（江苏）物理高考真题\2017年高考物理试卷（江苏）（空白卷）.pdf,papers/2017/物理/江苏/江苏卷/2017_物理_江苏_江苏卷_原卷.pdf,2
2017,物理,浙江,新高考,2017,地方/区域卷,local,浙江卷,present_local,H:\New folder\【新·PDF版】2008-2024·高考物理真题\版本2：物理（按省份分类）2008-2024\2008-2024·（浙江）物理高考真题\2017年高考物理试卷（浙江）（11月）（空白卷）.pdf,papers/2017/物理/浙江/浙江卷/2017_物理_浙江_浙江卷_原卷.pdf,4
2017,物理,安徽,老高考,2024,全国卷,common,新课标全国I卷,present_common,H:\New folder\【新·PDF版】2008-2024·高考物理真题\版本2：物理（按省份分类）2008-2024\2012-2024·（安徽）物理高考真题\2017年高考物理试卷（新课标Ⅰ）（空白卷）.pdf,papers/2017/物理/全国/新课标全国I卷/2017_物理_安徽_新课标全国I卷_原卷.pdf,2
2017,物理,福建,老高考,2021,全国卷,common,新课标全国I卷,present_common,H:\New folder\【新·PDF版】2008-2024·高考物理真题\版本2：物理（按省份分类）2008-2024\2012-2023·（福建）物理高考真题\2017年高考物理试卷（新课标Ⅰ）（空白卷）.pdf,papers/2017/物理/全国/新课标全国I卷/2017_物理_福建_新课标全国I卷_原卷.pdf,2
2017,物理,江西,老高考,2024,全国卷,common,新课标全国I卷,present_common,H:\New folder\【新·PDF版】2008-2024·高考物理真题\版本2：物理（按省份分类）2008-2024\2008-2024·（江西）物理高考真题\2017年高考物理试卷（新课标Ⅰ）（空白卷）.pdf,papers/2017/物理/全国/新课标全国I卷/2017_物理_江西_新课标全国I卷_原卷.pdf,2
2017,物理,山东,老高考,2020,全国卷,common,新课标全国I卷,present_common,H:\New folder\【新·PDF版】2008-2024·高考物理真题\版本2：物理（按省份分类）2008-2024\2008-2024·（山东）物理高考真题\2017年高考物理试卷（新课标Ⅰ）（空白卷）.pdf,papers/2017/物理/全国/新课标全国I卷/2017_物理_山东_新课标全国I卷_原卷.pdf,2
2017,物理,河南,老高考,2025,全国卷,common,新课标全国I卷,present_common,H:\New folder\【新·PDF版】2008-2024·高考物理真题\版本2：物理（按省份分类）2008-2024\2008-2024·（河南）物理高考真题\2017年高考物理试卷（新课标Ⅰ）（空白卷）.pdf,papers/2017/物理/全国/新课标全国I卷/2017_物理_河南_新课标全国I卷_原卷.pdf,2
2017,物理,湖北,老高考,2021,全国卷,common,新课标全国I卷,present_common,H:\New folder\【新·PDF版】2008-2024·高考物理真题\版本2：物理（按省份分类）2008-2024\2008-2024·（湖北）物理高考真题\2017年高考物理试卷（新课标Ⅰ）（空白卷）.pdf,papers/2017/物理/全国/新课标全国I卷/2017_物理_湖北_新课标全国I卷_原卷.pdf,2
2017,物理,湖南,老高考,2021,全国卷,common,新课标全国I卷,present_common,H:\New folder\【新·PDF版】2008-2024·高考物理真题\版本2：物理（按省份分类）2008-2024\2008-2024·（湖南）物理高考真题\2017年高考物理试卷（新课标Ⅰ）（空白卷）.pdf,papers/2017/物理/全国/新课标全国I卷/2017_物理_湖南_新课标全国I卷_原卷.pdf,2
2017,物理,广东,老高考,2021,全国卷,common,新课标全国I卷,present_common,H:\New folder\【新·PDF版】2008-2024·高考物理真题\版本2：物理（按省份分类）2008-2024\2008-2024·（广东）物理高考真题\2017年高考物理试卷（新课标Ⅰ）（空白卷）.pdf,papers/2017/物理/全国/新课标全国I卷/2017_物理_广东_新课标全国I卷_原卷.pdf,2
2017,物理,广西,老高考,2024,全国卷,common,新课标全国III卷,present_common,H:\New folder\【新·PDF版】2008-2024·高考物理真题\版本2：物理（按省份分类）2008-2024\2008-2024·（广西）物理高考真题\2017年高考物理试卷（新课标Ⅲ）（空白卷）.pdf,papers/2017/物理/全国/新课标全国III卷/2017_物理_广西_新课标全国III卷_原卷.pdf,2
2017,物理,海南,老高考,2020,地方/区域卷,local,海南卷,present_local,H:\New folder\【新·PDF版】2008-2024·高考物理真题\版本2：物理（按省份分类）2008-2024\2008-2024·（海南）物理高考真题\2017年高考物理试卷（海南）（空白卷）.pdf,papers/2017/物理/海南/海南卷/2017_物理_海南_海南卷_原卷.pdf,2
2017,物理,重庆,老高考,2021,全国卷,common,新课标全国II卷,present_common,H:\New folder\【新·PDF版】2008-2024·高考物理真题\版本2：物理（按省份分类）2008-2024\2012-2023·（重庆）物理高考真题\2017年高考物理试卷（新课标Ⅱ）（空白卷）.pdf,papers/2017/物理/全国/新课标全国II卷/2017_物理_重庆_新课标全国II卷_原卷.pdf,2
2017,物理,四川,老高考,2025,全国卷,common,新课标全国III卷,present_common,H:\New folder\【新·PDF版】2008-2024·高考物理真题\版本2：物理（按省份分类）2008-2024\2008-2024·（四川）物理高考真题\2017年高考物理试卷（新课标Ⅲ）（空白卷）.pdf,papers/2017/物理/全国/新课标全国III卷/2017_物理_四川_新课标全国III卷_原卷.pdf,2
2017,物理,贵州,老高考,2024,全国卷,common,新课标全国III卷,present_common,H:\New folder\【新·PDF版】2008-2024·高考物理真题\版本2：物理（按省份分类）2008-2024\2008-2023·（贵州）物理高考真题\2017年高考物理试卷（新课标Ⅲ）（空白卷）.pdf,papers/2017/物理/全国/新课标全国III卷/2017_物理_贵州_新课标全国III卷_原卷.pdf,2
2017,物理,云南,老高考,2025,全国卷,common,新课标全国III卷,present_common,H:\New folder\【新·PDF版】2008-2024·高考物理真题\版本2：物理（按省份分类）2008-2024\2008-2024·（云南）物理高考真题\2017年高考物理试卷（新课标Ⅲ）（空白卷）.pdf,papers/2017/物理/全国/新课标全国III卷/2017_物理_云南_新课标全国III卷_原卷.pdf,2
2017,物理,西藏,老高考,,全国卷,common,新课标全国II卷,present_common,H:\New folder\【新·PDF版】2008-2024·高考物理真题\版本2：物理（按省份分类）2008-2024\2008-2024·（西藏）物理高考真题\2017年高考物理试卷（新课标Ⅱ）（空白卷）.pdf,papers/2017/物理/全国/新课标全国II卷/2017_物理_西藏_新课标全国II卷_原卷.pdf,2
2017,物理,陕西,老高考,2025,全国卷,common,新课标全国II卷,present_common,H:\New folder\【新·PDF版】2008-2024·高考物理真题\版本2：物理（按省份分类）2008-2024\2008-2024·（陕西）物理高考真题\2017年高考物理试卷（新课标Ⅱ）（空白卷）.pdf,papers/2017/物理/全国/新课标全国II卷/2017_物理_陕西_新课标全国II卷_原卷.pdf,2
2017,物理,甘肃,老高考,2024,全国卷,common,新课标全国II卷,present_common,H:\New folder\【新·PDF版】2008-2024·高考物理真题\版本2：物理（按省份分类）2008-2024\2008-2024·（甘肃）物理高考真题\2017年高考物理试卷（新课标Ⅱ）（空白卷）.pdf,papers/2017/物理/全国/新课标全国II卷/2017_物理_甘肃_新课标全国II卷_原卷.pdf,2
2017,物理,青海,老高考,2025,全国卷,common,新课标全国II卷,present_common,H:\New folder\【新·PDF版】2008-2024·高考物理真题\版本2：物理（按省份分类）2008-2024\2008-2024·（青海）物理高考真题\2017年高考物理试卷（新课标Ⅱ）（空白卷）.pdf,papers/2017/物理/全国/新课标全国II卷/2017_物理_青海_新课标全国II卷_原卷.pdf,2
2017,物理,宁夏,老高考,2025,全国卷,common,新课标全国II卷,present_common,H:\New folder\【新·PDF版】2008-2024·高考物理真题\版本2：物理（按省份分类）2008-2024\2010-2024·（宁夏）物理高考真题\2017年高考物理试卷（新课标Ⅱ）（空白卷）.pdf,papers/2017/物理/全国/新课标全国II卷/2017_物理_宁夏_新课标全国II卷_原卷.pdf,2
2017,物理,新疆,老高考,,全国卷,common,新课标全国II卷,present_common,H:\New folder\【新·PDF版】2008-2024·高考物理真题\版本2：物理（按省份分类）2008-2024\2008-2024·（新疆）物理高考真题\2017年高考物理试卷（新课标Ⅱ）（空白卷）.pdf,papers/2017/物理/全国/新课标全国II卷/2017_物理_新疆_新课标全国II卷_原卷.pdf,2
2018,物理,北京,老高考,2020,地方/区域卷,local,北京卷,present_local,H:\New folder\【新·PDF版】2008-2024·高考物理真题\版本2：物理（按省份分类）2008-2024\2008-2024·（北京）物理高考真题\2018年高考物理试卷（北京）（空白卷）.pdf,papers/2018/物理/北京/北京卷/2018_物理_北京_北京卷_原卷.pdf,2
2018,物理,天津,老高考,2020,地方/区域卷,local,天津卷,present_local,H:\New folder\【新·PDF版】2008-2024·高考物理真题\版本2：物理（按省份分类）2008-2024\2008-2023·（天津）物理高考真题\2018年高考物理试卷（天津）（空白卷）.pdf,papers/2018/物理/天津/天津卷/2018_物理_天津_天津卷_原卷.pdf,2
2018,物理,河北,老高考,2021,全国卷,common,新课标全国I卷,present_common,H:\New folder\【新·PDF版】2008-2024·高考物理真题\版本2：物理（按省份分类）2008-2024\2008-2024·（河北）物理高考真题\2018年高考物理试卷（新课标Ⅰ）（空白卷）.pdf,papers/2018/物理/全国/新课标全国I卷/2018_物理_河北_新课标全国I卷_原卷.pdf,2
2018,物理,山西,老高考,2025,全国卷,common,新课标全国I卷,present_common,H:\New folder\【新·PDF版】2008-2024·高考物理真题\版本2：物理（按省份分类）2008-2024\2008-2024·（山西）物理高考真题\2018年高考物理试卷（新课标Ⅰ）（空白卷）.pdf,papers/2018/物理/全国/新课标全国I卷/2018_物理_山西_新课标全国I卷_原卷.pdf,2
2018,物理,内蒙古,老高考,2025,全国卷,common,新课标全国II卷,present_common,H:\New folder\【新·PDF版】2008-2024·高考物理真题\版本2：物理（按省份分类）2008-2024\2008-2024·（内蒙古）物理高考真题\2018年高考物理试卷（新课标Ⅱ）（空白卷）.pdf,papers/2018/物理/全国/新课标全国II卷/2018_物理_内蒙古_新课标全国II卷_原卷.pdf,2
2018,物理,辽宁,老高考,2021,全国卷,common,新课标全国II卷,present_common,H:\New folder\【新·PDF版】2008-2024·高考物理真题\版本2：物理（按省份分类）2008-2024\2010-2024·（辽宁）物理高考真题\2018年高考物理试卷（新课标Ⅱ）（空白卷）.pdf,papers/2018/物理/全国/新课标全国II卷/2018_物理_辽宁_新课标全国II卷_原卷.pdf,2
2018,物理,吉林,老高考,2024,全国卷,common,新课标全国II卷,present_common,H:\New folder\【新·PDF版】2008-2024·高考物理真题\版本2：物理（按省份分类）2008-2024\2008-2024·（吉林）物理高考真题\2018年高考物理试卷（新课标Ⅱ）（空白卷）.pdf,papers/2018/物理/全国/新课标全国II卷/2018_物理_吉林_新课标全国II卷_原卷.pdf,2
2018,物理,黑龙江,老高考,2024,全国卷,common,新课标全国II卷,present_common,H:\New folder\【新·PDF版】2008-2024·高考物理真题\版本2：物理（按省份分类）2008-2024\2008-2024·（黑龙江）物理高考真题\2018年高考物理试卷（新课标Ⅱ）（空白卷）.pdf,papers/2018/物理/全国/新课标全国II卷/2018_物理_黑龙江_新课标全国II卷_原卷.pdf,2
2018,物理,上海,新高考,2017,地方/区域卷,local,上海卷,present_local,H:\New folder\【新·PDF版】2008-2024·高考物理真题\版本2：物理（按省份分类）2008-2024\2008-2024·（上海）物理高考真题\2018年高考物理试卷（上海）（空白卷）.pdf,papers/2018/物理/上海/上海卷/2018_物理_上海_上海卷_原卷.pdf,2
2018,物理,江苏,老高考,2021,地方/区域卷,local,江苏卷,present_local,H:\New folder\【新·PDF版】2008-2024·高考物理真题\版本2：物理（按省份分类）2008-2024\2008-2024·（江苏）物理高考真题\2018年高考物理试卷（江苏）（空白卷）.pdf,papers/2018/物理/江苏/江苏卷/2018_物理_江苏_江苏卷_原卷.pdf,2
2018,物理,浙江,新高考,2017,地方/区域卷,local,浙江卷,present_local,H:\New folder\【新·PDF版】2008-2024·高考物理真题\版本2：物理（按省份分类）2008-2024\2008-2024·（浙江）物理高考真题\2018年高考物理试卷（浙江）（11月）（空白卷）.pdf,papers/2018/物理/浙江/浙江卷/2018_物理_浙江_浙江卷_原卷.pdf,4
2018,物理,安徽,老高考,2024,全国卷,common,新课标全国I卷,present_common,H:\New folder\【新·PDF版】2008-2024·高考物理真题\版本2：物理（按省份分类）2008-2024\2012-2024·（安徽）物理高考真题\2018年高考物理试卷（新课标Ⅰ）（空白卷）.pdf,papers/2018/物理/全国/新课标全国I卷/2018_物理_安徽_新课标全国I卷_原卷.pdf,2
2018,物理,福建,老高考,2021,全国卷,common,新课标全国I卷,present_common,H:\New folder\【新·PDF版】2008-2024·高考物理真题\版本2：物理（按省份分类）2008-2024\2012-2023·（福建）物理高考真题\2018年高考物理试卷（新课标Ⅰ）（空白卷）.pdf,papers/2018/物理/全国/新课标全国I卷/2018_物理_福建_新课标全国I卷_原卷.pdf,2
2018,物理,江西,老高考,2024,全国卷,common,新课标全国I卷,present_common,H:\New folder\【新·PDF版】2008-2024·高考物理真题\版本2：物理（按省份分类）2008-2024\2008-2024·（江西）物理高考真题\2018年高考物理试卷（新课标Ⅰ）（空白卷）.pdf,papers/2018/物理/全国/新课标全国I卷/2018_物理_江西_新课标全国I卷_原卷.pdf,2
2018,物理,山东,老高考,2020,全国卷,common,新课标全国I卷,present_common,H:\New folder\【新·PDF版】2008-2024·高考物理真题\版本2：物理（按省份分类）2008-2024\2008-2024·（山东）物理高考真题\2018年高考物理试卷（新课标Ⅰ）（空白卷）.pdf,papers/2018/物理/全国/新课标全国I卷/2018_物理_山东_新课标全国I卷_原卷.pdf,2
2018,物理,河南,老高考,2025,全国卷,common,新课标全国I卷,present_common,H:\New folder\【新·PDF版】2008-2024·高考物理真题\版本2：物理（按省份分类）2008-2024\2008-2024·（河南）物理高考真题\2018年高考物理试卷（新课标Ⅰ）（空白卷）.pdf,papers/2018/物理/全国/新课标全国I卷/2018_物理_河南_新课标全国I卷_原卷.pdf,2
2018,物理,湖北,老高考,2021,全国卷,common,新课标全国I卷,present_common,H:\New folder\【新·PDF版】2008-2024·高考物理真题\版本2：物理（按省份分类）2008-2024\2008-2024·（湖北）物理高考真题\2018年高考物理试卷（新课标Ⅰ）（空白卷）.pdf,papers/2018/物理/全国/新课标全国I卷/2018_物理_湖北_新课标全国I卷_原卷.pdf,2
2018,物理,湖南,老高考,2021,全国卷,common,新课标全国I卷,present_common,H:\New folder\【新·PDF版】2008-2024·高考物理真题\版本2：物理（按省份分类）2008-2024\2008-2024·（湖南）物理高考真题\2018年高考物理试卷（新课标Ⅰ）（空白卷）.pdf,papers/2018/物理/全国/新课标全国I卷/2018_物理_湖南_新课标全国I卷_原卷.pdf,2
2018,物理,广东,老高考,2021,全国卷,common,新课标全国I卷,present_common,H:\New folder\【新·PDF版】2008-2024·高考物理真题\版本2：物理（按省份分类）2008-2024\2008-2024·（广东）物理高考真题\2018年高考物理试卷（新课标Ⅰ）（空白卷）.pdf,papers/2018/物理/全国/新课标全国I卷/2018_物理_广东_新课标全国I卷_原卷.pdf,2
2018,物理,广西,老高考,2024,全国卷,common,新课标全国III卷,present_common,H:\New folder\【新·PDF版】2008-2024·高考物理真题\版本2：物理（按省份分类）2008-2024\2008-2024·（广西）物理高考真题\2018年高考物理试卷（新课标Ⅲ）（空白卷）.pdf,papers/2018/物理/全国/新课标全国III卷/2018_物理_广西_新课标全国III卷_原卷.pdf,2
2018,物理,海南,老高考,2020,地方/区域卷,local,海南卷,present_local,H:\New folder\【新·PDF版】2008-2024·高考物理真题\版本2：物理（按省份分类）2008-2024\2008-2024·（海南）物理高考真题\2018年高考物理试卷（海南）（空白卷）.pdf,papers/2018/物理/海南/海南卷/2018_物理_海南_海南卷_原卷.pdf,2
2018,物理,重庆,老高考,2021,全国卷,common,新课标全国II卷,present_common,H:\New folder\【新·PDF版】2008-2024·高考物理真题\版本2：物理（按省份分类）2008-2024\2012-2023·（重庆）物理高考真题\2018年高考物理试卷（新课标Ⅱ）（空白卷）.pdf,papers/2018/物理/全国/新课标全国II卷/2018_物理_重庆_新课标全国II卷_原卷.pdf,2
2018,物理,四川,老高考,2025,全国卷,common,新课标全国III卷,present_common,H:\New folder\【新·PDF版】2008-2024·高考物理真题\版本2：物理（按省份分类）2008-2024\2008-2024·（四川）物理高考真题\2018年高考物理试卷（新课标Ⅲ）（空白卷）.pdf,papers/2018/物理/全国/新课标全国III卷/2018_物理_四川_新课标全国III卷_原卷.pdf,2
2018,物理,贵州,老高考,2024,全国卷,common,新课标全国III卷,present_common,H:\New folder\【新·PDF版】2008-2024·高考物理真题\版本2：物理（按省份分类）2008-2024\2008-2023·（贵州）物理高考真题\2018年高考物理试卷（新课标Ⅲ）（空白卷）.pdf,papers/2018/物理/全国/新课标全国III卷/2018_物理_贵州_新课标全国III卷_原卷.pdf,2
2018,物理,云南,老高考,2025,全国卷,common,新课标全国III卷,present_common,H:\New folder\【新·PDF版】2008-2024·高考物理真题\版本2：物理（按省份分类）2008-2024\2008-2024·（云南）物理高考真题\2018年高考物理试卷（新课标Ⅲ）（空白卷）.pdf,papers/2018/物理/全国/新课标全国III卷/2018_物理_云南_新课标全国III卷_原卷.pdf,2
2018,物理,西藏,老高考,,全国卷,common,新课标全国II卷,present_common,H:\New folder\【新·PDF版】2008-2024·高考物理真题\版本2：物理（按省份分类）2008-2024\2008-2024·（西藏）物理高考真题\2018年高考物理试卷（新课标Ⅱ）（空白卷）.pdf,papers/2018/物理/全国/新课标全国II卷/2018_物理_西藏_新课标全国II卷_原卷.pdf,2
2018,物理,陕西,老高考,2025,全国卷,common,新课标全国II卷,present_common,H:\New folder\【新·PDF版】2008-2024·高考物理真题\版本2：物理（按省份分类）2008-2024\2008-2024·（陕西）物理高考真题\2018年高考物理试卷（新课标Ⅱ）（空白卷）.pdf,papers/2018/物理/全国/新课标全国II卷/2018_物理_陕西_新课标全国II卷_原卷.pdf,2
2018,物理,甘肃,老高考,2024,全国卷,common,新课标全国II卷,present_common,H:\New folder\【新·PDF版】2008-2024·高考物理真题\版本2：物理（按省份分类）2008-2024\2008-2024·（甘肃）物理高考真题\2018年高考物理试卷（新课标Ⅱ）（空白卷）.pdf,papers/2018/物理/全国/新课标全国II卷/2018_物理_甘肃_新课标全国II卷_原卷.pdf,2
2018,物理,青海,老高考,2025,全国卷,common,新课标全国II卷,present_common,H:\New folder\【新·PDF版】2008-2024·高考物理真题\版本2：物理（按省份分类）2008-2024\2008-2024·（青海）物理高考真题\2018年高考物理试卷（新课标Ⅱ）（空白卷）.pdf,papers/2018/物理/全国/新课标全国II卷/2018_物理_青海_新课标全国II卷_原卷.pdf,2
2018,物理,宁夏,老高考,2025,全国卷,common,新课标全国II卷,present_common,H:\New folder\【新·PDF版】2008-2024·高考物理真题\版本2：物理（按省份分类）2008-2024\2010-2024·（宁夏）物理高考真题\2018年高考物理试卷（新课标Ⅱ）（空白卷）.pdf,papers/2018/物理/全国/新课标全国II卷/2018_物理_宁夏_新课标全国II卷_原卷.pdf,2
2018,物理,新疆,老高考,,全国卷,common,新课标全国II卷,present_common,H:\New folder\【新·PDF版】2008-2024·高考物理真题\版本2：物理（按省份分类）2008-2024\2008-2024·（新疆）物理高考真题\2018年高考物理试卷（新课标Ⅱ）（空白卷）.pdf,papers/2018/物理/全国/新课标全国II卷/2018_物理_新疆_新课标全国II卷_原卷.pdf,2
2019,物理,北京,老高考,2020,地方/区域卷,local,北京卷,present_local,H:\New folder\【新·PDF版】2008-2024·高考物理真题\版本2：物理（按省份分类）2008-2024\2008-2024·（北京）物理高考真题\2019年高考物理试卷（北京）（空白卷）.pdf,papers/2019/物理/北京/北京卷/2019_物理_北京_北京卷_原卷.pdf,2
2019,物理,天津,老高考,2020,地方/区域卷,local,天津卷,present_local,H:\New folder\【新·PDF版】2008-2024·高考物理真题\版本2：物理（按省份分类）2008-2024\2008-2023·（天津）物理高考真题\2019年高考物理试卷（天津）（空白卷）.pdf,papers/2019/物理/天津/天津卷/2019_物理_天津_天津卷_原卷.pdf,2
2019,物理,河北,老高考,2021,全国卷,common,新课标全国I卷,present_common,H:\New folder\【新·PDF版】2008-2024·高考物理真题\版本2：物理（按省份分类）2008-2024\2008-2024·（河北）物理高考真题\2019年高考物理试卷（新课标Ⅰ）（空白卷）.pdf,papers/2019/物理/全国/新课标全国I卷/2019_物理_河北_新课标全国I卷_原卷.pdf,2
2019,物理,山西,老高考,2025,全国卷,common,新课标全国I卷,present_common,H:\New folder\【新·PDF版】2008-2024·高考物理真题\版本2：物理（按省份分类）2008-2024\2008-2024·（山西）物理高考真题\2019年高考物理试卷（新课标Ⅰ）（空白卷）.pdf,papers/2019/物理/全国/新课标全国I卷/2019_物理_山西_新课标全国I卷_原卷.pdf,2
2019,物理,内蒙古,老高考,2025,全国卷,common,新课标全国II卷,present_common,H:\New folder\【新·PDF版】2008-2024·高考物理真题\版本2：物理（按省份分类）2008-2024\2008-2024·（内蒙古）物理高考真题\2019年高考物理试卷（新课标Ⅱ）（空白卷）.pdf,papers/2019/物理/全国/新课标全国II卷/2019_物理_内蒙古_新课标全国II卷_原卷.pdf,2
2019,物理,辽宁,老高考,2021,全国卷,common,新课标全国II卷,present_common,H:\New folder\【新·PDF版】2008-2024·高考物理真题\版本2：物理（按省份分类）2008-2024\2010-2024·（辽宁）物理高考真题\2019年高考物理试卷（新课标Ⅱ）（空白卷）.pdf,papers/2019/物理/全国/新课标全国II卷/2019_物理_辽宁_新课标全国II卷_原卷.pdf,2
2019,物理,吉林,老高考,2024,全国卷,common,新课标全国II卷,present_common,H:\New folder\【新·PDF版】2008-2024·高考物理真题\版本2：物理（按省份分类）2008-2024\2008-2024·（吉林）物理高考真题\2019年高考物理试卷（新课标Ⅱ）（空白卷）.pdf,papers/2019/物理/全国/新课标全国II卷/2019_物理_吉林_新课标全国II卷_原卷.pdf,2
2019,物理,黑龙江,老高考,2024,全国卷,common,新课标全国II卷,present_common,H:\New folder\【新·PDF版】2008-2024·高考物理真题\版本2：物理（按省份分类）2008-2024\2008-2024·（黑龙江）物理高考真题\2019年高考物理试卷（新课标Ⅱ）（空白卷）.pdf,papers/2019/物理/全国/新课标全国II卷/2019_物理_黑龙江_新课标全国II卷_原卷.pdf,2
2019,物理,上海,新高考,2017,地方/区域卷,local,上海卷,present_local,H:\New folder\【新·PDF版】2008-2024·高考物理真题\版本2：物理（按省份分类）2008-2024\2008-2024·（上海）物理高考真题\2019年高考物理试卷（上海）（空白卷）.pdf,papers/2019/物理/上海/上海卷/2019_物理_上海_上海卷_原卷.pdf,2
2019,物理,江苏,老高考,2021,地方/区域卷,local,江苏卷,present_local,H:\New folder\【新·PDF版】2008-2024·高考物理真题\版本2：物理（按省份分类）2008-2024\2008-2024·（江苏）物理高考真题\2019年高考物理试卷（江苏）（空白卷）.pdf,papers/2019/物理/江苏/江苏卷/2019_物理_江苏_江苏卷_原卷.pdf,2
2019,物理,浙江,新高考,2017,地方/区域卷,local,浙江卷,present_local,H:\New folder\【新·PDF版】2008-2024·高考物理真题\版本2：物理（按省份分类）2008-2024\2008-2024·（浙江）物理高考真题\2019年高考物理试卷（浙江）（11月）（空白卷）.pdf,papers/2019/物理/浙江/浙江卷/2019_物理_浙江_浙江卷_原卷.pdf,4
2019,物理,安徽,老高考,2024,全国卷,common,新课标全国I卷,present_common,H:\New folder\【新·PDF版】2008-2024·高考物理真题\版本2：物理（按省份分类）2008-2024\2012-2024·（安徽）物理高考真题\2019年高考物理试卷（新课标Ⅰ）（空白卷）.pdf,papers/2019/物理/全国/新课标全国I卷/2019_物理_安徽_新课标全国I卷_原卷.pdf,2
2019,物理,福建,老高考,2021,全国卷,common,新课标全国I卷,present_common,H:\New folder\【新·PDF版】2008-2024·高考物理真题\版本2：物理（按省份分类）2008-2024\2012-2023·（福建）物理高考真题\2019年高考物理试卷（新课标Ⅰ）（空白卷）.pdf,papers/2019/物理/全国/新课标全国I卷/2019_物理_福建_新课标全国I卷_原卷.pdf,2
2019,物理,江西,老高考,2024,全国卷,common,新课标全国I卷,present_common,H:\New folder\【新·PDF版】2008-2024·高考物理真题\版本2：物理（按省份分类）2008-2024\2008-2024·（江西）物理高考真题\2019年高考物理试卷（新课标Ⅰ）（空白卷）.pdf,papers/2019/物理/全国/新课标全国I卷/2019_物理_江西_新课标全国I卷_原卷.pdf,2
2019,物理,山东,老高考,2020,全国卷,common,新课标全国I卷,present_common,H:\New folder\【新·PDF版】2008-2024·高考物理真题\版本2：物理（按省份分类）2008-2024\2008-2024·（山东）物理高考真题\2019年高考物理试卷（新课标Ⅰ）（空白卷）.pdf,papers/2019/物理/全国/新课标全国I卷/2019_物理_山东_新课标全国I卷_原卷.pdf,2
2019,物理,河南,老高考,2025,全国卷,common,新课标全国I卷,present_common,H:\New folder\【新·PDF版】2008-2024·高考物理真题\版本2：物理（按省份分类）2008-2024\2008-2024·（河南）物理高考真题\2019年高考物理试卷（新课标Ⅰ）（空白卷）.pdf,papers/2019/物理/全国/新课标全国I卷/2019_物理_河南_新课标全国I卷_原卷.pdf,2
2019,物理,湖北,老高考,2021,全国卷,common,新课标全国I卷,present_common,H:\New folder\【新·PDF版】2008-2024·高考物理真题\版本2：物理（按省份分类）2008-2024\2008-2024·（湖北）物理高考真题\2019年高考物理试卷（新课标Ⅰ）（空白卷）.pdf,papers/2019/物理/全国/新课标全国I卷/2019_物理_湖北_新课标全国I卷_原卷.pdf,2
2019,物理,湖南,老高考,2021,全国卷,common,新课标全国I卷,present_common,H:\New folder\【新·PDF版】2008-2024·高考物理真题\版本2：物理（按省份分类）2008-2024\2008-2024·（湖南）物理高考真题\2019年高考物理试卷（新课标Ⅰ）（空白卷）.pdf,papers/2019/物理/全国/新课标全国I卷/2019_物理_湖南_新课标全国I卷_原卷.pdf,2
2019,物理,广东,老高考,2021,全国卷,common,新课标全国I卷,present_common,H:\New folder\【新·PDF版】2008-2024·高考物理真题\版本2：物理（按省份分类）2008-2024\2008-2024·（广东）物理高考真题\2019年高考物理试卷（新课标Ⅰ）（空白卷）.pdf,papers/2019/物理/全国/新课标全国I卷/2019_物理_广东_新课标全国I卷_原卷.pdf,2
2019,物理,广西,老高考,2024,全国卷,common,新课标全国III卷,present_common,H:\New folder\【新·PDF版】2008-2024·高考物理真题\版本2：物理（按省份分类）2008-2024\2008-2024·（广西）物理高考真题\2019年高考物理试卷（新课标Ⅲ）（空白卷）.pdf,papers/2019/物理/全国/新课标全国III卷/2019_物理_广西_新课标全国III卷_原卷.pdf,2
2019,物理,海南,老高考,2020,地方/区域卷,local,海南卷,present_local,H:\New folder\【新·PDF版】2008-2024·高考物理真题\版本2：物理（按省份分类）2008-2024\2008-2024·（海南）物理高考真题\2019年高考物理试卷（海南）（空白卷）.pdf,papers/2019/物理/海南/海南卷/2019_物理_海南_海南卷_原卷.pdf,2
2019,物理,重庆,老高考,2021,全国卷,common,新课标全国II卷,present_common,H:\New folder\【新·PDF版】2008-2024·高考物理真题\版本2：物理（按省份分类）2008-2024\2012-2023·（重庆）物理高考真题\2019年高考物理试卷（新课标Ⅱ）（空白卷）.pdf,papers/2019/物理/全国/新课标全国II卷/2019_物理_重庆_新课标全国II卷_原卷.pdf,2
2019,物理,四川,老高考,2025,全国卷,common,新课标全国III卷,present_common,H:\New folder\【新·PDF版】2008-2024·高考物理真题\版本2：物理（按省份分类）2008-2024\2008-2024·（四川）物理高考真题\2019年高考物理试卷（新课标Ⅲ）（空白卷）.pdf,papers/2019/物理/全国/新课标全国III卷/2019_物理_四川_新课标全国III卷_原卷.pdf,2
2019,物理,贵州,老高考,2024,全国卷,common,新课标全国II卷,present_common,H:\New folder\【新·PDF版】2008-2024·高考物理真题\版本2：物理（按省份分类）2008-2024\2008-2023·（贵州）物理高考真题\2019年高考物理试卷（新课标Ⅱ）（空白卷）.pdf,papers/2019/物理/全国/新课标全国II卷/2019_物理_贵州_新课标全国II卷_原卷.pdf,2
2019,物理,云南,老高考,2025,全国卷,common,新课标全国III卷,present_common,H:\New folder\【新·PDF版】2008-2024·高考物理真题\版本2：物理（按省份分类）2008-2024\2008-2024·（云南）物理高考真题\2019年高考物理试卷（新课标Ⅲ）（空白卷）.pdf,papers/2019/物理/全国/新课标全国III卷/2019_物理_云南_新课标全国III卷_原卷.pdf,2
2019,物理,西藏,老高考,,全国卷,common,新课标全国III卷,present_common,H:\New folder\【新·PDF版】2008-2024·高考物理真题\版本2：物理（按省份分类）2008-2024\2008-2024·（西藏）物理高考真题\2019年高考物理试卷（新课标Ⅲ）（空白卷）.pdf,papers/2019/物理/全国/新课标全国III卷/2019_物理_西藏_新课标全国III卷_原卷.pdf,2
2019,物理,陕西,老高考,2025,全国卷,common,新课标全国II卷,present_common,H:\New folder\【新·PDF版】2008-2024·高考物理真题\版本2：物理（按省份分类）2008-2024\2008-2024·（陕西）物理高考真题\2019年高考物理试卷（新课标Ⅱ）（空白卷）.pdf,papers/2019/物理/全国/新课标全国II卷/2019_物理_陕西_新课标全国II卷_原卷.pdf,2
2019,物理,甘肃,老高考,2024,全国卷,common,新课标全国II卷,present_common,H:\New folder\【新·PDF版】2008-2024·高考物理真题\版本2：物理（按省份分类）2008-2024\2008-2024·（甘肃）物理高考真题\2019年高考物理试卷（新课标Ⅱ）（空白卷）.pdf,papers/2019/物理/全国/新课标全国II卷/2019_物理_甘肃_新课标全国II卷_原卷.pdf,2
2019,物理,青海,老高考,2025,全国卷,common,新课标全国II卷,present_common,H:\New folder\【新·PDF版】2008-2024·高考物理真题\版本2：物理（按省份分类）2008-2024\2008-2024·（青海）物理高考真题\2019年高考物理试卷（新课标Ⅱ）（空白卷）.pdf,papers/2019/物理/全国/新课标全国II卷/2019_物理_青海_新课标全国II卷_原卷.pdf,2
2019,物理,宁夏,老高考,2025,全国卷,common,新课标全国II卷,present_common,H:\New folder\【新·PDF版】2008-2024·高考物理真题\版本2：物理（按省份分类）2008-2024\2010-2024·（宁夏）物理高考真题\2019年高考物理试卷（新课标Ⅱ）（空白卷）.pdf,papers/2019/物理/全国/新课标全国II卷/2019_物理_宁夏_新课标全国II卷_原卷.pdf,2
2019,物理,新疆,老高考,,全国卷,common,新课标全国II卷,present_common,H:\New folder\【新·PDF版】2008-2024·高考物理真题\版本2：物理（按省份分类）2008-2024\2008-2024·（新疆）物理高考真题\2019年高考物理试卷（新课标Ⅱ）（空白卷）.pdf,papers/2019/物理/全国/新课标全国II卷/2019_物理_新疆_新课标全国II卷_原卷.pdf,2
2020,物理,北京,新高考,2020,地方/区域卷,local,北京卷,present_local,H:\New folder\【新·PDF版】2008-2024·高考物理真题\版本2：物理（按省份分类）2008-2024\2008-2024·（北京）物理高考真题\2020年高考物理试卷（北京）（空白卷）.pdf,papers/2020/物理/北京/北京卷/2020_物理_北京_北京卷_原卷.pdf,2
2020,物理,天津,新高考,2020,地方/区域卷,local,天津卷,present_local,H:\New folder\【新·PDF版】2008-2024·高考物理真题\版本2：物理（按省份分类）2008-2024\2008-2023·（天津）物理高考真题\2020年高考物理试卷（天津）（空白卷）.pdf,papers/2020/物理/天津/天津卷/2020_物理_天津_天津卷_原卷.pdf,2
2020,物理,河北,老高考,2021,全国卷,common,新课标全国I卷,present_common,H:\New folder\【新·PDF版】2008-2024·高考物理真题\版本2：物理（按省份分类）2008-2024\2008-2024·（河北）物理高考真题\2020年高考物理试卷（新课标Ⅰ）（空白卷）.pdf,papers/2020/物理/全国/新课标全国I卷/2020_物理_河北_新课标全国I卷_原卷.pdf,2
2020,物理,山西,老高考,2025,全国卷,common,新课标全国I卷,present_common,H:\New folder\【新·PDF版】2008-2024·高考物理真题\版本2：物理（按省份分类）2008-2024\2008-2024·（山西）物理高考真题\2020年高考物理试卷（新课标Ⅰ）（空白卷）.pdf,papers/2020/物理/全国/新课标全国I卷/2020_物理_山西_新课标全国I卷_原卷.pdf,2
2020,物理,内蒙古,老高考,2025,全国卷,common,新课标全国II卷,present_common,H:\New folder\【新·PDF版】2008-2024·高考物理真题\版本2：物理（按省份分类）2008-2024\2008-2024·（内蒙古）物理高考真题\2020年高考物理试卷（新课标Ⅱ）（空白卷）.pdf,papers/2020/物理/全国/新课标全国II卷/2020_物理_内蒙古_新课标全国II卷_原卷.pdf,2
2020,物理,辽宁,老高考,2021,全国卷,common,新课标全国II卷,present_common,H:\New folder\【新·PDF版】2008-2024·高考物理真题\版本2：物理（按省份分类）2008-2024\2010-2024·（辽宁）物理高考真题\2020年高考物理试卷（新课标Ⅱ）（空白卷）.pdf,papers/2020/物理/全国/新课标全国II卷/2020_物理_辽宁_新课标全国II卷_原卷.pdf,2
2020,物理,吉林,老高考,2024,全国卷,common,新课标全国II卷,present_common,H:\New folder\【新·PDF版】2008-2024·高考物理真题\版本2：物理（按省份分类）2008-2024\2008-2024·（吉林）物理高考真题\2020年高考物理试卷（新课标Ⅱ）（空白卷）.pdf,papers/2020/物理/全国/新课标全国II卷/2020_物理_吉林_新课标全国II卷_原卷.pdf,2
2020,物理,黑龙江,老高考,2024,全国卷,common,新课标全国II卷,present_common,H:\New folder\【新·PDF版】2008-2024·高考物理真题\版本2：物理（按省份分类）2008-2024\2008-2024·（黑龙江）物理高考真题\2020年高考物理试卷（新课标Ⅱ）（空白卷）.pdf,papers/2020/物理/全国/新课标全国II卷/2020_物理_黑龙江_新课标全国II卷_原卷.pdf,2
2020,物理,上海,新高考,2017,地方/区域卷,local,上海卷,present_local,H:\New folder\【新·PDF版】2008-2024·高考物理真题\版本2：物理（按省份分类）2008-2024\2008-2024·（上海）物理高考真题\2020年高考物理试卷（上海）（空白卷）.pdf,papers/2020/物理/上海/上海卷/2020_物理_上海_上海卷_原卷.pdf,2
2020,物理,江苏,老高考,2021,地方/区域卷,local,江苏卷,present_local,H:\New folder\【新·PDF版】2008-2024·高考物理真题\版本2：物理（按省份分类）2008-2024\2008-2024·（江苏）物理高考真题\2020年高考物理试卷（江苏）（空白卷）.pdf,papers/2020/物理/江苏/江苏卷/2020_物理_江苏_江苏卷_原卷.pdf,2
2020,物理,浙江,新高考,2017,地方/区域卷,local,浙江卷,present_local,H:\New folder\【新·PDF版】2008-2024·高考物理真题\版本2：物理（按省份分类）2008-2024\2008-2024·（浙江）物理高考真题\2020年高考物理试卷（浙江）（1月）（空白卷）.pdf,papers/2020/物理/浙江/浙江卷/2020_物理_浙江_浙江卷_原卷.pdf,4
2020,物理,安徽,老高考,2024,全国卷,common,新课标全国I卷,present_common,H:\New folder\【新·PDF版】2008-2024·高考物理真题\版本2：物理（按省份分类）2008-2024\2012-2024·（安徽）物理高考真题\2020年高考物理试卷（新课标Ⅰ）（空白卷）.pdf,papers/2020/物理/全国/新课标全国I卷/2020_物理_安徽_新课标全国I卷_原卷.pdf,2
2020,物理,福建,老高考,2021,全国卷,common,新课标全国I卷,present_common,H:\New folder\【新·PDF版】2008-2024·高考物理真题\版本2：物理（按省份分类）2008-2024\2012-2023·（福建）物理高考真题\2020年高考物理试卷（新课标Ⅰ）（空白卷）.pdf,papers/2020/物理/全国/新课标全国I卷/2020_物理_福建_新课标全国I卷_原卷.pdf,2
2020,物理,江西,老高考,2024,全国卷,common,新课标全国I卷,present_common,H:\New folder\【新·PDF版】2008-2024·高考物理真题\版本2：物理（按省份分类）2008-2024\2008-2024·（江西）物理高考真题\2020年高考物理试卷（新课标Ⅰ）（空白卷）.pdf,papers/2020/物理/全国/新课标全国I卷/2020_物理_江西_新课标全国I卷_原卷.pdf,2
2020,物理,山东,新高考,2020,地方/区域卷,local,山东卷,present_local,H:\New folder\【新·PDF版】2008-2024·高考物理真题\版本2：物理（按省份分类）2008-2024\2008-2024·（山东）物理高考真题\2020年高考物理试卷（山东）（空白卷）.pdf,papers/2020/物理/山东/山东卷/2020_物理_山东_山东卷_原卷.pdf,2
2020,物理,河南,老高考,2025,全国卷,common,新课标全国I卷,present_common,H:\New folder\【新·PDF版】2008-2024·高考物理真题\版本2：物理（按省份分类）2008-2024\2008-2024·（河南）物理高考真题\2020年高考物理试卷（新课标Ⅰ）（空白卷）.pdf,papers/2020/物理/全国/新课标全国I卷/2020_物理_河南_新课标全国I卷_原卷.pdf,2
2020,物理,湖北,老高考,2021,全国卷,common,新课标全国I卷,present_common,H:\New folder\【新·PDF版】2008-2024·高考物理真题\版本2：物理（按省份分类）2008-2024\2008-2024·（湖北）物理高考真题\2020年高考物理试卷（新课标Ⅰ）（空白卷）.pdf,papers/2020/物理/全国/新课标全国I卷/2020_物理_湖北_新课标全国I卷_原卷.pdf,2
2020,物理,湖南,老高考,2021,全国卷,common,新课标全国I卷,present_common,H:\New folder\【新·PDF版】2008-2024·高考物理真题\版本2：物理（按省份分类）2008-2024\2008-2024·（湖南）物理高考真题\2020年高考物理试卷（新课标Ⅰ）（空白卷）.pdf,papers/2020/物理/全国/新课标全国I卷/2020_物理_湖南_新课标全国I卷_原卷.pdf,2
2020,物理,广东,老高考,2021,全国卷,common,新课标全国I卷,present_common,H:\New folder\【新·PDF版】2008-2024·高考物理真题\版本2：物理（按省份分类）2008-2024\2008-2024·（广东）物理高考真题\2020年高考物理试卷（新课标Ⅰ）（空白卷）.pdf,papers/2020/物理/全国/新课标全国I卷/2020_物理_广东_新课标全国I卷_原卷.pdf,2
2020,物理,广西,老高考,2024,全国卷,common,新课标全国III卷,present_common,H:\New folder\【新·PDF版】2008-2024·高考物理真题\版本2：物理（按省份分类）2008-2024\2008-2024·（广西）物理高考真题\2020年高考物理试卷（新课标Ⅲ）（空白卷）.pdf,papers/2020/物理/全国/新课标全国III卷/2020_物理_广西_新课标全国III卷_原卷.pdf,2
2020,物理,海南,新高考,2020,地方/区域卷,local,海南卷,present_local,H:\New folder\【新·PDF版】2008-2024·高考物理真题\版本2：物理（按省份分类）2008-2024\2008-2024·（海南）物理高考真题\2020年高考物理试卷（海南）（空白卷）.pdf,papers/2020/物理/海南/海南卷/2020_物理_海南_海南卷_原卷.pdf,2
2020,物理,重庆,老高考,2021,全国卷,common,新课标全国II卷,present_common,H:\New folder\【新·PDF版】2008-2024·高考物理真题\版本2：物理（按省份分类）2008-2024\2012-2023·（重庆）物理高考真题\2020年高考物理试卷（新课标Ⅱ）（空白卷）.pdf,papers/2020/物理/全国/新课标全国II卷/2020_物理_重庆_新课标全国II卷_原卷.pdf,2
2020,物理,四川,老高考,2025,全国卷,common,新课标全国III卷,present_common,H:\New folder\【新·PDF版】2008-2024·高考物理真题\版本2：物理（按省份分类）2008-2024\2008-2024·（四川）物理高考真题\2020年高考物理试卷（新课标Ⅲ）（空白卷）.pdf,papers/2020/物理/全国/新课标全国III卷/2020_物理_四川_新课标全国III卷_原卷.pdf,2
2020,物理,贵州,老高考,2024,全国卷,common,新课标全国III卷,present_common,H:\New folder\【新·PDF版】2008-2024·高考物理真题\版本2：物理（按省份分类）2008-2024\2008-2023·（贵州）物理高考真题\2020年高考物理试卷（新课标Ⅲ）（空白卷）.pdf,papers/2020/物理/全国/新课标全国III卷/2020_物理_贵州_新课标全国III卷_原卷.pdf,2
2020,物理,云南,老高考,2025,全国卷,common,新课标全国III卷,present_common,H:\New folder\【新·PDF版】2008-2024·高考物理真题\版本2：物理（按省份分类）2008-2024\2008-2024·（云南）物理高考真题\2020年高考物理试卷（新课标Ⅲ）（空白卷）.pdf,papers/2020/物理/全国/新课标全国III卷/2020_物理_云南_新课标全国III卷_原卷.pdf,2
2020,物理,西藏,老高考,,全国卷,common,新课标全国III卷,present_common,H:\New folder\【新·PDF版】2008-2024·高考物理真题\版本2：物理（按省份分类）2008-2024\2008-2024·（西藏）物理高考真题\2020年高考物理试卷（新课标Ⅲ）（空白卷）.pdf,papers/2020/物理/全国/新课标全国III卷/2020_物理_西藏_新课标全国III卷_原卷.pdf,2
2020,物理,陕西,老高考,2025,全国卷,common,新课标全国II卷,present_common,H:\New folder\【新·PDF版】2008-2024·高考物理真题\版本2：物理（按省份分类）2008-2024\2008-2024·（陕西）物理高考真题\2020年高考物理试卷（新课标Ⅱ）（空白卷）.pdf,papers/2020/物理/全国/新课标全国II卷/2020_物理_陕西_新课标全国II卷_原卷.pdf,2
2020,物理,甘肃,老高考,2024,全国卷,common,新课标全国II卷,present_common,H:\New folder\【新·PDF版】2008-2024·高考物理真题\版本2：物理（按省份分类）2008-2024\2008-2024·（甘肃）物理高考真题\2020年高考物理试卷（新课标Ⅱ）（空白卷）.pdf,papers/2020/物理/全国/新课标全国II卷/2020_物理_甘肃_新课标全国II卷_原卷.pdf,2
2020,物理,青海,老高考,2025,全国卷,common,新课标全国II卷,present_common,H:\New folder\【新·PDF版】2008-2024·高考物理真题\版本2：物理（按省份分类）2008-2024\2008-2024·（青海）物理高考真题\2020年高考物理试卷（新课标Ⅱ）（空白卷）.pdf,papers/2020/物理/全国/新课标全国II卷/2020_物理_青海_新课标全国II卷_原卷.pdf,2
2020,物理,宁夏,老高考,2025,全国卷,common,新课标全国II卷,present_common,H:\New folder\【新·PDF版】2008-2024·高考物理真题\版本2：物理（按省份分类）2008-2024\2010-2024·（宁夏）物理高考真题\2020年高考物理试卷（新课标Ⅱ）（空白卷）.pdf,papers/2020/物理/全国/新课标全国II卷/2020_物理_宁夏_新课标全国II卷_原卷.pdf,2
2020,物理,新疆,老高考,,全国卷,common,新课标全国II卷,present_common,H:\New folder\【新·PDF版】2008-2024·高考物理真题\版本2：物理（按省份分类）2008-2024\2008-2024·（新疆）物理高考真题\2020年高考物理试卷（新课标Ⅱ）（空白卷）.pdf,papers/2020/物理/全国/新课标全国II卷/2020_物理_新疆_新课标全国II卷_原卷.pdf,2
2021,物理,北京,新高考,2020,地方/区域卷,local,北京卷,present_local,H:\New folder\【新·PDF版】2008-2024·高考物理真题\版本2：物理（按省份分类）2008-2024\2008-2024·（北京）物理高考真题\2021年高考物理试卷（北京）（空白卷）.pdf,papers/2021/物理/北京/北京卷/2021_物理_北京_北京卷_原卷.pdf,2
2021,物理,天津,新高考,2020,地方/区域卷,local,天津卷,present_local,H:\New folder\【新·PDF版】2008-2024·高考物理真题\版本2：物理（按省份分类）2008-2024\2008-2023·（天津）物理高考真题\2021年高考物理试卷（天津）（空白卷）.pdf,papers/2021/物理/天津/天津卷/2021_物理_天津_天津卷_原卷.pdf,2
2021,物理,河北,新高考,2021,地方/区域卷,local,河北卷,present_local,H:\New folder\【新·PDF版】2008-2024·高考物理真题\版本2：物理（按省份分类）2008-2024\2008-2024·（河北）物理高考真题\2021年高考物理试卷（河北）（空白卷）.pdf,papers/2021/物理/河北/河北卷/2021_物理_河北_河北卷_原卷.pdf,2
2021,物理,山西,老高考,2025,全国卷,common,全国乙卷,present_common,H:\New folder\【新·PDF版】2008-2024·高考物理真题\版本2：物理（按省份分类）2008-2024\2008-2024·（山西）物理高考真题\2021年高考物理试卷（全国乙卷）（空白卷）.pdf,papers/2021/物理/全国/全国乙卷/2021_物理_山西_全国乙卷_原卷.pdf,2
2021,物理,内蒙古,老高考,2025,全国卷,common,全国乙卷,present_common,H:\New folder\【新·PDF版】2008-2024·高考物理真题\版本2：物理（按省份分类）2008-2024\2008-2024·（内蒙古）物理高考真题\2021年高考物理试卷（全国乙卷）（空白卷）.pdf,papers/2021/物理/全国/全国乙卷/2021_物理_内蒙古_全国乙卷_原卷.pdf,2
2021,物理,辽宁,新高考,2021,地方/区域卷,local,辽宁卷,present_local,H:\New folder\【新·PDF版】2008-2024·高考物理真题\版本2：物理（按省份分类）2008-2024\2010-2024·（辽宁）物理高考真题\2021年高考物理试卷（辽宁）（空白卷）.pdf,papers/2021/物理/辽宁/辽宁卷/2021_物理_辽宁_辽宁卷_原卷.pdf,2
2021,物理,吉林,老高考,2024,全国卷,common,全国乙卷,present_common,H:\New folder\【新·PDF版】2008-2024·高考物理真题\版本2：物理（按省份分类）2008-2024\2008-2024·（吉林）物理高考真题\2021年高考物理试卷（全国乙卷）（空白卷）.pdf,papers/2021/物理/全国/全国乙卷/2021_物理_吉林_全国乙卷_原卷.pdf,2
2021,物理,黑龙江,老高考,2024,全国卷,common,全国乙卷,present_common,H:\New folder\【新·PDF版】2008-2024·高考物理真题\版本2：物理（按省份分类）2008-2024\2008-2024·（黑龙江）物理高考真题\2021年高考物理试卷（全国乙卷）（空白卷）.pdf,papers/2021/物理/全国/全国乙卷/2021_物理_黑龙江_全国乙卷_原卷.pdf,2
2021,物理,上海,新高考,2017,地方/区域卷,local,上海卷,present_local,H:\New folder\【新·PDF版】2008-2024·高考物理真题\版本2：物理（按省份分类）2008-2024\2008-2024·（上海）物理高考真题\2021年高考物理试卷（上海）（空白卷）.pdf,papers/2021/物理/上海/上海卷/2021_物理_上海_上海卷_原卷.pdf,2
2021,物理,江苏,新高考,2021,地方/区域卷,local,江苏卷,present_local,H:\New folder\【新·PDF版】2008-2024·高考物理真题\版本2：物理（按省份分类）2008-2024\2008-2024·（江苏）物理高考真题\2021年高考物理试卷（江苏）（空白卷）.pdf,papers/2021/物理/江苏/江苏卷/2021_物理_江苏_江苏卷_原卷.pdf,2
2021,物理,浙江,新高考,2017,地方/区域卷,local,浙江卷,present_local,H:\New folder\【新·PDF版】2008-2024·高考物理真题\版本2：物理（按省份分类）2008-2024\2008-2024·（浙江）物理高考真题\2021年高考物理试卷（浙江）（1月）（空白卷）.pdf,papers/2021/物理/浙江/浙江卷/2021_物理_浙江_浙江卷_原卷.pdf,4
2021,物理,安徽,老高考,2024,全国卷,common,全国乙卷,present_common,H:\New folder\【新·PDF版】2008-2024·高考物理真题\版本2：物理（按省份分类）2008-2024\2012-2024·（安徽）物理高考真题\2021年高考物理试卷（全国乙卷）（空白卷）.pdf,papers/2021/物理/全国/全国乙卷/2021_物理_安徽_全国乙卷_原卷.pdf,2
2021,物理,福建,新高考,2021,地方/区域卷,local,福建卷,present_local,H:\New folder\【新·PDF版】2008-2024·高考物理真题\版本2：物理（按省份分类）2008-2024\2012-2023·（福建）物理高考真题\2021年高考物理试卷（福建）（空白卷）.pdf,papers/2021/物理/福建/福建卷/2021_物理_福建_福建卷_原卷.pdf,2
2021,物理,江西,老高考,2024,全国卷,common,全国乙卷,present_common,H:\New folder\【新·PDF版】2008-2024·高考物理真题\版本2：物理（按省份分类）2008-2024\2008-2024·（江西）物理高考真题\2021年高考物理试卷（全国乙卷）（空白卷）.pdf,papers/2021/物理/全国/全国乙卷/2021_物理_江西_全国乙卷_原卷.pdf,2
2021,物理,山东,新高考,2020,地方/区域卷,local,山东卷,present_local,H:\New folder\【新·PDF版】2008-2024·高考物理真题\版本2：物理（按省份分类）2008-2024\2008-2024·（山东）物理高考真题\2021年高考物理试卷（山东）（空白卷）.pdf,papers/2021/物理/山东/山东卷/2021_物理_山东_山东卷_原卷.pdf,2
2021,物理,河南,老高考,2025,全国卷,common,全国乙卷,present_common,H:\New folder\【新·PDF版】2008-2024·高考物理真题\版本2：物理（按省份分类）2008-2024\2008-2024·（河南）物理高考真题\2021年高考物理试卷（全国乙卷）（空白卷）.pdf,papers/2021/物理/全国/全国乙卷/2021_物理_河南_全国乙卷_原卷.pdf,2
2021,物理,湖北,新高考,2021,地方/区域卷,local,湖北卷,present_local,H:\New folder\【新·PDF版】2008-2024·高考物理真题\版本2：物理（按省份分类）2008-2024\2008-2024·（湖北）物理高考真题\2021年高考物理试卷（湖北自主命题）（空白卷）.pdf,papers/2021/物理/湖北/湖北卷/2021_物理_湖北_湖北卷_原卷.pdf,2
2021,物理,湖南,新高考,2021,地方/区域卷,local,湖南卷,present_local,H:\New folder\【新·PDF版】2008-2024·高考物理真题\版本2：物理（按省份分类）2008-2024\2008-2024·（湖南）物理高考真题\2021年高考物理试卷（湖南）（空白卷）.pdf,papers/2021/物理/湖南/湖南卷/2021_物理_湖南_湖南卷_原卷.pdf,2
2021,物理,广东,新高考,2021,地方/区域卷,local,广东卷,present_local,H:\New folder\【新·PDF版】2008-2024·高考物理真题\版本2：物理（按省份分类）2008-2024\2008-2024·（广东）物理高考真题\2021年高考物理试卷（广东）（空白卷）.pdf,papers/2021/物理/广东/广东卷/2021_物理_广东_广东卷_原卷.pdf,2
2021,物理,广西,老高考,2024,全国卷,common,全国甲卷,present_common,H:\New folder\【新·PDF版】2008-2024·高考物理真题\版本2：物理（按省份分类）2008-2024\2008-2024·（广西）物理高考真题\2021年高考物理试卷（全国甲卷）（空白卷）.pdf,papers/2021/物理/全国/全国甲卷/2021_物理_广西_全国甲卷_原卷.pdf,2
2021,物理,海南,新高考,2020,地方/区域卷,local,海南卷,present_local,H:\New folder\【新·PDF版】2008-2024·高考物理真题\版本2：物理（按省份分类）2008-2024\2008-2024·（海南）物理高考真题\2021年高考物理试卷（海南）（空白卷）.pdf,papers/2021/物理/海南/海南卷/2021_物理_海南_海南卷_原卷.pdf,2
2021,物理,重庆,新高考,2021,地方/区域卷,local,重庆卷,present_local,H:\New folder\【新·PDF版】2008-2024·高考物理真题\版本2：物理（按省份分类）2008-2024\2012-2023·（重庆）物理高考真题\2021年高考物理试卷（重庆）（空白卷）.pdf,papers/2021/物理/重庆/重庆卷/2021_物理_重庆_重庆卷_原卷.pdf,2
2021,物理,四川,老高考,2025,全国卷,common,全国甲卷,present_common,H:\New folder\【新·PDF版】2008-2024·高考物理真题\版本2：物理（按省份分类）2008-2024\2008-2024·（四川）物理高考真题\2021年高考物理试卷（全国甲卷）（空白卷）.pdf,papers/2021/物理/全国/全国甲卷/2021_物理_四川_全国甲卷_原卷.pdf,2
2021,物理,贵州,老高考,2024,全国卷,common,全国甲卷,present_common,H:\New folder\【新·PDF版】2008-2024·高考物理真题\版本2：物理（按省份分类）2008-2024\2008-2023·（贵州）物理高考真题\2021年高考物理试卷（全国甲卷）（空白卷）.pdf,papers/2021/物理/全国/全国甲卷/2021_物理_贵州_全国甲卷_原卷.pdf,2
2021,物理,云南,老高考,2025,全国卷,common,全国甲卷,present_common,H:\New folder\【新·PDF版】2008-2024·高考物理真题\版本2：物理（按省份分类）2008-2024\2008-2024·（云南）物理高考真题\2021年高考物理试卷（全国甲卷）（空白卷）.pdf,papers/2021/物理/全国/全国甲卷/2021_物理_云南_全国甲卷_原卷.pdf,2
2021,物理,西藏,老高考,,全国卷,common,全国甲卷,present_common,H:\New folder\【新·PDF版】2008-2024·高考物理真题\版本2：物理（按省份分类）2008-2024\2008-2024·（西藏）物理高考真题\2021年高考物理试卷（全国甲卷）（空白卷）.pdf,papers/2021/物理/全国/全国甲卷/2021_物理_西藏_全国甲卷_原卷.pdf,2
2021,物理,陕西,老高考,2025,全国卷,common,全国乙卷,present_common,H:\New folder\【新·PDF版】2008-2024·高考物理真题\版本2：物理（按省份分类）2008-2024\2008-2024·（陕西）物理高考真题\2021年高考物理试卷（全国乙卷）（空白卷）.pdf,papers/2021/物理/全国/全国乙卷/2021_物理_陕西_全国乙卷_原卷.pdf,2
2021,物理,甘肃,老高考,2024,全国卷,common,全国乙卷,present_common,H:\New folder\【新·PDF版】2008-2024·高考物理真题\版本2：物理（按省份分类）2008-2024\2008-2024·（甘肃）物理高考真题\2021年高考物理试卷（全国乙卷）（空白卷）.pdf,papers/2021/物理/全国/全国乙卷/2021_物理_甘肃_全国乙卷_原卷.pdf,2
2021,物理,青海,老高考,2025,全国卷,common,全国乙卷,present_common,H:\New folder\【新·PDF版】2008-2024·高考物理真题\版本2：物理（按省份分类）2008-2024\2008-2024·（青海）物理高考真题\2021年高考物理试卷（全国乙卷）（空白卷）.pdf,papers/2021/物理/全国/全国乙卷/2021_物理_青海_全国乙卷_原卷.pdf,2
2021,物理,宁夏,老高考,2025,全国卷,common,全国乙卷,present_common,H:\New folder\【新·PDF版】2008-2024·高考物理真题\版本2：物理（按省份分类）2008-2024\2010-2024·（宁夏）物理高考真题\2021年高考物理试卷（全国乙卷）（空白卷）.pdf,papers/2021/物理/全国/全国乙卷/2021_物理_宁夏_全国乙卷_原卷.pdf,2
2021,物理,新疆,老高考,,全国卷,common,全国乙卷,present_common,H:\New folder\【新·PDF版】2008-2024·高考物理真题\版本2：物理（按省份分类）2008-2024\2008-2024·（新疆）物理高考真题\2021年高考物理试卷（全国乙卷）（空白卷）.pdf,papers/2021/物理/全国/全国乙卷/2021_物理_新疆_全国乙卷_原卷.pdf,2
2022,物理,北京,新高考,2020,地方/区域卷,local,北京卷,present_local,H:\New folder\【新·PDF版】2008-2024·高考物理真题\版本2：物理（按省份分类）2008-2024\2008-2024·（北京）物理高考真题\2022年高考物理试卷（北京）（空白卷）.pdf,papers/2022/物理/北京/北京卷/2022_物理_北京_北京卷_原卷.pdf,2
2022,物理,天津,新高考,2020,地方/区域卷,local,天津卷,present_local,H:\New folder\【新·PDF版】2008-2024·高考物理真题\版本2：物理（按省份分类）2008-2024\2008-2023·（天津）物理高考真题\2022年高考物理试卷（天津）（缺第2-4题）（空白卷）.pdf,papers/2022/物理/天津/天津卷/2022_物理_天津_天津卷_原卷.pdf,2
2022,物理,河北,新高考,2021,地方/区域卷,local,河北卷,present_local,H:\New folder\【新·PDF版】2008-2024·高考物理真题\版本2：物理（按省份分类）2008-2024\2008-2024·（河北）物理高考真题\2022年高考物理试卷（河北）（空白卷）.pdf,papers/2022/物理/河北/河北卷/2022_物理_河北_河北卷_原卷.pdf,2
2022,物理,山西,老高考,2025,全国卷,common,全国乙卷,present_common,H:\New folder\【新·PDF版】2008-2024·高考物理真题\版本2：物理（按省份分类）2008-2024\2008-2024·（山西）物理高考真题\2022年高考物理试卷（全国乙卷）（空白卷）.pdf,papers/2022/物理/全国/全国乙卷/2022_物理_山西_全国乙卷_原卷.pdf,2
2022,物理,内蒙古,老高考,2025,全国卷,common,全国乙卷,present_common,H:\New folder\【新·PDF版】2008-2024·高考物理真题\版本2：物理（按省份分类）2008-2024\2008-2024·（内蒙古）物理高考真题\2022年高考物理试卷（全国乙卷）（空白卷）.pdf,papers/2022/物理/全国/全国乙卷/2022_物理_内蒙古_全国乙卷_原卷.pdf,2
2022,物理,辽宁,新高考,2021,地方/区域卷,local,辽宁卷,present_local,H:\New folder\【新·PDF版】2008-2024·高考物理真题\版本2：物理（按省份分类）2008-2024\2010-2024·（辽宁）物理高考真题\2022年高考物理试卷（辽宁）（空白卷）.pdf,papers/2022/物理/辽宁/辽宁卷/2022_物理_辽宁_辽宁卷_原卷.pdf,2
2022,物理,吉林,老高考,2024,全国卷,common,全国乙卷,present_common,H:\New folder\【新·PDF版】2008-2024·高考物理真题\版本2：物理（按省份分类）2008-2024\2008-2024·（吉林）物理高考真题\2022年高考物理试卷（全国乙卷）（空白卷）.pdf,papers/2022/物理/全国/全国乙卷/2022_物理_吉林_全国乙卷_原卷.pdf,2
2022,物理,黑龙江,老高考,2024,全国卷,common,全国乙卷,present_common,H:\New folder\【新·PDF版】2008-2024·高考物理真题\版本2：物理（按省份分类）2008-2024\2008-2024·（黑龙江）物理高考真题\2022年高考物理试卷（全国乙卷）（空白卷）.pdf,papers/2022/物理/全国/全国乙卷/2022_物理_黑龙江_全国乙卷_原卷.pdf,2
2022,物理,上海,新高考,2017,地方/区域卷,local,上海卷,present_local,H:\New folder\【新·PDF版】2008-2024·高考物理真题\版本2：物理（按省份分类）2008-2024\2008-2024·（上海）物理高考真题\2022年高考物理试卷（上海）（空白卷）.pdf,papers/2022/物理/上海/上海卷/2022_物理_上海_上海卷_原卷.pdf,2
2022,物理,江苏,新高考,2021,地方/区域卷,local,江苏卷,present_local,H:\New folder\【新·PDF版】2008-2024·高考物理真题\版本2：物理（按省份分类）2008-2024\2008-2024·（江苏）物理高考真题\2022年高考物理试卷（江苏）（空白卷）.pdf,papers/2022/物理/江苏/江苏卷/2022_物理_江苏_江苏卷_原卷.pdf,2
2022,物理,浙江,新高考,2017,地方/区域卷,local,浙江卷,present_local,H:\New folder\【新·PDF版】2008-2024·高考物理真题\版本2：物理（按省份分类）2008-2024\2008-2024·（浙江）物理高考真题\2022年高考物理试卷（浙江）（1月）（空白卷）.pdf,papers/2022/物理/浙江/浙江卷/2022_物理_浙江_浙江卷_原卷.pdf,4
2022,物理,安徽,老高考,2024,全国卷,common,全国乙卷,present_common,H:\New folder\【新·PDF版】2008-2024·高考物理真题\版本2：物理（按省份分类）2008-2024\2012-2024·（安徽）物理高考真题\2022年高考物理试卷（全国乙卷）（空白卷）.pdf,papers/2022/物理/全国/全国乙卷/2022_物理_安徽_全国乙卷_原卷.pdf,2
2022,物理,福建,新高考,2021,地方/区域卷,local,福建卷,present_local,H:\New folder\【新·PDF版】2008-2024·高考物理真题\版本2：物理（按省份分类）2008-2024\2012-2023·（福建）物理高考真题\2022年高考物理试卷（福建）（空白卷）.pdf,papers/2022/物理/福建/福建卷/2022_物理_福建_福建卷_原卷.pdf,2
2022,物理,江西,老高考,2024,全国卷,common,全国乙卷,present_common,H:\New folder\【新·PDF版】2008-2024·高考物理真题\版本2：物理（按省份分类）2008-2024\2008-2024·（江西）物理高考真题\2022年高考物理试卷（全国乙卷）（空白卷）.pdf,papers/2022/物理/全国/全国乙卷/2022_物理_江西_全国乙卷_原卷.pdf,2
2022,物理,山东,新高考,2020,地方/区域卷,local,山东卷,present_local,H:\New folder\【新·PDF版】2008-2024·高考物理真题\版本2：物理（按省份分类）2008-2024\2008-2024·（山东）物理高考真题\2022年高考物理试卷（山东）（空白卷）.pdf,papers/2022/物理/山东/山东卷/2022_物理_山东_山东卷_原卷.pdf,2
2022,物理,河南,老高考,2025,全国卷,common,全国乙卷,present_common,H:\New folder\【新·PDF版】2008-2024·高考物理真题\版本2：物理（按省份分类）2008-2024\2008-2024·（河南）物理高考真题\2022年高考物理试卷（全国乙卷）（空白卷）.pdf,papers/2022/物理/全国/全国乙卷/2022_物理_河南_全国乙卷_原卷.pdf,2
2022,物理,湖北,新高考,2021,地方/区域卷,local,湖北卷,present_local,H:\New folder\【新·PDF版】2008-2024·高考物理真题\版本2：物理（按省份分类）2008-2024\2008-2024·（湖北）物理高考真题\2022年高考物理试卷（湖北自主命题）（空白卷）.pdf,papers/2022/物理/湖北/湖北卷/2022_物理_湖北_湖北卷_原卷.pdf,2
2022,物理,湖南,新高考,2021,地方/区域卷,local,湖南卷,present_local,H:\New folder\【新·PDF版】2008-2024·高考物理真题\版本2：物理（按省份分类）2008-2024\2008-2024·（湖南）物理高考真题\2022年高考物理试卷（湖南）（空白卷）.pdf,papers/2022/物理/湖南/湖南卷/2022_物理_湖南_湖南卷_原卷.pdf,2
2022,物理,广东,新高考,2021,地方/区域卷,local,广东卷,present_local,H:\New folder\【新·PDF版】2008-2024·高考物理真题\版本2：物理（按省份分类）2008-2024\2008-2024·（广东）物理高考真题\2022年高考物理试卷（广东）（空白卷）.pdf,papers/2022/物理/广东/广东卷/2022_物理_广东_广东卷_原卷.pdf,2
2022,物理,广西,老高考,2024,全国卷,common,全国甲卷,present_common,H:\New folder\【新·PDF版】2008-2024·高考物理真题\版本2：物理（按省份分类）2008-2024\2008-2024·（广西）物理高考真题\2022年高考物理试卷（全国甲卷）（空白卷）.pdf,papers/2022/物理/全国/全国甲卷/2022_物理_广西_全国甲卷_原卷.pdf,2
2022,物理,海南,新高考,2020,地方/区域卷,local,海南卷,present_local,H:\New folder\【新·PDF版】2008-2024·高考物理真题\版本2：物理（按省份分类）2008-2024\2008-2024·（海南）物理高考真题\2022年高考物理试卷（海南）（缺第6题和12题）（空白卷）.pdf,papers/2022/物理/海南/海南卷/2022_物理_海南_海南卷_原卷.pdf,2
2022,物理,重庆,新高考,2021,地方/区域卷,local,重庆卷,present_local,H:\New folder\【新·PDF版】2008-2024·高考物理真题\版本2：物理（按省份分类）2008-2024\2012-2023·（重庆）物理高考真题\2022年高考物理试卷（重庆）（空白卷）.pdf,papers/2022/物理/重庆/重庆卷/2022_物理_重庆_重庆卷_原卷.pdf,2
2022,物理,四川,老高考,2025,全国卷,common,全国甲卷,present_common,H:\New folder\【新·PDF版】2008-2024·高考物理真题\版本2：物理（按省份分类）2008-2024\2008-2024·（四川）物理高考真题\2022年高考物理试卷（全国甲卷）（空白卷）.pdf,papers/2022/物理/全国/全国甲卷/2022_物理_四川_全国甲卷_原卷.pdf,2
2022,物理,贵州,老高考,2024,全国卷,common,全国甲卷,present_common,H:\New folder\【新·PDF版】2008-2024·高考物理真题\版本2：物理（按省份分类）2008-2024\2008-2023·（贵州）物理高考真题\2022年高考物理试卷（全国甲卷）（空白卷）.pdf,papers/2022/物理/全国/全国甲卷/2022_物理_贵州_全国甲卷_原卷.pdf,2
2022,物理,云南,老高考,2025,全国卷,common,全国甲卷,present_common,H:\New folder\【新·PDF版】2008-2024·高考物理真题\版本2：物理（按省份分类）2008-2024\2008-2024·（云南）物理高考真题\2022年高考物理试卷（全国甲卷）（空白卷）.pdf,papers/2022/物理/全国/全国甲卷/2022_物理_云南_全国甲卷_原卷.pdf,2
2022,物理,西藏,老高考,,全国卷,common,全国甲卷,present_common,H:\New folder\【新·PDF版】2008-2024·高考物理真题\版本2：物理（按省份分类）2008-2024\2008-2024·（西藏）物理高考真题\2022年高考物理试卷（全国甲卷）（空白卷）.pdf,papers/2022/物理/全国/全国甲卷/2022_物理_西藏_全国甲卷_原卷.pdf,2
2022,物理,陕西,老高考,2025,全国卷,common,全国乙卷,present_common,H:\New folder\【新·PDF版】2008-2024·高考物理真题\版本2：物理（按省份分类）2008-2024\2008-2024·（陕西）物理高考真题\2022年高考物理试卷（全国乙卷）（空白卷）.pdf,papers/2022/物理/全国/全国乙卷/2022_物理_陕西_全国乙卷_原卷.pdf,2
2022,物理,甘肃,老高考,2024,全国卷,common,全国乙卷,present_common,H:\New folder\【新·PDF版】2008-2024·高考物理真题\版本2：物理（按省份分类）2008-2024\2008-2024·（甘肃）物理高考真题\2022年高考物理试卷（全国乙卷）（空白卷）.pdf,papers/2022/物理/全国/全国乙卷/2022_物理_甘肃_全国乙卷_原卷.pdf,2
2022,物理,青海,老高考,2025,全国卷,common,全国乙卷,present_common,H:\New folder\【新·PDF版】2008-2024·高考物理真题\版本2：物理（按省份分类）2008-2024\2008-2024·（青海）物理高考真题\2022年高考物理试卷（全国乙卷）（空白卷）.pdf,papers/2022/物理/全国/全国乙卷/2022_物理_青海_全国乙卷_原卷.pdf,2
2022,物理,宁夏,老高考,2025,全国卷,common,全国乙卷,present_common,H:\New folder\【新·PDF版】2008-2024·高考物理真题\版本2：物理（按省份分类）2008-2024\2010-2024·（宁夏）物理高考真题\2022年高考物理试卷（全国乙卷）（空白卷）.pdf,papers/2022/物理/全国/全国乙卷/2022_物理_宁夏_全国乙卷_原卷.pdf,2
2022,物理,新疆,老高考,,全国卷,common,全国乙卷,present_common,H:\New folder\【新·PDF版】2008-2024·高考物理真题\版本2：物理（按省份分类）2008-2024\2008-2024·（新疆）物理高考真题\2022年高考物理试卷（全国乙卷）（空白卷）.pdf,papers/2022/物理/全国/全国乙卷/2022_物理_新疆_全国乙卷_原卷.pdf,2
2023,物理,北京,新高考,2020,地方/区域卷,local,北京卷,present_local,H:\New folder\【新·PDF版】2008-2024·高考物理真题\版本2：物理（按省份分类）2008-2024\2008-2024·（北京）物理高考真题\2023年高考物理试卷（北京）（空白卷）.pdf,papers/2023/物理/北京/北京卷/2023_物理_北京_北京卷_原卷.pdf,2
2023,物理,天津,新高考,2020,地方/区域卷,local,天津卷,present_local,H:\New folder\【新·PDF版】2008-2024·高考物理真题\版本2：物理（按省份分类）2008-2024\2008-2023·（天津）物理高考真题\2023年高考物理试卷（天津）（空白卷）.pdf,papers/2023/物理/天津/天津卷/2023_物理_天津_天津卷_原卷.pdf,2
2023,物理,河北,新高考,2021,地方/区域卷,local,河北卷,present_local,H:\New folder\【新·PDF版】2008-2024·高考物理真题\版本2：物理（按省份分类）2008-2024\2008-2024·（河北）物理高考真题\2023年高考物理试卷（河北）（空白卷）.pdf,papers/2023/物理/河北/河北卷/2023_物理_河北_河北卷_原卷.pdf,2
2023,物理,山西,老高考,2025,全国卷,common,山西卷,present_common,H:\New folder\【新·PDF版】2008-2024·高考物理真题\版本2：物理（按省份分类）2008-2024\2008-2024·（山西）物理高考真题\2023年高考物理试卷（新课标）（空白卷）.pdf,papers/2023/物理/全国/山西卷/2023_物理_山西_山西卷_原卷.pdf,2
2023,物理,内蒙古,老高考,2025,全国卷,common,全国乙卷,present_common,H:\New folder\【新·PDF版】2008-2024·高考物理真题\版本2：物理（按省份分类）2008-2024\2008-2024·（内蒙古）物理高考真题\2023年高考物理试卷（全国乙卷）（空白卷）.pdf,papers/2023/物理/全国/全国乙卷/2023_物理_内蒙古_全国乙卷_原卷.pdf,2
2023,物理,辽宁,新高考,2021,地方/区域卷,local,辽宁卷,present_local,H:\New folder\【新·PDF版】2008-2024·高考物理真题\版本2：物理（按省份分类）2008-2024\2010-2024·（辽宁）物理高考真题\2023年高考物理试卷（辽宁）（空白卷）.pdf,papers/2023/物理/辽宁/辽宁卷/2023_物理_辽宁_辽宁卷_原卷.pdf,2
2023,物理,吉林,老高考,2024,全国卷,common,吉林卷,present_common,H:\New folder\【新·PDF版】2008-2024·高考物理真题\版本2：物理（按省份分类）2008-2024\2008-2024·（吉林）物理高考真题\2023年高考物理试卷（新课标）（空白卷）.pdf,papers/2023/物理/全国/吉林卷/2023_物理_吉林_吉林卷_原卷.pdf,2
2023,物理,黑龙江,老高考,2024,全国卷,common,黑龙江卷,present_common,H:\New folder\【新·PDF版】2008-2024·高考物理真题\版本2：物理（按省份分类）2008-2024\2008-2024·（黑龙江）物理高考真题\2023年高考物理试卷（新课标）（空白卷）.pdf,papers/2023/物理/全国/黑龙江卷/2023_物理_黑龙江_黑龙江卷_原卷.pdf,2
2023,物理,上海,新高考,2017,地方/区域卷,local,上海卷,present_local,H:\New folder\【新·PDF版】2008-2024·高考物理真题\版本2：物理（按省份分类）2008-2024\2008-2024·（上海）物理高考真题\2023年高考物理试卷（上海）（空白卷）.pdf,papers/2023/物理/上海/上海卷/2023_物理_上海_上海卷_原卷.pdf,2
2023,物理,江苏,新高考,2021,地方/区域卷,local,江苏卷,present_local,H:\New folder\【新·PDF版】2008-2024·高考物理真题\版本2：物理（按省份分类）2008-2024\2008-2024·（江苏）物理高考真题\2023年高考物理试卷（江苏）（空白卷）.pdf,papers/2023/物理/江苏/江苏卷/2023_物理_江苏_江苏卷_原卷.pdf,2
2023,物理,浙江,新高考,2017,地方/区域卷,local,浙江卷,present_local,H:\New folder\【新·PDF版】2008-2024·高考物理真题\版本2：物理（按省份分类）2008-2024\2008-2024·（浙江）物理高考真题\2023年高考物理试卷（浙江）（1月）（空白卷）.pdf,papers/2023/物理/浙江/浙江卷/2023_物理_浙江_浙江卷_原卷.pdf,4
2023,物理,安徽,老高考,2024,全国卷,common,安徽卷,present_common,H:\New folder\【新·PDF版】2008-2024·高考物理真题\版本2：物理（按省份分类）2008-2024\2012-2024·（安徽）物理高考真题\2023年高考物理试卷（新课标）（空白卷）.pdf,papers/2023/物理/全国/安徽卷/2023_物理_安徽_安徽卷_原卷.pdf,2
2023,物理,福建,新高考,2021,地方/区域卷,local,福建卷,present_local,H:\New folder\【新·PDF版】2008-2024·高考物理真题\版本2：物理（按省份分类）2008-2024\2012-2023·（福建）物理高考真题\2023年高考物理试卷（福建）（空白卷）.pdf,papers/2023/物理/福建/福建卷/2023_物理_福建_福建卷_原卷.pdf,2
2023,物理,江西,老高考,2024,全国卷,common,全国乙卷,present_common,H:\New folder\【新·PDF版】2008-2024·高考物理真题\版本2：物理（按省份分类）2008-2024\2008-2024·（江西）物理高考真题\2023年高考物理试卷（全国乙卷）（空白卷）.pdf,papers/2023/物理/全国/全国乙卷/2023_物理_江西_全国乙卷_原卷.pdf,2
2023,物理,山东,新高考,2020,地方/区域卷,local,山东卷,present_local,H:\New folder\【新·PDF版】2008-2024·高考物理真题\版本2：物理（按省份分类）2008-2024\2008-2024·（山东）物理高考真题\2023年高考物理试卷（山东）（空白卷）.pdf,papers/2023/物理/山东/山东卷/2023_物理_山东_山东卷_原卷.pdf,2
2023,物理,河南,老高考,2025,全国卷,common,全国乙卷,present_common,H:\New folder\【新·PDF版】2008-2024·高考物理真题\版本2：物理（按省份分类）2008-2024\2008-2024·（河南）物理高考真题\2023年高考物理试卷（全国乙卷）（空白卷）.pdf,papers/2023/物理/全国/全国乙卷/2023_物理_河南_全国乙卷_原卷.pdf,2
2023,物理,湖北,新高考,2021,地方/区域卷,local,湖北卷,present_local,H:\New folder\【新·PDF版】2008-2024·高考物理真题\版本2：物理（按省份分类）2008-2024\2008-2024·（湖北）物理高考真题\2023年高考物理试卷（湖北自主命题）（空白卷）.pdf,papers/2023/物理/湖北/湖北卷/2023_物理_湖北_湖北卷_原卷.pdf,2
2023,物理,湖南,新高考,2021,地方/区域卷,local,湖南卷,present_local,H:\New folder\【新·PDF版】2008-2024·高考物理真题\版本2：物理（按省份分类）2008-2024\2008-2024·（湖南）物理高考真题\2023年高考物理试卷（湖南）（空白卷）.pdf,papers/2023/物理/湖南/湖南卷/2023_物理_湖南_湖南卷_原卷.pdf,2
2023,物理,广东,新高考,2021,地方/区域卷,local,广东卷,present_local,H:\New folder\【新·PDF版】2008-2024·高考物理真题\版本2：物理（按省份分类）2008-2024\2008-2024·（广东）物理高考真题\2023年高考物理试卷（广东）（空白卷）.pdf,papers/2023/物理/广东/广东卷/2023_物理_广东_广东卷_原卷.pdf,2
2023,物理,广西,老高考,2024,全国卷,common,全国甲卷,present_common,H:\New folder\【新·PDF版】2008-2024·高考物理真题\版本2：物理（按省份分类）2008-2024\2008-2024·（广西）物理高考真题\2023年高考物理试卷（全国甲卷）（空白卷）.pdf,papers/2023/物理/全国/全国甲卷/2023_物理_广西_全国甲卷_原卷.pdf,2
2023,物理,海南,新高考,2020,地方/区域卷,local,海南卷,present_local,H:\New folder\【新·PDF版】2008-2024·高考物理真题\版本2：物理（按省份分类）2008-2024\2008-2024·（海南）物理高考真题\2023年高考物理试卷（海南）（空白卷）.pdf,papers/2023/物理/海南/海南卷/2023_物理_海南_海南卷_原卷.pdf,2
2023,物理,重庆,新高考,2021,地方/区域卷,local,重庆卷,present_local,H:\New folder\【新·PDF版】2008-2024·高考物理真题\版本2：物理（按省份分类）2008-2024\2012-2023·（重庆）物理高考真题\2023年高考物理试卷（重庆）（空白卷）.pdf,papers/2023/物理/重庆/重庆卷/2023_物理_重庆_重庆卷_原卷.pdf,2
2023,物理,四川,老高考,2025,全国卷,common,全国甲卷,present_common,H:\New folder\【新·PDF版】2008-2024·高考物理真题\版本2：物理（按省份分类）2008-2024\2008-2024·（四川）物理高考真题\2023年高考物理试卷（全国甲卷）（空白卷）.pdf,papers/2023/物理/全国/全国甲卷/2023_物理_四川_全国甲卷_原卷.pdf,2
2023,物理,贵州,老高考,2024,全国卷,common,全国甲卷,present_common,H:\New folder\【新·PDF版】2008-2024·高考物理真题\版本2：物理（按省份分类）2008-2024\2008-2023·（贵州）物理高考真题\2023年高考物理试卷（全国甲卷）（空白卷）.pdf,papers/2023/物理/全国/全国甲卷/2023_物理_贵州_全国甲卷_原卷.pdf,2
2023,物理,云南,老高考,2025,全国卷,common,云南卷,present_common,H:\New folder\【新·PDF版】2008-2024·高考物理真题\版本2：物理（按省份分类）2008-2024\2008-2024·（云南）物理高考真题\2023年高考物理试卷（新课标）（空白卷）.pdf,papers/2023/物理/全国/云南卷/2023_物理_云南_云南卷_原卷.pdf,2
2023,物理,西藏,老高考,,全国卷,common,全国甲卷,present_common,H:\New folder\【新·PDF版】2008-2024·高考物理真题\版本2：物理（按省份分类）2008-2024\2008-2024·（西藏）物理高考真题\2023年高考物理试卷（全国甲卷）（空白卷）.pdf,papers/2023/物理/全国/全国甲卷/2023_物理_西藏_全国甲卷_原卷.pdf,2
2023,物理,陕西,老高考,2025,全国卷,common,全国乙卷,present_common,H:\New folder\【新·PDF版】2008-2024·高考物理真题\版本2：物理（按省份分类）2008-2024\2008-2024·（陕西）物理高考真题\2023年高考物理试卷（全国乙卷）（空白卷）.pdf,papers/2023/物理/全国/全国乙卷/2023_物理_陕西_全国乙卷_原卷.pdf,2
2023,物理,甘肃,老高考,2024,全国卷,common,全国乙卷,present_common,H:\New folder\【新·PDF版】2008-2024·高考物理真题\版本2：物理（按省份分类）2008-2024\2008-2024·（甘肃）物理高考真题\2023年高考物理试卷（全国乙卷）（空白卷）.pdf,papers/2023/物理/全国/全国乙卷/2023_物理_甘肃_全国乙卷_原卷.pdf,2
2023,物理,青海,老高考,2025,全国卷,common,全国乙卷,present_common,H:\New folder\【新·PDF版】2008-2024·高考物理真题\版本2：物理（按省份分类）2008-2024\2008-2024·（青海）物理高考真题\2023年高考物理试卷（全国乙卷）（空白卷）.pdf,papers/2023/物理/全国/全国乙卷/2023_物理_青海_全国乙卷_原卷.pdf,2
2023,物理,宁夏,老高考,2025,全国卷,common,全国乙卷,present_common,H:\New folder\【新·PDF版】2008-2024·高考物理真题\版本2：物理（按省份分类）2008-2024\2010-2024·（宁夏）物理高考真题\2023年高考物理试卷（全国乙卷）（空白卷）.pdf,papers/2023/物理/全国/全国乙卷/2023_物理_宁夏_全国乙卷_原卷.pdf,2
2023,物理,新疆,老高考,,全国卷,common,全国乙卷,present_common,H:\New folder\【新·PDF版】2008-2024·高考物理真题\版本2：物理（按省份分类）2008-2024\2008-2024·（新疆）物理高考真题\2023年高考物理试卷（全国乙卷）（空白卷）.pdf,papers/2023/物理/全国/全国乙卷/2023_物理_新疆_全国乙卷_原卷.pdf,2
2024,物理,北京,新高考,2020,地方/区域卷,local,北京卷,present_local,H:\New folder\【新·PDF版】2008-2024·高考物理真题\版本2：物理（按省份分类）2008-2024\2008-2024·（北京）物理高考真题\2024年高考物理试卷（北京）（空白卷）.pdf,papers/2024/物理/北京/北京卷/2024_物理_北京_北京卷_原卷.pdf,2
2024,物理,天津,新高考,2020,,missing,,missing,,,0
2024,物理,河北,新高考,2021,地方/区域卷,local,河北卷,present_local,H:\New folder\【新·PDF版】2008-2024·高考物理真题\版本2：物理（按省份分类）2008-2024\2008-2024·（河北）物理高考真题\2024年高考物理试卷（河北）（空白卷）.pdf,papers/2024/物理/河北/河北卷/2024_物理_河北_河北卷_原卷.pdf,2
2024,物理,山西,老高考,2025,全国卷,common,山西卷,present_common,H:\New folder\【新·PDF版】2008-2024·高考物理真题\版本2：物理（按省份分类）2008-2024\2008-2024·（山西）物理高考真题\2024年高考物理试卷（新课标）（空白卷）.pdf,papers/2024/物理/全国/山西卷/2024_物理_山西_山西卷_原卷.pdf,2
2024,物理,内蒙古,老高考,2025,全国卷,common,全国甲卷,present_common,H:\New folder\【新·PDF版】2008-2024·高考物理真题\版本2：物理（按省份分类）2008-2024\2008-2024·（内蒙古）物理高考真题\2024年高考物理试卷（全国甲卷）（空白卷）.pdf,papers/2024/物理/全国/全国甲卷/2024_物理_内蒙古_全国甲卷_原卷.pdf,2
2024,物理,辽宁,新高考,2021,地方/区域卷,local,辽宁卷,present_local,H:\New folder\【新·PDF版】2008-2024·高考物理真题\版本2：物理（按省份分类）2008-2024\2010-2024·（辽宁）物理高考真题\2024年高考物理试卷（辽宁）（空白卷）.pdf,papers/2024/物理/辽宁/辽宁卷/2024_物理_辽宁_辽宁卷_原卷.pdf,2
2024,物理,吉林,新高考,2024,地方/区域卷,local,辽宁卷,present_local,H:\New folder\【新·PDF版】2008-2024·高考物理真题\版本2：物理（按省份分类）2008-2024\2008-2024·（吉林）物理高考真题\2024年高考物理试卷（辽宁）（空白卷）.pdf,papers/2024/物理/吉林/辽宁卷/2024_物理_吉林_辽宁卷_原卷.pdf,2
2024,物理,黑龙江,新高考,2024,地方/区域卷,local,辽宁卷,present_local,H:\New folder\【新·PDF版】2008-2024·高考物理真题\版本2：物理（按省份分类）2008-2024\2008-2024·（黑龙江）物理高考真题\2024年高考物理试卷（辽宁）（空白卷）.pdf,papers/2024/物理/黑龙江/辽宁卷/2024_物理_黑龙江_辽宁卷_原卷.pdf,2
2024,物理,上海,新高考,2017,地方/区域卷,local,上海卷,present_local,H:\New folder\【新·PDF版】2008-2024·高考物理真题\版本2：物理（按省份分类）2008-2024\2008-2024·（上海）物理高考真题\2024年高考物理试卷（上海）（回忆版）（空白卷）.pdf,papers/2024/物理/上海/上海卷/2024_物理_上海_上海卷_原卷.pdf,2
2024,物理,江苏,新高考,2021,地方/区域卷,local,江苏卷,present_local,H:\New folder\【新·PDF版】2008-2024·高考物理真题\版本2：物理（按省份分类）2008-2024\2008-2024·（江苏）物理高考真题\2024年高考物理试卷（江苏）（回忆版）（空白卷）缺第8题、第16题.pdf,papers/2024/物理/江苏/江苏卷/2024_物理_江苏_江苏卷_原卷.pdf,2
2024,物理,浙江,新高考,2017,地方/区域卷,local,浙江卷,present_local,H:\New folder\【新·PDF版】2008-2024·高考物理真题\版本2：物理（按省份分类）2008-2024\2008-2024·（浙江）物理高考真题\2024年高考物理试卷（浙江）（1月）（空白卷）.pdf,papers/2024/物理/浙江/浙江卷/2024_物理_浙江_浙江卷_原卷.pdf,2
2024,物理,安徽,新高考,2024,地方/区域卷,local,安徽卷,present_local,H:\New folder\【新·PDF版】2008-2024·高考物理真题\版本2：物理（按省份分类）2008-2024\2012-2024·（安徽）物理高考真题\2024年高考物理试卷（安徽）（空白卷）.pdf,papers/2024/物理/安徽/安徽卷/2024_物理_安徽_安徽卷_原卷.pdf,2
2024,物理,福建,新高考,2021,,missing,,missing,,,0
2024,物理,江西,新高考,2024,地方/区域卷,local,江西卷,present_local,H:\New folder\【新·PDF版】2008-2024·高考物理真题\版本2：物理（按省份分类）2008-2024\2008-2024·（江西）物理高考真题\2024年高考物理试卷（江西）（空白卷）.pdf,papers/2024/物理/江西/江西卷/2024_物理_江西_江西卷_原卷.pdf,2
2024,物理,山东,新高考,2020,地方/区域卷,local,山东卷,present_local,H:\New folder\【新·PDF版】2008-2024·高考物理真题\版本2：物理（按省份分类）2008-2024\2008-2024·（山东）物理高考真题\2024年高考物理试卷（山东）（空白卷）.pdf,papers/2024/物理/山东/山东卷/2024_物理_山东_山东卷_原卷.pdf,2
2024,物理,河南,老高考,2025,全国卷,common,河南卷,present_common,H:\New folder\【新·PDF版】2008-2024·高考物理真题\版本2：物理（按省份分类）2008-2024\2008-2024·（河南）物理高考真题\2024年高考物理试卷（新课标）（空白卷）.pdf,papers/2024/物理/全国/河南卷/2024_物理_河南_河南卷_原卷.pdf,2
2024,物理,湖北,新高考,2021,地方/区域卷,local,湖北卷,present_local,H:\New folder\【新·PDF版】2008-2024·高考物理真题\版本2：物理（按省份分类）2008-2024\2008-2024·（湖北）物理高考真题\2024年高考物理试卷（湖北）（空白卷）.pdf,papers/2024/物理/湖北/湖北卷/2024_物理_湖北_湖北卷_原卷.pdf,2
2024,物理,湖南,新高考,2021,地方/区域卷,local,湖南卷,present_local,H:\New folder\【新·PDF版】2008-2024·高考物理真题\版本2：物理（按省份分类）2008-2024\2008-2024·（湖南）物理高考真题\2024年高考物理试卷（湖南）（空白卷）.pdf,papers/2024/物理/湖南/湖南卷/2024_物理_湖南_湖南卷_原卷.pdf,2
2024,物理,广东,新高考,2021,地方/区域卷,local,广东卷,present_local,H:\New folder\【新·PDF版】2008-2024·高考物理真题\版本2：物理（按省份分类）2008-2024\2008-2024·（广东）物理高考真题\2024年高考物理试卷（广东）（空白卷）.pdf,papers/2024/物理/广东/广东卷/2024_物理_广东_广东卷_原卷.pdf,2
2024,物理,广西,新高考,2024,地方/区域卷,local,广西卷,present_local,H:\New folder\【新·PDF版】2008-2024·高考物理真题\版本2：物理（按省份分类）2008-2024\2008-2024·（广西）物理高考真题\2024年高考物理试卷（广西）（空白卷）.pdf,papers/2024/物理/广西/广西卷/2024_物理_广西_广西卷_原卷.pdf,2
2024,物理,海南,新高考,2020,地方/区域卷,local,海南卷,present_local,H:\New folder\【新·PDF版】2008-2024·高考物理真题\版本2：物理（按省份分类）2008-2024\2008-2024·（海南）物理高考真题\2024年高考物理试卷（海南）（空白卷）.pdf,papers/2024/物理/海南/海南卷/2024_物理_海南_海南卷_原卷.pdf,2
2024,物理,重庆,新高考,2021,,missing,,missing,,,0
2024,物理,四川,老高考,2025,全国卷,common,全国甲卷,present_common,H:\New folder\【新·PDF版】2008-2024·高考物理真题\版本2：物理（按省份分类）2008-2024\2008-2024·（四川）物理高考真题\2024年高考物理试卷（全国甲卷）（空白卷）.pdf,papers/2024/物理/全国/全国甲卷/2024_物理_四川_全国甲卷_原卷.pdf,2
2024,物理,贵州,新高考,2024,,missing,,missing,,,0
2024,物理,云南,老高考,2025,全国卷,common,云南卷,present_common,H:\New folder\【新·PDF版】2008-2024·高考物理真题\版本2：物理（按省份分类）2008-2024\2008-2024·（云南）物理高考真题\2024年高考物理试卷（新课标）（空白卷）.pdf,papers/2024/物理/全国/云南卷/2024_物理_云南_云南卷_原卷.pdf,2
2024,物理,西藏,老高考,,全国卷,common,全国甲卷,present_common,H:\New folder\【新·PDF版】2008-2024·高考物理真题\版本2：物理（按省份分类）2008-2024\2008-2024·（西藏）物理高考真题\2024年高考物理试卷（全国甲卷）（空白卷）（缺22-24题）.pdf,papers/2024/物理/全国/全国甲卷/2024_物理_西藏_全国甲卷_原卷.pdf,2
2024,物理,陕西,老高考,2025,全国卷,common,全国甲卷,present_common,H:\New folder\【新·PDF版】2008-2024·高考物理真题\版本2：物理（按省份分类）2008-2024\2008-2024·（陕西）物理高考真题\2024年高考物理试卷（全国甲卷）（空白卷）.pdf,papers/2024/物理/全国/全国甲卷/2024_物理_陕西_全国甲卷_原卷.pdf,2
2024,物理,甘肃,新高考,2024,地方/区域卷,local,甘肃卷,present_local,H:\New folder\【新·PDF版】2008-2024·高考物理真题\版本2：物理（按省份分类）2008-2024\2008-2024·（甘肃）物理高考真题\2024年高考物理试卷（甘肃）（空白卷）.pdf,papers/2024/物理/甘肃/甘肃卷/2024_物理_甘肃_甘肃卷_原卷.pdf,2
2024,物理,青海,老高考,2025,全国卷,common,全国甲卷,present_common,H:\New folder\【新·PDF版】2008-2024·高考物理真题\版本2：物理（按省份分类）2008-2024\2008-2024·（青海）物理高考真题\2024年高考物理试卷（全国甲卷）（空白卷）.pdf,papers/2024/物理/全国/全国甲卷/2024_物理_青海_全国甲卷_原卷.pdf,2
2024,物理,宁夏,老高考,2025,全国卷,common,全国甲卷,present_common,H:\New folder\【新·PDF版】2008-2024·高考物理真题\版本2：物理（按省份分类）2008-2024\2010-2024·（宁夏）物理高考真题\2024年高考物理试卷（全国甲卷）（空白卷）.pdf,papers/2024/物理/全国/全国甲卷/2024_物理_宁夏_全国甲卷_原卷.pdf,2
2024,物理,新疆,老高考,,全国卷,common,新疆卷,present_common,H:\New folder\【新·PDF版】2008-2024·高考物理真题\版本2：物理（按省份分类）2008-2024\2008-2024·（新疆）物理高考真题\2024年高考物理试卷（新课标）（空白卷）.pdf,papers/2024/物理/全国/新疆卷/2024_物理_新疆_新疆卷_原卷.pdf,2
2025,物理,北京,新高考,2020,地方/区域卷,local,北京卷,present_local,H:\New folder\2025年高考真题及答案(按科目分类)\7.25高考物理试题及答案\【北京】2025年高考北京卷物理高考真题文档版.docx,papers/2025/物理/北京/北京卷/2025_物理_北京_北京卷_原卷.docx,2
2025,物理,天津,新高考,2020,,missing,,missing,,,0
2025,物理,河北,新高考,2021,地方/区域卷,local,河北卷,present_local,H:\New folder\2025年高考真题及答案(按科目分类)\7.25高考物理试题及答案\【河北】2025年高考河北卷物理高考真题文档版.docx,papers/2025/物理/河北/河北卷/2025_物理_河北_河北卷_原卷.docx,4
2025,物理,山西,新高考,2025,地方/区域卷,local,山西卷,present_local,H:\New folder\2025全国各省高考真题+答案\23、山西卷（物理、历史、化学、地理、政治、生物）\2025年高考物理（陕西山西青海宁夏）-a30dd1ca27f4.docx,papers/2025/物理/山西/山西卷/2025_物理_山西_山西卷_原卷.docx,10
2025,物理,内蒙古,新高考,2025,地方/区域卷,local,内蒙古卷,present_local,H:\New folder\2025全国各省高考真题+答案\26、内蒙古卷（物理、历史、化学、地理、政治、生物）\2025年黑龙江、吉林、辽宁、内蒙古高考物理真题（解析版）-2116ccf8389c.pdf,papers/2025/物理/内蒙古/内蒙古卷/2025_物理_内蒙古_内蒙古卷_原卷.pdf,4
2025,物理,辽宁,新高考,2021,地方/区域卷,local,内蒙古卷,present_local,H:\New folder\2025全国各省高考真题+答案\16、辽宁卷（物理、历史、化学、地理、政治、生物）\2025年黑龙江、吉林、辽宁、内蒙古高考物理真题（解析版）-263954e02c12.pdf,papers/2025/物理/辽宁/内蒙古卷/2025_物理_辽宁_内蒙古卷_原卷.pdf,4
2025,物理,吉林,新高考,2024,地方/区域卷,local,内蒙古卷,present_local,H:\New folder\2025全国各省高考真题+答案\18、吉林卷（物理、历史、化学、地理、政治、生物）\2025年黑龙江、吉林、辽宁、内蒙古高考物理真题（解析版）-7b1dce39c243.pdf,papers/2025/物理/吉林/内蒙古卷/2025_物理_吉林_内蒙古卷_原卷.pdf,4
2025,物理,黑龙江,新高考,2024,地方/区域卷,local,内蒙古卷,present_local,H:\New folder\2025全国各省高考真题+答案\17、黑龙江卷（物理、历史、化学、地理、政治、生物）\2025年高考真题六科全（辽宁、黑龙江、吉林、内蒙古）\2025年黑龙江、吉林、辽宁、内蒙古高考物理真题 (含解析).docx,papers/2025/物理/黑龙江/内蒙古卷/2025_物理_黑龙江_内蒙古卷_原卷.docx,6
2025,物理,上海,新高考,2017,地方/区域卷,local,上海卷,present_local,H:\New folder\2025全国各省高考真题+答案\4、上海卷（语数外物化）\2025年高考上海物理-f3edaec751ac.pdf,papers/2025/物理/上海/上海卷/2025_物理_上海_上海卷_原卷.pdf,8
2025,物理,江苏,新高考,2021,地方/区域卷,local,江苏卷,present_local,H:\New folder\2025全国各省高考真题+答案\6、江苏卷（物理、历史、化学、地理、政治、生物）\2025年高考江苏物理-cb7eb5c71849.pdf,papers/2025/物理/江苏/江苏卷/2025_物理_江苏_江苏卷_原卷.pdf,6
2025,物理,浙江,新高考,2017,地方/区域卷,local,浙江卷,present_local,H:\New folder\高考六科整理\物理\2025_浙江选科\浙江选科.docx,papers/2025/物理/浙江/浙江卷/2025_物理_浙江_浙江卷_原卷.docx,1
2025,物理,安徽,新高考,2024,地方/区域卷,local,安徽卷,present_local,H:\New folder\2025全国各省高考真题+答案\12、安徽卷（物理、历史、化学、地理、政治、生物）\2025年高考安徽卷物理真题-00cff96ad179.pdf,papers/2025/物理/安徽/安徽卷/2025_物理_安徽_安徽卷_原卷.pdf,4
2025,物理,福建,新高考,2021,地方/区域卷,local,福建卷,present_local,H:\New folder\2025全国各省高考真题+答案\8、福建卷（物理、历史、化学、地理、政治、生物）\2025年普通高中学业水平选择性考试(福建）物理部分试题-81e60a82adf5.pdf,papers/2025/物理/福建/福建卷/2025_物理_福建_福建卷_原卷.pdf,8
2025,物理,江西,新高考,2024,地方/区域卷,local,江西卷,present_local,H:\New folder\2025全国各省高考真题+答案\13、江西卷（物理、历史、化学、地理、政治、生物）\江西省 2025 年普通高中学业水平选择性考试-物理试题-28b4ad3812ad.pdf,papers/2025/物理/江西/江西卷/2025_物理_江西_江西卷_原卷.pdf,2
2025,物理,山东,新高考,2020,地方/区域卷,local,山东卷,present_local,H:\New folder\2025全国各省高考真题+答案\30、山东卷（物理、政治、化学、历史、生物、地理）\2025年高考山东物理真题（解析版）-3a2473f1c16b.pdf,papers/2025/物理/山东/山东卷/2025_物理_山东_山东卷_原卷.pdf,4
2025,物理,河南,新高考,2025,地方/区域卷,local,河南卷,present_local,H:\New folder\2025全国各省高考真题+答案\14、河南卷（物理、历史、化学、地理、政治、生物）\2025河南物理试题-ca07a972e21b.pdf,papers/2025/物理/河南/河南卷/2025_物理_河南_河南卷_原卷.pdf,6
2025,物理,湖北,新高考,2021,地方/区域卷,local,湖北卷,present_local,H:\New folder\2025全国各省高考真题+答案\9、湖北卷（物理、历史、化学、地理、政治、生物）\2025年高考湖北物理-0671fc201240.pdf,papers/2025/物理/湖北/湖北卷/2025_物理_湖北_湖北卷_原卷.pdf,4
2025,物理,湖南,新高考,2021,地方/区域卷,local,湖南卷,present_local,H:\New folder\2025全国各省高考真题+答案\10、湖南卷（物理、历史、化学、地理、政治、生物）\2025年高考湖南卷物理真题-47d06f3e23af.pdf,papers/2025/物理/湖南/湖南卷/2025_物理_湖南_湖南卷_原卷.pdf,4
2025,物理,广东,新高考,2021,地方/区域卷,local,广东卷,present_local,H:\New folder\2025全国各省高考真题+答案\7、广东卷（物理、历史、化学、地理、政治、生物）\2025年高考广东物理-bf07a7d06a97.pdf,papers/2025/物理/广东/广东卷/2025_物理_广东_广东卷_原卷.pdf,10
2025,物理,广西,新高考,2024,地方/区域卷,local,广西卷,present_local,H:\New folder\2025全国各省高考真题+答案\21、广西卷（物理、历史、化学、地理、政治、生物）\2025年高考广西卷物理真题及答案-9b27d9504f4d.pdf,papers/2025/物理/广西/广西卷/2025_物理_广西_广西卷_原卷.pdf,4
2025,物理,海南,新高考,2020,地方/区域卷,local,海南卷,present_local,H:\New folder\2025全国各省高考真题+答案\31、海南卷（物理、政治、化学、历史、生物、地理）\2025年高考海南卷物理真题-95b9046beeaa.pdf,papers/2025/物理/海南/海南卷/2025_物理_海南_海南卷_原卷.pdf,4
2025,物理,重庆,新高考,2021,地方/区域卷,local,重庆卷,present_local,H:\New folder\2025年高考真题及答案(按科目分类)\7.25高考物理试题及答案\【重庆】2025年高考重庆卷物理高考真题文档版（部分试题）-A4答案卷尾.docx,papers/2025/物理/重庆/重庆卷/2025_物理_重庆_重庆卷_原卷.docx,4
2025,物理,四川,新高考,2025,地方/区域卷,local,四川卷,present_local,H:\New folder\高考六科整理\物理\2025_四川卷\2025年普通高中学业水平选择性考试(四川）物理部分试题-183d16c6fa24.pdf,papers/2025/物理/四川/四川卷/2025_物理_四川_四川卷_原卷.pdf,10
2025,物理,贵州,新高考,2024,,missing,,missing,,,0
2025,物理,云南,新高考,2025,地方/区域卷,local,云南卷,present_local,H:\New folder\2025全国各省高考真题+答案\22、云南卷（物理、历史、化学、地理、政治、生物）\2025年高考云南物理-69c79dfbe661.pdf,papers/2025/物理/云南/云南卷/2025_物理_云南_云南卷_原卷.pdf,6
2025,物理,西藏,老高考,,,missing,,missing,,,0
2025,物理,陕西,新高考,2025,地方/区域卷,local,山西卷,present_local,H:\New folder\2025全国各省高考真题+答案\25、陕西卷（物理、历史、化学、地理、政治、生物）\2025年高考物理（陕西山西青海宁夏）-8768afd3eb27.docx,papers/2025/物理/陕西/山西卷/2025_物理_陕西_山西卷_原卷.docx,10
2025,物理,甘肃,新高考,2024,地方/区域卷,local,甘肃卷,present_local,H:\New folder\2025年高考真题及答案(按科目分类)\7.25高考物理试题及答案\【甘肃】2025年高考甘肃卷物理高考真题文档版.docx,papers/2025/物理/甘肃/甘肃卷/2025_物理_甘肃_甘肃卷_原卷.docx,2
2025,物理,青海,新高考,2025,地方/区域卷,local,山西卷,present_local,H:\New folder\2025全国各省高考真题+答案\27、青海卷（物理、历史、化学、地理、政治、生物）\2025年高考物理（陕西山西青海宁夏）-cd774f94d19c.docx,papers/2025/物理/青海/山西卷/2025_物理_青海_山西卷_原卷.docx,10
2025,物理,宁夏,新高考,2025,地方/区域卷,local,山西卷,present_local,H:\New folder\2025全国各省高考真题+答案\28、宁夏卷（物理、历史、化学、地理、政治、生物）\2025年高考物理（陕西山西青海宁夏）-f873568a7cc8.docx,papers/2025/物理/宁夏/山西卷/2025_物理_宁夏_山西卷_原卷.docx,10
2025,物理,新疆,老高考,,,missing,,missing,,,0
2026,物理,北京,新高考,2020,地方/区域卷,local,北京卷,placeholder,H:\New folder\2026高考真题+答案\2026年高考真题答案（按省份分类）\北京卷\物理\2026年高考物理真题和答案 .rar,papers/2026/物理/北京/北京卷/2026_物理_北京_北京卷_placeholder.rar,1
2026,物理,天津,新高考,2020,地方/区域卷,local,天津卷,present_local,H:\New folder\2026高考真题+答案\2026年高考真题答案（按省份分类）\天津卷\物理\2026年天津高考物理真题（回忆版）.jpg,papers/2026/物理/天津/天津卷/2026_物理_天津_天津卷_原卷.jpg,2
2026,物理,河北,新高考,2021,地方/区域卷,local,河北卷,present_local,H:\New folder\2026高考真题+答案\2026年高考真题答案（按省份分类）\河北卷\物理\河北省高考物理卷.pdf,papers/2026/物理/河北/河北卷/2026_物理_河北_河北卷_原卷.pdf,2
2026,物理,山西,新高考,2025,地方/区域卷,local,山西卷,present_local,H:\New folder\2026高考真题+答案\2026年高考真题答案（按省份分类）\陕晋宁青卷\物理\2026年高考（陕晋宁青卷）高考物理真题.pdf,papers/2026/物理/山西/山西卷/2026_物理_山西_山西卷_原卷.pdf,1
2026,物理,内蒙古,新高考,2025,地方/区域卷,local,内蒙古卷,present_local,H:\New folder\2026高考真题+答案\2026年高考真题答案（按省份分类）\黑吉辽蒙卷\物理\2026年黑吉辽蒙物理卷高考真题.pdf,papers/2026/物理/内蒙古/内蒙古卷/2026_物理_内蒙古_内蒙古卷_原卷.pdf,3
2026,物理,辽宁,新高考,2021,地方/区域卷,local,辽宁卷,present_local,H:\New folder\2026高考真题+答案\2026年高考真题答案（按省份分类）\黑吉辽蒙卷\物理\2026年黑吉辽蒙物理卷高考真题.pdf,papers/2026/物理/辽宁/辽宁卷/2026_物理_辽宁_辽宁卷_原卷.pdf,3
2026,物理,吉林,新高考,2024,地方/区域卷,local,吉林卷,present_local,H:\New folder\2026高考真题+答案\2026年高考真题答案（按省份分类）\黑吉辽蒙卷\物理\2026年黑吉辽蒙物理卷高考真题.pdf,papers/2026/物理/吉林/吉林卷/2026_物理_吉林_吉林卷_原卷.pdf,3
2026,物理,黑龙江,新高考,2024,地方/区域卷,local,黑龙江卷,present_local,H:\New folder\2026高考真题+答案\2026年高考真题答案（按省份分类）\黑吉辽蒙卷\物理\2026年黑吉辽蒙物理卷高考真题.pdf,papers/2026/物理/黑龙江/黑龙江卷/2026_物理_黑龙江_黑龙江卷_原卷.pdf,3
2026,物理,上海,新高考,2017,,missing,,missing,,,0
2026,物理,江苏,新高考,2021,地方/区域卷,local,江苏卷,present_local,H:\New folder\2026高考真题+答案\2026年高考真题答案（按省份分类）\江苏卷\物理\2026年江苏物理高考真题.pdf,papers/2026/物理/江苏/江苏卷/2026_物理_江苏_江苏卷_原卷.pdf,3
2026,物理,浙江,新高考,2017,地方/区域卷,local,浙江卷,placeholder,H:\New folder\2026高考真题+答案\2026年高考真题答案（按省份分类）\浙江卷\物理\2026年高考物理真题和答案 .rar,papers/2026/物理/浙江/浙江卷/2026_物理_浙江_浙江卷_placeholder.rar,1
2026,物理,安徽,新高考,2024,地方/区域卷,local,安徽卷,present_local,H:\New folder\2026高考真题+答案\2026年高考真题答案（按省份分类）\安徽卷\物理\2026安徽高考物理真题答案（回忆版）.png,papers/2026/物理/安徽/安徽卷/2026_物理_安徽_安徽卷_原卷.png,2
2026,物理,福建,新高考,2021,地方/区域卷,local,福建卷,present_local,H:\New folder\2026高考真题+答案\2026年高考真题答案（按省份分类）\福建卷\物理\2026福建高考物理真题答案（回忆版）.jpeg,papers/2026/物理/福建/福建卷/2026_物理_福建_福建卷_原卷.jpeg,2
2026,物理,江西,新高考,2024,地方/区域卷,local,江西卷,present_local,H:\New folder\2026高考真题+答案\2026年高考真题答案（按省份分类）\江西卷\物理\2026江西高考物理真题答案（回忆版）.jpg,papers/2026/物理/江西/江西卷/2026_物理_江西_江西卷_原卷.jpg,2
2026,物理,山东,新高考,2020,地方/区域卷,local,山东卷,present_local,H:\New folder\2026高考真题+答案\2026年高考真题答案（按省份分类）\山东卷\物理\山东省高考物理真题试卷.pdf,papers/2026/物理/山东/山东卷/2026_物理_山东_山东卷_原卷.pdf,2
2026,物理,河南,新高考,2025,地方/区域卷,local,河南卷,present_local,H:\New folder\2026高考真题+答案\2026年高考真题答案（按省份分类）\河南卷\物理\26年河南省高考物理真题试卷及答案解析.pdf,papers/2026/物理/河南/河南卷/2026_物理_河南_河南卷_原卷.pdf,1
2026,物理,湖北,新高考,2021,地方/区域卷,local,湖北卷,present_local,H:\New folder\2026高考真题+答案\2026年高考真题答案（按省份分类）\湖北卷\物理\湖北省高考物理卷.pdf,papers/2026/物理/湖北/湖北卷/2026_物理_湖北_湖北卷_原卷.pdf,3
2026,物理,湖南,新高考,2021,地方/区域卷,local,湖南卷,present_local,H:\New folder\2026高考真题+答案\2026年高考真题答案（按省份分类）\湖南卷\物理\2026年湖南物理卷高考真题及答案解析.pdf,papers/2026/物理/湖南/湖南卷/2026_物理_湖南_湖南卷_原卷.pdf,2
2026,物理,广东,新高考,2021,地方/区域卷,local,广东卷,present_local,H:\New folder\2026高考真题+答案\2026年高考真题答案（按省份分类）\广东卷\物理\广东省高考物理真题试卷.pdf,papers/2026/物理/广东/广东卷/2026_物理_广东_广东卷_原卷.pdf,2
2026,物理,广西,新高考,2024,地方/区域卷,local,广西卷,placeholder,H:\New folder\2026高考真题+答案\2026年高考真题答案（按省份分类）\广西卷\物理\2026年高考物理真题和答案 .rar,papers/2026/物理/广西/广西卷/2026_物理_广西_广西卷_placeholder.rar,1
2026,物理,海南,新高考,2020,地方/区域卷,local,海南卷,placeholder,H:\New folder\2026高考真题+答案\2026年高考真题答案（按省份分类）\海南卷\物理\2026年高考物理真题和答案 .rar,papers/2026/物理/海南/海南卷/2026_物理_海南_海南卷_placeholder.rar,1
2026,物理,重庆,新高考,2021,地方/区域卷,local,重庆卷,placeholder,H:\New folder\2026高考真题+答案\2026年高考真题答案（按省份分类）\重庆卷\物理\2026年高考物理真题和答案 .rar,papers/2026/物理/重庆/重庆卷/2026_物理_重庆_重庆卷_placeholder.rar,1
2026,物理,四川,新高考,2025,地方/区域卷,local,四川卷,present_local,H:\New folder\高考六科整理\物理\2026_四川卷\2026年四川省高考物理真题试卷.pdf,papers/2026/物理/四川/四川卷/2026_物理_四川_四川卷_原卷.pdf,5
2026,物理,贵州,新高考,2024,地方/区域卷,local,贵州卷,present_local,H:\New folder\2026高考真题+答案\2026年高考真题答案（按省份分类）\贵州卷\物理\贵州省高考物理真题及答案解析.pdf,papers/2026/物理/贵州/贵州卷/2026_物理_贵州_贵州卷_原卷.pdf,2
2026,物理,云南,新高考,2025,地方/区域卷,local,云南卷,present_local,H:\New folder\2026高考真题+答案\2026年高考真题答案（按省份分类）\云南卷\物理\2026年云南物理卷高考真题及答案解析.pdf,papers/2026/物理/云南/云南卷/2026_物理_云南_云南卷_原卷.pdf,2
2026,物理,西藏,老高考,,,missing,,missing,,,0
2026,物理,陕西,新高考,2025,地方/区域卷,local,陕西卷,present_local,H:\New folder\2026高考真题+答案\2026年高考真题答案（按省份分类）\陕晋宁青卷\物理\2026年高考（陕晋宁青卷）高考物理真题.pdf,papers/2026/物理/陕西/陕西卷/2026_物理_陕西_陕西卷_原卷.pdf,1
2026,物理,甘肃,新高考,2024,地方/区域卷,local,甘肃卷,present_local,H:\New folder\2026高考真题+答案\2026年高考真题答案（按省份分类）\甘肃卷\物理\2026甘肃高考物理真题（回忆版）.png,papers/2026/物理/甘肃/甘肃卷/2026_物理_甘肃_甘肃卷_原卷.png,2
2026,物理,青海,新高考,2025,地方/区域卷,local,青海卷,present_local,H:\New folder\2026高考真题+答案\2026年高考真题答案（按省份分类）\陕晋宁青卷\物理\2026年高考（陕晋宁青卷）高考物理真题.pdf,papers/2026/物理/青海/青海卷/2026_物理_青海_青海卷_原卷.pdf,1
2026,物理,宁夏,新高考,2025,地方/区域卷,local,宁夏卷,present_local,H:\New folder\2026高考真题+答案\2026年高考真题答案（按省份分类）\陕晋宁青卷\物理\2026年高考（陕晋宁青卷）高考物理真题.pdf,papers/2026/物理/宁夏/宁夏卷/2026_物理_宁夏_宁夏卷_原卷.pdf,1
2026,物理,新疆,老高考,,,missing,,missing,,,0
