年份,科目,地区,高考模式,改革起始年,卷别性质,范围,卷型,状态,试卷路径,Markdown路径,听力路径,OCR方式,识别页数
2008,语文,北京,老高考,2020,地方/区域卷,local,北京卷,pdf_only,../papers/2008/语文/北京/北京卷/2008_语文_北京卷_原卷.pdf,,,,
2008,语文,天津,老高考,2020,地方/区域卷,local,天津卷,pdf_only,../papers/2008/语文/天津/天津卷/2008_语文_天津卷_原卷.pdf,,,,
2008,语文,河北,老高考,2021,全国卷,common,全国Ⅰ卷,pdf_only,../papers/2008/语文/全国/全国Ⅰ卷/2008_语文_全国Ⅰ卷_原卷.pdf,,,,
2008,语文,山西,老高考,2025,全国卷,common,全国Ⅰ卷,pdf_only,../papers/2008/语文/全国/全国Ⅰ卷/2008_语文_全国Ⅰ卷_原卷.pdf,,,,
2008,语文,内蒙古,老高考,2025,全国卷,common,全国Ⅱ卷,pdf_only,../papers/2008/语文/全国/全国Ⅱ卷/2008_语文_全国Ⅱ卷_原卷.pdf,,,,
2008,语文,辽宁,老高考,2021,,missing,,missing,,,,,
2008,语文,吉林,老高考,2024,全国卷,common,全国Ⅱ卷,pdf_only,../papers/2008/语文/全国/全国Ⅱ卷/2008_语文_全国Ⅱ卷_原卷.pdf,,,,
2008,语文,黑龙江,老高考,2024,全国卷,common,全国Ⅱ卷,pdf_only,../papers/2008/语文/全国/全国Ⅱ卷/2008_语文_全国Ⅱ卷_原卷.pdf,,,,
2008,语文,上海,老高考,2017,地方/区域卷,local,上海卷,pdf_only,../papers/2008/语文/上海/上海卷/2008_语文_上海卷_原卷.pdf,,,,
2008,语文,江苏,老高考,2021,地方/区域卷,local,江苏卷,pdf_only,../papers/2008/语文/江苏/江苏卷/2008_语文_江苏卷_原卷.pdf,,,,
2008,语文,浙江,老高考,2017,地方/区域卷,local,浙江卷,pdf_only,../papers/2008/语文/浙江/浙江卷/2008_语文_浙江卷_原卷.pdf,,,,
2008,语文,安徽,老高考,2024,,missing,,missing,,,,,
2008,语文,福建,老高考,2021,,missing,,missing,,,,,
2008,语文,江西,老高考,2024,,missing,,missing,,,,,
2008,语文,山东,老高考,2020,地方/区域卷,local,山东卷,pdf_only,../papers/2008/语文/山东/山东卷/2008_语文_山东卷_原卷.pdf,,,,
2008,语文,河南,老高考,2025,全国卷,common,全国Ⅰ卷,pdf_only,../papers/2008/语文/全国/全国Ⅰ卷/2008_语文_全国Ⅰ卷_原卷.pdf,,,,
2008,语文,湖北,老高考,2021,,missing,,missing,,,,,
2008,语文,湖南,老高考,2021,地方/区域卷,local,湖南卷,pdf_only,../papers/2008/语文/湖南/湖南卷/2008_语文_湖南卷_原卷.pdf,,,,
2008,语文,广东,老高考,2021,地方/区域卷,local,广东卷,pdf_only,../papers/2008/语文/广东/广东卷/2008_语文_广东卷_原卷.pdf,,,,
2008,语文,广西,老高考,2024,全国卷,common,全国Ⅰ卷,pdf_only,../papers/2008/语文/全国/全国Ⅰ卷/2008_语文_全国Ⅰ卷_原卷.pdf,,,,
2008,语文,海南,老高考,2020,全国卷,common,海南卷,pdf_only,../papers/2008/语文/全国/海南卷/2008_语文_海南卷_原卷.pdf,,,,
2008,语文,重庆,老高考,2021,,missing,,missing,,,,,
2008,语文,四川,老高考,2025,地方/区域卷,local,四川卷,pdf_only,../papers/2008/语文/四川/四川卷/2008_语文_四川卷_原卷.pdf,,,,
2008,语文,贵州,老高考,2024,全国卷,common,全国Ⅱ卷,pdf_only,../papers/2008/语文/全国/全国Ⅱ卷/2008_语文_全国Ⅱ卷_原卷.pdf,,,,
2008,语文,云南,老高考,2025,全国卷,common,全国Ⅱ卷,pdf_only,../papers/2008/语文/全国/全国Ⅱ卷/2008_语文_全国Ⅱ卷_原卷.pdf,,,,
2008,语文,西藏,老高考,,全国卷,common,全国Ⅱ卷,pdf_only,../papers/2008/语文/全国/全国Ⅱ卷/2008_语文_全国Ⅱ卷_原卷.pdf,,,,
2008,语文,陕西,老高考,2025,全国卷,common,全国Ⅱ卷,pdf_only,../papers/2008/语文/全国/全国Ⅱ卷/2008_语文_全国Ⅱ卷_原卷.pdf,,,,
2008,语文,甘肃,老高考,2024,全国卷,common,全国Ⅱ卷,pdf_only,../papers/2008/语文/全国/全国Ⅱ卷/2008_语文_全国Ⅱ卷_原卷.pdf,,,,
2008,语文,青海,老高考,2025,全国卷,common,全国Ⅱ卷,pdf_only,../papers/2008/语文/全国/全国Ⅱ卷/2008_语文_全国Ⅱ卷_原卷.pdf,,,,
2008,语文,宁夏,老高考,2025,全国卷,common,海南卷,pdf_only,../papers/2008/语文/全国/海南卷/2008_语文_海南卷_原卷.pdf,,,,
2008,语文,新疆,老高考,,全国卷,common,全国Ⅱ卷,pdf_only,../papers/2008/语文/全国/全国Ⅱ卷/2008_语文_全国Ⅱ卷_原卷.pdf,,,,
2008,数学,北京,老高考,2020,地方/区域卷,local,北京卷,done,../papers/2008/数学/北京/北京卷/2008_数学_北京卷_原卷.pdf,../papers/2008/数学/北京/北京卷/2008_数学_北京卷_OCR与考点.md,,pypdf,4
2008,数学,天津,老高考,2020,地方/区域卷,local,天津卷,done,../papers/2008/数学/天津/天津卷/2008_数学_天津卷_原卷.pdf,../papers/2008/数学/天津/天津卷/2008_数学_天津卷_OCR与考点.md,,pypdf,6
2008,数学,河北,老高考,2021,全国卷,common,河北卷,done,../papers/2008/数学/全国/河北卷/2008_数学_河北卷_原卷.pdf,../papers/2008/数学/全国/河北卷/2008_数学_河北卷_OCR与考点.md,,pypdf,4
2008,数学,山西,老高考,2025,全国卷,common,山西卷,done,../papers/2008/数学/全国/山西卷/2008_数学_山西卷_原卷.pdf,../papers/2008/数学/全国/山西卷/2008_数学_山西卷_OCR与考点.md,,pypdf,4
2008,数学,内蒙古,老高考,2025,全国卷,common,内蒙古卷,done,../papers/2008/数学/全国/内蒙古卷/2008_数学_内蒙古卷_原卷.pdf,../papers/2008/数学/全国/内蒙古卷/2008_数学_内蒙古卷_OCR与考点.md,,pypdf,4
2008,数学,辽宁,老高考,2021,地方/区域卷,local,辽宁卷,done,../papers/2008/数学/辽宁/辽宁卷/2008_数学_辽宁卷_原卷.pdf,../papers/2008/数学/辽宁/辽宁卷/2008_数学_辽宁卷_OCR与考点.md,,pypdf,4
2008,数学,吉林,老高考,2024,全国卷,common,吉林卷,done,../papers/2008/数学/全国/吉林卷/2008_数学_吉林卷_原卷.pdf,../papers/2008/数学/全国/吉林卷/2008_数学_吉林卷_OCR与考点.md,,pypdf,4
2008,数学,黑龙江,老高考,2024,全国卷,common,黑龙江卷,done,../papers/2008/数学/全国/黑龙江卷/2008_数学_黑龙江卷_原卷.pdf,../papers/2008/数学/全国/黑龙江卷/2008_数学_黑龙江卷_OCR与考点.md,,pypdf,4
2008,数学,上海,老高考,2017,地方/区域卷,local,上海卷,done,../papers/2008/数学/上海/上海卷/2008_数学_上海卷_原卷.pdf,../papers/2008/数学/上海/上海卷/2008_数学_上海卷_OCR与考点.md,,pypdf,11
2008,数学,江苏,老高考,2021,地方/区域卷,local,江苏卷,done,../papers/2008/数学/江苏/江苏卷/2008_数学_江苏卷_原卷.pdf,../papers/2008/数学/江苏/江苏卷/2008_数学_江苏卷_OCR与考点.md,,pypdf,5
2008,数学,浙江,老高考,2017,地方/区域卷,local,浙江卷,done,../papers/2008/数学/浙江/浙江卷/2008_数学_浙江卷_原卷.pdf,../papers/2008/数学/浙江/浙江卷/2008_数学_浙江卷_OCR与考点.md,,pypdf,4
2008,数学,安徽,老高考,2024,,missing,,missing,,,,,
2008,数学,福建,老高考,2021,,missing,,missing,,,,,
2008,数学,江西,老高考,2024,地方/区域卷,local,江西卷,done,../papers/2008/数学/江西/江西卷/2008_数学_江西卷_原卷.pdf,../papers/2008/数学/江西/江西卷/2008_数学_江西卷_OCR与考点.md,,pypdf,4
2008,数学,山东,老高考,2020,地方/区域卷,local,山东卷,done,../papers/2008/数学/山东/山东卷/2008_数学_山东卷_原卷.pdf,../papers/2008/数学/山东/山东卷/2008_数学_山东卷_OCR与考点.md,,pypdf,5
2008,数学,河南,老高考,2025,全国卷,common,河南卷,done,../papers/2008/数学/全国/河南卷/2008_数学_河南卷_原卷.pdf,../papers/2008/数学/全国/河南卷/2008_数学_河南卷_OCR与考点.md,,pypdf,4
2008,数学,湖北,老高考,2021,,missing,,missing,,,,,
2008,数学,湖南,老高考,2021,地方/区域卷,local,湖南卷,done,../papers/2008/数学/湖南/湖南卷/2008_数学_湖南卷_原卷.pdf,../papers/2008/数学/湖南/湖南卷/2008_数学_湖南卷_OCR与考点.md,,pypdf,4
2008,数学,广东,老高考,2021,地方/区域卷,local,广东卷,done,../papers/2008/数学/广东/广东卷/2008_数学_广东卷_原卷.pdf,../papers/2008/数学/广东/广东卷/2008_数学_广东卷_OCR与考点.md,,pypdf,5
2008,数学,广西,老高考,2024,全国卷,common,广西卷,done,../papers/2008/数学/全国/广西卷/2008_数学_广西卷_原卷.pdf,../papers/2008/数学/全国/广西卷/2008_数学_广西卷_OCR与考点.md,,pypdf,4
2008,数学,海南,老高考,2020,全国卷,common,海南卷,done,../papers/2008/数学/全国/海南卷/2008_数学_海南卷_原卷.pdf,../papers/2008/数学/全国/海南卷/2008_数学_海南卷_OCR与考点.md,,pypdf,5
2008,数学,重庆,老高考,2021,,missing,,missing,,,,,
2008,数学,四川,老高考,2025,地方/区域卷,local,四川卷,done,../papers/2008/数学/四川/四川卷/2008_数学_四川卷_原卷.pdf,../papers/2008/数学/四川/四川卷/2008_数学_四川卷_OCR与考点.md,,pypdf,4
2008,数学,贵州,老高考,2024,全国卷,common,贵州卷,done,../papers/2008/数学/全国/贵州卷/2008_数学_贵州卷_原卷.pdf,../papers/2008/数学/全国/贵州卷/2008_数学_贵州卷_OCR与考点.md,,pypdf,4
2008,数学,云南,老高考,2025,全国卷,common,云南卷,done,../papers/2008/数学/全国/云南卷/2008_数学_云南卷_原卷.pdf,../papers/2008/数学/全国/云南卷/2008_数学_云南卷_OCR与考点.md,,pypdf,4
2008,数学,西藏,老高考,,全国卷,common,西藏卷,done,../papers/2008/数学/全国/西藏卷/2008_数学_西藏卷_原卷.pdf,../papers/2008/数学/全国/西藏卷/2008_数学_西藏卷_OCR与考点.md,,pypdf,4
2008,数学,陕西,老高考,2025,地方/区域卷,local,陕西卷,done,../papers/2008/数学/陕西/陕西卷/2008_数学_陕西卷_原卷.pdf,../papers/2008/数学/陕西/陕西卷/2008_数学_陕西卷_OCR与考点.md,,pypdf,4
2008,数学,甘肃,老高考,2024,全国卷,common,甘肃卷,done,../papers/2008/数学/全国/甘肃卷/2008_数学_甘肃卷_原卷.pdf,../papers/2008/数学/全国/甘肃卷/2008_数学_甘肃卷_OCR与考点.md,,pypdf,4
2008,数学,青海,老高考,2025,全国卷,common,青海卷,done,../papers/2008/数学/全国/青海卷/2008_数学_青海卷_原卷.pdf,../papers/2008/数学/全国/青海卷/2008_数学_青海卷_OCR与考点.md,,pypdf,4
2008,数学,宁夏,老高考,2025,全国卷,common,海南卷,done,../papers/2008/数学/全国/海南卷/2008_数学_海南卷_原卷.pdf,../papers/2008/数学/全国/海南卷/2008_数学_海南卷_OCR与考点.md,,pypdf,5
2008,数学,新疆,老高考,,全国卷,common,新疆卷,done,../papers/2008/数学/全国/新疆卷/2008_数学_新疆卷_原卷.pdf,../papers/2008/数学/全国/新疆卷/2008_数学_新疆卷_OCR与考点.md,,pypdf,4
2008,英语,北京,老高考,2020,地方/区域卷,local,北京卷,done,../papers/2008/英语/北京/北京卷/2008_英语_北京卷_原卷.pdf,../papers/2008/英语/北京/北京卷/2008_英语_北京卷_OCR与考点.md,../papers/2008/英语/北京/北京卷/2008_英语_北京卷_听力.mp3,pypdf,11
2008,英语,天津,老高考,2020,地方/区域卷,local,天津卷,done,../papers/2008/英语/天津/天津卷/2008_英语_天津卷_原卷.pdf,../papers/2008/英语/天津/天津卷/2008_英语_天津卷_OCR与考点.md,../papers/2008/英语/天津/天津卷/2008_英语_天津卷_听力.mp3,pypdf,11
2008,英语,河北,老高考,2021,全国卷,common,全国Ⅰ卷,done,../papers/2008/英语/全国/全国Ⅰ卷/2008_英语_全国Ⅰ卷_原卷.pdf,../papers/2008/英语/全国/全国Ⅰ卷/2008_英语_全国Ⅰ卷_OCR与考点.md,../papers/2008/英语/全国/全国Ⅰ卷/2008_英语_全国Ⅰ卷_听力.mp3,pypdf,15
2008,英语,山西,老高考,2025,全国卷,common,全国Ⅰ卷,done,../papers/2008/英语/全国/全国Ⅰ卷/2008_英语_全国Ⅰ卷_原卷.pdf,../papers/2008/英语/全国/全国Ⅰ卷/2008_英语_全国Ⅰ卷_OCR与考点.md,../papers/2008/英语/全国/全国Ⅰ卷/2008_英语_全国Ⅰ卷_听力.mp3,pypdf,15
2008,英语,内蒙古,老高考,2025,全国卷,common,全国Ⅱ卷,done,../papers/2008/英语/全国/全国Ⅱ卷/2008_英语_全国Ⅱ卷_原卷.pdf,../papers/2008/英语/全国/全国Ⅱ卷/2008_英语_全国Ⅱ卷_OCR与考点.md,../papers/2008/英语/全国/全国Ⅱ卷/2008_英语_全国Ⅱ卷_听力.mp3,pypdf,17
2008,英语,辽宁,老高考,2021,,missing,,missing,,,,,
2008,英语,吉林,老高考,2024,全国卷,common,全国Ⅱ卷,done,../papers/2008/英语/全国/全国Ⅱ卷/2008_英语_全国Ⅱ卷_原卷.pdf,../papers/2008/英语/全国/全国Ⅱ卷/2008_英语_全国Ⅱ卷_OCR与考点.md,../papers/2008/英语/全国/全国Ⅱ卷/2008_英语_全国Ⅱ卷_听力.mp3,pypdf,17
2008,英语,黑龙江,老高考,2024,全国卷,common,全国Ⅱ卷,done,../papers/2008/英语/全国/全国Ⅱ卷/2008_英语_全国Ⅱ卷_原卷.pdf,../papers/2008/英语/全国/全国Ⅱ卷/2008_英语_全国Ⅱ卷_OCR与考点.md,../papers/2008/英语/全国/全国Ⅱ卷/2008_英语_全国Ⅱ卷_听力.mp3,pypdf,17
2008,英语,上海,老高考,2017,地方/区域卷,local,上海卷,done,../papers/2008/英语/上海/上海卷/2008_英语_上海卷_原卷.pdf,../papers/2008/英语/上海/上海卷/2008_英语_上海卷_OCR与考点.md,../papers/2008/英语/上海/上海卷/2008_英语_上海卷_听力.mp3,pypdf,12
2008,英语,江苏,老高考,2021,地方/区域卷,local,江苏卷,done,../papers/2008/英语/江苏/江苏卷/2008_英语_江苏卷_原卷.pdf,../papers/2008/英语/江苏/江苏卷/2008_英语_江苏卷_OCR与考点.md,../papers/2008/英语/江苏/江苏卷/2008_英语_江苏卷_听力.mp3,pypdf,14
2008,英语,浙江,老高考,2017,地方/区域卷,local,浙江卷,done,../papers/2008/英语/浙江/浙江卷/2008_英语_浙江卷_原卷.pdf,../papers/2008/英语/浙江/浙江卷/2008_英语_浙江卷_OCR与考点.md,,pypdf,10
2008,英语,安徽,老高考,2024,,missing,,missing,,,,,
2008,英语,福建,老高考,2021,,missing,,missing,,,,,
2008,英语,江西,老高考,2024,,missing,,missing,,,,,
2008,英语,山东,老高考,2020,地方/区域卷,local,山东卷,done,../papers/2008/英语/山东/山东卷/2008_英语_山东卷_原卷.pdf,../papers/2008/英语/山东/山东卷/2008_英语_山东卷_OCR与考点.md,../papers/2008/英语/山东/山东卷/2008_英语_山东卷_听力.mp3,pypdf,10
2008,英语,河南,老高考,2025,全国卷,common,全国Ⅰ卷,done,../papers/2008/英语/全国/全国Ⅰ卷/2008_英语_全国Ⅰ卷_原卷.pdf,../papers/2008/英语/全国/全国Ⅰ卷/2008_英语_全国Ⅰ卷_OCR与考点.md,../papers/2008/英语/全国/全国Ⅰ卷/2008_英语_全国Ⅰ卷_听力.mp3,pypdf,15
2008,英语,湖北,老高考,2021,,missing,,missing,,,,,
2008,英语,湖南,老高考,2021,地方/区域卷,local,湖南卷,done,../papers/2008/英语/湖南/湖南卷/2008_英语_湖南卷_原卷.pdf,../papers/2008/英语/湖南/湖南卷/2008_英语_湖南卷_OCR与考点.md,../papers/2008/英语/湖南/湖南卷/2008_英语_湖南卷_听力.mp3,pypdf,13
2008,英语,广东,老高考,2021,地方/区域卷,local,广东卷,done,../papers/2008/英语/广东/广东卷/2008_英语_广东卷_原卷.pdf,../papers/2008/英语/广东/广东卷/2008_英语_广东卷_OCR与考点.md,,pypdf,8
2008,英语,广西,老高考,2024,全国卷,common,全国Ⅰ卷,done,../papers/2008/英语/全国/全国Ⅰ卷/2008_英语_全国Ⅰ卷_原卷.pdf,../papers/2008/英语/全国/全国Ⅰ卷/2008_英语_全国Ⅰ卷_OCR与考点.md,../papers/2008/英语/全国/全国Ⅰ卷/2008_英语_全国Ⅰ卷_听力.mp3,pypdf,15
2008,英语,海南,老高考,2020,地方/区域卷,local,海南卷,done,../papers/2008/英语/海南/海南卷/2008_英语_海南卷_原卷.pdf,../papers/2008/英语/海南/海南卷/2008_英语_海南卷_OCR与考点.md,../papers/2008/英语/海南/海南卷/2008_英语_海南卷_听力.mp3,pypdf,15
2008,英语,重庆,老高考,2021,,missing,,missing,,,,,
2008,英语,四川,老高考,2025,地方/区域卷,local,四川卷,done,../papers/2008/英语/四川/四川卷/2008_英语_四川卷_原卷.pdf,../papers/2008/英语/四川/四川卷/2008_英语_四川卷_OCR与考点.md,,pypdf,7
2008,英语,贵州,老高考,2024,全国卷,common,全国Ⅱ卷,done,../papers/2008/英语/全国/全国Ⅱ卷/2008_英语_全国Ⅱ卷_原卷.pdf,../papers/2008/英语/全国/全国Ⅱ卷/2008_英语_全国Ⅱ卷_OCR与考点.md,../papers/2008/英语/全国/全国Ⅱ卷/2008_英语_全国Ⅱ卷_听力.mp3,pypdf,17
2008,英语,云南,老高考,2025,全国卷,common,全国Ⅱ卷,done,../papers/2008/英语/全国/全国Ⅱ卷/2008_英语_全国Ⅱ卷_原卷.pdf,../papers/2008/英语/全国/全国Ⅱ卷/2008_英语_全国Ⅱ卷_OCR与考点.md,../papers/2008/英语/全国/全国Ⅱ卷/2008_英语_全国Ⅱ卷_听力.mp3,pypdf,17
2008,英语,西藏,老高考,,全国卷,common,全国Ⅱ卷,done,../papers/2008/英语/全国/全国Ⅱ卷/2008_英语_全国Ⅱ卷_原卷.pdf,../papers/2008/英语/全国/全国Ⅱ卷/2008_英语_全国Ⅱ卷_OCR与考点.md,../papers/2008/英语/全国/全国Ⅱ卷/2008_英语_全国Ⅱ卷_听力.mp3,pypdf,17
2008,英语,陕西,老高考,2025,地方/区域卷,local,陕西卷,done,../papers/2008/英语/陕西/陕西卷/2008_英语_陕西卷_原卷.pdf,../papers/2008/英语/陕西/陕西卷/2008_英语_陕西卷_OCR与考点.md,,pypdf,10
2008,英语,甘肃,老高考,2024,全国卷,common,全国Ⅱ卷,done,../papers/2008/英语/全国/全国Ⅱ卷/2008_英语_全国Ⅱ卷_原卷.pdf,../papers/2008/英语/全国/全国Ⅱ卷/2008_英语_全国Ⅱ卷_OCR与考点.md,../papers/2008/英语/全国/全国Ⅱ卷/2008_英语_全国Ⅱ卷_听力.mp3,pypdf,17
2008,英语,青海,老高考,2025,全国卷,common,全国Ⅱ卷,done,../papers/2008/英语/全国/全国Ⅱ卷/2008_英语_全国Ⅱ卷_原卷.pdf,../papers/2008/英语/全国/全国Ⅱ卷/2008_英语_全国Ⅱ卷_OCR与考点.md,../papers/2008/英语/全国/全国Ⅱ卷/2008_英语_全国Ⅱ卷_听力.mp3,pypdf,17
2008,英语,宁夏,老高考,2025,地方/区域卷,local,海南卷,done,../papers/2008/英语/宁夏/海南卷/2008_英语_宁夏海南卷_原卷.pdf,../papers/2008/英语/宁夏/海南卷/2008_英语_宁夏海南卷_OCR与考点.md,../papers/2008/英语/宁夏/海南卷/2008_英语_宁夏海南卷_听力.mp3,pypdf,15
2008,英语,新疆,老高考,,全国卷,common,全国Ⅱ卷,done,../papers/2008/英语/全国/全国Ⅱ卷/2008_英语_全国Ⅱ卷_原卷.pdf,../papers/2008/英语/全国/全国Ⅱ卷/2008_英语_全国Ⅱ卷_OCR与考点.md,../papers/2008/英语/全国/全国Ⅱ卷/2008_英语_全国Ⅱ卷_听力.mp3,pypdf,17
2008,物理,北京,老高考,2020,地方/区域卷,local,北京卷,done,../papers/2008/物理/北京/北京理综/2008_物理_北京理综_原卷.pdf,../papers/2008/物理/北京/北京理综/2008_物理_北京理综_OCR与考点.md,,pypdf,7
2008,物理,天津,老高考,2020,地方/区域卷,local,天津卷,done,../papers/2008/物理/天津/天津理综/2008_物理_天津理综_原卷.pdf,../papers/2008/物理/天津/天津理综/2008_物理_天津理综_OCR与考点.md,,pypdf,5
2008,物理,河北,老高考,2021,全国卷,common,河北卷,done,../papers/2008/物理/全国/河北理综/2008_物理_河北理综_原卷.pdf,../papers/2008/物理/全国/河北理综/2008_物理_河北理综_OCR与考点.md,,pypdf,5
2008,物理,山西,老高考,2025,全国卷,common,山西卷,done,../papers/2008/物理/全国/山西理综/2008_物理_山西理综_原卷.pdf,../papers/2008/物理/全国/山西理综/2008_物理_山西理综_OCR与考点.md,,pypdf,5
2008,物理,内蒙古,老高考,2025,全国卷,common,内蒙古卷,done,../papers/2008/物理/全国/内蒙古理综/2008_物理_内蒙古理综_原卷.pdf,../papers/2008/物理/全国/内蒙古理综/2008_物理_内蒙古理综_OCR与考点.md,,pypdf,5
2008,物理,辽宁,老高考,2021,,missing,,missing,,,,,
2008,物理,吉林,老高考,2024,全国卷,common,吉林卷,done,../papers/2008/物理/全国/吉林理综/2008_物理_吉林理综_原卷.pdf,../papers/2008/物理/全国/吉林理综/2008_物理_吉林理综_OCR与考点.md,,pypdf,5
2008,物理,黑龙江,老高考,2024,全国卷,common,黑龙江卷,done,../papers/2008/物理/全国/黑龙江理综/2008_物理_黑龙江理综_原卷.pdf,../papers/2008/物理/全国/黑龙江理综/2008_物理_黑龙江理综_OCR与考点.md,,pypdf,5
2008,物理,上海,老高考,2017,地方/区域卷,local,上海卷,done,../papers/2008/物理/上海/上海理综/2008_物理_上海理综_原卷.pdf,../papers/2008/物理/上海/上海理综/2008_物理_上海理综_OCR与考点.md,,pypdf,12
2008,物理,江苏,老高考,2021,地方/区域卷,local,江苏卷,done,../papers/2008/物理/江苏/江苏理综/2008_物理_江苏理综_原卷.pdf,../papers/2008/物理/江苏/江苏理综/2008_物理_江苏理综_OCR与考点.md,,pypdf,8
2008,物理,浙江,老高考,2017,地方/区域卷,local,浙江卷,done,../papers/2008/物理/浙江/浙江理综/2008_物理_浙江理综_原卷.pdf,../papers/2008/物理/浙江/浙江理综/2008_物理_浙江理综_OCR与考点.md,,pypdf,5
2008,物理,安徽,老高考,2024,,missing,,missing,,,,,
2008,物理,福建,老高考,2021,,missing,,missing,,,,,
2008,物理,江西,老高考,2024,全国卷,common,江西卷,done,../papers/2008/物理/全国/江西理综/2008_物理_江西理综_原卷.pdf,../papers/2008/物理/全国/江西理综/2008_物理_江西理综_OCR与考点.md,,pypdf,5
2008,物理,山东,老高考,2020,地方/区域卷,local,山东卷,done,../papers/2008/物理/山东/山东理综/2008_物理_山东理综_原卷.pdf,../papers/2008/物理/山东/山东理综/2008_物理_山东理综_OCR与考点.md,,pypdf,8
2008,物理,河南,老高考,2025,全国卷,common,河南卷,done,../papers/2008/物理/全国/河南理综/2008_物理_河南理综_原卷.pdf,../papers/2008/物理/全国/河南理综/2008_物理_河南理综_OCR与考点.md,,pypdf,5
2008,物理,湖北,老高考,2021,全国卷,common,湖北卷,done,../papers/2008/物理/全国/湖北理综/2008_物理_湖北理综_原卷.pdf,../papers/2008/物理/全国/湖北理综/2008_物理_湖北理综_OCR与考点.md,,pypdf,5
2008,物理,湖南,老高考,2021,全国卷,common,湖南卷,done,../papers/2008/物理/全国/湖南理综/2008_物理_湖南理综_原卷.pdf,../papers/2008/物理/全国/湖南理综/2008_物理_湖南理综_OCR与考点.md,,pypdf,5
2008,物理,广东,老高考,2021,地方/区域卷,local,广东卷,done,../papers/2008/物理/广东/广东理综/2008_物理_广东理综_原卷.pdf,../papers/2008/物理/广东/广东理综/2008_物理_广东理综_OCR与考点.md,,pypdf,8
2008,物理,广西,老高考,2024,全国卷,common,广西卷,done,../papers/2008/物理/全国/广西理综/2008_物理_广西理综_原卷.pdf,../papers/2008/物理/全国/广西理综/2008_物理_广西理综_OCR与考点.md,,pypdf,5
2008,物理,海南,老高考,2020,地方/区域卷,local,海南卷,done,../papers/2008/物理/海南/海南理综/2008_物理_海南理综_原卷.pdf,../papers/2008/物理/海南/海南理综/2008_物理_海南理综_OCR与考点.md,,pypdf,6
2008,物理,重庆,老高考,2021,,missing,,missing,,,,,
2008,物理,四川,老高考,2025,地方/区域卷,local,四川卷,done,../papers/2008/物理/四川/四川理综/2008_物理_四川理综_原卷.pdf,../papers/2008/物理/四川/四川理综/2008_物理_四川理综_OCR与考点.md,,pypdf,4
2008,物理,贵州,老高考,2024,全国卷,common,贵州卷,done,../papers/2008/物理/全国/贵州理综/2008_物理_贵州理综_原卷.pdf,../papers/2008/物理/全国/贵州理综/2008_物理_贵州理综_OCR与考点.md,,pypdf,5
2008,物理,云南,老高考,2025,全国卷,common,云南卷,done,../papers/2008/物理/全国/云南理综/2008_物理_云南理综_原卷.pdf,../papers/2008/物理/全国/云南理综/2008_物理_云南理综_OCR与考点.md,,pypdf,5
2008,物理,西藏,老高考,,全国卷,common,西藏卷,done,../papers/2008/物理/全国/西藏理综/2008_物理_西藏理综_原卷.pdf,../papers/2008/物理/全国/西藏理综/2008_物理_西藏理综_OCR与考点.md,,pypdf,5
2008,物理,陕西,老高考,2025,全国卷,common,陕西卷,done,../papers/2008/物理/全国/陕西理综/2008_物理_陕西理综_原卷.pdf,../papers/2008/物理/全国/陕西理综/2008_物理_陕西理综_OCR与考点.md,,pypdf,5
2008,物理,甘肃,老高考,2024,全国卷,common,甘肃卷,done,../papers/2008/物理/全国/甘肃理综/2008_物理_甘肃理综_原卷.pdf,../papers/2008/物理/全国/甘肃理综/2008_物理_甘肃理综_OCR与考点.md,,pypdf,5
2008,物理,青海,老高考,2025,全国卷,common,青海卷,done,../papers/2008/物理/全国/青海理综/2008_物理_青海理综_原卷.pdf,../papers/2008/物理/全国/青海理综/2008_物理_青海理综_OCR与考点.md,,pypdf,5
2008,物理,宁夏,老高考,2025,,missing,,missing,,,,,
2008,物理,新疆,老高考,,全国卷,common,新疆卷,done,../papers/2008/物理/全国/新疆理综/2008_物理_新疆理综_原卷.pdf,../papers/2008/物理/全国/新疆理综/2008_物理_新疆理综_OCR与考点.md,,pypdf,5
2008,化学,北京,老高考,2020,地方/区域卷,local,北京卷,done,../papers/2008/化学/北京/北京理综/2008_化学_北京理综_原卷.pdf,../papers/2008/化学/北京/北京理综/2008_化学_北京理综_OCR与考点.md,,pypdf,5
2008,化学,天津,老高考,2020,地方/区域卷,local,天津卷,done,../papers/2008/化学/天津/天津理综/2008_化学_天津理综_原卷.pdf,../papers/2008/化学/天津/天津理综/2008_化学_天津理综_OCR与考点.md,,pypdf,4
2008,化学,河北,老高考,2021,全国卷,common,河北卷,done,../papers/2008/化学/全国/河北理综/2008_化学_河北理综_原卷.pdf,../papers/2008/化学/全国/河北理综/2008_化学_河北理综_OCR与考点.md,,pypdf,4
2008,化学,山西,老高考,2025,全国卷,common,山西卷,done,../papers/2008/化学/全国/山西理综/2008_化学_山西理综_原卷.pdf,../papers/2008/化学/全国/山西理综/2008_化学_山西理综_OCR与考点.md,,pypdf,4
2008,化学,内蒙古,老高考,2025,全国卷,common,内蒙古卷,done,../papers/2008/化学/全国/内蒙古理综/2008_化学_内蒙古理综_原卷.pdf,../papers/2008/化学/全国/内蒙古理综/2008_化学_内蒙古理综_OCR与考点.md,,pypdf,5
2008,化学,辽宁,老高考,2021,,missing,,missing,,,,,
2008,化学,吉林,老高考,2024,全国卷,common,吉林卷,done,../papers/2008/化学/全国/吉林理综/2008_化学_吉林理综_原卷.pdf,../papers/2008/化学/全国/吉林理综/2008_化学_吉林理综_OCR与考点.md,,pypdf,5
2008,化学,黑龙江,老高考,2024,全国卷,common,黑龙江卷,done,../papers/2008/化学/全国/黑龙江理综/2008_化学_黑龙江理综_原卷.pdf,../papers/2008/化学/全国/黑龙江理综/2008_化学_黑龙江理综_OCR与考点.md,,pypdf,5
2008,化学,上海,老高考,2017,地方/区域卷,local,上海卷,done,../papers/2008/化学/上海/上海理综/2008_化学_上海理综_原卷.pdf,../papers/2008/化学/上海/上海理综/2008_化学_上海理综_OCR与考点.md,,pypdf,9
2008,化学,江苏,老高考,2021,地方/区域卷,local,江苏卷,done,../papers/2008/化学/江苏/江苏理综/2008_化学_江苏理综_原卷.pdf,../papers/2008/化学/江苏/江苏理综/2008_化学_江苏理综_OCR与考点.md,,pypdf,10
2008,化学,浙江,老高考,2017,地方/区域卷,local,浙江卷,done,../papers/2008/化学/浙江/浙江理综/2008_化学_浙江理综_原卷.pdf,../papers/2008/化学/浙江/浙江理综/2008_化学_浙江理综_OCR与考点.md,,pypdf,3
2008,化学,安徽,老高考,2024,,missing,,missing,,,,,
2008,化学,福建,老高考,2021,,missing,,missing,,,,,
2008,化学,江西,老高考,2024,全国卷,common,江西卷,done,../papers/2008/化学/全国/江西理综/2008_化学_江西理综_原卷.pdf,../papers/2008/化学/全国/江西理综/2008_化学_江西理综_OCR与考点.md,,pypdf,4
2008,化学,山东,老高考,2020,地方/区域卷,local,山东卷,done,../papers/2008/化学/山东/山东理综/2008_化学_山东理综_原卷.pdf,../papers/2008/化学/山东/山东理综/2008_化学_山东理综_OCR与考点.md,,pypdf,8
2008,化学,河南,老高考,2025,全国卷,common,河南卷,done,../papers/2008/化学/全国/河南理综/2008_化学_河南理综_原卷.pdf,../papers/2008/化学/全国/河南理综/2008_化学_河南理综_OCR与考点.md,,pypdf,4
2008,化学,湖北,老高考,2021,全国卷,common,湖北卷,done,../papers/2008/化学/全国/湖北理综/2008_化学_湖北理综_原卷.pdf,../papers/2008/化学/全国/湖北理综/2008_化学_湖北理综_OCR与考点.md,,pypdf,4
2008,化学,湖南,老高考,2021,全国卷,common,湖南卷,done,../papers/2008/化学/全国/湖南理综/2008_化学_湖南理综_原卷.pdf,../papers/2008/化学/全国/湖南理综/2008_化学_湖南理综_OCR与考点.md,,pypdf,4
2008,化学,广东,老高考,2021,地方/区域卷,local,广东卷,done,../papers/2008/化学/广东/广东理综/2008_化学_广东理综_原卷.pdf,../papers/2008/化学/广东/广东理综/2008_化学_广东理综_OCR与考点.md,,pypdf,12
2008,化学,广西,老高考,2024,全国卷,common,广西卷,done,../papers/2008/化学/全国/广西理综/2008_化学_广西理综_原卷.pdf,../papers/2008/化学/全国/广西理综/2008_化学_广西理综_OCR与考点.md,,pypdf,4
2008,化学,海南,老高考,2020,地方/区域卷,local,海南卷,done,../papers/2008/化学/海南/海南理综/2008_化学_海南理综_原卷.pdf,../papers/2008/化学/海南/海南理综/2008_化学_海南理综_OCR与考点.md,,pypdf,9
2008,化学,重庆,老高考,2021,,missing,,missing,,,,,
2008,化学,四川,老高考,2025,地方/区域卷,local,四川卷,done,../papers/2008/化学/四川/四川理综/2008_化学_四川理综_原卷.pdf,../papers/2008/化学/四川/四川理综/2008_化学_四川理综_OCR与考点.md,,pypdf,4
2008,化学,贵州,老高考,2024,全国卷,common,贵州卷,done,../papers/2008/化学/全国/贵州理综/2008_化学_贵州理综_原卷.pdf,../papers/2008/化学/全国/贵州理综/2008_化学_贵州理综_OCR与考点.md,,pypdf,5
2008,化学,云南,老高考,2025,全国卷,common,云南卷,done,../papers/2008/化学/全国/云南理综/2008_化学_云南理综_原卷.pdf,../papers/2008/化学/全国/云南理综/2008_化学_云南理综_OCR与考点.md,,pypdf,5
2008,化学,西藏,老高考,,全国卷,common,西藏卷,done,../papers/2008/化学/全国/西藏理综/2008_化学_西藏理综_原卷.pdf,../papers/2008/化学/全国/西藏理综/2008_化学_西藏理综_OCR与考点.md,,pypdf,5
2008,化学,陕西,老高考,2025,全国卷,common,陕西卷,done,../papers/2008/化学/全国/陕西理综/2008_化学_陕西理综_原卷.pdf,../papers/2008/化学/全国/陕西理综/2008_化学_陕西理综_OCR与考点.md,,pypdf,5
2008,化学,甘肃,老高考,2024,全国卷,common,甘肃卷,done,../papers/2008/化学/全国/甘肃理综/2008_化学_甘肃理综_原卷.pdf,../papers/2008/化学/全国/甘肃理综/2008_化学_甘肃理综_OCR与考点.md,,pypdf,5
2008,化学,青海,老高考,2025,全国卷,common,青海卷,done,../papers/2008/化学/全国/青海理综/2008_化学_青海理综_原卷.pdf,../papers/2008/化学/全国/青海理综/2008_化学_青海理综_OCR与考点.md,,pypdf,5
2008,化学,宁夏,老高考,2025,,missing,,missing,,,,,
2008,化学,新疆,老高考,,全国卷,common,新疆卷,done,../papers/2008/化学/全国/新疆理综/2008_化学_新疆理综_原卷.pdf,../papers/2008/化学/全国/新疆理综/2008_化学_新疆理综_OCR与考点.md,,pypdf,5
2008,生物,北京,老高考,2020,地方/区域卷,local,北京卷,done,../papers/2008/生物/北京/北京理综/2008_生物_北京理综_原卷.pdf,../papers/2008/生物/北京/北京理综/2008_生物_北京理综_OCR与考点.md,,pypdf,3
2008,生物,天津,老高考,2020,地方/区域卷,local,天津卷,done,../papers/2008/生物/天津/天津理综/2008_生物_天津理综_原卷.pdf,../papers/2008/生物/天津/天津理综/2008_生物_天津理综_OCR与考点.md,,pypdf,4
2008,生物,河北,老高考,2021,全国卷,common,河北卷,done,../papers/2008/生物/全国/河北理综/2008_生物_河北理综_原卷.pdf,../papers/2008/生物/全国/河北理综/2008_生物_河北理综_OCR与考点.md,,pypdf,4
2008,生物,山西,老高考,2025,全国卷,common,山西卷,done,../papers/2008/生物/全国/山西理综/2008_生物_山西理综_原卷.pdf,../papers/2008/生物/全国/山西理综/2008_生物_山西理综_OCR与考点.md,,pypdf,4
2008,生物,内蒙古,老高考,2025,全国卷,common,内蒙古卷,done,../papers/2008/生物/全国/内蒙古理综/2008_生物_内蒙古理综_原卷.pdf,../papers/2008/生物/全国/内蒙古理综/2008_生物_内蒙古理综_OCR与考点.md,,pypdf,3
2008,生物,辽宁,老高考,2021,,missing,,missing,,,,,
2008,生物,吉林,老高考,2024,全国卷,common,吉林卷,done,../papers/2008/生物/全国/吉林理综/2008_生物_吉林理综_原卷.pdf,../papers/2008/生物/全国/吉林理综/2008_生物_吉林理综_OCR与考点.md,,pypdf,3
2008,生物,黑龙江,老高考,2024,全国卷,common,黑龙江卷,done,../papers/2008/生物/全国/黑龙江理综/2008_生物_黑龙江理综_原卷.pdf,../papers/2008/生物/全国/黑龙江理综/2008_生物_黑龙江理综_OCR与考点.md,,pypdf,3
2008,生物,上海,老高考,2017,地方/区域卷,local,上海卷,done,../papers/2008/生物/上海/上海理综/2008_生物_上海理综_原卷.pdf,../papers/2008/生物/上海/上海理综/2008_生物_上海理综_OCR与考点.md,,pypdf,11
2008,生物,江苏,老高考,2021,地方/区域卷,local,江苏卷,done,../papers/2008/生物/江苏/江苏理综/2008_生物_江苏理综_原卷.pdf,../papers/2008/生物/江苏/江苏理综/2008_生物_江苏理综_OCR与考点.md,,pypdf,13
2008,生物,浙江,老高考,2017,地方/区域卷,local,浙江卷,done,../papers/2008/生物/浙江/浙江理综/2008_生物_浙江理综_原卷.pdf,../papers/2008/生物/浙江/浙江理综/2008_生物_浙江理综_OCR与考点.md,,pypdf,3
2008,生物,安徽,老高考,2024,,missing,,missing,,,,,
2008,生物,福建,老高考,2021,,missing,,missing,,,,,
2008,生物,江西,老高考,2024,全国卷,common,江西卷,done,../papers/2008/生物/全国/江西理综/2008_生物_江西理综_原卷.pdf,../papers/2008/生物/全国/江西理综/2008_生物_江西理综_OCR与考点.md,,pypdf,4
2008,生物,山东,老高考,2020,地方/区域卷,local,山东卷,done,../papers/2008/生物/山东/山东理综/2008_生物_山东理综_原卷.pdf,../papers/2008/生物/山东/山东理综/2008_生物_山东理综_OCR与考点.md,,pypdf,4
2008,生物,河南,老高考,2025,全国卷,common,河南卷,done,../papers/2008/生物/全国/河南理综/2008_生物_河南理综_原卷.pdf,../papers/2008/生物/全国/河南理综/2008_生物_河南理综_OCR与考点.md,,pypdf,4
2008,生物,湖北,老高考,2021,全国卷,common,湖北卷,done,../papers/2008/生物/全国/湖北理综/2008_生物_湖北理综_原卷.pdf,../papers/2008/生物/全国/湖北理综/2008_生物_湖北理综_OCR与考点.md,,pypdf,4
2008,生物,湖南,老高考,2021,全国卷,common,湖南卷,done,../papers/2008/生物/全国/湖南理综/2008_生物_湖南理综_原卷.pdf,../papers/2008/生物/全国/湖南理综/2008_生物_湖南理综_OCR与考点.md,,pypdf,4
2008,生物,广东,老高考,2021,地方/区域卷,local,广东卷,done,../papers/2008/生物/广东/广东理综/2008_生物_广东理综_原卷.pdf,../papers/2008/生物/广东/广东理综/2008_生物_广东理综_OCR与考点.md,,pypdf,5
2008,生物,广西,老高考,2024,全国卷,common,广西卷,done,../papers/2008/生物/全国/广西理综/2008_生物_广西理综_原卷.pdf,../papers/2008/生物/全国/广西理综/2008_生物_广西理综_OCR与考点.md,,pypdf,4
2008,生物,海南,老高考,2020,地方/区域卷,local,海南卷,done,../papers/2008/生物/海南/海南理综/2008_生物_海南理综_原卷.pdf,../papers/2008/生物/海南/海南理综/2008_生物_海南理综_OCR与考点.md,,pypdf,7
2008,生物,重庆,老高考,2021,,missing,,missing,,,,,
2008,生物,四川,老高考,2025,地方/区域卷,local,四川卷,done,../papers/2008/生物/四川/四川理综/2008_生物_四川理综_原卷.pdf,../papers/2008/生物/四川/四川理综/2008_生物_四川理综_OCR与考点.md,,pypdf,3
2008,生物,贵州,老高考,2024,全国卷,common,贵州卷,done,../papers/2008/生物/全国/贵州理综/2008_生物_贵州理综_原卷.pdf,../papers/2008/生物/全国/贵州理综/2008_生物_贵州理综_OCR与考点.md,,pypdf,3
2008,生物,云南,老高考,2025,全国卷,common,云南卷,done,../papers/2008/生物/全国/云南理综/2008_生物_云南理综_原卷.pdf,../papers/2008/生物/全国/云南理综/2008_生物_云南理综_OCR与考点.md,,pypdf,3
2008,生物,西藏,老高考,,全国卷,common,西藏卷,done,../papers/2008/生物/全国/西藏理综/2008_生物_西藏理综_原卷.pdf,../papers/2008/生物/全国/西藏理综/2008_生物_西藏理综_OCR与考点.md,,pypdf,3
2008,生物,陕西,老高考,2025,全国卷,common,陕西卷,done,../papers/2008/生物/全国/陕西理综/2008_生物_陕西理综_原卷.pdf,../papers/2008/生物/全国/陕西理综/2008_生物_陕西理综_OCR与考点.md,,pypdf,3
2008,生物,甘肃,老高考,2024,全国卷,common,甘肃卷,done,../papers/2008/生物/全国/甘肃理综/2008_生物_甘肃理综_原卷.pdf,../papers/2008/生物/全国/甘肃理综/2008_生物_甘肃理综_OCR与考点.md,,pypdf,3
2008,生物,青海,老高考,2025,全国卷,common,青海卷,done,../papers/2008/生物/全国/青海理综/2008_生物_青海理综_原卷.pdf,../papers/2008/生物/全国/青海理综/2008_生物_青海理综_OCR与考点.md,,pypdf,3
2008,生物,宁夏,老高考,2025,,missing,,missing,,,,,
2008,生物,新疆,老高考,,全国卷,common,新疆卷,done,../papers/2008/生物/全国/新疆理综/2008_生物_新疆理综_原卷.pdf,../papers/2008/生物/全国/新疆理综/2008_生物_新疆理综_OCR与考点.md,,pypdf,3
2008,政治,北京,老高考,2020,地方/区域卷,local,北京卷,done,../papers/2008/政治/北京/北京文综/2008_政治_北京文综_原卷.pdf,../papers/2008/政治/北京/北京文综/2008_政治_北京文综_OCR与考点.md,,pypdf,4
2008,政治,天津,老高考,2020,地方/区域卷,local,天津卷,done,../papers/2008/政治/天津/天津文综/2008_政治_天津文综_原卷.pdf,../papers/2008/政治/天津/天津文综/2008_政治_天津文综_OCR与考点.md,,pypdf,4
2008,政治,河北,老高考,2021,全国卷,common,全国Ⅰ卷,done,../papers/2008/政治/全国/全国Ⅰ卷文综/2008_政治_全国Ⅰ卷文综_原卷.pdf,../papers/2008/政治/全国/全国Ⅰ卷文综/2008_政治_全国Ⅰ卷文综_OCR与考点.md,,pypdf,5
2008,政治,山西,老高考,2025,全国卷,common,全国Ⅰ卷,done,../papers/2008/政治/全国/全国Ⅰ卷文综/2008_政治_全国Ⅰ卷文综_原卷.pdf,../papers/2008/政治/全国/全国Ⅰ卷文综/2008_政治_全国Ⅰ卷文综_OCR与考点.md,,pypdf,5
2008,政治,内蒙古,老高考,2025,全国卷,common,全国Ⅱ卷,done,../papers/2008/政治/全国/全国Ⅱ卷文综/2008_政治_全国Ⅱ卷文综_原卷.pdf,../papers/2008/政治/全国/全国Ⅱ卷文综/2008_政治_全国Ⅱ卷文综_OCR与考点.md,,pypdf,6
2008,政治,辽宁,老高考,2021,,missing,,missing,,,,,
2008,政治,吉林,老高考,2024,全国卷,common,全国Ⅱ卷,done,../papers/2008/政治/全国/全国Ⅱ卷文综/2008_政治_全国Ⅱ卷文综_原卷.pdf,../papers/2008/政治/全国/全国Ⅱ卷文综/2008_政治_全国Ⅱ卷文综_OCR与考点.md,,pypdf,6
2008,政治,黑龙江,老高考,2024,全国卷,common,全国Ⅱ卷,done,../papers/2008/政治/全国/全国Ⅱ卷文综/2008_政治_全国Ⅱ卷文综_原卷.pdf,../papers/2008/政治/全国/全国Ⅱ卷文综/2008_政治_全国Ⅱ卷文综_OCR与考点.md,,pypdf,6
2008,政治,上海,老高考,2017,地方/区域卷,local,上海卷,done,../papers/2008/政治/上海/上海文综/2008_政治_上海文综_原卷.pdf,../papers/2008/政治/上海/上海文综/2008_政治_上海文综_OCR与考点.md,,pypdf,10
2008,政治,江苏,老高考,2021,地方/区域卷,local,江苏卷,done,../papers/2008/政治/江苏/江苏文综/2008_政治_江苏文综_原卷.pdf,../papers/2008/政治/江苏/江苏文综/2008_政治_江苏文综_OCR与考点.md,,pypdf,6
2008,政治,浙江,老高考,2017,地方/区域卷,local,浙江卷,done,../papers/2008/政治/浙江/浙江文综/2008_政治_浙江文综_原卷.pdf,../papers/2008/政治/浙江/浙江文综/2008_政治_浙江文综_OCR与考点.md,,pypdf,6
2008,政治,安徽,老高考,2024,,missing,,missing,,,,,
2008,政治,福建,老高考,2021,,missing,,missing,,,,,
2008,政治,江西,老高考,2024,全国卷,common,全国Ⅰ卷,done,../papers/2008/政治/全国/全国Ⅰ卷文综/2008_政治_全国Ⅰ卷文综_原卷.pdf,../papers/2008/政治/全国/全国Ⅰ卷文综/2008_政治_全国Ⅰ卷文综_OCR与考点.md,,pypdf,5
2008,政治,山东,老高考,2020,地方/区域卷,local,山东卷,done,../papers/2008/政治/山东/山东文综/2008_政治_山东文综_原卷.pdf,../papers/2008/政治/山东/山东文综/2008_政治_山东文综_OCR与考点.md,,pypdf,4
2008,政治,河南,老高考,2025,全国卷,common,全国Ⅰ卷,done,../papers/2008/政治/全国/全国Ⅰ卷文综/2008_政治_全国Ⅰ卷文综_原卷.pdf,../papers/2008/政治/全国/全国Ⅰ卷文综/2008_政治_全国Ⅰ卷文综_OCR与考点.md,,pypdf,5
2008,政治,湖北,老高考,2021,全国卷,common,全国Ⅰ卷,done,../papers/2008/政治/全国/全国Ⅰ卷文综/2008_政治_全国Ⅰ卷文综_原卷.pdf,../papers/2008/政治/全国/全国Ⅰ卷文综/2008_政治_全国Ⅰ卷文综_OCR与考点.md,,pypdf,5
2008,政治,湖南,老高考,2021,全国卷,common,全国Ⅰ卷,done,../papers/2008/政治/全国/全国Ⅰ卷文综/2008_政治_全国Ⅰ卷文综_原卷.pdf,../papers/2008/政治/全国/全国Ⅰ卷文综/2008_政治_全国Ⅰ卷文综_OCR与考点.md,,pypdf,5
2008,政治,广东,老高考,2021,地方/区域卷,local,广东卷,done,../papers/2008/政治/广东/广东文综/2008_政治_广东文综_原卷.pdf,../papers/2008/政治/广东/广东文综/2008_政治_广东文综_OCR与考点.md,,pypdf,8
2008,政治,广西,老高考,2024,全国卷,common,全国Ⅰ卷,done,../papers/2008/政治/全国/全国Ⅰ卷文综/2008_政治_全国Ⅰ卷文综_原卷.pdf,../papers/2008/政治/全国/全国Ⅰ卷文综/2008_政治_全国Ⅰ卷文综_OCR与考点.md,,pypdf,5
2008,政治,海南,老高考,2020,地方/区域卷,local,海南卷,done,../papers/2008/政治/海南/海南文综/2008_政治_海南文综_原卷.pdf,../papers/2008/政治/海南/海南文综/2008_政治_海南文综_OCR与考点.md,,pypdf,5
2008,政治,重庆,老高考,2021,,missing,,missing,,,,,
2008,政治,四川,老高考,2025,地方/区域卷,local,四川卷,done,../papers/2008/政治/四川/四川文综/2008_政治_四川文综_原卷.pdf,../papers/2008/政治/四川/四川文综/2008_政治_四川文综_OCR与考点.md,,pypdf,4
2008,政治,贵州,老高考,2024,全国卷,common,全国Ⅱ卷,done,../papers/2008/政治/全国/全国Ⅱ卷文综/2008_政治_全国Ⅱ卷文综_原卷.pdf,../papers/2008/政治/全国/全国Ⅱ卷文综/2008_政治_全国Ⅱ卷文综_OCR与考点.md,,pypdf,6
2008,政治,云南,老高考,2025,全国卷,common,全国Ⅱ卷,done,../papers/2008/政治/全国/全国Ⅱ卷文综/2008_政治_全国Ⅱ卷文综_原卷.pdf,../papers/2008/政治/全国/全国Ⅱ卷文综/2008_政治_全国Ⅱ卷文综_OCR与考点.md,,pypdf,6
2008,政治,西藏,老高考,,全国卷,common,全国Ⅱ卷,done,../papers/2008/政治/全国/全国Ⅱ卷文综/2008_政治_全国Ⅱ卷文综_原卷.pdf,../papers/2008/政治/全国/全国Ⅱ卷文综/2008_政治_全国Ⅱ卷文综_OCR与考点.md,,pypdf,6
2008,政治,陕西,老高考,2025,全国卷,common,全国Ⅱ卷,done,../papers/2008/政治/全国/全国Ⅱ卷文综/2008_政治_全国Ⅱ卷文综_原卷.pdf,../papers/2008/政治/全国/全国Ⅱ卷文综/2008_政治_全国Ⅱ卷文综_OCR与考点.md,,pypdf,6
2008,政治,甘肃,老高考,2024,全国卷,common,全国Ⅱ卷,done,../papers/2008/政治/全国/全国Ⅱ卷文综/2008_政治_全国Ⅱ卷文综_原卷.pdf,../papers/2008/政治/全国/全国Ⅱ卷文综/2008_政治_全国Ⅱ卷文综_OCR与考点.md,,pypdf,6
2008,政治,青海,老高考,2025,全国卷,common,全国Ⅱ卷,done,../papers/2008/政治/全国/全国Ⅱ卷文综/2008_政治_全国Ⅱ卷文综_原卷.pdf,../papers/2008/政治/全国/全国Ⅱ卷文综/2008_政治_全国Ⅱ卷文综_OCR与考点.md,,pypdf,6
2008,政治,宁夏,老高考,2025,,missing,,missing,,,,,
2008,政治,新疆,老高考,,全国卷,common,全国Ⅱ卷,done,../papers/2008/政治/全国/全国Ⅱ卷文综/2008_政治_全国Ⅱ卷文综_原卷.pdf,../papers/2008/政治/全国/全国Ⅱ卷文综/2008_政治_全国Ⅱ卷文综_OCR与考点.md,,pypdf,6
2008,历史,北京,老高考,2020,地方/区域卷,local,北京卷,done,../papers/2008/历史/北京/北京文综/2008_历史_北京文综_原卷.pdf,../papers/2008/历史/北京/北京文综/2008_历史_北京文综_OCR与考点.md,,pypdf,6
2008,历史,天津,老高考,2020,地方/区域卷,local,天津卷,done,../papers/2008/历史/天津/天津文综/2008_历史_天津文综_原卷.pdf,../papers/2008/历史/天津/天津文综/2008_历史_天津文综_OCR与考点.md,,pypdf,6
2008,历史,河北,老高考,2021,全国卷,common,河北卷,done,../papers/2008/历史/全国/河北文综/2008_历史_河北文综_原卷.pdf,../papers/2008/历史/全国/河北文综/2008_历史_河北文综_OCR与考点.md,,pypdf,6
2008,历史,山西,老高考,2025,全国卷,common,山西卷,done,../papers/2008/历史/全国/山西文综/2008_历史_山西文综_原卷.pdf,../papers/2008/历史/全国/山西文综/2008_历史_山西文综_OCR与考点.md,,pypdf,6
2008,历史,内蒙古,老高考,2025,全国卷,common,内蒙古卷,done,../papers/2008/历史/全国/内蒙古文综/2008_历史_内蒙古文综_原卷.pdf,../papers/2008/历史/全国/内蒙古文综/2008_历史_内蒙古文综_OCR与考点.md,,pypdf,5
2008,历史,辽宁,老高考,2021,,missing,,missing,,,,,
2008,历史,吉林,老高考,2024,全国卷,common,吉林卷,done,../papers/2008/历史/全国/吉林文综/2008_历史_吉林文综_原卷.pdf,../papers/2008/历史/全国/吉林文综/2008_历史_吉林文综_OCR与考点.md,,pypdf,5
2008,历史,黑龙江,老高考,2024,全国卷,common,黑龙江卷,done,../papers/2008/历史/全国/黑龙江文综/2008_历史_黑龙江文综_原卷.pdf,../papers/2008/历史/全国/黑龙江文综/2008_历史_黑龙江文综_OCR与考点.md,,pypdf,5
2008,历史,上海,老高考,2017,地方/区域卷,local,上海卷,done,../papers/2008/历史/上海/上海文综/2008_历史_上海文综_原卷.pdf,../papers/2008/历史/上海/上海文综/2008_历史_上海文综_OCR与考点.md,,pypdf,12
2008,历史,江苏,老高考,2021,地方/区域卷,local,江苏卷,done,../papers/2008/历史/江苏/江苏文综/2008_历史_江苏文综_原卷.pdf,../papers/2008/历史/江苏/江苏文综/2008_历史_江苏文综_OCR与考点.md,,pypdf,9
2008,历史,浙江,老高考,2017,地方/区域卷,local,浙江卷,done,../papers/2008/历史/浙江/浙江文综/2008_历史_浙江文综_原卷.pdf,../papers/2008/历史/浙江/浙江文综/2008_历史_浙江文综_OCR与考点.md,,pypdf,5
2008,历史,安徽,老高考,2024,,missing,,missing,,,,,
2008,历史,福建,老高考,2021,,missing,,missing,,,,,
2008,历史,江西,老高考,2024,全国卷,common,江西卷,done,../papers/2008/历史/全国/江西文综/2008_历史_江西文综_原卷.pdf,../papers/2008/历史/全国/江西文综/2008_历史_江西文综_OCR与考点.md,,pypdf,6
2008,历史,山东,老高考,2020,地方/区域卷,local,山东卷,done,../papers/2008/历史/山东/山东文综/2008_历史_山东文综_原卷.pdf,../papers/2008/历史/山东/山东文综/2008_历史_山东文综_OCR与考点.md,,pypdf,6
2008,历史,河南,老高考,2025,全国卷,common,河南卷,done,../papers/2008/历史/全国/河南文综/2008_历史_河南文综_原卷.pdf,../papers/2008/历史/全国/河南文综/2008_历史_河南文综_OCR与考点.md,,pypdf,6
2008,历史,湖北,老高考,2021,全国卷,common,湖北卷,done,../papers/2008/历史/全国/湖北文综/2008_历史_湖北文综_原卷.pdf,../papers/2008/历史/全国/湖北文综/2008_历史_湖北文综_OCR与考点.md,,pypdf,6
2008,历史,湖南,老高考,2021,全国卷,common,湖南卷,done,../papers/2008/历史/全国/湖南文综/2008_历史_湖南文综_原卷.pdf,../papers/2008/历史/全国/湖南文综/2008_历史_湖南文综_OCR与考点.md,,pypdf,6
2008,历史,广东,老高考,2021,地方/区域卷,local,广东卷,done,../papers/2008/历史/广东/广东文综/2008_历史_广东文综_原卷.pdf,../papers/2008/历史/广东/广东文综/2008_历史_广东文综_OCR与考点.md,,pypdf,7
2008,历史,广西,老高考,2024,全国卷,common,广西卷,done,../papers/2008/历史/全国/广西文综/2008_历史_广西文综_原卷.pdf,../papers/2008/历史/全国/广西文综/2008_历史_广西文综_OCR与考点.md,,pypdf,6
2008,历史,海南,老高考,2020,地方/区域卷,local,海南卷,done,../papers/2008/历史/海南/海南文综/2008_历史_海南文综_原卷.pdf,../papers/2008/历史/海南/海南文综/2008_历史_海南文综_OCR与考点.md,,pypdf,11
2008,历史,重庆,老高考,2021,,missing,,missing,,,,,
2008,历史,四川,老高考,2025,地方/区域卷,local,四川卷,done,../papers/2008/历史/四川/四川文综/2008_历史_四川文综_原卷.pdf,../papers/2008/历史/四川/四川文综/2008_历史_四川文综_OCR与考点.md,,pypdf,6
2008,历史,贵州,老高考,2024,全国卷,common,贵州卷,done,../papers/2008/历史/全国/贵州文综/2008_历史_贵州文综_原卷.pdf,../papers/2008/历史/全国/贵州文综/2008_历史_贵州文综_OCR与考点.md,,pypdf,5
2008,历史,云南,老高考,2025,全国卷,common,云南卷,done,../papers/2008/历史/全国/云南文综/2008_历史_云南文综_原卷.pdf,../papers/2008/历史/全国/云南文综/2008_历史_云南文综_OCR与考点.md,,pypdf,5
2008,历史,西藏,老高考,,全国卷,common,西藏卷,done,../papers/2008/历史/全国/西藏文综/2008_历史_西藏文综_原卷.pdf,../papers/2008/历史/全国/西藏文综/2008_历史_西藏文综_OCR与考点.md,,pypdf,5
2008,历史,陕西,老高考,2025,全国卷,common,陕西卷,done,../papers/2008/历史/全国/陕西文综/2008_历史_陕西文综_原卷.pdf,../papers/2008/历史/全国/陕西文综/2008_历史_陕西文综_OCR与考点.md,,pypdf,5
2008,历史,甘肃,老高考,2024,全国卷,common,甘肃卷,done,../papers/2008/历史/全国/甘肃文综/2008_历史_甘肃文综_原卷.pdf,../papers/2008/历史/全国/甘肃文综/2008_历史_甘肃文综_OCR与考点.md,,pypdf,5
2008,历史,青海,老高考,2025,全国卷,common,青海卷,done,../papers/2008/历史/全国/青海文综/2008_历史_青海文综_原卷.pdf,../papers/2008/历史/全国/青海文综/2008_历史_青海文综_OCR与考点.md,,pypdf,5
2008,历史,宁夏,老高考,2025,,missing,,missing,,,,,
2008,历史,新疆,老高考,,全国卷,common,新疆卷,done,../papers/2008/历史/全国/新疆文综/2008_历史_新疆文综_原卷.pdf,../papers/2008/历史/全国/新疆文综/2008_历史_新疆文综_OCR与考点.md,,pypdf,5
2008,地理,北京,老高考,2020,地方/区域卷,local,北京卷,done,../papers/2008/地理/北京/北京文综/2008_地理_北京文综_原卷.pdf,../papers/2008/地理/北京/北京文综/2008_地理_北京文综_OCR与考点.md,,pypdf,5
2008,地理,天津,老高考,2020,地方/区域卷,local,天津卷,done,../papers/2008/地理/天津/天津文综/2008_地理_天津文综_原卷.pdf,../papers/2008/地理/天津/天津文综/2008_地理_天津文综_OCR与考点.md,,pypdf,5
2008,地理,河北,老高考,2021,全国卷,common,河北卷,done,../papers/2008/地理/全国/河北文综/2008_地理_河北文综_原卷.pdf,../papers/2008/地理/全国/河北文综/2008_地理_河北文综_OCR与考点.md,,pypdf,5
2008,地理,山西,老高考,2025,全国卷,common,山西卷,done,../papers/2008/地理/全国/山西文综/2008_地理_山西文综_原卷.pdf,../papers/2008/地理/全国/山西文综/2008_地理_山西文综_OCR与考点.md,,pypdf,5
2008,地理,内蒙古,老高考,2025,全国卷,common,内蒙古卷,done,../papers/2008/地理/全国/内蒙古文综/2008_地理_内蒙古文综_原卷.pdf,../papers/2008/地理/全国/内蒙古文综/2008_地理_内蒙古文综_OCR与考点.md,,pypdf,5
2008,地理,辽宁,老高考,2021,,missing,,missing,,,,,
2008,地理,吉林,老高考,2024,全国卷,common,吉林卷,done,../papers/2008/地理/全国/吉林文综/2008_地理_吉林文综_原卷.pdf,../papers/2008/地理/全国/吉林文综/2008_地理_吉林文综_OCR与考点.md,,pypdf,5
2008,地理,黑龙江,老高考,2024,全国卷,common,黑龙江卷,done,../papers/2008/地理/全国/黑龙江文综/2008_地理_黑龙江文综_原卷.pdf,../papers/2008/地理/全国/黑龙江文综/2008_地理_黑龙江文综_OCR与考点.md,,pypdf,5
2008,地理,上海,老高考,2017,地方/区域卷,local,上海卷,done,../papers/2008/地理/上海/上海文综/2008_地理_上海文综_原卷.pdf,../papers/2008/地理/上海/上海文综/2008_地理_上海文综_OCR与考点.md,,pypdf,14
2008,地理,江苏,老高考,2021,地方/区域卷,local,江苏卷,done,../papers/2008/地理/江苏/江苏文综/2008_地理_江苏文综_原卷.pdf,../papers/2008/地理/江苏/江苏文综/2008_地理_江苏文综_OCR与考点.md,,pypdf,18
2008,地理,浙江,老高考,2017,地方/区域卷,local,浙江卷,done,../papers/2008/地理/浙江/浙江文综/2008_地理_浙江文综_原卷.pdf,../papers/2008/地理/浙江/浙江文综/2008_地理_浙江文综_OCR与考点.md,,pypdf,4
2008,地理,安徽,老高考,2024,,missing,,missing,,,,,
2008,地理,福建,老高考,2021,,missing,,missing,,,,,
2008,地理,江西,老高考,2024,全国卷,common,江西卷,done,../papers/2008/地理/全国/江西文综/2008_地理_江西文综_原卷.pdf,../papers/2008/地理/全国/江西文综/2008_地理_江西文综_OCR与考点.md,,pypdf,5
2008,地理,山东,老高考,2020,地方/区域卷,local,山东卷,done,../papers/2008/地理/山东/山东文综/2008_地理_山东文综_原卷.pdf,../papers/2008/地理/山东/山东文综/2008_地理_山东文综_OCR与考点.md,,pypdf,15
2008,地理,河南,老高考,2025,全国卷,common,河南卷,done,../papers/2008/地理/全国/河南文综/2008_地理_河南文综_原卷.pdf,../papers/2008/地理/全国/河南文综/2008_地理_河南文综_OCR与考点.md,,pypdf,5
2008,地理,湖北,老高考,2021,全国卷,common,湖北卷,done,../papers/2008/地理/全国/湖北文综/2008_地理_湖北文综_原卷.pdf,../papers/2008/地理/全国/湖北文综/2008_地理_湖北文综_OCR与考点.md,,pypdf,5
2008,地理,湖南,老高考,2021,全国卷,common,湖南卷,done,../papers/2008/地理/全国/湖南文综/2008_地理_湖南文综_原卷.pdf,../papers/2008/地理/全国/湖南文综/2008_地理_湖南文综_OCR与考点.md,,pypdf,5
2008,地理,广东,老高考,2021,地方/区域卷,local,广东卷,done,../papers/2008/地理/广东/广东文综/2008_地理_广东文综_原卷.pdf,../papers/2008/地理/广东/广东文综/2008_地理_广东文综_OCR与考点.md,,pypdf,14
2008,地理,广西,老高考,2024,全国卷,common,广西卷,done,../papers/2008/地理/全国/广西文综/2008_地理_广西文综_原卷.pdf,../papers/2008/地理/全国/广西文综/2008_地理_广西文综_OCR与考点.md,,pypdf,5
2008,地理,海南,老高考,2020,地方/区域卷,local,海南卷,done,../papers/2008/地理/海南/海南文综/2008_地理_海南文综_原卷.pdf,../papers/2008/地理/海南/海南文综/2008_地理_海南文综_OCR与考点.md,,pypdf,8
2008,地理,重庆,老高考,2021,,missing,,missing,,,,,
2008,地理,四川,老高考,2025,地方/区域卷,local,四川卷,done,../papers/2008/地理/四川/四川文综/2008_地理_四川文综_原卷.pdf,../papers/2008/地理/四川/四川文综/2008_地理_四川文综_OCR与考点.md,,pypdf,5
2008,地理,贵州,老高考,2024,全国卷,common,贵州卷,done,../papers/2008/地理/全国/贵州文综/2008_地理_贵州文综_原卷.pdf,../papers/2008/地理/全国/贵州文综/2008_地理_贵州文综_OCR与考点.md,,pypdf,5
2008,地理,云南,老高考,2025,全国卷,common,云南卷,done,../papers/2008/地理/全国/云南文综/2008_地理_云南文综_原卷.pdf,../papers/2008/地理/全国/云南文综/2008_地理_云南文综_OCR与考点.md,,pypdf,5
2008,地理,西藏,老高考,,全国卷,common,西藏卷,done,../papers/2008/地理/全国/西藏文综/2008_地理_西藏文综_原卷.pdf,../papers/2008/地理/全国/西藏文综/2008_地理_西藏文综_OCR与考点.md,,pypdf,5
2008,地理,陕西,老高考,2025,全国卷,common,陕西卷,done,../papers/2008/地理/全国/陕西文综/2008_地理_陕西文综_原卷.pdf,../papers/2008/地理/全国/陕西文综/2008_地理_陕西文综_OCR与考点.md,,pypdf,5
2008,地理,甘肃,老高考,2024,全国卷,common,甘肃卷,done,../papers/2008/地理/全国/甘肃文综/2008_地理_甘肃文综_原卷.pdf,../papers/2008/地理/全国/甘肃文综/2008_地理_甘肃文综_OCR与考点.md,,pypdf,5
2008,地理,青海,老高考,2025,全国卷,common,青海卷,done,../papers/2008/地理/全国/青海文综/2008_地理_青海文综_原卷.pdf,../papers/2008/地理/全国/青海文综/2008_地理_青海文综_OCR与考点.md,,pypdf,5
2008,地理,宁夏,老高考,2025,,missing,,missing,,,,,
2008,地理,新疆,老高考,,全国卷,common,新疆卷,done,../papers/2008/地理/全国/新疆文综/2008_地理_新疆文综_原卷.pdf,../papers/2008/地理/全国/新疆文综/2008_地理_新疆文综_OCR与考点.md,,pypdf,5
2009,语文,北京,老高考,2020,地方/区域卷,local,北京卷,pdf_only,../papers/2009/语文/北京/北京卷/2009_语文_北京卷_原卷.pdf,,,,
2009,语文,天津,老高考,2020,地方/区域卷,local,天津卷,pdf_only,../papers/2009/语文/天津/天津卷/2009_语文_天津卷_原卷.pdf,,,,
2009,语文,河北,老高考,2021,全国卷,common,全国Ⅰ卷,pdf_only,../papers/2009/语文/全国/全国Ⅰ卷/2009_语文_全国Ⅰ卷_原卷.pdf,,,,
2009,语文,山西,老高考,2025,全国卷,common,全国Ⅰ卷,pdf_only,../papers/2009/语文/全国/全国Ⅰ卷/2009_语文_全国Ⅰ卷_原卷.pdf,,,,
2009,语文,内蒙古,老高考,2025,全国卷,common,全国Ⅱ卷,pdf_only,../papers/2009/语文/全国/全国Ⅱ卷/2009_语文_全国Ⅱ卷_原卷.pdf,,,,
2009,语文,辽宁,老高考,2021,,missing,,missing,,,,,
2009,语文,吉林,老高考,2024,全国卷,common,全国Ⅱ卷,pdf_only,../papers/2009/语文/全国/全国Ⅱ卷/2009_语文_全国Ⅱ卷_原卷.pdf,,,,
2009,语文,黑龙江,老高考,2024,全国卷,common,全国Ⅱ卷,pdf_only,../papers/2009/语文/全国/全国Ⅱ卷/2009_语文_全国Ⅱ卷_原卷.pdf,,,,
2009,语文,上海,老高考,2017,地方/区域卷,local,上海卷,pdf_only,../papers/2009/语文/上海/上海卷/2009_语文_上海卷_原卷.pdf,,,,
2009,语文,江苏,老高考,2021,地方/区域卷,local,江苏卷,pdf_only,../papers/2009/语文/江苏/江苏卷/2009_语文_江苏卷_原卷.pdf,,,,
2009,语文,浙江,老高考,2017,地方/区域卷,local,浙江卷,pdf_only,../papers/2009/语文/浙江/浙江卷/2009_语文_浙江卷_原卷.pdf,,,,
2009,语文,安徽,老高考,2024,,missing,,missing,,,,,
2009,语文,福建,老高考,2021,,missing,,missing,,,,,
2009,语文,江西,老高考,2024,,missing,,missing,,,,,
2009,语文,山东,老高考,2020,地方/区域卷,local,山东卷,pdf_only,../papers/2009/语文/山东/山东卷/2009_语文_山东卷_原卷.pdf,,,,
2009,语文,河南,老高考,2025,全国卷,common,全国Ⅰ卷,pdf_only,../papers/2009/语文/全国/全国Ⅰ卷/2009_语文_全国Ⅰ卷_原卷.pdf,,,,
2009,语文,湖北,老高考,2021,,missing,,missing,,,,,
2009,语文,湖南,老高考,2021,地方/区域卷,local,湖南卷,pdf_only,../papers/2009/语文/湖南/湖南卷/2009_语文_湖南卷_原卷.pdf,,,,
2009,语文,广东,老高考,2021,地方/区域卷,local,广东卷,pdf_only,../papers/2009/语文/广东/广东卷/2009_语文_广东卷_原卷.pdf,,,,
2009,语文,广西,老高考,2024,全国卷,common,全国Ⅰ卷,pdf_only,../papers/2009/语文/全国/全国Ⅰ卷/2009_语文_全国Ⅰ卷_原卷.pdf,,,,
2009,语文,海南,老高考,2020,全国卷,common,海南卷,pdf_only,../papers/2009/语文/全国/海南卷/2009_语文_海南卷_原卷.pdf,,,,
2009,语文,重庆,老高考,2021,,missing,,missing,,,,,
2009,语文,四川,老高考,2025,地方/区域卷,local,四川卷,pdf_only,../papers/2009/语文/四川/四川卷/2009_语文_四川卷_原卷.pdf,,,,
2009,语文,贵州,老高考,2024,全国卷,common,全国Ⅱ卷,pdf_only,../papers/2009/语文/全国/全国Ⅱ卷/2009_语文_全国Ⅱ卷_原卷.pdf,,,,
2009,语文,云南,老高考,2025,全国卷,common,全国Ⅱ卷,pdf_only,../papers/2009/语文/全国/全国Ⅱ卷/2009_语文_全国Ⅱ卷_原卷.pdf,,,,
2009,语文,西藏,老高考,,全国卷,common,全国Ⅱ卷,pdf_only,../papers/2009/语文/全国/全国Ⅱ卷/2009_语文_全国Ⅱ卷_原卷.pdf,,,,
2009,语文,陕西,老高考,2025,全国卷,common,全国Ⅱ卷,pdf_only,../papers/2009/语文/全国/全国Ⅱ卷/2009_语文_全国Ⅱ卷_原卷.pdf,,,,
2009,语文,甘肃,老高考,2024,全国卷,common,全国Ⅱ卷,pdf_only,../papers/2009/语文/全国/全国Ⅱ卷/2009_语文_全国Ⅱ卷_原卷.pdf,,,,
2009,语文,青海,老高考,2025,全国卷,common,全国Ⅱ卷,pdf_only,../papers/2009/语文/全国/全国Ⅱ卷/2009_语文_全国Ⅱ卷_原卷.pdf,,,,
2009,语文,宁夏,老高考,2025,全国卷,common,海南卷,pdf_only,../papers/2009/语文/全国/海南卷/2009_语文_海南卷_原卷.pdf,,,,
2009,语文,新疆,老高考,,全国卷,common,全国Ⅱ卷,pdf_only,../papers/2009/语文/全国/全国Ⅱ卷/2009_语文_全国Ⅱ卷_原卷.pdf,,,,
2009,数学,北京,老高考,2020,地方/区域卷,local,北京卷,done,../papers/2009/数学/北京/北京卷/2009_数学_北京卷_原卷.pdf,../papers/2009/数学/北京/北京卷/2009_数学_北京卷_OCR与考点.md,,pypdf,5
2009,数学,天津,老高考,2020,地方/区域卷,local,天津卷,done,../papers/2009/数学/天津/天津卷/2009_数学_天津卷_原卷.pdf,../papers/2009/数学/天津/天津卷/2009_数学_天津卷_OCR与考点.md,,pypdf,5
2009,数学,河北,老高考,2021,全国卷,common,河北卷,done,../papers/2009/数学/全国/河北卷/2009_数学_河北卷_原卷.pdf,../papers/2009/数学/全国/河北卷/2009_数学_河北卷_OCR与考点.md,,pypdf,5
2009,数学,山西,老高考,2025,全国卷,common,山西卷,done,../papers/2009/数学/全国/山西卷/2009_数学_山西卷_原卷.pdf,../papers/2009/数学/全国/山西卷/2009_数学_山西卷_OCR与考点.md,,pypdf,5
2009,数学,内蒙古,老高考,2025,全国卷,common,内蒙古卷,done,../papers/2009/数学/全国/内蒙古卷/2009_数学_内蒙古卷_原卷.pdf,../papers/2009/数学/全国/内蒙古卷/2009_数学_内蒙古卷_OCR与考点.md,,pypdf,4
2009,数学,辽宁,老高考,2021,地方/区域卷,local,辽宁卷,done,../papers/2009/数学/辽宁/辽宁卷/2009_数学_辽宁卷_原卷.pdf,../papers/2009/数学/辽宁/辽宁卷/2009_数学_辽宁卷_OCR与考点.md,,pypdf,5
2009,数学,吉林,老高考,2024,全国卷,common,吉林卷,done,../papers/2009/数学/全国/吉林卷/2009_数学_吉林卷_原卷.pdf,../papers/2009/数学/全国/吉林卷/2009_数学_吉林卷_OCR与考点.md,,pypdf,4
2009,数学,黑龙江,老高考,2024,全国卷,common,黑龙江卷,done,../papers/2009/数学/全国/黑龙江卷/2009_数学_黑龙江卷_原卷.pdf,../papers/2009/数学/全国/黑龙江卷/2009_数学_黑龙江卷_OCR与考点.md,,pypdf,4
2009,数学,上海,老高考,2017,地方/区域卷,local,上海卷,done,../papers/2009/数学/上海/上海卷/2009_数学_上海卷_原卷.pdf,../papers/2009/数学/上海/上海卷/2009_数学_上海卷_OCR与考点.md,,pypdf,7
2009,数学,江苏,老高考,2021,地方/区域卷,local,江苏卷,done,../papers/2009/数学/江苏/江苏卷/2009_数学_江苏卷_原卷.pdf,../papers/2009/数学/江苏/江苏卷/2009_数学_江苏卷_OCR与考点.md,,pypdf,6
2009,数学,浙江,老高考,2017,地方/区域卷,local,浙江卷,done,../papers/2009/数学/浙江/浙江卷/2009_数学_浙江卷_原卷.pdf,../papers/2009/数学/浙江/浙江卷/2009_数学_浙江卷_OCR与考点.md,,pypdf,7
2009,数学,安徽,老高考,2024,,missing,,missing,,,,,
2009,数学,福建,老高考,2021,,missing,,missing,,,,,
2009,数学,江西,老高考,2024,地方/区域卷,local,江西卷,done,../papers/2009/数学/江西/江西卷/2009_数学_江西卷_原卷.pdf,../papers/2009/数学/江西/江西卷/2009_数学_江西卷_OCR与考点.md,,pypdf,6
2009,数学,山东,老高考,2020,地方/区域卷,local,山东卷,done,../papers/2009/数学/山东/山东卷/2009_数学_山东卷_原卷.pdf,../papers/2009/数学/山东/山东卷/2009_数学_山东卷_OCR与考点.md,,pypdf,4
2009,数学,河南,老高考,2025,全国卷,common,河南卷,done,../papers/2009/数学/全国/河南卷/2009_数学_河南卷_原卷.pdf,../papers/2009/数学/全国/河南卷/2009_数学_河南卷_OCR与考点.md,,pypdf,5
2009,数学,湖北,老高考,2021,,missing,,missing,,,,,
2009,数学,湖南,老高考,2021,地方/区域卷,local,湖南卷,done,../papers/2009/数学/湖南/湖南卷/2009_数学_湖南卷_原卷.pdf,../papers/2009/数学/湖南/湖南卷/2009_数学_湖南卷_OCR与考点.md,,pypdf,4
2009,数学,广东,老高考,2021,地方/区域卷,local,广东卷,done,../papers/2009/数学/广东/广东卷/2009_数学_广东卷_原卷.pdf,../papers/2009/数学/广东/广东卷/2009_数学_广东卷_OCR与考点.md,,pypdf,8
2009,数学,广西,老高考,2024,全国卷,common,广西卷,done,../papers/2009/数学/全国/广西卷/2009_数学_广西卷_原卷.pdf,../papers/2009/数学/全国/广西卷/2009_数学_广西卷_OCR与考点.md,,pypdf,5
2009,数学,海南,老高考,2020,全国卷,common,海南卷,done,../papers/2009/数学/全国/海南卷/2009_数学_海南卷_原卷.pdf,../papers/2009/数学/全国/海南卷/2009_数学_海南卷_OCR与考点.md,,pypdf,7
2009,数学,重庆,老高考,2021,,missing,,missing,,,,,
2009,数学,四川,老高考,2025,地方/区域卷,local,四川卷,done,../papers/2009/数学/四川/四川卷/2009_数学_四川卷_原卷.pdf,../papers/2009/数学/四川/四川卷/2009_数学_四川卷_OCR与考点.md,,pypdf,6
2009,数学,贵州,老高考,2024,全国卷,common,贵州卷,done,../papers/2009/数学/全国/贵州卷/2009_数学_贵州卷_原卷.pdf,../papers/2009/数学/全国/贵州卷/2009_数学_贵州卷_OCR与考点.md,,pypdf,4
2009,数学,云南,老高考,2025,全国卷,common,云南卷,done,../papers/2009/数学/全国/云南卷/2009_数学_云南卷_原卷.pdf,../papers/2009/数学/全国/云南卷/2009_数学_云南卷_OCR与考点.md,,pypdf,4
2009,数学,西藏,老高考,,全国卷,common,西藏卷,done,../papers/2009/数学/全国/西藏卷/2009_数学_西藏卷_原卷.pdf,../papers/2009/数学/全国/西藏卷/2009_数学_西藏卷_OCR与考点.md,,pypdf,4
2009,数学,陕西,老高考,2025,地方/区域卷,local,陕西卷,done,../papers/2009/数学/陕西/陕西卷/2009_数学_陕西卷_原卷.pdf,../papers/2009/数学/陕西/陕西卷/2009_数学_陕西卷_OCR与考点.md,,pypdf,5
2009,数学,甘肃,老高考,2024,全国卷,common,甘肃卷,done,../papers/2009/数学/全国/甘肃卷/2009_数学_甘肃卷_原卷.pdf,../papers/2009/数学/全国/甘肃卷/2009_数学_甘肃卷_OCR与考点.md,,pypdf,4
2009,数学,青海,老高考,2025,全国卷,common,青海卷,done,../papers/2009/数学/全国/青海卷/2009_数学_青海卷_原卷.pdf,../papers/2009/数学/全国/青海卷/2009_数学_青海卷_OCR与考点.md,,pypdf,4
2009,数学,宁夏,老高考,2025,全国卷,common,海南卷,done,../papers/2009/数学/全国/海南卷/2009_数学_海南卷_原卷.pdf,../papers/2009/数学/全国/海南卷/2009_数学_海南卷_OCR与考点.md,,pypdf,7
2009,数学,新疆,老高考,,全国卷,common,新疆卷,done,../papers/2009/数学/全国/新疆卷/2009_数学_新疆卷_原卷.pdf,../papers/2009/数学/全国/新疆卷/2009_数学_新疆卷_OCR与考点.md,,pypdf,4
2009,英语,北京,老高考,2020,地方/区域卷,local,北京卷,done,../papers/2009/英语/北京/北京卷/2009_英语_北京卷_原卷.pdf,../papers/2009/英语/北京/北京卷/2009_英语_北京卷_OCR与考点.md,../papers/2009/英语/北京/北京卷/2009_英语_北京卷_听力.mp3,pypdf,12
2009,英语,天津,老高考,2020,地方/区域卷,local,天津卷,done,../papers/2009/英语/天津/天津卷/2009_英语_天津卷_原卷.pdf,../papers/2009/英语/天津/天津卷/2009_英语_天津卷_OCR与考点.md,../papers/2009/英语/天津/天津卷/2009_英语_天津卷_听力.mp3,pypdf,16
2009,英语,河北,老高考,2021,全国卷,common,全国Ⅰ卷,done,../papers/2009/英语/全国/全国Ⅰ卷/2009_英语_全国Ⅰ卷_原卷.pdf,../papers/2009/英语/全国/全国Ⅰ卷/2009_英语_全国Ⅰ卷_OCR与考点.md,../papers/2009/英语/全国/全国Ⅰ卷/2009_英语_全国Ⅰ卷_听力.mp3,pypdf,14
2009,英语,山西,老高考,2025,全国卷,common,全国Ⅰ卷,done,../papers/2009/英语/全国/全国Ⅰ卷/2009_英语_全国Ⅰ卷_原卷.pdf,../papers/2009/英语/全国/全国Ⅰ卷/2009_英语_全国Ⅰ卷_OCR与考点.md,../papers/2009/英语/全国/全国Ⅰ卷/2009_英语_全国Ⅰ卷_听力.mp3,pypdf,14
2009,英语,内蒙古,老高考,2025,全国卷,common,全国Ⅱ卷,done,../papers/2009/英语/全国/全国Ⅱ卷/2009_英语_全国Ⅱ卷_原卷.pdf,../papers/2009/英语/全国/全国Ⅱ卷/2009_英语_全国Ⅱ卷_OCR与考点.md,../papers/2009/英语/全国/全国Ⅱ卷/2009_英语_全国Ⅱ卷_听力.mp3,pypdf,16
2009,英语,辽宁,老高考,2021,,missing,,missing,,,,,
2009,英语,吉林,老高考,2024,全国卷,common,全国Ⅱ卷,done,../papers/2009/英语/全国/全国Ⅱ卷/2009_英语_全国Ⅱ卷_原卷.pdf,../papers/2009/英语/全国/全国Ⅱ卷/2009_英语_全国Ⅱ卷_OCR与考点.md,../papers/2009/英语/全国/全国Ⅱ卷/2009_英语_全国Ⅱ卷_听力.mp3,pypdf,16
2009,英语,黑龙江,老高考,2024,全国卷,common,全国Ⅱ卷,done,../papers/2009/英语/全国/全国Ⅱ卷/2009_英语_全国Ⅱ卷_原卷.pdf,../papers/2009/英语/全国/全国Ⅱ卷/2009_英语_全国Ⅱ卷_OCR与考点.md,../papers/2009/英语/全国/全国Ⅱ卷/2009_英语_全国Ⅱ卷_听力.mp3,pypdf,16
2009,英语,上海,老高考,2017,地方/区域卷,local,上海卷,done,../papers/2009/英语/上海/上海卷/2009_英语_上海卷_原卷.pdf,../papers/2009/英语/上海/上海卷/2009_英语_上海卷_OCR与考点.md,../papers/2009/英语/上海/上海卷/2009_英语_上海卷_听力.mp3,pypdf,12
2009,英语,江苏,老高考,2021,地方/区域卷,local,江苏卷,done,../papers/2009/英语/江苏/江苏卷/2009_英语_江苏卷_原卷.pdf,../papers/2009/英语/江苏/江苏卷/2009_英语_江苏卷_OCR与考点.md,../papers/2009/英语/江苏/江苏卷/2009_英语_江苏卷_听力.mp3,pypdf,14
2009,英语,浙江,老高考,2017,地方/区域卷,local,浙江卷,done,../papers/2009/英语/浙江/浙江卷/2009_英语_浙江卷_原卷.pdf,../papers/2009/英语/浙江/浙江卷/2009_英语_浙江卷_OCR与考点.md,,pypdf,16
2009,英语,安徽,老高考,2024,,missing,,missing,,,,,
2009,英语,福建,老高考,2021,,missing,,missing,,,,,
2009,英语,江西,老高考,2024,,missing,,missing,,,,,
2009,英语,山东,老高考,2020,地方/区域卷,local,山东卷,done,../papers/2009/英语/山东/山东卷/2009_英语_山东卷_原卷.pdf,../papers/2009/英语/山东/山东卷/2009_英语_山东卷_OCR与考点.md,../papers/2009/英语/山东/山东卷/2009_英语_山东卷_听力.mp3,pypdf,15
2009,英语,河南,老高考,2025,全国卷,common,全国Ⅰ卷,done,../papers/2009/英语/全国/全国Ⅰ卷/2009_英语_全国Ⅰ卷_原卷.pdf,../papers/2009/英语/全国/全国Ⅰ卷/2009_英语_全国Ⅰ卷_OCR与考点.md,../papers/2009/英语/全国/全国Ⅰ卷/2009_英语_全国Ⅰ卷_听力.mp3,pypdf,14
2009,英语,湖北,老高考,2021,,missing,,missing,,,,,
2009,英语,湖南,老高考,2021,地方/区域卷,local,湖南卷,done,../papers/2009/英语/湖南/湖南卷/2009_英语_湖南卷_原卷.pdf,../papers/2009/英语/湖南/湖南卷/2009_英语_湖南卷_OCR与考点.md,../papers/2009/英语/湖南/湖南卷/2009_英语_湖南卷_听力.mp3,pypdf,11
2009,英语,广东,老高考,2021,地方/区域卷,local,广东卷,done,../papers/2009/英语/广东/广东卷/2009_英语_广东卷_原卷.pdf,../papers/2009/英语/广东/广东卷/2009_英语_广东卷_OCR与考点.md,,pypdf,9
2009,英语,广西,老高考,2024,全国卷,common,全国Ⅰ卷,done,../papers/2009/英语/全国/全国Ⅰ卷/2009_英语_全国Ⅰ卷_原卷.pdf,../papers/2009/英语/全国/全国Ⅰ卷/2009_英语_全国Ⅰ卷_OCR与考点.md,../papers/2009/英语/全国/全国Ⅰ卷/2009_英语_全国Ⅰ卷_听力.mp3,pypdf,14
2009,英语,海南,老高考,2020,全国卷,common,全国Ⅱ卷,done,../papers/2009/英语/全国/全国Ⅱ卷/2009_英语_全国Ⅱ卷_原卷.pdf,../papers/2009/英语/全国/全国Ⅱ卷/2009_英语_全国Ⅱ卷_OCR与考点.md,../papers/2009/英语/全国/全国Ⅱ卷/2009_英语_全国Ⅱ卷_听力.mp3,pypdf,16
2009,英语,重庆,老高考,2021,,missing,,missing,,,,,
2009,英语,四川,老高考,2025,地方/区域卷,local,四川卷,done,../papers/2009/英语/四川/四川卷/2009_英语_四川卷_原卷.pdf,../papers/2009/英语/四川/四川卷/2009_英语_四川卷_OCR与考点.md,,pypdf,13
2009,英语,贵州,老高考,2024,全国卷,common,全国Ⅱ卷,done,../papers/2009/英语/全国/全国Ⅱ卷/2009_英语_全国Ⅱ卷_原卷.pdf,../papers/2009/英语/全国/全国Ⅱ卷/2009_英语_全国Ⅱ卷_OCR与考点.md,../papers/2009/英语/全国/全国Ⅱ卷/2009_英语_全国Ⅱ卷_听力.mp3,pypdf,16
2009,英语,云南,老高考,2025,全国卷,common,全国Ⅱ卷,done,../papers/2009/英语/全国/全国Ⅱ卷/2009_英语_全国Ⅱ卷_原卷.pdf,../papers/2009/英语/全国/全国Ⅱ卷/2009_英语_全国Ⅱ卷_OCR与考点.md,../papers/2009/英语/全国/全国Ⅱ卷/2009_英语_全国Ⅱ卷_听力.mp3,pypdf,16
2009,英语,西藏,老高考,,全国卷,common,全国Ⅱ卷,done,../papers/2009/英语/全国/全国Ⅱ卷/2009_英语_全国Ⅱ卷_原卷.pdf,../papers/2009/英语/全国/全国Ⅱ卷/2009_英语_全国Ⅱ卷_OCR与考点.md,../papers/2009/英语/全国/全国Ⅱ卷/2009_英语_全国Ⅱ卷_听力.mp3,pypdf,16
2009,英语,陕西,老高考,2025,地方/区域卷,local,陕西卷,done,../papers/2009/英语/陕西/陕西卷/2009_英语_陕西卷_原卷.pdf,../papers/2009/英语/陕西/陕西卷/2009_英语_陕西卷_OCR与考点.md,,pypdf,9
2009,英语,甘肃,老高考,2024,全国卷,common,全国Ⅱ卷,done,../papers/2009/英语/全国/全国Ⅱ卷/2009_英语_全国Ⅱ卷_原卷.pdf,../papers/2009/英语/全国/全国Ⅱ卷/2009_英语_全国Ⅱ卷_OCR与考点.md,../papers/2009/英语/全国/全国Ⅱ卷/2009_英语_全国Ⅱ卷_听力.mp3,pypdf,16
2009,英语,青海,老高考,2025,全国卷,common,全国Ⅱ卷,done,../papers/2009/英语/全国/全国Ⅱ卷/2009_英语_全国Ⅱ卷_原卷.pdf,../papers/2009/英语/全国/全国Ⅱ卷/2009_英语_全国Ⅱ卷_OCR与考点.md,../papers/2009/英语/全国/全国Ⅱ卷/2009_英语_全国Ⅱ卷_听力.mp3,pypdf,16
2009,英语,宁夏,老高考,2025,全国卷,common,全国Ⅱ卷,done,../papers/2009/英语/全国/全国Ⅱ卷/2009_英语_全国Ⅱ卷_原卷.pdf,../papers/2009/英语/全国/全国Ⅱ卷/2009_英语_全国Ⅱ卷_OCR与考点.md,../papers/2009/英语/全国/全国Ⅱ卷/2009_英语_全国Ⅱ卷_听力.mp3,pypdf,16
2009,英语,新疆,老高考,,全国卷,common,全国Ⅱ卷,done,../papers/2009/英语/全国/全国Ⅱ卷/2009_英语_全国Ⅱ卷_原卷.pdf,../papers/2009/英语/全国/全国Ⅱ卷/2009_英语_全国Ⅱ卷_OCR与考点.md,../papers/2009/英语/全国/全国Ⅱ卷/2009_英语_全国Ⅱ卷_听力.mp3,pypdf,16
2009,物理,北京,老高考,2020,地方/区域卷,local,北京卷,done,../papers/2009/物理/北京/北京理综/2009_物理_北京理综_原卷.pdf,../papers/2009/物理/北京/北京理综/2009_物理_北京理综_OCR与考点.md,,pypdf,7
2009,物理,天津,老高考,2020,地方/区域卷,local,天津卷,done,../papers/2009/物理/天津/天津理综/2009_物理_天津理综_原卷.pdf,../papers/2009/物理/天津/天津理综/2009_物理_天津理综_OCR与考点.md,,pypdf,5
2009,物理,河北,老高考,2021,全国卷,common,河北卷,done,../papers/2009/物理/全国/河北理综/2009_物理_河北理综_原卷.pdf,../papers/2009/物理/全国/河北理综/2009_物理_河北理综_OCR与考点.md,,pypdf,5
2009,物理,山西,老高考,2025,全国卷,common,山西卷,done,../papers/2009/物理/全国/山西理综/2009_物理_山西理综_原卷.pdf,../papers/2009/物理/全国/山西理综/2009_物理_山西理综_OCR与考点.md,,pypdf,5
2009,物理,内蒙古,老高考,2025,全国卷,common,内蒙古卷,done,../papers/2009/物理/全国/内蒙古理综/2009_物理_内蒙古理综_原卷.pdf,../papers/2009/物理/全国/内蒙古理综/2009_物理_内蒙古理综_OCR与考点.md,,pypdf,6
2009,物理,辽宁,老高考,2021,,missing,,missing,,,,,
2009,物理,吉林,老高考,2024,全国卷,common,吉林卷,done,../papers/2009/物理/全国/吉林理综/2009_物理_吉林理综_原卷.pdf,../papers/2009/物理/全国/吉林理综/2009_物理_吉林理综_OCR与考点.md,,pypdf,6
2009,物理,黑龙江,老高考,2024,全国卷,common,黑龙江卷,done,../papers/2009/物理/全国/黑龙江理综/2009_物理_黑龙江理综_原卷.pdf,../papers/2009/物理/全国/黑龙江理综/2009_物理_黑龙江理综_OCR与考点.md,,pypdf,6
2009,物理,上海,老高考,2017,地方/区域卷,local,上海卷,done,../papers/2009/物理/上海/上海理综/2009_物理_上海理综_原卷.pdf,../papers/2009/物理/上海/上海理综/2009_物理_上海理综_OCR与考点.md,,pypdf,9
2009,物理,江苏,老高考,2021,地方/区域卷,local,江苏卷,done,../papers/2009/物理/江苏/江苏理综/2009_物理_江苏理综_原卷.pdf,../papers/2009/物理/江苏/江苏理综/2009_物理_江苏理综_OCR与考点.md,,pypdf,8
2009,物理,浙江,老高考,2017,地方/区域卷,local,浙江卷,done,../papers/2009/物理/浙江/浙江理综/2009_物理_浙江理综_原卷.pdf,../papers/2009/物理/浙江/浙江理综/2009_物理_浙江理综_OCR与考点.md,,pypdf,4
2009,物理,安徽,老高考,2024,,missing,,missing,,,,,
2009,物理,福建,老高考,2021,,missing,,missing,,,,,
2009,物理,江西,老高考,2024,全国卷,common,江西卷,done,../papers/2009/物理/全国/江西理综/2009_物理_江西理综_原卷.pdf,../papers/2009/物理/全国/江西理综/2009_物理_江西理综_OCR与考点.md,,pypdf,5
2009,物理,山东,老高考,2020,地方/区域卷,local,山东卷,done,../papers/2009/物理/山东/山东理综/2009_物理_山东理综_原卷.pdf,../papers/2009/物理/山东/山东理综/2009_物理_山东理综_OCR与考点.md,,pypdf,8
2009,物理,河南,老高考,2025,全国卷,common,河南卷,done,../papers/2009/物理/全国/河南理综/2009_物理_河南理综_原卷.pdf,../papers/2009/物理/全国/河南理综/2009_物理_河南理综_OCR与考点.md,,pypdf,5
2009,物理,湖北,老高考,2021,全国卷,common,湖北卷,done,../papers/2009/物理/全国/湖北理综/2009_物理_湖北理综_原卷.pdf,../papers/2009/物理/全国/湖北理综/2009_物理_湖北理综_OCR与考点.md,,pypdf,5
2009,物理,湖南,老高考,2021,全国卷,common,湖南卷,done,../papers/2009/物理/全国/湖南理综/2009_物理_湖南理综_原卷.pdf,../papers/2009/物理/全国/湖南理综/2009_物理_湖南理综_OCR与考点.md,,pypdf,5
2009,物理,广东,老高考,2021,地方/区域卷,local,广东卷,done,../papers/2009/物理/广东/广东理综/2009_物理_广东理综_原卷.pdf,../papers/2009/物理/广东/广东理综/2009_物理_广东理综_OCR与考点.md,,pypdf,8
2009,物理,广西,老高考,2024,全国卷,common,广西卷,done,../papers/2009/物理/全国/广西理综/2009_物理_广西理综_原卷.pdf,../papers/2009/物理/全国/广西理综/2009_物理_广西理综_OCR与考点.md,,pypdf,5
2009,物理,海南,老高考,2020,地方/区域卷,local,海南卷,done,../papers/2009/物理/海南/海南理综/2009_物理_海南理综_原卷.pdf,../papers/2009/物理/海南/海南理综/2009_物理_海南理综_OCR与考点.md,,pypdf,8
2009,物理,重庆,老高考,2021,,missing,,missing,,,,,
2009,物理,四川,老高考,2025,地方/区域卷,local,四川卷,done,../papers/2009/物理/四川/四川理综/2009_物理_四川理综_原卷.pdf,../papers/2009/物理/四川/四川理综/2009_物理_四川理综_OCR与考点.md,,pypdf,5
2009,物理,贵州,老高考,2024,全国卷,common,贵州卷,done,../papers/2009/物理/全国/贵州理综/2009_物理_贵州理综_原卷.pdf,../papers/2009/物理/全国/贵州理综/2009_物理_贵州理综_OCR与考点.md,,pypdf,6
2009,物理,云南,老高考,2025,全国卷,common,云南卷,done,../papers/2009/物理/全国/云南理综/2009_物理_云南理综_原卷.pdf,../papers/2009/物理/全国/云南理综/2009_物理_云南理综_OCR与考点.md,,pypdf,6
2009,物理,西藏,老高考,,全国卷,common,西藏卷,done,../papers/2009/物理/全国/西藏理综/2009_物理_西藏理综_原卷.pdf,../papers/2009/物理/全国/西藏理综/2009_物理_西藏理综_OCR与考点.md,,pypdf,6
2009,物理,陕西,老高考,2025,全国卷,common,陕西卷,done,../papers/2009/物理/全国/陕西理综/2009_物理_陕西理综_原卷.pdf,../papers/2009/物理/全国/陕西理综/2009_物理_陕西理综_OCR与考点.md,,pypdf,6
2009,物理,甘肃,老高考,2024,全国卷,common,甘肃卷,done,../papers/2009/物理/全国/甘肃理综/2009_物理_甘肃理综_原卷.pdf,../papers/2009/物理/全国/甘肃理综/2009_物理_甘肃理综_OCR与考点.md,,pypdf,6
2009,物理,青海,老高考,2025,全国卷,common,青海卷,done,../papers/2009/物理/全国/青海理综/2009_物理_青海理综_原卷.pdf,../papers/2009/物理/全国/青海理综/2009_物理_青海理综_OCR与考点.md,,pypdf,6
2009,物理,宁夏,老高考,2025,,missing,,missing,,,,,
2009,物理,新疆,老高考,,全国卷,common,新疆卷,done,../papers/2009/物理/全国/新疆理综/2009_物理_新疆理综_原卷.pdf,../papers/2009/物理/全国/新疆理综/2009_物理_新疆理综_OCR与考点.md,,pypdf,6
2009,化学,北京,老高考,2020,地方/区域卷,local,北京卷,done,../papers/2009/化学/北京/北京理综/2009_化学_北京理综_原卷.pdf,../papers/2009/化学/北京/北京理综/2009_化学_北京理综_OCR与考点.md,,pypdf,6
2009,化学,天津,老高考,2020,地方/区域卷,local,天津卷,done,../papers/2009/化学/天津/天津理综/2009_化学_天津理综_原卷.pdf,../papers/2009/化学/天津/天津理综/2009_化学_天津理综_OCR与考点.md,,pypdf,5
2009,化学,河北,老高考,2021,全国卷,common,河北卷,done,../papers/2009/化学/全国/河北理综/2009_化学_河北理综_原卷.pdf,../papers/2009/化学/全国/河北理综/2009_化学_河北理综_OCR与考点.md,,pypdf,5
2009,化学,山西,老高考,2025,全国卷,common,山西卷,done,../papers/2009/化学/全国/山西理综/2009_化学_山西理综_原卷.pdf,../papers/2009/化学/全国/山西理综/2009_化学_山西理综_OCR与考点.md,,pypdf,5
2009,化学,内蒙古,老高考,2025,全国卷,common,内蒙古卷,done,../papers/2009/化学/全国/内蒙古理综/2009_化学_内蒙古理综_原卷.pdf,../papers/2009/化学/全国/内蒙古理综/2009_化学_内蒙古理综_OCR与考点.md,,pypdf,5
2009,化学,辽宁,老高考,2021,,missing,,missing,,,,,
2009,化学,吉林,老高考,2024,全国卷,common,吉林卷,done,../papers/2009/化学/全国/吉林理综/2009_化学_吉林理综_原卷.pdf,../papers/2009/化学/全国/吉林理综/2009_化学_吉林理综_OCR与考点.md,,pypdf,5
2009,化学,黑龙江,老高考,2024,全国卷,common,黑龙江卷,done,../papers/2009/化学/全国/黑龙江理综/2009_化学_黑龙江理综_原卷.pdf,../papers/2009/化学/全国/黑龙江理综/2009_化学_黑龙江理综_OCR与考点.md,,pypdf,5
2009,化学,上海,老高考,2017,地方/区域卷,local,上海卷,done,../papers/2009/化学/上海/上海理综/2009_化学_上海理综_原卷.pdf,../papers/2009/化学/上海/上海理综/2009_化学_上海理综_OCR与考点.md,,pypdf,9
2009,化学,江苏,老高考,2021,地方/区域卷,local,江苏卷,done,../papers/2009/化学/江苏/江苏理综/2009_化学_江苏理综_原卷.pdf,../papers/2009/化学/江苏/江苏理综/2009_化学_江苏理综_OCR与考点.md,,pypdf,11
2009,化学,浙江,老高考,2017,地方/区域卷,local,浙江卷,done,../papers/2009/化学/浙江/浙江理综/2009_化学_浙江理综_原卷.pdf,../papers/2009/化学/浙江/浙江理综/2009_化学_浙江理综_OCR与考点.md,,pypdf,5
2009,化学,安徽,老高考,2024,,missing,,missing,,,,,
2009,化学,福建,老高考,2021,,missing,,missing,,,,,
2009,化学,江西,老高考,2024,全国卷,common,江西卷,done,../papers/2009/化学/全国/江西理综/2009_化学_江西理综_原卷.pdf,../papers/2009/化学/全国/江西理综/2009_化学_江西理综_OCR与考点.md,,pypdf,5
2009,化学,山东,老高考,2020,地方/区域卷,local,山东卷,done,../papers/2009/化学/山东/山东理综/2009_化学_山东理综_原卷.pdf,../papers/2009/化学/山东/山东理综/2009_化学_山东理综_OCR与考点.md,,pypdf,4
2009,化学,河南,老高考,2025,全国卷,common,河南卷,done,../papers/2009/化学/全国/河南理综/2009_化学_河南理综_原卷.pdf,../papers/2009/化学/全国/河南理综/2009_化学_河南理综_OCR与考点.md,,pypdf,5
2009,化学,湖北,老高考,2021,全国卷,common,湖北卷,done,../papers/2009/化学/全国/湖北理综/2009_化学_湖北理综_原卷.pdf,../papers/2009/化学/全国/湖北理综/2009_化学_湖北理综_OCR与考点.md,,pypdf,5
2009,化学,湖南,老高考,2021,全国卷,common,湖南卷,done,../papers/2009/化学/全国/湖南理综/2009_化学_湖南理综_原卷.pdf,../papers/2009/化学/全国/湖南理综/2009_化学_湖南理综_OCR与考点.md,,pypdf,5
2009,化学,广东,老高考,2021,地方/区域卷,local,广东卷,done,../papers/2009/化学/广东/广东理综/2009_化学_广东理综_原卷.pdf,../papers/2009/化学/广东/广东理综/2009_化学_广东理综_OCR与考点.md,,pypdf,10
2009,化学,广西,老高考,2024,全国卷,common,广西卷,done,../papers/2009/化学/全国/广西理综/2009_化学_广西理综_原卷.pdf,../papers/2009/化学/全国/广西理综/2009_化学_广西理综_OCR与考点.md,,pypdf,5
2009,化学,海南,老高考,2020,地方/区域卷,local,海南卷,done,../papers/2009/化学/海南/海南理综/2009_化学_海南理综_原卷.pdf,../papers/2009/化学/海南/海南理综/2009_化学_海南理综_OCR与考点.md,,pypdf,7
2009,化学,重庆,老高考,2021,,missing,,missing,,,,,
2009,化学,四川,老高考,2025,地方/区域卷,local,四川卷,done,../papers/2009/化学/四川/四川理综/2009_化学_四川理综_原卷.pdf,../papers/2009/化学/四川/四川理综/2009_化学_四川理综_OCR与考点.md,,pypdf,5
2009,化学,贵州,老高考,2024,全国卷,common,贵州卷,done,../papers/2009/化学/全国/贵州理综/2009_化学_贵州理综_原卷.pdf,../papers/2009/化学/全国/贵州理综/2009_化学_贵州理综_OCR与考点.md,,pypdf,5
2009,化学,云南,老高考,2025,全国卷,common,云南卷,done,../papers/2009/化学/全国/云南理综/2009_化学_云南理综_原卷.pdf,../papers/2009/化学/全国/云南理综/2009_化学_云南理综_OCR与考点.md,,pypdf,5
2009,化学,西藏,老高考,,全国卷,common,西藏卷,done,../papers/2009/化学/全国/西藏理综/2009_化学_西藏理综_原卷.pdf,../papers/2009/化学/全国/西藏理综/2009_化学_西藏理综_OCR与考点.md,,pypdf,5
2009,化学,陕西,老高考,2025,全国卷,common,陕西卷,done,../papers/2009/化学/全国/陕西理综/2009_化学_陕西理综_原卷.pdf,../papers/2009/化学/全国/陕西理综/2009_化学_陕西理综_OCR与考点.md,,pypdf,5
2009,化学,甘肃,老高考,2024,全国卷,common,甘肃卷,done,../papers/2009/化学/全国/甘肃理综/2009_化学_甘肃理综_原卷.pdf,../papers/2009/化学/全国/甘肃理综/2009_化学_甘肃理综_OCR与考点.md,,pypdf,5
2009,化学,青海,老高考,2025,全国卷,common,青海卷,done,../papers/2009/化学/全国/青海理综/2009_化学_青海理综_原卷.pdf,../papers/2009/化学/全国/青海理综/2009_化学_青海理综_OCR与考点.md,,pypdf,5
2009,化学,宁夏,老高考,2025,,missing,,missing,,,,,
2009,化学,新疆,老高考,,全国卷,common,新疆卷,done,../papers/2009/化学/全国/新疆理综/2009_化学_新疆理综_原卷.pdf,../papers/2009/化学/全国/新疆理综/2009_化学_新疆理综_OCR与考点.md,,pypdf,5
2009,生物,北京,老高考,2020,地方/区域卷,local,北京卷,done,../papers/2009/生物/北京/北京理综/2009_生物_北京理综_原卷.pdf,../papers/2009/生物/北京/北京理综/2009_生物_北京理综_OCR与考点.md,,pypdf,3
2009,生物,天津,老高考,2020,地方/区域卷,local,天津卷,done,../papers/2009/生物/天津/天津理综/2009_生物_天津理综_原卷.pdf,../papers/2009/生物/天津/天津理综/2009_生物_天津理综_OCR与考点.md,,pypdf,5
2009,生物,河北,老高考,2021,全国卷,common,河北卷,done,../papers/2009/生物/全国/河北理综/2009_生物_河北理综_原卷.pdf,../papers/2009/生物/全国/河北理综/2009_生物_河北理综_OCR与考点.md,,pypdf,4
2009,生物,山西,老高考,2025,全国卷,common,山西卷,done,../papers/2009/生物/全国/山西理综/2009_生物_山西理综_原卷.pdf,../papers/2009/生物/全国/山西理综/2009_生物_山西理综_OCR与考点.md,,pypdf,4
2009,生物,内蒙古,老高考,2025,全国卷,common,内蒙古卷,done,../papers/2009/生物/全国/内蒙古理综/2009_生物_内蒙古理综_原卷.pdf,../papers/2009/生物/全国/内蒙古理综/2009_生物_内蒙古理综_OCR与考点.md,,pypdf,4
2009,生物,辽宁,老高考,2021,,missing,,missing,,,,,
2009,生物,吉林,老高考,2024,全国卷,common,吉林卷,done,../papers/2009/生物/全国/吉林理综/2009_生物_吉林理综_原卷.pdf,../papers/2009/生物/全国/吉林理综/2009_生物_吉林理综_OCR与考点.md,,pypdf,4
2009,生物,黑龙江,老高考,2024,全国卷,common,黑龙江卷,done,../papers/2009/生物/全国/黑龙江理综/2009_生物_黑龙江理综_原卷.pdf,../papers/2009/生物/全国/黑龙江理综/2009_生物_黑龙江理综_OCR与考点.md,,pypdf,4
2009,生物,上海,老高考,2017,地方/区域卷,local,上海卷,done,../papers/2009/生物/上海/上海理综/2009_生物_上海理综_原卷.pdf,../papers/2009/生物/上海/上海理综/2009_生物_上海理综_OCR与考点.md,,pypdf,13
2009,生物,江苏,老高考,2021,地方/区域卷,local,江苏卷,done,../papers/2009/生物/江苏/江苏理综/2009_生物_江苏理综_原卷.pdf,../papers/2009/生物/江苏/江苏理综/2009_生物_江苏理综_OCR与考点.md,,pypdf,15
2009,生物,浙江,老高考,2017,地方/区域卷,local,浙江卷,done,../papers/2009/生物/浙江/浙江理综/2009_生物_浙江理综_原卷.pdf,../papers/2009/生物/浙江/浙江理综/2009_生物_浙江理综_OCR与考点.md,,pypdf,4
2009,生物,安徽,老高考,2024,,missing,,missing,,,,,
2009,生物,福建,老高考,2021,,missing,,missing,,,,,
2009,生物,江西,老高考,2024,全国卷,common,江西卷,done,../papers/2009/生物/全国/江西理综/2009_生物_江西理综_原卷.pdf,../papers/2009/生物/全国/江西理综/2009_生物_江西理综_OCR与考点.md,,pypdf,4
2009,生物,山东,老高考,2020,地方/区域卷,local,山东卷,done,../papers/2009/生物/山东/山东理综/2009_生物_山东理综_原卷.pdf,../papers/2009/生物/山东/山东理综/2009_生物_山东理综_OCR与考点.md,,pypdf,5
2009,生物,河南,老高考,2025,全国卷,common,河南卷,done,../papers/2009/生物/全国/河南理综/2009_生物_河南理综_原卷.pdf,../papers/2009/生物/全国/河南理综/2009_生物_河南理综_OCR与考点.md,,pypdf,4
2009,生物,湖北,老高考,2021,全国卷,common,湖北卷,done,../papers/2009/生物/全国/湖北理综/2009_生物_湖北理综_原卷.pdf,../papers/2009/生物/全国/湖北理综/2009_生物_湖北理综_OCR与考点.md,,pypdf,4
2009,生物,湖南,老高考,2021,全国卷,common,湖南卷,done,../papers/2009/生物/全国/湖南理综/2009_生物_湖南理综_原卷.pdf,../papers/2009/生物/全国/湖南理综/2009_生物_湖南理综_OCR与考点.md,,pypdf,4
2009,生物,广东,老高考,2021,地方/区域卷,local,广东卷,done,../papers/2009/生物/广东/广东理综/2009_生物_广东理综_原卷.pdf,../papers/2009/生物/广东/广东理综/2009_生物_广东理综_OCR与考点.md,,pypdf,9
2009,生物,广西,老高考,2024,全国卷,common,广西卷,done,../papers/2009/生物/全国/广西理综/2009_生物_广西理综_原卷.pdf,../papers/2009/生物/全国/广西理综/2009_生物_广西理综_OCR与考点.md,,pypdf,4
2009,生物,海南,老高考,2020,地方/区域卷,local,海南卷,done,../papers/2009/生物/海南/海南理综/2009_生物_海南理综_原卷.pdf,../papers/2009/生物/海南/海南理综/2009_生物_海南理综_OCR与考点.md,,pypdf,6
2009,生物,重庆,老高考,2021,,missing,,missing,,,,,
2009,生物,四川,老高考,2025,地方/区域卷,local,四川卷,done,../papers/2009/生物/四川/四川理综/2009_生物_四川理综_原卷.pdf,../papers/2009/生物/四川/四川理综/2009_生物_四川理综_OCR与考点.md,,pypdf,4
2009,生物,贵州,老高考,2024,全国卷,common,贵州卷,done,../papers/2009/生物/全国/贵州理综/2009_生物_贵州理综_原卷.pdf,../papers/2009/生物/全国/贵州理综/2009_生物_贵州理综_OCR与考点.md,,pypdf,4
2009,生物,云南,老高考,2025,全国卷,common,云南卷,done,../papers/2009/生物/全国/云南理综/2009_生物_云南理综_原卷.pdf,../papers/2009/生物/全国/云南理综/2009_生物_云南理综_OCR与考点.md,,pypdf,4
2009,生物,西藏,老高考,,全国卷,common,西藏卷,done,../papers/2009/生物/全国/西藏理综/2009_生物_西藏理综_原卷.pdf,../papers/2009/生物/全国/西藏理综/2009_生物_西藏理综_OCR与考点.md,,pypdf,4
2009,生物,陕西,老高考,2025,全国卷,common,陕西卷,done,../papers/2009/生物/全国/陕西理综/2009_生物_陕西理综_原卷.pdf,../papers/2009/生物/全国/陕西理综/2009_生物_陕西理综_OCR与考点.md,,pypdf,4
2009,生物,甘肃,老高考,2024,全国卷,common,甘肃卷,done,../papers/2009/生物/全国/甘肃理综/2009_生物_甘肃理综_原卷.pdf,../papers/2009/生物/全国/甘肃理综/2009_生物_甘肃理综_OCR与考点.md,,pypdf,4
2009,生物,青海,老高考,2025,全国卷,common,青海卷,done,../papers/2009/生物/全国/青海理综/2009_生物_青海理综_原卷.pdf,../papers/2009/生物/全国/青海理综/2009_生物_青海理综_OCR与考点.md,,pypdf,4
2009,生物,宁夏,老高考,2025,,missing,,missing,,,,,
2009,生物,新疆,老高考,,全国卷,common,新疆卷,done,../papers/2009/生物/全国/新疆理综/2009_生物_新疆理综_原卷.pdf,../papers/2009/生物/全国/新疆理综/2009_生物_新疆理综_OCR与考点.md,,pypdf,4
2009,政治,北京,老高考,2020,地方/区域卷,local,北京卷,done,../papers/2009/政治/北京/北京文综/2009_政治_北京文综_原卷.pdf,../papers/2009/政治/北京/北京文综/2009_政治_北京文综_OCR与考点.md,,pypdf,7
2009,政治,天津,老高考,2020,地方/区域卷,local,天津卷,done,../papers/2009/政治/天津/天津文综/2009_政治_天津文综_原卷.pdf,../papers/2009/政治/天津/天津文综/2009_政治_天津文综_OCR与考点.md,,pypdf,5
2009,政治,河北,老高考,2021,全国卷,common,全国Ⅰ卷,done,../papers/2009/政治/全国/全国Ⅰ卷文综/2009_政治_全国Ⅰ卷文综_原卷.pdf,../papers/2009/政治/全国/全国Ⅰ卷文综/2009_政治_全国Ⅰ卷文综_OCR与考点.md,,pypdf,7
2009,政治,山西,老高考,2025,全国卷,common,全国Ⅰ卷,done,../papers/2009/政治/全国/全国Ⅰ卷文综/2009_政治_全国Ⅰ卷文综_原卷.pdf,../papers/2009/政治/全国/全国Ⅰ卷文综/2009_政治_全国Ⅰ卷文综_OCR与考点.md,,pypdf,7
2009,政治,内蒙古,老高考,2025,全国卷,common,全国Ⅱ卷,done,../papers/2009/政治/全国/全国Ⅱ卷文综/2009_政治_全国Ⅱ卷文综_原卷.pdf,../papers/2009/政治/全国/全国Ⅱ卷文综/2009_政治_全国Ⅱ卷文综_OCR与考点.md,,pypdf,6
2009,政治,辽宁,老高考,2021,,missing,,missing,,,,,
2009,政治,吉林,老高考,2024,全国卷,common,全国Ⅱ卷,done,../papers/2009/政治/全国/全国Ⅱ卷文综/2009_政治_全国Ⅱ卷文综_原卷.pdf,../papers/2009/政治/全国/全国Ⅱ卷文综/2009_政治_全国Ⅱ卷文综_OCR与考点.md,,pypdf,6
2009,政治,黑龙江,老高考,2024,全国卷,common,全国Ⅱ卷,done,../papers/2009/政治/全国/全国Ⅱ卷文综/2009_政治_全国Ⅱ卷文综_原卷.pdf,../papers/2009/政治/全国/全国Ⅱ卷文综/2009_政治_全国Ⅱ卷文综_OCR与考点.md,,pypdf,6
2009,政治,上海,老高考,2017,地方/区域卷,local,上海卷,done,../papers/2009/政治/上海/上海文综/2009_政治_上海文综_原卷.pdf,../papers/2009/政治/上海/上海文综/2009_政治_上海文综_OCR与考点.md,,pypdf,13
2009,政治,江苏,老高考,2021,地方/区域卷,local,江苏卷,done,../papers/2009/政治/江苏/江苏文综/2009_政治_江苏文综_原卷.pdf,../papers/2009/政治/江苏/江苏文综/2009_政治_江苏文综_OCR与考点.md,,pypdf,9
2009,政治,浙江,老高考,2017,地方/区域卷,local,浙江卷,done,../papers/2009/政治/浙江/浙江文综/2009_政治_浙江文综_原卷.pdf,../papers/2009/政治/浙江/浙江文综/2009_政治_浙江文综_OCR与考点.md,,pypdf,4
2009,政治,安徽,老高考,2024,,missing,,missing,,,,,
2009,政治,福建,老高考,2021,,missing,,missing,,,,,
2009,政治,江西,老高考,2024,全国卷,common,全国Ⅰ卷,done,../papers/2009/政治/全国/全国Ⅰ卷文综/2009_政治_全国Ⅰ卷文综_原卷.pdf,../papers/2009/政治/全国/全国Ⅰ卷文综/2009_政治_全国Ⅰ卷文综_OCR与考点.md,,pypdf,7
2009,政治,山东,老高考,2020,地方/区域卷,local,山东卷,done,../papers/2009/政治/山东/山东文综/2009_政治_山东文综_原卷.pdf,../papers/2009/政治/山东/山东文综/2009_政治_山东文综_OCR与考点.md,,pypdf,5
2009,政治,河南,老高考,2025,全国卷,common,全国Ⅰ卷,done,../papers/2009/政治/全国/全国Ⅰ卷文综/2009_政治_全国Ⅰ卷文综_原卷.pdf,../papers/2009/政治/全国/全国Ⅰ卷文综/2009_政治_全国Ⅰ卷文综_OCR与考点.md,,pypdf,7
2009,政治,湖北,老高考,2021,全国卷,common,全国Ⅰ卷,done,../papers/2009/政治/全国/全国Ⅰ卷文综/2009_政治_全国Ⅰ卷文综_原卷.pdf,../papers/2009/政治/全国/全国Ⅰ卷文综/2009_政治_全国Ⅰ卷文综_OCR与考点.md,,pypdf,7
2009,政治,湖南,老高考,2021,全国卷,common,全国Ⅰ卷,done,../papers/2009/政治/全国/全国Ⅰ卷文综/2009_政治_全国Ⅰ卷文综_原卷.pdf,../papers/2009/政治/全国/全国Ⅰ卷文综/2009_政治_全国Ⅰ卷文综_OCR与考点.md,,pypdf,7
2009,政治,广东,老高考,2021,地方/区域卷,local,广东卷,done,../papers/2009/政治/广东/广东文综/2009_政治_广东文综_原卷.pdf,../papers/2009/政治/广东/广东文综/2009_政治_广东文综_OCR与考点.md,,pypdf,10
2009,政治,广西,老高考,2024,全国卷,common,全国Ⅰ卷,done,../papers/2009/政治/全国/全国Ⅰ卷文综/2009_政治_全国Ⅰ卷文综_原卷.pdf,../papers/2009/政治/全国/全国Ⅰ卷文综/2009_政治_全国Ⅰ卷文综_OCR与考点.md,,pypdf,7
2009,政治,海南,老高考,2020,地方/区域卷,local,海南卷,done,../papers/2009/政治/海南/海南文综/2009_政治_海南文综_原卷.pdf,../papers/2009/政治/海南/海南文综/2009_政治_海南文综_OCR与考点.md,,pypdf,5
2009,政治,重庆,老高考,2021,,missing,,missing,,,,,
2009,政治,四川,老高考,2025,地方/区域卷,local,四川卷,done,../papers/2009/政治/四川/四川文综/2009_政治_四川文综_原卷.pdf,../papers/2009/政治/四川/四川文综/2009_政治_四川文综_OCR与考点.md,,pypdf,5
2009,政治,贵州,老高考,2024,全国卷,common,全国Ⅱ卷,done,../papers/2009/政治/全国/全国Ⅱ卷文综/2009_政治_全国Ⅱ卷文综_原卷.pdf,../papers/2009/政治/全国/全国Ⅱ卷文综/2009_政治_全国Ⅱ卷文综_OCR与考点.md,,pypdf,6
2009,政治,云南,老高考,2025,全国卷,common,全国Ⅱ卷,done,../papers/2009/政治/全国/全国Ⅱ卷文综/2009_政治_全国Ⅱ卷文综_原卷.pdf,../papers/2009/政治/全国/全国Ⅱ卷文综/2009_政治_全国Ⅱ卷文综_OCR与考点.md,,pypdf,6
2009,政治,西藏,老高考,,全国卷,common,全国Ⅱ卷,done,../papers/2009/政治/全国/全国Ⅱ卷文综/2009_政治_全国Ⅱ卷文综_原卷.pdf,../papers/2009/政治/全国/全国Ⅱ卷文综/2009_政治_全国Ⅱ卷文综_OCR与考点.md,,pypdf,6
2009,政治,陕西,老高考,2025,全国卷,common,全国Ⅱ卷,done,../papers/2009/政治/全国/全国Ⅱ卷文综/2009_政治_全国Ⅱ卷文综_原卷.pdf,../papers/2009/政治/全国/全国Ⅱ卷文综/2009_政治_全国Ⅱ卷文综_OCR与考点.md,,pypdf,6
2009,政治,甘肃,老高考,2024,全国卷,common,全国Ⅱ卷,done,../papers/2009/政治/全国/全国Ⅱ卷文综/2009_政治_全国Ⅱ卷文综_原卷.pdf,../papers/2009/政治/全国/全国Ⅱ卷文综/2009_政治_全国Ⅱ卷文综_OCR与考点.md,,pypdf,6
2009,政治,青海,老高考,2025,全国卷,common,全国Ⅱ卷,done,../papers/2009/政治/全国/全国Ⅱ卷文综/2009_政治_全国Ⅱ卷文综_原卷.pdf,../papers/2009/政治/全国/全国Ⅱ卷文综/2009_政治_全国Ⅱ卷文综_OCR与考点.md,,pypdf,6
2009,政治,宁夏,老高考,2025,,missing,,missing,,,,,
2009,政治,新疆,老高考,,全国卷,common,全国Ⅱ卷,done,../papers/2009/政治/全国/全国Ⅱ卷文综/2009_政治_全国Ⅱ卷文综_原卷.pdf,../papers/2009/政治/全国/全国Ⅱ卷文综/2009_政治_全国Ⅱ卷文综_OCR与考点.md,,pypdf,6
2009,历史,北京,老高考,2020,地方/区域卷,local,北京卷,done,../papers/2009/历史/北京/北京文综/2009_历史_北京文综_原卷.pdf,../papers/2009/历史/北京/北京文综/2009_历史_北京文综_OCR与考点.md,,pypdf,7
2009,历史,天津,老高考,2020,地方/区域卷,local,天津卷,done,../papers/2009/历史/天津/天津文综/2009_历史_天津文综_原卷.pdf,../papers/2009/历史/天津/天津文综/2009_历史_天津文综_OCR与考点.md,,pypdf,5
2009,历史,河北,老高考,2021,全国卷,common,河北卷,done,../papers/2009/历史/全国/河北文综/2009_历史_河北文综_原卷.pdf,../papers/2009/历史/全国/河北文综/2009_历史_河北文综_OCR与考点.md,,pypdf,6
2009,历史,山西,老高考,2025,全国卷,common,山西卷,done,../papers/2009/历史/全国/山西文综/2009_历史_山西文综_原卷.pdf,../papers/2009/历史/全国/山西文综/2009_历史_山西文综_OCR与考点.md,,pypdf,6
2009,历史,内蒙古,老高考,2025,全国卷,common,内蒙古卷,done,../papers/2009/历史/全国/内蒙古文综/2009_历史_内蒙古文综_原卷.pdf,../papers/2009/历史/全国/内蒙古文综/2009_历史_内蒙古文综_OCR与考点.md,,pypdf,5
2009,历史,辽宁,老高考,2021,,missing,,missing,,,,,
2009,历史,吉林,老高考,2024,全国卷,common,吉林卷,done,../papers/2009/历史/全国/吉林文综/2009_历史_吉林文综_原卷.pdf,../papers/2009/历史/全国/吉林文综/2009_历史_吉林文综_OCR与考点.md,,pypdf,5
2009,历史,黑龙江,老高考,2024,全国卷,common,黑龙江卷,done,../papers/2009/历史/全国/黑龙江文综/2009_历史_黑龙江文综_原卷.pdf,../papers/2009/历史/全国/黑龙江文综/2009_历史_黑龙江文综_OCR与考点.md,,pypdf,5
2009,历史,上海,老高考,2017,地方/区域卷,local,上海卷,done,../papers/2009/历史/上海/上海文综/2009_历史_上海文综_原卷.pdf,../papers/2009/历史/上海/上海文综/2009_历史_上海文综_OCR与考点.md,,pypdf,12
2009,历史,江苏,老高考,2021,地方/区域卷,local,江苏卷,done,../papers/2009/历史/江苏/江苏文综/2009_历史_江苏文综_原卷.pdf,../papers/2009/历史/江苏/江苏文综/2009_历史_江苏文综_OCR与考点.md,,pypdf,10
2009,历史,浙江,老高考,2017,地方/区域卷,local,浙江卷,done,../papers/2009/历史/浙江/浙江文综/2009_历史_浙江文综_原卷.pdf,../papers/2009/历史/浙江/浙江文综/2009_历史_浙江文综_OCR与考点.md,,pypdf,4
2009,历史,安徽,老高考,2024,,missing,,missing,,,,,
2009,历史,福建,老高考,2021,,missing,,missing,,,,,
2009,历史,江西,老高考,2024,全国卷,common,江西卷,done,../papers/2009/历史/全国/江西文综/2009_历史_江西文综_原卷.pdf,../papers/2009/历史/全国/江西文综/2009_历史_江西文综_OCR与考点.md,,pypdf,6
2009,历史,山东,老高考,2020,地方/区域卷,local,山东卷,done,../papers/2009/历史/山东/山东文综/2009_历史_山东文综_原卷.pdf,../papers/2009/历史/山东/山东文综/2009_历史_山东文综_OCR与考点.md,,pypdf,5
2009,历史,河南,老高考,2025,全国卷,common,河南卷,done,../papers/2009/历史/全国/河南文综/2009_历史_河南文综_原卷.pdf,../papers/2009/历史/全国/河南文综/2009_历史_河南文综_OCR与考点.md,,pypdf,6
2009,历史,湖北,老高考,2021,全国卷,common,湖北卷,done,../papers/2009/历史/全国/湖北文综/2009_历史_湖北文综_原卷.pdf,../papers/2009/历史/全国/湖北文综/2009_历史_湖北文综_OCR与考点.md,,pypdf,6
2009,历史,湖南,老高考,2021,全国卷,common,湖南卷,done,../papers/2009/历史/全国/湖南文综/2009_历史_湖南文综_原卷.pdf,../papers/2009/历史/全国/湖南文综/2009_历史_湖南文综_OCR与考点.md,,pypdf,6
2009,历史,广东,老高考,2021,地方/区域卷,local,广东卷,done,../papers/2009/历史/广东/广东文综/2009_历史_广东文综_原卷.pdf,../papers/2009/历史/广东/广东文综/2009_历史_广东文综_OCR与考点.md,,pypdf,7
2009,历史,广西,老高考,2024,全国卷,common,广西卷,done,../papers/2009/历史/全国/广西文综/2009_历史_广西文综_原卷.pdf,../papers/2009/历史/全国/广西文综/2009_历史_广西文综_OCR与考点.md,,pypdf,6
2009,历史,海南,老高考,2020,地方/区域卷,local,海南卷,done,../papers/2009/历史/海南/海南文综/2009_历史_海南文综_原卷.pdf,../papers/2009/历史/海南/海南文综/2009_历史_海南文综_OCR与考点.md,,pypdf,11
2009,历史,重庆,老高考,2021,,missing,,missing,,,,,
2009,历史,四川,老高考,2025,地方/区域卷,local,四川卷,done,../papers/2009/历史/四川/四川文综/2009_历史_四川文综_原卷.pdf,../papers/2009/历史/四川/四川文综/2009_历史_四川文综_OCR与考点.md,,pypdf,5
2009,历史,贵州,老高考,2024,全国卷,common,贵州卷,done,../papers/2009/历史/全国/贵州文综/2009_历史_贵州文综_原卷.pdf,../papers/2009/历史/全国/贵州文综/2009_历史_贵州文综_OCR与考点.md,,pypdf,5
2009,历史,云南,老高考,2025,全国卷,common,云南卷,done,../papers/2009/历史/全国/云南文综/2009_历史_云南文综_原卷.pdf,../papers/2009/历史/全国/云南文综/2009_历史_云南文综_OCR与考点.md,,pypdf,5
2009,历史,西藏,老高考,,全国卷,common,西藏卷,done,../papers/2009/历史/全国/西藏文综/2009_历史_西藏文综_原卷.pdf,../papers/2009/历史/全国/西藏文综/2009_历史_西藏文综_OCR与考点.md,,pypdf,5
2009,历史,陕西,老高考,2025,全国卷,common,陕西卷,done,../papers/2009/历史/全国/陕西文综/2009_历史_陕西文综_原卷.pdf,../papers/2009/历史/全国/陕西文综/2009_历史_陕西文综_OCR与考点.md,,pypdf,5
2009,历史,甘肃,老高考,2024,全国卷,common,甘肃卷,done,../papers/2009/历史/全国/甘肃文综/2009_历史_甘肃文综_原卷.pdf,../papers/2009/历史/全国/甘肃文综/2009_历史_甘肃文综_OCR与考点.md,,pypdf,5
2009,历史,青海,老高考,2025,全国卷,common,青海卷,done,../papers/2009/历史/全国/青海文综/2009_历史_青海文综_原卷.pdf,../papers/2009/历史/全国/青海文综/2009_历史_青海文综_OCR与考点.md,,pypdf,5
2009,历史,宁夏,老高考,2025,,missing,,missing,,,,,
2009,历史,新疆,老高考,,全国卷,common,新疆卷,done,../papers/2009/历史/全国/新疆文综/2009_历史_新疆文综_原卷.pdf,../papers/2009/历史/全国/新疆文综/2009_历史_新疆文综_OCR与考点.md,,pypdf,5
2009,地理,北京,老高考,2020,地方/区域卷,local,北京卷,done,../papers/2009/地理/北京/北京文综/2009_地理_北京文综_原卷.pdf,../papers/2009/地理/北京/北京文综/2009_地理_北京文综_OCR与考点.md,,pypdf,6
2009,地理,天津,老高考,2020,地方/区域卷,local,天津卷,done,../papers/2009/地理/天津/天津文综/2009_地理_天津文综_原卷.pdf,../papers/2009/地理/天津/天津文综/2009_地理_天津文综_OCR与考点.md,,pypdf,5
2009,地理,河北,老高考,2021,全国卷,common,河北卷,done,../papers/2009/地理/全国/河北文综/2009_地理_河北文综_原卷.pdf,../papers/2009/地理/全国/河北文综/2009_地理_河北文综_OCR与考点.md,,pypdf,7
2009,地理,山西,老高考,2025,全国卷,common,山西卷,done,../papers/2009/地理/全国/山西文综/2009_地理_山西文综_原卷.pdf,../papers/2009/地理/全国/山西文综/2009_地理_山西文综_OCR与考点.md,,pypdf,7
2009,地理,内蒙古,老高考,2025,全国卷,common,内蒙古卷,done,../papers/2009/地理/全国/内蒙古文综/2009_地理_内蒙古文综_原卷.pdf,../papers/2009/地理/全国/内蒙古文综/2009_地理_内蒙古文综_OCR与考点.md,,pypdf,6
2009,地理,辽宁,老高考,2021,,missing,,missing,,,,,
2009,地理,吉林,老高考,2024,全国卷,common,吉林卷,done,../papers/2009/地理/全国/吉林文综/2009_地理_吉林文综_原卷.pdf,../papers/2009/地理/全国/吉林文综/2009_地理_吉林文综_OCR与考点.md,,pypdf,6
2009,地理,黑龙江,老高考,2024,全国卷,common,黑龙江卷,done,../papers/2009/地理/全国/黑龙江文综/2009_地理_黑龙江文综_原卷.pdf,../papers/2009/地理/全国/黑龙江文综/2009_地理_黑龙江文综_OCR与考点.md,,pypdf,6
2009,地理,上海,老高考,2017,地方/区域卷,local,上海卷,done,../papers/2009/地理/上海/上海文综/2009_地理_上海文综_原卷.pdf,../papers/2009/地理/上海/上海文综/2009_地理_上海文综_OCR与考点.md,,pypdf,12
2009,地理,江苏,老高考,2021,地方/区域卷,local,江苏卷,done,../papers/2009/地理/江苏/江苏文综/2009_地理_江苏文综_原卷.pdf,../papers/2009/地理/江苏/江苏文综/2009_地理_江苏文综_OCR与考点.md,,pypdf,13
2009,地理,浙江,老高考,2017,地方/区域卷,local,浙江卷,done,../papers/2009/地理/浙江/浙江文综/2009_地理_浙江文综_原卷.pdf,../papers/2009/地理/浙江/浙江文综/2009_地理_浙江文综_OCR与考点.md,,pypdf,3
2009,地理,安徽,老高考,2024,,missing,,missing,,,,,
2009,地理,福建,老高考,2021,,missing,,missing,,,,,
2009,地理,江西,老高考,2024,全国卷,common,江西卷,done,../papers/2009/地理/全国/江西文综/2009_地理_江西文综_原卷.pdf,../papers/2009/地理/全国/江西文综/2009_地理_江西文综_OCR与考点.md,,pypdf,7
2009,地理,山东,老高考,2020,地方/区域卷,local,山东卷,done,../papers/2009/地理/山东/山东文综/2009_地理_山东文综_原卷.pdf,../papers/2009/地理/山东/山东文综/2009_地理_山东文综_OCR与考点.md,,pypdf,8
2009,地理,河南,老高考,2025,全国卷,common,河南卷,done,../papers/2009/地理/全国/河南文综/2009_地理_河南文综_原卷.pdf,../papers/2009/地理/全国/河南文综/2009_地理_河南文综_OCR与考点.md,,pypdf,7
2009,地理,湖北,老高考,2021,全国卷,common,湖北卷,done,../papers/2009/地理/全国/湖北文综/2009_地理_湖北文综_原卷.pdf,../papers/2009/地理/全国/湖北文综/2009_地理_湖北文综_OCR与考点.md,,pypdf,7
2009,地理,湖南,老高考,2021,全国卷,common,湖南卷,done,../papers/2009/地理/全国/湖南文综/2009_地理_湖南文综_原卷.pdf,../papers/2009/地理/全国/湖南文综/2009_地理_湖南文综_OCR与考点.md,,pypdf,7
2009,地理,广东,老高考,2021,地方/区域卷,local,广东卷,done,../papers/2009/地理/广东/广东文综/2009_地理_广东文综_原卷.pdf,../papers/2009/地理/广东/广东文综/2009_地理_广东文综_OCR与考点.md,,pypdf,15
2009,地理,广西,老高考,2024,全国卷,common,广西卷,done,../papers/2009/地理/全国/广西文综/2009_地理_广西文综_原卷.pdf,../papers/2009/地理/全国/广西文综/2009_地理_广西文综_OCR与考点.md,,pypdf,7
2009,地理,海南,老高考,2020,地方/区域卷,local,海南卷,done,../papers/2009/地理/海南/海南文综/2009_地理_海南文综_原卷.pdf,../papers/2009/地理/海南/海南文综/2009_地理_海南文综_OCR与考点.md,,pypdf,8
2009,地理,重庆,老高考,2021,,missing,,missing,,,,,
2009,地理,四川,老高考,2025,地方/区域卷,local,四川卷,done,../papers/2009/地理/四川/四川文综/2009_地理_四川文综_原卷.pdf,../papers/2009/地理/四川/四川文综/2009_地理_四川文综_OCR与考点.md,,pypdf,5
2009,地理,贵州,老高考,2024,全国卷,common,贵州卷,done,../papers/2009/地理/全国/贵州文综/2009_地理_贵州文综_原卷.pdf,../papers/2009/地理/全国/贵州文综/2009_地理_贵州文综_OCR与考点.md,,pypdf,6
2009,地理,云南,老高考,2025,全国卷,common,云南卷,done,../papers/2009/地理/全国/云南文综/2009_地理_云南文综_原卷.pdf,../papers/2009/地理/全国/云南文综/2009_地理_云南文综_OCR与考点.md,,pypdf,6
2009,地理,西藏,老高考,,全国卷,common,西藏卷,done,../papers/2009/地理/全国/西藏文综/2009_地理_西藏文综_原卷.pdf,../papers/2009/地理/全国/西藏文综/2009_地理_西藏文综_OCR与考点.md,,pypdf,6
2009,地理,陕西,老高考,2025,全国卷,common,陕西卷,done,../papers/2009/地理/全国/陕西文综/2009_地理_陕西文综_原卷.pdf,../papers/2009/地理/全国/陕西文综/2009_地理_陕西文综_OCR与考点.md,,pypdf,6
2009,地理,甘肃,老高考,2024,全国卷,common,甘肃卷,done,../papers/2009/地理/全国/甘肃文综/2009_地理_甘肃文综_原卷.pdf,../papers/2009/地理/全国/甘肃文综/2009_地理_甘肃文综_OCR与考点.md,,pypdf,6
2009,地理,青海,老高考,2025,全国卷,common,青海卷,done,../papers/2009/地理/全国/青海文综/2009_地理_青海文综_原卷.pdf,../papers/2009/地理/全国/青海文综/2009_地理_青海文综_OCR与考点.md,,pypdf,6
2009,地理,宁夏,老高考,2025,,missing,,missing,,,,,
2009,地理,新疆,老高考,,全国卷,common,新疆卷,done,../papers/2009/地理/全国/新疆文综/2009_地理_新疆文综_原卷.pdf,../papers/2009/地理/全国/新疆文综/2009_地理_新疆文综_OCR与考点.md,,pypdf,6
2010,语文,北京,老高考,2020,地方/区域卷,local,北京卷,pdf_only,../papers/2010/语文/北京/北京卷/2010_语文_北京卷_原卷.pdf,,,,
2010,语文,天津,老高考,2020,地方/区域卷,local,天津卷,pdf_only,../papers/2010/语文/天津/天津卷/2010_语文_天津卷_原卷.pdf,,,,
2010,语文,河北,老高考,2021,全国卷,common,全国Ⅰ卷,pdf_only,../papers/2010/语文/全国/全国Ⅰ卷/2010_语文_全国Ⅰ卷_原卷.pdf,,,,
2010,语文,山西,老高考,2025,全国卷,common,全国Ⅰ卷,pdf_only,../papers/2010/语文/全国/全国Ⅰ卷/2010_语文_全国Ⅰ卷_原卷.pdf,,,,
2010,语文,内蒙古,老高考,2025,全国卷,common,全国Ⅱ卷,pdf_only,../papers/2010/语文/全国/全国Ⅱ卷/2010_语文_全国Ⅱ卷_原卷.pdf,,,,
2010,语文,辽宁,老高考,2021,,missing,,missing,,,,,
2010,语文,吉林,老高考,2024,全国卷,common,吉林卷,pdf_only,../papers/2010/语文/全国/吉林卷/2010_语文_吉林卷_原卷.pdf,,,,
2010,语文,黑龙江,老高考,2024,全国卷,common,黑龙江卷,pdf_only,../papers/2010/语文/全国/黑龙江卷/2010_语文_黑龙江卷_原卷.pdf,,,,
2010,语文,上海,老高考,2017,地方/区域卷,local,上海卷,pdf_only,../papers/2010/语文/上海/上海卷/2010_语文_上海卷_原卷.pdf,,,,
2010,语文,江苏,老高考,2021,地方/区域卷,local,江苏卷,pdf_only,../papers/2010/语文/江苏/江苏卷/2010_语文_江苏卷_原卷.pdf,,,,
2010,语文,浙江,老高考,2017,地方/区域卷,local,浙江卷,pdf_only,../papers/2010/语文/浙江/浙江卷/2010_语文_浙江卷_原卷.pdf,,,,
2010,语文,安徽,老高考,2024,,missing,,missing,,,,,
2010,语文,福建,老高考,2021,,missing,,missing,,,,,
2010,语文,江西,老高考,2024,,missing,,missing,,,,,
2010,语文,山东,老高考,2020,地方/区域卷,local,山东卷,pdf_only,../papers/2010/语文/山东/山东卷/2010_语文_山东卷_原卷.pdf,,,,
2010,语文,河南,老高考,2025,全国卷,common,全国Ⅰ卷,pdf_only,../papers/2010/语文/全国/全国Ⅰ卷/2010_语文_全国Ⅰ卷_原卷.pdf,,,,
2010,语文,湖北,老高考,2021,,missing,,missing,,,,,
2010,语文,湖南,老高考,2021,地方/区域卷,local,湖南卷,pdf_only,../papers/2010/语文/湖南/湖南卷/2010_语文_湖南卷_原卷.pdf,,,,
2010,语文,广东,老高考,2021,地方/区域卷,local,广东卷,pdf_only,../papers/2010/语文/广东/广东卷/2010_语文_广东卷_原卷.pdf,,,,
2010,语文,广西,老高考,2024,全国卷,common,全国Ⅰ卷,pdf_only,../papers/2010/语文/全国/全国Ⅰ卷/2010_语文_全国Ⅰ卷_原卷.pdf,,,,
2010,语文,海南,老高考,2020,全国卷,common,海南卷,pdf_only,../papers/2010/语文/全国/海南卷/2010_语文_海南卷_原卷.pdf,,,,
2010,语文,重庆,老高考,2021,,missing,,missing,,,,,
2010,语文,四川,老高考,2025,地方/区域卷,local,四川卷,pdf_only,../papers/2010/语文/四川/四川卷/2010_语文_四川卷_原卷.pdf,,,,
2010,语文,贵州,老高考,2024,全国卷,common,全国Ⅱ卷,pdf_only,../papers/2010/语文/全国/全国Ⅱ卷/2010_语文_全国Ⅱ卷_原卷.pdf,,,,
2010,语文,云南,老高考,2025,全国卷,common,全国Ⅱ卷,pdf_only,../papers/2010/语文/全国/全国Ⅱ卷/2010_语文_全国Ⅱ卷_原卷.pdf,,,,
2010,语文,西藏,老高考,,全国卷,common,全国Ⅱ卷,pdf_only,../papers/2010/语文/全国/全国Ⅱ卷/2010_语文_全国Ⅱ卷_原卷.pdf,,,,
2010,语文,陕西,老高考,2025,全国卷,common,全国Ⅱ卷,pdf_only,../papers/2010/语文/全国/全国Ⅱ卷/2010_语文_全国Ⅱ卷_原卷.pdf,,,,
2010,语文,甘肃,老高考,2024,全国卷,common,全国Ⅱ卷,pdf_only,../papers/2010/语文/全国/全国Ⅱ卷/2010_语文_全国Ⅱ卷_原卷.pdf,,,,
2010,语文,青海,老高考,2025,全国卷,common,全国Ⅱ卷,pdf_only,../papers/2010/语文/全国/全国Ⅱ卷/2010_语文_全国Ⅱ卷_原卷.pdf,,,,
2010,语文,宁夏,老高考,2025,全国卷,common,海南卷,pdf_only,../papers/2010/语文/全国/海南卷/2010_语文_海南卷_原卷.pdf,,,,
2010,语文,新疆,老高考,,全国卷,common,全国Ⅱ卷,pdf_only,../papers/2010/语文/全国/全国Ⅱ卷/2010_语文_全国Ⅱ卷_原卷.pdf,,,,
2010,数学,北京,老高考,2020,地方/区域卷,local,北京卷,done,../papers/2010/数学/北京/北京卷/2010_数学_北京卷_原卷.pdf,../papers/2010/数学/北京/北京卷/2010_数学_北京卷_OCR与考点.md,,pypdf,6
2010,数学,天津,老高考,2020,地方/区域卷,local,天津卷,done,../papers/2010/数学/天津/天津卷/2010_数学_天津卷_原卷.pdf,../papers/2010/数学/天津/天津卷/2010_数学_天津卷_OCR与考点.md,,pypdf,5
2010,数学,河北,老高考,2021,全国卷,common,全国Ⅰ卷,done,../papers/2010/数学/全国/全国Ⅰ卷/2010_数学_全国Ⅰ卷_原卷.pdf,../papers/2010/数学/全国/全国Ⅰ卷/2010_数学_全国Ⅰ卷_OCR与考点.md,,pypdf,4
2010,数学,山西,老高考,2025,全国卷,common,全国Ⅰ卷,done,../papers/2010/数学/全国/全国Ⅰ卷/2010_数学_全国Ⅰ卷_原卷.pdf,../papers/2010/数学/全国/全国Ⅰ卷/2010_数学_全国Ⅰ卷_OCR与考点.md,,pypdf,4
2010,数学,内蒙古,老高考,2025,全国卷,common,内蒙古卷,done,../papers/2010/数学/全国/内蒙古卷/2010_数学_内蒙古卷_原卷.pdf,../papers/2010/数学/全国/内蒙古卷/2010_数学_内蒙古卷_OCR与考点.md,,pypdf,4
2010,数学,辽宁,老高考,2021,地方/区域卷,local,辽宁卷,done,../papers/2010/数学/辽宁/辽宁卷/2010_数学_辽宁卷_原卷.pdf,../papers/2010/数学/辽宁/辽宁卷/2010_数学_辽宁卷_OCR与考点.md,,pypdf,6
2010,数学,吉林,老高考,2024,全国卷,common,吉林卷,done,../papers/2010/数学/全国/吉林卷/2010_数学_吉林卷_原卷.pdf,../papers/2010/数学/全国/吉林卷/2010_数学_吉林卷_OCR与考点.md,,pypdf,6
2010,数学,黑龙江,老高考,2024,全国卷,common,黑龙江卷,done,../papers/2010/数学/全国/黑龙江卷/2010_数学_黑龙江卷_原卷.pdf,../papers/2010/数学/全国/黑龙江卷/2010_数学_黑龙江卷_OCR与考点.md,,pypdf,6
2010,数学,上海,老高考,2017,地方/区域卷,local,上海卷,done,../papers/2010/数学/上海/上海卷/2010_数学_上海卷_原卷.pdf,../papers/2010/数学/上海/上海卷/2010_数学_上海卷_OCR与考点.md,,pypdf,8
2010,数学,江苏,老高考,2021,地方/区域卷,local,江苏卷,done,../papers/2010/数学/江苏/江苏卷/2010_数学_江苏卷_原卷.pdf,../papers/2010/数学/江苏/江苏卷/2010_数学_江苏卷_OCR与考点.md,,pypdf,6
2010,数学,浙江,老高考,2017,地方/区域卷,local,浙江卷,done,../papers/2010/数学/浙江/浙江卷/2010_数学_浙江卷_原卷.pdf,../papers/2010/数学/浙江/浙江卷/2010_数学_浙江卷_OCR与考点.md,,pypdf,4
2010,数学,安徽,老高考,2024,,missing,,missing,,,,,
2010,数学,福建,老高考,2021,,missing,,missing,,,,,
2010,数学,江西,老高考,2024,地方/区域卷,local,江西卷,done,../papers/2010/数学/江西/江西卷/2010_数学_江西卷_原卷.pdf,../papers/2010/数学/江西/江西卷/2010_数学_江西卷_OCR与考点.md,,pypdf,5
2010,数学,山东,老高考,2020,地方/区域卷,local,山东卷,done,../papers/2010/数学/山东/山东卷/2010_数学_山东卷_原卷.pdf,../papers/2010/数学/山东/山东卷/2010_数学_山东卷_OCR与考点.md,,pypdf,5
2010,数学,河南,老高考,2025,全国卷,common,全国Ⅰ卷,done,../papers/2010/数学/全国/全国Ⅰ卷/2010_数学_全国Ⅰ卷_原卷.pdf,../papers/2010/数学/全国/全国Ⅰ卷/2010_数学_全国Ⅰ卷_OCR与考点.md,,pypdf,4
2010,数学,湖北,老高考,2021,,missing,,missing,,,,,
2010,数学,湖南,老高考,2021,地方/区域卷,local,湖南卷,done,../papers/2010/数学/湖南/湖南卷/2010_数学_湖南卷_原卷.pdf,../papers/2010/数学/湖南/湖南卷/2010_数学_湖南卷_OCR与考点.md,,pypdf,6
2010,数学,广东,老高考,2021,地方/区域卷,local,广东卷,done,../papers/2010/数学/广东/广东卷/2010_数学_广东卷_原卷.pdf,../papers/2010/数学/广东/广东卷/2010_数学_广东卷_OCR与考点.md,,pypdf,6
2010,数学,广西,老高考,2024,全国卷,common,全国Ⅰ卷,done,../papers/2010/数学/全国/全国Ⅰ卷/2010_数学_全国Ⅰ卷_原卷.pdf,../papers/2010/数学/全国/全国Ⅰ卷/2010_数学_全国Ⅰ卷_OCR与考点.md,,pypdf,4
2010,数学,海南,老高考,2020,全国卷,common,海南卷,done,../papers/2010/数学/全国/海南卷/2010_数学_海南卷_原卷.pdf,../papers/2010/数学/全国/海南卷/2010_数学_海南卷_OCR与考点.md,,pypdf,6
2010,数学,重庆,老高考,2021,,missing,,missing,,,,,
2010,数学,四川,老高考,2025,地方/区域卷,local,四川卷,done,../papers/2010/数学/四川/四川卷/2010_数学_四川卷_原卷.pdf,../papers/2010/数学/四川/四川卷/2010_数学_四川卷_OCR与考点.md,,pypdf,4
2010,数学,贵州,老高考,2024,全国卷,common,贵州卷,done,../papers/2010/数学/全国/贵州卷/2010_数学_贵州卷_原卷.pdf,../papers/2010/数学/全国/贵州卷/2010_数学_贵州卷_OCR与考点.md,,pypdf,4
2010,数学,云南,老高考,2025,全国卷,common,云南卷,done,../papers/2010/数学/全国/云南卷/2010_数学_云南卷_原卷.pdf,../papers/2010/数学/全国/云南卷/2010_数学_云南卷_OCR与考点.md,,pypdf,4
2010,数学,西藏,老高考,,全国卷,common,西藏卷,done,../papers/2010/数学/全国/西藏卷/2010_数学_西藏卷_原卷.pdf,../papers/2010/数学/全国/西藏卷/2010_数学_西藏卷_OCR与考点.md,,pypdf,4
2010,数学,陕西,老高考,2025,地方/区域卷,local,陕西卷,done,../papers/2010/数学/陕西/陕西卷/2010_数学_陕西卷_原卷.pdf,../papers/2010/数学/陕西/陕西卷/2010_数学_陕西卷_OCR与考点.md,,pypdf,5
2010,数学,甘肃,老高考,2024,全国卷,common,甘肃卷,done,../papers/2010/数学/全国/甘肃卷/2010_数学_甘肃卷_原卷.pdf,../papers/2010/数学/全国/甘肃卷/2010_数学_甘肃卷_OCR与考点.md,,pypdf,4
2010,数学,青海,老高考,2025,全国卷,common,青海卷,done,../papers/2010/数学/全国/青海卷/2010_数学_青海卷_原卷.pdf,../papers/2010/数学/全国/青海卷/2010_数学_青海卷_OCR与考点.md,,pypdf,4
2010,数学,宁夏,老高考,2025,全国卷,common,海南卷,done,../papers/2010/数学/全国/海南卷/2010_数学_海南卷_原卷.pdf,../papers/2010/数学/全国/海南卷/2010_数学_海南卷_OCR与考点.md,,pypdf,6
2010,数学,新疆,老高考,,全国卷,common,新疆卷,done,../papers/2010/数学/全国/新疆卷/2010_数学_新疆卷_原卷.pdf,../papers/2010/数学/全国/新疆卷/2010_数学_新疆卷_OCR与考点.md,,pypdf,4
2010,英语,北京,老高考,2020,地方/区域卷,local,北京卷,done,../papers/2010/英语/北京/北京卷/2010_英语_北京卷_原卷.pdf,../papers/2010/英语/北京/北京卷/2010_英语_北京卷_OCR与考点.md,../papers/2010/英语/北京/北京卷/2010_英语_北京卷_听力.mp3,pypdf,10
2010,英语,天津,老高考,2020,地方/区域卷,local,天津卷,done,../papers/2010/英语/天津/天津卷/2010_英语_天津卷_原卷.pdf,../papers/2010/英语/天津/天津卷/2010_英语_天津卷_OCR与考点.md,,pypdf,13
2010,英语,河北,老高考,2021,全国卷,common,全国Ⅰ卷,done,../papers/2010/英语/全国/全国Ⅰ卷/2010_英语_全国Ⅰ卷_原卷.pdf,../papers/2010/英语/全国/全国Ⅰ卷/2010_英语_全国Ⅰ卷_OCR与考点.md,../papers/2010/英语/全国/全国Ⅰ卷/2010_英语_全国Ⅰ卷_听力.mp3,pypdf,14
2010,英语,山西,老高考,2025,全国卷,common,全国Ⅰ卷,done,../papers/2010/英语/全国/全国Ⅰ卷/2010_英语_全国Ⅰ卷_原卷.pdf,../papers/2010/英语/全国/全国Ⅰ卷/2010_英语_全国Ⅰ卷_OCR与考点.md,../papers/2010/英语/全国/全国Ⅰ卷/2010_英语_全国Ⅰ卷_听力.mp3,pypdf,14
2010,英语,内蒙古,老高考,2025,全国卷,common,全国Ⅱ卷,done,../papers/2010/英语/全国/全国Ⅱ卷/2010_英语_全国Ⅱ卷_原卷.pdf,../papers/2010/英语/全国/全国Ⅱ卷/2010_英语_全国Ⅱ卷_OCR与考点.md,../papers/2010/英语/全国/全国Ⅱ卷/2010_英语_全国Ⅱ卷_听力.mp3,pypdf,16
2010,英语,辽宁,老高考,2021,,missing,,missing,,,,,
2010,英语,吉林,老高考,2024,全国卷,common,全国Ⅱ卷,done,../papers/2010/英语/全国/全国Ⅱ卷/2010_英语_全国Ⅱ卷_原卷.pdf,../papers/2010/英语/全国/全国Ⅱ卷/2010_英语_全国Ⅱ卷_OCR与考点.md,../papers/2010/英语/全国/全国Ⅱ卷/2010_英语_全国Ⅱ卷_听力.mp3,pypdf,16
2010,英语,黑龙江,老高考,2024,全国卷,common,全国Ⅱ卷,done,../papers/2010/英语/全国/全国Ⅱ卷/2010_英语_全国Ⅱ卷_原卷.pdf,../papers/2010/英语/全国/全国Ⅱ卷/2010_英语_全国Ⅱ卷_OCR与考点.md,../papers/2010/英语/全国/全国Ⅱ卷/2010_英语_全国Ⅱ卷_听力.mp3,pypdf,16
2010,英语,上海,老高考,2017,地方/区域卷,local,上海卷,done,../papers/2010/英语/上海/上海卷/2010_英语_上海卷_原卷.pdf,../papers/2010/英语/上海/上海卷/2010_英语_上海卷_OCR与考点.md,../papers/2010/英语/上海/上海卷/2010_英语_上海卷_听力.mp3,pypdf,11
2010,英语,江苏,老高考,2021,地方/区域卷,local,江苏卷,done,../papers/2010/英语/江苏/江苏卷/2010_英语_江苏卷_原卷.pdf,../papers/2010/英语/江苏/江苏卷/2010_英语_江苏卷_OCR与考点.md,../papers/2010/英语/江苏/江苏卷/2010_英语_江苏卷_听力.mp3,pypdf,15
2010,英语,浙江,老高考,2017,地方/区域卷,local,浙江卷,done,../papers/2010/英语/浙江/浙江卷/2010_英语_浙江卷_原卷.pdf,../papers/2010/英语/浙江/浙江卷/2010_英语_浙江卷_OCR与考点.md,,pypdf,9
2010,英语,安徽,老高考,2024,,missing,,missing,,,,,
2010,英语,福建,老高考,2021,,missing,,missing,,,,,
2010,英语,江西,老高考,2024,,missing,,missing,,,,,
2010,英语,山东,老高考,2020,地方/区域卷,local,山东卷,done,../papers/2010/英语/山东/山东卷/2010_英语_山东卷_原卷.pdf,../papers/2010/英语/山东/山东卷/2010_英语_山东卷_OCR与考点.md,../papers/2010/英语/山东/山东卷/2010_英语_山东卷_听力.mp3,pypdf,16
2010,英语,河南,老高考,2025,全国卷,common,全国Ⅰ卷,done,../papers/2010/英语/全国/全国Ⅰ卷/2010_英语_全国Ⅰ卷_原卷.pdf,../papers/2010/英语/全国/全国Ⅰ卷/2010_英语_全国Ⅰ卷_OCR与考点.md,../papers/2010/英语/全国/全国Ⅰ卷/2010_英语_全国Ⅰ卷_听力.mp3,pypdf,14
2010,英语,湖北,老高考,2021,,missing,,missing,,,,,
2010,英语,湖南,老高考,2021,地方/区域卷,local,湖南卷,done,../papers/2010/英语/湖南/湖南卷/2010_英语_湖南卷_原卷.pdf,../papers/2010/英语/湖南/湖南卷/2010_英语_湖南卷_OCR与考点.md,../papers/2010/英语/湖南/湖南卷/2010_英语_湖南卷_听力.mp3,pypdf,10
2010,英语,广东,老高考,2021,地方/区域卷,local,广东卷,done,../papers/2010/英语/广东/广东卷/2010_英语_广东卷_原卷.pdf,../papers/2010/英语/广东/广东卷/2010_英语_广东卷_OCR与考点.md,,pypdf,8
2010,英语,广西,老高考,2024,全国卷,common,全国Ⅰ卷,done,../papers/2010/英语/全国/全国Ⅰ卷/2010_英语_全国Ⅰ卷_原卷.pdf,../papers/2010/英语/全国/全国Ⅰ卷/2010_英语_全国Ⅰ卷_OCR与考点.md,../papers/2010/英语/全国/全国Ⅰ卷/2010_英语_全国Ⅰ卷_听力.mp3,pypdf,14
2010,英语,海南,老高考,2020,全国卷,common,全国Ⅱ卷,done,../papers/2010/英语/全国/全国Ⅱ卷/2010_英语_全国Ⅱ卷_原卷.pdf,../papers/2010/英语/全国/全国Ⅱ卷/2010_英语_全国Ⅱ卷_OCR与考点.md,../papers/2010/英语/全国/全国Ⅱ卷/2010_英语_全国Ⅱ卷_听力.mp3,pypdf,16
2010,英语,重庆,老高考,2021,,missing,,missing,,,,,
2010,英语,四川,老高考,2025,地方/区域卷,local,四川卷,done,../papers/2010/英语/四川/四川卷/2010_英语_四川卷_原卷.pdf,../papers/2010/英语/四川/四川卷/2010_英语_四川卷_OCR与考点.md,,pypdf,14
2010,英语,贵州,老高考,2024,全国卷,common,全国Ⅱ卷,done,../papers/2010/英语/全国/全国Ⅱ卷/2010_英语_全国Ⅱ卷_原卷.pdf,../papers/2010/英语/全国/全国Ⅱ卷/2010_英语_全国Ⅱ卷_OCR与考点.md,../papers/2010/英语/全国/全国Ⅱ卷/2010_英语_全国Ⅱ卷_听力.mp3,pypdf,16
2010,英语,云南,老高考,2025,全国卷,common,全国Ⅱ卷,done,../papers/2010/英语/全国/全国Ⅱ卷/2010_英语_全国Ⅱ卷_原卷.pdf,../papers/2010/英语/全国/全国Ⅱ卷/2010_英语_全国Ⅱ卷_OCR与考点.md,../papers/2010/英语/全国/全国Ⅱ卷/2010_英语_全国Ⅱ卷_听力.mp3,pypdf,16
2010,英语,西藏,老高考,,全国卷,common,全国Ⅱ卷,done,../papers/2010/英语/全国/全国Ⅱ卷/2010_英语_全国Ⅱ卷_原卷.pdf,../papers/2010/英语/全国/全国Ⅱ卷/2010_英语_全国Ⅱ卷_OCR与考点.md,../papers/2010/英语/全国/全国Ⅱ卷/2010_英语_全国Ⅱ卷_听力.mp3,pypdf,16
2010,英语,陕西,老高考,2025,地方/区域卷,local,陕西卷,done,../papers/2010/英语/陕西/陕西卷/2010_英语_陕西卷_原卷.pdf,../papers/2010/英语/陕西/陕西卷/2010_英语_陕西卷_OCR与考点.md,,pypdf,9
2010,英语,甘肃,老高考,2024,全国卷,common,全国Ⅱ卷,done,../papers/2010/英语/全国/全国Ⅱ卷/2010_英语_全国Ⅱ卷_原卷.pdf,../papers/2010/英语/全国/全国Ⅱ卷/2010_英语_全国Ⅱ卷_OCR与考点.md,../papers/2010/英语/全国/全国Ⅱ卷/2010_英语_全国Ⅱ卷_听力.mp3,pypdf,16
2010,英语,青海,老高考,2025,全国卷,common,全国Ⅱ卷,done,../papers/2010/英语/全国/全国Ⅱ卷/2010_英语_全国Ⅱ卷_原卷.pdf,../papers/2010/英语/全国/全国Ⅱ卷/2010_英语_全国Ⅱ卷_OCR与考点.md,../papers/2010/英语/全国/全国Ⅱ卷/2010_英语_全国Ⅱ卷_听力.mp3,pypdf,16
2010,英语,宁夏,老高考,2025,全国卷,common,全国Ⅱ卷,done,../papers/2010/英语/全国/全国Ⅱ卷/2010_英语_全国Ⅱ卷_原卷.pdf,../papers/2010/英语/全国/全国Ⅱ卷/2010_英语_全国Ⅱ卷_OCR与考点.md,../papers/2010/英语/全国/全国Ⅱ卷/2010_英语_全国Ⅱ卷_听力.mp3,pypdf,16
2010,英语,新疆,老高考,,全国卷,common,全国Ⅱ卷,done,../papers/2010/英语/全国/全国Ⅱ卷/2010_英语_全国Ⅱ卷_原卷.pdf,../papers/2010/英语/全国/全国Ⅱ卷/2010_英语_全国Ⅱ卷_OCR与考点.md,../papers/2010/英语/全国/全国Ⅱ卷/2010_英语_全国Ⅱ卷_听力.mp3,pypdf,16
2010,物理,北京,老高考,2020,地方/区域卷,local,北京卷,done,../papers/2010/物理/北京/北京理综/2010_物理_北京理综_原卷.pdf,../papers/2010/物理/北京/北京理综/2010_物理_北京理综_OCR与考点.md,,pypdf,6
2010,物理,天津,老高考,2020,地方/区域卷,local,天津卷,done,../papers/2010/物理/天津/天津理综/2010_物理_天津理综_原卷.pdf,../papers/2010/物理/天津/天津理综/2010_物理_天津理综_OCR与考点.md,,pypdf,5
2010,物理,河北,老高考,2021,全国卷,common,河北卷,done,../papers/2010/物理/全国/河北理综/2010_物理_河北理综_原卷.pdf,../papers/2010/物理/全国/河北理综/2010_物理_河北理综_OCR与考点.md,,pypdf,5
2010,物理,山西,老高考,2025,全国卷,common,山西卷,done,../papers/2010/物理/全国/山西理综/2010_物理_山西理综_原卷.pdf,../papers/2010/物理/全国/山西理综/2010_物理_山西理综_OCR与考点.md,,pypdf,5
2010,物理,内蒙古,老高考,2025,全国卷,common,内蒙古卷,done,../papers/2010/物理/全国/内蒙古理综/2010_物理_内蒙古理综_原卷.pdf,../papers/2010/物理/全国/内蒙古理综/2010_物理_内蒙古理综_OCR与考点.md,,pypdf,6
2010,物理,辽宁,老高考,2021,全国卷,common,辽宁卷,done,../papers/2010/物理/全国/辽宁理综/2010_物理_辽宁理综_原卷.pdf,../papers/2010/物理/全国/辽宁理综/2010_物理_辽宁理综_OCR与考点.md,,pypdf,8
2010,物理,吉林,老高考,2024,全国卷,common,全国Ⅰ卷,done,../papers/2010/物理/全国/全国Ⅰ卷理综/2010_物理_全国Ⅰ卷理综_原卷.pdf,../papers/2010/物理/全国/全国Ⅰ卷理综/2010_物理_全国Ⅰ卷理综_OCR与考点.md,,pypdf,8
2010,物理,黑龙江,老高考,2024,全国卷,common,黑龙江卷,done,../papers/2010/物理/全国/黑龙江理综/2010_物理_黑龙江理综_原卷.pdf,../papers/2010/物理/全国/黑龙江理综/2010_物理_黑龙江理综_OCR与考点.md,,pypdf,8
2010,物理,上海,老高考,2017,地方/区域卷,local,上海卷,done,../papers/2010/物理/上海/上海理综/2010_物理_上海理综_原卷.pdf,../papers/2010/物理/上海/上海理综/2010_物理_上海理综_OCR与考点.md,,pypdf,9
2010,物理,江苏,老高考,2021,地方/区域卷,local,江苏卷,done,../papers/2010/物理/江苏/江苏理综/2010_物理_江苏理综_原卷.pdf,../papers/2010/物理/江苏/江苏理综/2010_物理_江苏理综_OCR与考点.md,,pypdf,9
2010,物理,浙江,老高考,2017,地方/区域卷,local,浙江卷,done,../papers/2010/物理/浙江/浙江理综/2010_物理_浙江理综_原卷.pdf,../papers/2010/物理/浙江/浙江理综/2010_物理_浙江理综_OCR与考点.md,,pypdf,4
2010,物理,安徽,老高考,2024,,missing,,missing,,,,,
2010,物理,福建,老高考,2021,,missing,,missing,,,,,
2010,物理,江西,老高考,2024,全国卷,common,江西卷,done,../papers/2010/物理/全国/江西理综/2010_物理_江西理综_原卷.pdf,../papers/2010/物理/全国/江西理综/2010_物理_江西理综_OCR与考点.md,,pypdf,5
2010,物理,山东,老高考,2020,地方/区域卷,local,山东卷,done,../papers/2010/物理/山东/山东理综/2010_物理_山东理综_原卷.pdf,../papers/2010/物理/山东/山东理综/2010_物理_山东理综_OCR与考点.md,,pypdf,7
2010,物理,河南,老高考,2025,全国卷,common,河南卷,done,../papers/2010/物理/全国/河南理综/2010_物理_河南理综_原卷.pdf,../papers/2010/物理/全国/河南理综/2010_物理_河南理综_OCR与考点.md,,pypdf,5
2010,物理,湖北,老高考,2021,全国卷,common,湖北卷,done,../papers/2010/物理/全国/湖北理综/2010_物理_湖北理综_原卷.pdf,../papers/2010/物理/全国/湖北理综/2010_物理_湖北理综_OCR与考点.md,,pypdf,5
2010,物理,湖南,老高考,2021,全国卷,common,湖南卷,done,../papers/2010/物理/全国/湖南理综/2010_物理_湖南理综_原卷.pdf,../papers/2010/物理/全国/湖南理综/2010_物理_湖南理综_OCR与考点.md,,pypdf,5
2010,物理,广东,老高考,2021,地方/区域卷,local,广东卷,done,../papers/2010/物理/广东/广东理综/2010_物理_广东理综_原卷.pdf,../papers/2010/物理/广东/广东理综/2010_物理_广东理综_OCR与考点.md,,pypdf,4
2010,物理,广西,老高考,2024,全国卷,common,广西卷,done,../papers/2010/物理/全国/广西理综/2010_物理_广西理综_原卷.pdf,../papers/2010/物理/全国/广西理综/2010_物理_广西理综_OCR与考点.md,,pypdf,5
2010,物理,海南,老高考,2020,地方/区域卷,local,海南卷,done,../papers/2010/物理/海南/海南理综/2010_物理_海南理综_原卷.pdf,../papers/2010/物理/海南/海南理综/2010_物理_海南理综_OCR与考点.md,,pypdf,8
2010,物理,重庆,老高考,2021,,missing,,missing,,,,,
2010,物理,四川,老高考,2025,地方/区域卷,local,四川卷,done,../papers/2010/物理/四川/四川理综/2010_物理_四川理综_原卷.pdf,../papers/2010/物理/四川/四川理综/2010_物理_四川理综_OCR与考点.md,,pypdf,5
2010,物理,贵州,老高考,2024,全国卷,common,贵州卷,done,../papers/2010/物理/全国/贵州理综/2010_物理_贵州理综_原卷.pdf,../papers/2010/物理/全国/贵州理综/2010_物理_贵州理综_OCR与考点.md,,pypdf,6
2010,物理,云南,老高考,2025,全国卷,common,云南卷,done,../papers/2010/物理/全国/云南理综/2010_物理_云南理综_原卷.pdf,../papers/2010/物理/全国/云南理综/2010_物理_云南理综_OCR与考点.md,,pypdf,6
2010,物理,西藏,老高考,,全国卷,common,西藏卷,done,../papers/2010/物理/全国/西藏理综/2010_物理_西藏理综_原卷.pdf,../papers/2010/物理/全国/西藏理综/2010_物理_西藏理综_OCR与考点.md,,pypdf,6
2010,物理,陕西,老高考,2025,全国卷,common,陕西卷,done,../papers/2010/物理/全国/陕西理综/2010_物理_陕西理综_原卷.pdf,../papers/2010/物理/全国/陕西理综/2010_物理_陕西理综_OCR与考点.md,,pypdf,6
2010,物理,甘肃,老高考,2024,全国卷,common,甘肃卷,done,../papers/2010/物理/全国/甘肃理综/2010_物理_甘肃理综_原卷.pdf,../papers/2010/物理/全国/甘肃理综/2010_物理_甘肃理综_OCR与考点.md,,pypdf,6
2010,物理,青海,老高考,2025,全国卷,common,青海卷,done,../papers/2010/物理/全国/青海理综/2010_物理_青海理综_原卷.pdf,../papers/2010/物理/全国/青海理综/2010_物理_青海理综_OCR与考点.md,,pypdf,6
2010,物理,宁夏,老高考,2025,全国卷,common,宁夏卷,done,../papers/2010/物理/全国/宁夏理综/2010_物理_宁夏理综_原卷.pdf,../papers/2010/物理/全国/宁夏理综/2010_物理_宁夏理综_OCR与考点.md,,pypdf,8
2010,物理,新疆,老高考,,全国卷,common,新疆卷,done,../papers/2010/物理/全国/新疆理综/2010_物理_新疆理综_原卷.pdf,../papers/2010/物理/全国/新疆理综/2010_物理_新疆理综_OCR与考点.md,,pypdf,6
2010,化学,北京,老高考,2020,地方/区域卷,local,北京卷,done,../papers/2010/化学/北京/北京理综/2010_化学_北京理综_原卷.pdf,../papers/2010/化学/北京/北京理综/2010_化学_北京理综_OCR与考点.md,,pypdf,5
2010,化学,天津,老高考,2020,地方/区域卷,local,天津卷,done,../papers/2010/化学/天津/天津理综/2010_化学_天津理综_原卷.pdf,../papers/2010/化学/天津/天津理综/2010_化学_天津理综_OCR与考点.md,,pypdf,5
2010,化学,河北,老高考,2021,全国卷,common,河北卷,done,../papers/2010/化学/全国/河北理综/2010_化学_河北理综_原卷.pdf,../papers/2010/化学/全国/河北理综/2010_化学_河北理综_OCR与考点.md,,pypdf,5
2010,化学,山西,老高考,2025,全国卷,common,山西卷,done,../papers/2010/化学/全国/山西理综/2010_化学_山西理综_原卷.pdf,../papers/2010/化学/全国/山西理综/2010_化学_山西理综_OCR与考点.md,,pypdf,5
2010,化学,内蒙古,老高考,2025,全国卷,common,内蒙古卷,done,../papers/2010/化学/全国/内蒙古理综/2010_化学_内蒙古理综_原卷.pdf,../papers/2010/化学/全国/内蒙古理综/2010_化学_内蒙古理综_OCR与考点.md,,pypdf,5
2010,化学,辽宁,老高考,2021,全国卷,common,辽宁卷,done,../papers/2010/化学/全国/辽宁理综/2010_化学_辽宁理综_原卷.pdf,../papers/2010/化学/全国/辽宁理综/2010_化学_辽宁理综_OCR与考点.md,,pypdf,5
2010,化学,吉林,老高考,2024,全国卷,common,吉林卷,done,../papers/2010/化学/全国/吉林理综/2010_化学_吉林理综_原卷.pdf,../papers/2010/化学/全国/吉林理综/2010_化学_吉林理综_OCR与考点.md,,pypdf,5
2010,化学,黑龙江,老高考,2024,全国卷,common,黑龙江卷,done,../papers/2010/化学/全国/黑龙江理综/2010_化学_黑龙江理综_原卷.pdf,../papers/2010/化学/全国/黑龙江理综/2010_化学_黑龙江理综_OCR与考点.md,,pypdf,5
2010,化学,上海,老高考,2017,地方/区域卷,local,上海卷,done,../papers/2010/化学/上海/上海理综/2010_化学_上海理综_原卷.pdf,../papers/2010/化学/上海/上海理综/2010_化学_上海理综_OCR与考点.md,,pypdf,9
2010,化学,江苏,老高考,2021,地方/区域卷,local,江苏卷,done,../papers/2010/化学/江苏/江苏理综/2010_化学_江苏理综_原卷.pdf,../papers/2010/化学/江苏/江苏理综/2010_化学_江苏理综_OCR与考点.md,,pypdf,11
2010,化学,浙江,老高考,2017,地方/区域卷,local,浙江卷,done,../papers/2010/化学/浙江/浙江理综/2010_化学_浙江理综_原卷.pdf,../papers/2010/化学/浙江/浙江理综/2010_化学_浙江理综_OCR与考点.md,,pypdf,6
2010,化学,安徽,老高考,2024,,missing,,missing,,,,,
2010,化学,福建,老高考,2021,,missing,,missing,,,,,
2010,化学,江西,老高考,2024,全国卷,common,江西卷,done,../papers/2010/化学/全国/江西理综/2010_化学_江西理综_原卷.pdf,../papers/2010/化学/全国/江西理综/2010_化学_江西理综_OCR与考点.md,,pypdf,5
2010,化学,山东,老高考,2020,地方/区域卷,local,山东卷,done,../papers/2010/化学/山东/山东理综/2010_化学_山东理综_原卷.pdf,../papers/2010/化学/山东/山东理综/2010_化学_山东理综_OCR与考点.md,,pypdf,5
2010,化学,河南,老高考,2025,全国卷,common,河南卷,done,../papers/2010/化学/全国/河南理综/2010_化学_河南理综_原卷.pdf,../papers/2010/化学/全国/河南理综/2010_化学_河南理综_OCR与考点.md,,pypdf,5
2010,化学,湖北,老高考,2021,全国卷,common,湖北卷,done,../papers/2010/化学/全国/湖北理综/2010_化学_湖北理综_原卷.pdf,../papers/2010/化学/全国/湖北理综/2010_化学_湖北理综_OCR与考点.md,,pypdf,5
2010,化学,湖南,老高考,2021,全国卷,common,湖南卷,done,../papers/2010/化学/全国/湖南理综/2010_化学_湖南理综_原卷.pdf,../papers/2010/化学/全国/湖南理综/2010_化学_湖南理综_OCR与考点.md,,pypdf,5
2010,化学,广东,老高考,2021,地方/区域卷,local,广东卷,done,../papers/2010/化学/广东/广东理综/2010_化学_广东理综_原卷.pdf,../papers/2010/化学/广东/广东理综/2010_化学_广东理综_OCR与考点.md,,pypdf,4
2010,化学,广西,老高考,2024,全国卷,common,广西卷,done,../papers/2010/化学/全国/广西理综/2010_化学_广西理综_原卷.pdf,../papers/2010/化学/全国/广西理综/2010_化学_广西理综_OCR与考点.md,,pypdf,5
2010,化学,海南,老高考,2020,地方/区域卷,local,海南卷,done,../papers/2010/化学/海南/海南理综/2010_化学_海南理综_原卷.pdf,../papers/2010/化学/海南/海南理综/2010_化学_海南理综_OCR与考点.md,,pypdf,9
2010,化学,重庆,老高考,2021,,missing,,missing,,,,,
2010,化学,四川,老高考,2025,地方/区域卷,local,四川卷,done,../papers/2010/化学/四川/四川理综/2010_化学_四川理综_原卷.pdf,../papers/2010/化学/四川/四川理综/2010_化学_四川理综_OCR与考点.md,,pypdf,4
2010,化学,贵州,老高考,2024,全国卷,common,贵州卷,done,../papers/2010/化学/全国/贵州理综/2010_化学_贵州理综_原卷.pdf,../papers/2010/化学/全国/贵州理综/2010_化学_贵州理综_OCR与考点.md,,pypdf,5
2010,化学,云南,老高考,2025,全国卷,common,云南卷,done,../papers/2010/化学/全国/云南理综/2010_化学_云南理综_原卷.pdf,../papers/2010/化学/全国/云南理综/2010_化学_云南理综_OCR与考点.md,,pypdf,5
2010,化学,西藏,老高考,,全国卷,common,西藏卷,done,../papers/2010/化学/全国/西藏理综/2010_化学_西藏理综_原卷.pdf,../papers/2010/化学/全国/西藏理综/2010_化学_西藏理综_OCR与考点.md,,pypdf,5
2010,化学,陕西,老高考,2025,全国卷,common,陕西卷,done,../papers/2010/化学/全国/陕西理综/2010_化学_陕西理综_原卷.pdf,../papers/2010/化学/全国/陕西理综/2010_化学_陕西理综_OCR与考点.md,,pypdf,5
2010,化学,甘肃,老高考,2024,全国卷,common,甘肃卷,done,../papers/2010/化学/全国/甘肃理综/2010_化学_甘肃理综_原卷.pdf,../papers/2010/化学/全国/甘肃理综/2010_化学_甘肃理综_OCR与考点.md,,pypdf,5
2010,化学,青海,老高考,2025,全国卷,common,青海卷,done,../papers/2010/化学/全国/青海理综/2010_化学_青海理综_原卷.pdf,../papers/2010/化学/全国/青海理综/2010_化学_青海理综_OCR与考点.md,,pypdf,5
2010,化学,宁夏,老高考,2025,全国卷,common,宁夏卷,done,../papers/2010/化学/全国/宁夏理综/2010_化学_宁夏理综_原卷.pdf,../papers/2010/化学/全国/宁夏理综/2010_化学_宁夏理综_OCR与考点.md,,pypdf,5
2010,化学,新疆,老高考,,全国卷,common,新疆卷,done,../papers/2010/化学/全国/新疆理综/2010_化学_新疆理综_原卷.pdf,../papers/2010/化学/全国/新疆理综/2010_化学_新疆理综_OCR与考点.md,,pypdf,5
2010,生物,北京,老高考,2020,地方/区域卷,local,北京卷,done,../papers/2010/生物/北京/北京理综/2010_生物_北京理综_原卷.pdf,../papers/2010/生物/北京/北京理综/2010_生物_北京理综_OCR与考点.md,,pypdf,4
2010,生物,天津,老高考,2020,地方/区域卷,local,天津卷,done,../papers/2010/生物/天津/天津理综/2010_生物_天津理综_原卷.pdf,../papers/2010/生物/天津/天津理综/2010_生物_天津理综_OCR与考点.md,,pypdf,4
2010,生物,河北,老高考,2021,全国卷,common,河北卷,done,../papers/2010/生物/全国/河北理综/2010_生物_河北理综_原卷.pdf,../papers/2010/生物/全国/河北理综/2010_生物_河北理综_OCR与考点.md,,pypdf,4
2010,生物,山西,老高考,2025,全国卷,common,山西卷,done,../papers/2010/生物/全国/山西理综/2010_生物_山西理综_原卷.pdf,../papers/2010/生物/全国/山西理综/2010_生物_山西理综_OCR与考点.md,,pypdf,4
2010,生物,内蒙古,老高考,2025,全国卷,common,内蒙古卷,done,../papers/2010/生物/全国/内蒙古理综/2010_生物_内蒙古理综_原卷.pdf,../papers/2010/生物/全国/内蒙古理综/2010_生物_内蒙古理综_OCR与考点.md,,pypdf,4
2010,生物,辽宁,老高考,2021,全国卷,common,辽宁卷,done,../papers/2010/生物/全国/辽宁理综/2010_生物_辽宁理综_原卷.pdf,../papers/2010/生物/全国/辽宁理综/2010_生物_辽宁理综_OCR与考点.md,,pypdf,5
2010,生物,吉林,老高考,2024,全国卷,common,吉林卷,done,../papers/2010/生物/全国/吉林理综/2010_生物_吉林理综_原卷.pdf,../papers/2010/生物/全国/吉林理综/2010_生物_吉林理综_OCR与考点.md,,pypdf,5
2010,生物,黑龙江,老高考,2024,全国卷,common,黑龙江卷,done,../papers/2010/生物/全国/黑龙江理综/2010_生物_黑龙江理综_原卷.pdf,../papers/2010/生物/全国/黑龙江理综/2010_生物_黑龙江理综_OCR与考点.md,,pypdf,5
2010,生物,上海,老高考,2017,地方/区域卷,local,上海卷,done,../papers/2010/生物/上海/上海理综/2010_生物_上海理综_原卷.pdf,../papers/2010/生物/上海/上海理综/2010_生物_上海理综_OCR与考点.md,,pypdf,13
2010,生物,江苏,老高考,2021,地方/区域卷,local,江苏卷,done,../papers/2010/生物/江苏/江苏理综/2010_生物_江苏理综_原卷.pdf,../papers/2010/生物/江苏/江苏理综/2010_生物_江苏理综_OCR与考点.md,,pypdf,13
2010,生物,浙江,老高考,2017,地方/区域卷,local,浙江卷,done,../papers/2010/生物/浙江/浙江理综/2010_生物_浙江理综_原卷.pdf,../papers/2010/生物/浙江/浙江理综/2010_生物_浙江理综_OCR与考点.md,,pypdf,3
2010,生物,安徽,老高考,2024,,missing,,missing,,,,,
2010,生物,福建,老高考,2021,,missing,,missing,,,,,
2010,生物,江西,老高考,2024,全国卷,common,江西卷,done,../papers/2010/生物/全国/江西理综/2010_生物_江西理综_原卷.pdf,../papers/2010/生物/全国/江西理综/2010_生物_江西理综_OCR与考点.md,,pypdf,4
2010,生物,山东,老高考,2020,地方/区域卷,local,山东卷,done,../papers/2010/生物/山东/山东理综/2010_生物_山东理综_原卷.pdf,../papers/2010/生物/山东/山东理综/2010_生物_山东理综_OCR与考点.md,,pypdf,5
2010,生物,河南,老高考,2025,全国卷,common,河南卷,done,../papers/2010/生物/全国/河南理综/2010_生物_河南理综_原卷.pdf,../papers/2010/生物/全国/河南理综/2010_生物_河南理综_OCR与考点.md,,pypdf,4
2010,生物,湖北,老高考,2021,全国卷,common,湖北卷,done,../papers/2010/生物/全国/湖北理综/2010_生物_湖北理综_原卷.pdf,../papers/2010/生物/全国/湖北理综/2010_生物_湖北理综_OCR与考点.md,,pypdf,4
2010,生物,湖南,老高考,2021,全国卷,common,湖南卷,done,../papers/2010/生物/全国/湖南理综/2010_生物_湖南理综_原卷.pdf,../papers/2010/生物/全国/湖南理综/2010_生物_湖南理综_OCR与考点.md,,pypdf,4
2010,生物,广东,老高考,2021,地方/区域卷,local,广东卷,done,../papers/2010/生物/广东/广东理综/2010_生物_广东理综_原卷.pdf,../papers/2010/生物/广东/广东理综/2010_生物_广东理综_OCR与考点.md,,pypdf,3
2010,生物,广西,老高考,2024,全国卷,common,广西卷,done,../papers/2010/生物/全国/广西理综/2010_生物_广西理综_原卷.pdf,../papers/2010/生物/全国/广西理综/2010_生物_广西理综_OCR与考点.md,,pypdf,4
2010,生物,海南,老高考,2020,地方/区域卷,local,海南卷,done,../papers/2010/生物/海南/海南理综/2010_生物_海南理综_原卷.pdf,../papers/2010/生物/海南/海南理综/2010_生物_海南理综_OCR与考点.md,,pypdf,8
2010,生物,重庆,老高考,2021,,missing,,missing,,,,,
2010,生物,四川,老高考,2025,地方/区域卷,local,四川卷,done,../papers/2010/生物/四川/四川理综/2010_生物_四川理综_原卷.pdf,../papers/2010/生物/四川/四川理综/2010_生物_四川理综_OCR与考点.md,,pypdf,5
2010,生物,贵州,老高考,2024,全国卷,common,贵州卷,done,../papers/2010/生物/全国/贵州理综/2010_生物_贵州理综_原卷.pdf,../papers/2010/生物/全国/贵州理综/2010_生物_贵州理综_OCR与考点.md,,pypdf,4
2010,生物,云南,老高考,2025,全国卷,common,云南卷,done,../papers/2010/生物/全国/云南理综/2010_生物_云南理综_原卷.pdf,../papers/2010/生物/全国/云南理综/2010_生物_云南理综_OCR与考点.md,,pypdf,4
2010,生物,西藏,老高考,,全国卷,common,西藏卷,done,../papers/2010/生物/全国/西藏理综/2010_生物_西藏理综_原卷.pdf,../papers/2010/生物/全国/西藏理综/2010_生物_西藏理综_OCR与考点.md,,pypdf,4
2010,生物,陕西,老高考,2025,全国卷,common,陕西卷,done,../papers/2010/生物/全国/陕西理综/2010_生物_陕西理综_原卷.pdf,../papers/2010/生物/全国/陕西理综/2010_生物_陕西理综_OCR与考点.md,,pypdf,4
2010,生物,甘肃,老高考,2024,全国卷,common,甘肃卷,done,../papers/2010/生物/全国/甘肃理综/2010_生物_甘肃理综_原卷.pdf,../papers/2010/生物/全国/甘肃理综/2010_生物_甘肃理综_OCR与考点.md,,pypdf,4
2010,生物,青海,老高考,2025,全国卷,common,青海卷,done,../papers/2010/生物/全国/青海理综/2010_生物_青海理综_原卷.pdf,../papers/2010/生物/全国/青海理综/2010_生物_青海理综_OCR与考点.md,,pypdf,4
2010,生物,宁夏,老高考,2025,全国卷,common,宁夏卷,done,../papers/2010/生物/全国/宁夏理综/2010_生物_宁夏理综_原卷.pdf,../papers/2010/生物/全国/宁夏理综/2010_生物_宁夏理综_OCR与考点.md,,pypdf,5
2010,生物,新疆,老高考,,全国卷,common,新疆卷,done,../papers/2010/生物/全国/新疆理综/2010_生物_新疆理综_原卷.pdf,../papers/2010/生物/全国/新疆理综/2010_生物_新疆理综_OCR与考点.md,,pypdf,4
2010,政治,北京,老高考,2020,地方/区域卷,local,北京卷,done,../papers/2010/政治/北京/北京文综/2010_政治_北京文综_原卷.pdf,../papers/2010/政治/北京/北京文综/2010_政治_北京文综_OCR与考点.md,,pypdf,8
2010,政治,天津,老高考,2020,地方/区域卷,local,天津卷,done,../papers/2010/政治/天津/天津文综/2010_政治_天津文综_原卷.pdf,../papers/2010/政治/天津/天津文综/2010_政治_天津文综_OCR与考点.md,,pypdf,5
2010,政治,河北,老高考,2021,全国卷,common,全国Ⅰ卷,done,../papers/2010/政治/全国/全国Ⅰ卷文综/2010_政治_全国Ⅰ卷文综_原卷.pdf,../papers/2010/政治/全国/全国Ⅰ卷文综/2010_政治_全国Ⅰ卷文综_OCR与考点.md,,pypdf,5
2010,政治,山西,老高考,2025,全国卷,common,全国Ⅰ卷,done,../papers/2010/政治/全国/全国Ⅰ卷文综/2010_政治_全国Ⅰ卷文综_原卷.pdf,../papers/2010/政治/全国/全国Ⅰ卷文综/2010_政治_全国Ⅰ卷文综_OCR与考点.md,,pypdf,5
2010,政治,内蒙古,老高考,2025,全国卷,common,全国Ⅱ卷,done,../papers/2010/政治/全国/全国Ⅱ卷文综/2010_政治_全国Ⅱ卷文综_原卷.pdf,../papers/2010/政治/全国/全国Ⅱ卷文综/2010_政治_全国Ⅱ卷文综_OCR与考点.md,,pypdf,7
2010,政治,辽宁,老高考,2021,全国卷,common,辽宁卷,done,../papers/2010/政治/全国/辽宁文综/2010_政治_辽宁文综_原卷.pdf,../papers/2010/政治/全国/辽宁文综/2010_政治_辽宁文综_OCR与考点.md,,pypdf,6
2010,政治,吉林,老高考,2024,全国卷,common,吉林卷,done,../papers/2010/政治/全国/吉林文综/2010_政治_吉林文综_原卷.pdf,../papers/2010/政治/全国/吉林文综/2010_政治_吉林文综_OCR与考点.md,,pypdf,6
2010,政治,黑龙江,老高考,2024,全国卷,common,黑龙江卷,done,../papers/2010/政治/全国/黑龙江文综/2010_政治_黑龙江文综_原卷.pdf,../papers/2010/政治/全国/黑龙江文综/2010_政治_黑龙江文综_OCR与考点.md,,pypdf,6
2010,政治,上海,老高考,2017,地方/区域卷,local,上海卷,done,../papers/2010/政治/上海/上海文综/2010_政治_上海文综_原卷.pdf,../papers/2010/政治/上海/上海文综/2010_政治_上海文综_OCR与考点.md,,pypdf,8
2010,政治,江苏,老高考,2021,地方/区域卷,local,江苏卷,done,../papers/2010/政治/江苏/江苏文综/2010_政治_江苏文综_原卷.pdf,../papers/2010/政治/江苏/江苏文综/2010_政治_江苏文综_OCR与考点.md,,pypdf,10
2010,政治,浙江,老高考,2017,地方/区域卷,local,浙江卷,done,../papers/2010/政治/浙江/浙江文综/2010_政治_浙江文综_原卷.pdf,../papers/2010/政治/浙江/浙江文综/2010_政治_浙江文综_OCR与考点.md,,pypdf,4
2010,政治,安徽,老高考,2024,,missing,,missing,,,,,
2010,政治,福建,老高考,2021,,missing,,missing,,,,,
2010,政治,江西,老高考,2024,全国卷,common,全国Ⅰ卷,done,../papers/2010/政治/全国/全国Ⅰ卷文综/2010_政治_全国Ⅰ卷文综_原卷.pdf,../papers/2010/政治/全国/全国Ⅰ卷文综/2010_政治_全国Ⅰ卷文综_OCR与考点.md,,pypdf,5
2010,政治,山东,老高考,2020,地方/区域卷,local,山东卷,done,../papers/2010/政治/山东/山东文综/2010_政治_山东文综_原卷.pdf,../papers/2010/政治/山东/山东文综/2010_政治_山东文综_OCR与考点.md,,pypdf,4
2010,政治,河南,老高考,2025,全国卷,common,全国Ⅰ卷,done,../papers/2010/政治/全国/全国Ⅰ卷文综/2010_政治_全国Ⅰ卷文综_原卷.pdf,../papers/2010/政治/全国/全国Ⅰ卷文综/2010_政治_全国Ⅰ卷文综_OCR与考点.md,,pypdf,5
2010,政治,湖北,老高考,2021,全国卷,common,全国Ⅰ卷,done,../papers/2010/政治/全国/全国Ⅰ卷文综/2010_政治_全国Ⅰ卷文综_原卷.pdf,../papers/2010/政治/全国/全国Ⅰ卷文综/2010_政治_全国Ⅰ卷文综_OCR与考点.md,,pypdf,5
2010,政治,湖南,老高考,2021,全国卷,common,全国Ⅰ卷,done,../papers/2010/政治/全国/全国Ⅰ卷文综/2010_政治_全国Ⅰ卷文综_原卷.pdf,../papers/2010/政治/全国/全国Ⅰ卷文综/2010_政治_全国Ⅰ卷文综_OCR与考点.md,,pypdf,5
2010,政治,广东,老高考,2021,地方/区域卷,local,广东卷,done,../papers/2010/政治/广东/广东文综/2010_政治_广东文综_原卷.pdf,../papers/2010/政治/广东/广东文综/2010_政治_广东文综_OCR与考点.md,,pypdf,5
2010,政治,广西,老高考,2024,全国卷,common,全国Ⅰ卷,done,../papers/2010/政治/全国/全国Ⅰ卷文综/2010_政治_全国Ⅰ卷文综_原卷.pdf,../papers/2010/政治/全国/全国Ⅰ卷文综/2010_政治_全国Ⅰ卷文综_OCR与考点.md,,pypdf,5
2010,政治,海南,老高考,2020,地方/区域卷,local,海南卷,done,../papers/2010/政治/海南/海南文综/2010_政治_海南文综_原卷.pdf,../papers/2010/政治/海南/海南文综/2010_政治_海南文综_OCR与考点.md,,pypdf,11
2010,政治,重庆,老高考,2021,,missing,,missing,,,,,
2010,政治,四川,老高考,2025,地方/区域卷,local,四川卷,done,../papers/2010/政治/四川/四川文综/2010_政治_四川文综_原卷.pdf,../papers/2010/政治/四川/四川文综/2010_政治_四川文综_OCR与考点.md,,pypdf,6
2010,政治,贵州,老高考,2024,全国卷,common,全国Ⅱ卷,done,../papers/2010/政治/全国/全国Ⅱ卷文综/2010_政治_全国Ⅱ卷文综_原卷.pdf,../papers/2010/政治/全国/全国Ⅱ卷文综/2010_政治_全国Ⅱ卷文综_OCR与考点.md,,pypdf,7
2010,政治,云南,老高考,2025,全国卷,common,全国Ⅱ卷,done,../papers/2010/政治/全国/全国Ⅱ卷文综/2010_政治_全国Ⅱ卷文综_原卷.pdf,../papers/2010/政治/全国/全国Ⅱ卷文综/2010_政治_全国Ⅱ卷文综_OCR与考点.md,,pypdf,7
2010,政治,西藏,老高考,,全国卷,common,全国Ⅱ卷,done,../papers/2010/政治/全国/全国Ⅱ卷文综/2010_政治_全国Ⅱ卷文综_原卷.pdf,../papers/2010/政治/全国/全国Ⅱ卷文综/2010_政治_全国Ⅱ卷文综_OCR与考点.md,,pypdf,7
2010,政治,陕西,老高考,2025,全国卷,common,全国Ⅱ卷,done,../papers/2010/政治/全国/全国Ⅱ卷文综/2010_政治_全国Ⅱ卷文综_原卷.pdf,../papers/2010/政治/全国/全国Ⅱ卷文综/2010_政治_全国Ⅱ卷文综_OCR与考点.md,,pypdf,7
2010,政治,甘肃,老高考,2024,全国卷,common,全国Ⅱ卷,done,../papers/2010/政治/全国/全国Ⅱ卷文综/2010_政治_全国Ⅱ卷文综_原卷.pdf,../papers/2010/政治/全国/全国Ⅱ卷文综/2010_政治_全国Ⅱ卷文综_OCR与考点.md,,pypdf,7
2010,政治,青海,老高考,2025,全国卷,common,全国Ⅱ卷,done,../papers/2010/政治/全国/全国Ⅱ卷文综/2010_政治_全国Ⅱ卷文综_原卷.pdf,../papers/2010/政治/全国/全国Ⅱ卷文综/2010_政治_全国Ⅱ卷文综_OCR与考点.md,,pypdf,7
2010,政治,宁夏,老高考,2025,全国卷,common,宁夏卷,done,../papers/2010/政治/全国/宁夏文综/2010_政治_宁夏文综_原卷.pdf,../papers/2010/政治/全国/宁夏文综/2010_政治_宁夏文综_OCR与考点.md,,pypdf,6
2010,政治,新疆,老高考,,全国卷,common,全国Ⅱ卷,done,../papers/2010/政治/全国/全国Ⅱ卷文综/2010_政治_全国Ⅱ卷文综_原卷.pdf,../papers/2010/政治/全国/全国Ⅱ卷文综/2010_政治_全国Ⅱ卷文综_OCR与考点.md,,pypdf,7
2010,历史,北京,老高考,2020,地方/区域卷,local,北京卷,done,../papers/2010/历史/北京/北京文综/2010_历史_北京文综_原卷.pdf,../papers/2010/历史/北京/北京文综/2010_历史_北京文综_OCR与考点.md,,pypdf,9
2010,历史,天津,老高考,2020,地方/区域卷,local,天津卷,done,../papers/2010/历史/天津/天津文综/2010_历史_天津文综_原卷.pdf,../papers/2010/历史/天津/天津文综/2010_历史_天津文综_OCR与考点.md,,pypdf,6
2010,历史,河北,老高考,2021,全国卷,common,河北卷,done,../papers/2010/历史/全国/河北文综/2010_历史_河北文综_原卷.pdf,../papers/2010/历史/全国/河北文综/2010_历史_河北文综_OCR与考点.md,,pypdf,5
2010,历史,山西,老高考,2025,全国卷,common,山西卷,done,../papers/2010/历史/全国/山西文综/2010_历史_山西文综_原卷.pdf,../papers/2010/历史/全国/山西文综/2010_历史_山西文综_OCR与考点.md,,pypdf,5
2010,历史,内蒙古,老高考,2025,全国卷,common,内蒙古卷,done,../papers/2010/历史/全国/内蒙古文综/2010_历史_内蒙古文综_原卷.pdf,../papers/2010/历史/全国/内蒙古文综/2010_历史_内蒙古文综_OCR与考点.md,,pypdf,7
2010,历史,辽宁,老高考,2021,全国卷,common,辽宁卷,done,../papers/2010/历史/全国/辽宁文综/2010_历史_辽宁文综_原卷.pdf,../papers/2010/历史/全国/辽宁文综/2010_历史_辽宁文综_OCR与考点.md,,pypdf,9
2010,历史,吉林,老高考,2024,全国卷,common,吉林卷,done,../papers/2010/历史/全国/吉林文综/2010_历史_吉林文综_原卷.pdf,../papers/2010/历史/全国/吉林文综/2010_历史_吉林文综_OCR与考点.md,,pypdf,9
2010,历史,黑龙江,老高考,2024,全国卷,common,黑龙江卷,done,../papers/2010/历史/全国/黑龙江文综/2010_历史_黑龙江文综_原卷.pdf,../papers/2010/历史/全国/黑龙江文综/2010_历史_黑龙江文综_OCR与考点.md,,pypdf,9
2010,历史,上海,老高考,2017,地方/区域卷,local,上海卷,done,../papers/2010/历史/上海/上海文综/2010_历史_上海文综_原卷.pdf,../papers/2010/历史/上海/上海文综/2010_历史_上海文综_OCR与考点.md,,pypdf,9
2010,历史,江苏,老高考,2021,地方/区域卷,local,江苏卷,done,../papers/2010/历史/江苏/江苏文综/2010_历史_江苏文综_原卷.pdf,../papers/2010/历史/江苏/江苏文综/2010_历史_江苏文综_OCR与考点.md,,pypdf,9
2010,历史,浙江,老高考,2017,地方/区域卷,local,浙江卷,done,../papers/2010/历史/浙江/浙江文综/2010_历史_浙江文综_原卷.pdf,../papers/2010/历史/浙江/浙江文综/2010_历史_浙江文综_OCR与考点.md,,pypdf,5
2010,历史,安徽,老高考,2024,,missing,,missing,,,,,
2010,历史,福建,老高考,2021,,missing,,missing,,,,,
2010,历史,江西,老高考,2024,全国卷,common,江西卷,done,../papers/2010/历史/全国/江西文综/2010_历史_江西文综_原卷.pdf,../papers/2010/历史/全国/江西文综/2010_历史_江西文综_OCR与考点.md,,pypdf,5
2010,历史,山东,老高考,2020,地方/区域卷,local,山东卷,done,../papers/2010/历史/山东/山东文综/2010_历史_山东文综_原卷.pdf,../papers/2010/历史/山东/山东文综/2010_历史_山东文综_OCR与考点.md,,pypdf,6
2010,历史,河南,老高考,2025,全国卷,common,河南卷,done,../papers/2010/历史/全国/河南文综/2010_历史_河南文综_原卷.pdf,../papers/2010/历史/全国/河南文综/2010_历史_河南文综_OCR与考点.md,,pypdf,5
2010,历史,湖北,老高考,2021,全国卷,common,湖北卷,done,../papers/2010/历史/全国/湖北文综/2010_历史_湖北文综_原卷.pdf,../papers/2010/历史/全国/湖北文综/2010_历史_湖北文综_OCR与考点.md,,pypdf,5
2010,历史,湖南,老高考,2021,全国卷,common,湖南卷,done,../papers/2010/历史/全国/湖南文综/2010_历史_湖南文综_原卷.pdf,../papers/2010/历史/全国/湖南文综/2010_历史_湖南文综_OCR与考点.md,,pypdf,5
2010,历史,广东,老高考,2021,地方/区域卷,local,广东卷,done,../papers/2010/历史/广东/广东文综/2010_历史_广东文综_原卷.pdf,../papers/2010/历史/广东/广东文综/2010_历史_广东文综_OCR与考点.md,,pypdf,4
2010,历史,广西,老高考,2024,全国卷,common,广西卷,done,../papers/2010/历史/全国/广西文综/2010_历史_广西文综_原卷.pdf,../papers/2010/历史/全国/广西文综/2010_历史_广西文综_OCR与考点.md,,pypdf,5
2010,历史,海南,老高考,2020,地方/区域卷,local,海南卷,done,../papers/2010/历史/海南/海南文综/2010_历史_海南文综_原卷.pdf,../papers/2010/历史/海南/海南文综/2010_历史_海南文综_OCR与考点.md,,pypdf,11
2010,历史,重庆,老高考,2021,,missing,,missing,,,,,
2010,历史,四川,老高考,2025,地方/区域卷,local,四川卷,done,../papers/2010/历史/四川/四川文综/2010_历史_四川文综_原卷.pdf,../papers/2010/历史/四川/四川文综/2010_历史_四川文综_OCR与考点.md,,pypdf,5
2010,历史,贵州,老高考,2024,全国卷,common,贵州卷,done,../papers/2010/历史/全国/贵州文综/2010_历史_贵州文综_原卷.pdf,../papers/2010/历史/全国/贵州文综/2010_历史_贵州文综_OCR与考点.md,,pypdf,7
2010,历史,云南,老高考,2025,全国卷,common,云南卷,done,../papers/2010/历史/全国/云南文综/2010_历史_云南文综_原卷.pdf,../papers/2010/历史/全国/云南文综/2010_历史_云南文综_OCR与考点.md,,pypdf,7
2010,历史,西藏,老高考,,全国卷,common,西藏卷,done,../papers/2010/历史/全国/西藏文综/2010_历史_西藏文综_原卷.pdf,../papers/2010/历史/全国/西藏文综/2010_历史_西藏文综_OCR与考点.md,,pypdf,7
2010,历史,陕西,老高考,2025,全国卷,common,陕西卷,done,../papers/2010/历史/全国/陕西文综/2010_历史_陕西文综_原卷.pdf,../papers/2010/历史/全国/陕西文综/2010_历史_陕西文综_OCR与考点.md,,pypdf,7
2010,历史,甘肃,老高考,2024,全国卷,common,甘肃卷,done,../papers/2010/历史/全国/甘肃文综/2010_历史_甘肃文综_原卷.pdf,../papers/2010/历史/全国/甘肃文综/2010_历史_甘肃文综_OCR与考点.md,,pypdf,7
2010,历史,青海,老高考,2025,全国卷,common,青海卷,done,../papers/2010/历史/全国/青海文综/2010_历史_青海文综_原卷.pdf,../papers/2010/历史/全国/青海文综/2010_历史_青海文综_OCR与考点.md,,pypdf,7
2010,历史,宁夏,老高考,2025,全国卷,common,宁夏卷,done,../papers/2010/历史/全国/宁夏文综/2010_历史_宁夏文综_原卷.pdf,../papers/2010/历史/全国/宁夏文综/2010_历史_宁夏文综_OCR与考点.md,,pypdf,9
2010,历史,新疆,老高考,,全国卷,common,新疆卷,done,../papers/2010/历史/全国/新疆文综/2010_历史_新疆文综_原卷.pdf,../papers/2010/历史/全国/新疆文综/2010_历史_新疆文综_OCR与考点.md,,pypdf,7
2010,地理,北京,老高考,2020,地方/区域卷,local,北京卷,done,../papers/2010/地理/北京/北京文综/2010_地理_北京文综_原卷.pdf,../papers/2010/地理/北京/北京文综/2010_地理_北京文综_OCR与考点.md,,pypdf,6
2010,地理,天津,老高考,2020,地方/区域卷,local,天津卷,done,../papers/2010/地理/天津/天津文综/2010_地理_天津文综_原卷.pdf,../papers/2010/地理/天津/天津文综/2010_地理_天津文综_OCR与考点.md,,pypdf,6
2010,地理,河北,老高考,2021,全国卷,common,河北卷,done,../papers/2010/地理/全国/河北文综/2010_地理_河北文综_原卷.pdf,../papers/2010/地理/全国/河北文综/2010_地理_河北文综_OCR与考点.md,,pypdf,5
2010,地理,山西,老高考,2025,全国卷,common,山西卷,done,../papers/2010/地理/全国/山西文综/2010_地理_山西文综_原卷.pdf,../papers/2010/地理/全国/山西文综/2010_地理_山西文综_OCR与考点.md,,pypdf,5
2010,地理,内蒙古,老高考,2025,全国卷,common,内蒙古卷,done,../papers/2010/地理/全国/内蒙古文综/2010_地理_内蒙古文综_原卷.pdf,../papers/2010/地理/全国/内蒙古文综/2010_地理_内蒙古文综_OCR与考点.md,,pypdf,5
2010,地理,辽宁,老高考,2021,全国卷,common,辽宁卷,done,../papers/2010/地理/全国/辽宁文综/2010_地理_辽宁文综_原卷.pdf,../papers/2010/地理/全国/辽宁文综/2010_地理_辽宁文综_OCR与考点.md,,pypdf,7
2010,地理,吉林,老高考,2024,全国卷,common,吉林卷,done,../papers/2010/地理/全国/吉林文综/2010_地理_吉林文综_原卷.pdf,../papers/2010/地理/全国/吉林文综/2010_地理_吉林文综_OCR与考点.md,,pypdf,7
2010,地理,黑龙江,老高考,2024,全国卷,common,黑龙江卷,done,../papers/2010/地理/全国/黑龙江文综/2010_地理_黑龙江文综_原卷.pdf,../papers/2010/地理/全国/黑龙江文综/2010_地理_黑龙江文综_OCR与考点.md,,pypdf,7
2010,地理,上海,老高考,2017,地方/区域卷,local,上海卷,done,../papers/2010/地理/上海/上海文综/2010_地理_上海文综_原卷.pdf,../papers/2010/地理/上海/上海文综/2010_地理_上海文综_OCR与考点.md,,pypdf,15
2010,地理,江苏,老高考,2021,地方/区域卷,local,江苏卷,done,../papers/2010/地理/江苏/江苏文综/2010_地理_江苏文综_原卷.pdf,../papers/2010/地理/江苏/江苏文综/2010_地理_江苏文综_OCR与考点.md,,pypdf,15
2010,地理,浙江,老高考,2017,地方/区域卷,local,浙江卷,done,../papers/2010/地理/浙江/浙江文综/2010_地理_浙江文综_原卷.pdf,../papers/2010/地理/浙江/浙江文综/2010_地理_浙江文综_OCR与考点.md,,pypdf,6
2010,地理,安徽,老高考,2024,,missing,,missing,,,,,
2010,地理,福建,老高考,2021,,missing,,missing,,,,,
2010,地理,江西,老高考,2024,全国卷,common,江西卷,done,../papers/2010/地理/全国/江西文综/2010_地理_江西文综_原卷.pdf,../papers/2010/地理/全国/江西文综/2010_地理_江西文综_OCR与考点.md,,pypdf,5
2010,地理,山东,老高考,2020,地方/区域卷,local,山东卷,done,../papers/2010/地理/山东/山东文综/2010_地理_山东文综_原卷.pdf,../papers/2010/地理/山东/山东文综/2010_地理_山东文综_OCR与考点.md,,pypdf,9
2010,地理,河南,老高考,2025,全国卷,common,河南卷,done,../papers/2010/地理/全国/河南文综/2010_地理_河南文综_原卷.pdf,../papers/2010/地理/全国/河南文综/2010_地理_河南文综_OCR与考点.md,,pypdf,5
2010,地理,湖北,老高考,2021,全国卷,common,湖北卷,done,../papers/2010/地理/全国/湖北文综/2010_地理_湖北文综_原卷.pdf,../papers/2010/地理/全国/湖北文综/2010_地理_湖北文综_OCR与考点.md,,pypdf,5
2010,地理,湖南,老高考,2021,全国卷,common,湖南卷,done,../papers/2010/地理/全国/湖南文综/2010_地理_湖南文综_原卷.pdf,../papers/2010/地理/全国/湖南文综/2010_地理_湖南文综_OCR与考点.md,,pypdf,5
2010,地理,广东,老高考,2021,地方/区域卷,local,广东卷,done,../papers/2010/地理/广东/广东文综/2010_地理_广东文综_原卷.pdf,../papers/2010/地理/广东/广东文综/2010_地理_广东文综_OCR与考点.md,,pypdf,6
2010,地理,广西,老高考,2024,全国卷,common,广西卷,done,../papers/2010/地理/全国/广西文综/2010_地理_广西文综_原卷.pdf,../papers/2010/地理/全国/广西文综/2010_地理_广西文综_OCR与考点.md,,pypdf,5
2010,地理,海南,老高考,2020,地方/区域卷,local,海南卷,done,../papers/2010/地理/海南/海南文综/2010_地理_海南文综_原卷.pdf,../papers/2010/地理/海南/海南文综/2010_地理_海南文综_OCR与考点.md,,pypdf,7
2010,地理,重庆,老高考,2021,,missing,,missing,,,,,
2010,地理,四川,老高考,2025,地方/区域卷,local,四川卷,done,../papers/2010/地理/四川/四川文综/2010_地理_四川文综_原卷.pdf,../papers/2010/地理/四川/四川文综/2010_地理_四川文综_OCR与考点.md,,pypdf,5
2010,地理,贵州,老高考,2024,全国卷,common,贵州卷,done,../papers/2010/地理/全国/贵州文综/2010_地理_贵州文综_原卷.pdf,../papers/2010/地理/全国/贵州文综/2010_地理_贵州文综_OCR与考点.md,,pypdf,5
2010,地理,云南,老高考,2025,全国卷,common,云南卷,done,../papers/2010/地理/全国/云南文综/2010_地理_云南文综_原卷.pdf,../papers/2010/地理/全国/云南文综/2010_地理_云南文综_OCR与考点.md,,pypdf,5
2010,地理,西藏,老高考,,全国卷,common,西藏卷,done,../papers/2010/地理/全国/西藏文综/2010_地理_西藏文综_原卷.pdf,../papers/2010/地理/全国/西藏文综/2010_地理_西藏文综_OCR与考点.md,,pypdf,5
2010,地理,陕西,老高考,2025,全国卷,common,陕西卷,done,../papers/2010/地理/全国/陕西文综/2010_地理_陕西文综_原卷.pdf,../papers/2010/地理/全国/陕西文综/2010_地理_陕西文综_OCR与考点.md,,pypdf,5
2010,地理,甘肃,老高考,2024,全国卷,common,甘肃卷,done,../papers/2010/地理/全国/甘肃文综/2010_地理_甘肃文综_原卷.pdf,../papers/2010/地理/全国/甘肃文综/2010_地理_甘肃文综_OCR与考点.md,,pypdf,5
2010,地理,青海,老高考,2025,全国卷,common,青海卷,done,../papers/2010/地理/全国/青海文综/2010_地理_青海文综_原卷.pdf,../papers/2010/地理/全国/青海文综/2010_地理_青海文综_OCR与考点.md,,pypdf,5
2010,地理,宁夏,老高考,2025,全国卷,common,宁夏卷,done,../papers/2010/地理/全国/宁夏文综/2010_地理_宁夏文综_原卷.pdf,../papers/2010/地理/全国/宁夏文综/2010_地理_宁夏文综_OCR与考点.md,,pypdf,7
2010,地理,新疆,老高考,,全国卷,common,新疆卷,done,../papers/2010/地理/全国/新疆文综/2010_地理_新疆文综_原卷.pdf,../papers/2010/地理/全国/新疆文综/2010_地理_新疆文综_OCR与考点.md,,pypdf,5
2011,语文,北京,老高考,2020,地方/区域卷,local,北京卷,pdf_only,../papers/2011/语文/北京/北京卷/2011_语文_北京卷_原卷.pdf,,,,
2011,语文,天津,老高考,2020,地方/区域卷,local,天津卷,pdf_only,../papers/2011/语文/天津/天津卷/2011_语文_天津卷_原卷.pdf,,,,
2011,语文,河北,老高考,2021,全国卷,common,全国Ⅱ卷,pdf_only,../papers/2011/语文/全国/全国Ⅱ卷/2011_语文_全国Ⅱ卷_原卷.pdf,,,,
2011,语文,山西,老高考,2025,全国卷,common,全国Ⅱ卷,pdf_only,../papers/2011/语文/全国/全国Ⅱ卷/2011_语文_全国Ⅱ卷_原卷.pdf,,,,
2011,语文,内蒙古,老高考,2025,全国卷,common,全国Ⅱ卷,pdf_only,../papers/2011/语文/全国/全国Ⅱ卷/2011_语文_全国Ⅱ卷_原卷.pdf,,,,
2011,语文,辽宁,老高考,2021,,missing,,missing,,,,,
2011,语文,吉林,老高考,2024,全国卷,common,吉林卷,pdf_only,../papers/2011/语文/全国/吉林卷/2011_语文_吉林卷_原卷.pdf,,,,
2011,语文,黑龙江,老高考,2024,全国卷,common,黑龙江卷,pdf_only,../papers/2011/语文/全国/黑龙江卷/2011_语文_黑龙江卷_原卷.pdf,,,,
2011,语文,上海,老高考,2017,地方/区域卷,local,上海卷,pdf_only,../papers/2011/语文/上海/上海卷/2011_语文_上海卷_原卷.pdf,,,,
2011,语文,江苏,老高考,2021,地方/区域卷,local,江苏卷,pdf_only,../papers/2011/语文/江苏/江苏卷/2011_语文_江苏卷_原卷.pdf,,,,
2011,语文,浙江,老高考,2017,地方/区域卷,local,浙江卷,pdf_only,../papers/2011/语文/浙江/浙江卷/2011_语文_浙江卷_原卷.pdf,,,,
2011,语文,安徽,老高考,2024,,missing,,missing,,,,,
2011,语文,福建,老高考,2021,,missing,,missing,,,,,
2011,语文,江西,老高考,2024,,missing,,missing,,,,,
2011,语文,山东,老高考,2020,地方/区域卷,local,山东卷,pdf_only,../papers/2011/语文/山东/山东卷/2011_语文_山东卷_原卷.pdf,,,,
2011,语文,河南,老高考,2025,全国卷,common,河南卷,pdf_only,../papers/2011/语文/全国/河南卷/2011_语文_河南卷_原卷.pdf,,,,
2011,语文,湖北,老高考,2021,,missing,,missing,,,,,
2011,语文,湖南,老高考,2021,地方/区域卷,local,湖南卷,pdf_only,../papers/2011/语文/湖南/湖南卷/2011_语文_湖南卷_原卷.pdf,,,,
2011,语文,广东,老高考,2021,地方/区域卷,local,广东卷,pdf_only,../papers/2011/语文/广东/广东卷/2011_语文_广东卷_原卷.pdf,,,,
2011,语文,广西,老高考,2024,全国卷,common,广西卷,pdf_only,../papers/2011/语文/全国/广西卷/2011_语文_广西卷_原卷.pdf,,,,
2011,语文,海南,老高考,2020,全国卷,common,海南卷,pdf_only,../papers/2011/语文/全国/海南卷/2011_语文_海南卷_原卷.pdf,,,,
2011,语文,重庆,老高考,2021,,missing,,missing,,,,,
2011,语文,四川,老高考,2025,地方/区域卷,local,四川卷,pdf_only,../papers/2011/语文/四川/四川卷/2011_语文_四川卷_原卷.pdf,,,,
2011,语文,贵州,老高考,2024,全国卷,common,全国Ⅱ卷,pdf_only,../papers/2011/语文/全国/全国Ⅱ卷/2011_语文_全国Ⅱ卷_原卷.pdf,,,,
2011,语文,云南,老高考,2025,全国卷,common,云南卷,pdf_only,../papers/2011/语文/全国/云南卷/2011_语文_云南卷_原卷.pdf,,,,
2011,语文,西藏,老高考,,全国卷,common,全国Ⅱ卷,pdf_only,../papers/2011/语文/全国/全国Ⅱ卷/2011_语文_全国Ⅱ卷_原卷.pdf,,,,
2011,语文,陕西,老高考,2025,全国卷,common,陕西卷,pdf_only,../papers/2011/语文/全国/陕西卷/2011_语文_陕西卷_原卷.pdf,,,,
2011,语文,甘肃,老高考,2024,全国卷,common,甘肃卷,pdf_only,../papers/2011/语文/全国/甘肃卷/2011_语文_甘肃卷_原卷.pdf,,,,
2011,语文,青海,老高考,2025,全国卷,common,全国Ⅱ卷,pdf_only,../papers/2011/语文/全国/全国Ⅱ卷/2011_语文_全国Ⅱ卷_原卷.pdf,,,,
2011,语文,宁夏,老高考,2025,全国卷,common,宁夏卷,pdf_only,../papers/2011/语文/全国/宁夏卷/2011_语文_宁夏卷_原卷.pdf,,,,
2011,语文,新疆,老高考,,全国卷,common,新疆卷,pdf_only,../papers/2011/语文/全国/新疆卷/2011_语文_新疆卷_原卷.pdf,,,,
2011,数学,北京,老高考,2020,地方/区域卷,local,北京卷,done,../papers/2011/数学/北京/北京卷/2011_数学_北京卷_原卷.pdf,../papers/2011/数学/北京/北京卷/2011_数学_北京卷_OCR与考点.md,,pypdf,4
2011,数学,天津,老高考,2020,地方/区域卷,local,天津卷,done,../papers/2011/数学/天津/天津卷/2011_数学_天津卷_原卷.pdf,../papers/2011/数学/天津/天津卷/2011_数学_天津卷_OCR与考点.md,,pypdf,4
2011,数学,河北,老高考,2021,地方/区域卷,local,河北卷,done,../papers/2011/数学/河北/河北卷/2011_数学_河北卷_原卷.pdf,../papers/2011/数学/河北/河北卷/2011_数学_河北卷_OCR与考点.md,,pypdf,4
2011,数学,山西,老高考,2025,全国卷,common,山西卷,done,../papers/2011/数学/全国/山西卷/2011_数学_山西卷_原卷.pdf,../papers/2011/数学/全国/山西卷/2011_数学_山西卷_OCR与考点.md,,pypdf,6
2011,数学,内蒙古,老高考,2025,地方/区域卷,local,内蒙古卷,done,../papers/2011/数学/内蒙古/内蒙古卷/2011_数学_内蒙古卷_原卷.pdf,../papers/2011/数学/内蒙古/内蒙古卷/2011_数学_内蒙古卷_OCR与考点.md,,pypdf,4
2011,数学,辽宁,老高考,2021,地方/区域卷,local,辽宁卷,done,../papers/2011/数学/辽宁/辽宁卷/2011_数学_辽宁卷_原卷.pdf,../papers/2011/数学/辽宁/辽宁卷/2011_数学_辽宁卷_OCR与考点.md,,pypdf,7
2011,数学,吉林,老高考,2024,全国卷,common,吉林卷,done,../papers/2011/数学/全国/吉林卷/2011_数学_吉林卷_原卷.pdf,../papers/2011/数学/全国/吉林卷/2011_数学_吉林卷_OCR与考点.md,,pypdf,6
2011,数学,黑龙江,老高考,2024,全国卷,common,黑龙江卷,done,../papers/2011/数学/全国/黑龙江卷/2011_数学_黑龙江卷_原卷.pdf,../papers/2011/数学/全国/黑龙江卷/2011_数学_黑龙江卷_OCR与考点.md,,pypdf,6
2011,数学,上海,老高考,2017,地方/区域卷,local,上海卷,done,../papers/2011/数学/上海/上海卷/2011_数学_上海卷_原卷.pdf,../papers/2011/数学/上海/上海卷/2011_数学_上海卷_OCR与考点.md,,pypdf,4
2011,数学,江苏,老高考,2021,地方/区域卷,local,江苏卷,done,../papers/2011/数学/江苏/江苏卷/2011_数学_江苏卷_原卷.pdf,../papers/2011/数学/江苏/江苏卷/2011_数学_江苏卷_OCR与考点.md,,pypdf,7
2011,数学,浙江,老高考,2017,地方/区域卷,local,浙江卷,done,../papers/2011/数学/浙江/浙江卷/2011_数学_浙江卷_原卷.pdf,../papers/2011/数学/浙江/浙江卷/2011_数学_浙江卷_OCR与考点.md,,pypdf,5
2011,数学,安徽,老高考,2024,,missing,,missing,,,,,
2011,数学,福建,老高考,2021,,missing,,missing,,,,,
2011,数学,江西,老高考,2024,地方/区域卷,local,江西卷,done,../papers/2011/数学/江西/江西卷/2011_数学_江西卷_原卷.pdf,../papers/2011/数学/江西/江西卷/2011_数学_江西卷_OCR与考点.md,,pypdf,7
2011,数学,山东,老高考,2020,地方/区域卷,local,山东卷,done,../papers/2011/数学/山东/山东卷/2011_数学_山东卷_原卷.pdf,../papers/2011/数学/山东/山东卷/2011_数学_山东卷_OCR与考点.md,,pypdf,8
2011,数学,河南,老高考,2025,全国卷,common,河南卷,done,../papers/2011/数学/全国/河南卷/2011_数学_河南卷_原卷.pdf,../papers/2011/数学/全国/河南卷/2011_数学_河南卷_OCR与考点.md,,pypdf,6
2011,数学,湖北,老高考,2021,,missing,,missing,,,,,
2011,数学,湖南,老高考,2021,地方/区域卷,local,湖南卷,done,../papers/2011/数学/湖南/湖南卷/2011_数学_湖南卷_原卷.pdf,../papers/2011/数学/湖南/湖南卷/2011_数学_湖南卷_OCR与考点.md,,pypdf,5
2011,数学,广东,老高考,2021,地方/区域卷,local,广东卷,done,../papers/2011/数学/广东/广东卷/2011_数学_广东卷_原卷.pdf,../papers/2011/数学/广东/广东卷/2011_数学_广东卷_OCR与考点.md,,pypdf,7
2011,数学,广西,老高考,2024,全国卷,common,广西卷,done,../papers/2011/数学/全国/广西卷/2011_数学_广西卷_原卷.pdf,../papers/2011/数学/全国/广西卷/2011_数学_广西卷_OCR与考点.md,,pypdf,6
2011,数学,海南,老高考,2020,全国卷,common,海南卷,done,../papers/2011/数学/全国/海南卷/2011_数学_海南卷_原卷.pdf,../papers/2011/数学/全国/海南卷/2011_数学_海南卷_OCR与考点.md,,pypdf,6
2011,数学,重庆,老高考,2021,,missing,,missing,,,,,
2011,数学,四川,老高考,2025,地方/区域卷,local,四川卷,done,../papers/2011/数学/四川/四川卷/2011_数学_四川卷_原卷.pdf,../papers/2011/数学/四川/四川卷/2011_数学_四川卷_OCR与考点.md,,pypdf,4
2011,数学,贵州,老高考,2024,地方/区域卷,local,贵州卷,done,../papers/2011/数学/贵州/贵州卷/2011_数学_贵州卷_原卷.pdf,../papers/2011/数学/贵州/贵州卷/2011_数学_贵州卷_OCR与考点.md,,pypdf,4
2011,数学,云南,老高考,2025,全国卷,common,云南卷,done,../papers/2011/数学/全国/云南卷/2011_数学_云南卷_原卷.pdf,../papers/2011/数学/全国/云南卷/2011_数学_云南卷_OCR与考点.md,,pypdf,6
2011,数学,西藏,老高考,,地方/区域卷,local,西藏卷,done,../papers/2011/数学/西藏/西藏卷/2011_数学_西藏卷_原卷.pdf,../papers/2011/数学/西藏/西藏卷/2011_数学_西藏卷_OCR与考点.md,,pypdf,4
2011,数学,陕西,老高考,2025,地方/区域卷,local,陕西卷,done,../papers/2011/数学/陕西/陕西卷/2011_数学_陕西卷_原卷.pdf,../papers/2011/数学/陕西/陕西卷/2011_数学_陕西卷_OCR与考点.md,,pypdf,8
2011,数学,甘肃,老高考,2024,全国卷,common,甘肃卷,done,../papers/2011/数学/全国/甘肃卷/2011_数学_甘肃卷_原卷.pdf,../papers/2011/数学/全国/甘肃卷/2011_数学_甘肃卷_OCR与考点.md,,pypdf,6
2011,数学,青海,老高考,2025,地方/区域卷,local,青海卷,done,../papers/2011/数学/青海/青海卷/2011_数学_青海卷_原卷.pdf,../papers/2011/数学/青海/青海卷/2011_数学_青海卷_OCR与考点.md,,pypdf,4
2011,数学,宁夏,老高考,2025,全国卷,common,宁夏卷,done,../papers/2011/数学/全国/宁夏卷/2011_数学_宁夏卷_原卷.pdf,../papers/2011/数学/全国/宁夏卷/2011_数学_宁夏卷_OCR与考点.md,,pypdf,6
2011,数学,新疆,老高考,,全国卷,common,新疆卷,done,../papers/2011/数学/全国/新疆卷/2011_数学_新疆卷_原卷.pdf,../papers/2011/数学/全国/新疆卷/2011_数学_新疆卷_OCR与考点.md,,pypdf,6
2011,英语,北京,老高考,2020,地方/区域卷,local,北京卷,done,../papers/2011/英语/北京/北京卷/2011_英语_北京卷_原卷.pdf,../papers/2011/英语/北京/北京卷/2011_英语_北京卷_OCR与考点.md,../papers/2011/英语/北京/北京卷/2011_英语_北京卷_听力.mp3,pypdf,13
2011,英语,天津,老高考,2020,地方/区域卷,local,天津卷,done,../papers/2011/英语/天津/天津卷/2011_英语_天津卷_原卷.pdf,../papers/2011/英语/天津/天津卷/2011_英语_天津卷_OCR与考点.md,,pypdf,13
2011,英语,河北,老高考,2021,全国卷,common,河北卷,done,../papers/2011/英语/全国/河北卷/2011_英语_河北卷_原卷.pdf,../papers/2011/英语/全国/河北卷/2011_英语_河北卷_OCR与考点.md,../papers/2011/英语/全国/河北卷/2011_英语_河北卷_听力.mp3,pypdf,14
2011,英语,山西,老高考,2025,全国卷,common,山西卷,done,../papers/2011/英语/全国/山西卷/2011_英语_山西卷_原卷.pdf,../papers/2011/英语/全国/山西卷/2011_英语_山西卷_OCR与考点.md,../papers/2011/英语/全国/山西卷/2011_英语_山西卷_听力.mp3,pypdf,14
2011,英语,内蒙古,老高考,2025,全国卷,common,内蒙古卷,done,../papers/2011/英语/全国/内蒙古卷/2011_英语_内蒙古卷_原卷.pdf,../papers/2011/英语/全国/内蒙古卷/2011_英语_内蒙古卷_OCR与考点.md,../papers/2011/英语/全国/内蒙古卷/2011_英语_内蒙古卷_听力.mp3,pypdf,14
2011,英语,辽宁,老高考,2021,,missing,,missing,,,,,
2011,英语,吉林,老高考,2024,全国卷,common,吉林卷,done,../papers/2011/英语/全国/吉林卷/2011_英语_吉林卷_原卷.pdf,../papers/2011/英语/全国/吉林卷/2011_英语_吉林卷_OCR与考点.md,../papers/2011/英语/全国/吉林卷/2011_英语_吉林卷_听力.mp3,pypdf,14
2011,英语,黑龙江,老高考,2024,全国卷,common,黑龙江卷,done,../papers/2011/英语/全国/黑龙江卷/2011_英语_黑龙江卷_原卷.pdf,../papers/2011/英语/全国/黑龙江卷/2011_英语_黑龙江卷_OCR与考点.md,../papers/2011/英语/全国/黑龙江卷/2011_英语_黑龙江卷_听力.mp3,pypdf,14
2011,英语,上海,老高考,2017,地方/区域卷,local,上海卷,done,../papers/2011/英语/上海/上海卷/2011_英语_上海卷_原卷.pdf,../papers/2011/英语/上海/上海卷/2011_英语_上海卷_OCR与考点.md,../papers/2011/英语/上海/上海卷/2011_英语_上海卷_听力.mp3,pypdf,11
2011,英语,江苏,老高考,2021,地方/区域卷,local,江苏卷,done,../papers/2011/英语/江苏/江苏卷/2011_英语_江苏卷_原卷.pdf,../papers/2011/英语/江苏/江苏卷/2011_英语_江苏卷_OCR与考点.md,../papers/2011/英语/江苏/江苏卷/2011_英语_江苏卷_听力.mp3,pypdf,9
2011,英语,浙江,老高考,2017,地方/区域卷,local,浙江卷,done,../papers/2011/英语/浙江/浙江卷/2011_英语_浙江卷_原卷.pdf,../papers/2011/英语/浙江/浙江卷/2011_英语_浙江卷_OCR与考点.md,,pypdf,11
2011,英语,安徽,老高考,2024,,missing,,missing,,,,,
2011,英语,福建,老高考,2021,,missing,,missing,,,,,
2011,英语,江西,老高考,2024,,missing,,missing,,,,,
2011,英语,山东,老高考,2020,地方/区域卷,local,山东卷,done,../papers/2011/英语/山东/山东卷/2011_英语_山东卷_原卷.pdf,../papers/2011/英语/山东/山东卷/2011_英语_山东卷_OCR与考点.md,../papers/2011/英语/山东/山东卷/2011_英语_山东卷_听力.mp3,pypdf,14
2011,英语,河南,老高考,2025,全国卷,common,河南卷,done,../papers/2011/英语/全国/河南卷/2011_英语_河南卷_原卷.pdf,../papers/2011/英语/全国/河南卷/2011_英语_河南卷_OCR与考点.md,../papers/2011/英语/全国/河南卷/2011_英语_河南卷_听力.mp3,pypdf,14
2011,英语,湖北,老高考,2021,,missing,,missing,,,,,
2011,英语,湖南,老高考,2021,地方/区域卷,local,湖南卷,done,../papers/2011/英语/湖南/湖南卷/2011_英语_湖南卷_原卷.pdf,../papers/2011/英语/湖南/湖南卷/2011_英语_湖南卷_OCR与考点.md,../papers/2011/英语/湖南/湖南卷/2011_英语_湖南卷_听力.mp3,pypdf,10
2011,英语,广东,老高考,2021,地方/区域卷,local,广东卷,done,../papers/2011/英语/广东/广东卷/2011_英语_广东卷_原卷.pdf,../papers/2011/英语/广东/广东卷/2011_英语_广东卷_OCR与考点.md,,pypdf,13
2011,英语,广西,老高考,2024,全国卷,common,广西卷,done,../papers/2011/英语/全国/广西卷/2011_英语_广西卷_原卷.pdf,../papers/2011/英语/全国/广西卷/2011_英语_广西卷_OCR与考点.md,../papers/2011/英语/全国/广西卷/2011_英语_广西卷_听力.mp3,pypdf,14
2011,英语,海南,老高考,2020,全国卷,common,海南卷,done,../papers/2011/英语/全国/海南卷/2011_英语_海南卷_原卷.pdf,../papers/2011/英语/全国/海南卷/2011_英语_海南卷_OCR与考点.md,../papers/2011/英语/全国/海南卷/2011_英语_海南卷_听力.mp3,pypdf,14
2011,英语,重庆,老高考,2021,,missing,,missing,,,,,
2011,英语,四川,老高考,2025,地方/区域卷,local,四川卷,done,../papers/2011/英语/四川/四川卷/2011_英语_四川卷_原卷.pdf,../papers/2011/英语/四川/四川卷/2011_英语_四川卷_OCR与考点.md,,pypdf,9
2011,英语,贵州,老高考,2024,全国卷,common,贵州卷,done,../papers/2011/英语/全国/贵州卷/2011_英语_贵州卷_原卷.pdf,../papers/2011/英语/全国/贵州卷/2011_英语_贵州卷_OCR与考点.md,../papers/2011/英语/全国/贵州卷/2011_英语_贵州卷_听力.mp3,pypdf,14
2011,英语,云南,老高考,2025,全国卷,common,云南卷,done,../papers/2011/英语/全国/云南卷/2011_英语_云南卷_原卷.pdf,../papers/2011/英语/全国/云南卷/2011_英语_云南卷_OCR与考点.md,../papers/2011/英语/全国/云南卷/2011_英语_云南卷_听力.mp3,pypdf,14
2011,英语,西藏,老高考,,全国卷,common,西藏卷,done,../papers/2011/英语/全国/西藏卷/2011_英语_西藏卷_原卷.pdf,../papers/2011/英语/全国/西藏卷/2011_英语_西藏卷_OCR与考点.md,../papers/2011/英语/全国/西藏卷/2011_英语_西藏卷_听力.mp3,pypdf,14
2011,英语,陕西,老高考,2025,地方/区域卷,local,陕西卷,done,../papers/2011/英语/陕西/陕西卷/2011_英语_陕西卷_原卷.pdf,../papers/2011/英语/陕西/陕西卷/2011_英语_陕西卷_OCR与考点.md,,pypdf,11
2011,英语,甘肃,老高考,2024,全国卷,common,甘肃卷,done,../papers/2011/英语/全国/甘肃卷/2011_英语_甘肃卷_原卷.pdf,../papers/2011/英语/全国/甘肃卷/2011_英语_甘肃卷_OCR与考点.md,../papers/2011/英语/全国/甘肃卷/2011_英语_甘肃卷_听力.mp3,pypdf,14
2011,英语,青海,老高考,2025,全国卷,common,青海卷,done,../papers/2011/英语/全国/青海卷/2011_英语_青海卷_原卷.pdf,../papers/2011/英语/全国/青海卷/2011_英语_青海卷_OCR与考点.md,../papers/2011/英语/全国/青海卷/2011_英语_青海卷_听力.mp3,pypdf,14
2011,英语,宁夏,老高考,2025,全国卷,common,宁夏卷,done,../papers/2011/英语/全国/宁夏卷/2011_英语_宁夏卷_原卷.pdf,../papers/2011/英语/全国/宁夏卷/2011_英语_宁夏卷_OCR与考点.md,../papers/2011/英语/全国/宁夏卷/2011_英语_宁夏卷_听力.mp3,pypdf,14
2011,英语,新疆,老高考,,全国卷,common,新疆卷,done,../papers/2011/英语/全国/新疆卷/2011_英语_新疆卷_原卷.pdf,../papers/2011/英语/全国/新疆卷/2011_英语_新疆卷_OCR与考点.md,../papers/2011/英语/全国/新疆卷/2011_英语_新疆卷_听力.mp3,pypdf,14
2011,物理,北京,老高考,2020,地方/区域卷,local,北京卷,done,../papers/2011/物理/北京/北京理综/2011_物理_北京理综_原卷.pdf,../papers/2011/物理/北京/北京理综/2011_物理_北京理综_OCR与考点.md,,pypdf,6
2011,物理,天津,老高考,2020,地方/区域卷,local,天津卷,done,../papers/2011/物理/天津/天津理综/2011_物理_天津理综_原卷.pdf,../papers/2011/物理/天津/天津理综/2011_物理_天津理综_OCR与考点.md,,pypdf,5
2011,物理,河北,老高考,2021,全国卷,common,河北卷,done,../papers/2011/物理/全国/河北理综/2011_物理_河北理综_原卷.pdf,../papers/2011/物理/全国/河北理综/2011_物理_河北理综_OCR与考点.md,,pypdf,7
2011,物理,山西,老高考,2025,全国卷,common,山西卷,done,../papers/2011/物理/全国/山西理综/2011_物理_山西理综_原卷.pdf,../papers/2011/物理/全国/山西理综/2011_物理_山西理综_OCR与考点.md,,pypdf,7
2011,物理,内蒙古,老高考,2025,全国卷,common,全国Ⅱ卷,done,../papers/2011/物理/全国/全国Ⅱ卷理综/2011_物理_全国Ⅱ卷理综_原卷.pdf,../papers/2011/物理/全国/全国Ⅱ卷理综/2011_物理_全国Ⅱ卷理综_OCR与考点.md,,pypdf,6
2011,物理,辽宁,老高考,2021,全国卷,common,辽宁卷,done,../papers/2011/物理/全国/辽宁理综/2011_物理_辽宁理综_原卷.pdf,../papers/2011/物理/全国/辽宁理综/2011_物理_辽宁理综_OCR与考点.md,,pypdf,7
2011,物理,吉林,老高考,2024,全国卷,common,吉林卷,done,../papers/2011/物理/全国/吉林理综/2011_物理_吉林理综_原卷.pdf,../papers/2011/物理/全国/吉林理综/2011_物理_吉林理综_OCR与考点.md,,pypdf,7
2011,物理,黑龙江,老高考,2024,全国卷,common,黑龙江卷,done,../papers/2011/物理/全国/黑龙江理综/2011_物理_黑龙江理综_原卷.pdf,../papers/2011/物理/全国/黑龙江理综/2011_物理_黑龙江理综_OCR与考点.md,,pypdf,7
2011,物理,上海,老高考,2017,地方/区域卷,local,上海卷,done,../papers/2011/物理/上海/上海理综/2011_物理_上海理综_原卷.pdf,../papers/2011/物理/上海/上海理综/2011_物理_上海理综_OCR与考点.md,,pypdf,11
2011,物理,江苏,老高考,2021,地方/区域卷,local,江苏卷,done,../papers/2011/物理/江苏/江苏理综/2011_物理_江苏理综_原卷.pdf,../papers/2011/物理/江苏/江苏理综/2011_物理_江苏理综_OCR与考点.md,,pypdf,8
2011,物理,浙江,老高考,2017,地方/区域卷,local,浙江卷,done,../papers/2011/物理/浙江/浙江理综/2011_物理_浙江理综_原卷.pdf,../papers/2011/物理/浙江/浙江理综/2011_物理_浙江理综_OCR与考点.md,,pypdf,5
2011,物理,安徽,老高考,2024,,missing,,missing,,,,,
2011,物理,福建,老高考,2021,,missing,,missing,,,,,
2011,物理,江西,老高考,2024,全国卷,common,江西卷,done,../papers/2011/物理/全国/江西理综/2011_物理_江西理综_原卷.pdf,../papers/2011/物理/全国/江西理综/2011_物理_江西理综_OCR与考点.md,,pypdf,7
2011,物理,山东,老高考,2020,地方/区域卷,local,山东卷,done,../papers/2011/物理/山东/山东理综/2011_物理_山东理综_原卷.pdf,../papers/2011/物理/山东/山东理综/2011_物理_山东理综_OCR与考点.md,,pypdf,6
2011,物理,河南,老高考,2025,全国卷,common,河南卷,done,../papers/2011/物理/全国/河南理综/2011_物理_河南理综_原卷.pdf,../papers/2011/物理/全国/河南理综/2011_物理_河南理综_OCR与考点.md,,pypdf,7
2011,物理,湖北,老高考,2021,全国卷,common,湖北卷,done,../papers/2011/物理/全国/湖北理综/2011_物理_湖北理综_原卷.pdf,../papers/2011/物理/全国/湖北理综/2011_物理_湖北理综_OCR与考点.md,,pypdf,7
2011,物理,湖南,老高考,2021,全国卷,common,湖南卷,done,../papers/2011/物理/全国/湖南理综/2011_物理_湖南理综_原卷.pdf,../papers/2011/物理/全国/湖南理综/2011_物理_湖南理综_OCR与考点.md,,pypdf,7
2011,物理,广东,老高考,2021,地方/区域卷,local,广东卷,done,../papers/2011/物理/广东/广东理综/2011_物理_广东理综_原卷.pdf,../papers/2011/物理/广东/广东理综/2011_物理_广东理综_OCR与考点.md,,pypdf,5
2011,物理,广西,老高考,2024,全国卷,common,广西卷,done,../papers/2011/物理/全国/广西理综/2011_物理_广西理综_原卷.pdf,../papers/2011/物理/全国/广西理综/2011_物理_广西理综_OCR与考点.md,,pypdf,7
2011,物理,海南,老高考,2020,地方/区域卷,local,海南卷,done,../papers/2011/物理/海南/海南理综/2011_物理_海南理综_原卷.pdf,../papers/2011/物理/海南/海南理综/2011_物理_海南理综_OCR与考点.md,,pypdf,9
2011,物理,重庆,老高考,2021,,missing,,missing,,,,,
2011,物理,四川,老高考,2025,地方/区域卷,local,四川卷,done,../papers/2011/物理/四川/四川理综/2011_物理_四川理综_原卷.pdf,../papers/2011/物理/四川/四川理综/2011_物理_四川理综_OCR与考点.md,,pypdf,5
2011,物理,贵州,老高考,2024,全国卷,common,全国Ⅱ卷,done,../papers/2011/物理/全国/全国Ⅱ卷理综/2011_物理_全国Ⅱ卷理综_原卷.pdf,../papers/2011/物理/全国/全国Ⅱ卷理综/2011_物理_全国Ⅱ卷理综_OCR与考点.md,,pypdf,6
2011,物理,云南,老高考,2025,全国卷,common,云南卷,done,../papers/2011/物理/全国/云南理综/2011_物理_云南理综_原卷.pdf,../papers/2011/物理/全国/云南理综/2011_物理_云南理综_OCR与考点.md,,pypdf,7
2011,物理,西藏,老高考,,全国卷,common,西藏卷,done,../papers/2011/物理/全国/西藏理综/2011_物理_西藏理综_原卷.pdf,../papers/2011/物理/全国/西藏理综/2011_物理_西藏理综_OCR与考点.md,,pypdf,7
2011,物理,陕西,老高考,2025,全国卷,common,陕西卷,done,../papers/2011/物理/全国/陕西理综/2011_物理_陕西理综_原卷.pdf,../papers/2011/物理/全国/陕西理综/2011_物理_陕西理综_OCR与考点.md,,pypdf,7
2011,物理,甘肃,老高考,2024,全国卷,common,全国Ⅱ卷,done,../papers/2011/物理/全国/全国Ⅱ卷理综/2011_物理_全国Ⅱ卷理综_原卷.pdf,../papers/2011/物理/全国/全国Ⅱ卷理综/2011_物理_全国Ⅱ卷理综_OCR与考点.md,,pypdf,6
2011,物理,青海,老高考,2025,全国卷,common,全国Ⅱ卷,done,../papers/2011/物理/全国/全国Ⅱ卷理综/2011_物理_全国Ⅱ卷理综_原卷.pdf,../papers/2011/物理/全国/全国Ⅱ卷理综/2011_物理_全国Ⅱ卷理综_OCR与考点.md,,pypdf,6
2011,物理,宁夏,老高考,2025,全国卷,common,宁夏卷,done,../papers/2011/物理/全国/宁夏理综/2011_物理_宁夏理综_原卷.pdf,../papers/2011/物理/全国/宁夏理综/2011_物理_宁夏理综_OCR与考点.md,,pypdf,7
2011,物理,新疆,老高考,,全国卷,common,新疆卷,done,../papers/2011/物理/全国/新疆理综/2011_物理_新疆理综_原卷.pdf,../papers/2011/物理/全国/新疆理综/2011_物理_新疆理综_OCR与考点.md,,pypdf,7
2011,化学,北京,老高考,2020,地方/区域卷,local,北京卷,done,../papers/2011/化学/北京/北京理综/2011_化学_北京理综_原卷.pdf,../papers/2011/化学/北京/北京理综/2011_化学_北京理综_OCR与考点.md,,pypdf,6
2011,化学,天津,老高考,2020,地方/区域卷,local,天津卷,done,../papers/2011/化学/天津/天津理综/2011_化学_天津理综_原卷.pdf,../papers/2011/化学/天津/天津理综/2011_化学_天津理综_OCR与考点.md,,pypdf,5
2011,化学,河北,老高考,2021,全国卷,common,河北卷,done,../papers/2011/化学/全国/河北理综/2011_化学_河北理综_原卷.pdf,../papers/2011/化学/全国/河北理综/2011_化学_河北理综_OCR与考点.md,,pypdf,6
2011,化学,山西,老高考,2025,全国卷,common,山西卷,done,../papers/2011/化学/全国/山西理综/2011_化学_山西理综_原卷.pdf,../papers/2011/化学/全国/山西理综/2011_化学_山西理综_OCR与考点.md,,pypdf,6
2011,化学,内蒙古,老高考,2025,全国卷,common,全国Ⅱ卷,done,../papers/2011/化学/全国/全国Ⅱ卷理综/2011_化学_全国Ⅱ卷理综_原卷.pdf,../papers/2011/化学/全国/全国Ⅱ卷理综/2011_化学_全国Ⅱ卷理综_OCR与考点.md,,pypdf,6
2011,化学,辽宁,老高考,2021,全国卷,common,辽宁卷,done,../papers/2011/化学/全国/辽宁理综/2011_化学_辽宁理综_原卷.pdf,../papers/2011/化学/全国/辽宁理综/2011_化学_辽宁理综_OCR与考点.md,,pypdf,6
2011,化学,吉林,老高考,2024,全国卷,common,吉林卷,done,../papers/2011/化学/全国/吉林理综/2011_化学_吉林理综_原卷.pdf,../papers/2011/化学/全国/吉林理综/2011_化学_吉林理综_OCR与考点.md,,pypdf,6
2011,化学,黑龙江,老高考,2024,全国卷,common,黑龙江卷,done,../papers/2011/化学/全国/黑龙江理综/2011_化学_黑龙江理综_原卷.pdf,../papers/2011/化学/全国/黑龙江理综/2011_化学_黑龙江理综_OCR与考点.md,,pypdf,6
2011,化学,上海,老高考,2017,地方/区域卷,local,上海卷,done,../papers/2011/化学/上海/上海理综/2011_化学_上海理综_原卷.pdf,../papers/2011/化学/上海/上海理综/2011_化学_上海理综_OCR与考点.md,,pypdf,10
2011,化学,江苏,老高考,2021,地方/区域卷,local,江苏卷,done,../papers/2011/化学/江苏/江苏理综/2011_化学_江苏理综_原卷.pdf,../papers/2011/化学/江苏/江苏理综/2011_化学_江苏理综_OCR与考点.md,,pypdf,10
2011,化学,浙江,老高考,2017,地方/区域卷,local,浙江卷,done,../papers/2011/化学/浙江/浙江理综/2011_化学_浙江理综_原卷.pdf,../papers/2011/化学/浙江/浙江理综/2011_化学_浙江理综_OCR与考点.md,,pypdf,8
2011,化学,安徽,老高考,2024,,missing,,missing,,,,,
2011,化学,福建,老高考,2021,,missing,,missing,,,,,
2011,化学,江西,老高考,2024,全国卷,common,江西卷,done,../papers/2011/化学/全国/江西理综/2011_化学_江西理综_原卷.pdf,../papers/2011/化学/全国/江西理综/2011_化学_江西理综_OCR与考点.md,,pypdf,6
2011,化学,山东,老高考,2020,地方/区域卷,local,山东卷,done,../papers/2011/化学/山东/山东理综/2011_化学_山东理综_原卷.pdf,../papers/2011/化学/山东/山东理综/2011_化学_山东理综_OCR与考点.md,,pypdf,4
2011,化学,河南,老高考,2025,全国卷,common,河南卷,done,../papers/2011/化学/全国/河南理综/2011_化学_河南理综_原卷.pdf,../papers/2011/化学/全国/河南理综/2011_化学_河南理综_OCR与考点.md,,pypdf,6
2011,化学,湖北,老高考,2021,全国卷,common,湖北卷,done,../papers/2011/化学/全国/湖北理综/2011_化学_湖北理综_原卷.pdf,../papers/2011/化学/全国/湖北理综/2011_化学_湖北理综_OCR与考点.md,,pypdf,6
2011,化学,湖南,老高考,2021,全国卷,common,湖南卷,done,../papers/2011/化学/全国/湖南理综/2011_化学_湖南理综_原卷.pdf,../papers/2011/化学/全国/湖南理综/2011_化学_湖南理综_OCR与考点.md,,pypdf,6
2011,化学,广东,老高考,2021,地方/区域卷,local,广东卷,done,../papers/2011/化学/广东/广东理综/2011_化学_广东理综_原卷.pdf,../papers/2011/化学/广东/广东理综/2011_化学_广东理综_OCR与考点.md,,pypdf,5
2011,化学,广西,老高考,2024,全国卷,common,广西卷,done,../papers/2011/化学/全国/广西理综/2011_化学_广西理综_原卷.pdf,../papers/2011/化学/全国/广西理综/2011_化学_广西理综_OCR与考点.md,,pypdf,6
2011,化学,海南,老高考,2020,地方/区域卷,local,海南卷,done,../papers/2011/化学/海南/海南理综/2011_化学_海南理综_原卷.pdf,../papers/2011/化学/海南/海南理综/2011_化学_海南理综_OCR与考点.md,,pypdf,7
2011,化学,重庆,老高考,2021,,missing,,missing,,,,,
2011,化学,四川,老高考,2025,地方/区域卷,local,四川卷,done,../papers/2011/化学/四川/四川理综/2011_化学_四川理综_原卷.pdf,../papers/2011/化学/四川/四川理综/2011_化学_四川理综_OCR与考点.md,,pypdf,4
2011,化学,贵州,老高考,2024,全国卷,common,全国Ⅱ卷,done,../papers/2011/化学/全国/全国Ⅱ卷理综/2011_化学_全国Ⅱ卷理综_原卷.pdf,../papers/2011/化学/全国/全国Ⅱ卷理综/2011_化学_全国Ⅱ卷理综_OCR与考点.md,,pypdf,6
2011,化学,云南,老高考,2025,全国卷,common,云南卷,done,../papers/2011/化学/全国/云南理综/2011_化学_云南理综_原卷.pdf,../papers/2011/化学/全国/云南理综/2011_化学_云南理综_OCR与考点.md,,pypdf,6
2011,化学,西藏,老高考,,全国卷,common,西藏卷,done,../papers/2011/化学/全国/西藏理综/2011_化学_西藏理综_原卷.pdf,../papers/2011/化学/全国/西藏理综/2011_化学_西藏理综_OCR与考点.md,,pypdf,6
2011,化学,陕西,老高考,2025,全国卷,common,陕西卷,done,../papers/2011/化学/全国/陕西理综/2011_化学_陕西理综_原卷.pdf,../papers/2011/化学/全国/陕西理综/2011_化学_陕西理综_OCR与考点.md,,pypdf,6
2011,化学,甘肃,老高考,2024,全国卷,common,全国Ⅱ卷,done,../papers/2011/化学/全国/全国Ⅱ卷理综/2011_化学_全国Ⅱ卷理综_原卷.pdf,../papers/2011/化学/全国/全国Ⅱ卷理综/2011_化学_全国Ⅱ卷理综_OCR与考点.md,,pypdf,6
2011,化学,青海,老高考,2025,全国卷,common,全国Ⅱ卷,done,../papers/2011/化学/全国/全国Ⅱ卷理综/2011_化学_全国Ⅱ卷理综_原卷.pdf,../papers/2011/化学/全国/全国Ⅱ卷理综/2011_化学_全国Ⅱ卷理综_OCR与考点.md,,pypdf,6
2011,化学,宁夏,老高考,2025,全国卷,common,宁夏卷,done,../papers/2011/化学/全国/宁夏理综/2011_化学_宁夏理综_原卷.pdf,../papers/2011/化学/全国/宁夏理综/2011_化学_宁夏理综_OCR与考点.md,,pypdf,6
2011,化学,新疆,老高考,,全国卷,common,新疆卷,done,../papers/2011/化学/全国/新疆理综/2011_化学_新疆理综_原卷.pdf,../papers/2011/化学/全国/新疆理综/2011_化学_新疆理综_OCR与考点.md,,pypdf,6
2011,生物,北京,老高考,2020,地方/区域卷,local,北京卷,done,../papers/2011/生物/北京/北京理综/2011_生物_北京理综_原卷.pdf,../papers/2011/生物/北京/北京理综/2011_生物_北京理综_OCR与考点.md,,pypdf,4
2011,生物,天津,老高考,2020,地方/区域卷,local,天津卷,done,../papers/2011/生物/天津/天津理综/2011_生物_天津理综_原卷.pdf,../papers/2011/生物/天津/天津理综/2011_生物_天津理综_OCR与考点.md,,pypdf,6
2011,生物,河北,老高考,2021,全国卷,common,河北卷,done,../papers/2011/生物/全国/河北理综/2011_生物_河北理综_原卷.pdf,../papers/2011/生物/全国/河北理综/2011_生物_河北理综_OCR与考点.md,,pypdf,5
2011,生物,山西,老高考,2025,全国卷,common,山西卷,done,../papers/2011/生物/全国/山西理综/2011_生物_山西理综_原卷.pdf,../papers/2011/生物/全国/山西理综/2011_生物_山西理综_OCR与考点.md,,pypdf,5
2011,生物,内蒙古,老高考,2025,全国卷,common,全国Ⅱ卷,done,../papers/2011/生物/全国/全国Ⅱ卷理综/2011_生物_全国Ⅱ卷理综_原卷.pdf,../papers/2011/生物/全国/全国Ⅱ卷理综/2011_生物_全国Ⅱ卷理综_OCR与考点.md,,pypdf,3
2011,生物,辽宁,老高考,2021,全国卷,common,辽宁卷,done,../papers/2011/生物/全国/辽宁理综/2011_生物_辽宁理综_原卷.pdf,../papers/2011/生物/全国/辽宁理综/2011_生物_辽宁理综_OCR与考点.md,,pypdf,5
2011,生物,吉林,老高考,2024,全国卷,common,吉林卷,done,../papers/2011/生物/全国/吉林理综/2011_生物_吉林理综_原卷.pdf,../papers/2011/生物/全国/吉林理综/2011_生物_吉林理综_OCR与考点.md,,pypdf,5
2011,生物,黑龙江,老高考,2024,全国卷,common,黑龙江卷,done,../papers/2011/生物/全国/黑龙江理综/2011_生物_黑龙江理综_原卷.pdf,../papers/2011/生物/全国/黑龙江理综/2011_生物_黑龙江理综_OCR与考点.md,,pypdf,5
2011,生物,上海,老高考,2017,地方/区域卷,local,上海卷,done,../papers/2011/生物/上海/上海理综/2011_生物_上海理综_原卷.pdf,../papers/2011/生物/上海/上海理综/2011_生物_上海理综_OCR与考点.md,,pypdf,13
2011,生物,江苏,老高考,2021,地方/区域卷,local,江苏卷,done,../papers/2011/生物/江苏/江苏理综/2011_生物_江苏理综_原卷.pdf,../papers/2011/生物/江苏/江苏理综/2011_生物_江苏理综_OCR与考点.md,,pypdf,13
2011,生物,浙江,老高考,2017,地方/区域卷,local,浙江卷,done,../papers/2011/生物/浙江/浙江理综/2011_生物_浙江理综_原卷.pdf,../papers/2011/生物/浙江/浙江理综/2011_生物_浙江理综_OCR与考点.md,,pypdf,4
2011,生物,安徽,老高考,2024,,missing,,missing,,,,,
2011,生物,福建,老高考,2021,,missing,,missing,,,,,
2011,生物,江西,老高考,2024,全国卷,common,江西卷,done,../papers/2011/生物/全国/江西理综/2011_生物_江西理综_原卷.pdf,../papers/2011/生物/全国/江西理综/2011_生物_江西理综_OCR与考点.md,,pypdf,5
2011,生物,山东,老高考,2020,地方/区域卷,local,山东卷,done,../papers/2011/生物/山东/山东理综/2011_生物_山东理综_原卷.pdf,../papers/2011/生物/山东/山东理综/2011_生物_山东理综_OCR与考点.md,,pypdf,5
2011,生物,河南,老高考,2025,全国卷,common,河南卷,done,../papers/2011/生物/全国/河南理综/2011_生物_河南理综_原卷.pdf,../papers/2011/生物/全国/河南理综/2011_生物_河南理综_OCR与考点.md,,pypdf,5
2011,生物,湖北,老高考,2021,全国卷,common,湖北卷,done,../papers/2011/生物/全国/湖北理综/2011_生物_湖北理综_原卷.pdf,../papers/2011/生物/全国/湖北理综/2011_生物_湖北理综_OCR与考点.md,,pypdf,5
2011,生物,湖南,老高考,2021,全国卷,common,湖南卷,done,../papers/2011/生物/全国/湖南理综/2011_生物_湖南理综_原卷.pdf,../papers/2011/生物/全国/湖南理综/2011_生物_湖南理综_OCR与考点.md,,pypdf,5
2011,生物,广东,老高考,2021,地方/区域卷,local,广东卷,done,../papers/2011/生物/广东/广东理综/2011_生物_广东理综_原卷.pdf,../papers/2011/生物/广东/广东理综/2011_生物_广东理综_OCR与考点.md,,pypdf,4
2011,生物,广西,老高考,2024,全国卷,common,广西卷,done,../papers/2011/生物/全国/广西理综/2011_生物_广西理综_原卷.pdf,../papers/2011/生物/全国/广西理综/2011_生物_广西理综_OCR与考点.md,,pypdf,5
2011,生物,海南,老高考,2020,地方/区域卷,local,海南卷,done,../papers/2011/生物/海南/海南理综/2011_生物_海南理综_原卷.pdf,../papers/2011/生物/海南/海南理综/2011_生物_海南理综_OCR与考点.md,,pypdf,7
2011,生物,重庆,老高考,2021,,missing,,missing,,,,,
2011,生物,四川,老高考,2025,地方/区域卷,local,四川卷,done,../papers/2011/生物/四川/四川理综/2011_生物_四川理综_原卷.pdf,../papers/2011/生物/四川/四川理综/2011_生物_四川理综_OCR与考点.md,,pypdf,5
2011,生物,贵州,老高考,2024,全国卷,common,全国Ⅱ卷,done,../papers/2011/生物/全国/全国Ⅱ卷理综/2011_生物_全国Ⅱ卷理综_原卷.pdf,../papers/2011/生物/全国/全国Ⅱ卷理综/2011_生物_全国Ⅱ卷理综_OCR与考点.md,,pypdf,3
2011,生物,云南,老高考,2025,全国卷,common,云南卷,done,../papers/2011/生物/全国/云南理综/2011_生物_云南理综_原卷.pdf,../papers/2011/生物/全国/云南理综/2011_生物_云南理综_OCR与考点.md,,pypdf,5
2011,生物,西藏,老高考,,全国卷,common,西藏卷,done,../papers/2011/生物/全国/西藏理综/2011_生物_西藏理综_原卷.pdf,../papers/2011/生物/全国/西藏理综/2011_生物_西藏理综_OCR与考点.md,,pypdf,5
2011,生物,陕西,老高考,2025,全国卷,common,陕西卷,done,../papers/2011/生物/全国/陕西理综/2011_生物_陕西理综_原卷.pdf,../papers/2011/生物/全国/陕西理综/2011_生物_陕西理综_OCR与考点.md,,pypdf,5
2011,生物,甘肃,老高考,2024,全国卷,common,全国Ⅱ卷,done,../papers/2011/生物/全国/全国Ⅱ卷理综/2011_生物_全国Ⅱ卷理综_原卷.pdf,../papers/2011/生物/全国/全国Ⅱ卷理综/2011_生物_全国Ⅱ卷理综_OCR与考点.md,,pypdf,3
2011,生物,青海,老高考,2025,全国卷,common,全国Ⅱ卷,done,../papers/2011/生物/全国/全国Ⅱ卷理综/2011_生物_全国Ⅱ卷理综_原卷.pdf,../papers/2011/生物/全国/全国Ⅱ卷理综/2011_生物_全国Ⅱ卷理综_OCR与考点.md,,pypdf,3
2011,生物,宁夏,老高考,2025,全国卷,common,宁夏卷,done,../papers/2011/生物/全国/宁夏理综/2011_生物_宁夏理综_原卷.pdf,../papers/2011/生物/全国/宁夏理综/2011_生物_宁夏理综_OCR与考点.md,,pypdf,5
2011,生物,新疆,老高考,,全国卷,common,新疆卷,done,../papers/2011/生物/全国/新疆理综/2011_生物_新疆理综_原卷.pdf,../papers/2011/生物/全国/新疆理综/2011_生物_新疆理综_OCR与考点.md,,pypdf,5
2011,政治,北京,老高考,2020,地方/区域卷,local,北京卷,done,../papers/2011/政治/北京/北京文综/2011_政治_北京文综_原卷.pdf,../papers/2011/政治/北京/北京文综/2011_政治_北京文综_OCR与考点.md,,pypdf,7
2011,政治,天津,老高考,2020,地方/区域卷,local,天津卷,done,../papers/2011/政治/天津/天津文综/2011_政治_天津文综_原卷.pdf,../papers/2011/政治/天津/天津文综/2011_政治_天津文综_OCR与考点.md,,pypdf,5
2011,政治,河北,老高考,2021,全国卷,common,河北卷,done,../papers/2011/政治/全国/河北文综/2011_政治_河北文综_原卷.pdf,../papers/2011/政治/全国/河北文综/2011_政治_河北文综_OCR与考点.md,,pypdf,6
2011,政治,山西,老高考,2025,全国卷,common,山西卷,done,../papers/2011/政治/全国/山西文综/2011_政治_山西文综_原卷.pdf,../papers/2011/政治/全国/山西文综/2011_政治_山西文综_OCR与考点.md,,pypdf,6
2011,政治,内蒙古,老高考,2025,全国卷,common,全国Ⅱ卷,done,../papers/2011/政治/全国/全国Ⅱ卷文综/2011_政治_全国Ⅱ卷文综_原卷.pdf,../papers/2011/政治/全国/全国Ⅱ卷文综/2011_政治_全国Ⅱ卷文综_OCR与考点.md,,pypdf,7
2011,政治,辽宁,老高考,2021,全国卷,common,辽宁卷,done,../papers/2011/政治/全国/辽宁文综/2011_政治_辽宁文综_原卷.pdf,../papers/2011/政治/全国/辽宁文综/2011_政治_辽宁文综_OCR与考点.md,,pypdf,6
2011,政治,吉林,老高考,2024,全国卷,common,吉林卷,done,../papers/2011/政治/全国/吉林文综/2011_政治_吉林文综_原卷.pdf,../papers/2011/政治/全国/吉林文综/2011_政治_吉林文综_OCR与考点.md,,pypdf,6
2011,政治,黑龙江,老高考,2024,全国卷,common,黑龙江卷,done,../papers/2011/政治/全国/黑龙江文综/2011_政治_黑龙江文综_原卷.pdf,../papers/2011/政治/全国/黑龙江文综/2011_政治_黑龙江文综_OCR与考点.md,,pypdf,6
2011,政治,上海,老高考,2017,地方/区域卷,local,上海卷,done,../papers/2011/政治/上海/上海文综/2011_政治_上海文综_原卷.pdf,../papers/2011/政治/上海/上海文综/2011_政治_上海文综_OCR与考点.md,,pypdf,8
2011,政治,江苏,老高考,2021,地方/区域卷,local,江苏卷,done,../papers/2011/政治/江苏/江苏文综/2011_政治_江苏文综_原卷.pdf,../papers/2011/政治/江苏/江苏文综/2011_政治_江苏文综_OCR与考点.md,,pypdf,10
2011,政治,浙江,老高考,2017,地方/区域卷,local,浙江卷,done,../papers/2011/政治/浙江/浙江文综/2011_政治_浙江文综_原卷.pdf,../papers/2011/政治/浙江/浙江文综/2011_政治_浙江文综_OCR与考点.md,,pypdf,4
2011,政治,安徽,老高考,2024,,missing,,missing,,,,,
2011,政治,福建,老高考,2021,,missing,,missing,,,,,
2011,政治,江西,老高考,2024,全国卷,common,江西卷,done,../papers/2011/政治/全国/江西文综/2011_政治_江西文综_原卷.pdf,../papers/2011/政治/全国/江西文综/2011_政治_江西文综_OCR与考点.md,,pypdf,6
2011,政治,山东,老高考,2020,地方/区域卷,local,山东卷,done,../papers/2011/政治/山东/山东文综/2011_政治_山东文综_原卷.pdf,../papers/2011/政治/山东/山东文综/2011_政治_山东文综_OCR与考点.md,,pypdf,3
2011,政治,河南,老高考,2025,全国卷,common,河南卷,done,../papers/2011/政治/全国/河南文综/2011_政治_河南文综_原卷.pdf,../papers/2011/政治/全国/河南文综/2011_政治_河南文综_OCR与考点.md,,pypdf,6
2011,政治,湖北,老高考,2021,全国卷,common,湖北卷,done,../papers/2011/政治/全国/湖北文综/2011_政治_湖北文综_原卷.pdf,../papers/2011/政治/全国/湖北文综/2011_政治_湖北文综_OCR与考点.md,,pypdf,6
2011,政治,湖南,老高考,2021,全国卷,common,湖南卷,done,../papers/2011/政治/全国/湖南文综/2011_政治_湖南文综_原卷.pdf,../papers/2011/政治/全国/湖南文综/2011_政治_湖南文综_OCR与考点.md,,pypdf,6
2011,政治,广东,老高考,2021,地方/区域卷,local,广东卷,done,../papers/2011/政治/广东/广东文综/2011_政治_广东文综_原卷.pdf,../papers/2011/政治/广东/广东文综/2011_政治_广东文综_OCR与考点.md,,pypdf,4
2011,政治,广西,老高考,2024,全国卷,common,广西卷,done,../papers/2011/政治/全国/广西文综/2011_政治_广西文综_原卷.pdf,../papers/2011/政治/全国/广西文综/2011_政治_广西文综_OCR与考点.md,,pypdf,6
2011,政治,海南,老高考,2020,地方/区域卷,local,海南卷,done,../papers/2011/政治/海南/海南文综/2011_政治_海南文综_原卷.pdf,../papers/2011/政治/海南/海南文综/2011_政治_海南文综_OCR与考点.md,,pypdf,7
2011,政治,重庆,老高考,2021,,missing,,missing,,,,,
2011,政治,四川,老高考,2025,地方/区域卷,local,四川卷,done,../papers/2011/政治/四川/四川文综/2011_政治_四川文综_原卷.pdf,../papers/2011/政治/四川/四川文综/2011_政治_四川文综_OCR与考点.md,,pypdf,4
2011,政治,贵州,老高考,2024,全国卷,common,全国Ⅱ卷,done,../papers/2011/政治/全国/全国Ⅱ卷文综/2011_政治_全国Ⅱ卷文综_原卷.pdf,../papers/2011/政治/全国/全国Ⅱ卷文综/2011_政治_全国Ⅱ卷文综_OCR与考点.md,,pypdf,7
2011,政治,云南,老高考,2025,全国卷,common,云南卷,done,../papers/2011/政治/全国/云南文综/2011_政治_云南文综_原卷.pdf,../papers/2011/政治/全国/云南文综/2011_政治_云南文综_OCR与考点.md,,pypdf,6
2011,政治,西藏,老高考,,全国卷,common,西藏卷,done,../papers/2011/政治/全国/西藏文综/2011_政治_西藏文综_原卷.pdf,../papers/2011/政治/全国/西藏文综/2011_政治_西藏文综_OCR与考点.md,,pypdf,6
2011,政治,陕西,老高考,2025,全国卷,common,陕西卷,done,../papers/2011/政治/全国/陕西文综/2011_政治_陕西文综_原卷.pdf,../papers/2011/政治/全国/陕西文综/2011_政治_陕西文综_OCR与考点.md,,pypdf,6
2011,政治,甘肃,老高考,2024,全国卷,common,全国Ⅱ卷,done,../papers/2011/政治/全国/全国Ⅱ卷文综/2011_政治_全国Ⅱ卷文综_原卷.pdf,../papers/2011/政治/全国/全国Ⅱ卷文综/2011_政治_全国Ⅱ卷文综_OCR与考点.md,,pypdf,7
2011,政治,青海,老高考,2025,全国卷,common,全国Ⅱ卷,done,../papers/2011/政治/全国/全国Ⅱ卷文综/2011_政治_全国Ⅱ卷文综_原卷.pdf,../papers/2011/政治/全国/全国Ⅱ卷文综/2011_政治_全国Ⅱ卷文综_OCR与考点.md,,pypdf,7
2011,政治,宁夏,老高考,2025,全国卷,common,宁夏卷,done,../papers/2011/政治/全国/宁夏文综/2011_政治_宁夏文综_原卷.pdf,../papers/2011/政治/全国/宁夏文综/2011_政治_宁夏文综_OCR与考点.md,,pypdf,6
2011,政治,新疆,老高考,,全国卷,common,新疆卷,done,../papers/2011/政治/全国/新疆文综/2011_政治_新疆文综_原卷.pdf,../papers/2011/政治/全国/新疆文综/2011_政治_新疆文综_OCR与考点.md,,pypdf,6
2011,历史,北京,老高考,2020,地方/区域卷,local,北京卷,done,../papers/2011/历史/北京/北京文综/2011_历史_北京文综_原卷.pdf,../papers/2011/历史/北京/北京文综/2011_历史_北京文综_OCR与考点.md,,pypdf,6
2011,历史,天津,老高考,2020,地方/区域卷,local,天津卷,done,../papers/2011/历史/天津/天津文综/2011_历史_天津文综_原卷.pdf,../papers/2011/历史/天津/天津文综/2011_历史_天津文综_OCR与考点.md,,pypdf,7
2011,历史,河北,老高考,2021,全国卷,common,河北卷,done,../papers/2011/历史/全国/河北文综/2011_历史_河北文综_原卷.pdf,../papers/2011/历史/全国/河北文综/2011_历史_河北文综_OCR与考点.md,,pypdf,10
2011,历史,山西,老高考,2025,全国卷,common,山西卷,done,../papers/2011/历史/全国/山西文综/2011_历史_山西文综_原卷.pdf,../papers/2011/历史/全国/山西文综/2011_历史_山西文综_OCR与考点.md,,pypdf,10
2011,历史,内蒙古,老高考,2025,全国卷,common,内蒙古卷,done,../papers/2011/历史/全国/内蒙古文综/2011_历史_内蒙古文综_原卷.pdf,../papers/2011/历史/全国/内蒙古文综/2011_历史_内蒙古文综_OCR与考点.md,,pypdf,6
2011,历史,辽宁,老高考,2021,全国卷,common,辽宁卷,done,../papers/2011/历史/全国/辽宁文综/2011_历史_辽宁文综_原卷.pdf,../papers/2011/历史/全国/辽宁文综/2011_历史_辽宁文综_OCR与考点.md,,pypdf,10
2011,历史,吉林,老高考,2024,全国卷,common,吉林卷,done,../papers/2011/历史/全国/吉林文综/2011_历史_吉林文综_原卷.pdf,../papers/2011/历史/全国/吉林文综/2011_历史_吉林文综_OCR与考点.md,,pypdf,10
2011,历史,黑龙江,老高考,2024,全国卷,common,黑龙江卷,done,../papers/2011/历史/全国/黑龙江文综/2011_历史_黑龙江文综_原卷.pdf,../papers/2011/历史/全国/黑龙江文综/2011_历史_黑龙江文综_OCR与考点.md,,pypdf,10
2011,历史,上海,老高考,2017,地方/区域卷,local,上海卷,done,../papers/2011/历史/上海/上海文综/2011_历史_上海文综_原卷.pdf,../papers/2011/历史/上海/上海文综/2011_历史_上海文综_OCR与考点.md,,pypdf,10
2011,历史,江苏,老高考,2021,地方/区域卷,local,江苏卷,done,../papers/2011/历史/江苏/江苏文综/2011_历史_江苏文综_原卷.pdf,../papers/2011/历史/江苏/江苏文综/2011_历史_江苏文综_OCR与考点.md,,pypdf,11
2011,历史,浙江,老高考,2017,地方/区域卷,local,浙江卷,done,../papers/2011/历史/浙江/浙江文综/2011_历史_浙江文综_原卷.pdf,../papers/2011/历史/浙江/浙江文综/2011_历史_浙江文综_OCR与考点.md,,pypdf,5
2011,历史,安徽,老高考,2024,,missing,,missing,,,,,
2011,历史,福建,老高考,2021,,missing,,missing,,,,,
2011,历史,江西,老高考,2024,全国卷,common,江西卷,done,../papers/2011/历史/全国/江西文综/2011_历史_江西文综_原卷.pdf,../papers/2011/历史/全国/江西文综/2011_历史_江西文综_OCR与考点.md,,pypdf,10
2011,历史,山东,老高考,2020,地方/区域卷,local,山东卷,done,../papers/2011/历史/山东/山东文综/2011_历史_山东文综_原卷.pdf,../papers/2011/历史/山东/山东文综/2011_历史_山东文综_OCR与考点.md,,pypdf,6
2011,历史,河南,老高考,2025,全国卷,common,河南卷,done,../papers/2011/历史/全国/河南文综/2011_历史_河南文综_原卷.pdf,../papers/2011/历史/全国/河南文综/2011_历史_河南文综_OCR与考点.md,,pypdf,10
2011,历史,湖北,老高考,2021,全国卷,common,湖北卷,done,../papers/2011/历史/全国/湖北文综/2011_历史_湖北文综_原卷.pdf,../papers/2011/历史/全国/湖北文综/2011_历史_湖北文综_OCR与考点.md,,pypdf,10
2011,历史,湖南,老高考,2021,全国卷,common,湖南卷,done,../papers/2011/历史/全国/湖南文综/2011_历史_湖南文综_原卷.pdf,../papers/2011/历史/全国/湖南文综/2011_历史_湖南文综_OCR与考点.md,,pypdf,10
2011,历史,广东,老高考,2021,地方/区域卷,local,广东卷,done,../papers/2011/历史/广东/广东文综/2011_历史_广东文综_原卷.pdf,../papers/2011/历史/广东/广东文综/2011_历史_广东文综_OCR与考点.md,,pypdf,4
2011,历史,广西,老高考,2024,全国卷,common,广西卷,done,../papers/2011/历史/全国/广西文综/2011_历史_广西文综_原卷.pdf,../papers/2011/历史/全国/广西文综/2011_历史_广西文综_OCR与考点.md,,pypdf,10
2011,历史,海南,老高考,2020,地方/区域卷,local,海南卷,done,../papers/2011/历史/海南/海南文综/2011_历史_海南文综_原卷.pdf,../papers/2011/历史/海南/海南文综/2011_历史_海南文综_OCR与考点.md,,pypdf,11
2011,历史,重庆,老高考,2021,,missing,,missing,,,,,
2011,历史,四川,老高考,2025,地方/区域卷,local,四川卷,done,../papers/2011/历史/四川/四川文综/2011_历史_四川文综_原卷.pdf,../papers/2011/历史/四川/四川文综/2011_历史_四川文综_OCR与考点.md,,pypdf,4
2011,历史,贵州,老高考,2024,,missing,,missing,,,,,
2011,历史,云南,老高考,2025,全国卷,common,云南卷,done,../papers/2011/历史/全国/云南文综/2011_历史_云南文综_原卷.pdf,../papers/2011/历史/全国/云南文综/2011_历史_云南文综_OCR与考点.md,,pypdf,10
2011,历史,西藏,老高考,,全国卷,common,西藏卷,done,../papers/2011/历史/全国/西藏文综/2011_历史_西藏文综_原卷.pdf,../papers/2011/历史/全国/西藏文综/2011_历史_西藏文综_OCR与考点.md,,pypdf,10
2011,历史,陕西,老高考,2025,全国卷,common,陕西卷,done,../papers/2011/历史/全国/陕西文综/2011_历史_陕西文综_原卷.pdf,../papers/2011/历史/全国/陕西文综/2011_历史_陕西文综_OCR与考点.md,,pypdf,10
2011,历史,甘肃,老高考,2024,全国卷,common,甘肃卷,done,../papers/2011/历史/全国/甘肃文综/2011_历史_甘肃文综_原卷.pdf,../papers/2011/历史/全国/甘肃文综/2011_历史_甘肃文综_OCR与考点.md,,pypdf,6
2011,历史,青海,老高考,2025,全国卷,common,青海卷,done,../papers/2011/历史/全国/青海文综/2011_历史_青海文综_原卷.pdf,../papers/2011/历史/全国/青海文综/2011_历史_青海文综_OCR与考点.md,,pypdf,6
2011,历史,宁夏,老高考,2025,全国卷,common,宁夏卷,done,../papers/2011/历史/全国/宁夏文综/2011_历史_宁夏文综_原卷.pdf,../papers/2011/历史/全国/宁夏文综/2011_历史_宁夏文综_OCR与考点.md,,pypdf,10
2011,历史,新疆,老高考,,全国卷,common,新疆卷,done,../papers/2011/历史/全国/新疆文综/2011_历史_新疆文综_原卷.pdf,../papers/2011/历史/全国/新疆文综/2011_历史_新疆文综_OCR与考点.md,,pypdf,10
2011,地理,北京,老高考,2020,地方/区域卷,local,北京卷,done,../papers/2011/地理/北京/北京文综/2011_地理_北京文综_原卷.pdf,../papers/2011/地理/北京/北京文综/2011_地理_北京文综_OCR与考点.md,,pypdf,6
2011,地理,天津,老高考,2020,地方/区域卷,local,天津卷,done,../papers/2011/地理/天津/天津文综/2011_地理_天津文综_原卷.pdf,../papers/2011/地理/天津/天津文综/2011_地理_天津文综_OCR与考点.md,,pypdf,6
2011,地理,河北,老高考,2021,全国卷,common,河北卷,done,../papers/2011/地理/全国/河北文综/2011_地理_河北文综_原卷.pdf,../papers/2011/地理/全国/河北文综/2011_地理_河北文综_OCR与考点.md,,pypdf,6
2011,地理,山西,老高考,2025,全国卷,common,山西卷,done,../papers/2011/地理/全国/山西文综/2011_地理_山西文综_原卷.pdf,../papers/2011/地理/全国/山西文综/2011_地理_山西文综_OCR与考点.md,,pypdf,6
2011,地理,内蒙古,老高考,2025,全国卷,common,内蒙古卷,done,../papers/2011/地理/全国/内蒙古文综/2011_地理_内蒙古文综_原卷.pdf,../papers/2011/地理/全国/内蒙古文综/2011_地理_内蒙古文综_OCR与考点.md,,pypdf,5
2011,地理,辽宁,老高考,2021,全国卷,common,辽宁卷,done,../papers/2011/地理/全国/辽宁文综/2011_地理_辽宁文综_原卷.pdf,../papers/2011/地理/全国/辽宁文综/2011_地理_辽宁文综_OCR与考点.md,,pypdf,6
2011,地理,吉林,老高考,2024,全国卷,common,吉林卷,done,../papers/2011/地理/全国/吉林文综/2011_地理_吉林文综_原卷.pdf,../papers/2011/地理/全国/吉林文综/2011_地理_吉林文综_OCR与考点.md,,pypdf,6
2011,地理,黑龙江,老高考,2024,全国卷,common,黑龙江卷,done,../papers/2011/地理/全国/黑龙江文综/2011_地理_黑龙江文综_原卷.pdf,../papers/2011/地理/全国/黑龙江文综/2011_地理_黑龙江文综_OCR与考点.md,,pypdf,6
2011,地理,上海,老高考,2017,地方/区域卷,local,上海卷,done,../papers/2011/地理/上海/上海文综/2011_地理_上海文综_原卷.pdf,../papers/2011/地理/上海/上海文综/2011_地理_上海文综_OCR与考点.md,,pypdf,15
2011,地理,江苏,老高考,2021,地方/区域卷,local,江苏卷,done,../papers/2011/地理/江苏/江苏文综/2011_地理_江苏文综_原卷.pdf,../papers/2011/地理/江苏/江苏文综/2011_地理_江苏文综_OCR与考点.md,,pypdf,17
2011,地理,浙江,老高考,2017,地方/区域卷,local,浙江卷,done,../papers/2011/地理/浙江/浙江文综/2011_地理_浙江文综_原卷.pdf,../papers/2011/地理/浙江/浙江文综/2011_地理_浙江文综_OCR与考点.md,,pypdf,5
2011,地理,安徽,老高考,2024,,missing,,missing,,,,,
2011,地理,福建,老高考,2021,,missing,,missing,,,,,
2011,地理,江西,老高考,2024,全国卷,common,江西卷,done,../papers/2011/地理/全国/江西文综/2011_地理_江西文综_原卷.pdf,../papers/2011/地理/全国/江西文综/2011_地理_江西文综_OCR与考点.md,,pypdf,6
2011,地理,山东,老高考,2020,地方/区域卷,local,山东卷,done,../papers/2011/地理/山东/山东文综/2011_地理_山东文综_原卷.pdf,../papers/2011/地理/山东/山东文综/2011_地理_山东文综_OCR与考点.md,,pypdf,6
2011,地理,河南,老高考,2025,全国卷,common,河南卷,done,../papers/2011/地理/全国/河南文综/2011_地理_河南文综_原卷.pdf,../papers/2011/地理/全国/河南文综/2011_地理_河南文综_OCR与考点.md,,pypdf,6
2011,地理,湖北,老高考,2021,全国卷,common,湖北卷,done,../papers/2011/地理/全国/湖北文综/2011_地理_湖北文综_原卷.pdf,../papers/2011/地理/全国/湖北文综/2011_地理_湖北文综_OCR与考点.md,,pypdf,6
2011,地理,湖南,老高考,2021,全国卷,common,湖南卷,done,../papers/2011/地理/全国/湖南文综/2011_地理_湖南文综_原卷.pdf,../papers/2011/地理/全国/湖南文综/2011_地理_湖南文综_OCR与考点.md,,pypdf,6
2011,地理,广东,老高考,2021,地方/区域卷,local,广东卷,done,../papers/2011/地理/广东/广东文综/2011_地理_广东文综_原卷.pdf,../papers/2011/地理/广东/广东文综/2011_地理_广东文综_OCR与考点.md,,pypdf,6
2011,地理,广西,老高考,2024,全国卷,common,广西卷,done,../papers/2011/地理/全国/广西文综/2011_地理_广西文综_原卷.pdf,../papers/2011/地理/全国/广西文综/2011_地理_广西文综_OCR与考点.md,,pypdf,6
2011,地理,海南,老高考,2020,地方/区域卷,local,海南卷,done,../papers/2011/地理/海南/海南文综/2011_地理_海南文综_原卷.pdf,../papers/2011/地理/海南/海南文综/2011_地理_海南文综_OCR与考点.md,,pypdf,7
2011,地理,重庆,老高考,2021,,missing,,missing,,,,,
2011,地理,四川,老高考,2025,地方/区域卷,local,四川卷,done,../papers/2011/地理/四川/四川文综/2011_地理_四川文综_原卷.pdf,../papers/2011/地理/四川/四川文综/2011_地理_四川文综_OCR与考点.md,,pypdf,7
2011,地理,贵州,老高考,2024,全国卷,common,贵州卷,done,../papers/2011/地理/全国/贵州文综/2011_地理_贵州文综_原卷.pdf,../papers/2011/地理/全国/贵州文综/2011_地理_贵州文综_OCR与考点.md,,pypdf,5
2011,地理,云南,老高考,2025,全国卷,common,云南卷,done,../papers/2011/地理/全国/云南文综/2011_地理_云南文综_原卷.pdf,../papers/2011/地理/全国/云南文综/2011_地理_云南文综_OCR与考点.md,,pypdf,6
2011,地理,西藏,老高考,,全国卷,common,西藏卷,done,../papers/2011/地理/全国/西藏文综/2011_地理_西藏文综_原卷.pdf,../papers/2011/地理/全国/西藏文综/2011_地理_西藏文综_OCR与考点.md,,pypdf,6
2011,地理,陕西,老高考,2025,全国卷,common,陕西卷,done,../papers/2011/地理/全国/陕西文综/2011_地理_陕西文综_原卷.pdf,../papers/2011/地理/全国/陕西文综/2011_地理_陕西文综_OCR与考点.md,,pypdf,6
2011,地理,甘肃,老高考,2024,全国卷,common,甘肃卷,done,../papers/2011/地理/全国/甘肃文综/2011_地理_甘肃文综_原卷.pdf,../papers/2011/地理/全国/甘肃文综/2011_地理_甘肃文综_OCR与考点.md,,pypdf,5
2011,地理,青海,老高考,2025,全国卷,common,青海卷,done,../papers/2011/地理/全国/青海文综/2011_地理_青海文综_原卷.pdf,../papers/2011/地理/全国/青海文综/2011_地理_青海文综_OCR与考点.md,,pypdf,5
2011,地理,宁夏,老高考,2025,全国卷,common,宁夏卷,done,../papers/2011/地理/全国/宁夏文综/2011_地理_宁夏文综_原卷.pdf,../papers/2011/地理/全国/宁夏文综/2011_地理_宁夏文综_OCR与考点.md,,pypdf,6
2011,地理,新疆,老高考,,全国卷,common,新疆卷,done,../papers/2011/地理/全国/新疆文综/2011_地理_新疆文综_原卷.pdf,../papers/2011/地理/全国/新疆文综/2011_地理_新疆文综_OCR与考点.md,,pypdf,6
2012,语文,北京,老高考,2020,地方/区域卷,local,北京卷,pdf_only,../papers/2012/语文/北京/北京卷/2012_语文_北京卷_原卷.pdf,,,,
2012,语文,天津,老高考,2020,地方/区域卷,local,天津卷,pdf_only,../papers/2012/语文/天津/天津卷/2012_语文_天津卷_原卷.pdf,,,,
2012,语文,河北,老高考,2021,全国卷,common,河北卷,pdf_only,../papers/2012/语文/全国/河北卷/2012_语文_河北卷_原卷.pdf,,,,
2012,语文,山西,老高考,2025,全国卷,common,山西卷,pdf_only,../papers/2012/语文/全国/山西卷/2012_语文_山西卷_原卷.pdf,,,,
2012,语文,内蒙古,老高考,2025,全国卷,common,内蒙古卷,pdf_only,../papers/2012/语文/全国/内蒙古卷/2012_语文_内蒙古卷_原卷.pdf,,,,
2012,语文,辽宁,老高考,2021,地方/区域卷,local,辽宁卷,pdf_only,../papers/2012/语文/辽宁/辽宁卷/2012_语文_辽宁卷_原卷.pdf,,,,
2012,语文,吉林,老高考,2024,全国卷,common,吉林卷,pdf_only,../papers/2012/语文/全国/吉林卷/2012_语文_吉林卷_原卷.pdf,,,,
2012,语文,黑龙江,老高考,2024,全国卷,common,黑龙江卷,pdf_only,../papers/2012/语文/全国/黑龙江卷/2012_语文_黑龙江卷_原卷.pdf,,,,
2012,语文,上海,老高考,2017,地方/区域卷,local,上海卷,pdf_only,../papers/2012/语文/上海/上海卷/2012_语文_上海卷_原卷.pdf,,,,
2012,语文,江苏,老高考,2021,地方/区域卷,local,江苏卷,pdf_only,../papers/2012/语文/江苏/江苏卷/2012_语文_江苏卷_原卷.pdf,,,,
2012,语文,浙江,老高考,2017,地方/区域卷,local,浙江卷,pdf_only,../papers/2012/语文/浙江/浙江卷/2012_语文_浙江卷_原卷.pdf,,,,
2012,语文,安徽,老高考,2024,地方/区域卷,local,安徽卷,pdf_only,../papers/2012/语文/安徽/安徽卷/2012_语文_安徽卷_原卷.pdf,,,,
2012,语文,福建,老高考,2021,地方/区域卷,local,福建卷,pdf_only,../papers/2012/语文/福建/福建卷/2012_语文_福建卷_原卷.pdf,,,,
2012,语文,江西,老高考,2024,地方/区域卷,local,江西卷,pdf_only,../papers/2012/语文/江西/江西卷/2012_语文_江西卷_原卷.pdf,,,,
2012,语文,山东,老高考,2020,地方/区域卷,local,山东卷,pdf_only,../papers/2012/语文/山东/山东卷/2012_语文_山东卷_原卷.pdf,,,,
2012,语文,河南,老高考,2025,全国卷,common,河南卷,pdf_only,../papers/2012/语文/全国/河南卷/2012_语文_河南卷_原卷.pdf,,,,
2012,语文,湖北,老高考,2021,地方/区域卷,local,湖北卷,pdf_only,../papers/2012/语文/湖北/湖北卷/2012_语文_湖北卷_原卷.pdf,,,,
2012,语文,湖南,老高考,2021,地方/区域卷,local,湖南卷,pdf_only,../papers/2012/语文/湖南/湖南卷/2012_语文_湖南卷_原卷.pdf,,,,
2012,语文,广东,老高考,2021,地方/区域卷,local,广东卷,pdf_only,../papers/2012/语文/广东/广东卷/2012_语文_广东卷_原卷.pdf,,,,
2012,语文,广西,老高考,2024,地方/区域卷,local,广西卷,pdf_only,../papers/2012/语文/广西/广西卷/2012_语文_广西卷_原卷.pdf,,,,
2012,语文,海南,老高考,2020,全国卷,common,海南卷,pdf_only,../papers/2012/语文/全国/海南卷/2012_语文_海南卷_原卷.pdf,,,,
2012,语文,重庆,老高考,2021,地方/区域卷,local,重庆卷,pdf_only,../papers/2012/语文/重庆/重庆卷/2012_语文_重庆卷_原卷.pdf,,,,
2012,语文,四川,老高考,2025,地方/区域卷,local,四川卷,pdf_only,../papers/2012/语文/四川/四川卷/2012_语文_四川卷_原卷.pdf,,,,
2012,语文,贵州,老高考,2024,地方/区域卷,local,贵州卷,pdf_only,../papers/2012/语文/贵州/贵州卷/2012_语文_贵州卷_原卷.pdf,,,,
2012,语文,云南,老高考,2025,全国卷,common,云南卷,pdf_only,../papers/2012/语文/全国/云南卷/2012_语文_云南卷_原卷.pdf,,,,
2012,语文,西藏,老高考,,地方/区域卷,local,西藏卷,pdf_only,../papers/2012/语文/西藏/西藏卷/2012_语文_西藏卷_原卷.pdf,,,,
2012,语文,陕西,老高考,2025,全国卷,common,陕西卷,pdf_only,../papers/2012/语文/全国/陕西卷/2012_语文_陕西卷_原卷.pdf,,,,
2012,语文,甘肃,老高考,2024,地方/区域卷,local,甘肃卷,pdf_only,../papers/2012/语文/甘肃/甘肃卷/2012_语文_甘肃卷_原卷.pdf,,,,
2012,语文,青海,老高考,2025,地方/区域卷,local,青海卷,pdf_only,../papers/2012/语文/青海/青海卷/2012_语文_青海卷_原卷.pdf,,,,
2012,语文,宁夏,老高考,2025,全国卷,common,宁夏卷,pdf_only,../papers/2012/语文/全国/宁夏卷/2012_语文_宁夏卷_原卷.pdf,,,,
2012,语文,新疆,老高考,,全国卷,common,新疆卷,pdf_only,../papers/2012/语文/全国/新疆卷/2012_语文_新疆卷_原卷.pdf,,,,
2012,数学,北京,老高考,2020,地方/区域卷,local,北京卷,done,../papers/2012/数学/北京/北京卷/2012_数学_北京卷_原卷.pdf,../papers/2012/数学/北京/北京卷/2012_数学_北京卷_OCR与考点.md,,pypdf,6
2012,数学,天津,老高考,2020,地方/区域卷,local,天津卷,done,../papers/2012/数学/天津/天津卷/2012_数学_天津卷_原卷.pdf,../papers/2012/数学/天津/天津卷/2012_数学_天津卷_OCR与考点.md,,pypdf,3
2012,数学,河北,老高考,2021,全国卷,common,河北卷,done,../papers/2012/数学/全国/河北卷/2012_数学_河北卷_原卷.pdf,../papers/2012/数学/全国/河北卷/2012_数学_河北卷_OCR与考点.md,,pypdf,6
2012,数学,山西,老高考,2025,全国卷,common,山西卷,done,../papers/2012/数学/全国/山西卷/2012_数学_山西卷_原卷.pdf,../papers/2012/数学/全国/山西卷/2012_数学_山西卷_OCR与考点.md,,pypdf,6
2012,数学,内蒙古,老高考,2025,全国卷,common,内蒙古卷,done,../papers/2012/数学/全国/内蒙古卷/2012_数学_内蒙古卷_原卷.pdf,../papers/2012/数学/全国/内蒙古卷/2012_数学_内蒙古卷_OCR与考点.md,,pypdf,6
2012,数学,辽宁,老高考,2021,地方/区域卷,local,辽宁卷,done,../papers/2012/数学/辽宁/辽宁卷/2012_数学_辽宁卷_原卷.pdf,../papers/2012/数学/辽宁/辽宁卷/2012_数学_辽宁卷_OCR与考点.md,,pypdf,6
2012,数学,吉林,老高考,2024,全国卷,common,吉林卷,done,../papers/2012/数学/全国/吉林卷/2012_数学_吉林卷_原卷.pdf,../papers/2012/数学/全国/吉林卷/2012_数学_吉林卷_OCR与考点.md,,pypdf,6
2012,数学,黑龙江,老高考,2024,全国卷,common,黑龙江卷,done,../papers/2012/数学/全国/黑龙江卷/2012_数学_黑龙江卷_原卷.pdf,../papers/2012/数学/全国/黑龙江卷/2012_数学_黑龙江卷_OCR与考点.md,,pypdf,6
2012,数学,上海,老高考,2017,地方/区域卷,local,上海卷,done,../papers/2012/数学/上海/上海卷/2012_数学_上海卷_原卷.pdf,../papers/2012/数学/上海/上海卷/2012_数学_上海卷_OCR与考点.md,,pypdf,13
2012,数学,江苏,老高考,2021,地方/区域卷,local,江苏卷,done,../papers/2012/数学/江苏/江苏卷/2012_数学_江苏卷_原卷.pdf,../papers/2012/数学/江苏/江苏卷/2012_数学_江苏卷_OCR与考点.md,,pypdf,7
2012,数学,浙江,老高考,2017,地方/区域卷,local,浙江卷,done,../papers/2012/数学/浙江/浙江卷/2012_数学_浙江卷_原卷.pdf,../papers/2012/数学/浙江/浙江卷/2012_数学_浙江卷_OCR与考点.md,,pypdf,3
2012,数学,安徽,老高考,2024,地方/区域卷,local,安徽卷,done,../papers/2012/数学/安徽/安徽卷/2012_数学_安徽卷_原卷.pdf,../papers/2012/数学/安徽/安徽卷/2012_数学_安徽卷_OCR与考点.md,,pypdf,5
2012,数学,福建,老高考,2021,地方/区域卷,local,福建卷,done,../papers/2012/数学/福建/福建卷/2012_数学_福建卷_原卷.pdf,../papers/2012/数学/福建/福建卷/2012_数学_福建卷_OCR与考点.md,,pypdf,4
2012,数学,江西,老高考,2024,地方/区域卷,local,江西卷,done,../papers/2012/数学/江西/江西卷/2012_数学_江西卷_原卷.pdf,../papers/2012/数学/江西/江西卷/2012_数学_江西卷_OCR与考点.md,,pypdf,6
2012,数学,山东,老高考,2020,地方/区域卷,local,山东卷,done,../papers/2012/数学/山东/山东卷/2012_数学_山东卷_原卷.pdf,../papers/2012/数学/山东/山东卷/2012_数学_山东卷_OCR与考点.md,,pypdf,4
2012,数学,河南,老高考,2025,全国卷,common,河南卷,done,../papers/2012/数学/全国/河南卷/2012_数学_河南卷_原卷.pdf,../papers/2012/数学/全国/河南卷/2012_数学_河南卷_OCR与考点.md,,pypdf,6
2012,数学,湖北,老高考,2021,地方/区域卷,local,湖北卷,done,../papers/2012/数学/湖北/湖北卷/2012_数学_湖北卷_原卷.pdf,../papers/2012/数学/湖北/湖北卷/2012_数学_湖北卷_OCR与考点.md,,pypdf,5
2012,数学,湖南,老高考,2021,地方/区域卷,local,湖南卷,done,../papers/2012/数学/湖南/湖南卷/2012_数学_湖南卷_原卷.pdf,../papers/2012/数学/湖南/湖南卷/2012_数学_湖南卷_OCR与考点.md,,pypdf,5
2012,数学,广东,老高考,2021,地方/区域卷,local,广东卷,done,../papers/2012/数学/广东/广东卷/2012_数学_广东卷_原卷.pdf,../papers/2012/数学/广东/广东卷/2012_数学_广东卷_OCR与考点.md,,pypdf,6
2012,数学,广西,老高考,2024,地方/区域卷,local,广西卷,done,../papers/2012/数学/广西/广西卷/2012_数学_广西卷_原卷.pdf,../papers/2012/数学/广西/广西卷/2012_数学_广西卷_OCR与考点.md,,pypdf,4
2012,数学,海南,老高考,2020,全国卷,common,海南卷,done,../papers/2012/数学/全国/海南卷/2012_数学_海南卷_原卷.pdf,../papers/2012/数学/全国/海南卷/2012_数学_海南卷_OCR与考点.md,,pypdf,6
2012,数学,重庆,老高考,2021,地方/区域卷,local,重庆卷,done,../papers/2012/数学/重庆/重庆卷/2012_数学_重庆卷_原卷.pdf,../papers/2012/数学/重庆/重庆卷/2012_数学_重庆卷_OCR与考点.md,,pypdf,3
2012,数学,四川,老高考,2025,地方/区域卷,local,四川卷,done,../papers/2012/数学/四川/四川卷/2012_数学_四川卷_原卷.pdf,../papers/2012/数学/四川/四川卷/2012_数学_四川卷_OCR与考点.md,,pypdf,5
2012,数学,贵州,老高考,2024,地方/区域卷,local,贵州卷,done,../papers/2012/数学/贵州/贵州卷/2012_数学_贵州卷_原卷.pdf,../papers/2012/数学/贵州/贵州卷/2012_数学_贵州卷_OCR与考点.md,,pypdf,4
2012,数学,云南,老高考,2025,全国卷,common,云南卷,done,../papers/2012/数学/全国/云南卷/2012_数学_云南卷_原卷.pdf,../papers/2012/数学/全国/云南卷/2012_数学_云南卷_OCR与考点.md,,pypdf,6
2012,数学,西藏,老高考,,地方/区域卷,local,西藏卷,done,../papers/2012/数学/西藏/西藏卷/2012_数学_西藏卷_原卷.pdf,../papers/2012/数学/西藏/西藏卷/2012_数学_西藏卷_OCR与考点.md,,pypdf,4
2012,数学,陕西,老高考,2025,地方/区域卷,local,陕西卷,done,../papers/2012/数学/陕西/陕西卷/2012_数学_陕西卷_原卷.pdf,../papers/2012/数学/陕西/陕西卷/2012_数学_陕西卷_OCR与考点.md,,pypdf,4
2012,数学,甘肃,老高考,2024,地方/区域卷,local,甘肃卷,done,../papers/2012/数学/甘肃/甘肃卷/2012_数学_甘肃卷_原卷.pdf,../papers/2012/数学/甘肃/甘肃卷/2012_数学_甘肃卷_OCR与考点.md,,pypdf,4
2012,数学,青海,老高考,2025,地方/区域卷,local,青海卷,done,../papers/2012/数学/青海/青海卷/2012_数学_青海卷_原卷.pdf,../papers/2012/数学/青海/青海卷/2012_数学_青海卷_OCR与考点.md,,pypdf,4
2012,数学,宁夏,老高考,2025,全国卷,common,宁夏卷,done,../papers/2012/数学/全国/宁夏卷/2012_数学_宁夏卷_原卷.pdf,../papers/2012/数学/全国/宁夏卷/2012_数学_宁夏卷_OCR与考点.md,,pypdf,6
2012,数学,新疆,老高考,,全国卷,common,新疆卷,done,../papers/2012/数学/全国/新疆卷/2012_数学_新疆卷_原卷.pdf,../papers/2012/数学/全国/新疆卷/2012_数学_新疆卷_OCR与考点.md,,pypdf,6
2012,英语,北京,老高考,2020,地方/区域卷,local,北京卷,done,../papers/2012/英语/北京/北京卷/2012_英语_北京卷_原卷.pdf,../papers/2012/英语/北京/北京卷/2012_英语_北京卷_OCR与考点.md,../papers/2012/英语/北京/北京卷/2012_英语_北京卷_听力.mp3,pypdf,16
2012,英语,天津,老高考,2020,地方/区域卷,local,天津卷,done,../papers/2012/英语/天津/天津卷/2012_英语_天津卷_原卷.pdf,../papers/2012/英语/天津/天津卷/2012_英语_天津卷_OCR与考点.md,,pypdf,13
2012,英语,河北,老高考,2021,全国卷,common,河北卷,done,../papers/2012/英语/全国/河北卷/2012_英语_河北卷_原卷.pdf,../papers/2012/英语/全国/河北卷/2012_英语_河北卷_OCR与考点.md,../papers/2012/英语/全国/河北卷/2012_英语_河北卷_听力.mp3,pypdf,13
2012,英语,山西,老高考,2025,全国卷,common,山西卷,done,../papers/2012/英语/全国/山西卷/2012_英语_山西卷_原卷.pdf,../papers/2012/英语/全国/山西卷/2012_英语_山西卷_OCR与考点.md,../papers/2012/英语/全国/山西卷/2012_英语_山西卷_听力.mp3,pypdf,13
2012,英语,内蒙古,老高考,2025,全国卷,common,内蒙古卷,done,../papers/2012/英语/全国/内蒙古卷/2012_英语_内蒙古卷_原卷.pdf,../papers/2012/英语/全国/内蒙古卷/2012_英语_内蒙古卷_OCR与考点.md,../papers/2012/英语/全国/内蒙古卷/2012_英语_内蒙古卷_听力.mp3,pypdf,13
2012,英语,辽宁,老高考,2021,地方/区域卷,local,辽宁卷,done,../papers/2012/英语/辽宁/辽宁卷/2012_英语_辽宁卷_原卷.pdf,../papers/2012/英语/辽宁/辽宁卷/2012_英语_辽宁卷_OCR与考点.md,../papers/2012/英语/辽宁/辽宁卷/2012_英语_辽宁卷_听力.mp3,pypdf,11
2012,英语,吉林,老高考,2024,全国卷,common,吉林卷,done,../papers/2012/英语/全国/吉林卷/2012_英语_吉林卷_原卷.pdf,../papers/2012/英语/全国/吉林卷/2012_英语_吉林卷_OCR与考点.md,../papers/2012/英语/全国/吉林卷/2012_英语_吉林卷_听力.mp3,pypdf,13
2012,英语,黑龙江,老高考,2024,全国卷,common,黑龙江卷,done,../papers/2012/英语/全国/黑龙江卷/2012_英语_黑龙江卷_原卷.pdf,../papers/2012/英语/全国/黑龙江卷/2012_英语_黑龙江卷_OCR与考点.md,../papers/2012/英语/全国/黑龙江卷/2012_英语_黑龙江卷_听力.mp3,pypdf,13
2012,英语,上海,老高考,2017,地方/区域卷,local,上海卷,done,../papers/2012/英语/上海/上海卷/2012_英语_上海卷_原卷.pdf,../papers/2012/英语/上海/上海卷/2012_英语_上海卷_OCR与考点.md,../papers/2012/英语/上海/上海卷/2012_英语_上海卷_听力.mp3,pypdf,11
2012,英语,江苏,老高考,2021,地方/区域卷,local,江苏卷,done,../papers/2012/英语/江苏/江苏卷/2012_英语_江苏卷_原卷.pdf,../papers/2012/英语/江苏/江苏卷/2012_英语_江苏卷_OCR与考点.md,../papers/2012/英语/江苏/江苏卷/2012_英语_江苏卷_听力.mp3,pypdf,15
2012,英语,浙江,老高考,2017,地方/区域卷,local,浙江卷,done,../papers/2012/英语/浙江/浙江卷/2012_英语_浙江卷_原卷.pdf,../papers/2012/英语/浙江/浙江卷/2012_英语_浙江卷_OCR与考点.md,,pypdf,12
2012,英语,安徽,老高考,2024,地方/区域卷,local,安徽卷,done,../papers/2012/英语/安徽/安徽卷/2012_英语_安徽卷_原卷.pdf,../papers/2012/英语/安徽/安徽卷/2012_英语_安徽卷_OCR与考点.md,../papers/2012/英语/安徽/安徽卷/2012_英语_安徽卷_听力.mp3,pypdf,10
2012,英语,福建,老高考,2021,地方/区域卷,local,福建卷,done,../papers/2012/英语/福建/福建卷/2012_英语_福建卷_原卷.pdf,../papers/2012/英语/福建/福建卷/2012_英语_福建卷_OCR与考点.md,../papers/2012/英语/福建/福建卷/2012_英语_福建卷_听力.mp3,pypdf,8
2012,英语,江西,老高考,2024,地方/区域卷,local,江西卷,done,../papers/2012/英语/江西/江西卷/2012_英语_江西卷_原卷.pdf,../papers/2012/英语/江西/江西卷/2012_英语_江西卷_OCR与考点.md,../papers/2012/英语/江西/江西卷/2012_英语_江西卷_听力.mp3,pypdf,8
2012,英语,山东,老高考,2020,地方/区域卷,local,山东卷,done,../papers/2012/英语/山东/山东卷/2012_英语_山东卷_原卷.pdf,../papers/2012/英语/山东/山东卷/2012_英语_山东卷_OCR与考点.md,../papers/2012/英语/山东/山东卷/2012_英语_山东卷_听力.mp3,pypdf,12
2012,英语,河南,老高考,2025,全国卷,common,河南卷,done,../papers/2012/英语/全国/河南卷/2012_英语_河南卷_原卷.pdf,../papers/2012/英语/全国/河南卷/2012_英语_河南卷_OCR与考点.md,../papers/2012/英语/全国/河南卷/2012_英语_河南卷_听力.mp3,pypdf,13
2012,英语,湖北,老高考,2021,地方/区域卷,local,湖北卷,done,../papers/2012/英语/湖北/湖北卷/2012_英语_湖北卷_原卷.pdf,../papers/2012/英语/湖北/湖北卷/2012_英语_湖北卷_OCR与考点.md,../papers/2012/英语/湖北/湖北卷/2012_英语_湖北卷_听力.mp3,pypdf,13
2012,英语,湖南,老高考,2021,地方/区域卷,local,湖南卷,done,../papers/2012/英语/湖南/湖南卷/2012_英语_湖南卷_原卷.pdf,../papers/2012/英语/湖南/湖南卷/2012_英语_湖南卷_OCR与考点.md,../papers/2012/英语/湖南/湖南卷/2012_英语_湖南卷_听力.mp3,pypdf,8
2012,英语,广东,老高考,2021,地方/区域卷,local,广东卷,done,../papers/2012/英语/广东/广东卷/2012_英语_广东卷_原卷.pdf,../papers/2012/英语/广东/广东卷/2012_英语_广东卷_OCR与考点.md,,pypdf,10
2012,英语,广西,老高考,2024,全国卷,common,广西卷,done,../papers/2012/英语/全国/广西卷/2012_英语_广西卷_原卷.pdf,../papers/2012/英语/全国/广西卷/2012_英语_广西卷_OCR与考点.md,../papers/2012/英语/全国/广西卷/2012_英语_广西卷_听力.mp3,pypdf,13
2012,英语,海南,老高考,2020,全国卷,common,海南卷,done,../papers/2012/英语/全国/海南卷/2012_英语_海南卷_原卷.pdf,../papers/2012/英语/全国/海南卷/2012_英语_海南卷_OCR与考点.md,../papers/2012/英语/全国/海南卷/2012_英语_海南卷_听力.mp3,pypdf,13
2012,英语,重庆,老高考,2021,地方/区域卷,local,重庆卷,done,../papers/2012/英语/重庆/重庆卷/2012_英语_重庆卷_原卷.pdf,../papers/2012/英语/重庆/重庆卷/2012_英语_重庆卷_OCR与考点.md,../papers/2012/英语/重庆/重庆卷/2012_英语_重庆卷_听力.mp3,pypdf,11
2012,英语,四川,老高考,2025,,missing,,missing,,,,,
2012,英语,贵州,老高考,2024,全国卷,common,贵州卷,done,../papers/2012/英语/全国/贵州卷/2012_英语_贵州卷_原卷.pdf,../papers/2012/英语/全国/贵州卷/2012_英语_贵州卷_OCR与考点.md,../papers/2012/英语/全国/贵州卷/2012_英语_贵州卷_听力.mp3,pypdf,13
2012,英语,云南,老高考,2025,全国卷,common,云南卷,done,../papers/2012/英语/全国/云南卷/2012_英语_云南卷_原卷.pdf,../papers/2012/英语/全国/云南卷/2012_英语_云南卷_OCR与考点.md,,pypdf,13
2012,英语,西藏,老高考,,全国卷,common,西藏卷,done,../papers/2012/英语/全国/西藏卷/2012_英语_西藏卷_原卷.pdf,../papers/2012/英语/全国/西藏卷/2012_英语_西藏卷_OCR与考点.md,../papers/2012/英语/全国/西藏卷/2012_英语_西藏卷_听力.mp3,pypdf,13
2012,英语,陕西,老高考,2025,地方/区域卷,local,陕西卷,done,../papers/2012/英语/陕西/陕西卷/2012_英语_陕西卷_原卷.pdf,../papers/2012/英语/陕西/陕西卷/2012_英语_陕西卷_OCR与考点.md,,pypdf,11
2012,英语,甘肃,老高考,2024,全国卷,common,甘肃卷,done,../papers/2012/英语/全国/甘肃卷/2012_英语_甘肃卷_原卷.pdf,../papers/2012/英语/全国/甘肃卷/2012_英语_甘肃卷_OCR与考点.md,../papers/2012/英语/全国/甘肃卷/2012_英语_甘肃卷_听力.mp3,pypdf,13
2012,英语,青海,老高考,2025,全国卷,common,青海卷,done,../papers/2012/英语/全国/青海卷/2012_英语_青海卷_原卷.pdf,../papers/2012/英语/全国/青海卷/2012_英语_青海卷_OCR与考点.md,../papers/2012/英语/全国/青海卷/2012_英语_青海卷_听力.mp3,pypdf,13
2012,英语,宁夏,老高考,2025,全国卷,common,宁夏卷,done,../papers/2012/英语/全国/宁夏卷/2012_英语_宁夏卷_原卷.pdf,../papers/2012/英语/全国/宁夏卷/2012_英语_宁夏卷_OCR与考点.md,../papers/2012/英语/全国/宁夏卷/2012_英语_宁夏卷_听力.mp3,pypdf,13
2012,英语,新疆,老高考,,全国卷,common,新疆卷,done,../papers/2012/英语/全国/新疆卷/2012_英语_新疆卷_原卷.pdf,../papers/2012/英语/全国/新疆卷/2012_英语_新疆卷_OCR与考点.md,../papers/2012/英语/全国/新疆卷/2012_英语_新疆卷_听力.mp3,pypdf,13
2012,物理,北京,老高考,2020,地方/区域卷,local,北京卷,done,../papers/2012/物理/北京/北京理综/2012_物理_北京理综_原卷.pdf,../papers/2012/物理/北京/北京理综/2012_物理_北京理综_OCR与考点.md,,pypdf,5
2012,物理,天津,老高考,2020,地方/区域卷,local,天津卷,done,../papers/2012/物理/天津/天津理综/2012_物理_天津理综_原卷.pdf,../papers/2012/物理/天津/天津理综/2012_物理_天津理综_OCR与考点.md,,pypdf,6
2012,物理,河北,老高考,2021,全国卷,common,河北卷,done,../papers/2012/物理/全国/河北理综/2012_物理_河北理综_原卷.pdf,../papers/2012/物理/全国/河北理综/2012_物理_河北理综_OCR与考点.md,,pypdf,8
2012,物理,山西,老高考,2025,全国卷,common,山西卷,done,../papers/2012/物理/全国/山西理综/2012_物理_山西理综_原卷.pdf,../papers/2012/物理/全国/山西理综/2012_物理_山西理综_OCR与考点.md,,pypdf,8
2012,物理,内蒙古,老高考,2025,全国卷,common,内蒙古卷,done,../papers/2012/物理/全国/内蒙古理综/2012_物理_内蒙古理综_原卷.pdf,../papers/2012/物理/全国/内蒙古理综/2012_物理_内蒙古理综_OCR与考点.md,,pypdf,8
2012,物理,辽宁,老高考,2021,全国卷,common,辽宁卷,done,../papers/2012/物理/全国/辽宁理综/2012_物理_辽宁理综_原卷.pdf,../papers/2012/物理/全国/辽宁理综/2012_物理_辽宁理综_OCR与考点.md,,pypdf,8
2012,物理,吉林,老高考,2024,全国卷,common,吉林卷,done,../papers/2012/物理/全国/吉林理综/2012_物理_吉林理综_原卷.pdf,../papers/2012/物理/全国/吉林理综/2012_物理_吉林理综_OCR与考点.md,,pypdf,8
2012,物理,黑龙江,老高考,2024,全国卷,common,黑龙江卷,done,../papers/2012/物理/全国/黑龙江理综/2012_物理_黑龙江理综_原卷.pdf,../papers/2012/物理/全国/黑龙江理综/2012_物理_黑龙江理综_OCR与考点.md,,pypdf,8
2012,物理,上海,老高考,2017,地方/区域卷,local,上海卷,done,../papers/2012/物理/上海/上海理综/2012_物理_上海理综_原卷.pdf,../papers/2012/物理/上海/上海理综/2012_物理_上海理综_OCR与考点.md,,pypdf,10
2012,物理,江苏,老高考,2021,地方/区域卷,local,江苏卷,done,../papers/2012/物理/江苏/江苏理综/2012_物理_江苏理综_原卷.pdf,../papers/2012/物理/江苏/江苏理综/2012_物理_江苏理综_OCR与考点.md,,pypdf,8
2012,物理,浙江,老高考,2017,地方/区域卷,local,浙江卷,done,../papers/2012/物理/浙江/浙江理综/2012_物理_浙江理综_原卷.pdf,../papers/2012/物理/浙江/浙江理综/2012_物理_浙江理综_OCR与考点.md,,pypdf,6
2012,物理,安徽,老高考,2024,地方/区域卷,local,安徽卷,done,../papers/2012/物理/安徽/安徽理综/2012_物理_安徽理综_原卷.pdf,../papers/2012/物理/安徽/安徽理综/2012_物理_安徽理综_OCR与考点.md,,pypdf,5
2012,物理,福建,老高考,2021,地方/区域卷,local,福建卷,done,../papers/2012/物理/福建/福建理综/2012_物理_福建理综_原卷.pdf,../papers/2012/物理/福建/福建理综/2012_物理_福建理综_OCR与考点.md,,pypdf,6
2012,物理,江西,老高考,2024,全国卷,common,江西卷,done,../papers/2012/物理/全国/江西理综/2012_物理_江西理综_原卷.pdf,../papers/2012/物理/全国/江西理综/2012_物理_江西理综_OCR与考点.md,,pypdf,8
2012,物理,山东,老高考,2020,地方/区域卷,local,山东卷,done,../papers/2012/物理/山东/山东理综/2012_物理_山东理综_原卷.pdf,../papers/2012/物理/山东/山东理综/2012_物理_山东理综_OCR与考点.md,,pypdf,8
2012,物理,河南,老高考,2025,全国卷,common,河南卷,done,../papers/2012/物理/全国/河南理综/2012_物理_河南理综_原卷.pdf,../papers/2012/物理/全国/河南理综/2012_物理_河南理综_OCR与考点.md,,pypdf,8
2012,物理,湖北,老高考,2021,全国卷,common,湖北卷,done,../papers/2012/物理/全国/湖北理综/2012_物理_湖北理综_原卷.pdf,../papers/2012/物理/全国/湖北理综/2012_物理_湖北理综_OCR与考点.md,,pypdf,8
2012,物理,湖南,老高考,2021,全国卷,common,湖南卷,done,../papers/2012/物理/全国/湖南理综/2012_物理_湖南理综_原卷.pdf,../papers/2012/物理/全国/湖南理综/2012_物理_湖南理综_OCR与考点.md,,pypdf,8
2012,物理,广东,老高考,2021,地方/区域卷,local,广东卷,done,../papers/2012/物理/广东/广东理综/2012_物理_广东理综_原卷.pdf,../papers/2012/物理/广东/广东理综/2012_物理_广东理综_OCR与考点.md,,pypdf,4
2012,物理,广西,老高考,2024,地方/区域卷,local,广西卷,done,../papers/2012/物理/广西/广西理综/2012_物理_广西理综_原卷.pdf,../papers/2012/物理/广西/广西理综/2012_物理_广西理综_OCR与考点.md,,pypdf,6
2012,物理,海南,老高考,2020,地方/区域卷,local,海南卷,done,../papers/2012/物理/海南/海南理综/2012_物理_海南理综_原卷.pdf,../papers/2012/物理/海南/海南理综/2012_物理_海南理综_OCR与考点.md,,pypdf,9
2012,物理,重庆,老高考,2021,地方/区域卷,local,重庆卷,done,../papers/2012/物理/重庆/重庆理综/2012_物理_重庆理综_原卷.pdf,../papers/2012/物理/重庆/重庆理综/2012_物理_重庆理综_OCR与考点.md,,pypdf,5
2012,物理,四川,老高考,2025,地方/区域卷,local,四川卷,done,../papers/2012/物理/四川/四川理综/2012_物理_四川理综_原卷.pdf,../papers/2012/物理/四川/四川理综/2012_物理_四川理综_OCR与考点.md,,pypdf,4
2012,物理,贵州,老高考,2024,地方/区域卷,local,贵州卷,done,../papers/2012/物理/贵州/贵州理综/2012_物理_贵州理综_原卷.pdf,../papers/2012/物理/贵州/贵州理综/2012_物理_贵州理综_OCR与考点.md,,pypdf,6
2012,物理,云南,老高考,2025,全国卷,common,云南卷,done,../papers/2012/物理/全国/云南理综/2012_物理_云南理综_原卷.pdf,../papers/2012/物理/全国/云南理综/2012_物理_云南理综_OCR与考点.md,,pypdf,8
2012,物理,西藏,老高考,,全国卷,common,西藏卷,done,../papers/2012/物理/全国/西藏理综/2012_物理_西藏理综_原卷.pdf,../papers/2012/物理/全国/西藏理综/2012_物理_西藏理综_OCR与考点.md,,pypdf,8
2012,物理,陕西,老高考,2025,全国卷,common,陕西卷,done,../papers/2012/物理/全国/陕西理综/2012_物理_陕西理综_原卷.pdf,../papers/2012/物理/全国/陕西理综/2012_物理_陕西理综_OCR与考点.md,,pypdf,8
2012,物理,甘肃,老高考,2024,地方/区域卷,local,甘肃卷,done,../papers/2012/物理/甘肃/甘肃理综/2012_物理_甘肃理综_原卷.pdf,../papers/2012/物理/甘肃/甘肃理综/2012_物理_甘肃理综_OCR与考点.md,,pypdf,6
2012,物理,青海,老高考,2025,地方/区域卷,local,青海卷,done,../papers/2012/物理/青海/青海理综/2012_物理_青海理综_原卷.pdf,../papers/2012/物理/青海/青海理综/2012_物理_青海理综_OCR与考点.md,,pypdf,6
2012,物理,宁夏,老高考,2025,全国卷,common,宁夏卷,done,../papers/2012/物理/全国/宁夏理综/2012_物理_宁夏理综_原卷.pdf,../papers/2012/物理/全国/宁夏理综/2012_物理_宁夏理综_OCR与考点.md,,pypdf,8
2012,物理,新疆,老高考,,全国卷,common,新疆卷,done,../papers/2012/物理/全国/新疆理综/2012_物理_新疆理综_原卷.pdf,../papers/2012/物理/全国/新疆理综/2012_物理_新疆理综_OCR与考点.md,,pypdf,8
2012,化学,北京,老高考,2020,地方/区域卷,local,北京卷,done,../papers/2012/化学/北京/北京理综/2012_化学_北京理综_原卷.pdf,../papers/2012/化学/北京/北京理综/2012_化学_北京理综_OCR与考点.md,,pypdf,6
2012,化学,天津,老高考,2020,地方/区域卷,local,天津卷,done,../papers/2012/化学/天津/天津理综/2012_化学_天津理综_原卷.pdf,../papers/2012/化学/天津/天津理综/2012_化学_天津理综_OCR与考点.md,,pypdf,5
2012,化学,河北,老高考,2021,全国卷,common,河北卷,done,../papers/2012/化学/全国/河北理综/2012_化学_河北理综_原卷.pdf,../papers/2012/化学/全国/河北理综/2012_化学_河北理综_OCR与考点.md,,pypdf,8
2012,化学,山西,老高考,2025,全国卷,common,山西卷,done,../papers/2012/化学/全国/山西理综/2012_化学_山西理综_原卷.pdf,../papers/2012/化学/全国/山西理综/2012_化学_山西理综_OCR与考点.md,,pypdf,8
2012,化学,内蒙古,老高考,2025,全国卷,common,内蒙古卷,done,../papers/2012/化学/全国/内蒙古理综/2012_化学_内蒙古理综_原卷.pdf,../papers/2012/化学/全国/内蒙古理综/2012_化学_内蒙古理综_OCR与考点.md,,pypdf,8
2012,化学,辽宁,老高考,2021,全国卷,common,辽宁卷,done,../papers/2012/化学/全国/辽宁理综/2012_化学_辽宁理综_原卷.pdf,../papers/2012/化学/全国/辽宁理综/2012_化学_辽宁理综_OCR与考点.md,,pypdf,8
2012,化学,吉林,老高考,2024,全国卷,common,吉林卷,done,../papers/2012/化学/全国/吉林理综/2012_化学_吉林理综_原卷.pdf,../papers/2012/化学/全国/吉林理综/2012_化学_吉林理综_OCR与考点.md,,pypdf,8
2012,化学,黑龙江,老高考,2024,全国卷,common,黑龙江卷,done,../papers/2012/化学/全国/黑龙江理综/2012_化学_黑龙江理综_原卷.pdf,../papers/2012/化学/全国/黑龙江理综/2012_化学_黑龙江理综_OCR与考点.md,,pypdf,8
2012,化学,上海,老高考,2017,地方/区域卷,local,上海卷,done,../papers/2012/化学/上海/上海理综/2012_化学_上海理综_原卷.pdf,../papers/2012/化学/上海/上海理综/2012_化学_上海理综_OCR与考点.md,,pypdf,10
2012,化学,江苏,老高考,2021,地方/区域卷,local,江苏卷,done,../papers/2012/化学/江苏/江苏理综/2012_化学_江苏理综_原卷.pdf,../papers/2012/化学/江苏/江苏理综/2012_化学_江苏理综_OCR与考点.md,,pypdf,10
2012,化学,浙江,老高考,2017,地方/区域卷,local,浙江卷,done,../papers/2012/化学/浙江/浙江理综/2012_化学_浙江理综_原卷.pdf,../papers/2012/化学/浙江/浙江理综/2012_化学_浙江理综_OCR与考点.md,,pypdf,7
2012,化学,安徽,老高考,2024,地方/区域卷,local,安徽卷,done,../papers/2012/化学/安徽/安徽理综/2012_化学_安徽理综_原卷.pdf,../papers/2012/化学/安徽/安徽理综/2012_化学_安徽理综_OCR与考点.md,,pypdf,5
2012,化学,福建,老高考,2021,地方/区域卷,local,福建卷,done,../papers/2012/化学/福建/福建理综/2012_化学_福建理综_原卷.pdf,../papers/2012/化学/福建/福建理综/2012_化学_福建理综_OCR与考点.md,,pypdf,4
2012,化学,江西,老高考,2024,全国卷,common,江西卷,done,../papers/2012/化学/全国/江西理综/2012_化学_江西理综_原卷.pdf,../papers/2012/化学/全国/江西理综/2012_化学_江西理综_OCR与考点.md,,pypdf,8
2012,化学,山东,老高考,2020,地方/区域卷,local,山东卷,done,../papers/2012/化学/山东/山东理综/2012_化学_山东理综_原卷.pdf,../papers/2012/化学/山东/山东理综/2012_化学_山东理综_OCR与考点.md,,pypdf,4
2012,化学,河南,老高考,2025,全国卷,common,河南卷,done,../papers/2012/化学/全国/河南理综/2012_化学_河南理综_原卷.pdf,../papers/2012/化学/全国/河南理综/2012_化学_河南理综_OCR与考点.md,,pypdf,8
2012,化学,湖北,老高考,2021,全国卷,common,湖北卷,done,../papers/2012/化学/全国/湖北理综/2012_化学_湖北理综_原卷.pdf,../papers/2012/化学/全国/湖北理综/2012_化学_湖北理综_OCR与考点.md,,pypdf,8
2012,化学,湖南,老高考,2021,全国卷,common,湖南卷,done,../papers/2012/化学/全国/湖南理综/2012_化学_湖南理综_原卷.pdf,../papers/2012/化学/全国/湖南理综/2012_化学_湖南理综_OCR与考点.md,,pypdf,8
2012,化学,广东,老高考,2021,地方/区域卷,local,广东卷,done,../papers/2012/化学/广东/广东理综/2012_化学_广东理综_原卷.pdf,../papers/2012/化学/广东/广东理综/2012_化学_广东理综_OCR与考点.md,,pypdf,5
2012,化学,广西,老高考,2024,地方/区域卷,local,广西卷,done,../papers/2012/化学/广西/广西理综/2012_化学_广西理综_原卷.pdf,../papers/2012/化学/广西/广西理综/2012_化学_广西理综_OCR与考点.md,,pypdf,5
2012,化学,海南,老高考,2020,地方/区域卷,local,海南卷,done,../papers/2012/化学/海南/海南理综/2012_化学_海南理综_原卷.pdf,../papers/2012/化学/海南/海南理综/2012_化学_海南理综_OCR与考点.md,,pypdf,6
2012,化学,重庆,老高考,2021,地方/区域卷,local,重庆卷,done,../papers/2012/化学/重庆/重庆理综/2012_化学_重庆理综_原卷.pdf,../papers/2012/化学/重庆/重庆理综/2012_化学_重庆理综_OCR与考点.md,,pypdf,5
2012,化学,四川,老高考,2025,地方/区域卷,local,四川卷,done,../papers/2012/化学/四川/四川理综/2012_化学_四川理综_原卷.pdf,../papers/2012/化学/四川/四川理综/2012_化学_四川理综_OCR与考点.md,,pypdf,4
2012,化学,贵州,老高考,2024,地方/区域卷,local,贵州卷,done,../papers/2012/化学/贵州/贵州理综/2012_化学_贵州理综_原卷.pdf,../papers/2012/化学/贵州/贵州理综/2012_化学_贵州理综_OCR与考点.md,,pypdf,5
2012,化学,云南,老高考,2025,全国卷,common,云南卷,done,../papers/2012/化学/全国/云南理综/2012_化学_云南理综_原卷.pdf,../papers/2012/化学/全国/云南理综/2012_化学_云南理综_OCR与考点.md,,pypdf,8
2012,化学,西藏,老高考,,全国卷,common,西藏卷,done,../papers/2012/化学/全国/西藏理综/2012_化学_西藏理综_原卷.pdf,../papers/2012/化学/全国/西藏理综/2012_化学_西藏理综_OCR与考点.md,,pypdf,8
2012,化学,陕西,老高考,2025,全国卷,common,陕西卷,done,../papers/2012/化学/全国/陕西理综/2012_化学_陕西理综_原卷.pdf,../papers/2012/化学/全国/陕西理综/2012_化学_陕西理综_OCR与考点.md,,pypdf,8
2012,化学,甘肃,老高考,2024,地方/区域卷,local,甘肃卷,done,../papers/2012/化学/甘肃/甘肃理综/2012_化学_甘肃理综_原卷.pdf,../papers/2012/化学/甘肃/甘肃理综/2012_化学_甘肃理综_OCR与考点.md,,pypdf,5
2012,化学,青海,老高考,2025,地方/区域卷,local,青海卷,done,../papers/2012/化学/青海/青海理综/2012_化学_青海理综_原卷.pdf,../papers/2012/化学/青海/青海理综/2012_化学_青海理综_OCR与考点.md,,pypdf,5
2012,化学,宁夏,老高考,2025,全国卷,common,宁夏卷,done,../papers/2012/化学/全国/宁夏理综/2012_化学_宁夏理综_原卷.pdf,../papers/2012/化学/全国/宁夏理综/2012_化学_宁夏理综_OCR与考点.md,,pypdf,8
2012,化学,新疆,老高考,,全国卷,common,新疆卷,done,../papers/2012/化学/全国/新疆理综/2012_化学_新疆理综_原卷.pdf,../papers/2012/化学/全国/新疆理综/2012_化学_新疆理综_OCR与考点.md,,pypdf,8
2012,生物,北京,老高考,2020,地方/区域卷,local,北京卷,done,../papers/2012/生物/北京/北京理综/2012_生物_北京理综_原卷.pdf,../papers/2012/生物/北京/北京理综/2012_生物_北京理综_OCR与考点.md,,pypdf,4
2012,生物,天津,老高考,2020,地方/区域卷,local,天津卷,done,../papers/2012/生物/天津/天津理综/2012_生物_天津理综_原卷.pdf,../papers/2012/生物/天津/天津理综/2012_生物_天津理综_OCR与考点.md,,pypdf,6
2012,生物,河北,老高考,2021,全国卷,common,河北卷,done,../papers/2012/生物/全国/河北理综/2012_生物_河北理综_原卷.pdf,../papers/2012/生物/全国/河北理综/2012_生物_河北理综_OCR与考点.md,,pypdf,7
2012,生物,山西,老高考,2025,全国卷,common,山西卷,done,../papers/2012/生物/全国/山西理综/2012_生物_山西理综_原卷.pdf,../papers/2012/生物/全国/山西理综/2012_生物_山西理综_OCR与考点.md,,pypdf,7
2012,生物,内蒙古,老高考,2025,全国卷,common,内蒙古卷,done,../papers/2012/生物/全国/内蒙古理综/2012_生物_内蒙古理综_原卷.pdf,../papers/2012/生物/全国/内蒙古理综/2012_生物_内蒙古理综_OCR与考点.md,,pypdf,7
2012,生物,辽宁,老高考,2021,全国卷,common,辽宁卷,done,../papers/2012/生物/全国/辽宁理综/2012_生物_辽宁理综_原卷.pdf,../papers/2012/生物/全国/辽宁理综/2012_生物_辽宁理综_OCR与考点.md,,pypdf,7
2012,生物,吉林,老高考,2024,全国卷,common,吉林卷,done,../papers/2012/生物/全国/吉林理综/2012_生物_吉林理综_原卷.pdf,../papers/2012/生物/全国/吉林理综/2012_生物_吉林理综_OCR与考点.md,,pypdf,7
2012,生物,黑龙江,老高考,2024,全国卷,common,黑龙江卷,done,../papers/2012/生物/全国/黑龙江理综/2012_生物_黑龙江理综_原卷.pdf,../papers/2012/生物/全国/黑龙江理综/2012_生物_黑龙江理综_OCR与考点.md,,pypdf,7
2012,生物,上海,老高考,2017,地方/区域卷,local,上海卷,done,../papers/2012/生物/上海/上海理综/2012_生物_上海理综_原卷.pdf,../papers/2012/生物/上海/上海理综/2012_生物_上海理综_OCR与考点.md,,pypdf,14
2012,生物,江苏,老高考,2021,地方/区域卷,local,江苏卷,done,../papers/2012/生物/江苏/江苏理综/2012_生物_江苏理综_原卷.pdf,../papers/2012/生物/江苏/江苏理综/2012_生物_江苏理综_OCR与考点.md,,pypdf,11
2012,生物,浙江,老高考,2017,地方/区域卷,local,浙江卷,done,../papers/2012/生物/浙江/浙江理综/2012_生物_浙江理综_原卷.pdf,../papers/2012/生物/浙江/浙江理综/2012_生物_浙江理综_OCR与考点.md,,pypdf,3
2012,生物,安徽,老高考,2024,地方/区域卷,local,安徽卷,done,../papers/2012/生物/安徽/安徽理综/2012_生物_安徽理综_原卷.pdf,../papers/2012/生物/安徽/安徽理综/2012_生物_安徽理综_OCR与考点.md,,pypdf,5
2012,生物,福建,老高考,2021,地方/区域卷,local,福建卷,done,../papers/2012/生物/福建/福建理综/2012_生物_福建理综_原卷.pdf,../papers/2012/生物/福建/福建理综/2012_生物_福建理综_OCR与考点.md,,pypdf,5
2012,生物,江西,老高考,2024,全国卷,common,江西卷,done,../papers/2012/生物/全国/江西理综/2012_生物_江西理综_原卷.pdf,../papers/2012/生物/全国/江西理综/2012_生物_江西理综_OCR与考点.md,,pypdf,7
2012,生物,山东,老高考,2020,地方/区域卷,local,山东卷,done,../papers/2012/生物/山东/山东理综/2012_生物_山东理综_原卷.pdf,../papers/2012/生物/山东/山东理综/2012_生物_山东理综_OCR与考点.md,,pypdf,6
2012,生物,河南,老高考,2025,全国卷,common,河南卷,done,../papers/2012/生物/全国/河南理综/2012_生物_河南理综_原卷.pdf,../papers/2012/生物/全国/河南理综/2012_生物_河南理综_OCR与考点.md,,pypdf,7
2012,生物,湖北,老高考,2021,全国卷,common,湖北卷,done,../papers/2012/生物/全国/湖北理综/2012_生物_湖北理综_原卷.pdf,../papers/2012/生物/全国/湖北理综/2012_生物_湖北理综_OCR与考点.md,,pypdf,7
2012,生物,湖南,老高考,2021,全国卷,common,湖南卷,done,../papers/2012/生物/全国/湖南理综/2012_生物_湖南理综_原卷.pdf,../papers/2012/生物/全国/湖南理综/2012_生物_湖南理综_OCR与考点.md,,pypdf,7
2012,生物,广东,老高考,2021,地方/区域卷,local,广东卷,done,../papers/2012/生物/广东/广东理综/2012_生物_广东理综_原卷.pdf,../papers/2012/生物/广东/广东理综/2012_生物_广东理综_OCR与考点.md,,pypdf,4
2012,生物,广西,老高考,2024,地方/区域卷,local,广西卷,done,../papers/2012/生物/广西/广西理综/2012_生物_广西理综_原卷.pdf,../papers/2012/生物/广西/广西理综/2012_生物_广西理综_OCR与考点.md,,pypdf,4
2012,生物,海南,老高考,2020,地方/区域卷,local,海南卷,done,../papers/2012/生物/海南/海南理综/2012_生物_海南理综_原卷.pdf,../papers/2012/生物/海南/海南理综/2012_生物_海南理综_OCR与考点.md,,pypdf,8
2012,生物,重庆,老高考,2021,地方/区域卷,local,重庆卷,done,../papers/2012/生物/重庆/重庆理综/2012_生物_重庆理综_原卷.pdf,../papers/2012/生物/重庆/重庆理综/2012_生物_重庆理综_OCR与考点.md,,pypdf,4
2012,生物,四川,老高考,2025,地方/区域卷,local,四川卷,done,../papers/2012/生物/四川/四川理综/2012_生物_四川理综_原卷.pdf,../papers/2012/生物/四川/四川理综/2012_生物_四川理综_OCR与考点.md,,pypdf,5
2012,生物,贵州,老高考,2024,地方/区域卷,local,贵州卷,done,../papers/2012/生物/贵州/贵州理综/2012_生物_贵州理综_原卷.pdf,../papers/2012/生物/贵州/贵州理综/2012_生物_贵州理综_OCR与考点.md,,pypdf,4
2012,生物,云南,老高考,2025,全国卷,common,云南卷,done,../papers/2012/生物/全国/云南理综/2012_生物_云南理综_原卷.pdf,../papers/2012/生物/全国/云南理综/2012_生物_云南理综_OCR与考点.md,,pypdf,7
2012,生物,西藏,老高考,,全国卷,common,西藏卷,done,../papers/2012/生物/全国/西藏理综/2012_生物_西藏理综_原卷.pdf,../papers/2012/生物/全国/西藏理综/2012_生物_西藏理综_OCR与考点.md,,pypdf,7
2012,生物,陕西,老高考,2025,全国卷,common,陕西卷,done,../papers/2012/生物/全国/陕西理综/2012_生物_陕西理综_原卷.pdf,../papers/2012/生物/全国/陕西理综/2012_生物_陕西理综_OCR与考点.md,,pypdf,7
2012,生物,甘肃,老高考,2024,地方/区域卷,local,甘肃卷,done,../papers/2012/生物/甘肃/甘肃理综/2012_生物_甘肃理综_原卷.pdf,../papers/2012/生物/甘肃/甘肃理综/2012_生物_甘肃理综_OCR与考点.md,,pypdf,4
2012,生物,青海,老高考,2025,地方/区域卷,local,青海卷,done,../papers/2012/生物/青海/青海理综/2012_生物_青海理综_原卷.pdf,../papers/2012/生物/青海/青海理综/2012_生物_青海理综_OCR与考点.md,,pypdf,4
2012,生物,宁夏,老高考,2025,全国卷,common,宁夏卷,done,../papers/2012/生物/全国/宁夏理综/2012_生物_宁夏理综_原卷.pdf,../papers/2012/生物/全国/宁夏理综/2012_生物_宁夏理综_OCR与考点.md,,pypdf,7
2012,生物,新疆,老高考,,全国卷,common,新疆卷,done,../papers/2012/生物/全国/新疆理综/2012_生物_新疆理综_原卷.pdf,../papers/2012/生物/全国/新疆理综/2012_生物_新疆理综_OCR与考点.md,,pypdf,7
2012,政治,北京,老高考,2020,地方/区域卷,local,北京卷,done,../papers/2012/政治/北京/北京文综/2012_政治_北京文综_原卷.pdf,../papers/2012/政治/北京/北京文综/2012_政治_北京文综_OCR与考点.md,,pypdf,6
2012,政治,天津,老高考,2020,地方/区域卷,local,天津卷,done,../papers/2012/政治/天津/天津文综/2012_政治_天津文综_原卷.pdf,../papers/2012/政治/天津/天津文综/2012_政治_天津文综_OCR与考点.md,,pypdf,5
2012,政治,河北,老高考,2021,全国卷,common,河北卷,done,../papers/2012/政治/全国/河北文综/2012_政治_河北文综_原卷.pdf,../papers/2012/政治/全国/河北文综/2012_政治_河北文综_OCR与考点.md,,pypdf,8
2012,政治,山西,老高考,2025,全国卷,common,山西卷,done,../papers/2012/政治/全国/山西文综/2012_政治_山西文综_原卷.pdf,../papers/2012/政治/全国/山西文综/2012_政治_山西文综_OCR与考点.md,,pypdf,8
2012,政治,内蒙古,老高考,2025,全国卷,common,内蒙古卷,done,../papers/2012/政治/全国/内蒙古文综/2012_政治_内蒙古文综_原卷.pdf,../papers/2012/政治/全国/内蒙古文综/2012_政治_内蒙古文综_OCR与考点.md,,pypdf,8
2012,政治,辽宁,老高考,2021,全国卷,common,辽宁卷,done,../papers/2012/政治/全国/辽宁文综/2012_政治_辽宁文综_原卷.pdf,../papers/2012/政治/全国/辽宁文综/2012_政治_辽宁文综_OCR与考点.md,,pypdf,8
2012,政治,吉林,老高考,2024,全国卷,common,吉林卷,done,../papers/2012/政治/全国/吉林文综/2012_政治_吉林文综_原卷.pdf,../papers/2012/政治/全国/吉林文综/2012_政治_吉林文综_OCR与考点.md,,pypdf,8
2012,政治,黑龙江,老高考,2024,全国卷,common,黑龙江卷,done,../papers/2012/政治/全国/黑龙江文综/2012_政治_黑龙江文综_原卷.pdf,../papers/2012/政治/全国/黑龙江文综/2012_政治_黑龙江文综_OCR与考点.md,,pypdf,8
2012,政治,上海,老高考,2017,地方/区域卷,local,上海卷,done,../papers/2012/政治/上海/上海文综/2012_政治_上海文综_原卷.pdf,../papers/2012/政治/上海/上海文综/2012_政治_上海文综_OCR与考点.md,,pypdf,9
2012,政治,江苏,老高考,2021,地方/区域卷,local,江苏卷,done,../papers/2012/政治/江苏/江苏文综/2012_政治_江苏文综_原卷.pdf,../papers/2012/政治/江苏/江苏文综/2012_政治_江苏文综_OCR与考点.md,,pypdf,10
2012,政治,浙江,老高考,2017,地方/区域卷,local,浙江卷,done,../papers/2012/政治/浙江/浙江文综/2012_政治_浙江文综_原卷.pdf,../papers/2012/政治/浙江/浙江文综/2012_政治_浙江文综_OCR与考点.md,,pypdf,5
2012,政治,安徽,老高考,2024,地方/区域卷,local,安徽卷,done,../papers/2012/政治/安徽/安徽文综/2012_政治_安徽文综_原卷.pdf,../papers/2012/政治/安徽/安徽文综/2012_政治_安徽文综_OCR与考点.md,,pypdf,4
2012,政治,福建,老高考,2021,地方/区域卷,local,福建卷,done,../papers/2012/政治/福建/福建文综/2012_政治_福建文综_原卷.pdf,../papers/2012/政治/福建/福建文综/2012_政治_福建文综_OCR与考点.md,,pypdf,3
2012,政治,江西,老高考,2024,全国卷,common,江西卷,done,../papers/2012/政治/全国/江西文综/2012_政治_江西文综_原卷.pdf,../papers/2012/政治/全国/江西文综/2012_政治_江西文综_OCR与考点.md,,pypdf,8
2012,政治,山东,老高考,2020,地方/区域卷,local,山东卷,done,../papers/2012/政治/山东/山东文综/2012_政治_山东文综_原卷.pdf,../papers/2012/政治/山东/山东文综/2012_政治_山东文综_OCR与考点.md,,pypdf,5
2012,政治,河南,老高考,2025,全国卷,common,河南卷,done,../papers/2012/政治/全国/河南文综/2012_政治_河南文综_原卷.pdf,../papers/2012/政治/全国/河南文综/2012_政治_河南文综_OCR与考点.md,,pypdf,8
2012,政治,湖北,老高考,2021,全国卷,common,湖北卷,done,../papers/2012/政治/全国/湖北文综/2012_政治_湖北文综_原卷.pdf,../papers/2012/政治/全国/湖北文综/2012_政治_湖北文综_OCR与考点.md,,pypdf,8
2012,政治,湖南,老高考,2021,全国卷,common,湖南卷,done,../papers/2012/政治/全国/湖南文综/2012_政治_湖南文综_原卷.pdf,../papers/2012/政治/全国/湖南文综/2012_政治_湖南文综_OCR与考点.md,,pypdf,8
2012,政治,广东,老高考,2021,地方/区域卷,local,广东卷,done,../papers/2012/政治/广东/广东文综/2012_政治_广东文综_原卷.pdf,../papers/2012/政治/广东/广东文综/2012_政治_广东文综_OCR与考点.md,,pypdf,7
2012,政治,广西,老高考,2024,地方/区域卷,local,广西卷,done,../papers/2012/政治/广西/广西文综/2012_政治_广西文综_原卷.pdf,../papers/2012/政治/广西/广西文综/2012_政治_广西文综_OCR与考点.md,,pypdf,6
2012,政治,海南,老高考,2020,地方/区域卷,local,海南卷,done,../papers/2012/政治/海南/海南文综/2012_政治_海南文综_原卷.pdf,../papers/2012/政治/海南/海南文综/2012_政治_海南文综_OCR与考点.md,,pypdf,6
2012,政治,重庆,老高考,2021,地方/区域卷,local,重庆卷,done,../papers/2012/政治/重庆/重庆文综/2012_政治_重庆文综_原卷.pdf,../papers/2012/政治/重庆/重庆文综/2012_政治_重庆文综_OCR与考点.md,,pypdf,4
2012,政治,四川,老高考,2025,地方/区域卷,local,四川卷,done,../papers/2012/政治/四川/四川文综/2012_政治_四川文综_原卷.pdf,../papers/2012/政治/四川/四川文综/2012_政治_四川文综_OCR与考点.md,,pypdf,5
2012,政治,贵州,老高考,2024,地方/区域卷,local,贵州卷,done,../papers/2012/政治/贵州/贵州文综/2012_政治_贵州文综_原卷.pdf,../papers/2012/政治/贵州/贵州文综/2012_政治_贵州文综_OCR与考点.md,,pypdf,6
2012,政治,云南,老高考,2025,全国卷,common,云南卷,done,../papers/2012/政治/全国/云南文综/2012_政治_云南文综_原卷.pdf,../papers/2012/政治/全国/云南文综/2012_政治_云南文综_OCR与考点.md,,pypdf,8
2012,政治,西藏,老高考,,全国卷,common,西藏卷,done,../papers/2012/政治/全国/西藏文综/2012_政治_西藏文综_原卷.pdf,../papers/2012/政治/全国/西藏文综/2012_政治_西藏文综_OCR与考点.md,,pypdf,8
2012,政治,陕西,老高考,2025,全国卷,common,陕西卷,done,../papers/2012/政治/全国/陕西文综/2012_政治_陕西文综_原卷.pdf,../papers/2012/政治/全国/陕西文综/2012_政治_陕西文综_OCR与考点.md,,pypdf,8
2012,政治,甘肃,老高考,2024,地方/区域卷,local,甘肃卷,done,../papers/2012/政治/甘肃/甘肃文综/2012_政治_甘肃文综_原卷.pdf,../papers/2012/政治/甘肃/甘肃文综/2012_政治_甘肃文综_OCR与考点.md,,pypdf,6
2012,政治,青海,老高考,2025,地方/区域卷,local,青海卷,done,../papers/2012/政治/青海/青海文综/2012_政治_青海文综_原卷.pdf,../papers/2012/政治/青海/青海文综/2012_政治_青海文综_OCR与考点.md,,pypdf,6
2012,政治,宁夏,老高考,2025,全国卷,common,宁夏卷,done,../papers/2012/政治/全国/宁夏文综/2012_政治_宁夏文综_原卷.pdf,../papers/2012/政治/全国/宁夏文综/2012_政治_宁夏文综_OCR与考点.md,,pypdf,8
2012,政治,新疆,老高考,,全国卷,common,新疆卷,done,../papers/2012/政治/全国/新疆文综/2012_政治_新疆文综_原卷.pdf,../papers/2012/政治/全国/新疆文综/2012_政治_新疆文综_OCR与考点.md,,pypdf,8
2012,历史,北京,老高考,2020,地方/区域卷,local,北京卷,done,../papers/2012/历史/北京/北京文综/2012_历史_北京文综_原卷.pdf,../papers/2012/历史/北京/北京文综/2012_历史_北京文综_OCR与考点.md,,pypdf,6
2012,历史,天津,老高考,2020,地方/区域卷,local,天津卷,done,../papers/2012/历史/天津/天津文综/2012_历史_天津文综_原卷.pdf,../papers/2012/历史/天津/天津文综/2012_历史_天津文综_OCR与考点.md,,pypdf,6
2012,历史,河北,老高考,2021,全国卷,common,河北卷,done,../papers/2012/历史/全国/河北文综/2012_历史_河北文综_原卷.pdf,../papers/2012/历史/全国/河北文综/2012_历史_河北文综_OCR与考点.md,,pypdf,10
2012,历史,山西,老高考,2025,全国卷,common,山西卷,done,../papers/2012/历史/全国/山西文综/2012_历史_山西文综_原卷.pdf,../papers/2012/历史/全国/山西文综/2012_历史_山西文综_OCR与考点.md,,pypdf,10
2012,历史,内蒙古,老高考,2025,全国卷,common,内蒙古卷,done,../papers/2012/历史/全国/内蒙古文综/2012_历史_内蒙古文综_原卷.pdf,../papers/2012/历史/全国/内蒙古文综/2012_历史_内蒙古文综_OCR与考点.md,,pypdf,10
2012,历史,辽宁,老高考,2021,全国卷,common,辽宁卷,done,../papers/2012/历史/全国/辽宁文综/2012_历史_辽宁文综_原卷.pdf,../papers/2012/历史/全国/辽宁文综/2012_历史_辽宁文综_OCR与考点.md,,pypdf,10
2012,历史,吉林,老高考,2024,全国卷,common,吉林卷,done,../papers/2012/历史/全国/吉林文综/2012_历史_吉林文综_原卷.pdf,../papers/2012/历史/全国/吉林文综/2012_历史_吉林文综_OCR与考点.md,,pypdf,10
2012,历史,黑龙江,老高考,2024,全国卷,common,黑龙江卷,done,../papers/2012/历史/全国/黑龙江文综/2012_历史_黑龙江文综_原卷.pdf,../papers/2012/历史/全国/黑龙江文综/2012_历史_黑龙江文综_OCR与考点.md,,pypdf,10
2012,历史,上海,老高考,2017,地方/区域卷,local,上海卷,done,../papers/2012/历史/上海/上海文综/2012_历史_上海文综_原卷.pdf,../papers/2012/历史/上海/上海文综/2012_历史_上海文综_OCR与考点.md,,pypdf,10
2012,历史,江苏,老高考,2021,地方/区域卷,local,江苏卷,done,../papers/2012/历史/江苏/江苏文综/2012_历史_江苏文综_原卷.pdf,../papers/2012/历史/江苏/江苏文综/2012_历史_江苏文综_OCR与考点.md,,pypdf,11
2012,历史,浙江,老高考,2017,地方/区域卷,local,浙江卷,done,../papers/2012/历史/浙江/浙江文综/2012_历史_浙江文综_原卷.pdf,../papers/2012/历史/浙江/浙江文综/2012_历史_浙江文综_OCR与考点.md,,pypdf,3
2012,历史,安徽,老高考,2024,地方/区域卷,local,安徽卷,done,../papers/2012/历史/安徽/安徽文综/2012_历史_安徽文综_原卷.pdf,../papers/2012/历史/安徽/安徽文综/2012_历史_安徽文综_OCR与考点.md,,pypdf,6
2012,历史,福建,老高考,2021,地方/区域卷,local,福建卷,done,../papers/2012/历史/福建/福建文综/2012_历史_福建文综_原卷.pdf,../papers/2012/历史/福建/福建文综/2012_历史_福建文综_OCR与考点.md,,pypdf,7
2012,历史,江西,老高考,2024,全国卷,common,江西卷,done,../papers/2012/历史/全国/江西文综/2012_历史_江西文综_原卷.pdf,../papers/2012/历史/全国/江西文综/2012_历史_江西文综_OCR与考点.md,,pypdf,10
2012,历史,山东,老高考,2020,地方/区域卷,local,山东卷,done,../papers/2012/历史/山东/山东文综/2012_历史_山东文综_原卷.pdf,../papers/2012/历史/山东/山东文综/2012_历史_山东文综_OCR与考点.md,,pypdf,5
2012,历史,河南,老高考,2025,全国卷,common,河南卷,done,../papers/2012/历史/全国/河南文综/2012_历史_河南文综_原卷.pdf,../papers/2012/历史/全国/河南文综/2012_历史_河南文综_OCR与考点.md,,pypdf,10
2012,历史,湖北,老高考,2021,全国卷,common,湖北卷,done,../papers/2012/历史/全国/湖北文综/2012_历史_湖北文综_原卷.pdf,../papers/2012/历史/全国/湖北文综/2012_历史_湖北文综_OCR与考点.md,,pypdf,10
2012,历史,湖南,老高考,2021,全国卷,common,湖南卷,done,../papers/2012/历史/全国/湖南文综/2012_历史_湖南文综_原卷.pdf,../papers/2012/历史/全国/湖南文综/2012_历史_湖南文综_OCR与考点.md,,pypdf,10
2012,历史,广东,老高考,2021,地方/区域卷,local,广东卷,done,../papers/2012/历史/广东/广东文综/2012_历史_广东文综_原卷.pdf,../papers/2012/历史/广东/广东文综/2012_历史_广东文综_OCR与考点.md,,pypdf,3
2012,历史,广西,老高考,2024,地方/区域卷,local,广西卷,done,../papers/2012/历史/广西/广西文综/2012_历史_广西文综_原卷.pdf,../papers/2012/历史/广西/广西文综/2012_历史_广西文综_OCR与考点.md,,pypdf,7
2012,历史,海南,老高考,2020,地方/区域卷,local,海南卷,done,../papers/2012/历史/海南/海南文综/2012_历史_海南文综_原卷.pdf,../papers/2012/历史/海南/海南文综/2012_历史_海南文综_OCR与考点.md,,pypdf,8
2012,历史,重庆,老高考,2021,地方/区域卷,local,重庆卷,done,../papers/2012/历史/重庆/重庆文综/2012_历史_重庆文综_原卷.pdf,../papers/2012/历史/重庆/重庆文综/2012_历史_重庆文综_OCR与考点.md,,pypdf,6
2012,历史,四川,老高考,2025,地方/区域卷,local,四川卷,done,../papers/2012/历史/四川/四川文综/2012_历史_四川文综_原卷.pdf,../papers/2012/历史/四川/四川文综/2012_历史_四川文综_OCR与考点.md,,pypdf,6
2012,历史,贵州,老高考,2024,地方/区域卷,local,贵州卷,done,../papers/2012/历史/贵州/贵州文综/2012_历史_贵州文综_原卷.pdf,../papers/2012/历史/贵州/贵州文综/2012_历史_贵州文综_OCR与考点.md,,pypdf,7
2012,历史,云南,老高考,2025,全国卷,common,云南卷,done,../papers/2012/历史/全国/云南文综/2012_历史_云南文综_原卷.pdf,../papers/2012/历史/全国/云南文综/2012_历史_云南文综_OCR与考点.md,,pypdf,10
2012,历史,西藏,老高考,,全国卷,common,西藏卷,done,../papers/2012/历史/全国/西藏文综/2012_历史_西藏文综_原卷.pdf,../papers/2012/历史/全国/西藏文综/2012_历史_西藏文综_OCR与考点.md,,pypdf,10
2012,历史,陕西,老高考,2025,全国卷,common,陕西卷,done,../papers/2012/历史/全国/陕西文综/2012_历史_陕西文综_原卷.pdf,../papers/2012/历史/全国/陕西文综/2012_历史_陕西文综_OCR与考点.md,,pypdf,10
2012,历史,甘肃,老高考,2024,地方/区域卷,local,甘肃卷,done,../papers/2012/历史/甘肃/甘肃文综/2012_历史_甘肃文综_原卷.pdf,../papers/2012/历史/甘肃/甘肃文综/2012_历史_甘肃文综_OCR与考点.md,,pypdf,7
2012,历史,青海,老高考,2025,地方/区域卷,local,青海卷,done,../papers/2012/历史/青海/青海文综/2012_历史_青海文综_原卷.pdf,../papers/2012/历史/青海/青海文综/2012_历史_青海文综_OCR与考点.md,,pypdf,7
2012,历史,宁夏,老高考,2025,全国卷,common,宁夏卷,done,../papers/2012/历史/全国/宁夏文综/2012_历史_宁夏文综_原卷.pdf,../papers/2012/历史/全国/宁夏文综/2012_历史_宁夏文综_OCR与考点.md,,pypdf,10
2012,历史,新疆,老高考,,全国卷,common,新疆卷,done,../papers/2012/历史/全国/新疆文综/2012_历史_新疆文综_原卷.pdf,../papers/2012/历史/全国/新疆文综/2012_历史_新疆文综_OCR与考点.md,,pypdf,10
2012,地理,北京,老高考,2020,地方/区域卷,local,北京卷,done,../papers/2012/地理/北京/北京文综/2012_地理_北京文综_原卷.pdf,../papers/2012/地理/北京/北京文综/2012_地理_北京文综_OCR与考点.md,,pypdf,6
2012,地理,天津,老高考,2020,地方/区域卷,local,天津卷,done,../papers/2012/地理/天津/天津文综/2012_地理_天津文综_原卷.pdf,../papers/2012/地理/天津/天津文综/2012_地理_天津文综_OCR与考点.md,,pypdf,7
2012,地理,河北,老高考,2021,全国卷,common,河北卷,done,../papers/2012/地理/全国/河北文综/2012_地理_河北文综_原卷.pdf,../papers/2012/地理/全国/河北文综/2012_地理_河北文综_OCR与考点.md,,pypdf,7
2012,地理,山西,老高考,2025,全国卷,common,山西卷,done,../papers/2012/地理/全国/山西文综/2012_地理_山西文综_原卷.pdf,../papers/2012/地理/全国/山西文综/2012_地理_山西文综_OCR与考点.md,,pypdf,7
2012,地理,内蒙古,老高考,2025,全国卷,common,内蒙古卷,done,../papers/2012/地理/全国/内蒙古文综/2012_地理_内蒙古文综_原卷.pdf,../papers/2012/地理/全国/内蒙古文综/2012_地理_内蒙古文综_OCR与考点.md,,pypdf,7
2012,地理,辽宁,老高考,2021,全国卷,common,辽宁卷,done,../papers/2012/地理/全国/辽宁文综/2012_地理_辽宁文综_原卷.pdf,../papers/2012/地理/全国/辽宁文综/2012_地理_辽宁文综_OCR与考点.md,,pypdf,7
2012,地理,吉林,老高考,2024,全国卷,common,吉林卷,done,../papers/2012/地理/全国/吉林文综/2012_地理_吉林文综_原卷.pdf,../papers/2012/地理/全国/吉林文综/2012_地理_吉林文综_OCR与考点.md,,pypdf,7
2012,地理,黑龙江,老高考,2024,全国卷,common,黑龙江卷,done,../papers/2012/地理/全国/黑龙江文综/2012_地理_黑龙江文综_原卷.pdf,../papers/2012/地理/全国/黑龙江文综/2012_地理_黑龙江文综_OCR与考点.md,,pypdf,7
2012,地理,上海,老高考,2017,地方/区域卷,local,上海卷,done,../papers/2012/地理/上海/上海文综/2012_地理_上海文综_原卷.pdf,../papers/2012/地理/上海/上海文综/2012_地理_上海文综_OCR与考点.md,,pypdf,12
2012,地理,江苏,老高考,2021,地方/区域卷,local,江苏卷,done,../papers/2012/地理/江苏/江苏文综/2012_地理_江苏文综_原卷.pdf,../papers/2012/地理/江苏/江苏文综/2012_地理_江苏文综_OCR与考点.md,,pypdf,16
2012,地理,浙江,老高考,2017,地方/区域卷,local,浙江卷,done,../papers/2012/地理/浙江/浙江文综/2012_地理_浙江文综_原卷.pdf,../papers/2012/地理/浙江/浙江文综/2012_地理_浙江文综_OCR与考点.md,,pypdf,6
2012,地理,安徽,老高考,2024,地方/区域卷,local,安徽卷,done,../papers/2012/地理/安徽/安徽文综/2012_地理_安徽文综_原卷.pdf,../papers/2012/地理/安徽/安徽文综/2012_地理_安徽文综_OCR与考点.md,,pypdf,6
2012,地理,福建,老高考,2021,地方/区域卷,local,福建卷,done,../papers/2012/地理/福建/福建文综/2012_地理_福建文综_原卷.pdf,../papers/2012/地理/福建/福建文综/2012_地理_福建文综_OCR与考点.md,,pypdf,6
2012,地理,江西,老高考,2024,全国卷,common,江西卷,done,../papers/2012/地理/全国/江西文综/2012_地理_江西文综_原卷.pdf,../papers/2012/地理/全国/江西文综/2012_地理_江西文综_OCR与考点.md,,pypdf,7
2012,地理,山东,老高考,2020,地方/区域卷,local,山东卷,done,../papers/2012/地理/山东/山东文综/2012_地理_山东文综_原卷.pdf,../papers/2012/地理/山东/山东文综/2012_地理_山东文综_OCR与考点.md,,pypdf,6
2012,地理,河南,老高考,2025,全国卷,common,河南卷,done,../papers/2012/地理/全国/河南文综/2012_地理_河南文综_原卷.pdf,../papers/2012/地理/全国/河南文综/2012_地理_河南文综_OCR与考点.md,,pypdf,7
2012,地理,湖北,老高考,2021,全国卷,common,湖北卷,done,../papers/2012/地理/全国/湖北文综/2012_地理_湖北文综_原卷.pdf,../papers/2012/地理/全国/湖北文综/2012_地理_湖北文综_OCR与考点.md,,pypdf,7
2012,地理,湖南,老高考,2021,全国卷,common,湖南卷,done,../papers/2012/地理/全国/湖南文综/2012_地理_湖南文综_原卷.pdf,../papers/2012/地理/全国/湖南文综/2012_地理_湖南文综_OCR与考点.md,,pypdf,7
2012,地理,广东,老高考,2021,地方/区域卷,local,广东卷,done,../papers/2012/地理/广东/广东文综/2012_地理_广东文综_原卷.pdf,../papers/2012/地理/广东/广东文综/2012_地理_广东文综_OCR与考点.md,,pypdf,5
2012,地理,广西,老高考,2024,地方/区域卷,local,广西卷,done,../papers/2012/地理/广西/广西文综/2012_地理_广西文综_原卷.pdf,../papers/2012/地理/广西/广西文综/2012_地理_广西文综_OCR与考点.md,,pypdf,6
2012,地理,海南,老高考,2020,地方/区域卷,local,海南卷,done,../papers/2012/地理/海南/海南文综/2012_地理_海南文综_原卷.pdf,../papers/2012/地理/海南/海南文综/2012_地理_海南文综_OCR与考点.md,,pypdf,9
2012,地理,重庆,老高考,2021,地方/区域卷,local,重庆卷,done,../papers/2012/地理/重庆/重庆文综/2012_地理_重庆文综_原卷.pdf,../papers/2012/地理/重庆/重庆文综/2012_地理_重庆文综_OCR与考点.md,,pypdf,5
2012,地理,四川,老高考,2025,地方/区域卷,local,四川卷,done,../papers/2012/地理/四川/四川文综/2012_地理_四川文综_原卷.pdf,../papers/2012/地理/四川/四川文综/2012_地理_四川文综_OCR与考点.md,,pypdf,5
2012,地理,贵州,老高考,2024,地方/区域卷,local,贵州卷,done,../papers/2012/地理/贵州/贵州文综/2012_地理_贵州文综_原卷.pdf,../papers/2012/地理/贵州/贵州文综/2012_地理_贵州文综_OCR与考点.md,,pypdf,6
2012,地理,云南,老高考,2025,全国卷,common,云南卷,done,../papers/2012/地理/全国/云南文综/2012_地理_云南文综_原卷.pdf,../papers/2012/地理/全国/云南文综/2012_地理_云南文综_OCR与考点.md,,pypdf,7
2012,地理,西藏,老高考,,全国卷,common,西藏卷,done,../papers/2012/地理/全国/西藏文综/2012_地理_西藏文综_原卷.pdf,../papers/2012/地理/全国/西藏文综/2012_地理_西藏文综_OCR与考点.md,,pypdf,7
2012,地理,陕西,老高考,2025,全国卷,common,陕西卷,done,../papers/2012/地理/全国/陕西文综/2012_地理_陕西文综_原卷.pdf,../papers/2012/地理/全国/陕西文综/2012_地理_陕西文综_OCR与考点.md,,pypdf,7
2012,地理,甘肃,老高考,2024,地方/区域卷,local,甘肃卷,done,../papers/2012/地理/甘肃/甘肃文综/2012_地理_甘肃文综_原卷.pdf,../papers/2012/地理/甘肃/甘肃文综/2012_地理_甘肃文综_OCR与考点.md,,pypdf,6
2012,地理,青海,老高考,2025,地方/区域卷,local,青海卷,done,../papers/2012/地理/青海/青海文综/2012_地理_青海文综_原卷.pdf,../papers/2012/地理/青海/青海文综/2012_地理_青海文综_OCR与考点.md,,pypdf,6
2012,地理,宁夏,老高考,2025,全国卷,common,宁夏卷,done,../papers/2012/地理/全国/宁夏文综/2012_地理_宁夏文综_原卷.pdf,../papers/2012/地理/全国/宁夏文综/2012_地理_宁夏文综_OCR与考点.md,,pypdf,7
2012,地理,新疆,老高考,,全国卷,common,新疆卷,done,../papers/2012/地理/全国/新疆文综/2012_地理_新疆文综_原卷.pdf,../papers/2012/地理/全国/新疆文综/2012_地理_新疆文综_OCR与考点.md,,pypdf,7
2013,语文,北京,老高考,2020,地方/区域卷,local,北京卷,pdf_only,../papers/2013/语文/北京/北京卷/2013_语文_北京卷_原卷.pdf,,,,
2013,语文,天津,老高考,2020,地方/区域卷,local,天津卷,pdf_only,../papers/2013/语文/天津/天津卷/2013_语文_天津卷_原卷.pdf,,,,
2013,语文,河北,老高考,2021,全国卷,common,全国Ⅰ卷,pdf_only,../papers/2013/语文/全国/全国Ⅰ卷/2013_语文_全国Ⅰ卷_原卷.pdf,,,,
2013,语文,山西,老高考,2025,全国卷,common,全国Ⅰ卷,pdf_only,../papers/2013/语文/全国/全国Ⅰ卷/2013_语文_全国Ⅰ卷_原卷.pdf,,,,
2013,语文,内蒙古,老高考,2025,全国卷,common,全国Ⅱ卷,pdf_only,../papers/2013/语文/全国/全国Ⅱ卷/2013_语文_全国Ⅱ卷_原卷.pdf,,,,
2013,语文,辽宁,老高考,2021,地方/区域卷,local,辽宁卷,pdf_only,../papers/2013/语文/辽宁/辽宁卷/2013_语文_辽宁卷_原卷.pdf,,,,
2013,语文,吉林,老高考,2024,全国卷,common,全国Ⅱ卷,pdf_only,../papers/2013/语文/全国/全国Ⅱ卷/2013_语文_全国Ⅱ卷_原卷.pdf,,,,
2013,语文,黑龙江,老高考,2024,全国卷,common,全国Ⅱ卷,pdf_only,../papers/2013/语文/全国/全国Ⅱ卷/2013_语文_全国Ⅱ卷_原卷.pdf,,,,
2013,语文,上海,老高考,2017,地方/区域卷,local,上海卷,pdf_only,../papers/2013/语文/上海/上海卷/2013_语文_上海卷_原卷.pdf,,,,
2013,语文,江苏,老高考,2021,地方/区域卷,local,江苏卷,pdf_only,../papers/2013/语文/江苏/江苏卷/2013_语文_江苏卷_原卷.pdf,,,,
2013,语文,浙江,老高考,2017,地方/区域卷,local,浙江卷,pdf_only,../papers/2013/语文/浙江/浙江卷/2013_语文_浙江卷_原卷.pdf,,,,
2013,语文,安徽,老高考,2024,地方/区域卷,local,安徽卷,pdf_only,../papers/2013/语文/安徽/安徽卷/2013_语文_安徽卷_原卷.pdf,,,,
2013,语文,福建,老高考,2021,地方/区域卷,local,福建卷,pdf_only,../papers/2013/语文/福建/福建卷/2013_语文_福建卷_原卷.pdf,,,,
2013,语文,江西,老高考,2024,地方/区域卷,local,江西卷,pdf_only,../papers/2013/语文/江西/江西卷/2013_语文_江西卷_原卷.pdf,,,,
2013,语文,山东,老高考,2020,地方/区域卷,local,山东卷,pdf_only,../papers/2013/语文/山东/山东卷/2013_语文_山东卷_原卷.pdf,,,,
2013,语文,河南,老高考,2025,全国卷,common,全国Ⅰ卷,pdf_only,../papers/2013/语文/全国/全国Ⅰ卷/2013_语文_全国Ⅰ卷_原卷.pdf,,,,
2013,语文,湖北,老高考,2021,地方/区域卷,local,湖北卷,pdf_only,../papers/2013/语文/湖北/湖北卷/2013_语文_湖北卷_原卷.pdf,,,,
2013,语文,湖南,老高考,2021,地方/区域卷,local,湖南卷,pdf_only,../papers/2013/语文/湖南/湖南卷/2013_语文_湖南卷_原卷.pdf,,,,
2013,语文,广东,老高考,2021,地方/区域卷,local,广东卷,pdf_only,../papers/2013/语文/广东/广东卷/2013_语文_广东卷_原卷.pdf,,,,
2013,语文,广西,老高考,2024,全国卷,common,全国Ⅱ卷,pdf_only,../papers/2013/语文/全国/全国Ⅱ卷/2013_语文_全国Ⅱ卷_原卷.pdf,,,,
2013,语文,海南,老高考,2020,全国卷,common,全国Ⅱ卷,pdf_only,../papers/2013/语文/全国/全国Ⅱ卷/2013_语文_全国Ⅱ卷_原卷.pdf,,,,
2013,语文,重庆,老高考,2021,地方/区域卷,local,重庆卷,pdf_only,../papers/2013/语文/重庆/重庆卷/2013_语文_重庆卷_原卷.pdf,,,,
2013,语文,四川,老高考,2025,地方/区域卷,local,四川卷,pdf_only,../papers/2013/语文/四川/四川卷/2013_语文_四川卷_原卷.pdf,,,,
2013,语文,贵州,老高考,2024,全国卷,common,全国Ⅱ卷,pdf_only,../papers/2013/语文/全国/全国Ⅱ卷/2013_语文_全国Ⅱ卷_原卷.pdf,,,,
2013,语文,云南,老高考,2025,全国卷,common,全国Ⅱ卷,pdf_only,../papers/2013/语文/全国/全国Ⅱ卷/2013_语文_全国Ⅱ卷_原卷.pdf,,,,
2013,语文,西藏,老高考,,全国卷,common,全国Ⅱ卷,pdf_only,../papers/2013/语文/全国/全国Ⅱ卷/2013_语文_全国Ⅱ卷_原卷.pdf,,,,
2013,语文,陕西,老高考,2025,全国卷,common,全国Ⅰ卷,pdf_only,../papers/2013/语文/全国/全国Ⅰ卷/2013_语文_全国Ⅰ卷_原卷.pdf,,,,
2013,语文,甘肃,老高考,2024,全国卷,common,全国Ⅱ卷,pdf_only,../papers/2013/语文/全国/全国Ⅱ卷/2013_语文_全国Ⅱ卷_原卷.pdf,,,,
2013,语文,青海,老高考,2025,全国卷,common,全国Ⅱ卷,pdf_only,../papers/2013/语文/全国/全国Ⅱ卷/2013_语文_全国Ⅱ卷_原卷.pdf,,,,
2013,语文,宁夏,老高考,2025,全国卷,common,全国Ⅱ卷,pdf_only,../papers/2013/语文/全国/全国Ⅱ卷/2013_语文_全国Ⅱ卷_原卷.pdf,,,,
2013,语文,新疆,老高考,,全国卷,common,全国Ⅱ卷,pdf_only,../papers/2013/语文/全国/全国Ⅱ卷/2013_语文_全国Ⅱ卷_原卷.pdf,,,,
2013,数学,北京,老高考,2020,地方/区域卷,local,北京卷,done,../papers/2013/数学/北京/北京卷/2013_数学_北京卷_原卷.pdf,../papers/2013/数学/北京/北京卷/2013_数学_北京卷_OCR与考点.md,,pypdf,5
2013,数学,天津,老高考,2020,地方/区域卷,local,天津卷,done,../papers/2013/数学/天津/天津卷/2013_数学_天津卷_原卷.pdf,../papers/2013/数学/天津/天津卷/2013_数学_天津卷_OCR与考点.md,,pypdf,5
2013,数学,河北,老高考,2021,全国卷,common,全国Ⅰ卷,done,../papers/2013/数学/全国/全国Ⅰ卷/2013_数学_全国Ⅰ卷_原卷.pdf,../papers/2013/数学/全国/全国Ⅰ卷/2013_数学_全国Ⅰ卷_OCR与考点.md,,pypdf,6
2013,数学,山西,老高考,2025,全国卷,common,全国Ⅰ卷,done,../papers/2013/数学/全国/全国Ⅰ卷/2013_数学_全国Ⅰ卷_原卷.pdf,../papers/2013/数学/全国/全国Ⅰ卷/2013_数学_全国Ⅰ卷_OCR与考点.md,,pypdf,6
2013,数学,内蒙古,老高考,2025,全国卷,common,全国Ⅱ卷,done,../papers/2013/数学/全国/全国Ⅱ卷/2013_数学_全国Ⅱ卷_原卷.pdf,../papers/2013/数学/全国/全国Ⅱ卷/2013_数学_全国Ⅱ卷_OCR与考点.md,,pypdf,7
2013,数学,辽宁,老高考,2021,地方/区域卷,local,辽宁卷,done,../papers/2013/数学/辽宁/辽宁卷/2013_数学_辽宁卷_原卷.pdf,../papers/2013/数学/辽宁/辽宁卷/2013_数学_辽宁卷_OCR与考点.md,,pypdf,6
2013,数学,吉林,老高考,2024,全国卷,common,全国Ⅱ卷,done,../papers/2013/数学/全国/全国Ⅱ卷/2013_数学_全国Ⅱ卷_原卷.pdf,../papers/2013/数学/全国/全国Ⅱ卷/2013_数学_全国Ⅱ卷_OCR与考点.md,,pypdf,7
2013,数学,黑龙江,老高考,2024,全国卷,common,全国Ⅱ卷,done,../papers/2013/数学/全国/全国Ⅱ卷/2013_数学_全国Ⅱ卷_原卷.pdf,../papers/2013/数学/全国/全国Ⅱ卷/2013_数学_全国Ⅱ卷_OCR与考点.md,,pypdf,7
2013,数学,上海,老高考,2017,地方/区域卷,local,上海卷,done,../papers/2013/数学/上海/上海卷/2013_数学_上海卷_原卷.pdf,../papers/2013/数学/上海/上海卷/2013_数学_上海卷_OCR与考点.md,,pypdf,5
2013,数学,江苏,老高考,2021,地方/区域卷,local,江苏卷,done,../papers/2013/数学/江苏/江苏卷/2013_数学_江苏卷_原卷.pdf,../papers/2013/数学/江苏/江苏卷/2013_数学_江苏卷_OCR与考点.md,,pypdf,6
2013,数学,浙江,老高考,2017,地方/区域卷,local,浙江卷,done,../papers/2013/数学/浙江/浙江卷/2013_数学_浙江卷_原卷.pdf,../papers/2013/数学/浙江/浙江卷/2013_数学_浙江卷_OCR与考点.md,,pypdf,4
2013,数学,安徽,老高考,2024,地方/区域卷,local,安徽卷,done,../papers/2013/数学/安徽/安徽卷/2013_数学_安徽卷_原卷.pdf,../papers/2013/数学/安徽/安徽卷/2013_数学_安徽卷_OCR与考点.md,,pypdf,6
2013,数学,福建,老高考,2021,地方/区域卷,local,福建卷,done,../papers/2013/数学/福建/福建卷/2013_数学_福建卷_原卷.pdf,../papers/2013/数学/福建/福建卷/2013_数学_福建卷_OCR与考点.md,,pypdf,6
2013,数学,江西,老高考,2024,地方/区域卷,local,江西卷,done,../papers/2013/数学/江西/江西卷/2013_数学_江西卷_原卷.pdf,../papers/2013/数学/江西/江西卷/2013_数学_江西卷_OCR与考点.md,,pypdf,6
2013,数学,山东,老高考,2020,地方/区域卷,local,山东卷,done,../papers/2013/数学/山东/山东卷/2013_数学_山东卷_原卷.pdf,../papers/2013/数学/山东/山东卷/2013_数学_山东卷_OCR与考点.md,,pypdf,4
2013,数学,河南,老高考,2025,全国卷,common,全国Ⅰ卷,done,../papers/2013/数学/全国/全国Ⅰ卷/2013_数学_全国Ⅰ卷_原卷.pdf,../papers/2013/数学/全国/全国Ⅰ卷/2013_数学_全国Ⅰ卷_OCR与考点.md,,pypdf,6
2013,数学,湖北,老高考,2021,地方/区域卷,local,湖北卷,done,../papers/2013/数学/湖北/湖北卷/2013_数学_湖北卷_原卷.pdf,../papers/2013/数学/湖北/湖北卷/2013_数学_湖北卷_OCR与考点.md,,pypdf,5
2013,数学,湖南,老高考,2021,地方/区域卷,local,湖南卷,done,../papers/2013/数学/湖南/湖南卷/2013_数学_湖南卷_原卷.pdf,../papers/2013/数学/湖南/湖南卷/2013_数学_湖南卷_OCR与考点.md,,pypdf,5
2013,数学,广东,老高考,2021,地方/区域卷,local,广东卷,done,../papers/2013/数学/广东/广东卷/2013_数学_广东卷_原卷.pdf,../papers/2013/数学/广东/广东卷/2013_数学_广东卷_OCR与考点.md,,pypdf,6
2013,数学,广西,老高考,2024,全国卷,common,全国Ⅱ卷,done,../papers/2013/数学/全国/全国Ⅱ卷/2013_数学_全国Ⅱ卷_原卷.pdf,../papers/2013/数学/全国/全国Ⅱ卷/2013_数学_全国Ⅱ卷_OCR与考点.md,,pypdf,7
2013,数学,海南,老高考,2020,全国卷,common,全国Ⅱ卷,done,../papers/2013/数学/全国/全国Ⅱ卷/2013_数学_全国Ⅱ卷_原卷.pdf,../papers/2013/数学/全国/全国Ⅱ卷/2013_数学_全国Ⅱ卷_OCR与考点.md,,pypdf,7
2013,数学,重庆,老高考,2021,地方/区域卷,local,重庆卷,done,../papers/2013/数学/重庆/重庆卷/2013_数学_重庆卷_原卷.pdf,../papers/2013/数学/重庆/重庆卷/2013_数学_重庆卷_OCR与考点.md,,pypdf,6
2013,数学,四川,老高考,2025,地方/区域卷,local,四川卷,done,../papers/2013/数学/四川/四川卷/2013_数学_四川卷_原卷.pdf,../papers/2013/数学/四川/四川卷/2013_数学_四川卷_OCR与考点.md,,pypdf,6
2013,数学,贵州,老高考,2024,全国卷,common,全国Ⅱ卷,done,../papers/2013/数学/全国/全国Ⅱ卷/2013_数学_全国Ⅱ卷_原卷.pdf,../papers/2013/数学/全国/全国Ⅱ卷/2013_数学_全国Ⅱ卷_OCR与考点.md,,pypdf,7
2013,数学,云南,老高考,2025,全国卷,common,全国Ⅱ卷,done,../papers/2013/数学/全国/全国Ⅱ卷/2013_数学_全国Ⅱ卷_原卷.pdf,../papers/2013/数学/全国/全国Ⅱ卷/2013_数学_全国Ⅱ卷_OCR与考点.md,,pypdf,7
2013,数学,西藏,老高考,,全国卷,common,全国Ⅱ卷,done,../papers/2013/数学/全国/全国Ⅱ卷/2013_数学_全国Ⅱ卷_原卷.pdf,../papers/2013/数学/全国/全国Ⅱ卷/2013_数学_全国Ⅱ卷_OCR与考点.md,,pypdf,7
2013,数学,陕西,老高考,2025,地方/区域卷,local,陕西卷,done,../papers/2013/数学/陕西/陕西卷/2013_数学_陕西卷_原卷.pdf,../papers/2013/数学/陕西/陕西卷/2013_数学_陕西卷_OCR与考点.md,,pypdf,5
2013,数学,甘肃,老高考,2024,地方/区域卷,local,甘肃卷,done,../papers/2013/数学/甘肃/甘肃卷/2013_数学_甘肃卷_原卷.pdf,../papers/2013/数学/甘肃/甘肃卷/2013_数学_甘肃卷_OCR与考点.md,,pypdf,4
2013,数学,青海,老高考,2025,全国卷,common,全国Ⅱ卷,done,../papers/2013/数学/全国/全国Ⅱ卷/2013_数学_全国Ⅱ卷_原卷.pdf,../papers/2013/数学/全国/全国Ⅱ卷/2013_数学_全国Ⅱ卷_OCR与考点.md,,pypdf,7
2013,数学,宁夏,老高考,2025,全国卷,common,全国Ⅱ卷,done,../papers/2013/数学/全国/全国Ⅱ卷/2013_数学_全国Ⅱ卷_原卷.pdf,../papers/2013/数学/全国/全国Ⅱ卷/2013_数学_全国Ⅱ卷_OCR与考点.md,,pypdf,7
2013,数学,新疆,老高考,,全国卷,common,全国Ⅱ卷,done,../papers/2013/数学/全国/全国Ⅱ卷/2013_数学_全国Ⅱ卷_原卷.pdf,../papers/2013/数学/全国/全国Ⅱ卷/2013_数学_全国Ⅱ卷_OCR与考点.md,,pypdf,7
2013,英语,北京,老高考,2020,地方/区域卷,local,北京卷,done,../papers/2013/英语/北京/北京卷/2013_英语_北京卷_原卷.pdf,../papers/2013/英语/北京/北京卷/2013_英语_北京卷_OCR与考点.md,../papers/2013/英语/北京/北京卷/2013_英语_北京卷_听力.mp3,pypdf,15
2013,英语,天津,老高考,2020,地方/区域卷,local,天津卷,done,../papers/2013/英语/天津/天津卷/2013_英语_天津卷_原卷.pdf,../papers/2013/英语/天津/天津卷/2013_英语_天津卷_OCR与考点.md,,pypdf,12
2013,英语,河北,老高考,2021,全国卷,common,全国Ⅰ卷,done,../papers/2013/英语/全国/全国Ⅰ卷/2013_英语_全国Ⅰ卷_原卷.pdf,../papers/2013/英语/全国/全国Ⅰ卷/2013_英语_全国Ⅰ卷_OCR与考点.md,../papers/2013/英语/全国/全国Ⅰ卷/2013_英语_全国Ⅰ卷_听力.mp3,pypdf,13
2013,英语,山西,老高考,2025,全国卷,common,全国Ⅰ卷,done,../papers/2013/英语/全国/全国Ⅰ卷/2013_英语_全国Ⅰ卷_原卷.pdf,../papers/2013/英语/全国/全国Ⅰ卷/2013_英语_全国Ⅰ卷_OCR与考点.md,../papers/2013/英语/全国/全国Ⅰ卷/2013_英语_全国Ⅰ卷_听力.mp3,pypdf,13
2013,英语,内蒙古,老高考,2025,全国卷,common,全国Ⅱ卷,done,../papers/2013/英语/全国/全国Ⅱ卷/2013_英语_全国Ⅱ卷_原卷.pdf,../papers/2013/英语/全国/全国Ⅱ卷/2013_英语_全国Ⅱ卷_OCR与考点.md,../papers/2013/英语/全国/全国Ⅱ卷/2013_英语_全国Ⅱ卷_听力.mp3,pypdf,13
2013,英语,辽宁,老高考,2021,地方/区域卷,local,辽宁卷,done,../papers/2013/英语/辽宁/辽宁卷/2013_英语_辽宁卷_原卷.pdf,../papers/2013/英语/辽宁/辽宁卷/2013_英语_辽宁卷_OCR与考点.md,../papers/2013/英语/辽宁/辽宁卷/2013_英语_辽宁卷_听力.mp3,pypdf,15
2013,英语,吉林,老高考,2024,全国卷,common,全国Ⅱ卷,done,../papers/2013/英语/全国/全国Ⅱ卷/2013_英语_全国Ⅱ卷_原卷.pdf,../papers/2013/英语/全国/全国Ⅱ卷/2013_英语_全国Ⅱ卷_OCR与考点.md,../papers/2013/英语/全国/全国Ⅱ卷/2013_英语_全国Ⅱ卷_听力.mp3,pypdf,13
2013,英语,黑龙江,老高考,2024,全国卷,common,全国Ⅱ卷,done,../papers/2013/英语/全国/全国Ⅱ卷/2013_英语_全国Ⅱ卷_原卷.pdf,../papers/2013/英语/全国/全国Ⅱ卷/2013_英语_全国Ⅱ卷_OCR与考点.md,../papers/2013/英语/全国/全国Ⅱ卷/2013_英语_全国Ⅱ卷_听力.mp3,pypdf,13
2013,英语,上海,老高考,2017,地方/区域卷,local,上海卷,done,../papers/2013/英语/上海/上海卷/2013_英语_上海卷_原卷.pdf,../papers/2013/英语/上海/上海卷/2013_英语_上海卷_OCR与考点.md,../papers/2013/英语/上海/上海卷/2013_英语_上海卷_听力.mp3,pypdf,14
2013,英语,江苏,老高考,2021,地方/区域卷,local,江苏卷,done,../papers/2013/英语/江苏/江苏卷/2013_英语_江苏卷_原卷.pdf,../papers/2013/英语/江苏/江苏卷/2013_英语_江苏卷_OCR与考点.md,../papers/2013/英语/江苏/江苏卷/2013_英语_江苏卷_听力.mp3,pypdf,16
2013,英语,浙江,老高考,2017,地方/区域卷,local,浙江卷,done,../papers/2013/英语/浙江/浙江卷/2013_英语_浙江卷_原卷.pdf,../papers/2013/英语/浙江/浙江卷/2013_英语_浙江卷_OCR与考点.md,,pypdf,12
2013,英语,安徽,老高考,2024,地方/区域卷,local,安徽卷,done,../papers/2013/英语/安徽/安徽卷/2013_英语_安徽卷_原卷.pdf,../papers/2013/英语/安徽/安徽卷/2013_英语_安徽卷_OCR与考点.md,../papers/2013/英语/安徽/安徽卷/2013_英语_安徽卷_听力.mp3,pypdf,16
2013,英语,福建,老高考,2021,地方/区域卷,local,福建卷,done,../papers/2013/英语/福建/福建卷/2013_英语_福建卷_原卷.pdf,../papers/2013/英语/福建/福建卷/2013_英语_福建卷_OCR与考点.md,../papers/2013/英语/福建/福建卷/2013_英语_福建卷_听力.mp3,pypdf,14
2013,英语,江西,老高考,2024,地方/区域卷,local,江西卷,done,../papers/2013/英语/江西/江西卷/2013_英语_江西卷_原卷.pdf,../papers/2013/英语/江西/江西卷/2013_英语_江西卷_OCR与考点.md,../papers/2013/英语/江西/江西卷/2013_英语_江西卷_听力.mp3,pypdf,12
2013,英语,山东,老高考,2020,地方/区域卷,local,山东卷,done,../papers/2013/英语/山东/山东卷/2013_英语_山东卷_原卷.pdf,../papers/2013/英语/山东/山东卷/2013_英语_山东卷_OCR与考点.md,../papers/2013/英语/山东/山东卷/2013_英语_山东卷_听力.mp3,pypdf,9
2013,英语,河南,老高考,2025,全国卷,common,全国Ⅰ卷,done,../papers/2013/英语/全国/全国Ⅰ卷/2013_英语_全国Ⅰ卷_原卷.pdf,../papers/2013/英语/全国/全国Ⅰ卷/2013_英语_全国Ⅰ卷_OCR与考点.md,../papers/2013/英语/全国/全国Ⅰ卷/2013_英语_全国Ⅰ卷_听力.mp3,pypdf,13
2013,英语,湖北,老高考,2021,地方/区域卷,local,湖北卷,done,../papers/2013/英语/湖北/湖北卷/2013_英语_湖北卷_原卷.pdf,../papers/2013/英语/湖北/湖北卷/2013_英语_湖北卷_OCR与考点.md,../papers/2013/英语/湖北/湖北卷/2013_英语_湖北卷_听力.mp3,pypdf,16
2013,英语,湖南,老高考,2021,地方/区域卷,local,湖南卷,done,../papers/2013/英语/湖南/湖南卷/2013_英语_湖南卷_原卷.pdf,../papers/2013/英语/湖南/湖南卷/2013_英语_湖南卷_OCR与考点.md,../papers/2013/英语/湖南/湖南卷/2013_英语_湖南卷_听力.mp3,pypdf,13
2013,英语,广东,老高考,2021,地方/区域卷,local,广东卷,done,../papers/2013/英语/广东/广东卷/2013_英语_广东卷_原卷.pdf,../papers/2013/英语/广东/广东卷/2013_英语_广东卷_OCR与考点.md,,pypdf,13
2013,英语,广西,老高考,2024,全国卷,common,全国Ⅱ卷,done,../papers/2013/英语/全国/全国Ⅱ卷/2013_英语_全国Ⅱ卷_原卷.pdf,../papers/2013/英语/全国/全国Ⅱ卷/2013_英语_全国Ⅱ卷_OCR与考点.md,../papers/2013/英语/全国/全国Ⅱ卷/2013_英语_全国Ⅱ卷_听力.mp3,pypdf,13
2013,英语,海南,老高考,2020,全国卷,common,全国Ⅱ卷,done,../papers/2013/英语/全国/全国Ⅱ卷/2013_英语_全国Ⅱ卷_原卷.pdf,../papers/2013/英语/全国/全国Ⅱ卷/2013_英语_全国Ⅱ卷_OCR与考点.md,../papers/2013/英语/全国/全国Ⅱ卷/2013_英语_全国Ⅱ卷_听力.mp3,pypdf,13
2013,英语,重庆,老高考,2021,地方/区域卷,local,重庆卷,done,../papers/2013/英语/重庆/重庆卷/2013_英语_重庆卷_原卷.pdf,../papers/2013/英语/重庆/重庆卷/2013_英语_重庆卷_OCR与考点.md,../papers/2013/英语/重庆/重庆卷/2013_英语_重庆卷_听力.mp3,pypdf,14
2013,英语,四川,老高考,2025,地方/区域卷,local,四川卷,done,../papers/2013/英语/四川/四川卷/2013_英语_四川卷_原卷.pdf,../papers/2013/英语/四川/四川卷/2013_英语_四川卷_OCR与考点.md,,pypdf,12
2013,英语,贵州,老高考,2024,全国卷,common,全国Ⅱ卷,done,../papers/2013/英语/全国/全国Ⅱ卷/2013_英语_全国Ⅱ卷_原卷.pdf,../papers/2013/英语/全国/全国Ⅱ卷/2013_英语_全国Ⅱ卷_OCR与考点.md,../papers/2013/英语/全国/全国Ⅱ卷/2013_英语_全国Ⅱ卷_听力.mp3,pypdf,13
2013,英语,云南,老高考,2025,全国卷,common,全国Ⅱ卷,done,../papers/2013/英语/全国/全国Ⅱ卷/2013_英语_全国Ⅱ卷_原卷.pdf,../papers/2013/英语/全国/全国Ⅱ卷/2013_英语_全国Ⅱ卷_OCR与考点.md,../papers/2013/英语/全国/全国Ⅱ卷/2013_英语_全国Ⅱ卷_听力.mp3,pypdf,13
2013,英语,西藏,老高考,,全国卷,common,全国Ⅱ卷,done,../papers/2013/英语/全国/全国Ⅱ卷/2013_英语_全国Ⅱ卷_原卷.pdf,../papers/2013/英语/全国/全国Ⅱ卷/2013_英语_全国Ⅱ卷_OCR与考点.md,../papers/2013/英语/全国/全国Ⅱ卷/2013_英语_全国Ⅱ卷_听力.mp3,pypdf,13
2013,英语,陕西,老高考,2025,地方/区域卷,local,陕西卷,done,../papers/2013/英语/陕西/陕西卷/2013_英语_陕西卷_原卷.pdf,../papers/2013/英语/陕西/陕西卷/2013_英语_陕西卷_OCR与考点.md,,pypdf,11
2013,英语,甘肃,老高考,2024,全国卷,common,全国Ⅱ卷,done,../papers/2013/英语/全国/全国Ⅱ卷/2013_英语_全国Ⅱ卷_原卷.pdf,../papers/2013/英语/全国/全国Ⅱ卷/2013_英语_全国Ⅱ卷_OCR与考点.md,../papers/2013/英语/全国/全国Ⅱ卷/2013_英语_全国Ⅱ卷_听力.mp3,pypdf,13
2013,英语,青海,老高考,2025,全国卷,common,全国Ⅱ卷,done,../papers/2013/英语/全国/全国Ⅱ卷/2013_英语_全国Ⅱ卷_原卷.pdf,../papers/2013/英语/全国/全国Ⅱ卷/2013_英语_全国Ⅱ卷_OCR与考点.md,../papers/2013/英语/全国/全国Ⅱ卷/2013_英语_全国Ⅱ卷_听力.mp3,pypdf,13
2013,英语,宁夏,老高考,2025,全国卷,common,全国Ⅱ卷,done,../papers/2013/英语/全国/全国Ⅱ卷/2013_英语_全国Ⅱ卷_原卷.pdf,../papers/2013/英语/全国/全国Ⅱ卷/2013_英语_全国Ⅱ卷_OCR与考点.md,../papers/2013/英语/全国/全国Ⅱ卷/2013_英语_全国Ⅱ卷_听力.mp3,pypdf,13
2013,英语,新疆,老高考,,全国卷,common,全国Ⅱ卷,done,../papers/2013/英语/全国/全国Ⅱ卷/2013_英语_全国Ⅱ卷_原卷.pdf,../papers/2013/英语/全国/全国Ⅱ卷/2013_英语_全国Ⅱ卷_OCR与考点.md,../papers/2013/英语/全国/全国Ⅱ卷/2013_英语_全国Ⅱ卷_听力.mp3,pypdf,13
2013,物理,北京,老高考,2020,地方/区域卷,local,北京卷,done,../papers/2013/物理/北京/北京理综/2013_物理_北京理综_原卷.pdf,../papers/2013/物理/北京/北京理综/2013_物理_北京理综_OCR与考点.md,,pypdf,6
2013,物理,天津,老高考,2020,地方/区域卷,local,天津卷,done,../papers/2013/物理/天津/天津理综/2013_物理_天津理综_原卷.pdf,../papers/2013/物理/天津/天津理综/2013_物理_天津理综_OCR与考点.md,,pypdf,7
2013,物理,河北,老高考,2021,全国卷,common,全国Ⅰ卷,done,../papers/2013/物理/全国/全国Ⅰ卷理综/2013_物理_全国Ⅰ卷理综_原卷.pdf,../papers/2013/物理/全国/全国Ⅰ卷理综/2013_物理_全国Ⅰ卷理综_OCR与考点.md,,pypdf,9
2013,物理,山西,老高考,2025,全国卷,common,全国Ⅰ卷,done,../papers/2013/物理/全国/全国Ⅰ卷理综/2013_物理_全国Ⅰ卷理综_原卷.pdf,../papers/2013/物理/全国/全国Ⅰ卷理综/2013_物理_全国Ⅰ卷理综_OCR与考点.md,,pypdf,9
2013,物理,内蒙古,老高考,2025,全国卷,common,全国Ⅱ卷,done,../papers/2013/物理/全国/全国Ⅱ卷理综/2013_物理_全国Ⅱ卷理综_原卷.pdf,../papers/2013/物理/全国/全国Ⅱ卷理综/2013_物理_全国Ⅱ卷理综_OCR与考点.md,,pypdf,8
2013,物理,辽宁,老高考,2021,全国卷,common,全国Ⅱ卷,done,../papers/2013/物理/全国/全国Ⅱ卷理综/2013_物理_全国Ⅱ卷理综_原卷.pdf,../papers/2013/物理/全国/全国Ⅱ卷理综/2013_物理_全国Ⅱ卷理综_OCR与考点.md,,pypdf,8
2013,物理,吉林,老高考,2024,全国卷,common,全国Ⅱ卷,done,../papers/2013/物理/全国/全国Ⅱ卷理综/2013_物理_全国Ⅱ卷理综_原卷.pdf,../papers/2013/物理/全国/全国Ⅱ卷理综/2013_物理_全国Ⅱ卷理综_OCR与考点.md,,pypdf,8
2013,物理,黑龙江,老高考,2024,全国卷,common,全国Ⅱ卷,done,../papers/2013/物理/全国/全国Ⅱ卷理综/2013_物理_全国Ⅱ卷理综_原卷.pdf,../papers/2013/物理/全国/全国Ⅱ卷理综/2013_物理_全国Ⅱ卷理综_OCR与考点.md,,pypdf,8
2013,物理,上海,老高考,2017,地方/区域卷,local,上海卷,done,../papers/2013/物理/上海/上海理综/2013_物理_上海理综_原卷.pdf,../papers/2013/物理/上海/上海理综/2013_物理_上海理综_OCR与考点.md,,pypdf,10
2013,物理,江苏,老高考,2021,地方/区域卷,local,江苏卷,done,../papers/2013/物理/江苏/江苏理综/2013_物理_江苏理综_原卷.pdf,../papers/2013/物理/江苏/江苏理综/2013_物理_江苏理综_OCR与考点.md,,pypdf,8
2013,物理,浙江,老高考,2017,地方/区域卷,local,浙江卷,done,../papers/2013/物理/浙江/浙江理综/2013_物理_浙江理综_原卷.pdf,../papers/2013/物理/浙江/浙江理综/2013_物理_浙江理综_OCR与考点.md,,pypdf,5
2013,物理,安徽,老高考,2024,地方/区域卷,local,安徽卷,done,../papers/2013/物理/安徽/安徽理综/2013_物理_安徽理综_原卷.pdf,../papers/2013/物理/安徽/安徽理综/2013_物理_安徽理综_OCR与考点.md,,pypdf,5
2013,物理,福建,老高考,2021,地方/区域卷,local,福建卷,done,../papers/2013/物理/福建/福建理综/2013_物理_福建理综_原卷.pdf,../papers/2013/物理/福建/福建理综/2013_物理_福建理综_OCR与考点.md,,pypdf,14
2013,物理,江西,老高考,2024,全国卷,common,全国Ⅰ卷,done,../papers/2013/物理/全国/全国Ⅰ卷理综/2013_物理_全国Ⅰ卷理综_原卷.pdf,../papers/2013/物理/全国/全国Ⅰ卷理综/2013_物理_全国Ⅰ卷理综_OCR与考点.md,,pypdf,9
2013,物理,山东,老高考,2020,地方/区域卷,local,山东卷,done,../papers/2013/物理/山东/山东理综/2013_物理_山东理综_原卷.pdf,../papers/2013/物理/山东/山东理综/2013_物理_山东理综_OCR与考点.md,,pypdf,7
2013,物理,河南,老高考,2025,全国卷,common,全国Ⅰ卷,done,../papers/2013/物理/全国/全国Ⅰ卷理综/2013_物理_全国Ⅰ卷理综_原卷.pdf,../papers/2013/物理/全国/全国Ⅰ卷理综/2013_物理_全国Ⅰ卷理综_OCR与考点.md,,pypdf,9
2013,物理,湖北,老高考,2021,全国卷,common,全国Ⅰ卷,done,../papers/2013/物理/全国/全国Ⅰ卷理综/2013_物理_全国Ⅰ卷理综_原卷.pdf,../papers/2013/物理/全国/全国Ⅰ卷理综/2013_物理_全国Ⅰ卷理综_OCR与考点.md,,pypdf,9
2013,物理,湖南,老高考,2021,全国卷,common,全国Ⅰ卷,done,../papers/2013/物理/全国/全国Ⅰ卷理综/2013_物理_全国Ⅰ卷理综_原卷.pdf,../papers/2013/物理/全国/全国Ⅰ卷理综/2013_物理_全国Ⅰ卷理综_OCR与考点.md,,pypdf,9
2013,物理,广东,老高考,2021,地方/区域卷,local,广东卷,done,../papers/2013/物理/广东/广东理综/2013_物理_广东理综_原卷.pdf,../papers/2013/物理/广东/广东理综/2013_物理_广东理综_OCR与考点.md,,pypdf,6
2013,物理,广西,老高考,2024,全国卷,common,全国Ⅱ卷,done,../papers/2013/物理/全国/全国Ⅱ卷理综/2013_物理_全国Ⅱ卷理综_原卷.pdf,../papers/2013/物理/全国/全国Ⅱ卷理综/2013_物理_全国Ⅱ卷理综_OCR与考点.md,,pypdf,8
2013,物理,海南,老高考,2020,地方/区域卷,local,海南卷,done,../papers/2013/物理/海南/海南理综/2013_物理_海南理综_原卷.pdf,../papers/2013/物理/海南/海南理综/2013_物理_海南理综_OCR与考点.md,,pypdf,15
2013,物理,重庆,老高考,2021,地方/区域卷,local,重庆卷,done,../papers/2013/物理/重庆/重庆理综/2013_物理_重庆理综_原卷.pdf,../papers/2013/物理/重庆/重庆理综/2013_物理_重庆理综_OCR与考点.md,,pypdf,6
2013,物理,四川,老高考,2025,地方/区域卷,local,四川卷,done,../papers/2013/物理/四川/四川理综/2013_物理_四川理综_原卷.pdf,../papers/2013/物理/四川/四川理综/2013_物理_四川理综_OCR与考点.md,,pypdf,6
2013,物理,贵州,老高考,2024,全国卷,common,全国Ⅱ卷,done,../papers/2013/物理/全国/全国Ⅱ卷理综/2013_物理_全国Ⅱ卷理综_原卷.pdf,../papers/2013/物理/全国/全国Ⅱ卷理综/2013_物理_全国Ⅱ卷理综_OCR与考点.md,,pypdf,8
2013,物理,云南,老高考,2025,全国卷,common,全国Ⅱ卷,done,../papers/2013/物理/全国/全国Ⅱ卷理综/2013_物理_全国Ⅱ卷理综_原卷.pdf,../papers/2013/物理/全国/全国Ⅱ卷理综/2013_物理_全国Ⅱ卷理综_OCR与考点.md,,pypdf,8
2013,物理,西藏,老高考,,全国卷,common,全国Ⅱ卷,done,../papers/2013/物理/全国/全国Ⅱ卷理综/2013_物理_全国Ⅱ卷理综_原卷.pdf,../papers/2013/物理/全国/全国Ⅱ卷理综/2013_物理_全国Ⅱ卷理综_OCR与考点.md,,pypdf,8
2013,物理,陕西,老高考,2025,全国卷,common,全国Ⅱ卷,done,../papers/2013/物理/全国/全国Ⅱ卷理综/2013_物理_全国Ⅱ卷理综_原卷.pdf,../papers/2013/物理/全国/全国Ⅱ卷理综/2013_物理_全国Ⅱ卷理综_OCR与考点.md,,pypdf,8
2013,物理,甘肃,老高考,2024,全国卷,common,全国Ⅱ卷,done,../papers/2013/物理/全国/全国Ⅱ卷理综/2013_物理_全国Ⅱ卷理综_原卷.pdf,../papers/2013/物理/全国/全国Ⅱ卷理综/2013_物理_全国Ⅱ卷理综_OCR与考点.md,,pypdf,8
2013,物理,青海,老高考,2025,全国卷,common,全国Ⅱ卷,done,../papers/2013/物理/全国/全国Ⅱ卷理综/2013_物理_全国Ⅱ卷理综_原卷.pdf,../papers/2013/物理/全国/全国Ⅱ卷理综/2013_物理_全国Ⅱ卷理综_OCR与考点.md,,pypdf,8
2013,物理,宁夏,老高考,2025,全国卷,common,全国Ⅱ卷,done,../papers/2013/物理/全国/全国Ⅱ卷理综/2013_物理_全国Ⅱ卷理综_原卷.pdf,../papers/2013/物理/全国/全国Ⅱ卷理综/2013_物理_全国Ⅱ卷理综_OCR与考点.md,,pypdf,8
2013,物理,新疆,老高考,,全国卷,common,全国Ⅱ卷,done,../papers/2013/物理/全国/全国Ⅱ卷理综/2013_物理_全国Ⅱ卷理综_原卷.pdf,../papers/2013/物理/全国/全国Ⅱ卷理综/2013_物理_全国Ⅱ卷理综_OCR与考点.md,,pypdf,8
2013,化学,北京,老高考,2020,地方/区域卷,local,北京卷,done,../papers/2013/化学/北京/北京理综/2013_化学_北京理综_原卷.pdf,../papers/2013/化学/北京/北京理综/2013_化学_北京理综_OCR与考点.md,,pypdf,6
2013,化学,天津,老高考,2020,地方/区域卷,local,天津卷,done,../papers/2013/化学/天津/天津理综/2013_化学_天津理综_原卷.pdf,../papers/2013/化学/天津/天津理综/2013_化学_天津理综_OCR与考点.md,,pypdf,5
2013,化学,河北,老高考,2021,全国卷,common,全国Ⅰ卷,done,../papers/2013/化学/全国/全国Ⅰ卷理综/2013_化学_全国Ⅰ卷理综_原卷.pdf,../papers/2013/化学/全国/全国Ⅰ卷理综/2013_化学_全国Ⅰ卷理综_OCR与考点.md,,pypdf,8
2013,化学,山西,老高考,2025,全国卷,common,全国Ⅰ卷,done,../papers/2013/化学/全国/全国Ⅰ卷理综/2013_化学_全国Ⅰ卷理综_原卷.pdf,../papers/2013/化学/全国/全国Ⅰ卷理综/2013_化学_全国Ⅰ卷理综_OCR与考点.md,,pypdf,8
2013,化学,内蒙古,老高考,2025,全国卷,common,全国Ⅱ卷,done,../papers/2013/化学/全国/全国Ⅱ卷理综/2013_化学_全国Ⅱ卷理综_原卷.pdf,../papers/2013/化学/全国/全国Ⅱ卷理综/2013_化学_全国Ⅱ卷理综_OCR与考点.md,,pypdf,8
2013,化学,辽宁,老高考,2021,全国卷,common,全国Ⅱ卷,done,../papers/2013/化学/全国/全国Ⅱ卷理综/2013_化学_全国Ⅱ卷理综_原卷.pdf,../papers/2013/化学/全国/全国Ⅱ卷理综/2013_化学_全国Ⅱ卷理综_OCR与考点.md,,pypdf,8
2013,化学,吉林,老高考,2024,全国卷,common,全国Ⅱ卷,done,../papers/2013/化学/全国/全国Ⅱ卷理综/2013_化学_全国Ⅱ卷理综_原卷.pdf,../papers/2013/化学/全国/全国Ⅱ卷理综/2013_化学_全国Ⅱ卷理综_OCR与考点.md,,pypdf,8
2013,化学,黑龙江,老高考,2024,全国卷,common,全国Ⅱ卷,done,../papers/2013/化学/全国/全国Ⅱ卷理综/2013_化学_全国Ⅱ卷理综_原卷.pdf,../papers/2013/化学/全国/全国Ⅱ卷理综/2013_化学_全国Ⅱ卷理综_OCR与考点.md,,pypdf,8
2013,化学,上海,老高考,2017,地方/区域卷,local,上海卷,done,../papers/2013/化学/上海/上海理综/2013_化学_上海理综_原卷.pdf,../papers/2013/化学/上海/上海理综/2013_化学_上海理综_OCR与考点.md,,pypdf,10
2013,化学,江苏,老高考,2021,地方/区域卷,local,江苏卷,done,../papers/2013/化学/江苏/江苏理综/2013_化学_江苏理综_原卷.pdf,../papers/2013/化学/江苏/江苏理综/2013_化学_江苏理综_OCR与考点.md,,pypdf,10
2013,化学,浙江,老高考,2017,地方/区域卷,local,浙江卷,done,../papers/2013/化学/浙江/浙江理综/2013_化学_浙江理综_原卷.pdf,../papers/2013/化学/浙江/浙江理综/2013_化学_浙江理综_OCR与考点.md,,pypdf,5
2013,化学,安徽,老高考,2024,地方/区域卷,local,安徽卷,done,../papers/2013/化学/安徽/安徽理综/2013_化学_安徽理综_原卷.pdf,../papers/2013/化学/安徽/安徽理综/2013_化学_安徽理综_OCR与考点.md,,pypdf,5
2013,化学,福建,老高考,2021,地方/区域卷,local,福建卷,done,../papers/2013/化学/福建/福建理综/2013_化学_福建理综_原卷.pdf,../papers/2013/化学/福建/福建理综/2013_化学_福建理综_OCR与考点.md,,pypdf,6
2013,化学,江西,老高考,2024,全国卷,common,全国Ⅰ卷,done,../papers/2013/化学/全国/全国Ⅰ卷理综/2013_化学_全国Ⅰ卷理综_原卷.pdf,../papers/2013/化学/全国/全国Ⅰ卷理综/2013_化学_全国Ⅰ卷理综_OCR与考点.md,,pypdf,8
2013,化学,山东,老高考,2020,地方/区域卷,local,山东卷,done,../papers/2013/化学/山东/山东理综/2013_化学_山东理综_原卷.pdf,../papers/2013/化学/山东/山东理综/2013_化学_山东理综_OCR与考点.md,,pypdf,6
2013,化学,河南,老高考,2025,全国卷,common,全国Ⅰ卷,done,../papers/2013/化学/全国/全国Ⅰ卷理综/2013_化学_全国Ⅰ卷理综_原卷.pdf,../papers/2013/化学/全国/全国Ⅰ卷理综/2013_化学_全国Ⅰ卷理综_OCR与考点.md,,pypdf,8
2013,化学,湖北,老高考,2021,全国卷,common,全国Ⅰ卷,done,../papers/2013/化学/全国/全国Ⅰ卷理综/2013_化学_全国Ⅰ卷理综_原卷.pdf,../papers/2013/化学/全国/全国Ⅰ卷理综/2013_化学_全国Ⅰ卷理综_OCR与考点.md,,pypdf,8
2013,化学,湖南,老高考,2021,全国卷,common,全国Ⅰ卷,done,../papers/2013/化学/全国/全国Ⅰ卷理综/2013_化学_全国Ⅰ卷理综_原卷.pdf,../papers/2013/化学/全国/全国Ⅰ卷理综/2013_化学_全国Ⅰ卷理综_OCR与考点.md,,pypdf,8
2013,化学,广东,老高考,2021,地方/区域卷,local,广东卷,done,../papers/2013/化学/广东/广东理综/2013_化学_广东理综_原卷.pdf,../papers/2013/化学/广东/广东理综/2013_化学_广东理综_OCR与考点.md,,pypdf,5
2013,化学,广西,老高考,2024,全国卷,common,全国Ⅱ卷,done,../papers/2013/化学/全国/全国Ⅱ卷理综/2013_化学_全国Ⅱ卷理综_原卷.pdf,../papers/2013/化学/全国/全国Ⅱ卷理综/2013_化学_全国Ⅱ卷理综_OCR与考点.md,,pypdf,8
2013,化学,海南,老高考,2020,地方/区域卷,local,海南卷,done,../papers/2013/化学/海南/海南理综/2013_化学_海南理综_原卷.pdf,../papers/2013/化学/海南/海南理综/2013_化学_海南理综_OCR与考点.md,,pypdf,7
2013,化学,重庆,老高考,2021,地方/区域卷,local,重庆卷,done,../papers/2013/化学/重庆/重庆理综/2013_化学_重庆理综_原卷.pdf,../papers/2013/化学/重庆/重庆理综/2013_化学_重庆理综_OCR与考点.md,,pypdf,5
2013,化学,四川,老高考,2025,地方/区域卷,local,四川卷,done,../papers/2013/化学/四川/四川理综/2013_化学_四川理综_原卷.pdf,../papers/2013/化学/四川/四川理综/2013_化学_四川理综_OCR与考点.md,,pypdf,5
2013,化学,贵州,老高考,2024,全国卷,common,全国Ⅱ卷,done,../papers/2013/化学/全国/全国Ⅱ卷理综/2013_化学_全国Ⅱ卷理综_原卷.pdf,../papers/2013/化学/全国/全国Ⅱ卷理综/2013_化学_全国Ⅱ卷理综_OCR与考点.md,,pypdf,8
2013,化学,云南,老高考,2025,全国卷,common,全国Ⅱ卷,done,../papers/2013/化学/全国/全国Ⅱ卷理综/2013_化学_全国Ⅱ卷理综_原卷.pdf,../papers/2013/化学/全国/全国Ⅱ卷理综/2013_化学_全国Ⅱ卷理综_OCR与考点.md,,pypdf,8
2013,化学,西藏,老高考,,全国卷,common,全国Ⅱ卷,done,../papers/2013/化学/全国/全国Ⅱ卷理综/2013_化学_全国Ⅱ卷理综_原卷.pdf,../papers/2013/化学/全国/全国Ⅱ卷理综/2013_化学_全国Ⅱ卷理综_OCR与考点.md,,pypdf,8
2013,化学,陕西,老高考,2025,全国卷,common,全国Ⅱ卷,done,../papers/2013/化学/全国/全国Ⅱ卷理综/2013_化学_全国Ⅱ卷理综_原卷.pdf,../papers/2013/化学/全国/全国Ⅱ卷理综/2013_化学_全国Ⅱ卷理综_OCR与考点.md,,pypdf,8
2013,化学,甘肃,老高考,2024,全国卷,common,全国Ⅱ卷,done,../papers/2013/化学/全国/全国Ⅱ卷理综/2013_化学_全国Ⅱ卷理综_原卷.pdf,../papers/2013/化学/全国/全国Ⅱ卷理综/2013_化学_全国Ⅱ卷理综_OCR与考点.md,,pypdf,8
2013,化学,青海,老高考,2025,全国卷,common,全国Ⅱ卷,done,../papers/2013/化学/全国/全国Ⅱ卷理综/2013_化学_全国Ⅱ卷理综_原卷.pdf,../papers/2013/化学/全国/全国Ⅱ卷理综/2013_化学_全国Ⅱ卷理综_OCR与考点.md,,pypdf,8
2013,化学,宁夏,老高考,2025,全国卷,common,全国Ⅱ卷,done,../papers/2013/化学/全国/全国Ⅱ卷理综/2013_化学_全国Ⅱ卷理综_原卷.pdf,../papers/2013/化学/全国/全国Ⅱ卷理综/2013_化学_全国Ⅱ卷理综_OCR与考点.md,,pypdf,8
2013,化学,新疆,老高考,,全国卷,common,全国Ⅱ卷,done,../papers/2013/化学/全国/全国Ⅱ卷理综/2013_化学_全国Ⅱ卷理综_原卷.pdf,../papers/2013/化学/全国/全国Ⅱ卷理综/2013_化学_全国Ⅱ卷理综_OCR与考点.md,,pypdf,8
2013,生物,北京,老高考,2020,地方/区域卷,local,北京卷,done,../papers/2013/生物/北京/北京理综/2013_生物_北京理综_原卷.pdf,../papers/2013/生物/北京/北京理综/2013_生物_北京理综_OCR与考点.md,,pypdf,4
2013,生物,天津,老高考,2020,地方/区域卷,local,天津卷,done,../papers/2013/生物/天津/天津理综/2013_生物_天津理综_原卷.pdf,../papers/2013/生物/天津/天津理综/2013_生物_天津理综_OCR与考点.md,,pypdf,5
2013,生物,河北,老高考,2021,全国卷,common,全国Ⅰ卷,done,../papers/2013/生物/全国/全国Ⅰ卷理综/2013_生物_全国Ⅰ卷理综_原卷.pdf,../papers/2013/生物/全国/全国Ⅰ卷理综/2013_生物_全国Ⅰ卷理综_OCR与考点.md,,pypdf,6
2013,生物,山西,老高考,2025,全国卷,common,全国Ⅰ卷,done,../papers/2013/生物/全国/全国Ⅰ卷理综/2013_生物_全国Ⅰ卷理综_原卷.pdf,../papers/2013/生物/全国/全国Ⅰ卷理综/2013_生物_全国Ⅰ卷理综_OCR与考点.md,,pypdf,6
2013,生物,内蒙古,老高考,2025,全国卷,common,全国Ⅱ卷,done,../papers/2013/生物/全国/全国Ⅱ卷理综/2013_生物_全国Ⅱ卷理综_原卷.pdf,../papers/2013/生物/全国/全国Ⅱ卷理综/2013_生物_全国Ⅱ卷理综_OCR与考点.md,,pypdf,5
2013,生物,辽宁,老高考,2021,全国卷,common,全国Ⅱ卷,done,../papers/2013/生物/全国/全国Ⅱ卷理综/2013_生物_全国Ⅱ卷理综_原卷.pdf,../papers/2013/生物/全国/全国Ⅱ卷理综/2013_生物_全国Ⅱ卷理综_OCR与考点.md,,pypdf,5
2013,生物,吉林,老高考,2024,全国卷,common,全国Ⅱ卷,done,../papers/2013/生物/全国/全国Ⅱ卷理综/2013_生物_全国Ⅱ卷理综_原卷.pdf,../papers/2013/生物/全国/全国Ⅱ卷理综/2013_生物_全国Ⅱ卷理综_OCR与考点.md,,pypdf,5
2013,生物,黑龙江,老高考,2024,全国卷,common,全国Ⅱ卷,done,../papers/2013/生物/全国/全国Ⅱ卷理综/2013_生物_全国Ⅱ卷理综_原卷.pdf,../papers/2013/生物/全国/全国Ⅱ卷理综/2013_生物_全国Ⅱ卷理综_OCR与考点.md,,pypdf,5
2013,生物,上海,老高考,2017,地方/区域卷,local,上海卷,done,../papers/2013/生物/上海/上海理综/2013_生物_上海理综_原卷.pdf,../papers/2013/生物/上海/上海理综/2013_生物_上海理综_OCR与考点.md,,pypdf,15
2013,生物,江苏,老高考,2021,地方/区域卷,local,江苏卷,done,../papers/2013/生物/江苏/江苏理综/2013_生物_江苏理综_原卷.pdf,../papers/2013/生物/江苏/江苏理综/2013_生物_江苏理综_OCR与考点.md,,pypdf,12
2013,生物,浙江,老高考,2017,地方/区域卷,local,浙江卷,done,../papers/2013/生物/浙江/浙江理综/2013_生物_浙江理综_原卷.pdf,../papers/2013/生物/浙江/浙江理综/2013_生物_浙江理综_OCR与考点.md,,pypdf,3
2013,生物,安徽,老高考,2024,地方/区域卷,local,安徽卷,done,../papers/2013/生物/安徽/安徽理综/2013_生物_安徽理综_原卷.pdf,../papers/2013/生物/安徽/安徽理综/2013_生物_安徽理综_OCR与考点.md,,pypdf,4
2013,生物,福建,老高考,2021,地方/区域卷,local,福建卷,done,../papers/2013/生物/福建/福建理综/2013_生物_福建理综_原卷.pdf,../papers/2013/生物/福建/福建理综/2013_生物_福建理综_OCR与考点.md,,pypdf,4
2013,生物,江西,老高考,2024,全国卷,common,全国Ⅰ卷,done,../papers/2013/生物/全国/全国Ⅰ卷理综/2013_生物_全国Ⅰ卷理综_原卷.pdf,../papers/2013/生物/全国/全国Ⅰ卷理综/2013_生物_全国Ⅰ卷理综_OCR与考点.md,,pypdf,6
2013,生物,山东,老高考,2020,地方/区域卷,local,山东卷,done,../papers/2013/生物/山东/山东理综/2013_生物_山东理综_原卷.pdf,../papers/2013/生物/山东/山东理综/2013_生物_山东理综_OCR与考点.md,,pypdf,5
2013,生物,河南,老高考,2025,全国卷,common,全国Ⅰ卷,done,../papers/2013/生物/全国/全国Ⅰ卷理综/2013_生物_全国Ⅰ卷理综_原卷.pdf,../papers/2013/生物/全国/全国Ⅰ卷理综/2013_生物_全国Ⅰ卷理综_OCR与考点.md,,pypdf,6
2013,生物,湖北,老高考,2021,全国卷,common,全国Ⅰ卷,done,../papers/2013/生物/全国/全国Ⅰ卷理综/2013_生物_全国Ⅰ卷理综_原卷.pdf,../papers/2013/生物/全国/全国Ⅰ卷理综/2013_生物_全国Ⅰ卷理综_OCR与考点.md,,pypdf,6
2013,生物,湖南,老高考,2021,全国卷,common,全国Ⅰ卷,done,../papers/2013/生物/全国/全国Ⅰ卷理综/2013_生物_全国Ⅰ卷理综_原卷.pdf,../papers/2013/生物/全国/全国Ⅰ卷理综/2013_生物_全国Ⅰ卷理综_OCR与考点.md,,pypdf,6
2013,生物,广东,老高考,2021,地方/区域卷,local,广东卷,done,../papers/2013/生物/广东/广东理综/2013_生物_广东理综_原卷.pdf,../papers/2013/生物/广东/广东理综/2013_生物_广东理综_OCR与考点.md,,pypdf,5
2013,生物,广西,老高考,2024,全国卷,common,全国Ⅱ卷,done,../papers/2013/生物/全国/全国Ⅱ卷理综/2013_生物_全国Ⅱ卷理综_原卷.pdf,../papers/2013/生物/全国/全国Ⅱ卷理综/2013_生物_全国Ⅱ卷理综_OCR与考点.md,,pypdf,5
2013,生物,海南,老高考,2020,地方/区域卷,local,海南卷,done,../papers/2013/生物/海南/海南理综/2013_生物_海南理综_原卷.pdf,../papers/2013/生物/海南/海南理综/2013_生物_海南理综_OCR与考点.md,,pypdf,7
2013,生物,重庆,老高考,2021,地方/区域卷,local,重庆卷,done,../papers/2013/生物/重庆/重庆理综/2013_生物_重庆理综_原卷.pdf,../papers/2013/生物/重庆/重庆理综/2013_生物_重庆理综_OCR与考点.md,,pypdf,4
2013,生物,四川,老高考,2025,地方/区域卷,local,四川卷,done,../papers/2013/生物/四川/四川理综/2013_生物_四川理综_原卷.pdf,../papers/2013/生物/四川/四川理综/2013_生物_四川理综_OCR与考点.md,,pypdf,4
2013,生物,贵州,老高考,2024,全国卷,common,全国Ⅱ卷,done,../papers/2013/生物/全国/全国Ⅱ卷理综/2013_生物_全国Ⅱ卷理综_原卷.pdf,../papers/2013/生物/全国/全国Ⅱ卷理综/2013_生物_全国Ⅱ卷理综_OCR与考点.md,,pypdf,5
2013,生物,云南,老高考,2025,全国卷,common,全国Ⅱ卷,done,../papers/2013/生物/全国/全国Ⅱ卷理综/2013_生物_全国Ⅱ卷理综_原卷.pdf,../papers/2013/生物/全国/全国Ⅱ卷理综/2013_生物_全国Ⅱ卷理综_OCR与考点.md,,pypdf,5
2013,生物,西藏,老高考,,全国卷,common,全国Ⅱ卷,done,../papers/2013/生物/全国/全国Ⅱ卷理综/2013_生物_全国Ⅱ卷理综_原卷.pdf,../papers/2013/生物/全国/全国Ⅱ卷理综/2013_生物_全国Ⅱ卷理综_OCR与考点.md,,pypdf,5
2013,生物,陕西,老高考,2025,全国卷,common,全国Ⅱ卷,done,../papers/2013/生物/全国/全国Ⅱ卷理综/2013_生物_全国Ⅱ卷理综_原卷.pdf,../papers/2013/生物/全国/全国Ⅱ卷理综/2013_生物_全国Ⅱ卷理综_OCR与考点.md,,pypdf,5
2013,生物,甘肃,老高考,2024,全国卷,common,全国Ⅱ卷,done,../papers/2013/生物/全国/全国Ⅱ卷理综/2013_生物_全国Ⅱ卷理综_原卷.pdf,../papers/2013/生物/全国/全国Ⅱ卷理综/2013_生物_全国Ⅱ卷理综_OCR与考点.md,,pypdf,5
2013,生物,青海,老高考,2025,全国卷,common,全国Ⅱ卷,done,../papers/2013/生物/全国/全国Ⅱ卷理综/2013_生物_全国Ⅱ卷理综_原卷.pdf,../papers/2013/生物/全国/全国Ⅱ卷理综/2013_生物_全国Ⅱ卷理综_OCR与考点.md,,pypdf,5
2013,生物,宁夏,老高考,2025,全国卷,common,全国Ⅱ卷,done,../papers/2013/生物/全国/全国Ⅱ卷理综/2013_生物_全国Ⅱ卷理综_原卷.pdf,../papers/2013/生物/全国/全国Ⅱ卷理综/2013_生物_全国Ⅱ卷理综_OCR与考点.md,,pypdf,5
2013,生物,新疆,老高考,,全国卷,common,全国Ⅱ卷,done,../papers/2013/生物/全国/全国Ⅱ卷理综/2013_生物_全国Ⅱ卷理综_原卷.pdf,../papers/2013/生物/全国/全国Ⅱ卷理综/2013_生物_全国Ⅱ卷理综_OCR与考点.md,,pypdf,5
2013,政治,北京,老高考,2020,地方/区域卷,local,北京卷,done,../papers/2013/政治/北京/北京文综/2013_政治_北京文综_原卷.pdf,../papers/2013/政治/北京/北京文综/2013_政治_北京文综_OCR与考点.md,,pypdf,6
2013,政治,天津,老高考,2020,地方/区域卷,local,天津卷,done,../papers/2013/政治/天津/天津文综/2013_政治_天津文综_原卷.pdf,../papers/2013/政治/天津/天津文综/2013_政治_天津文综_OCR与考点.md,,pypdf,5
2013,政治,河北,老高考,2021,全国卷,common,全国Ⅰ卷,done,../papers/2013/政治/全国/全国Ⅰ卷文综/2013_政治_全国Ⅰ卷文综_原卷.pdf,../papers/2013/政治/全国/全国Ⅰ卷文综/2013_政治_全国Ⅰ卷文综_OCR与考点.md,,pypdf,8
2013,政治,山西,老高考,2025,全国卷,common,全国Ⅰ卷,done,../papers/2013/政治/全国/全国Ⅰ卷文综/2013_政治_全国Ⅰ卷文综_原卷.pdf,../papers/2013/政治/全国/全国Ⅰ卷文综/2013_政治_全国Ⅰ卷文综_OCR与考点.md,,pypdf,8
2013,政治,内蒙古,老高考,2025,全国卷,common,全国Ⅱ卷,done,../papers/2013/政治/全国/全国Ⅱ卷文综/2013_政治_全国Ⅱ卷文综_原卷.pdf,../papers/2013/政治/全国/全国Ⅱ卷文综/2013_政治_全国Ⅱ卷文综_OCR与考点.md,,pypdf,7
2013,政治,辽宁,老高考,2021,全国卷,common,全国Ⅱ卷,done,../papers/2013/政治/全国/全国Ⅱ卷文综/2013_政治_全国Ⅱ卷文综_原卷.pdf,../papers/2013/政治/全国/全国Ⅱ卷文综/2013_政治_全国Ⅱ卷文综_OCR与考点.md,,pypdf,7
2013,政治,吉林,老高考,2024,全国卷,common,全国Ⅱ卷,done,../papers/2013/政治/全国/全国Ⅱ卷文综/2013_政治_全国Ⅱ卷文综_原卷.pdf,../papers/2013/政治/全国/全国Ⅱ卷文综/2013_政治_全国Ⅱ卷文综_OCR与考点.md,,pypdf,7
2013,政治,黑龙江,老高考,2024,全国卷,common,全国Ⅱ卷,done,../papers/2013/政治/全国/全国Ⅱ卷文综/2013_政治_全国Ⅱ卷文综_原卷.pdf,../papers/2013/政治/全国/全国Ⅱ卷文综/2013_政治_全国Ⅱ卷文综_OCR与考点.md,,pypdf,7
2013,政治,上海,老高考,2017,地方/区域卷,local,上海卷,done,../papers/2013/政治/上海/上海文综/2013_政治_上海文综_原卷.pdf,../papers/2013/政治/上海/上海文综/2013_政治_上海文综_OCR与考点.md,,pypdf,8
2013,政治,江苏,老高考,2021,地方/区域卷,local,江苏卷,done,../papers/2013/政治/江苏/江苏文综/2013_政治_江苏文综_原卷.pdf,../papers/2013/政治/江苏/江苏文综/2013_政治_江苏文综_OCR与考点.md,,pypdf,12
2013,政治,浙江,老高考,2017,地方/区域卷,local,浙江卷,done,../papers/2013/政治/浙江/浙江文综/2013_政治_浙江文综_原卷.pdf,../papers/2013/政治/浙江/浙江文综/2013_政治_浙江文综_OCR与考点.md,,pypdf,4
2013,政治,安徽,老高考,2024,地方/区域卷,local,安徽卷,done,../papers/2013/政治/安徽/安徽文综/2013_政治_安徽文综_原卷.pdf,../papers/2013/政治/安徽/安徽文综/2013_政治_安徽文综_OCR与考点.md,,pypdf,4
2013,政治,福建,老高考,2021,地方/区域卷,local,福建卷,done,../papers/2013/政治/福建/福建文综/2013_政治_福建文综_原卷.pdf,../papers/2013/政治/福建/福建文综/2013_政治_福建文综_OCR与考点.md,,pypdf,4
2013,政治,江西,老高考,2024,全国卷,common,全国Ⅰ卷,done,../papers/2013/政治/全国/全国Ⅰ卷文综/2013_政治_全国Ⅰ卷文综_原卷.pdf,../papers/2013/政治/全国/全国Ⅰ卷文综/2013_政治_全国Ⅰ卷文综_OCR与考点.md,,pypdf,8
2013,政治,山东,老高考,2020,地方/区域卷,local,山东卷,done,../papers/2013/政治/山东/山东文综/2013_政治_山东文综_原卷.pdf,../papers/2013/政治/山东/山东文综/2013_政治_山东文综_OCR与考点.md,,pypdf,4
2013,政治,河南,老高考,2025,全国卷,common,全国Ⅰ卷,done,../papers/2013/政治/全国/全国Ⅰ卷文综/2013_政治_全国Ⅰ卷文综_原卷.pdf,../papers/2013/政治/全国/全国Ⅰ卷文综/2013_政治_全国Ⅰ卷文综_OCR与考点.md,,pypdf,8
2013,政治,湖北,老高考,2021,全国卷,common,全国Ⅰ卷,done,../papers/2013/政治/全国/全国Ⅰ卷文综/2013_政治_全国Ⅰ卷文综_原卷.pdf,../papers/2013/政治/全国/全国Ⅰ卷文综/2013_政治_全国Ⅰ卷文综_OCR与考点.md,,pypdf,8
2013,政治,湖南,老高考,2021,全国卷,common,全国Ⅰ卷,done,../papers/2013/政治/全国/全国Ⅰ卷文综/2013_政治_全国Ⅰ卷文综_原卷.pdf,../papers/2013/政治/全国/全国Ⅰ卷文综/2013_政治_全国Ⅰ卷文综_OCR与考点.md,,pypdf,8
2013,政治,广东,老高考,2021,地方/区域卷,local,广东卷,done,../papers/2013/政治/广东/广东文综/2013_政治_广东文综_原卷.pdf,../papers/2013/政治/广东/广东文综/2013_政治_广东文综_OCR与考点.md,,pypdf,5
2013,政治,广西,老高考,2024,全国卷,common,全国Ⅱ卷,done,../papers/2013/政治/全国/全国Ⅱ卷文综/2013_政治_全国Ⅱ卷文综_原卷.pdf,../papers/2013/政治/全国/全国Ⅱ卷文综/2013_政治_全国Ⅱ卷文综_OCR与考点.md,,pypdf,7
2013,政治,海南,老高考,2020,地方/区域卷,local,海南卷,done,../papers/2013/政治/海南/海南文综/2013_政治_海南文综_原卷.pdf,../papers/2013/政治/海南/海南文综/2013_政治_海南文综_OCR与考点.md,,pypdf,8
2013,政治,重庆,老高考,2021,地方/区域卷,local,重庆卷,done,../papers/2013/政治/重庆/重庆文综/2013_政治_重庆文综_原卷.pdf,../papers/2013/政治/重庆/重庆文综/2013_政治_重庆文综_OCR与考点.md,,pypdf,4
2013,政治,四川,老高考,2025,地方/区域卷,local,四川卷,done,../papers/2013/政治/四川/四川文综/2013_政治_四川文综_原卷.pdf,../papers/2013/政治/四川/四川文综/2013_政治_四川文综_OCR与考点.md,,pypdf,5
2013,政治,贵州,老高考,2024,全国卷,common,全国Ⅱ卷,done,../papers/2013/政治/全国/全国Ⅱ卷文综/2013_政治_全国Ⅱ卷文综_原卷.pdf,../papers/2013/政治/全国/全国Ⅱ卷文综/2013_政治_全国Ⅱ卷文综_OCR与考点.md,,pypdf,7
2013,政治,云南,老高考,2025,全国卷,common,全国Ⅱ卷,done,../papers/2013/政治/全国/全国Ⅱ卷文综/2013_政治_全国Ⅱ卷文综_原卷.pdf,../papers/2013/政治/全国/全国Ⅱ卷文综/2013_政治_全国Ⅱ卷文综_OCR与考点.md,,pypdf,7
2013,政治,西藏,老高考,,全国卷,common,全国Ⅱ卷,done,../papers/2013/政治/全国/全国Ⅱ卷文综/2013_政治_全国Ⅱ卷文综_原卷.pdf,../papers/2013/政治/全国/全国Ⅱ卷文综/2013_政治_全国Ⅱ卷文综_OCR与考点.md,,pypdf,7
2013,政治,陕西,老高考,2025,全国卷,common,全国Ⅱ卷,done,../papers/2013/政治/全国/全国Ⅱ卷文综/2013_政治_全国Ⅱ卷文综_原卷.pdf,../papers/2013/政治/全国/全国Ⅱ卷文综/2013_政治_全国Ⅱ卷文综_OCR与考点.md,,pypdf,7
2013,政治,甘肃,老高考,2024,全国卷,common,全国Ⅱ卷,done,../papers/2013/政治/全国/全国Ⅱ卷文综/2013_政治_全国Ⅱ卷文综_原卷.pdf,../papers/2013/政治/全国/全国Ⅱ卷文综/2013_政治_全国Ⅱ卷文综_OCR与考点.md,,pypdf,7
2013,政治,青海,老高考,2025,全国卷,common,全国Ⅱ卷,done,../papers/2013/政治/全国/全国Ⅱ卷文综/2013_政治_全国Ⅱ卷文综_原卷.pdf,../papers/2013/政治/全国/全国Ⅱ卷文综/2013_政治_全国Ⅱ卷文综_OCR与考点.md,,pypdf,7
2013,政治,宁夏,老高考,2025,全国卷,common,全国Ⅱ卷,done,../papers/2013/政治/全国/全国Ⅱ卷文综/2013_政治_全国Ⅱ卷文综_原卷.pdf,../papers/2013/政治/全国/全国Ⅱ卷文综/2013_政治_全国Ⅱ卷文综_OCR与考点.md,,pypdf,7
2013,政治,新疆,老高考,,全国卷,common,全国Ⅱ卷,done,../papers/2013/政治/全国/全国Ⅱ卷文综/2013_政治_全国Ⅱ卷文综_原卷.pdf,../papers/2013/政治/全国/全国Ⅱ卷文综/2013_政治_全国Ⅱ卷文综_OCR与考点.md,,pypdf,7
2013,历史,北京,老高考,2020,地方/区域卷,local,北京卷,done,../papers/2013/历史/北京/北京文综/2013_历史_北京文综_原卷.pdf,../papers/2013/历史/北京/北京文综/2013_历史_北京文综_OCR与考点.md,,pypdf,7
2013,历史,天津,老高考,2020,地方/区域卷,local,天津卷,done,../papers/2013/历史/天津/天津文综/2013_历史_天津文综_原卷.pdf,../papers/2013/历史/天津/天津文综/2013_历史_天津文综_OCR与考点.md,,pypdf,6
2013,历史,河北,老高考,2021,全国卷,common,全国Ⅰ卷,done,../papers/2013/历史/全国/全国Ⅰ卷文综/2013_历史_全国Ⅰ卷文综_原卷.pdf,../papers/2013/历史/全国/全国Ⅰ卷文综/2013_历史_全国Ⅰ卷文综_OCR与考点.md,,pypdf,9
2013,历史,山西,老高考,2025,全国卷,common,全国Ⅰ卷,done,../papers/2013/历史/全国/全国Ⅰ卷文综/2013_历史_全国Ⅰ卷文综_原卷.pdf,../papers/2013/历史/全国/全国Ⅰ卷文综/2013_历史_全国Ⅰ卷文综_OCR与考点.md,,pypdf,9
2013,历史,内蒙古,老高考,2025,全国卷,common,全国Ⅱ卷,done,../papers/2013/历史/全国/全国Ⅱ卷文综/2013_历史_全国Ⅱ卷文综_原卷.pdf,../papers/2013/历史/全国/全国Ⅱ卷文综/2013_历史_全国Ⅱ卷文综_OCR与考点.md,,pypdf,9
2013,历史,辽宁,老高考,2021,全国卷,common,全国Ⅱ卷,done,../papers/2013/历史/全国/全国Ⅱ卷文综/2013_历史_全国Ⅱ卷文综_原卷.pdf,../papers/2013/历史/全国/全国Ⅱ卷文综/2013_历史_全国Ⅱ卷文综_OCR与考点.md,,pypdf,9
2013,历史,吉林,老高考,2024,全国卷,common,全国Ⅱ卷,done,../papers/2013/历史/全国/全国Ⅱ卷文综/2013_历史_全国Ⅱ卷文综_原卷.pdf,../papers/2013/历史/全国/全国Ⅱ卷文综/2013_历史_全国Ⅱ卷文综_OCR与考点.md,,pypdf,9
2013,历史,黑龙江,老高考,2024,全国卷,common,全国Ⅱ卷,done,../papers/2013/历史/全国/全国Ⅱ卷文综/2013_历史_全国Ⅱ卷文综_原卷.pdf,../papers/2013/历史/全国/全国Ⅱ卷文综/2013_历史_全国Ⅱ卷文综_OCR与考点.md,,pypdf,9
2013,历史,上海,老高考,2017,地方/区域卷,local,上海卷,done,../papers/2013/历史/上海/上海文综/2013_历史_上海文综_原卷.pdf,../papers/2013/历史/上海/上海文综/2013_历史_上海文综_OCR与考点.md,,pypdf,10
2013,历史,江苏,老高考,2021,地方/区域卷,local,江苏卷,done,../papers/2013/历史/江苏/江苏文综/2013_历史_江苏文综_原卷.pdf,../papers/2013/历史/江苏/江苏文综/2013_历史_江苏文综_OCR与考点.md,,pypdf,12
2013,历史,浙江,老高考,2017,地方/区域卷,local,浙江卷,done,../papers/2013/历史/浙江/浙江文综/2013_历史_浙江文综_原卷.pdf,../papers/2013/历史/浙江/浙江文综/2013_历史_浙江文综_OCR与考点.md,,pypdf,4
2013,历史,安徽,老高考,2024,地方/区域卷,local,安徽卷,done,../papers/2013/历史/安徽/安徽文综/2013_历史_安徽文综_原卷.pdf,../papers/2013/历史/安徽/安徽文综/2013_历史_安徽文综_OCR与考点.md,,pypdf,6
2013,历史,福建,老高考,2021,地方/区域卷,local,福建卷,done,../papers/2013/历史/福建/福建文综/2013_历史_福建文综_原卷.pdf,../papers/2013/历史/福建/福建文综/2013_历史_福建文综_OCR与考点.md,,pypdf,7
2013,历史,江西,老高考,2024,全国卷,common,全国Ⅰ卷,done,../papers/2013/历史/全国/全国Ⅰ卷文综/2013_历史_全国Ⅰ卷文综_原卷.pdf,../papers/2013/历史/全国/全国Ⅰ卷文综/2013_历史_全国Ⅰ卷文综_OCR与考点.md,,pypdf,9
2013,历史,山东,老高考,2020,地方/区域卷,local,山东卷,done,../papers/2013/历史/山东/山东文综/2013_历史_山东文综_原卷.pdf,../papers/2013/历史/山东/山东文综/2013_历史_山东文综_OCR与考点.md,,pypdf,6
2013,历史,河南,老高考,2025,全国卷,common,全国Ⅰ卷,done,../papers/2013/历史/全国/全国Ⅰ卷文综/2013_历史_全国Ⅰ卷文综_原卷.pdf,../papers/2013/历史/全国/全国Ⅰ卷文综/2013_历史_全国Ⅰ卷文综_OCR与考点.md,,pypdf,9
2013,历史,湖北,老高考,2021,全国卷,common,全国Ⅰ卷,done,../papers/2013/历史/全国/全国Ⅰ卷文综/2013_历史_全国Ⅰ卷文综_原卷.pdf,../papers/2013/历史/全国/全国Ⅰ卷文综/2013_历史_全国Ⅰ卷文综_OCR与考点.md,,pypdf,9
2013,历史,湖南,老高考,2021,全国卷,common,全国Ⅰ卷,done,../papers/2013/历史/全国/全国Ⅰ卷文综/2013_历史_全国Ⅰ卷文综_原卷.pdf,../papers/2013/历史/全国/全国Ⅰ卷文综/2013_历史_全国Ⅰ卷文综_OCR与考点.md,,pypdf,9
2013,历史,广东,老高考,2021,地方/区域卷,local,广东卷,done,../papers/2013/历史/广东/广东文综/2013_历史_广东文综_原卷.pdf,../papers/2013/历史/广东/广东文综/2013_历史_广东文综_OCR与考点.md,,pypdf,4
2013,历史,广西,老高考,2024,全国卷,common,全国Ⅱ卷,done,../papers/2013/历史/全国/全国Ⅱ卷文综/2013_历史_全国Ⅱ卷文综_原卷.pdf,../papers/2013/历史/全国/全国Ⅱ卷文综/2013_历史_全国Ⅱ卷文综_OCR与考点.md,,pypdf,9
2013,历史,海南,老高考,2020,地方/区域卷,local,海南卷,done,../papers/2013/历史/海南/海南文综/2013_历史_海南文综_原卷.pdf,../papers/2013/历史/海南/海南文综/2013_历史_海南文综_OCR与考点.md,,pypdf,7
2013,历史,重庆,老高考,2021,地方/区域卷,local,重庆卷,done,../papers/2013/历史/重庆/重庆文综/2013_历史_重庆文综_原卷.pdf,../papers/2013/历史/重庆/重庆文综/2013_历史_重庆文综_OCR与考点.md,,pypdf,5
2013,历史,四川,老高考,2025,地方/区域卷,local,四川卷,done,../papers/2013/历史/四川/四川文综/2013_历史_四川文综_原卷.pdf,../papers/2013/历史/四川/四川文综/2013_历史_四川文综_OCR与考点.md,,pypdf,6
2013,历史,贵州,老高考,2024,全国卷,common,全国Ⅱ卷,done,../papers/2013/历史/全国/全国Ⅱ卷文综/2013_历史_全国Ⅱ卷文综_原卷.pdf,../papers/2013/历史/全国/全国Ⅱ卷文综/2013_历史_全国Ⅱ卷文综_OCR与考点.md,,pypdf,9
2013,历史,云南,老高考,2025,全国卷,common,全国Ⅱ卷,done,../papers/2013/历史/全国/全国Ⅱ卷文综/2013_历史_全国Ⅱ卷文综_原卷.pdf,../papers/2013/历史/全国/全国Ⅱ卷文综/2013_历史_全国Ⅱ卷文综_OCR与考点.md,,pypdf,9
2013,历史,西藏,老高考,,全国卷,common,全国Ⅱ卷,done,../papers/2013/历史/全国/全国Ⅱ卷文综/2013_历史_全国Ⅱ卷文综_原卷.pdf,../papers/2013/历史/全国/全国Ⅱ卷文综/2013_历史_全国Ⅱ卷文综_OCR与考点.md,,pypdf,9
2013,历史,陕西,老高考,2025,全国卷,common,全国Ⅱ卷,done,../papers/2013/历史/全国/全国Ⅱ卷文综/2013_历史_全国Ⅱ卷文综_原卷.pdf,../papers/2013/历史/全国/全国Ⅱ卷文综/2013_历史_全国Ⅱ卷文综_OCR与考点.md,,pypdf,9
2013,历史,甘肃,老高考,2024,全国卷,common,全国Ⅱ卷,done,../papers/2013/历史/全国/全国Ⅱ卷文综/2013_历史_全国Ⅱ卷文综_原卷.pdf,../papers/2013/历史/全国/全国Ⅱ卷文综/2013_历史_全国Ⅱ卷文综_OCR与考点.md,,pypdf,9
2013,历史,青海,老高考,2025,全国卷,common,全国Ⅱ卷,done,../papers/2013/历史/全国/全国Ⅱ卷文综/2013_历史_全国Ⅱ卷文综_原卷.pdf,../papers/2013/历史/全国/全国Ⅱ卷文综/2013_历史_全国Ⅱ卷文综_OCR与考点.md,,pypdf,9
2013,历史,宁夏,老高考,2025,全国卷,common,全国Ⅱ卷,done,../papers/2013/历史/全国/全国Ⅱ卷文综/2013_历史_全国Ⅱ卷文综_原卷.pdf,../papers/2013/历史/全国/全国Ⅱ卷文综/2013_历史_全国Ⅱ卷文综_OCR与考点.md,,pypdf,9
2013,历史,新疆,老高考,,全国卷,common,全国Ⅱ卷,done,../papers/2013/历史/全国/全国Ⅱ卷文综/2013_历史_全国Ⅱ卷文综_原卷.pdf,../papers/2013/历史/全国/全国Ⅱ卷文综/2013_历史_全国Ⅱ卷文综_OCR与考点.md,,pypdf,9
2013,地理,北京,老高考,2020,地方/区域卷,local,北京卷,done,../papers/2013/地理/北京/北京文综/2013_地理_北京文综_原卷.pdf,../papers/2013/地理/北京/北京文综/2013_地理_北京文综_OCR与考点.md,,pypdf,6
2013,地理,天津,老高考,2020,地方/区域卷,local,天津卷,done,../papers/2013/地理/天津/天津文综/2013_地理_天津文综_原卷.pdf,../papers/2013/地理/天津/天津文综/2013_地理_天津文综_OCR与考点.md,,pypdf,7
2013,地理,河北,老高考,2021,全国卷,common,全国Ⅰ卷,done,../papers/2013/地理/全国/全国Ⅰ卷文综/2013_地理_全国Ⅰ卷文综_原卷.pdf,../papers/2013/地理/全国/全国Ⅰ卷文综/2013_地理_全国Ⅰ卷文综_OCR与考点.md,,pypdf,8
2013,地理,山西,老高考,2025,全国卷,common,全国Ⅰ卷,done,../papers/2013/地理/全国/全国Ⅰ卷文综/2013_地理_全国Ⅰ卷文综_原卷.pdf,../papers/2013/地理/全国/全国Ⅰ卷文综/2013_地理_全国Ⅰ卷文综_OCR与考点.md,,pypdf,8
2013,地理,内蒙古,老高考,2025,全国卷,common,全国Ⅱ卷,done,../papers/2013/地理/全国/全国Ⅱ卷文综/2013_地理_全国Ⅱ卷文综_原卷.pdf,../papers/2013/地理/全国/全国Ⅱ卷文综/2013_地理_全国Ⅱ卷文综_OCR与考点.md,,pypdf,8
2013,地理,辽宁,老高考,2021,全国卷,common,全国Ⅱ卷,done,../papers/2013/地理/全国/全国Ⅱ卷文综/2013_地理_全国Ⅱ卷文综_原卷.pdf,../papers/2013/地理/全国/全国Ⅱ卷文综/2013_地理_全国Ⅱ卷文综_OCR与考点.md,,pypdf,8
2013,地理,吉林,老高考,2024,全国卷,common,全国Ⅱ卷,done,../papers/2013/地理/全国/全国Ⅱ卷文综/2013_地理_全国Ⅱ卷文综_原卷.pdf,../papers/2013/地理/全国/全国Ⅱ卷文综/2013_地理_全国Ⅱ卷文综_OCR与考点.md,,pypdf,8
2013,地理,黑龙江,老高考,2024,全国卷,common,全国Ⅱ卷,done,../papers/2013/地理/全国/全国Ⅱ卷文综/2013_地理_全国Ⅱ卷文综_原卷.pdf,../papers/2013/地理/全国/全国Ⅱ卷文综/2013_地理_全国Ⅱ卷文综_OCR与考点.md,,pypdf,8
2013,地理,上海,老高考,2017,地方/区域卷,local,上海卷,done,../papers/2013/地理/上海/上海文综/2013_地理_上海文综_原卷.pdf,../papers/2013/地理/上海/上海文综/2013_地理_上海文综_OCR与考点.md,,pypdf,15
2013,地理,江苏,老高考,2021,地方/区域卷,local,江苏卷,done,../papers/2013/地理/江苏/江苏文综/2013_地理_江苏文综_原卷.pdf,../papers/2013/地理/江苏/江苏文综/2013_地理_江苏文综_OCR与考点.md,,pypdf,17
2013,地理,浙江,老高考,2017,地方/区域卷,local,浙江卷,done,../papers/2013/地理/浙江/浙江文综/2013_地理_浙江文综_原卷.pdf,../papers/2013/地理/浙江/浙江文综/2013_地理_浙江文综_OCR与考点.md,,pypdf,6
2013,地理,安徽,老高考,2024,地方/区域卷,local,安徽卷,done,../papers/2013/地理/安徽/安徽文综/2013_地理_安徽文综_原卷.pdf,../papers/2013/地理/安徽/安徽文综/2013_地理_安徽文综_OCR与考点.md,,pypdf,6
2013,地理,福建,老高考,2021,地方/区域卷,local,福建卷,done,../papers/2013/地理/福建/福建文综/2013_地理_福建文综_原卷.pdf,../papers/2013/地理/福建/福建文综/2013_地理_福建文综_OCR与考点.md,,pypdf,6
2013,地理,江西,老高考,2024,全国卷,common,全国Ⅰ卷,done,../papers/2013/地理/全国/全国Ⅰ卷文综/2013_地理_全国Ⅰ卷文综_原卷.pdf,../papers/2013/地理/全国/全国Ⅰ卷文综/2013_地理_全国Ⅰ卷文综_OCR与考点.md,,pypdf,8
2013,地理,山东,老高考,2020,地方/区域卷,local,山东卷,done,../papers/2013/地理/山东/山东文综/2013_地理_山东文综_原卷.pdf,../papers/2013/地理/山东/山东文综/2013_地理_山东文综_OCR与考点.md,,pypdf,6
2013,地理,河南,老高考,2025,全国卷,common,全国Ⅰ卷,done,../papers/2013/地理/全国/全国Ⅰ卷文综/2013_地理_全国Ⅰ卷文综_原卷.pdf,../papers/2013/地理/全国/全国Ⅰ卷文综/2013_地理_全国Ⅰ卷文综_OCR与考点.md,,pypdf,8
2013,地理,湖北,老高考,2021,全国卷,common,全国Ⅰ卷,done,../papers/2013/地理/全国/全国Ⅰ卷文综/2013_地理_全国Ⅰ卷文综_原卷.pdf,../papers/2013/地理/全国/全国Ⅰ卷文综/2013_地理_全国Ⅰ卷文综_OCR与考点.md,,pypdf,8
2013,地理,湖南,老高考,2021,全国卷,common,全国Ⅰ卷,done,../papers/2013/地理/全国/全国Ⅰ卷文综/2013_地理_全国Ⅰ卷文综_原卷.pdf,../papers/2013/地理/全国/全国Ⅰ卷文综/2013_地理_全国Ⅰ卷文综_OCR与考点.md,,pypdf,8
2013,地理,广东,老高考,2021,地方/区域卷,local,广东卷,done,../papers/2013/地理/广东/广东文综/2013_地理_广东文综_原卷.pdf,../papers/2013/地理/广东/广东文综/2013_地理_广东文综_OCR与考点.md,,pypdf,5
2013,地理,广西,老高考,2024,全国卷,common,全国Ⅱ卷,done,../papers/2013/地理/全国/全国Ⅱ卷文综/2013_地理_全国Ⅱ卷文综_原卷.pdf,../papers/2013/地理/全国/全国Ⅱ卷文综/2013_地理_全国Ⅱ卷文综_OCR与考点.md,,pypdf,8
2013,地理,海南,老高考,2020,地方/区域卷,local,海南卷,done,../papers/2013/地理/海南/海南文综/2013_地理_海南文综_原卷.pdf,../papers/2013/地理/海南/海南文综/2013_地理_海南文综_OCR与考点.md,,pypdf,8
2013,地理,重庆,老高考,2021,地方/区域卷,local,重庆卷,done,../papers/2013/地理/重庆/重庆文综/2013_地理_重庆文综_原卷.pdf,../papers/2013/地理/重庆/重庆文综/2013_地理_重庆文综_OCR与考点.md,,pypdf,5
2013,地理,四川,老高考,2025,地方/区域卷,local,四川卷,done,../papers/2013/地理/四川/四川文综/2013_地理_四川文综_原卷.pdf,../papers/2013/地理/四川/四川文综/2013_地理_四川文综_OCR与考点.md,,pypdf,5
2013,地理,贵州,老高考,2024,全国卷,common,全国Ⅱ卷,done,../papers/2013/地理/全国/全国Ⅱ卷文综/2013_地理_全国Ⅱ卷文综_原卷.pdf,../papers/2013/地理/全国/全国Ⅱ卷文综/2013_地理_全国Ⅱ卷文综_OCR与考点.md,,pypdf,8
2013,地理,云南,老高考,2025,全国卷,common,全国Ⅱ卷,done,../papers/2013/地理/全国/全国Ⅱ卷文综/2013_地理_全国Ⅱ卷文综_原卷.pdf,../papers/2013/地理/全国/全国Ⅱ卷文综/2013_地理_全国Ⅱ卷文综_OCR与考点.md,,pypdf,8
2013,地理,西藏,老高考,,全国卷,common,全国Ⅱ卷,done,../papers/2013/地理/全国/全国Ⅱ卷文综/2013_地理_全国Ⅱ卷文综_原卷.pdf,../papers/2013/地理/全国/全国Ⅱ卷文综/2013_地理_全国Ⅱ卷文综_OCR与考点.md,,pypdf,8
2013,地理,陕西,老高考,2025,全国卷,common,全国Ⅱ卷,done,../papers/2013/地理/全国/全国Ⅱ卷文综/2013_地理_全国Ⅱ卷文综_原卷.pdf,../papers/2013/地理/全国/全国Ⅱ卷文综/2013_地理_全国Ⅱ卷文综_OCR与考点.md,,pypdf,8
2013,地理,甘肃,老高考,2024,全国卷,common,全国Ⅱ卷,done,../papers/2013/地理/全国/全国Ⅱ卷文综/2013_地理_全国Ⅱ卷文综_原卷.pdf,../papers/2013/地理/全国/全国Ⅱ卷文综/2013_地理_全国Ⅱ卷文综_OCR与考点.md,,pypdf,8
2013,地理,青海,老高考,2025,全国卷,common,全国Ⅱ卷,done,../papers/2013/地理/全国/全国Ⅱ卷文综/2013_地理_全国Ⅱ卷文综_原卷.pdf,../papers/2013/地理/全国/全国Ⅱ卷文综/2013_地理_全国Ⅱ卷文综_OCR与考点.md,,pypdf,8
2013,地理,宁夏,老高考,2025,全国卷,common,全国Ⅱ卷,done,../papers/2013/地理/全国/全国Ⅱ卷文综/2013_地理_全国Ⅱ卷文综_原卷.pdf,../papers/2013/地理/全国/全国Ⅱ卷文综/2013_地理_全国Ⅱ卷文综_OCR与考点.md,,pypdf,8
2013,地理,新疆,老高考,,全国卷,common,全国Ⅱ卷,done,../papers/2013/地理/全国/全国Ⅱ卷文综/2013_地理_全国Ⅱ卷文综_原卷.pdf,../papers/2013/地理/全国/全国Ⅱ卷文综/2013_地理_全国Ⅱ卷文综_OCR与考点.md,,pypdf,8
2014,语文,北京,老高考,2020,地方/区域卷,local,北京卷,pdf_only,../papers/2014/语文/北京/北京卷/2014_语文_北京卷_原卷.pdf,,,,
2014,语文,天津,老高考,2020,地方/区域卷,local,天津卷,pdf_only,../papers/2014/语文/天津/天津卷/2014_语文_天津卷_原卷.pdf,,,,
2014,语文,河北,老高考,2021,全国卷,common,新课标全国Ⅰ卷,pdf_only,../papers/2014/语文/全国/新课标全国Ⅰ卷/2014_语文_新课标全国Ⅰ卷_原卷.pdf,,,,
2014,语文,山西,老高考,2025,全国卷,common,新课标全国Ⅰ卷,pdf_only,../papers/2014/语文/全国/新课标全国Ⅰ卷/2014_语文_新课标全国Ⅰ卷_原卷.pdf,,,,
2014,语文,内蒙古,老高考,2025,全国卷,common,新课标全国Ⅱ卷,pdf_only,../papers/2014/语文/全国/新课标全国Ⅱ卷/2014_语文_新课标全国Ⅱ卷_原卷.pdf,,,,
2014,语文,辽宁,老高考,2021,地方/区域卷,local,辽宁卷,pdf_only,../papers/2014/语文/辽宁/辽宁卷/2014_语文_辽宁卷_原卷.pdf,,,,
2014,语文,吉林,老高考,2024,全国卷,common,新课标全国Ⅱ卷,pdf_only,../papers/2014/语文/全国/新课标全国Ⅱ卷/2014_语文_新课标全国Ⅱ卷_原卷.pdf,,,,
2014,语文,黑龙江,老高考,2024,全国卷,common,新课标全国Ⅱ卷,pdf_only,../papers/2014/语文/全国/新课标全国Ⅱ卷/2014_语文_新课标全国Ⅱ卷_原卷.pdf,,,,
2014,语文,上海,老高考,2017,地方/区域卷,local,上海卷,pdf_only,../papers/2014/语文/上海/上海卷/2014_语文_上海卷_原卷.pdf,,,,
2014,语文,江苏,老高考,2021,地方/区域卷,local,江苏卷,pdf_only,../papers/2014/语文/江苏/江苏卷/2014_语文_江苏卷_原卷.pdf,,,,
2014,语文,浙江,老高考,2017,地方/区域卷,local,浙江卷,pdf_only,../papers/2014/语文/浙江/浙江卷/2014_语文_浙江卷_原卷.pdf,,,,
2014,语文,安徽,老高考,2024,地方/区域卷,local,安徽卷,pdf_only,../papers/2014/语文/安徽/安徽卷/2014_语文_安徽卷_原卷.pdf,,,,
2014,语文,福建,老高考,2021,地方/区域卷,local,福建卷,pdf_only,../papers/2014/语文/福建/福建卷/2014_语文_福建卷_原卷.pdf,,,,
2014,语文,江西,老高考,2024,地方/区域卷,local,江西卷,pdf_only,../papers/2014/语文/江西/江西卷/2014_语文_江西卷_原卷.pdf,,,,
2014,语文,山东,老高考,2020,地方/区域卷,local,山东卷,pdf_only,../papers/2014/语文/山东/山东卷/2014_语文_山东卷_原卷.pdf,,,,
2014,语文,河南,老高考,2025,全国卷,common,新课标全国Ⅰ卷,pdf_only,../papers/2014/语文/全国/新课标全国Ⅰ卷/2014_语文_新课标全国Ⅰ卷_原卷.pdf,,,,
2014,语文,湖北,老高考,2021,地方/区域卷,local,湖北卷,pdf_only,../papers/2014/语文/湖北/湖北卷/2014_语文_湖北卷_原卷.pdf,,,,
2014,语文,湖南,老高考,2021,地方/区域卷,local,湖南卷,pdf_only,../papers/2014/语文/湖南/湖南卷/2014_语文_湖南卷_原卷.pdf,,,,
2014,语文,广东,老高考,2021,地方/区域卷,local,广东卷,pdf_only,../papers/2014/语文/广东/广东卷/2014_语文_广东卷_原卷.pdf,,,,
2014,语文,广西,老高考,2024,地方/区域卷,local,广西卷,pdf_only,../papers/2014/语文/广西/广西卷/2014_语文_广西卷_原卷.pdf,,,,
2014,语文,海南,老高考,2020,全国卷,common,新课标全国Ⅱ卷,pdf_only,../papers/2014/语文/全国/新课标全国Ⅱ卷/2014_语文_新课标全国Ⅱ卷_原卷.pdf,,,,
2014,语文,重庆,老高考,2021,地方/区域卷,local,重庆卷,pdf_only,../papers/2014/语文/重庆/重庆卷/2014_语文_重庆卷_原卷.pdf,,,,
2014,语文,四川,老高考,2025,地方/区域卷,local,四川卷,pdf_only,../papers/2014/语文/四川/四川卷/2014_语文_四川卷_原卷.pdf,,,,
2014,语文,贵州,老高考,2024,全国卷,common,新课标全国Ⅱ卷,pdf_only,../papers/2014/语文/全国/新课标全国Ⅱ卷/2014_语文_新课标全国Ⅱ卷_原卷.pdf,,,,
2014,语文,云南,老高考,2025,全国卷,common,新课标全国Ⅱ卷,pdf_only,../papers/2014/语文/全国/新课标全国Ⅱ卷/2014_语文_新课标全国Ⅱ卷_原卷.pdf,,,,
2014,语文,西藏,老高考,,全国卷,common,新课标全国Ⅱ卷,pdf_only,../papers/2014/语文/全国/新课标全国Ⅱ卷/2014_语文_新课标全国Ⅱ卷_原卷.pdf,,,,
2014,语文,陕西,老高考,2025,全国卷,common,新课标全国Ⅰ卷,pdf_only,../papers/2014/语文/全国/新课标全国Ⅰ卷/2014_语文_新课标全国Ⅰ卷_原卷.pdf,,,,
2014,语文,甘肃,老高考,2024,全国卷,common,新课标全国Ⅱ卷,pdf_only,../papers/2014/语文/全国/新课标全国Ⅱ卷/2014_语文_新课标全国Ⅱ卷_原卷.pdf,,,,
2014,语文,青海,老高考,2025,全国卷,common,新课标全国Ⅱ卷,pdf_only,../papers/2014/语文/全国/新课标全国Ⅱ卷/2014_语文_新课标全国Ⅱ卷_原卷.pdf,,,,
2014,语文,宁夏,老高考,2025,全国卷,common,新课标全国Ⅱ卷,pdf_only,../papers/2014/语文/全国/新课标全国Ⅱ卷/2014_语文_新课标全国Ⅱ卷_原卷.pdf,,,,
2014,语文,新疆,老高考,,全国卷,common,新课标全国Ⅱ卷,pdf_only,../papers/2014/语文/全国/新课标全国Ⅱ卷/2014_语文_新课标全国Ⅱ卷_原卷.pdf,,,,
2014,数学,北京,老高考,2020,地方/区域卷,local,北京卷,done,../papers/2014/数学/北京/北京卷/2014_数学_北京卷_原卷.pdf,../papers/2014/数学/北京/北京卷/2014_数学_北京卷_OCR与考点.md,,pypdf,6
2014,数学,天津,老高考,2020,地方/区域卷,local,天津卷,done,../papers/2014/数学/天津/天津卷/2014_数学_天津卷_原卷.pdf,../papers/2014/数学/天津/天津卷/2014_数学_天津卷_OCR与考点.md,,pypdf,4
2014,数学,河北,老高考,2021,全国卷,common,新课标全国Ⅰ卷,done,../papers/2014/数学/全国/新课标全国Ⅰ卷/2014_数学_新课标全国Ⅰ卷_原卷.pdf,../papers/2014/数学/全国/新课标全国Ⅰ卷/2014_数学_新课标全国Ⅰ卷_OCR与考点.md,,pypdf,7
2014,数学,山西,老高考,2025,全国卷,common,新课标全国Ⅰ卷,done,../papers/2014/数学/全国/新课标全国Ⅰ卷/2014_数学_新课标全国Ⅰ卷_原卷.pdf,../papers/2014/数学/全国/新课标全国Ⅰ卷/2014_数学_新课标全国Ⅰ卷_OCR与考点.md,,pypdf,7
2014,数学,内蒙古,老高考,2025,全国卷,common,新课标全国Ⅱ卷,done,../papers/2014/数学/全国/新课标全国Ⅱ卷/2014_数学_新课标全国Ⅱ卷_原卷.pdf,../papers/2014/数学/全国/新课标全国Ⅱ卷/2014_数学_新课标全国Ⅱ卷_OCR与考点.md,,pypdf,6
2014,数学,辽宁,老高考,2021,地方/区域卷,local,辽宁卷,done,../papers/2014/数学/辽宁/辽宁卷/2014_数学_辽宁卷_原卷.pdf,../papers/2014/数学/辽宁/辽宁卷/2014_数学_辽宁卷_OCR与考点.md,,pypdf,6
2014,数学,吉林,老高考,2024,全国卷,common,新课标全国Ⅱ卷,done,../papers/2014/数学/全国/新课标全国Ⅱ卷/2014_数学_新课标全国Ⅱ卷_原卷.pdf,../papers/2014/数学/全国/新课标全国Ⅱ卷/2014_数学_新课标全国Ⅱ卷_OCR与考点.md,,pypdf,6
2014,数学,黑龙江,老高考,2024,全国卷,common,新课标全国Ⅱ卷,done,../papers/2014/数学/全国/新课标全国Ⅱ卷/2014_数学_新课标全国Ⅱ卷_原卷.pdf,../papers/2014/数学/全国/新课标全国Ⅱ卷/2014_数学_新课标全国Ⅱ卷_OCR与考点.md,,pypdf,6
2014,数学,上海,老高考,2017,地方/区域卷,local,上海卷,done,../papers/2014/数学/上海/上海卷/2014_数学_上海卷_原卷.pdf,../papers/2014/数学/上海/上海卷/2014_数学_上海卷_OCR与考点.md,,pypdf,6
2014,数学,江苏,老高考,2021,地方/区域卷,local,江苏卷,done,../papers/2014/数学/江苏/江苏卷/2014_数学_江苏卷_原卷.pdf,../papers/2014/数学/江苏/江苏卷/2014_数学_江苏卷_OCR与考点.md,,pypdf,6
2014,数学,浙江,老高考,2017,地方/区域卷,local,浙江卷,done,../papers/2014/数学/浙江/浙江卷/2014_数学_浙江卷_原卷.pdf,../papers/2014/数学/浙江/浙江卷/2014_数学_浙江卷_OCR与考点.md,,pypdf,3
2014,数学,安徽,老高考,2024,地方/区域卷,local,安徽卷,done,../papers/2014/数学/安徽/安徽卷/2014_数学_安徽卷_原卷.pdf,../papers/2014/数学/安徽/安徽卷/2014_数学_安徽卷_OCR与考点.md,,pypdf,5
2014,数学,福建,老高考,2021,地方/区域卷,local,福建卷,done,../papers/2014/数学/福建/福建卷/2014_数学_福建卷_原卷.pdf,../papers/2014/数学/福建/福建卷/2014_数学_福建卷_OCR与考点.md,,pypdf,4
2014,数学,江西,老高考,2024,地方/区域卷,local,江西卷,done,../papers/2014/数学/江西/江西卷/2014_数学_江西卷_原卷.pdf,../papers/2014/数学/江西/江西卷/2014_数学_江西卷_OCR与考点.md,,pypdf,5
2014,数学,山东,老高考,2020,地方/区域卷,local,山东卷,done,../papers/2014/数学/山东/山东卷/2014_数学_山东卷_原卷.pdf,../papers/2014/数学/山东/山东卷/2014_数学_山东卷_OCR与考点.md,,pypdf,3
2014,数学,河南,老高考,2025,全国卷,common,新课标全国Ⅰ卷,done,../papers/2014/数学/全国/新课标全国Ⅰ卷/2014_数学_新课标全国Ⅰ卷_原卷.pdf,../papers/2014/数学/全国/新课标全国Ⅰ卷/2014_数学_新课标全国Ⅰ卷_OCR与考点.md,,pypdf,7
2014,数学,湖北,老高考,2021,地方/区域卷,local,湖北卷,done,../papers/2014/数学/湖北/湖北卷/2014_数学_湖北卷_原卷.pdf,../papers/2014/数学/湖北/湖北卷/2014_数学_湖北卷_OCR与考点.md,,pypdf,5
2014,数学,湖南,老高考,2021,地方/区域卷,local,湖南卷,done,../papers/2014/数学/湖南/湖南卷/2014_数学_湖南卷_原卷.pdf,../papers/2014/数学/湖南/湖南卷/2014_数学_湖南卷_OCR与考点.md,,pypdf,5
2014,数学,广东,老高考,2021,地方/区域卷,local,广东卷,done,../papers/2014/数学/广东/广东卷/2014_数学_广东卷_原卷.pdf,../papers/2014/数学/广东/广东卷/2014_数学_广东卷_OCR与考点.md,,pypdf,4
2014,数学,广西,老高考,2024,地方/区域卷,local,广西卷,done,../papers/2014/数学/广西/广西卷/2014_数学_广西卷_原卷.pdf,../papers/2014/数学/广西/广西卷/2014_数学_广西卷_OCR与考点.md,,pypdf,4
2014,数学,海南,老高考,2020,全国卷,common,新课标全国Ⅱ卷,done,../papers/2014/数学/全国/新课标全国Ⅱ卷/2014_数学_新课标全国Ⅱ卷_原卷.pdf,../papers/2014/数学/全国/新课标全国Ⅱ卷/2014_数学_新课标全国Ⅱ卷_OCR与考点.md,,pypdf,6
2014,数学,重庆,老高考,2021,地方/区域卷,local,重庆卷,done,../papers/2014/数学/重庆/重庆卷/2014_数学_重庆卷_原卷.pdf,../papers/2014/数学/重庆/重庆卷/2014_数学_重庆卷_OCR与考点.md,,pypdf,6
2014,数学,四川,老高考,2025,地方/区域卷,local,四川卷,done,../papers/2014/数学/四川/四川卷/2014_数学_四川卷_原卷.pdf,../papers/2014/数学/四川/四川卷/2014_数学_四川卷_OCR与考点.md,,pypdf,4
2014,数学,贵州,老高考,2024,全国卷,common,新课标全国Ⅱ卷,done,../papers/2014/数学/全国/新课标全国Ⅱ卷/2014_数学_新课标全国Ⅱ卷_原卷.pdf,../papers/2014/数学/全国/新课标全国Ⅱ卷/2014_数学_新课标全国Ⅱ卷_OCR与考点.md,,pypdf,6
2014,数学,云南,老高考,2025,全国卷,common,新课标全国Ⅱ卷,done,../papers/2014/数学/全国/新课标全国Ⅱ卷/2014_数学_新课标全国Ⅱ卷_原卷.pdf,../papers/2014/数学/全国/新课标全国Ⅱ卷/2014_数学_新课标全国Ⅱ卷_OCR与考点.md,,pypdf,6
2014,数学,西藏,老高考,,全国卷,common,新课标全国Ⅱ卷,done,../papers/2014/数学/全国/新课标全国Ⅱ卷/2014_数学_新课标全国Ⅱ卷_原卷.pdf,../papers/2014/数学/全国/新课标全国Ⅱ卷/2014_数学_新课标全国Ⅱ卷_OCR与考点.md,,pypdf,6
2014,数学,陕西,老高考,2025,地方/区域卷,local,陕西卷,done,../papers/2014/数学/陕西/陕西卷/2014_数学_陕西卷_原卷.pdf,../papers/2014/数学/陕西/陕西卷/2014_数学_陕西卷_OCR与考点.md,,pypdf,5
2014,数学,甘肃,老高考,2024,全国卷,common,新课标全国Ⅱ卷,done,../papers/2014/数学/全国/新课标全国Ⅱ卷/2014_数学_新课标全国Ⅱ卷_原卷.pdf,../papers/2014/数学/全国/新课标全国Ⅱ卷/2014_数学_新课标全国Ⅱ卷_OCR与考点.md,,pypdf,6
2014,数学,青海,老高考,2025,全国卷,common,新课标全国Ⅱ卷,done,../papers/2014/数学/全国/新课标全国Ⅱ卷/2014_数学_新课标全国Ⅱ卷_原卷.pdf,../papers/2014/数学/全国/新课标全国Ⅱ卷/2014_数学_新课标全国Ⅱ卷_OCR与考点.md,,pypdf,6
2014,数学,宁夏,老高考,2025,全国卷,common,新课标全国Ⅱ卷,done,../papers/2014/数学/全国/新课标全国Ⅱ卷/2014_数学_新课标全国Ⅱ卷_原卷.pdf,../papers/2014/数学/全国/新课标全国Ⅱ卷/2014_数学_新课标全国Ⅱ卷_OCR与考点.md,,pypdf,6
2014,数学,新疆,老高考,,全国卷,common,新课标全国Ⅱ卷,done,../papers/2014/数学/全国/新课标全国Ⅱ卷/2014_数学_新课标全国Ⅱ卷_原卷.pdf,../papers/2014/数学/全国/新课标全国Ⅱ卷/2014_数学_新课标全国Ⅱ卷_OCR与考点.md,,pypdf,6
2014,英语,北京,老高考,2020,地方/区域卷,local,北京卷,done,../papers/2014/英语/北京/北京卷/2014_英语_北京卷_原卷.pdf,../papers/2014/英语/北京/北京卷/2014_英语_北京卷_OCR与考点.md,../papers/2014/英语/北京/北京卷/2014_英语_北京卷_听力.mp3,pypdf,15
2014,英语,天津,老高考,2020,地方/区域卷,local,天津卷,done,../papers/2014/英语/天津/天津卷/2014_英语_天津卷_原卷.pdf,../papers/2014/英语/天津/天津卷/2014_英语_天津卷_OCR与考点.md,,pypdf,13
2014,英语,河北,老高考,2021,全国卷,common,新课标全国Ⅰ卷,done,../papers/2014/英语/全国/新课标全国Ⅰ卷/2014_英语_新课标全国Ⅰ卷_原卷.pdf,../papers/2014/英语/全国/新课标全国Ⅰ卷/2014_英语_新课标全国Ⅰ卷_OCR与考点.md,../papers/2014/英语/全国/新课标全国Ⅰ卷/2014_英语_新课标全国Ⅰ卷_听力.mp3,pypdf,13
2014,英语,山西,老高考,2025,全国卷,common,新课标全国Ⅰ卷,done,../papers/2014/英语/全国/新课标全国Ⅰ卷/2014_英语_新课标全国Ⅰ卷_原卷.pdf,../papers/2014/英语/全国/新课标全国Ⅰ卷/2014_英语_新课标全国Ⅰ卷_OCR与考点.md,../papers/2014/英语/全国/新课标全国Ⅰ卷/2014_英语_新课标全国Ⅰ卷_听力.mp3,pypdf,13
2014,英语,内蒙古,老高考,2025,全国卷,common,新课标全国Ⅱ卷,done,../papers/2014/英语/全国/新课标全国Ⅱ卷/2014_英语_新课标全国Ⅱ卷_原卷.pdf,../papers/2014/英语/全国/新课标全国Ⅱ卷/2014_英语_新课标全国Ⅱ卷_OCR与考点.md,../papers/2014/英语/全国/新课标全国Ⅱ卷/2014_英语_新课标全国Ⅱ卷_听力.mp3,pypdf,13
2014,英语,辽宁,老高考,2021,地方/区域卷,local,辽宁卷,done,../papers/2014/英语/辽宁/辽宁卷/2014_英语_辽宁卷_原卷.pdf,../papers/2014/英语/辽宁/辽宁卷/2014_英语_辽宁卷_OCR与考点.md,../papers/2014/英语/辽宁/辽宁卷/2014_英语_辽宁卷_听力.mp3,pypdf,13
2014,英语,吉林,老高考,2024,全国卷,common,新课标全国Ⅱ卷,done,../papers/2014/英语/全国/新课标全国Ⅱ卷/2014_英语_新课标全国Ⅱ卷_原卷.pdf,../papers/2014/英语/全国/新课标全国Ⅱ卷/2014_英语_新课标全国Ⅱ卷_OCR与考点.md,../papers/2014/英语/全国/新课标全国Ⅱ卷/2014_英语_新课标全国Ⅱ卷_听力.mp3,pypdf,13
2014,英语,黑龙江,老高考,2024,全国卷,common,新课标全国Ⅱ卷,done,../papers/2014/英语/全国/新课标全国Ⅱ卷/2014_英语_新课标全国Ⅱ卷_原卷.pdf,../papers/2014/英语/全国/新课标全国Ⅱ卷/2014_英语_新课标全国Ⅱ卷_OCR与考点.md,../papers/2014/英语/全国/新课标全国Ⅱ卷/2014_英语_新课标全国Ⅱ卷_听力.mp3,pypdf,13
2014,英语,上海,老高考,2017,地方/区域卷,local,上海卷,done,../papers/2014/英语/上海/上海卷/2014_英语_上海卷_原卷.pdf,../papers/2014/英语/上海/上海卷/2014_英语_上海卷_OCR与考点.md,../papers/2014/英语/上海/上海卷/2014_英语_上海卷_听力.mp3,pypdf,14
2014,英语,江苏,老高考,2021,地方/区域卷,local,江苏卷,done,../papers/2014/英语/江苏/江苏卷/2014_英语_江苏卷_原卷.pdf,../papers/2014/英语/江苏/江苏卷/2014_英语_江苏卷_OCR与考点.md,../papers/2014/英语/江苏/江苏卷/2014_英语_江苏卷_听力.mp3,pypdf,15
2014,英语,浙江,老高考,2017,地方/区域卷,local,浙江卷,done,../papers/2014/英语/浙江/浙江卷/2014_英语_浙江卷_原卷.pdf,../papers/2014/英语/浙江/浙江卷/2014_英语_浙江卷_OCR与考点.md,,pypdf,10
2014,英语,安徽,老高考,2024,地方/区域卷,local,安徽卷,done,../papers/2014/英语/安徽/安徽卷/2014_英语_安徽卷_原卷.pdf,../papers/2014/英语/安徽/安徽卷/2014_英语_安徽卷_OCR与考点.md,../papers/2014/英语/安徽/安徽卷/2014_英语_安徽卷_听力.mp3,pypdf,15
2014,英语,福建,老高考,2021,地方/区域卷,local,福建卷,done,../papers/2014/英语/福建/福建卷/2014_英语_福建卷_原卷.pdf,../papers/2014/英语/福建/福建卷/2014_英语_福建卷_OCR与考点.md,../papers/2014/英语/福建/福建卷/2014_英语_福建卷_听力.mp3,pypdf,14
2014,英语,江西,老高考,2024,地方/区域卷,local,江西卷,done,../papers/2014/英语/江西/江西卷/2014_英语_江西卷_原卷.pdf,../papers/2014/英语/江西/江西卷/2014_英语_江西卷_OCR与考点.md,../papers/2014/英语/江西/江西卷/2014_英语_江西卷_听力.mp3,pypdf,13
2014,英语,山东,老高考,2020,地方/区域卷,local,山东卷,done,../papers/2014/英语/山东/山东卷/2014_英语_山东卷_原卷.pdf,../papers/2014/英语/山东/山东卷/2014_英语_山东卷_OCR与考点.md,,pypdf,11
2014,英语,河南,老高考,2025,全国卷,common,新课标全国Ⅰ卷,done,../papers/2014/英语/全国/新课标全国Ⅰ卷/2014_英语_新课标全国Ⅰ卷_原卷.pdf,../papers/2014/英语/全国/新课标全国Ⅰ卷/2014_英语_新课标全国Ⅰ卷_OCR与考点.md,../papers/2014/英语/全国/新课标全国Ⅰ卷/2014_英语_新课标全国Ⅰ卷_听力.mp3,pypdf,13
2014,英语,湖北,老高考,2021,地方/区域卷,local,湖北卷,done,../papers/2014/英语/湖北/湖北卷/2014_英语_湖北卷_原卷.pdf,../papers/2014/英语/湖北/湖北卷/2014_英语_湖北卷_OCR与考点.md,../papers/2014/英语/湖北/湖北卷/2014_英语_湖北卷_听力.mp3,pypdf,14
2014,英语,湖南,老高考,2021,地方/区域卷,local,湖南卷,done,../papers/2014/英语/湖南/湖南卷/2014_英语_湖南卷_原卷.pdf,../papers/2014/英语/湖南/湖南卷/2014_英语_湖南卷_OCR与考点.md,../papers/2014/英语/湖南/湖南卷/2014_英语_湖南卷_听力.mp3,pypdf,13
2014,英语,广东,老高考,2021,地方/区域卷,local,广东卷,done,../papers/2014/英语/广东/广东卷/2014_英语_广东卷_原卷.pdf,../papers/2014/英语/广东/广东卷/2014_英语_广东卷_OCR与考点.md,,pypdf,12
2014,英语,广西,老高考,2024,全国卷,common,新课标全国Ⅱ卷,done,../papers/2014/英语/全国/新课标全国Ⅱ卷/2014_英语_新课标全国Ⅱ卷_原卷.pdf,../papers/2014/英语/全国/新课标全国Ⅱ卷/2014_英语_新课标全国Ⅱ卷_OCR与考点.md,../papers/2014/英语/全国/新课标全国Ⅱ卷/2014_英语_新课标全国Ⅱ卷_听力.mp3,pypdf,13
2014,英语,海南,老高考,2020,全国卷,common,新课标全国Ⅱ卷,done,../papers/2014/英语/全国/新课标全国Ⅱ卷/2014_英语_新课标全国Ⅱ卷_原卷.pdf,../papers/2014/英语/全国/新课标全国Ⅱ卷/2014_英语_新课标全国Ⅱ卷_OCR与考点.md,../papers/2014/英语/全国/新课标全国Ⅱ卷/2014_英语_新课标全国Ⅱ卷_听力.mp3,pypdf,13
2014,英语,重庆,老高考,2021,地方/区域卷,local,重庆卷,done,../papers/2014/英语/重庆/重庆卷/2014_英语_重庆卷_原卷.pdf,../papers/2014/英语/重庆/重庆卷/2014_英语_重庆卷_OCR与考点.md,,pypdf,10
2014,英语,四川,老高考,2025,地方/区域卷,local,四川卷,done,../papers/2014/英语/四川/四川卷/2014_英语_四川卷_原卷.pdf,../papers/2014/英语/四川/四川卷/2014_英语_四川卷_OCR与考点.md,,pypdf,8
2014,英语,贵州,老高考,2024,全国卷,common,新课标全国Ⅱ卷,done,../papers/2014/英语/全国/新课标全国Ⅱ卷/2014_英语_新课标全国Ⅱ卷_原卷.pdf,../papers/2014/英语/全国/新课标全国Ⅱ卷/2014_英语_新课标全国Ⅱ卷_OCR与考点.md,../papers/2014/英语/全国/新课标全国Ⅱ卷/2014_英语_新课标全国Ⅱ卷_听力.mp3,pypdf,13
2014,英语,云南,老高考,2025,全国卷,common,新课标全国Ⅱ卷,done,../papers/2014/英语/全国/新课标全国Ⅱ卷/2014_英语_新课标全国Ⅱ卷_原卷.pdf,../papers/2014/英语/全国/新课标全国Ⅱ卷/2014_英语_新课标全国Ⅱ卷_OCR与考点.md,../papers/2014/英语/全国/新课标全国Ⅱ卷/2014_英语_新课标全国Ⅱ卷_听力.mp3,pypdf,13
2014,英语,西藏,老高考,,全国卷,common,新课标全国Ⅱ卷,done,../papers/2014/英语/全国/新课标全国Ⅱ卷/2014_英语_新课标全国Ⅱ卷_原卷.pdf,../papers/2014/英语/全国/新课标全国Ⅱ卷/2014_英语_新课标全国Ⅱ卷_OCR与考点.md,../papers/2014/英语/全国/新课标全国Ⅱ卷/2014_英语_新课标全国Ⅱ卷_听力.mp3,pypdf,13
2014,英语,陕西,老高考,2025,地方/区域卷,local,陕西卷,done,../papers/2014/英语/陕西/陕西卷/2014_英语_陕西卷_原卷.pdf,../papers/2014/英语/陕西/陕西卷/2014_英语_陕西卷_OCR与考点.md,,pypdf,12
2014,英语,甘肃,老高考,2024,全国卷,common,新课标全国Ⅱ卷,done,../papers/2014/英语/全国/新课标全国Ⅱ卷/2014_英语_新课标全国Ⅱ卷_原卷.pdf,../papers/2014/英语/全国/新课标全国Ⅱ卷/2014_英语_新课标全国Ⅱ卷_OCR与考点.md,../papers/2014/英语/全国/新课标全国Ⅱ卷/2014_英语_新课标全国Ⅱ卷_听力.mp3,pypdf,13
2014,英语,青海,老高考,2025,全国卷,common,新课标全国Ⅱ卷,done,../papers/2014/英语/全国/新课标全国Ⅱ卷/2014_英语_新课标全国Ⅱ卷_原卷.pdf,../papers/2014/英语/全国/新课标全国Ⅱ卷/2014_英语_新课标全国Ⅱ卷_OCR与考点.md,../papers/2014/英语/全国/新课标全国Ⅱ卷/2014_英语_新课标全国Ⅱ卷_听力.mp3,pypdf,13
2014,英语,宁夏,老高考,2025,全国卷,common,新课标全国Ⅱ卷,done,../papers/2014/英语/全国/新课标全国Ⅱ卷/2014_英语_新课标全国Ⅱ卷_原卷.pdf,../papers/2014/英语/全国/新课标全国Ⅱ卷/2014_英语_新课标全国Ⅱ卷_OCR与考点.md,../papers/2014/英语/全国/新课标全国Ⅱ卷/2014_英语_新课标全国Ⅱ卷_听力.mp3,pypdf,13
2014,英语,新疆,老高考,,全国卷,common,新课标全国Ⅱ卷,done,../papers/2014/英语/全国/新课标全国Ⅱ卷/2014_英语_新课标全国Ⅱ卷_原卷.pdf,../papers/2014/英语/全国/新课标全国Ⅱ卷/2014_英语_新课标全国Ⅱ卷_OCR与考点.md,../papers/2014/英语/全国/新课标全国Ⅱ卷/2014_英语_新课标全国Ⅱ卷_听力.mp3,pypdf,13
2014,物理,北京,老高考,2020,地方/区域卷,local,北京卷,done,../papers/2014/物理/北京/北京理综/2014_物理_北京理综_原卷.pdf,../papers/2014/物理/北京/北京理综/2014_物理_北京理综_OCR与考点.md,,pypdf,7
2014,物理,天津,老高考,2020,地方/区域卷,local,天津卷,done,../papers/2014/物理/天津/天津理综/2014_物理_天津理综_原卷.pdf,../papers/2014/物理/天津/天津理综/2014_物理_天津理综_OCR与考点.md,,pypdf,6
2014,物理,河北,老高考,2021,全国卷,common,新课标全国Ⅰ卷,done,../papers/2014/物理/全国/新课标全国Ⅰ卷理综/2014_物理_新课标全国Ⅰ卷理综_原卷.pdf,../papers/2014/物理/全国/新课标全国Ⅰ卷理综/2014_物理_新课标全国Ⅰ卷理综_OCR与考点.md,,pypdf,10
2014,物理,山西,老高考,2025,全国卷,common,新课标全国Ⅰ卷,done,../papers/2014/物理/全国/新课标全国Ⅰ卷理综/2014_物理_新课标全国Ⅰ卷理综_原卷.pdf,../papers/2014/物理/全国/新课标全国Ⅰ卷理综/2014_物理_新课标全国Ⅰ卷理综_OCR与考点.md,,pypdf,10
2014,物理,内蒙古,老高考,2025,全国卷,common,新课标全国Ⅱ卷,done,../papers/2014/物理/全国/新课标全国Ⅱ卷理综/2014_物理_新课标全国Ⅱ卷理综_原卷.pdf,../papers/2014/物理/全国/新课标全国Ⅱ卷理综/2014_物理_新课标全国Ⅱ卷理综_OCR与考点.md,,pypdf,10
2014,物理,辽宁,老高考,2021,全国卷,common,新课标全国Ⅱ卷,done,../papers/2014/物理/全国/新课标全国Ⅱ卷理综/2014_物理_新课标全国Ⅱ卷理综_原卷.pdf,../papers/2014/物理/全国/新课标全国Ⅱ卷理综/2014_物理_新课标全国Ⅱ卷理综_OCR与考点.md,,pypdf,10
2014,物理,吉林,老高考,2024,全国卷,common,新课标全国Ⅱ卷,done,../papers/2014/物理/全国/新课标全国Ⅱ卷理综/2014_物理_新课标全国Ⅱ卷理综_原卷.pdf,../papers/2014/物理/全国/新课标全国Ⅱ卷理综/2014_物理_新课标全国Ⅱ卷理综_OCR与考点.md,,pypdf,10
2014,物理,黑龙江,老高考,2024,全国卷,common,新课标全国Ⅱ卷,done,../papers/2014/物理/全国/新课标全国Ⅱ卷理综/2014_物理_新课标全国Ⅱ卷理综_原卷.pdf,../papers/2014/物理/全国/新课标全国Ⅱ卷理综/2014_物理_新课标全国Ⅱ卷理综_OCR与考点.md,,pypdf,10
2014,物理,上海,老高考,2017,地方/区域卷,local,上海卷,done,../papers/2014/物理/上海/上海理综/2014_物理_上海理综_原卷.pdf,../papers/2014/物理/上海/上海理综/2014_物理_上海理综_OCR与考点.md,,pypdf,10
2014,物理,江苏,老高考,2021,地方/区域卷,local,江苏卷,done,../papers/2014/物理/江苏/江苏理综/2014_物理_江苏理综_原卷.pdf,../papers/2014/物理/江苏/江苏理综/2014_物理_江苏理综_OCR与考点.md,,pypdf,9
2014,物理,浙江,老高考,2017,地方/区域卷,local,浙江卷,done,../papers/2014/物理/浙江/浙江理综/2014_物理_浙江理综_原卷.pdf,../papers/2014/物理/浙江/浙江理综/2014_物理_浙江理综_OCR与考点.md,,pypdf,6
2014,物理,安徽,老高考,2024,地方/区域卷,local,安徽卷,done,../papers/2014/物理/安徽/安徽理综/2014_物理_安徽理综_原卷.pdf,../papers/2014/物理/安徽/安徽理综/2014_物理_安徽理综_OCR与考点.md,,pypdf,4
2014,物理,福建,老高考,2021,地方/区域卷,local,福建卷,done,../papers/2014/物理/福建/福建理综/2014_物理_福建理综_原卷.pdf,../papers/2014/物理/福建/福建理综/2014_物理_福建理综_OCR与考点.md,,pypdf,6
2014,物理,江西,老高考,2024,全国卷,common,新课标全国Ⅰ卷,done,../papers/2014/物理/全国/新课标全国Ⅰ卷理综/2014_物理_新课标全国Ⅰ卷理综_原卷.pdf,../papers/2014/物理/全国/新课标全国Ⅰ卷理综/2014_物理_新课标全国Ⅰ卷理综_OCR与考点.md,,pypdf,10
2014,物理,山东,老高考,2020,地方/区域卷,local,山东卷,done,../papers/2014/物理/山东/山东理综/2014_物理_山东理综_原卷.pdf,../papers/2014/物理/山东/山东理综/2014_物理_山东理综_OCR与考点.md,,pypdf,9
2014,物理,河南,老高考,2025,全国卷,common,新课标全国Ⅰ卷,done,../papers/2014/物理/全国/新课标全国Ⅰ卷理综/2014_物理_新课标全国Ⅰ卷理综_原卷.pdf,../papers/2014/物理/全国/新课标全国Ⅰ卷理综/2014_物理_新课标全国Ⅰ卷理综_OCR与考点.md,,pypdf,10
2014,物理,湖北,老高考,2021,全国卷,common,新课标全国Ⅰ卷,done,../papers/2014/物理/全国/新课标全国Ⅰ卷理综/2014_物理_新课标全国Ⅰ卷理综_原卷.pdf,../papers/2014/物理/全国/新课标全国Ⅰ卷理综/2014_物理_新课标全国Ⅰ卷理综_OCR与考点.md,,pypdf,10
2014,物理,湖南,老高考,2021,全国卷,common,新课标全国Ⅰ卷,done,../papers/2014/物理/全国/新课标全国Ⅰ卷理综/2014_物理_新课标全国Ⅰ卷理综_原卷.pdf,../papers/2014/物理/全国/新课标全国Ⅰ卷理综/2014_物理_新课标全国Ⅰ卷理综_OCR与考点.md,,pypdf,10
2014,物理,广东,老高考,2021,地方/区域卷,local,广东卷,done,../papers/2014/物理/广东/广东理综/2014_物理_广东理综_原卷.pdf,../papers/2014/物理/广东/广东理综/2014_物理_广东理综_OCR与考点.md,,pypdf,6
2014,物理,广西,老高考,2024,地方/区域卷,local,广西卷,done,../papers/2014/物理/广西/广西理综/2014_物理_广西理综_原卷.pdf,../papers/2014/物理/广西/广西理综/2014_物理_广西理综_OCR与考点.md,,pypdf,6
2014,物理,海南,老高考,2020,地方/区域卷,local,海南卷,done,../papers/2014/物理/海南/海南理综/2014_物理_海南理综_原卷.pdf,../papers/2014/物理/海南/海南理综/2014_物理_海南理综_OCR与考点.md,,pypdf,6
2014,物理,重庆,老高考,2021,地方/区域卷,local,重庆卷,done,../papers/2014/物理/重庆/重庆理综/2014_物理_重庆理综_原卷.pdf,../papers/2014/物理/重庆/重庆理综/2014_物理_重庆理综_OCR与考点.md,,pypdf,5
2014,物理,四川,老高考,2025,地方/区域卷,local,四川卷,done,../papers/2014/物理/四川/四川理综/2014_物理_四川理综_原卷.pdf,../papers/2014/物理/四川/四川理综/2014_物理_四川理综_OCR与考点.md,,pypdf,6
2014,物理,贵州,老高考,2024,全国卷,common,新课标全国Ⅱ卷,done,../papers/2014/物理/全国/新课标全国Ⅱ卷理综/2014_物理_新课标全国Ⅱ卷理综_原卷.pdf,../papers/2014/物理/全国/新课标全国Ⅱ卷理综/2014_物理_新课标全国Ⅱ卷理综_OCR与考点.md,,pypdf,10
2014,物理,云南,老高考,2025,全国卷,common,新课标全国Ⅱ卷,done,../papers/2014/物理/全国/新课标全国Ⅱ卷理综/2014_物理_新课标全国Ⅱ卷理综_原卷.pdf,../papers/2014/物理/全国/新课标全国Ⅱ卷理综/2014_物理_新课标全国Ⅱ卷理综_OCR与考点.md,,pypdf,10
2014,物理,西藏,老高考,,全国卷,common,新课标全国Ⅱ卷,done,../papers/2014/物理/全国/新课标全国Ⅱ卷理综/2014_物理_新课标全国Ⅱ卷理综_原卷.pdf,../papers/2014/物理/全国/新课标全国Ⅱ卷理综/2014_物理_新课标全国Ⅱ卷理综_OCR与考点.md,,pypdf,10
2014,物理,陕西,老高考,2025,全国卷,common,新课标全国Ⅱ卷,done,../papers/2014/物理/全国/新课标全国Ⅱ卷理综/2014_物理_新课标全国Ⅱ卷理综_原卷.pdf,../papers/2014/物理/全国/新课标全国Ⅱ卷理综/2014_物理_新课标全国Ⅱ卷理综_OCR与考点.md,,pypdf,10
2014,物理,甘肃,老高考,2024,全国卷,common,新课标全国Ⅱ卷,done,../papers/2014/物理/全国/新课标全国Ⅱ卷理综/2014_物理_新课标全国Ⅱ卷理综_原卷.pdf,../papers/2014/物理/全国/新课标全国Ⅱ卷理综/2014_物理_新课标全国Ⅱ卷理综_OCR与考点.md,,pypdf,10
2014,物理,青海,老高考,2025,全国卷,common,新课标全国Ⅱ卷,done,../papers/2014/物理/全国/新课标全国Ⅱ卷理综/2014_物理_新课标全国Ⅱ卷理综_原卷.pdf,../papers/2014/物理/全国/新课标全国Ⅱ卷理综/2014_物理_新课标全国Ⅱ卷理综_OCR与考点.md,,pypdf,10
2014,物理,宁夏,老高考,2025,全国卷,common,新课标全国Ⅱ卷,done,../papers/2014/物理/全国/新课标全国Ⅱ卷理综/2014_物理_新课标全国Ⅱ卷理综_原卷.pdf,../papers/2014/物理/全国/新课标全国Ⅱ卷理综/2014_物理_新课标全国Ⅱ卷理综_OCR与考点.md,,pypdf,10
2014,物理,新疆,老高考,,全国卷,common,新课标全国Ⅱ卷,done,../papers/2014/物理/全国/新课标全国Ⅱ卷理综/2014_物理_新课标全国Ⅱ卷理综_原卷.pdf,../papers/2014/物理/全国/新课标全国Ⅱ卷理综/2014_物理_新课标全国Ⅱ卷理综_OCR与考点.md,,pypdf,10
2014,化学,北京,老高考,2020,地方/区域卷,local,北京卷,done,../papers/2014/化学/北京/北京理综/2014_化学_北京理综_原卷.pdf,../papers/2014/化学/北京/北京理综/2014_化学_北京理综_OCR与考点.md,,pypdf,6
2014,化学,天津,老高考,2020,地方/区域卷,local,天津卷,done,../papers/2014/化学/天津/天津理综/2014_化学_天津理综_原卷.pdf,../papers/2014/化学/天津/天津理综/2014_化学_天津理综_OCR与考点.md,,pypdf,6
2014,化学,河北,老高考,2021,全国卷,common,新课标全国Ⅰ卷,done,../papers/2014/化学/全国/新课标全国Ⅰ卷理综/2014_化学_新课标全国Ⅰ卷理综_原卷.pdf,../papers/2014/化学/全国/新课标全国Ⅰ卷理综/2014_化学_新课标全国Ⅰ卷理综_OCR与考点.md,,pypdf,10
2014,化学,山西,老高考,2025,全国卷,common,新课标全国Ⅰ卷,done,../papers/2014/化学/全国/新课标全国Ⅰ卷理综/2014_化学_新课标全国Ⅰ卷理综_原卷.pdf,../papers/2014/化学/全国/新课标全国Ⅰ卷理综/2014_化学_新课标全国Ⅰ卷理综_OCR与考点.md,,pypdf,10
2014,化学,内蒙古,老高考,2025,全国卷,common,新课标全国Ⅱ卷,done,../papers/2014/化学/全国/新课标全国Ⅱ卷理综/2014_化学_新课标全国Ⅱ卷理综_原卷.pdf,../papers/2014/化学/全国/新课标全国Ⅱ卷理综/2014_化学_新课标全国Ⅱ卷理综_OCR与考点.md,,pypdf,8
2014,化学,辽宁,老高考,2021,全国卷,common,新课标全国Ⅱ卷,done,../papers/2014/化学/全国/新课标全国Ⅱ卷理综/2014_化学_新课标全国Ⅱ卷理综_原卷.pdf,../papers/2014/化学/全国/新课标全国Ⅱ卷理综/2014_化学_新课标全国Ⅱ卷理综_OCR与考点.md,,pypdf,8
2014,化学,吉林,老高考,2024,全国卷,common,新课标全国Ⅱ卷,done,../papers/2014/化学/全国/新课标全国Ⅱ卷理综/2014_化学_新课标全国Ⅱ卷理综_原卷.pdf,../papers/2014/化学/全国/新课标全国Ⅱ卷理综/2014_化学_新课标全国Ⅱ卷理综_OCR与考点.md,,pypdf,8
2014,化学,黑龙江,老高考,2024,全国卷,common,新课标全国Ⅱ卷,done,../papers/2014/化学/全国/新课标全国Ⅱ卷理综/2014_化学_新课标全国Ⅱ卷理综_原卷.pdf,../papers/2014/化学/全国/新课标全国Ⅱ卷理综/2014_化学_新课标全国Ⅱ卷理综_OCR与考点.md,,pypdf,8
2014,化学,上海,老高考,2017,地方/区域卷,local,上海卷,done,../papers/2014/化学/上海/上海理综/2014_化学_上海理综_原卷.pdf,../papers/2014/化学/上海/上海理综/2014_化学_上海理综_OCR与考点.md,,pypdf,9
2014,化学,江苏,老高考,2021,地方/区域卷,local,江苏卷,done,../papers/2014/化学/江苏/江苏理综/2014_化学_江苏理综_原卷.pdf,../papers/2014/化学/江苏/江苏理综/2014_化学_江苏理综_OCR与考点.md,,pypdf,10
2014,化学,浙江,老高考,2017,地方/区域卷,local,浙江卷,done,../papers/2014/化学/浙江/浙江理综/2014_化学_浙江理综_原卷.pdf,../papers/2014/化学/浙江/浙江理综/2014_化学_浙江理综_OCR与考点.md,,pypdf,7
2014,化学,安徽,老高考,2024,地方/区域卷,local,安徽卷,done,../papers/2014/化学/安徽/安徽理综/2014_化学_安徽理综_原卷.pdf,../papers/2014/化学/安徽/安徽理综/2014_化学_安徽理综_OCR与考点.md,,pypdf,4
2014,化学,福建,老高考,2021,地方/区域卷,local,福建卷,done,../papers/2014/化学/福建/福建理综/2014_化学_福建理综_原卷.pdf,../papers/2014/化学/福建/福建理综/2014_化学_福建理综_OCR与考点.md,,pypdf,6
2014,化学,江西,老高考,2024,全国卷,common,新课标全国Ⅰ卷,done,../papers/2014/化学/全国/新课标全国Ⅰ卷理综/2014_化学_新课标全国Ⅰ卷理综_原卷.pdf,../papers/2014/化学/全国/新课标全国Ⅰ卷理综/2014_化学_新课标全国Ⅰ卷理综_OCR与考点.md,,pypdf,10
2014,化学,山东,老高考,2020,地方/区域卷,local,山东卷,done,../papers/2014/化学/山东/山东理综/2014_化学_山东理综_原卷.pdf,../papers/2014/化学/山东/山东理综/2014_化学_山东理综_OCR与考点.md,,pypdf,6
2014,化学,河南,老高考,2025,全国卷,common,新课标全国Ⅰ卷,done,../papers/2014/化学/全国/新课标全国Ⅰ卷理综/2014_化学_新课标全国Ⅰ卷理综_原卷.pdf,../papers/2014/化学/全国/新课标全国Ⅰ卷理综/2014_化学_新课标全国Ⅰ卷理综_OCR与考点.md,,pypdf,10
2014,化学,湖北,老高考,2021,全国卷,common,新课标全国Ⅰ卷,done,../papers/2014/化学/全国/新课标全国Ⅰ卷理综/2014_化学_新课标全国Ⅰ卷理综_原卷.pdf,../papers/2014/化学/全国/新课标全国Ⅰ卷理综/2014_化学_新课标全国Ⅰ卷理综_OCR与考点.md,,pypdf,10
2014,化学,湖南,老高考,2021,全国卷,common,新课标全国Ⅰ卷,done,../papers/2014/化学/全国/新课标全国Ⅰ卷理综/2014_化学_新课标全国Ⅰ卷理综_原卷.pdf,../papers/2014/化学/全国/新课标全国Ⅰ卷理综/2014_化学_新课标全国Ⅰ卷理综_OCR与考点.md,,pypdf,10
2014,化学,广东,老高考,2021,地方/区域卷,local,广东卷,done,../papers/2014/化学/广东/广东理综/2014_化学_广东理综_原卷.pdf,../papers/2014/化学/广东/广东理综/2014_化学_广东理综_OCR与考点.md,,pypdf,6
2014,化学,广西,老高考,2024,地方/区域卷,local,广西卷,done,../papers/2014/化学/广西/广西理综/2014_化学_广西理综_原卷.pdf,../papers/2014/化学/广西/广西理综/2014_化学_广西理综_OCR与考点.md,,pypdf,7
2014,化学,海南,老高考,2020,地方/区域卷,local,海南卷,done,../papers/2014/化学/海南/海南理综/2014_化学_海南理综_原卷.pdf,../papers/2014/化学/海南/海南理综/2014_化学_海南理综_OCR与考点.md,,pypdf,8
2014,化学,重庆,老高考,2021,地方/区域卷,local,重庆卷,done,../papers/2014/化学/重庆/重庆理综/2014_化学_重庆理综_原卷.pdf,../papers/2014/化学/重庆/重庆理综/2014_化学_重庆理综_OCR与考点.md,,pypdf,4
2014,化学,四川,老高考,2025,地方/区域卷,local,四川卷,done,../papers/2014/化学/四川/四川理综/2014_化学_四川理综_原卷.pdf,../papers/2014/化学/四川/四川理综/2014_化学_四川理综_OCR与考点.md,,pypdf,5
2014,化学,贵州,老高考,2024,全国卷,common,新课标全国Ⅱ卷,done,../papers/2014/化学/全国/新课标全国Ⅱ卷理综/2014_化学_新课标全国Ⅱ卷理综_原卷.pdf,../papers/2014/化学/全国/新课标全国Ⅱ卷理综/2014_化学_新课标全国Ⅱ卷理综_OCR与考点.md,,pypdf,8
2014,化学,云南,老高考,2025,全国卷,common,新课标全国Ⅱ卷,done,../papers/2014/化学/全国/新课标全国Ⅱ卷理综/2014_化学_新课标全国Ⅱ卷理综_原卷.pdf,../papers/2014/化学/全国/新课标全国Ⅱ卷理综/2014_化学_新课标全国Ⅱ卷理综_OCR与考点.md,,pypdf,8
2014,化学,西藏,老高考,,全国卷,common,新课标全国Ⅱ卷,done,../papers/2014/化学/全国/新课标全国Ⅱ卷理综/2014_化学_新课标全国Ⅱ卷理综_原卷.pdf,../papers/2014/化学/全国/新课标全国Ⅱ卷理综/2014_化学_新课标全国Ⅱ卷理综_OCR与考点.md,,pypdf,8
2014,化学,陕西,老高考,2025,全国卷,common,新课标全国Ⅱ卷,done,../papers/2014/化学/全国/新课标全国Ⅱ卷理综/2014_化学_新课标全国Ⅱ卷理综_原卷.pdf,../papers/2014/化学/全国/新课标全国Ⅱ卷理综/2014_化学_新课标全国Ⅱ卷理综_OCR与考点.md,,pypdf,8
2014,化学,甘肃,老高考,2024,全国卷,common,新课标全国Ⅱ卷,done,../papers/2014/化学/全国/新课标全国Ⅱ卷理综/2014_化学_新课标全国Ⅱ卷理综_原卷.pdf,../papers/2014/化学/全国/新课标全国Ⅱ卷理综/2014_化学_新课标全国Ⅱ卷理综_OCR与考点.md,,pypdf,8
2014,化学,青海,老高考,2025,全国卷,common,新课标全国Ⅱ卷,done,../papers/2014/化学/全国/新课标全国Ⅱ卷理综/2014_化学_新课标全国Ⅱ卷理综_原卷.pdf,../papers/2014/化学/全国/新课标全国Ⅱ卷理综/2014_化学_新课标全国Ⅱ卷理综_OCR与考点.md,,pypdf,8
2014,化学,宁夏,老高考,2025,全国卷,common,新课标全国Ⅱ卷,done,../papers/2014/化学/全国/新课标全国Ⅱ卷理综/2014_化学_新课标全国Ⅱ卷理综_原卷.pdf,../papers/2014/化学/全国/新课标全国Ⅱ卷理综/2014_化学_新课标全国Ⅱ卷理综_OCR与考点.md,,pypdf,8
2014,化学,新疆,老高考,,全国卷,common,新课标全国Ⅱ卷,done,../papers/2014/化学/全国/新课标全国Ⅱ卷理综/2014_化学_新课标全国Ⅱ卷理综_原卷.pdf,../papers/2014/化学/全国/新课标全国Ⅱ卷理综/2014_化学_新课标全国Ⅱ卷理综_OCR与考点.md,,pypdf,8
2014,生物,北京,老高考,2020,地方/区域卷,local,北京卷,done,../papers/2014/生物/北京/北京理综/2014_生物_北京理综_原卷.pdf,../papers/2014/生物/北京/北京理综/2014_生物_北京理综_OCR与考点.md,,pypdf,4
2014,生物,天津,老高考,2020,地方/区域卷,local,天津卷,done,../papers/2014/生物/天津/天津理综/2014_生物_天津理综_原卷.pdf,../papers/2014/生物/天津/天津理综/2014_生物_天津理综_OCR与考点.md,,pypdf,5
2014,生物,河北,老高考,2021,全国卷,common,新课标全国Ⅰ卷,done,../papers/2014/生物/全国/新课标全国Ⅰ卷理综/2014_生物_新课标全国Ⅰ卷理综_原卷.pdf,../papers/2014/生物/全国/新课标全国Ⅰ卷理综/2014_生物_新课标全国Ⅰ卷理综_OCR与考点.md,,pypdf,6
2014,生物,山西,老高考,2025,全国卷,common,新课标全国Ⅰ卷,done,../papers/2014/生物/全国/新课标全国Ⅰ卷理综/2014_生物_新课标全国Ⅰ卷理综_原卷.pdf,../papers/2014/生物/全国/新课标全国Ⅰ卷理综/2014_生物_新课标全国Ⅰ卷理综_OCR与考点.md,,pypdf,6
2014,生物,内蒙古,老高考,2025,全国卷,common,新课标全国Ⅱ卷,done,../papers/2014/生物/全国/新课标全国Ⅱ卷理综/2014_生物_新课标全国Ⅱ卷理综_原卷.pdf,../papers/2014/生物/全国/新课标全国Ⅱ卷理综/2014_生物_新课标全国Ⅱ卷理综_OCR与考点.md,,pypdf,6
2014,生物,辽宁,老高考,2021,全国卷,common,新课标全国Ⅱ卷,done,../papers/2014/生物/全国/新课标全国Ⅱ卷理综/2014_生物_新课标全国Ⅱ卷理综_原卷.pdf,../papers/2014/生物/全国/新课标全国Ⅱ卷理综/2014_生物_新课标全国Ⅱ卷理综_OCR与考点.md,,pypdf,6
2014,生物,吉林,老高考,2024,全国卷,common,新课标全国Ⅱ卷,done,../papers/2014/生物/全国/新课标全国Ⅱ卷理综/2014_生物_新课标全国Ⅱ卷理综_原卷.pdf,../papers/2014/生物/全国/新课标全国Ⅱ卷理综/2014_生物_新课标全国Ⅱ卷理综_OCR与考点.md,,pypdf,6
2014,生物,黑龙江,老高考,2024,全国卷,common,新课标全国Ⅱ卷,done,../papers/2014/生物/全国/新课标全国Ⅱ卷理综/2014_生物_新课标全国Ⅱ卷理综_原卷.pdf,../papers/2014/生物/全国/新课标全国Ⅱ卷理综/2014_生物_新课标全国Ⅱ卷理综_OCR与考点.md,,pypdf,6
2014,生物,上海,老高考,2017,地方/区域卷,local,上海卷,done,../papers/2014/生物/上海/上海理综/2014_生物_上海理综_原卷.pdf,../papers/2014/生物/上海/上海理综/2014_生物_上海理综_OCR与考点.md,,pypdf,17
2014,生物,江苏,老高考,2021,地方/区域卷,local,江苏卷,done,../papers/2014/生物/江苏/江苏理综/2014_生物_江苏理综_原卷.pdf,../papers/2014/生物/江苏/江苏理综/2014_生物_江苏理综_OCR与考点.md,,pypdf,12
2014,生物,浙江,老高考,2017,地方/区域卷,local,浙江卷,done,../papers/2014/生物/浙江/浙江理综/2014_生物_浙江理综_原卷.pdf,../papers/2014/生物/浙江/浙江理综/2014_生物_浙江理综_OCR与考点.md,,pypdf,3
2014,生物,安徽,老高考,2024,地方/区域卷,local,安徽卷,done,../papers/2014/生物/安徽/安徽理综/2014_生物_安徽理综_原卷.pdf,../papers/2014/生物/安徽/安徽理综/2014_生物_安徽理综_OCR与考点.md,,pypdf,4
2014,生物,福建,老高考,2021,地方/区域卷,local,福建卷,done,../papers/2014/生物/福建/福建理综/2014_生物_福建理综_原卷.pdf,../papers/2014/生物/福建/福建理综/2014_生物_福建理综_OCR与考点.md,,pypdf,4
2014,生物,江西,老高考,2024,全国卷,common,新课标全国Ⅰ卷,done,../papers/2014/生物/全国/新课标全国Ⅰ卷理综/2014_生物_新课标全国Ⅰ卷理综_原卷.pdf,../papers/2014/生物/全国/新课标全国Ⅰ卷理综/2014_生物_新课标全国Ⅰ卷理综_OCR与考点.md,,pypdf,6
2014,生物,山东,老高考,2020,地方/区域卷,local,山东卷,done,../papers/2014/生物/山东/山东理综/2014_生物_山东理综_原卷.pdf,../papers/2014/生物/山东/山东理综/2014_生物_山东理综_OCR与考点.md,,pypdf,5
2014,生物,河南,老高考,2025,全国卷,common,新课标全国Ⅰ卷,done,../papers/2014/生物/全国/新课标全国Ⅰ卷理综/2014_生物_新课标全国Ⅰ卷理综_原卷.pdf,../papers/2014/生物/全国/新课标全国Ⅰ卷理综/2014_生物_新课标全国Ⅰ卷理综_OCR与考点.md,,pypdf,6
2014,生物,湖北,老高考,2021,全国卷,common,新课标全国Ⅰ卷,done,../papers/2014/生物/全国/新课标全国Ⅰ卷理综/2014_生物_新课标全国Ⅰ卷理综_原卷.pdf,../papers/2014/生物/全国/新课标全国Ⅰ卷理综/2014_生物_新课标全国Ⅰ卷理综_OCR与考点.md,,pypdf,6
2014,生物,湖南,老高考,2021,全国卷,common,新课标全国Ⅰ卷,done,../papers/2014/生物/全国/新课标全国Ⅰ卷理综/2014_生物_新课标全国Ⅰ卷理综_原卷.pdf,../papers/2014/生物/全国/新课标全国Ⅰ卷理综/2014_生物_新课标全国Ⅰ卷理综_OCR与考点.md,,pypdf,6
2014,生物,广东,老高考,2021,地方/区域卷,local,广东卷,done,../papers/2014/生物/广东/广东理综/2014_生物_广东理综_原卷.pdf,../papers/2014/生物/广东/广东理综/2014_生物_广东理综_OCR与考点.md,,pypdf,6
2014,生物,广西,老高考,2024,地方/区域卷,local,广西卷,done,../papers/2014/生物/广西/广西理综/2014_生物_广西理综_原卷.pdf,../papers/2014/生物/广西/广西理综/2014_生物_广西理综_OCR与考点.md,,pypdf,5
2014,生物,海南,老高考,2020,地方/区域卷,local,海南卷,done,../papers/2014/生物/海南/海南理综/2014_生物_海南理综_原卷.pdf,../papers/2014/生物/海南/海南理综/2014_生物_海南理综_OCR与考点.md,,pypdf,8
2014,生物,重庆,老高考,2021,地方/区域卷,local,重庆卷,done,../papers/2014/生物/重庆/重庆理综/2014_生物_重庆理综_原卷.pdf,../papers/2014/生物/重庆/重庆理综/2014_生物_重庆理综_OCR与考点.md,,pypdf,4
2014,生物,四川,老高考,2025,地方/区域卷,local,四川卷,done,../papers/2014/生物/四川/四川理综/2014_生物_四川理综_原卷.pdf,../papers/2014/生物/四川/四川理综/2014_生物_四川理综_OCR与考点.md,,pypdf,4
2014,生物,贵州,老高考,2024,全国卷,common,新课标全国Ⅱ卷,done,../papers/2014/生物/全国/新课标全国Ⅱ卷理综/2014_生物_新课标全国Ⅱ卷理综_原卷.pdf,../papers/2014/生物/全国/新课标全国Ⅱ卷理综/2014_生物_新课标全国Ⅱ卷理综_OCR与考点.md,,pypdf,6
2014,生物,云南,老高考,2025,全国卷,common,新课标全国Ⅱ卷,done,../papers/2014/生物/全国/新课标全国Ⅱ卷理综/2014_生物_新课标全国Ⅱ卷理综_原卷.pdf,../papers/2014/生物/全国/新课标全国Ⅱ卷理综/2014_生物_新课标全国Ⅱ卷理综_OCR与考点.md,,pypdf,6
2014,生物,西藏,老高考,,全国卷,common,新课标全国Ⅱ卷,done,../papers/2014/生物/全国/新课标全国Ⅱ卷理综/2014_生物_新课标全国Ⅱ卷理综_原卷.pdf,../papers/2014/生物/全国/新课标全国Ⅱ卷理综/2014_生物_新课标全国Ⅱ卷理综_OCR与考点.md,,pypdf,6
2014,生物,陕西,老高考,2025,全国卷,common,新课标全国Ⅱ卷,done,../papers/2014/生物/全国/新课标全国Ⅱ卷理综/2014_生物_新课标全国Ⅱ卷理综_原卷.pdf,../papers/2014/生物/全国/新课标全国Ⅱ卷理综/2014_生物_新课标全国Ⅱ卷理综_OCR与考点.md,,pypdf,6
2014,生物,甘肃,老高考,2024,全国卷,common,新课标全国Ⅱ卷,done,../papers/2014/生物/全国/新课标全国Ⅱ卷理综/2014_生物_新课标全国Ⅱ卷理综_原卷.pdf,../papers/2014/生物/全国/新课标全国Ⅱ卷理综/2014_生物_新课标全国Ⅱ卷理综_OCR与考点.md,,pypdf,6
2014,生物,青海,老高考,2025,全国卷,common,新课标全国Ⅱ卷,done,../papers/2014/生物/全国/新课标全国Ⅱ卷理综/2014_生物_新课标全国Ⅱ卷理综_原卷.pdf,../papers/2014/生物/全国/新课标全国Ⅱ卷理综/2014_生物_新课标全国Ⅱ卷理综_OCR与考点.md,,pypdf,6
2014,生物,宁夏,老高考,2025,全国卷,common,新课标全国Ⅱ卷,done,../papers/2014/生物/全国/新课标全国Ⅱ卷理综/2014_生物_新课标全国Ⅱ卷理综_原卷.pdf,../papers/2014/生物/全国/新课标全国Ⅱ卷理综/2014_生物_新课标全国Ⅱ卷理综_OCR与考点.md,,pypdf,6
2014,生物,新疆,老高考,,全国卷,common,新课标全国Ⅱ卷,done,../papers/2014/生物/全国/新课标全国Ⅱ卷理综/2014_生物_新课标全国Ⅱ卷理综_原卷.pdf,../papers/2014/生物/全国/新课标全国Ⅱ卷理综/2014_生物_新课标全国Ⅱ卷理综_OCR与考点.md,,pypdf,6
2014,政治,北京,老高考,2020,地方/区域卷,local,北京卷,done,../papers/2014/政治/北京/北京文综/2014_政治_北京文综_原卷.pdf,../papers/2014/政治/北京/北京文综/2014_政治_北京文综_OCR与考点.md,,pypdf,8
2014,政治,天津,老高考,2020,地方/区域卷,local,天津卷,done,../papers/2014/政治/天津/天津文综/2014_政治_天津文综_原卷.pdf,../papers/2014/政治/天津/天津文综/2014_政治_天津文综_OCR与考点.md,,pypdf,5
2014,政治,河北,老高考,2021,全国卷,common,新课标全国Ⅰ卷,done,../papers/2014/政治/全国/新课标全国Ⅰ卷文综/2014_政治_新课标全国Ⅰ卷文综_原卷.pdf,../papers/2014/政治/全国/新课标全国Ⅰ卷文综/2014_政治_新课标全国Ⅰ卷文综_OCR与考点.md,,pypdf,7
2014,政治,山西,老高考,2025,全国卷,common,新课标全国Ⅰ卷,done,../papers/2014/政治/全国/新课标全国Ⅰ卷文综/2014_政治_新课标全国Ⅰ卷文综_原卷.pdf,../papers/2014/政治/全国/新课标全国Ⅰ卷文综/2014_政治_新课标全国Ⅰ卷文综_OCR与考点.md,,pypdf,7
2014,政治,内蒙古,老高考,2025,全国卷,common,新课标全国Ⅱ卷,done,../papers/2014/政治/全国/新课标全国Ⅱ卷文综/2014_政治_新课标全国Ⅱ卷文综_原卷.pdf,../papers/2014/政治/全国/新课标全国Ⅱ卷文综/2014_政治_新课标全国Ⅱ卷文综_OCR与考点.md,,pypdf,7
2014,政治,辽宁,老高考,2021,全国卷,common,新课标全国Ⅱ卷,done,../papers/2014/政治/全国/新课标全国Ⅱ卷文综/2014_政治_新课标全国Ⅱ卷文综_原卷.pdf,../papers/2014/政治/全国/新课标全国Ⅱ卷文综/2014_政治_新课标全国Ⅱ卷文综_OCR与考点.md,,pypdf,7
2014,政治,吉林,老高考,2024,全国卷,common,新课标全国Ⅱ卷,done,../papers/2014/政治/全国/新课标全国Ⅱ卷文综/2014_政治_新课标全国Ⅱ卷文综_原卷.pdf,../papers/2014/政治/全国/新课标全国Ⅱ卷文综/2014_政治_新课标全国Ⅱ卷文综_OCR与考点.md,,pypdf,7
2014,政治,黑龙江,老高考,2024,全国卷,common,新课标全国Ⅱ卷,done,../papers/2014/政治/全国/新课标全国Ⅱ卷文综/2014_政治_新课标全国Ⅱ卷文综_原卷.pdf,../papers/2014/政治/全国/新课标全国Ⅱ卷文综/2014_政治_新课标全国Ⅱ卷文综_OCR与考点.md,,pypdf,7
2014,政治,上海,老高考,2017,地方/区域卷,local,上海卷,done,../papers/2014/政治/上海/上海文综/2014_政治_上海文综_原卷.pdf,../papers/2014/政治/上海/上海文综/2014_政治_上海文综_OCR与考点.md,,pypdf,10
2014,政治,江苏,老高考,2021,地方/区域卷,local,江苏卷,done,../papers/2014/政治/江苏/江苏文综/2014_政治_江苏文综_原卷.pdf,../papers/2014/政治/江苏/江苏文综/2014_政治_江苏文综_OCR与考点.md,,pypdf,12
2014,政治,浙江,老高考,2017,地方/区域卷,local,浙江卷,done,../papers/2014/政治/浙江/浙江文综/2014_政治_浙江文综_原卷.pdf,../papers/2014/政治/浙江/浙江文综/2014_政治_浙江文综_OCR与考点.md,,pypdf,5
2014,政治,安徽,老高考,2024,地方/区域卷,local,安徽卷,done,../papers/2014/政治/安徽/安徽文综/2014_政治_安徽文综_原卷.pdf,../papers/2014/政治/安徽/安徽文综/2014_政治_安徽文综_OCR与考点.md,,pypdf,4
2014,政治,福建,老高考,2021,地方/区域卷,local,福建卷,done,../papers/2014/政治/福建/福建文综/2014_政治_福建文综_原卷.pdf,../papers/2014/政治/福建/福建文综/2014_政治_福建文综_OCR与考点.md,,pypdf,5
2014,政治,江西,老高考,2024,全国卷,common,新课标全国Ⅰ卷,done,../papers/2014/政治/全国/新课标全国Ⅰ卷文综/2014_政治_新课标全国Ⅰ卷文综_原卷.pdf,../papers/2014/政治/全国/新课标全国Ⅰ卷文综/2014_政治_新课标全国Ⅰ卷文综_OCR与考点.md,,pypdf,7
2014,政治,山东,老高考,2020,地方/区域卷,local,山东卷,done,../papers/2014/政治/山东/山东文综/2014_政治_山东文综_原卷.pdf,../papers/2014/政治/山东/山东文综/2014_政治_山东文综_OCR与考点.md,,pypdf,5
2014,政治,河南,老高考,2025,全国卷,common,新课标全国Ⅰ卷,done,../papers/2014/政治/全国/新课标全国Ⅰ卷文综/2014_政治_新课标全国Ⅰ卷文综_原卷.pdf,../papers/2014/政治/全国/新课标全国Ⅰ卷文综/2014_政治_新课标全国Ⅰ卷文综_OCR与考点.md,,pypdf,7
2014,政治,湖北,老高考,2021,全国卷,common,新课标全国Ⅰ卷,done,../papers/2014/政治/全国/新课标全国Ⅰ卷文综/2014_政治_新课标全国Ⅰ卷文综_原卷.pdf,../papers/2014/政治/全国/新课标全国Ⅰ卷文综/2014_政治_新课标全国Ⅰ卷文综_OCR与考点.md,,pypdf,7
2014,政治,湖南,老高考,2021,全国卷,common,新课标全国Ⅰ卷,done,../papers/2014/政治/全国/新课标全国Ⅰ卷文综/2014_政治_新课标全国Ⅰ卷文综_原卷.pdf,../papers/2014/政治/全国/新课标全国Ⅰ卷文综/2014_政治_新课标全国Ⅰ卷文综_OCR与考点.md,,pypdf,7
2014,政治,广东,老高考,2021,地方/区域卷,local,广东卷,done,../papers/2014/政治/广东/广东文综/2014_政治_广东文综_原卷.pdf,../papers/2014/政治/广东/广东文综/2014_政治_广东文综_OCR与考点.md,,pypdf,5
2014,政治,广西,老高考,2024,地方/区域卷,local,广西卷,done,../papers/2014/政治/广西/广西文综/2014_政治_广西文综_原卷.pdf,../papers/2014/政治/广西/广西文综/2014_政治_广西文综_OCR与考点.md,,pypdf,6
2014,政治,海南,老高考,2020,地方/区域卷,local,海南卷,done,../papers/2014/政治/海南/海南文综/2014_政治_海南文综_原卷.pdf,../papers/2014/政治/海南/海南文综/2014_政治_海南文综_OCR与考点.md,,pypdf,8
2014,政治,重庆,老高考,2021,地方/区域卷,local,重庆卷,done,../papers/2014/政治/重庆/重庆文综/2014_政治_重庆文综_原卷.pdf,../papers/2014/政治/重庆/重庆文综/2014_政治_重庆文综_OCR与考点.md,,pypdf,5
2014,政治,四川,老高考,2025,地方/区域卷,local,四川卷,done,../papers/2014/政治/四川/四川文综/2014_政治_四川文综_原卷.pdf,../papers/2014/政治/四川/四川文综/2014_政治_四川文综_OCR与考点.md,,pypdf,6
2014,政治,贵州,老高考,2024,全国卷,common,新课标全国Ⅱ卷,done,../papers/2014/政治/全国/新课标全国Ⅱ卷文综/2014_政治_新课标全国Ⅱ卷文综_原卷.pdf,../papers/2014/政治/全国/新课标全国Ⅱ卷文综/2014_政治_新课标全国Ⅱ卷文综_OCR与考点.md,,pypdf,7
2014,政治,云南,老高考,2025,全国卷,common,新课标全国Ⅱ卷,done,../papers/2014/政治/全国/新课标全国Ⅱ卷文综/2014_政治_新课标全国Ⅱ卷文综_原卷.pdf,../papers/2014/政治/全国/新课标全国Ⅱ卷文综/2014_政治_新课标全国Ⅱ卷文综_OCR与考点.md,,pypdf,7
2014,政治,西藏,老高考,,全国卷,common,新课标全国Ⅱ卷,done,../papers/2014/政治/全国/新课标全国Ⅱ卷文综/2014_政治_新课标全国Ⅱ卷文综_原卷.pdf,../papers/2014/政治/全国/新课标全国Ⅱ卷文综/2014_政治_新课标全国Ⅱ卷文综_OCR与考点.md,,pypdf,7
2014,政治,陕西,老高考,2025,全国卷,common,新课标全国Ⅱ卷,done,../papers/2014/政治/全国/新课标全国Ⅱ卷文综/2014_政治_新课标全国Ⅱ卷文综_原卷.pdf,../papers/2014/政治/全国/新课标全国Ⅱ卷文综/2014_政治_新课标全国Ⅱ卷文综_OCR与考点.md,,pypdf,7
2014,政治,甘肃,老高考,2024,全国卷,common,新课标全国Ⅱ卷,done,../papers/2014/政治/全国/新课标全国Ⅱ卷文综/2014_政治_新课标全国Ⅱ卷文综_原卷.pdf,../papers/2014/政治/全国/新课标全国Ⅱ卷文综/2014_政治_新课标全国Ⅱ卷文综_OCR与考点.md,,pypdf,7
2014,政治,青海,老高考,2025,全国卷,common,新课标全国Ⅱ卷,done,../papers/2014/政治/全国/新课标全国Ⅱ卷文综/2014_政治_新课标全国Ⅱ卷文综_原卷.pdf,../papers/2014/政治/全国/新课标全国Ⅱ卷文综/2014_政治_新课标全国Ⅱ卷文综_OCR与考点.md,,pypdf,7
2014,政治,宁夏,老高考,2025,全国卷,common,新课标全国Ⅱ卷,done,../papers/2014/政治/全国/新课标全国Ⅱ卷文综/2014_政治_新课标全国Ⅱ卷文综_原卷.pdf,../papers/2014/政治/全国/新课标全国Ⅱ卷文综/2014_政治_新课标全国Ⅱ卷文综_OCR与考点.md,,pypdf,7
2014,政治,新疆,老高考,,全国卷,common,新课标全国Ⅱ卷,done,../papers/2014/政治/全国/新课标全国Ⅱ卷文综/2014_政治_新课标全国Ⅱ卷文综_原卷.pdf,../papers/2014/政治/全国/新课标全国Ⅱ卷文综/2014_政治_新课标全国Ⅱ卷文综_OCR与考点.md,,pypdf,7
2014,历史,北京,老高考,2020,地方/区域卷,local,北京卷,done,../papers/2014/历史/北京/北京文综/2014_历史_北京文综_原卷.pdf,../papers/2014/历史/北京/北京文综/2014_历史_北京文综_OCR与考点.md,,pypdf,6
2014,历史,天津,老高考,2020,地方/区域卷,local,天津卷,done,../papers/2014/历史/天津/天津文综/2014_历史_天津文综_原卷.pdf,../papers/2014/历史/天津/天津文综/2014_历史_天津文综_OCR与考点.md,,pypdf,5
2014,历史,河北,老高考,2021,全国卷,common,新课标全国Ⅰ卷,done,../papers/2014/历史/全国/新课标全国Ⅰ卷文综/2014_历史_新课标全国Ⅰ卷文综_原卷.pdf,../papers/2014/历史/全国/新课标全国Ⅰ卷文综/2014_历史_新课标全国Ⅰ卷文综_OCR与考点.md,,pypdf,9
2014,历史,山西,老高考,2025,全国卷,common,新课标全国Ⅰ卷,done,../papers/2014/历史/全国/新课标全国Ⅰ卷文综/2014_历史_新课标全国Ⅰ卷文综_原卷.pdf,../papers/2014/历史/全国/新课标全国Ⅰ卷文综/2014_历史_新课标全国Ⅰ卷文综_OCR与考点.md,,pypdf,9
2014,历史,内蒙古,老高考,2025,全国卷,common,新课标全国Ⅱ卷,done,../papers/2014/历史/全国/新课标全国Ⅱ卷文综/2014_历史_新课标全国Ⅱ卷文综_原卷.pdf,../papers/2014/历史/全国/新课标全国Ⅱ卷文综/2014_历史_新课标全国Ⅱ卷文综_OCR与考点.md,,pypdf,9
2014,历史,辽宁,老高考,2021,全国卷,common,新课标全国Ⅱ卷,done,../papers/2014/历史/全国/新课标全国Ⅱ卷文综/2014_历史_新课标全国Ⅱ卷文综_原卷.pdf,../papers/2014/历史/全国/新课标全国Ⅱ卷文综/2014_历史_新课标全国Ⅱ卷文综_OCR与考点.md,,pypdf,9
2014,历史,吉林,老高考,2024,全国卷,common,新课标全国Ⅱ卷,done,../papers/2014/历史/全国/新课标全国Ⅱ卷文综/2014_历史_新课标全国Ⅱ卷文综_原卷.pdf,../papers/2014/历史/全国/新课标全国Ⅱ卷文综/2014_历史_新课标全国Ⅱ卷文综_OCR与考点.md,,pypdf,9
2014,历史,黑龙江,老高考,2024,全国卷,common,新课标全国Ⅱ卷,done,../papers/2014/历史/全国/新课标全国Ⅱ卷文综/2014_历史_新课标全国Ⅱ卷文综_原卷.pdf,../papers/2014/历史/全国/新课标全国Ⅱ卷文综/2014_历史_新课标全国Ⅱ卷文综_OCR与考点.md,,pypdf,9
2014,历史,上海,老高考,2017,地方/区域卷,local,上海卷,done,../papers/2014/历史/上海/上海文综/2014_历史_上海文综_原卷.pdf,../papers/2014/历史/上海/上海文综/2014_历史_上海文综_OCR与考点.md,,pypdf,10
2014,历史,江苏,老高考,2021,地方/区域卷,local,江苏卷,done,../papers/2014/历史/江苏/江苏文综/2014_历史_江苏文综_原卷.pdf,../papers/2014/历史/江苏/江苏文综/2014_历史_江苏文综_OCR与考点.md,,pypdf,11
2014,历史,浙江,老高考,2017,地方/区域卷,local,浙江卷,done,../papers/2014/历史/浙江/浙江文综/2014_历史_浙江文综_原卷.pdf,../papers/2014/历史/浙江/浙江文综/2014_历史_浙江文综_OCR与考点.md,,pypdf,5
2014,历史,安徽,老高考,2024,地方/区域卷,local,安徽卷,done,../papers/2014/历史/安徽/安徽文综/2014_历史_安徽文综_原卷.pdf,../papers/2014/历史/安徽/安徽文综/2014_历史_安徽文综_OCR与考点.md,,pypdf,5
2014,历史,福建,老高考,2021,地方/区域卷,local,福建卷,done,../papers/2014/历史/福建/福建文综/2014_历史_福建文综_原卷.pdf,../papers/2014/历史/福建/福建文综/2014_历史_福建文综_OCR与考点.md,,pypdf,5
2014,历史,江西,老高考,2024,全国卷,common,新课标全国Ⅰ卷,done,../papers/2014/历史/全国/新课标全国Ⅰ卷文综/2014_历史_新课标全国Ⅰ卷文综_原卷.pdf,../papers/2014/历史/全国/新课标全国Ⅰ卷文综/2014_历史_新课标全国Ⅰ卷文综_OCR与考点.md,,pypdf,9
2014,历史,山东,老高考,2020,地方/区域卷,local,山东卷,done,../papers/2014/历史/山东/山东文综/2014_历史_山东文综_原卷.pdf,../papers/2014/历史/山东/山东文综/2014_历史_山东文综_OCR与考点.md,,pypdf,5
2014,历史,河南,老高考,2025,全国卷,common,新课标全国Ⅰ卷,done,../papers/2014/历史/全国/新课标全国Ⅰ卷文综/2014_历史_新课标全国Ⅰ卷文综_原卷.pdf,../papers/2014/历史/全国/新课标全国Ⅰ卷文综/2014_历史_新课标全国Ⅰ卷文综_OCR与考点.md,,pypdf,9
2014,历史,湖北,老高考,2021,全国卷,common,新课标全国Ⅰ卷,done,../papers/2014/历史/全国/新课标全国Ⅰ卷文综/2014_历史_新课标全国Ⅰ卷文综_原卷.pdf,../papers/2014/历史/全国/新课标全国Ⅰ卷文综/2014_历史_新课标全国Ⅰ卷文综_OCR与考点.md,,pypdf,9
2014,历史,湖南,老高考,2021,全国卷,common,新课标全国Ⅰ卷,done,../papers/2014/历史/全国/新课标全国Ⅰ卷文综/2014_历史_新课标全国Ⅰ卷文综_原卷.pdf,../papers/2014/历史/全国/新课标全国Ⅰ卷文综/2014_历史_新课标全国Ⅰ卷文综_OCR与考点.md,,pypdf,9
2014,历史,广东,老高考,2021,地方/区域卷,local,广东卷,done,../papers/2014/历史/广东/广东文综/2014_历史_广东文综_原卷.pdf,../papers/2014/历史/广东/广东文综/2014_历史_广东文综_OCR与考点.md,,pypdf,4
2014,历史,广西,老高考,2024,地方/区域卷,local,广西卷,done,../papers/2014/历史/广西/广西文综/2014_历史_广西文综_原卷.pdf,../papers/2014/历史/广西/广西文综/2014_历史_广西文综_OCR与考点.md,,pypdf,6
2014,历史,海南,老高考,2020,地方/区域卷,local,海南卷,done,../papers/2014/历史/海南/海南文综/2014_历史_海南文综_原卷.pdf,../papers/2014/历史/海南/海南文综/2014_历史_海南文综_OCR与考点.md,,pypdf,8
2014,历史,重庆,老高考,2021,地方/区域卷,local,重庆卷,done,../papers/2014/历史/重庆/重庆文综/2014_历史_重庆文综_原卷.pdf,../papers/2014/历史/重庆/重庆文综/2014_历史_重庆文综_OCR与考点.md,,pypdf,4
2014,历史,四川,老高考,2025,地方/区域卷,local,四川卷,done,../papers/2014/历史/四川/四川文综/2014_历史_四川文综_原卷.pdf,../papers/2014/历史/四川/四川文综/2014_历史_四川文综_OCR与考点.md,,pypdf,5
2014,历史,贵州,老高考,2024,全国卷,common,新课标全国Ⅱ卷,done,../papers/2014/历史/全国/新课标全国Ⅱ卷文综/2014_历史_新课标全国Ⅱ卷文综_原卷.pdf,../papers/2014/历史/全国/新课标全国Ⅱ卷文综/2014_历史_新课标全国Ⅱ卷文综_OCR与考点.md,,pypdf,9
2014,历史,云南,老高考,2025,全国卷,common,新课标全国Ⅱ卷,done,../papers/2014/历史/全国/新课标全国Ⅱ卷文综/2014_历史_新课标全国Ⅱ卷文综_原卷.pdf,../papers/2014/历史/全国/新课标全国Ⅱ卷文综/2014_历史_新课标全国Ⅱ卷文综_OCR与考点.md,,pypdf,9
2014,历史,西藏,老高考,,全国卷,common,新课标全国Ⅱ卷,done,../papers/2014/历史/全国/新课标全国Ⅱ卷文综/2014_历史_新课标全国Ⅱ卷文综_原卷.pdf,../papers/2014/历史/全国/新课标全国Ⅱ卷文综/2014_历史_新课标全国Ⅱ卷文综_OCR与考点.md,,pypdf,9
2014,历史,陕西,老高考,2025,全国卷,common,新课标全国Ⅱ卷,done,../papers/2014/历史/全国/新课标全国Ⅱ卷文综/2014_历史_新课标全国Ⅱ卷文综_原卷.pdf,../papers/2014/历史/全国/新课标全国Ⅱ卷文综/2014_历史_新课标全国Ⅱ卷文综_OCR与考点.md,,pypdf,9
2014,历史,甘肃,老高考,2024,全国卷,common,新课标全国Ⅱ卷,done,../papers/2014/历史/全国/新课标全国Ⅱ卷文综/2014_历史_新课标全国Ⅱ卷文综_原卷.pdf,../papers/2014/历史/全国/新课标全国Ⅱ卷文综/2014_历史_新课标全国Ⅱ卷文综_OCR与考点.md,,pypdf,9
2014,历史,青海,老高考,2025,全国卷,common,新课标全国Ⅱ卷,done,../papers/2014/历史/全国/新课标全国Ⅱ卷文综/2014_历史_新课标全国Ⅱ卷文综_原卷.pdf,../papers/2014/历史/全国/新课标全国Ⅱ卷文综/2014_历史_新课标全国Ⅱ卷文综_OCR与考点.md,,pypdf,9
2014,历史,宁夏,老高考,2025,全国卷,common,新课标全国Ⅱ卷,done,../papers/2014/历史/全国/新课标全国Ⅱ卷文综/2014_历史_新课标全国Ⅱ卷文综_原卷.pdf,../papers/2014/历史/全国/新课标全国Ⅱ卷文综/2014_历史_新课标全国Ⅱ卷文综_OCR与考点.md,,pypdf,9
2014,历史,新疆,老高考,,全国卷,common,新课标全国Ⅱ卷,done,../papers/2014/历史/全国/新课标全国Ⅱ卷文综/2014_历史_新课标全国Ⅱ卷文综_原卷.pdf,../papers/2014/历史/全国/新课标全国Ⅱ卷文综/2014_历史_新课标全国Ⅱ卷文综_OCR与考点.md,,pypdf,9
2014,地理,北京,老高考,2020,地方/区域卷,local,北京卷,done,../papers/2014/地理/北京/北京文综/2014_地理_北京文综_原卷.pdf,../papers/2014/地理/北京/北京文综/2014_地理_北京文综_OCR与考点.md,,pypdf,6
2014,地理,天津,老高考,2020,地方/区域卷,local,天津卷,done,../papers/2014/地理/天津/天津文综/2014_地理_天津文综_原卷.pdf,../papers/2014/地理/天津/天津文综/2014_地理_天津文综_OCR与考点.md,,pypdf,9
2014,地理,河北,老高考,2021,全国卷,common,新课标全国Ⅰ卷,done,../papers/2014/地理/全国/新课标全国Ⅰ卷文综/2014_地理_新课标全国Ⅰ卷文综_原卷.pdf,../papers/2014/地理/全国/新课标全国Ⅰ卷文综/2014_地理_新课标全国Ⅰ卷文综_OCR与考点.md,,pypdf,8
2014,地理,山西,老高考,2025,全国卷,common,新课标全国Ⅰ卷,done,../papers/2014/地理/全国/新课标全国Ⅰ卷文综/2014_地理_新课标全国Ⅰ卷文综_原卷.pdf,../papers/2014/地理/全国/新课标全国Ⅰ卷文综/2014_地理_新课标全国Ⅰ卷文综_OCR与考点.md,,pypdf,8
2014,地理,内蒙古,老高考,2025,全国卷,common,新课标全国Ⅱ卷,done,../papers/2014/地理/全国/新课标全国Ⅱ卷文综/2014_地理_新课标全国Ⅱ卷文综_原卷.pdf,../papers/2014/地理/全国/新课标全国Ⅱ卷文综/2014_地理_新课标全国Ⅱ卷文综_OCR与考点.md,,pypdf,7
2014,地理,辽宁,老高考,2021,全国卷,common,新课标全国Ⅱ卷,done,../papers/2014/地理/全国/新课标全国Ⅱ卷文综/2014_地理_新课标全国Ⅱ卷文综_原卷.pdf,../papers/2014/地理/全国/新课标全国Ⅱ卷文综/2014_地理_新课标全国Ⅱ卷文综_OCR与考点.md,,pypdf,7
2014,地理,吉林,老高考,2024,全国卷,common,新课标全国Ⅱ卷,done,../papers/2014/地理/全国/新课标全国Ⅱ卷文综/2014_地理_新课标全国Ⅱ卷文综_原卷.pdf,../papers/2014/地理/全国/新课标全国Ⅱ卷文综/2014_地理_新课标全国Ⅱ卷文综_OCR与考点.md,,pypdf,7
2014,地理,黑龙江,老高考,2024,全国卷,common,新课标全国Ⅱ卷,done,../papers/2014/地理/全国/新课标全国Ⅱ卷文综/2014_地理_新课标全国Ⅱ卷文综_原卷.pdf,../papers/2014/地理/全国/新课标全国Ⅱ卷文综/2014_地理_新课标全国Ⅱ卷文综_OCR与考点.md,,pypdf,7
2014,地理,上海,老高考,2017,地方/区域卷,local,上海卷,done,../papers/2014/地理/上海/上海文综/2014_地理_上海文综_原卷.pdf,../papers/2014/地理/上海/上海文综/2014_地理_上海文综_OCR与考点.md,,pypdf,14
2014,地理,江苏,老高考,2021,地方/区域卷,local,江苏卷,done,../papers/2014/地理/江苏/江苏文综/2014_地理_江苏文综_原卷.pdf,../papers/2014/地理/江苏/江苏文综/2014_地理_江苏文综_OCR与考点.md,,pypdf,16
2014,地理,浙江,老高考,2017,地方/区域卷,local,浙江卷,done,../papers/2014/地理/浙江/浙江文综/2014_地理_浙江文综_原卷.pdf,../papers/2014/地理/浙江/浙江文综/2014_地理_浙江文综_OCR与考点.md,,pypdf,7
2014,地理,安徽,老高考,2024,地方/区域卷,local,安徽卷,done,../papers/2014/地理/安徽/安徽文综/2014_地理_安徽文综_原卷.pdf,../papers/2014/地理/安徽/安徽文综/2014_地理_安徽文综_OCR与考点.md,,pypdf,5
2014,地理,福建,老高考,2021,地方/区域卷,local,福建卷,done,../papers/2014/地理/福建/福建文综/2014_地理_福建文综_原卷.pdf,../papers/2014/地理/福建/福建文综/2014_地理_福建文综_OCR与考点.md,,pypdf,6
2014,地理,江西,老高考,2024,全国卷,common,新课标全国Ⅰ卷,done,../papers/2014/地理/全国/新课标全国Ⅰ卷文综/2014_地理_新课标全国Ⅰ卷文综_原卷.pdf,../papers/2014/地理/全国/新课标全国Ⅰ卷文综/2014_地理_新课标全国Ⅰ卷文综_OCR与考点.md,,pypdf,8
2014,地理,山东,老高考,2020,地方/区域卷,local,山东卷,done,../papers/2014/地理/山东/山东文综/2014_地理_山东文综_原卷.pdf,../papers/2014/地理/山东/山东文综/2014_地理_山东文综_OCR与考点.md,,pypdf,5
2014,地理,河南,老高考,2025,全国卷,common,新课标全国Ⅰ卷,done,../papers/2014/地理/全国/新课标全国Ⅰ卷文综/2014_地理_新课标全国Ⅰ卷文综_原卷.pdf,../papers/2014/地理/全国/新课标全国Ⅰ卷文综/2014_地理_新课标全国Ⅰ卷文综_OCR与考点.md,,pypdf,8
2014,地理,湖北,老高考,2021,全国卷,common,新课标全国Ⅰ卷,done,../papers/2014/地理/全国/新课标全国Ⅰ卷文综/2014_地理_新课标全国Ⅰ卷文综_原卷.pdf,../papers/2014/地理/全国/新课标全国Ⅰ卷文综/2014_地理_新课标全国Ⅰ卷文综_OCR与考点.md,,pypdf,8
2014,地理,湖南,老高考,2021,全国卷,common,新课标全国Ⅰ卷,done,../papers/2014/地理/全国/新课标全国Ⅰ卷文综/2014_地理_新课标全国Ⅰ卷文综_原卷.pdf,../papers/2014/地理/全国/新课标全国Ⅰ卷文综/2014_地理_新课标全国Ⅰ卷文综_OCR与考点.md,,pypdf,8
2014,地理,广东,老高考,2021,地方/区域卷,local,广东卷,done,../papers/2014/地理/广东/广东文综/2014_地理_广东文综_原卷.pdf,../papers/2014/地理/广东/广东文综/2014_地理_广东文综_OCR与考点.md,,pypdf,5
2014,地理,广西,老高考,2024,地方/区域卷,local,广西卷,done,../papers/2014/地理/广西/广西文综/2014_地理_广西文综_原卷.pdf,../papers/2014/地理/广西/广西文综/2014_地理_广西文综_OCR与考点.md,,pypdf,6
2014,地理,海南,老高考,2020,地方/区域卷,local,海南卷,done,../papers/2014/地理/海南/海南文综/2014_地理_海南文综_原卷.pdf,../papers/2014/地理/海南/海南文综/2014_地理_海南文综_OCR与考点.md,,pypdf,8
2014,地理,重庆,老高考,2021,地方/区域卷,local,重庆卷,done,../papers/2014/地理/重庆/重庆文综/2014_地理_重庆文综_原卷.pdf,../papers/2014/地理/重庆/重庆文综/2014_地理_重庆文综_OCR与考点.md,,pypdf,5
2014,地理,四川,老高考,2025,地方/区域卷,local,四川卷,done,../papers/2014/地理/四川/四川文综/2014_地理_四川文综_原卷.pdf,../papers/2014/地理/四川/四川文综/2014_地理_四川文综_OCR与考点.md,,pypdf,5
2014,地理,贵州,老高考,2024,全国卷,common,新课标全国Ⅱ卷,done,../papers/2014/地理/全国/新课标全国Ⅱ卷文综/2014_地理_新课标全国Ⅱ卷文综_原卷.pdf,../papers/2014/地理/全国/新课标全国Ⅱ卷文综/2014_地理_新课标全国Ⅱ卷文综_OCR与考点.md,,pypdf,7
2014,地理,云南,老高考,2025,全国卷,common,新课标全国Ⅱ卷,done,../papers/2014/地理/全国/新课标全国Ⅱ卷文综/2014_地理_新课标全国Ⅱ卷文综_原卷.pdf,../papers/2014/地理/全国/新课标全国Ⅱ卷文综/2014_地理_新课标全国Ⅱ卷文综_OCR与考点.md,,pypdf,7
2014,地理,西藏,老高考,,全国卷,common,新课标全国Ⅱ卷,done,../papers/2014/地理/全国/新课标全国Ⅱ卷文综/2014_地理_新课标全国Ⅱ卷文综_原卷.pdf,../papers/2014/地理/全国/新课标全国Ⅱ卷文综/2014_地理_新课标全国Ⅱ卷文综_OCR与考点.md,,pypdf,7
2014,地理,陕西,老高考,2025,全国卷,common,新课标全国Ⅱ卷,done,../papers/2014/地理/全国/新课标全国Ⅱ卷文综/2014_地理_新课标全国Ⅱ卷文综_原卷.pdf,../papers/2014/地理/全国/新课标全国Ⅱ卷文综/2014_地理_新课标全国Ⅱ卷文综_OCR与考点.md,,pypdf,7
2014,地理,甘肃,老高考,2024,全国卷,common,新课标全国Ⅱ卷,done,../papers/2014/地理/全国/新课标全国Ⅱ卷文综/2014_地理_新课标全国Ⅱ卷文综_原卷.pdf,../papers/2014/地理/全国/新课标全国Ⅱ卷文综/2014_地理_新课标全国Ⅱ卷文综_OCR与考点.md,,pypdf,7
2014,地理,青海,老高考,2025,全国卷,common,新课标全国Ⅱ卷,done,../papers/2014/地理/全国/新课标全国Ⅱ卷文综/2014_地理_新课标全国Ⅱ卷文综_原卷.pdf,../papers/2014/地理/全国/新课标全国Ⅱ卷文综/2014_地理_新课标全国Ⅱ卷文综_OCR与考点.md,,pypdf,7
2014,地理,宁夏,老高考,2025,全国卷,common,新课标全国Ⅱ卷,done,../papers/2014/地理/全国/新课标全国Ⅱ卷文综/2014_地理_新课标全国Ⅱ卷文综_原卷.pdf,../papers/2014/地理/全国/新课标全国Ⅱ卷文综/2014_地理_新课标全国Ⅱ卷文综_OCR与考点.md,,pypdf,7
2014,地理,新疆,老高考,,全国卷,common,新课标全国Ⅱ卷,done,../papers/2014/地理/全国/新课标全国Ⅱ卷文综/2014_地理_新课标全国Ⅱ卷文综_原卷.pdf,../papers/2014/地理/全国/新课标全国Ⅱ卷文综/2014_地理_新课标全国Ⅱ卷文综_OCR与考点.md,,pypdf,7
2015,语文,北京,老高考,2020,地方/区域卷,local,北京卷,pdf_only,../papers/2015/语文/北京/北京卷/2015_语文_北京卷_原卷.pdf,,,,
2015,语文,天津,老高考,2020,地方/区域卷,local,天津卷,pdf_only,../papers/2015/语文/天津/天津卷/2015_语文_天津卷_原卷.pdf,,,,
2015,语文,河北,老高考,2021,全国卷,common,新课标全国Ⅰ卷,pdf_only,../papers/2015/语文/全国/新课标全国Ⅰ卷/2015_语文_新课标全国Ⅰ卷_原卷.pdf,,,,
2015,语文,山西,老高考,2025,全国卷,common,新课标全国Ⅰ卷,pdf_only,../papers/2015/语文/全国/新课标全国Ⅰ卷/2015_语文_新课标全国Ⅰ卷_原卷.pdf,,,,
2015,语文,内蒙古,老高考,2025,全国卷,common,新课标全国Ⅱ卷,done,../papers/2015/语文/全国/新课标全国Ⅱ卷/2015_语文_新课标全国Ⅱ卷_原卷.pdf,../papers/2015/语文/全国/新课标全国Ⅱ卷/2015_语文_新课标全国Ⅱ卷_OCR与考点.md,,rapidocr,15
2015,语文,辽宁,老高考,2021,全国卷,common,新课标全国Ⅱ卷,done,../papers/2015/语文/全国/新课标全国Ⅱ卷/2015_语文_新课标全国Ⅱ卷_原卷.pdf,../papers/2015/语文/全国/新课标全国Ⅱ卷/2015_语文_新课标全国Ⅱ卷_OCR与考点.md,,rapidocr,15
2015,语文,吉林,老高考,2024,全国卷,common,新课标全国Ⅱ卷,done,../papers/2015/语文/全国/新课标全国Ⅱ卷/2015_语文_新课标全国Ⅱ卷_原卷.pdf,../papers/2015/语文/全国/新课标全国Ⅱ卷/2015_语文_新课标全国Ⅱ卷_OCR与考点.md,,rapidocr,15
2015,语文,黑龙江,老高考,2024,全国卷,common,新课标全国Ⅱ卷,done,../papers/2015/语文/全国/新课标全国Ⅱ卷/2015_语文_新课标全国Ⅱ卷_原卷.pdf,../papers/2015/语文/全国/新课标全国Ⅱ卷/2015_语文_新课标全国Ⅱ卷_OCR与考点.md,,rapidocr,15
2015,语文,上海,老高考,2017,地方/区域卷,local,上海卷,pdf_only,../papers/2015/语文/上海/上海卷/2015_语文_上海卷_原卷.pdf,,,,
2015,语文,江苏,老高考,2021,地方/区域卷,local,江苏卷,pdf_only,../papers/2015/语文/江苏/江苏卷/2015_语文_江苏卷_原卷.pdf,,,,
2015,语文,浙江,老高考,2017,地方/区域卷,local,浙江卷,done,../papers/2015/语文/浙江/浙江卷/2015_语文_浙江卷_原卷.pdf,../papers/2015/语文/浙江/浙江卷/2015_语文_浙江卷_OCR与考点.md,,rapidocr,7
2015,语文,安徽,老高考,2024,地方/区域卷,local,安徽卷,done,../papers/2015/语文/安徽/安徽卷/2015_语文_安徽卷_原卷.pdf,../papers/2015/语文/安徽/安徽卷/2015_语文_安徽卷_OCR与考点.md,,rapidocr,9
2015,语文,福建,老高考,2021,地方/区域卷,local,福建卷,pdf_only,../papers/2015/语文/福建/福建卷/2015_语文_福建卷_原卷.pdf,,,,
2015,语文,江西,老高考,2024,全国卷,common,新课标全国Ⅰ卷,pdf_only,../papers/2015/语文/全国/新课标全国Ⅰ卷/2015_语文_新课标全国Ⅰ卷_原卷.pdf,,,,
2015,语文,山东,老高考,2020,地方/区域卷,local,山东卷,pdf_only,../papers/2015/语文/山东/山东卷/2015_语文_山东卷_原卷.pdf,,,,
2015,语文,河南,老高考,2025,全国卷,common,新课标全国Ⅰ卷,pdf_only,../papers/2015/语文/全国/新课标全国Ⅰ卷/2015_语文_新课标全国Ⅰ卷_原卷.pdf,,,,
2015,语文,湖北,老高考,2021,地方/区域卷,local,湖北卷,pdf_only,../papers/2015/语文/湖北/湖北卷/2015_语文_湖北卷_原卷.pdf,,,,
2015,语文,湖南,老高考,2021,地方/区域卷,local,湖南卷,pdf_only,../papers/2015/语文/湖南/湖南卷/2015_语文_湖南卷_原卷.pdf,,,,
2015,语文,广东,老高考,2021,地方/区域卷,local,广东卷,pdf_only,../papers/2015/语文/广东/广东卷/2015_语文_广东卷_原卷.pdf,,,,
2015,语文,广西,老高考,2024,全国卷,common,新课标全国Ⅱ卷,done,../papers/2015/语文/全国/新课标全国Ⅱ卷/2015_语文_新课标全国Ⅱ卷_原卷.pdf,../papers/2015/语文/全国/新课标全国Ⅱ卷/2015_语文_新课标全国Ⅱ卷_OCR与考点.md,,rapidocr,15
2015,语文,海南,老高考,2020,全国卷,common,新课标全国Ⅱ卷,done,../papers/2015/语文/全国/新课标全国Ⅱ卷/2015_语文_新课标全国Ⅱ卷_原卷.pdf,../papers/2015/语文/全国/新课标全国Ⅱ卷/2015_语文_新课标全国Ⅱ卷_OCR与考点.md,,rapidocr,15
2015,语文,重庆,老高考,2021,地方/区域卷,local,重庆卷,pdf_only,../papers/2015/语文/重庆/重庆卷/2015_语文_重庆卷_原卷.pdf,,,,
2015,语文,四川,老高考,2025,地方/区域卷,local,四川卷,pdf_only,../papers/2015/语文/四川/四川卷/2015_语文_四川卷_原卷.pdf,,,,
2015,语文,贵州,老高考,2024,全国卷,common,新课标全国Ⅱ卷,done,../papers/2015/语文/全国/新课标全国Ⅱ卷/2015_语文_新课标全国Ⅱ卷_原卷.pdf,../papers/2015/语文/全国/新课标全国Ⅱ卷/2015_语文_新课标全国Ⅱ卷_OCR与考点.md,,rapidocr,15
2015,语文,云南,老高考,2025,全国卷,common,新课标全国Ⅱ卷,done,../papers/2015/语文/全国/新课标全国Ⅱ卷/2015_语文_新课标全国Ⅱ卷_原卷.pdf,../papers/2015/语文/全国/新课标全国Ⅱ卷/2015_语文_新课标全国Ⅱ卷_OCR与考点.md,,rapidocr,15
2015,语文,西藏,老高考,,全国卷,common,新课标全国Ⅱ卷,done,../papers/2015/语文/全国/新课标全国Ⅱ卷/2015_语文_新课标全国Ⅱ卷_原卷.pdf,../papers/2015/语文/全国/新课标全国Ⅱ卷/2015_语文_新课标全国Ⅱ卷_OCR与考点.md,,rapidocr,15
2015,语文,陕西,老高考,2025,全国卷,common,新课标全国Ⅰ卷,pdf_only,../papers/2015/语文/全国/新课标全国Ⅰ卷/2015_语文_新课标全国Ⅰ卷_原卷.pdf,,,,
2015,语文,甘肃,老高考,2024,全国卷,common,新课标全国Ⅰ卷,pdf_only,../papers/2015/语文/全国/新课标全国Ⅰ卷/2015_语文_新课标全国Ⅰ卷_原卷.pdf,,,,
2015,语文,青海,老高考,2025,全国卷,common,新课标全国Ⅱ卷,done,../papers/2015/语文/全国/新课标全国Ⅱ卷/2015_语文_新课标全国Ⅱ卷_原卷.pdf,../papers/2015/语文/全国/新课标全国Ⅱ卷/2015_语文_新课标全国Ⅱ卷_OCR与考点.md,,rapidocr,15
2015,语文,宁夏,老高考,2025,全国卷,common,新课标全国Ⅱ卷,done,../papers/2015/语文/全国/新课标全国Ⅱ卷/2015_语文_新课标全国Ⅱ卷_原卷.pdf,../papers/2015/语文/全国/新课标全国Ⅱ卷/2015_语文_新课标全国Ⅱ卷_OCR与考点.md,,rapidocr,15
2015,语文,新疆,老高考,,全国卷,common,新课标全国Ⅱ卷,done,../papers/2015/语文/全国/新课标全国Ⅱ卷/2015_语文_新课标全国Ⅱ卷_原卷.pdf,../papers/2015/语文/全国/新课标全国Ⅱ卷/2015_语文_新课标全国Ⅱ卷_OCR与考点.md,,rapidocr,15
2015,数学,北京,老高考,2020,地方/区域卷,local,北京卷,done,../papers/2015/数学/北京/北京卷/2015_数学_北京卷_原卷.pdf,../papers/2015/数学/北京/北京卷/2015_数学_北京卷_OCR与考点.md,,pypdf,6
2015,数学,天津,老高考,2020,地方/区域卷,local,天津卷,done,../papers/2015/数学/天津/天津卷/2015_数学_天津卷_原卷.pdf,../papers/2015/数学/天津/天津卷/2015_数学_天津卷_OCR与考点.md,,pypdf,5
2015,数学,河北,老高考,2021,全国卷,common,新课标全国Ⅰ卷,done,../papers/2015/数学/全国/新课标全国Ⅰ卷/2015_数学_新课标全国Ⅰ卷_原卷.pdf,../papers/2015/数学/全国/新课标全国Ⅰ卷/2015_数学_新课标全国Ⅰ卷_OCR与考点.md,,pypdf,8
2015,数学,山西,老高考,2025,全国卷,common,新课标全国Ⅰ卷,done,../papers/2015/数学/全国/新课标全国Ⅰ卷/2015_数学_新课标全国Ⅰ卷_原卷.pdf,../papers/2015/数学/全国/新课标全国Ⅰ卷/2015_数学_新课标全国Ⅰ卷_OCR与考点.md,,pypdf,8
2015,数学,内蒙古,老高考,2025,全国卷,common,新课标全国Ⅱ卷,done,../papers/2015/数学/全国/新课标全国Ⅱ卷/2015_数学_新课标全国Ⅱ卷_原卷.pdf,../papers/2015/数学/全国/新课标全国Ⅱ卷/2015_数学_新课标全国Ⅱ卷_OCR与考点.md,,pypdf,6
2015,数学,辽宁,老高考,2021,全国卷,common,新课标全国Ⅱ卷,done,../papers/2015/数学/全国/新课标全国Ⅱ卷/2015_数学_新课标全国Ⅱ卷_原卷.pdf,../papers/2015/数学/全国/新课标全国Ⅱ卷/2015_数学_新课标全国Ⅱ卷_OCR与考点.md,,pypdf,6
2015,数学,吉林,老高考,2024,全国卷,common,新课标全国Ⅱ卷,done,../papers/2015/数学/全国/新课标全国Ⅱ卷/2015_数学_新课标全国Ⅱ卷_原卷.pdf,../papers/2015/数学/全国/新课标全国Ⅱ卷/2015_数学_新课标全国Ⅱ卷_OCR与考点.md,,pypdf,6
2015,数学,黑龙江,老高考,2024,全国卷,common,新课标全国Ⅱ卷,done,../papers/2015/数学/全国/新课标全国Ⅱ卷/2015_数学_新课标全国Ⅱ卷_原卷.pdf,../papers/2015/数学/全国/新课标全国Ⅱ卷/2015_数学_新课标全国Ⅱ卷_OCR与考点.md,,pypdf,6
2015,数学,上海,老高考,2017,地方/区域卷,local,上海卷,done,../papers/2015/数学/上海/上海卷/2015_数学_上海卷_原卷.pdf,../papers/2015/数学/上海/上海卷/2015_数学_上海卷_OCR与考点.md,,pypdf,6
2015,数学,江苏,老高考,2021,地方/区域卷,local,江苏卷,done,../papers/2015/数学/江苏/江苏卷/2015_数学_江苏卷_原卷.pdf,../papers/2015/数学/江苏/江苏卷/2015_数学_江苏卷_OCR与考点.md,,pypdf,5
2015,数学,浙江,老高考,2017,地方/区域卷,local,浙江卷,done,../papers/2015/数学/浙江/浙江卷/2015_数学_浙江卷_原卷.pdf,../papers/2015/数学/浙江/浙江卷/2015_数学_浙江卷_OCR与考点.md,,pypdf,4
2015,数学,安徽,老高考,2024,地方/区域卷,local,安徽卷,done,../papers/2015/数学/安徽/安徽卷/2015_数学_安徽卷_原卷.pdf,../papers/2015/数学/安徽/安徽卷/2015_数学_安徽卷_OCR与考点.md,,pypdf,5
2015,数学,福建,老高考,2021,地方/区域卷,local,福建卷,done,../papers/2015/数学/福建/福建卷/2015_数学_福建卷_原卷.pdf,../papers/2015/数学/福建/福建卷/2015_数学_福建卷_OCR与考点.md,,pypdf,5
2015,数学,江西,老高考,2024,全国卷,common,新课标全国Ⅰ卷,done,../papers/2015/数学/全国/新课标全国Ⅰ卷/2015_数学_新课标全国Ⅰ卷_原卷.pdf,../papers/2015/数学/全国/新课标全国Ⅰ卷/2015_数学_新课标全国Ⅰ卷_OCR与考点.md,,pypdf,8
2015,数学,山东,老高考,2020,地方/区域卷,local,山东卷,done,../papers/2015/数学/山东/山东卷/2015_数学_山东卷_原卷.pdf,../papers/2015/数学/山东/山东卷/2015_数学_山东卷_OCR与考点.md,,pypdf,6
2015,数学,河南,老高考,2025,全国卷,common,新课标全国Ⅰ卷,done,../papers/2015/数学/全国/新课标全国Ⅰ卷/2015_数学_新课标全国Ⅰ卷_原卷.pdf,../papers/2015/数学/全国/新课标全国Ⅰ卷/2015_数学_新课标全国Ⅰ卷_OCR与考点.md,,pypdf,8
2015,数学,湖北,老高考,2021,地方/区域卷,local,湖北卷,done,../papers/2015/数学/湖北/湖北卷/2015_数学_湖北卷_原卷.pdf,../papers/2015/数学/湖北/湖北卷/2015_数学_湖北卷_OCR与考点.md,,pypdf,5
2015,数学,湖南,老高考,2021,地方/区域卷,local,湖南卷,done,../papers/2015/数学/湖南/湖南卷/2015_数学_湖南卷_原卷.pdf,../papers/2015/数学/湖南/湖南卷/2015_数学_湖南卷_OCR与考点.md,,pypdf,4
2015,数学,广东,老高考,2021,地方/区域卷,local,广东卷,done,../papers/2015/数学/广东/广东卷/2015_数学_广东卷_原卷.pdf,../papers/2015/数学/广东/广东卷/2015_数学_广东卷_OCR与考点.md,,pypdf,3
2015,数学,广西,老高考,2024,全国卷,common,新课标全国Ⅱ卷,done,../papers/2015/数学/全国/新课标全国Ⅱ卷/2015_数学_新课标全国Ⅱ卷_原卷.pdf,../papers/2015/数学/全国/新课标全国Ⅱ卷/2015_数学_新课标全国Ⅱ卷_OCR与考点.md,,pypdf,6
2015,数学,海南,老高考,2020,全国卷,common,新课标全国Ⅱ卷,done,../papers/2015/数学/全国/新课标全国Ⅱ卷/2015_数学_新课标全国Ⅱ卷_原卷.pdf,../papers/2015/数学/全国/新课标全国Ⅱ卷/2015_数学_新课标全国Ⅱ卷_OCR与考点.md,,pypdf,6
2015,数学,重庆,老高考,2021,地方/区域卷,local,重庆卷,done,../papers/2015/数学/重庆/重庆卷/2015_数学_重庆卷_原卷.pdf,../papers/2015/数学/重庆/重庆卷/2015_数学_重庆卷_OCR与考点.md,,pypdf,5
2015,数学,四川,老高考,2025,地方/区域卷,local,四川卷,done,../papers/2015/数学/四川/四川卷/2015_数学_四川卷_原卷.pdf,../papers/2015/数学/四川/四川卷/2015_数学_四川卷_OCR与考点.md,,pypdf,5
2015,数学,贵州,老高考,2024,全国卷,common,新课标全国Ⅱ卷,done,../papers/2015/数学/全国/新课标全国Ⅱ卷/2015_数学_新课标全国Ⅱ卷_原卷.pdf,../papers/2015/数学/全国/新课标全国Ⅱ卷/2015_数学_新课标全国Ⅱ卷_OCR与考点.md,,pypdf,6
2015,数学,云南,老高考,2025,全国卷,common,新课标全国Ⅱ卷,done,../papers/2015/数学/全国/新课标全国Ⅱ卷/2015_数学_新课标全国Ⅱ卷_原卷.pdf,../papers/2015/数学/全国/新课标全国Ⅱ卷/2015_数学_新课标全国Ⅱ卷_OCR与考点.md,,pypdf,6
2015,数学,西藏,老高考,,全国卷,common,新课标全国Ⅱ卷,done,../papers/2015/数学/全国/新课标全国Ⅱ卷/2015_数学_新课标全国Ⅱ卷_原卷.pdf,../papers/2015/数学/全国/新课标全国Ⅱ卷/2015_数学_新课标全国Ⅱ卷_OCR与考点.md,,pypdf,6
2015,数学,陕西,老高考,2025,地方/区域卷,local,陕西卷,done,../papers/2015/数学/陕西/陕西卷/2015_数学_陕西卷_原卷.pdf,../papers/2015/数学/陕西/陕西卷/2015_数学_陕西卷_OCR与考点.md,,pypdf,6
2015,数学,甘肃,老高考,2024,全国卷,common,新课标全国Ⅱ卷,done,../papers/2015/数学/全国/新课标全国Ⅱ卷/2015_数学_新课标全国Ⅱ卷_原卷.pdf,../papers/2015/数学/全国/新课标全国Ⅱ卷/2015_数学_新课标全国Ⅱ卷_OCR与考点.md,,pypdf,6
2015,数学,青海,老高考,2025,全国卷,common,新课标全国Ⅱ卷,done,../papers/2015/数学/全国/新课标全国Ⅱ卷/2015_数学_新课标全国Ⅱ卷_原卷.pdf,../papers/2015/数学/全国/新课标全国Ⅱ卷/2015_数学_新课标全国Ⅱ卷_OCR与考点.md,,pypdf,6
2015,数学,宁夏,老高考,2025,全国卷,common,新课标全国Ⅱ卷,done,../papers/2015/数学/全国/新课标全国Ⅱ卷/2015_数学_新课标全国Ⅱ卷_原卷.pdf,../papers/2015/数学/全国/新课标全国Ⅱ卷/2015_数学_新课标全国Ⅱ卷_OCR与考点.md,,pypdf,6
2015,数学,新疆,老高考,,全国卷,common,新课标全国Ⅱ卷,done,../papers/2015/数学/全国/新课标全国Ⅱ卷/2015_数学_新课标全国Ⅱ卷_原卷.pdf,../papers/2015/数学/全国/新课标全国Ⅱ卷/2015_数学_新课标全国Ⅱ卷_OCR与考点.md,,pypdf,6
2015,英语,北京,老高考,2020,地方/区域卷,local,北京卷,done,../papers/2015/英语/北京/北京卷/2015_英语_北京卷_原卷.pdf,../papers/2015/英语/北京/北京卷/2015_英语_北京卷_OCR与考点.md,../papers/2015/英语/北京/北京卷/2015_英语_北京卷_听力.mp3,pypdf,15
2015,英语,天津,老高考,2020,地方/区域卷,local,天津卷,done,../papers/2015/英语/天津/天津卷/2015_英语_天津卷_原卷.pdf,../papers/2015/英语/天津/天津卷/2015_英语_天津卷_OCR与考点.md,,pypdf,12
2015,英语,河北,老高考,2021,全国卷,common,新课标全国Ⅰ卷,done,../papers/2015/英语/全国/新课标全国Ⅰ卷/2015_英语_新课标全国Ⅰ卷_原卷.pdf,../papers/2015/英语/全国/新课标全国Ⅰ卷/2015_英语_新课标全国Ⅰ卷_OCR与考点.md,../papers/2015/英语/全国/新课标全国Ⅰ卷/2015_英语_新课标全国Ⅰ卷_听力.mp3,pypdf,13
2015,英语,山西,老高考,2025,全国卷,common,新课标全国Ⅰ卷,done,../papers/2015/英语/全国/新课标全国Ⅰ卷/2015_英语_新课标全国Ⅰ卷_原卷.pdf,../papers/2015/英语/全国/新课标全国Ⅰ卷/2015_英语_新课标全国Ⅰ卷_OCR与考点.md,../papers/2015/英语/全国/新课标全国Ⅰ卷/2015_英语_新课标全国Ⅰ卷_听力.mp3,pypdf,13
2015,英语,内蒙古,老高考,2025,全国卷,common,新课标全国Ⅱ卷,done,../papers/2015/英语/全国/新课标全国Ⅱ卷/2015_英语_新课标全国Ⅱ卷_原卷.pdf,../papers/2015/英语/全国/新课标全国Ⅱ卷/2015_英语_新课标全国Ⅱ卷_OCR与考点.md,../papers/2015/英语/全国/新课标全国Ⅱ卷/2015_英语_新课标全国Ⅱ卷_听力.mp3,pypdf,13
2015,英语,辽宁,老高考,2021,全国卷,common,新课标全国Ⅱ卷,done,../papers/2015/英语/全国/新课标全国Ⅱ卷/2015_英语_新课标全国Ⅱ卷_原卷.pdf,../papers/2015/英语/全国/新课标全国Ⅱ卷/2015_英语_新课标全国Ⅱ卷_OCR与考点.md,../papers/2015/英语/全国/新课标全国Ⅱ卷/2015_英语_新课标全国Ⅱ卷_听力.mp3,pypdf,13
2015,英语,吉林,老高考,2024,全国卷,common,新课标全国Ⅱ卷,done,../papers/2015/英语/全国/新课标全国Ⅱ卷/2015_英语_新课标全国Ⅱ卷_原卷.pdf,../papers/2015/英语/全国/新课标全国Ⅱ卷/2015_英语_新课标全国Ⅱ卷_OCR与考点.md,../papers/2015/英语/全国/新课标全国Ⅱ卷/2015_英语_新课标全国Ⅱ卷_听力.mp3,pypdf,13
2015,英语,黑龙江,老高考,2024,全国卷,common,新课标全国Ⅱ卷,done,../papers/2015/英语/全国/新课标全国Ⅱ卷/2015_英语_新课标全国Ⅱ卷_原卷.pdf,../papers/2015/英语/全国/新课标全国Ⅱ卷/2015_英语_新课标全国Ⅱ卷_OCR与考点.md,../papers/2015/英语/全国/新课标全国Ⅱ卷/2015_英语_新课标全国Ⅱ卷_听力.mp3,pypdf,13
2015,英语,上海,老高考,2017,地方/区域卷,local,上海卷,done,../papers/2015/英语/上海/上海卷/2015_英语_上海卷_原卷.pdf,../papers/2015/英语/上海/上海卷/2015_英语_上海卷_OCR与考点.md,../papers/2015/英语/上海/上海卷/2015_英语_上海卷_听力.mp3,pypdf,11
2015,英语,江苏,老高考,2021,地方/区域卷,local,江苏卷,done,../papers/2015/英语/江苏/江苏卷/2015_英语_江苏卷_原卷.pdf,../papers/2015/英语/江苏/江苏卷/2015_英语_江苏卷_OCR与考点.md,../papers/2015/英语/江苏/江苏卷/2015_英语_江苏卷_听力.mp3,pypdf,17
2015,英语,浙江,老高考,2017,地方/区域卷,local,浙江卷,done,../papers/2015/英语/浙江/浙江卷/2015_英语_浙江卷_原卷.pdf,../papers/2015/英语/浙江/浙江卷/2015_英语_浙江卷_OCR与考点.md,,pypdf,11
2015,英语,安徽,老高考,2024,地方/区域卷,local,安徽卷,done,../papers/2015/英语/安徽/安徽卷/2015_英语_安徽卷_原卷.pdf,../papers/2015/英语/安徽/安徽卷/2015_英语_安徽卷_OCR与考点.md,../papers/2015/英语/安徽/安徽卷/2015_英语_安徽卷_听力.mp3,pypdf,13
2015,英语,福建,老高考,2021,地方/区域卷,local,福建卷,done,../papers/2015/英语/福建/福建卷/2015_英语_福建卷_原卷.pdf,../papers/2015/英语/福建/福建卷/2015_英语_福建卷_OCR与考点.md,../papers/2015/英语/福建/福建卷/2015_英语_福建卷_听力.mp3,pypdf,15
2015,英语,江西,老高考,2024,全国卷,common,新课标全国Ⅰ卷,done,../papers/2015/英语/全国/新课标全国Ⅰ卷/2015_英语_新课标全国Ⅰ卷_原卷.pdf,../papers/2015/英语/全国/新课标全国Ⅰ卷/2015_英语_新课标全国Ⅰ卷_OCR与考点.md,../papers/2015/英语/全国/新课标全国Ⅰ卷/2015_英语_新课标全国Ⅰ卷_听力.mp3,pypdf,13
2015,英语,山东,老高考,2020,全国卷,common,新课标全国Ⅰ卷,done,../papers/2015/英语/全国/新课标全国Ⅰ卷/2015_英语_新课标全国Ⅰ卷_原卷.pdf,../papers/2015/英语/全国/新课标全国Ⅰ卷/2015_英语_新课标全国Ⅰ卷_OCR与考点.md,../papers/2015/英语/全国/新课标全国Ⅰ卷/2015_英语_新课标全国Ⅰ卷_听力.mp3,pypdf,13
2015,英语,河南,老高考,2025,全国卷,common,新课标全国Ⅰ卷,done,../papers/2015/英语/全国/新课标全国Ⅰ卷/2015_英语_新课标全国Ⅰ卷_原卷.pdf,../papers/2015/英语/全国/新课标全国Ⅰ卷/2015_英语_新课标全国Ⅰ卷_OCR与考点.md,../papers/2015/英语/全国/新课标全国Ⅰ卷/2015_英语_新课标全国Ⅰ卷_听力.mp3,pypdf,13
2015,英语,湖北,老高考,2021,地方/区域卷,local,湖北卷,done,../papers/2015/英语/湖北/湖北卷/2015_英语_湖北卷_原卷.pdf,../papers/2015/英语/湖北/湖北卷/2015_英语_湖北卷_OCR与考点.md,../papers/2015/英语/湖北/湖北卷/2015_英语_湖北卷_听力.mp3,pypdf,15
2015,英语,湖南,老高考,2021,地方/区域卷,local,湖南卷,done,../papers/2015/英语/湖南/湖南卷/2015_英语_湖南卷_原卷.pdf,../papers/2015/英语/湖南/湖南卷/2015_英语_湖南卷_OCR与考点.md,../papers/2015/英语/湖南/湖南卷/2015_英语_湖南卷_听力.mp3,pypdf,14
2015,英语,广东,老高考,2021,地方/区域卷,local,广东卷,done,../papers/2015/英语/广东/广东卷/2015_英语_广东卷_原卷.pdf,../papers/2015/英语/广东/广东卷/2015_英语_广东卷_OCR与考点.md,,pypdf,13
2015,英语,广西,老高考,2024,全国卷,common,新课标全国Ⅱ卷,done,../papers/2015/英语/全国/新课标全国Ⅱ卷/2015_英语_新课标全国Ⅱ卷_原卷.pdf,../papers/2015/英语/全国/新课标全国Ⅱ卷/2015_英语_新课标全国Ⅱ卷_OCR与考点.md,../papers/2015/英语/全国/新课标全国Ⅱ卷/2015_英语_新课标全国Ⅱ卷_听力.mp3,pypdf,13
2015,英语,海南,老高考,2020,全国卷,common,新课标全国Ⅱ卷,done,../papers/2015/英语/全国/新课标全国Ⅱ卷/2015_英语_新课标全国Ⅱ卷_原卷.pdf,../papers/2015/英语/全国/新课标全国Ⅱ卷/2015_英语_新课标全国Ⅱ卷_OCR与考点.md,../papers/2015/英语/全国/新课标全国Ⅱ卷/2015_英语_新课标全国Ⅱ卷_听力.mp3,pypdf,13
2015,英语,重庆,老高考,2021,地方/区域卷,local,重庆卷,done,../papers/2015/英语/重庆/重庆卷/2015_英语_重庆卷_原卷.pdf,../papers/2015/英语/重庆/重庆卷/2015_英语_重庆卷_OCR与考点.md,,pypdf,11
2015,英语,四川,老高考,2025,地方/区域卷,local,四川卷,done,../papers/2015/英语/四川/四川卷/2015_英语_四川卷_原卷.pdf,../papers/2015/英语/四川/四川卷/2015_英语_四川卷_OCR与考点.md,,pypdf,13
2015,英语,贵州,老高考,2024,全国卷,common,新课标全国Ⅱ卷,done,../papers/2015/英语/全国/新课标全国Ⅱ卷/2015_英语_新课标全国Ⅱ卷_原卷.pdf,../papers/2015/英语/全国/新课标全国Ⅱ卷/2015_英语_新课标全国Ⅱ卷_OCR与考点.md,../papers/2015/英语/全国/新课标全国Ⅱ卷/2015_英语_新课标全国Ⅱ卷_听力.mp3,pypdf,13
2015,英语,云南,老高考,2025,全国卷,common,新课标全国Ⅱ卷,done,../papers/2015/英语/全国/新课标全国Ⅱ卷/2015_英语_新课标全国Ⅱ卷_原卷.pdf,../papers/2015/英语/全国/新课标全国Ⅱ卷/2015_英语_新课标全国Ⅱ卷_OCR与考点.md,../papers/2015/英语/全国/新课标全国Ⅱ卷/2015_英语_新课标全国Ⅱ卷_听力.mp3,pypdf,13
2015,英语,西藏,老高考,,全国卷,common,新课标全国Ⅱ卷,done,../papers/2015/英语/全国/新课标全国Ⅱ卷/2015_英语_新课标全国Ⅱ卷_原卷.pdf,../papers/2015/英语/全国/新课标全国Ⅱ卷/2015_英语_新课标全国Ⅱ卷_OCR与考点.md,../papers/2015/英语/全国/新课标全国Ⅱ卷/2015_英语_新课标全国Ⅱ卷_听力.mp3,pypdf,13
2015,英语,陕西,老高考,2025,地方/区域卷,local,陕西卷,done,../papers/2015/英语/陕西/陕西卷/2015_英语_陕西卷_原卷.pdf,../papers/2015/英语/陕西/陕西卷/2015_英语_陕西卷_OCR与考点.md,,pypdf,10
2015,英语,甘肃,老高考,2024,全国卷,common,新课标全国Ⅱ卷,done,../papers/2015/英语/全国/新课标全国Ⅱ卷/2015_英语_新课标全国Ⅱ卷_原卷.pdf,../papers/2015/英语/全国/新课标全国Ⅱ卷/2015_英语_新课标全国Ⅱ卷_OCR与考点.md,../papers/2015/英语/全国/新课标全国Ⅱ卷/2015_英语_新课标全国Ⅱ卷_听力.mp3,pypdf,13
2015,英语,青海,老高考,2025,全国卷,common,新课标全国Ⅱ卷,done,../papers/2015/英语/全国/新课标全国Ⅱ卷/2015_英语_新课标全国Ⅱ卷_原卷.pdf,../papers/2015/英语/全国/新课标全国Ⅱ卷/2015_英语_新课标全国Ⅱ卷_OCR与考点.md,../papers/2015/英语/全国/新课标全国Ⅱ卷/2015_英语_新课标全国Ⅱ卷_听力.mp3,pypdf,13
2015,英语,宁夏,老高考,2025,全国卷,common,新课标全国Ⅱ卷,done,../papers/2015/英语/全国/新课标全国Ⅱ卷/2015_英语_新课标全国Ⅱ卷_原卷.pdf,../papers/2015/英语/全国/新课标全国Ⅱ卷/2015_英语_新课标全国Ⅱ卷_OCR与考点.md,../papers/2015/英语/全国/新课标全国Ⅱ卷/2015_英语_新课标全国Ⅱ卷_听力.mp3,pypdf,13
2015,英语,新疆,老高考,,全国卷,common,新课标全国Ⅱ卷,done,../papers/2015/英语/全国/新课标全国Ⅱ卷/2015_英语_新课标全国Ⅱ卷_原卷.pdf,../papers/2015/英语/全国/新课标全国Ⅱ卷/2015_英语_新课标全国Ⅱ卷_OCR与考点.md,../papers/2015/英语/全国/新课标全国Ⅱ卷/2015_英语_新课标全国Ⅱ卷_听力.mp3,pypdf,13
2015,物理,北京,老高考,2020,地方/区域卷,local,北京卷,done,../papers/2015/物理/北京/北京理综/2015_物理_北京理综_原卷.pdf,../papers/2015/物理/北京/北京理综/2015_物理_北京理综_OCR与考点.md,,pypdf,6
2015,物理,天津,老高考,2020,地方/区域卷,local,天津卷,done,../papers/2015/物理/天津/天津理综/2015_物理_天津理综_原卷.pdf,../papers/2015/物理/天津/天津理综/2015_物理_天津理综_OCR与考点.md,,pypdf,7
2015,物理,河北,老高考,2021,全国卷,common,新课标全国Ⅰ卷,done,../papers/2015/物理/全国/新课标全国Ⅰ卷理综/2015_物理_新课标全国Ⅰ卷理综_原卷.pdf,../papers/2015/物理/全国/新课标全国Ⅰ卷理综/2015_物理_新课标全国Ⅰ卷理综_OCR与考点.md,,pypdf,9
2015,物理,山西,老高考,2025,全国卷,common,新课标全国Ⅰ卷,done,../papers/2015/物理/全国/新课标全国Ⅰ卷理综/2015_物理_新课标全国Ⅰ卷理综_原卷.pdf,../papers/2015/物理/全国/新课标全国Ⅰ卷理综/2015_物理_新课标全国Ⅰ卷理综_OCR与考点.md,,pypdf,9
2015,物理,内蒙古,老高考,2025,全国卷,common,新课标全国Ⅱ卷,done,../papers/2015/物理/全国/新课标全国Ⅱ卷理综/2015_物理_新课标全国Ⅱ卷理综_原卷.pdf,../papers/2015/物理/全国/新课标全国Ⅱ卷理综/2015_物理_新课标全国Ⅱ卷理综_OCR与考点.md,,pypdf,9
2015,物理,辽宁,老高考,2021,全国卷,common,新课标全国Ⅱ卷,done,../papers/2015/物理/全国/新课标全国Ⅱ卷理综/2015_物理_新课标全国Ⅱ卷理综_原卷.pdf,../papers/2015/物理/全国/新课标全国Ⅱ卷理综/2015_物理_新课标全国Ⅱ卷理综_OCR与考点.md,,pypdf,9
2015,物理,吉林,老高考,2024,全国卷,common,新课标全国Ⅱ卷,done,../papers/2015/物理/全国/新课标全国Ⅱ卷理综/2015_物理_新课标全国Ⅱ卷理综_原卷.pdf,../papers/2015/物理/全国/新课标全国Ⅱ卷理综/2015_物理_新课标全国Ⅱ卷理综_OCR与考点.md,,pypdf,9
2015,物理,黑龙江,老高考,2024,全国卷,common,新课标全国Ⅱ卷,done,../papers/2015/物理/全国/新课标全国Ⅱ卷理综/2015_物理_新课标全国Ⅱ卷理综_原卷.pdf,../papers/2015/物理/全国/新课标全国Ⅱ卷理综/2015_物理_新课标全国Ⅱ卷理综_OCR与考点.md,,pypdf,9
2015,物理,上海,老高考,2017,地方/区域卷,local,上海卷,done,../papers/2015/物理/上海/上海理综/2015_物理_上海理综_原卷.pdf,../papers/2015/物理/上海/上海理综/2015_物理_上海理综_OCR与考点.md,,pypdf,10
2015,物理,江苏,老高考,2021,地方/区域卷,local,江苏卷,done,../papers/2015/物理/江苏/江苏理综/2015_物理_江苏理综_原卷.pdf,../papers/2015/物理/江苏/江苏理综/2015_物理_江苏理综_OCR与考点.md,,pypdf,9
2015,物理,浙江,老高考,2017,地方/区域卷,local,浙江卷,done,../papers/2015/物理/浙江/浙江理综/2015_物理_浙江理综_原卷.pdf,../papers/2015/物理/浙江/浙江理综/2015_物理_浙江理综_OCR与考点.md,,pypdf,8
2015,物理,安徽,老高考,2024,地方/区域卷,local,安徽卷,done,../papers/2015/物理/安徽/安徽理综/2015_物理_安徽理综_原卷.pdf,../papers/2015/物理/安徽/安徽理综/2015_物理_安徽理综_OCR与考点.md,,pypdf,5
2015,物理,福建,老高考,2021,地方/区域卷,local,福建卷,done,../papers/2015/物理/福建/福建理综/2015_物理_福建理综_原卷.pdf,../papers/2015/物理/福建/福建理综/2015_物理_福建理综_OCR与考点.md,,pypdf,5
2015,物理,江西,老高考,2024,全国卷,common,新课标全国Ⅰ卷,done,../papers/2015/物理/全国/新课标全国Ⅰ卷理综/2015_物理_新课标全国Ⅰ卷理综_原卷.pdf,../papers/2015/物理/全国/新课标全国Ⅰ卷理综/2015_物理_新课标全国Ⅰ卷理综_OCR与考点.md,,pypdf,9
2015,物理,山东,老高考,2020,地方/区域卷,local,山东卷,done,../papers/2015/物理/山东/山东理综/2015_物理_山东理综_原卷.pdf,../papers/2015/物理/山东/山东理综/2015_物理_山东理综_OCR与考点.md,,pypdf,7
2015,物理,河南,老高考,2025,全国卷,common,新课标全国Ⅰ卷,done,../papers/2015/物理/全国/新课标全国Ⅰ卷理综/2015_物理_新课标全国Ⅰ卷理综_原卷.pdf,../papers/2015/物理/全国/新课标全国Ⅰ卷理综/2015_物理_新课标全国Ⅰ卷理综_OCR与考点.md,,pypdf,9
2015,物理,湖北,老高考,2021,全国卷,common,新课标全国Ⅰ卷,done,../papers/2015/物理/全国/新课标全国Ⅰ卷理综/2015_物理_新课标全国Ⅰ卷理综_原卷.pdf,../papers/2015/物理/全国/新课标全国Ⅰ卷理综/2015_物理_新课标全国Ⅰ卷理综_OCR与考点.md,,pypdf,9
2015,物理,湖南,老高考,2021,全国卷,common,新课标全国Ⅰ卷,done,../papers/2015/物理/全国/新课标全国Ⅰ卷理综/2015_物理_新课标全国Ⅰ卷理综_原卷.pdf,../papers/2015/物理/全国/新课标全国Ⅰ卷理综/2015_物理_新课标全国Ⅰ卷理综_OCR与考点.md,,pypdf,9
2015,物理,广东,老高考,2021,地方/区域卷,local,广东卷,done,../papers/2015/物理/广东/广东理综/2015_物理_广东理综_原卷.pdf,../papers/2015/物理/广东/广东理综/2015_物理_广东理综_OCR与考点.md,,pypdf,6
2015,物理,广西,老高考,2024,全国卷,common,新课标全国Ⅱ卷,done,../papers/2015/物理/全国/新课标全国Ⅱ卷理综/2015_物理_新课标全国Ⅱ卷理综_原卷.pdf,../papers/2015/物理/全国/新课标全国Ⅱ卷理综/2015_物理_新课标全国Ⅱ卷理综_OCR与考点.md,,pypdf,9
2015,物理,海南,老高考,2020,地方/区域卷,local,海南卷,done,../papers/2015/物理/海南/海南理综/2015_物理_海南理综_原卷.pdf,../papers/2015/物理/海南/海南理综/2015_物理_海南理综_OCR与考点.md,,pypdf,6
2015,物理,重庆,老高考,2021,地方/区域卷,local,重庆卷,done,../papers/2015/物理/重庆/重庆理综/2015_物理_重庆理综_原卷.pdf,../papers/2015/物理/重庆/重庆理综/2015_物理_重庆理综_OCR与考点.md,,pypdf,6
2015,物理,四川,老高考,2025,地方/区域卷,local,四川卷,done,../papers/2015/物理/四川/四川理综/2015_物理_四川理综_原卷.pdf,../papers/2015/物理/四川/四川理综/2015_物理_四川理综_OCR与考点.md,,pypdf,6
2015,物理,贵州,老高考,2024,全国卷,common,新课标全国Ⅱ卷,done,../papers/2015/物理/全国/新课标全国Ⅱ卷理综/2015_物理_新课标全国Ⅱ卷理综_原卷.pdf,../papers/2015/物理/全国/新课标全国Ⅱ卷理综/2015_物理_新课标全国Ⅱ卷理综_OCR与考点.md,,pypdf,9
2015,物理,云南,老高考,2025,全国卷,common,新课标全国Ⅱ卷,done,../papers/2015/物理/全国/新课标全国Ⅱ卷理综/2015_物理_新课标全国Ⅱ卷理综_原卷.pdf,../papers/2015/物理/全国/新课标全国Ⅱ卷理综/2015_物理_新课标全国Ⅱ卷理综_OCR与考点.md,,pypdf,9
2015,物理,西藏,老高考,,全国卷,common,新课标全国Ⅱ卷,done,../papers/2015/物理/全国/新课标全国Ⅱ卷理综/2015_物理_新课标全国Ⅱ卷理综_原卷.pdf,../papers/2015/物理/全国/新课标全国Ⅱ卷理综/2015_物理_新课标全国Ⅱ卷理综_OCR与考点.md,,pypdf,9
2015,物理,陕西,老高考,2025,全国卷,common,新课标全国Ⅱ卷,done,../papers/2015/物理/全国/新课标全国Ⅱ卷理综/2015_物理_新课标全国Ⅱ卷理综_原卷.pdf,../papers/2015/物理/全国/新课标全国Ⅱ卷理综/2015_物理_新课标全国Ⅱ卷理综_OCR与考点.md,,pypdf,9
2015,物理,甘肃,老高考,2024,全国卷,common,新课标全国Ⅱ卷,done,../papers/2015/物理/全国/新课标全国Ⅱ卷理综/2015_物理_新课标全国Ⅱ卷理综_原卷.pdf,../papers/2015/物理/全国/新课标全国Ⅱ卷理综/2015_物理_新课标全国Ⅱ卷理综_OCR与考点.md,,pypdf,9
2015,物理,青海,老高考,2025,全国卷,common,新课标全国Ⅱ卷,done,../papers/2015/物理/全国/新课标全国Ⅱ卷理综/2015_物理_新课标全国Ⅱ卷理综_原卷.pdf,../papers/2015/物理/全国/新课标全国Ⅱ卷理综/2015_物理_新课标全国Ⅱ卷理综_OCR与考点.md,,pypdf,9
2015,物理,宁夏,老高考,2025,全国卷,common,新课标全国Ⅱ卷,done,../papers/2015/物理/全国/新课标全国Ⅱ卷理综/2015_物理_新课标全国Ⅱ卷理综_原卷.pdf,../papers/2015/物理/全国/新课标全国Ⅱ卷理综/2015_物理_新课标全国Ⅱ卷理综_OCR与考点.md,,pypdf,9
2015,物理,新疆,老高考,,全国卷,common,新课标全国Ⅱ卷,done,../papers/2015/物理/全国/新课标全国Ⅱ卷理综/2015_物理_新课标全国Ⅱ卷理综_原卷.pdf,../papers/2015/物理/全国/新课标全国Ⅱ卷理综/2015_物理_新课标全国Ⅱ卷理综_OCR与考点.md,,pypdf,9
2015,化学,北京,老高考,2020,地方/区域卷,local,北京卷,done,../papers/2015/化学/北京/北京理综/2015_化学_北京理综_原卷.pdf,../papers/2015/化学/北京/北京理综/2015_化学_北京理综_OCR与考点.md,,pypdf,7
2015,化学,天津,老高考,2020,地方/区域卷,local,天津卷,done,../papers/2015/化学/天津/天津理综/2015_化学_天津理综_原卷.pdf,../papers/2015/化学/天津/天津理综/2015_化学_天津理综_OCR与考点.md,,pypdf,6
2015,化学,河北,老高考,2021,全国卷,common,新课标全国Ⅰ卷,done,../papers/2015/化学/全国/新课标全国Ⅰ卷理综/2015_化学_新课标全国Ⅰ卷理综_原卷.pdf,../papers/2015/化学/全国/新课标全国Ⅰ卷理综/2015_化学_新课标全国Ⅰ卷理综_OCR与考点.md,,pypdf,8
2015,化学,山西,老高考,2025,全国卷,common,新课标全国Ⅰ卷,done,../papers/2015/化学/全国/新课标全国Ⅰ卷理综/2015_化学_新课标全国Ⅰ卷理综_原卷.pdf,../papers/2015/化学/全国/新课标全国Ⅰ卷理综/2015_化学_新课标全国Ⅰ卷理综_OCR与考点.md,,pypdf,8
2015,化学,内蒙古,老高考,2025,全国卷,common,新课标全国Ⅱ卷,done,../papers/2015/化学/全国/新课标全国Ⅱ卷理综/2015_化学_新课标全国Ⅱ卷理综_原卷.pdf,../papers/2015/化学/全国/新课标全国Ⅱ卷理综/2015_化学_新课标全国Ⅱ卷理综_OCR与考点.md,,pypdf,9
2015,化学,辽宁,老高考,2021,全国卷,common,新课标全国Ⅱ卷,done,../papers/2015/化学/全国/新课标全国Ⅱ卷理综/2015_化学_新课标全国Ⅱ卷理综_原卷.pdf,../papers/2015/化学/全国/新课标全国Ⅱ卷理综/2015_化学_新课标全国Ⅱ卷理综_OCR与考点.md,,pypdf,9
2015,化学,吉林,老高考,2024,全国卷,common,新课标全国Ⅱ卷,done,../papers/2015/化学/全国/新课标全国Ⅱ卷理综/2015_化学_新课标全国Ⅱ卷理综_原卷.pdf,../papers/2015/化学/全国/新课标全国Ⅱ卷理综/2015_化学_新课标全国Ⅱ卷理综_OCR与考点.md,,pypdf,9
2015,化学,黑龙江,老高考,2024,全国卷,common,新课标全国Ⅱ卷,done,../papers/2015/化学/全国/新课标全国Ⅱ卷理综/2015_化学_新课标全国Ⅱ卷理综_原卷.pdf,../papers/2015/化学/全国/新课标全国Ⅱ卷理综/2015_化学_新课标全国Ⅱ卷理综_OCR与考点.md,,pypdf,9
2015,化学,上海,老高考,2017,地方/区域卷,local,上海卷,done,../papers/2015/化学/上海/上海理综/2015_化学_上海理综_原卷.pdf,../papers/2015/化学/上海/上海理综/2015_化学_上海理综_OCR与考点.md,,pypdf,9
2015,化学,江苏,老高考,2021,地方/区域卷,local,江苏卷,done,../papers/2015/化学/江苏/江苏理综/2015_化学_江苏理综_原卷.pdf,../papers/2015/化学/江苏/江苏理综/2015_化学_江苏理综_OCR与考点.md,,pypdf,9
2015,化学,浙江,老高考,2017,地方/区域卷,local,浙江卷,done,../papers/2015/化学/浙江/浙江理综/2015_化学_浙江理综_原卷.pdf,../papers/2015/化学/浙江/浙江理综/2015_化学_浙江理综_OCR与考点.md,,pypdf,7
2015,化学,安徽,老高考,2024,地方/区域卷,local,安徽卷,done,../papers/2015/化学/安徽/安徽理综/2015_化学_安徽理综_原卷.pdf,../papers/2015/化学/安徽/安徽理综/2015_化学_安徽理综_OCR与考点.md,,pypdf,5
2015,化学,福建,老高考,2021,地方/区域卷,local,福建卷,done,../papers/2015/化学/福建/福建理综/2015_化学_福建理综_原卷.pdf,../papers/2015/化学/福建/福建理综/2015_化学_福建理综_OCR与考点.md,,pypdf,7
2015,化学,江西,老高考,2024,全国卷,common,新课标全国Ⅰ卷,done,../papers/2015/化学/全国/新课标全国Ⅰ卷理综/2015_化学_新课标全国Ⅰ卷理综_原卷.pdf,../papers/2015/化学/全国/新课标全国Ⅰ卷理综/2015_化学_新课标全国Ⅰ卷理综_OCR与考点.md,,pypdf,8
2015,化学,山东,老高考,2020,地方/区域卷,local,山东卷,done,../papers/2015/化学/山东/山东理综/2015_化学_山东理综_原卷.pdf,../papers/2015/化学/山东/山东理综/2015_化学_山东理综_OCR与考点.md,,pypdf,6
2015,化学,河南,老高考,2025,全国卷,common,新课标全国Ⅰ卷,done,../papers/2015/化学/全国/新课标全国Ⅰ卷理综/2015_化学_新课标全国Ⅰ卷理综_原卷.pdf,../papers/2015/化学/全国/新课标全国Ⅰ卷理综/2015_化学_新课标全国Ⅰ卷理综_OCR与考点.md,,pypdf,8
2015,化学,湖北,老高考,2021,全国卷,common,新课标全国Ⅰ卷,done,../papers/2015/化学/全国/新课标全国Ⅰ卷理综/2015_化学_新课标全国Ⅰ卷理综_原卷.pdf,../papers/2015/化学/全国/新课标全国Ⅰ卷理综/2015_化学_新课标全国Ⅰ卷理综_OCR与考点.md,,pypdf,8
2015,化学,湖南,老高考,2021,全国卷,common,新课标全国Ⅰ卷,done,../papers/2015/化学/全国/新课标全国Ⅰ卷理综/2015_化学_新课标全国Ⅰ卷理综_原卷.pdf,../papers/2015/化学/全国/新课标全国Ⅰ卷理综/2015_化学_新课标全国Ⅰ卷理综_OCR与考点.md,,pypdf,8
2015,化学,广东,老高考,2021,地方/区域卷,local,广东卷,done,../papers/2015/化学/广东/广东理综/2015_化学_广东理综_原卷.pdf,../papers/2015/化学/广东/广东理综/2015_化学_广东理综_OCR与考点.md,,pypdf,5
2015,化学,广西,老高考,2024,全国卷,common,新课标全国Ⅱ卷,done,../papers/2015/化学/全国/新课标全国Ⅱ卷理综/2015_化学_新课标全国Ⅱ卷理综_原卷.pdf,../papers/2015/化学/全国/新课标全国Ⅱ卷理综/2015_化学_新课标全国Ⅱ卷理综_OCR与考点.md,,pypdf,9
2015,化学,海南,老高考,2020,地方/区域卷,local,海南卷,done,../papers/2015/化学/海南/海南理综/2015_化学_海南理综_原卷.pdf,../papers/2015/化学/海南/海南理综/2015_化学_海南理综_OCR与考点.md,,pypdf,6
2015,化学,重庆,老高考,2021,地方/区域卷,local,重庆卷,done,../papers/2015/化学/重庆/重庆理综/2015_化学_重庆理综_原卷.pdf,../papers/2015/化学/重庆/重庆理综/2015_化学_重庆理综_OCR与考点.md,,pypdf,5
2015,化学,四川,老高考,2025,地方/区域卷,local,四川卷,done,../papers/2015/化学/四川/四川理综/2015_化学_四川理综_原卷.pdf,../papers/2015/化学/四川/四川理综/2015_化学_四川理综_OCR与考点.md,,pypdf,5
2015,化学,贵州,老高考,2024,全国卷,common,新课标全国Ⅱ卷,done,../papers/2015/化学/全国/新课标全国Ⅱ卷理综/2015_化学_新课标全国Ⅱ卷理综_原卷.pdf,../papers/2015/化学/全国/新课标全国Ⅱ卷理综/2015_化学_新课标全国Ⅱ卷理综_OCR与考点.md,,pypdf,9
2015,化学,云南,老高考,2025,全国卷,common,新课标全国Ⅱ卷,done,../papers/2015/化学/全国/新课标全国Ⅱ卷理综/2015_化学_新课标全国Ⅱ卷理综_原卷.pdf,../papers/2015/化学/全国/新课标全国Ⅱ卷理综/2015_化学_新课标全国Ⅱ卷理综_OCR与考点.md,,pypdf,9
2015,化学,西藏,老高考,,全国卷,common,新课标全国Ⅱ卷,done,../papers/2015/化学/全国/新课标全国Ⅱ卷理综/2015_化学_新课标全国Ⅱ卷理综_原卷.pdf,../papers/2015/化学/全国/新课标全国Ⅱ卷理综/2015_化学_新课标全国Ⅱ卷理综_OCR与考点.md,,pypdf,9
2015,化学,陕西,老高考,2025,全国卷,common,新课标全国Ⅱ卷,done,../papers/2015/化学/全国/新课标全国Ⅱ卷理综/2015_化学_新课标全国Ⅱ卷理综_原卷.pdf,../papers/2015/化学/全国/新课标全国Ⅱ卷理综/2015_化学_新课标全国Ⅱ卷理综_OCR与考点.md,,pypdf,9
2015,化学,甘肃,老高考,2024,全国卷,common,新课标全国Ⅱ卷,done,../papers/2015/化学/全国/新课标全国Ⅱ卷理综/2015_化学_新课标全国Ⅱ卷理综_原卷.pdf,../papers/2015/化学/全国/新课标全国Ⅱ卷理综/2015_化学_新课标全国Ⅱ卷理综_OCR与考点.md,,pypdf,9
2015,化学,青海,老高考,2025,全国卷,common,新课标全国Ⅱ卷,done,../papers/2015/化学/全国/新课标全国Ⅱ卷理综/2015_化学_新课标全国Ⅱ卷理综_原卷.pdf,../papers/2015/化学/全国/新课标全国Ⅱ卷理综/2015_化学_新课标全国Ⅱ卷理综_OCR与考点.md,,pypdf,9
2015,化学,宁夏,老高考,2025,全国卷,common,新课标全国Ⅱ卷,done,../papers/2015/化学/全国/新课标全国Ⅱ卷理综/2015_化学_新课标全国Ⅱ卷理综_原卷.pdf,../papers/2015/化学/全国/新课标全国Ⅱ卷理综/2015_化学_新课标全国Ⅱ卷理综_OCR与考点.md,,pypdf,9
2015,化学,新疆,老高考,,全国卷,common,新课标全国Ⅱ卷,done,../papers/2015/化学/全国/新课标全国Ⅱ卷理综/2015_化学_新课标全国Ⅱ卷理综_原卷.pdf,../papers/2015/化学/全国/新课标全国Ⅱ卷理综/2015_化学_新课标全国Ⅱ卷理综_OCR与考点.md,,pypdf,9
2015,生物,北京,老高考,2020,地方/区域卷,local,北京卷,done,../papers/2015/生物/北京/北京理综/2015_生物_北京理综_原卷.pdf,../papers/2015/生物/北京/北京理综/2015_生物_北京理综_OCR与考点.md,,pypdf,5
2015,生物,天津,老高考,2020,地方/区域卷,local,天津卷,done,../papers/2015/生物/天津/天津理综/2015_生物_天津理综_原卷.pdf,../papers/2015/生物/天津/天津理综/2015_生物_天津理综_OCR与考点.md,,pypdf,5
2015,生物,河北,老高考,2021,全国卷,common,新课标全国Ⅰ卷,done,../papers/2015/生物/全国/新课标全国Ⅰ卷理综/2015_生物_新课标全国Ⅰ卷理综_原卷.pdf,../papers/2015/生物/全国/新课标全国Ⅰ卷理综/2015_生物_新课标全国Ⅰ卷理综_OCR与考点.md,,pypdf,6
2015,生物,山西,老高考,2025,全国卷,common,新课标全国Ⅰ卷,done,../papers/2015/生物/全国/新课标全国Ⅰ卷理综/2015_生物_新课标全国Ⅰ卷理综_原卷.pdf,../papers/2015/生物/全国/新课标全国Ⅰ卷理综/2015_生物_新课标全国Ⅰ卷理综_OCR与考点.md,,pypdf,6
2015,生物,内蒙古,老高考,2025,全国卷,common,新课标全国Ⅱ卷,done,../papers/2015/生物/全国/新课标全国Ⅱ卷理综/2015_生物_新课标全国Ⅱ卷理综_原卷.pdf,../papers/2015/生物/全国/新课标全国Ⅱ卷理综/2015_生物_新课标全国Ⅱ卷理综_OCR与考点.md,,pypdf,5
2015,生物,辽宁,老高考,2021,全国卷,common,新课标全国Ⅱ卷,done,../papers/2015/生物/全国/新课标全国Ⅱ卷理综/2015_生物_新课标全国Ⅱ卷理综_原卷.pdf,../papers/2015/生物/全国/新课标全国Ⅱ卷理综/2015_生物_新课标全国Ⅱ卷理综_OCR与考点.md,,pypdf,5
2015,生物,吉林,老高考,2024,全国卷,common,新课标全国Ⅱ卷,done,../papers/2015/生物/全国/新课标全国Ⅱ卷理综/2015_生物_新课标全国Ⅱ卷理综_原卷.pdf,../papers/2015/生物/全国/新课标全国Ⅱ卷理综/2015_生物_新课标全国Ⅱ卷理综_OCR与考点.md,,pypdf,5
2015,生物,黑龙江,老高考,2024,全国卷,common,新课标全国Ⅱ卷,done,../papers/2015/生物/全国/新课标全国Ⅱ卷理综/2015_生物_新课标全国Ⅱ卷理综_原卷.pdf,../papers/2015/生物/全国/新课标全国Ⅱ卷理综/2015_生物_新课标全国Ⅱ卷理综_OCR与考点.md,,pypdf,5
2015,生物,上海,老高考,2017,地方/区域卷,local,上海卷,done,../papers/2015/生物/上海/上海理综/2015_生物_上海理综_原卷.pdf,../papers/2015/生物/上海/上海理综/2015_生物_上海理综_OCR与考点.md,,pypdf,16
2015,生物,江苏,老高考,2021,地方/区域卷,local,江苏卷,done,../papers/2015/生物/江苏/江苏理综/2015_生物_江苏理综_原卷.pdf,../papers/2015/生物/江苏/江苏理综/2015_生物_江苏理综_OCR与考点.md,,pypdf,13
2015,生物,浙江,老高考,2017,地方/区域卷,local,浙江卷,done,../papers/2015/生物/浙江/浙江理综/2015_生物_浙江理综_原卷.pdf,../papers/2015/生物/浙江/浙江理综/2015_生物_浙江理综_OCR与考点.md,,pypdf,4
2015,生物,安徽,老高考,2024,地方/区域卷,local,安徽卷,done,../papers/2015/生物/安徽/安徽理综/2015_生物_安徽理综_原卷.pdf,../papers/2015/生物/安徽/安徽理综/2015_生物_安徽理综_OCR与考点.md,,pypdf,5
2015,生物,福建,老高考,2021,地方/区域卷,local,福建卷,done,../papers/2015/生物/福建/福建理综/2015_生物_福建理综_原卷.pdf,../papers/2015/生物/福建/福建理综/2015_生物_福建理综_OCR与考点.md,,pypdf,5
2015,生物,江西,老高考,2024,全国卷,common,新课标全国Ⅰ卷,done,../papers/2015/生物/全国/新课标全国Ⅰ卷理综/2015_生物_新课标全国Ⅰ卷理综_原卷.pdf,../papers/2015/生物/全国/新课标全国Ⅰ卷理综/2015_生物_新课标全国Ⅰ卷理综_OCR与考点.md,,pypdf,6
2015,生物,山东,老高考,2020,地方/区域卷,local,山东卷,done,../papers/2015/生物/山东/山东理综/2015_生物_山东理综_原卷.pdf,../papers/2015/生物/山东/山东理综/2015_生物_山东理综_OCR与考点.md,,pypdf,5
2015,生物,河南,老高考,2025,全国卷,common,新课标全国Ⅰ卷,done,../papers/2015/生物/全国/新课标全国Ⅰ卷理综/2015_生物_新课标全国Ⅰ卷理综_原卷.pdf,../papers/2015/生物/全国/新课标全国Ⅰ卷理综/2015_生物_新课标全国Ⅰ卷理综_OCR与考点.md,,pypdf,6
2015,生物,湖北,老高考,2021,全国卷,common,新课标全国Ⅰ卷,done,../papers/2015/生物/全国/新课标全国Ⅰ卷理综/2015_生物_新课标全国Ⅰ卷理综_原卷.pdf,../papers/2015/生物/全国/新课标全国Ⅰ卷理综/2015_生物_新课标全国Ⅰ卷理综_OCR与考点.md,,pypdf,6
2015,生物,湖南,老高考,2021,全国卷,common,新课标全国Ⅰ卷,done,../papers/2015/生物/全国/新课标全国Ⅰ卷理综/2015_生物_新课标全国Ⅰ卷理综_原卷.pdf,../papers/2015/生物/全国/新课标全国Ⅰ卷理综/2015_生物_新课标全国Ⅰ卷理综_OCR与考点.md,,pypdf,6
2015,生物,广东,老高考,2021,地方/区域卷,local,广东卷,done,../papers/2015/生物/广东/广东理综/2015_生物_广东理综_原卷.pdf,../papers/2015/生物/广东/广东理综/2015_生物_广东理综_OCR与考点.md,,pypdf,5
2015,生物,广西,老高考,2024,全国卷,common,新课标全国Ⅱ卷,done,../papers/2015/生物/全国/新课标全国Ⅱ卷理综/2015_生物_新课标全国Ⅱ卷理综_原卷.pdf,../papers/2015/生物/全国/新课标全国Ⅱ卷理综/2015_生物_新课标全国Ⅱ卷理综_OCR与考点.md,,pypdf,5
2015,生物,海南,老高考,2020,地方/区域卷,local,海南卷,done,../papers/2015/生物/海南/海南理综/2015_生物_海南理综_原卷.pdf,../papers/2015/生物/海南/海南理综/2015_生物_海南理综_OCR与考点.md,,pypdf,6
2015,生物,重庆,老高考,2021,地方/区域卷,local,重庆卷,done,../papers/2015/生物/重庆/重庆理综/2015_生物_重庆理综_原卷.pdf,../papers/2015/生物/重庆/重庆理综/2015_生物_重庆理综_OCR与考点.md,,pypdf,4
2015,生物,四川,老高考,2025,地方/区域卷,local,四川卷,done,../papers/2015/生物/四川/四川理综/2015_生物_四川理综_原卷.pdf,../papers/2015/生物/四川/四川理综/2015_生物_四川理综_OCR与考点.md,,pypdf,5
2015,生物,贵州,老高考,2024,全国卷,common,新课标全国Ⅱ卷,done,../papers/2015/生物/全国/新课标全国Ⅱ卷理综/2015_生物_新课标全国Ⅱ卷理综_原卷.pdf,../papers/2015/生物/全国/新课标全国Ⅱ卷理综/2015_生物_新课标全国Ⅱ卷理综_OCR与考点.md,,pypdf,5
2015,生物,云南,老高考,2025,全国卷,common,新课标全国Ⅱ卷,done,../papers/2015/生物/全国/新课标全国Ⅱ卷理综/2015_生物_新课标全国Ⅱ卷理综_原卷.pdf,../papers/2015/生物/全国/新课标全国Ⅱ卷理综/2015_生物_新课标全国Ⅱ卷理综_OCR与考点.md,,pypdf,5
2015,生物,西藏,老高考,,全国卷,common,新课标全国Ⅱ卷,done,../papers/2015/生物/全国/新课标全国Ⅱ卷理综/2015_生物_新课标全国Ⅱ卷理综_原卷.pdf,../papers/2015/生物/全国/新课标全国Ⅱ卷理综/2015_生物_新课标全国Ⅱ卷理综_OCR与考点.md,,pypdf,5
2015,生物,陕西,老高考,2025,全国卷,common,新课标全国Ⅱ卷,done,../papers/2015/生物/全国/新课标全国Ⅱ卷理综/2015_生物_新课标全国Ⅱ卷理综_原卷.pdf,../papers/2015/生物/全国/新课标全国Ⅱ卷理综/2015_生物_新课标全国Ⅱ卷理综_OCR与考点.md,,pypdf,5
2015,生物,甘肃,老高考,2024,全国卷,common,新课标全国Ⅱ卷,done,../papers/2015/生物/全国/新课标全国Ⅱ卷理综/2015_生物_新课标全国Ⅱ卷理综_原卷.pdf,../papers/2015/生物/全国/新课标全国Ⅱ卷理综/2015_生物_新课标全国Ⅱ卷理综_OCR与考点.md,,pypdf,5
2015,生物,青海,老高考,2025,全国卷,common,新课标全国Ⅱ卷,done,../papers/2015/生物/全国/新课标全国Ⅱ卷理综/2015_生物_新课标全国Ⅱ卷理综_原卷.pdf,../papers/2015/生物/全国/新课标全国Ⅱ卷理综/2015_生物_新课标全国Ⅱ卷理综_OCR与考点.md,,pypdf,5
2015,生物,宁夏,老高考,2025,全国卷,common,新课标全国Ⅱ卷,done,../papers/2015/生物/全国/新课标全国Ⅱ卷理综/2015_生物_新课标全国Ⅱ卷理综_原卷.pdf,../papers/2015/生物/全国/新课标全国Ⅱ卷理综/2015_生物_新课标全国Ⅱ卷理综_OCR与考点.md,,pypdf,5
2015,生物,新疆,老高考,,全国卷,common,新课标全国Ⅱ卷,done,../papers/2015/生物/全国/新课标全国Ⅱ卷理综/2015_生物_新课标全国Ⅱ卷理综_原卷.pdf,../papers/2015/生物/全国/新课标全国Ⅱ卷理综/2015_生物_新课标全国Ⅱ卷理综_OCR与考点.md,,pypdf,5
2015,政治,北京,老高考,2020,地方/区域卷,local,北京卷,done,../papers/2015/政治/北京/北京文综/2015_政治_北京文综_原卷.pdf,../papers/2015/政治/北京/北京文综/2015_政治_北京文综_OCR与考点.md,,pypdf,8
2015,政治,天津,老高考,2020,地方/区域卷,local,天津卷,done,../papers/2015/政治/天津/天津文综/2015_政治_天津文综_原卷.pdf,../papers/2015/政治/天津/天津文综/2015_政治_天津文综_OCR与考点.md,,pypdf,5
2015,政治,河北,老高考,2021,全国卷,common,新课标全国Ⅰ卷,done,../papers/2015/政治/全国/新课标全国Ⅰ卷文综/2015_政治_新课标全国Ⅰ卷文综_原卷.pdf,../papers/2015/政治/全国/新课标全国Ⅰ卷文综/2015_政治_新课标全国Ⅰ卷文综_OCR与考点.md,,pypdf,7
2015,政治,山西,老高考,2025,全国卷,common,新课标全国Ⅰ卷,done,../papers/2015/政治/全国/新课标全国Ⅰ卷文综/2015_政治_新课标全国Ⅰ卷文综_原卷.pdf,../papers/2015/政治/全国/新课标全国Ⅰ卷文综/2015_政治_新课标全国Ⅰ卷文综_OCR与考点.md,,pypdf,7
2015,政治,内蒙古,老高考,2025,全国卷,common,新课标全国Ⅱ卷,done,../papers/2015/政治/全国/新课标全国Ⅱ卷文综/2015_政治_新课标全国Ⅱ卷文综_原卷.pdf,../papers/2015/政治/全国/新课标全国Ⅱ卷文综/2015_政治_新课标全国Ⅱ卷文综_OCR与考点.md,,pypdf,6
2015,政治,辽宁,老高考,2021,全国卷,common,新课标全国Ⅱ卷,done,../papers/2015/政治/全国/新课标全国Ⅱ卷文综/2015_政治_新课标全国Ⅱ卷文综_原卷.pdf,../papers/2015/政治/全国/新课标全国Ⅱ卷文综/2015_政治_新课标全国Ⅱ卷文综_OCR与考点.md,,pypdf,6
2015,政治,吉林,老高考,2024,全国卷,common,新课标全国Ⅱ卷,done,../papers/2015/政治/全国/新课标全国Ⅱ卷文综/2015_政治_新课标全国Ⅱ卷文综_原卷.pdf,../papers/2015/政治/全国/新课标全国Ⅱ卷文综/2015_政治_新课标全国Ⅱ卷文综_OCR与考点.md,,pypdf,6
2015,政治,黑龙江,老高考,2024,全国卷,common,新课标全国Ⅱ卷,done,../papers/2015/政治/全国/新课标全国Ⅱ卷文综/2015_政治_新课标全国Ⅱ卷文综_原卷.pdf,../papers/2015/政治/全国/新课标全国Ⅱ卷文综/2015_政治_新课标全国Ⅱ卷文综_OCR与考点.md,,pypdf,6
2015,政治,上海,老高考,2017,地方/区域卷,local,上海卷,done,../papers/2015/政治/上海/上海文综/2015_政治_上海文综_原卷.pdf,../papers/2015/政治/上海/上海文综/2015_政治_上海文综_OCR与考点.md,,pypdf,11
2015,政治,江苏,老高考,2021,地方/区域卷,local,江苏卷,done,../papers/2015/政治/江苏/江苏文综/2015_政治_江苏文综_原卷.pdf,../papers/2015/政治/江苏/江苏文综/2015_政治_江苏文综_OCR与考点.md,,pypdf,11
2015,政治,浙江,老高考,2017,地方/区域卷,local,浙江卷,done,../papers/2015/政治/浙江/浙江文综/2015_政治_浙江文综_原卷.pdf,../papers/2015/政治/浙江/浙江文综/2015_政治_浙江文综_OCR与考点.md,,pypdf,5
2015,政治,安徽,老高考,2024,地方/区域卷,local,安徽卷,done,../papers/2015/政治/安徽/安徽文综/2015_政治_安徽文综_原卷.pdf,../papers/2015/政治/安徽/安徽文综/2015_政治_安徽文综_OCR与考点.md,,pypdf,5
2015,政治,福建,老高考,2021,地方/区域卷,local,福建卷,done,../papers/2015/政治/福建/福建文综/2015_政治_福建文综_原卷.pdf,../papers/2015/政治/福建/福建文综/2015_政治_福建文综_OCR与考点.md,,pypdf,5
2015,政治,江西,老高考,2024,全国卷,common,新课标全国Ⅰ卷,done,../papers/2015/政治/全国/新课标全国Ⅰ卷文综/2015_政治_新课标全国Ⅰ卷文综_原卷.pdf,../papers/2015/政治/全国/新课标全国Ⅰ卷文综/2015_政治_新课标全国Ⅰ卷文综_OCR与考点.md,,pypdf,7
2015,政治,山东,老高考,2020,地方/区域卷,local,山东卷,done,../papers/2015/政治/山东/山东文综/2015_政治_山东文综_原卷.pdf,../papers/2015/政治/山东/山东文综/2015_政治_山东文综_OCR与考点.md,,pypdf,4
2015,政治,河南,老高考,2025,全国卷,common,新课标全国Ⅰ卷,done,../papers/2015/政治/全国/新课标全国Ⅰ卷文综/2015_政治_新课标全国Ⅰ卷文综_原卷.pdf,../papers/2015/政治/全国/新课标全国Ⅰ卷文综/2015_政治_新课标全国Ⅰ卷文综_OCR与考点.md,,pypdf,7
2015,政治,湖北,老高考,2021,全国卷,common,新课标全国Ⅰ卷,done,../papers/2015/政治/全国/新课标全国Ⅰ卷文综/2015_政治_新课标全国Ⅰ卷文综_原卷.pdf,../papers/2015/政治/全国/新课标全国Ⅰ卷文综/2015_政治_新课标全国Ⅰ卷文综_OCR与考点.md,,pypdf,7
2015,政治,湖南,老高考,2021,全国卷,common,新课标全国Ⅰ卷,done,../papers/2015/政治/全国/新课标全国Ⅰ卷文综/2015_政治_新课标全国Ⅰ卷文综_原卷.pdf,../papers/2015/政治/全国/新课标全国Ⅰ卷文综/2015_政治_新课标全国Ⅰ卷文综_OCR与考点.md,,pypdf,7
2015,政治,广东,老高考,2021,地方/区域卷,local,广东卷,done,../papers/2015/政治/广东/广东文综/2015_政治_广东文综_原卷.pdf,../papers/2015/政治/广东/广东文综/2015_政治_广东文综_OCR与考点.md,,pypdf,5
2015,政治,广西,老高考,2024,,missing,,missing,,,,,
2015,政治,海南,老高考,2020,地方/区域卷,local,海南卷,done,../papers/2015/政治/海南/海南文综/2015_政治_海南文综_原卷.pdf,../papers/2015/政治/海南/海南文综/2015_政治_海南文综_OCR与考点.md,,pypdf,8
2015,政治,重庆,老高考,2021,地方/区域卷,local,重庆卷,done,../papers/2015/政治/重庆/重庆文综/2015_政治_重庆文综_原卷.pdf,../papers/2015/政治/重庆/重庆文综/2015_政治_重庆文综_OCR与考点.md,,pypdf,4
2015,政治,四川,老高考,2025,地方/区域卷,local,四川卷,done,../papers/2015/政治/四川/四川文综/2015_政治_四川文综_原卷.pdf,../papers/2015/政治/四川/四川文综/2015_政治_四川文综_OCR与考点.md,,pypdf,5
2015,政治,贵州,老高考,2024,全国卷,common,新课标全国Ⅱ卷,done,../papers/2015/政治/全国/新课标全国Ⅱ卷文综/2015_政治_新课标全国Ⅱ卷文综_原卷.pdf,../papers/2015/政治/全国/新课标全国Ⅱ卷文综/2015_政治_新课标全国Ⅱ卷文综_OCR与考点.md,,pypdf,6
2015,政治,云南,老高考,2025,全国卷,common,新课标全国Ⅱ卷,done,../papers/2015/政治/全国/新课标全国Ⅱ卷文综/2015_政治_新课标全国Ⅱ卷文综_原卷.pdf,../papers/2015/政治/全国/新课标全国Ⅱ卷文综/2015_政治_新课标全国Ⅱ卷文综_OCR与考点.md,,pypdf,6
2015,政治,西藏,老高考,,全国卷,common,新课标全国Ⅱ卷,done,../papers/2015/政治/全国/新课标全国Ⅱ卷文综/2015_政治_新课标全国Ⅱ卷文综_原卷.pdf,../papers/2015/政治/全国/新课标全国Ⅱ卷文综/2015_政治_新课标全国Ⅱ卷文综_OCR与考点.md,,pypdf,6
2015,政治,陕西,老高考,2025,全国卷,common,新课标全国Ⅱ卷,done,../papers/2015/政治/全国/新课标全国Ⅱ卷文综/2015_政治_新课标全国Ⅱ卷文综_原卷.pdf,../papers/2015/政治/全国/新课标全国Ⅱ卷文综/2015_政治_新课标全国Ⅱ卷文综_OCR与考点.md,,pypdf,6
2015,政治,甘肃,老高考,2024,全国卷,common,新课标全国Ⅱ卷,done,../papers/2015/政治/全国/新课标全国Ⅱ卷文综/2015_政治_新课标全国Ⅱ卷文综_原卷.pdf,../papers/2015/政治/全国/新课标全国Ⅱ卷文综/2015_政治_新课标全国Ⅱ卷文综_OCR与考点.md,,pypdf,6
2015,政治,青海,老高考,2025,全国卷,common,新课标全国Ⅱ卷,done,../papers/2015/政治/全国/新课标全国Ⅱ卷文综/2015_政治_新课标全国Ⅱ卷文综_原卷.pdf,../papers/2015/政治/全国/新课标全国Ⅱ卷文综/2015_政治_新课标全国Ⅱ卷文综_OCR与考点.md,,pypdf,6
2015,政治,宁夏,老高考,2025,全国卷,common,新课标全国Ⅱ卷,done,../papers/2015/政治/全国/新课标全国Ⅱ卷文综/2015_政治_新课标全国Ⅱ卷文综_原卷.pdf,../papers/2015/政治/全国/新课标全国Ⅱ卷文综/2015_政治_新课标全国Ⅱ卷文综_OCR与考点.md,,pypdf,6
2015,政治,新疆,老高考,,全国卷,common,新课标全国Ⅱ卷,done,../papers/2015/政治/全国/新课标全国Ⅱ卷文综/2015_政治_新课标全国Ⅱ卷文综_原卷.pdf,../papers/2015/政治/全国/新课标全国Ⅱ卷文综/2015_政治_新课标全国Ⅱ卷文综_OCR与考点.md,,pypdf,6
2015,历史,北京,老高考,2020,地方/区域卷,local,北京卷,done,../papers/2015/历史/北京/北京文综/2015_历史_北京文综_原卷.pdf,../papers/2015/历史/北京/北京文综/2015_历史_北京文综_OCR与考点.md,,pypdf,6
2015,历史,天津,老高考,2020,地方/区域卷,local,天津卷,done,../papers/2015/历史/天津/天津文综/2015_历史_天津文综_原卷.pdf,../papers/2015/历史/天津/天津文综/2015_历史_天津文综_OCR与考点.md,,pypdf,5
2015,历史,河北,老高考,2021,全国卷,common,新课标全国Ⅰ卷,done,../papers/2015/历史/全国/新课标全国Ⅰ卷文综/2015_历史_新课标全国Ⅰ卷文综_原卷.pdf,../papers/2015/历史/全国/新课标全国Ⅰ卷文综/2015_历史_新课标全国Ⅰ卷文综_OCR与考点.md,,pypdf,9
2015,历史,山西,老高考,2025,全国卷,common,新课标全国Ⅰ卷,done,../papers/2015/历史/全国/新课标全国Ⅰ卷文综/2015_历史_新课标全国Ⅰ卷文综_原卷.pdf,../papers/2015/历史/全国/新课标全国Ⅰ卷文综/2015_历史_新课标全国Ⅰ卷文综_OCR与考点.md,,pypdf,9
2015,历史,内蒙古,老高考,2025,全国卷,common,新课标全国Ⅱ卷,done,../papers/2015/历史/全国/新课标全国Ⅱ卷文综/2015_历史_新课标全国Ⅱ卷文综_原卷.pdf,../papers/2015/历史/全国/新课标全国Ⅱ卷文综/2015_历史_新课标全国Ⅱ卷文综_OCR与考点.md,,pypdf,8
2015,历史,辽宁,老高考,2021,全国卷,common,新课标全国Ⅱ卷,done,../papers/2015/历史/全国/新课标全国Ⅱ卷文综/2015_历史_新课标全国Ⅱ卷文综_原卷.pdf,../papers/2015/历史/全国/新课标全国Ⅱ卷文综/2015_历史_新课标全国Ⅱ卷文综_OCR与考点.md,,pypdf,8
2015,历史,吉林,老高考,2024,全国卷,common,新课标全国Ⅱ卷,done,../papers/2015/历史/全国/新课标全国Ⅱ卷文综/2015_历史_新课标全国Ⅱ卷文综_原卷.pdf,../papers/2015/历史/全国/新课标全国Ⅱ卷文综/2015_历史_新课标全国Ⅱ卷文综_OCR与考点.md,,pypdf,8
2015,历史,黑龙江,老高考,2024,全国卷,common,新课标全国Ⅱ卷,done,../papers/2015/历史/全国/新课标全国Ⅱ卷文综/2015_历史_新课标全国Ⅱ卷文综_原卷.pdf,../papers/2015/历史/全国/新课标全国Ⅱ卷文综/2015_历史_新课标全国Ⅱ卷文综_OCR与考点.md,,pypdf,8
2015,历史,上海,老高考,2017,地方/区域卷,local,上海卷,done,../papers/2015/历史/上海/上海文综/2015_历史_上海文综_原卷.pdf,../papers/2015/历史/上海/上海文综/2015_历史_上海文综_OCR与考点.md,,pypdf,11
2015,历史,江苏,老高考,2021,地方/区域卷,local,江苏卷,done,../papers/2015/历史/江苏/江苏文综/2015_历史_江苏文综_原卷.pdf,../papers/2015/历史/江苏/江苏文综/2015_历史_江苏文综_OCR与考点.md,,pypdf,10
2015,历史,浙江,老高考,2017,地方/区域卷,local,浙江卷,done,../papers/2015/历史/浙江/浙江文综/2015_历史_浙江文综_原卷.pdf,../papers/2015/历史/浙江/浙江文综/2015_历史_浙江文综_OCR与考点.md,,pypdf,6
2015,历史,安徽,老高考,2024,地方/区域卷,local,安徽卷,done,../papers/2015/历史/安徽/安徽文综/2015_历史_安徽文综_原卷.pdf,../papers/2015/历史/安徽/安徽文综/2015_历史_安徽文综_OCR与考点.md,,pypdf,4
2015,历史,福建,老高考,2021,地方/区域卷,local,福建卷,done,../papers/2015/历史/福建/福建文综/2015_历史_福建文综_原卷.pdf,../papers/2015/历史/福建/福建文综/2015_历史_福建文综_OCR与考点.md,,pypdf,5
2015,历史,江西,老高考,2024,全国卷,common,新课标全国Ⅰ卷,done,../papers/2015/历史/全国/新课标全国Ⅰ卷文综/2015_历史_新课标全国Ⅰ卷文综_原卷.pdf,../papers/2015/历史/全国/新课标全国Ⅰ卷文综/2015_历史_新课标全国Ⅰ卷文综_OCR与考点.md,,pypdf,9
2015,历史,山东,老高考,2020,地方/区域卷,local,山东卷,done,../papers/2015/历史/山东/山东文综/2015_历史_山东文综_原卷.pdf,../papers/2015/历史/山东/山东文综/2015_历史_山东文综_OCR与考点.md,,pypdf,6
2015,历史,河南,老高考,2025,全国卷,common,新课标全国Ⅰ卷,done,../papers/2015/历史/全国/新课标全国Ⅰ卷文综/2015_历史_新课标全国Ⅰ卷文综_原卷.pdf,../papers/2015/历史/全国/新课标全国Ⅰ卷文综/2015_历史_新课标全国Ⅰ卷文综_OCR与考点.md,,pypdf,9
2015,历史,湖北,老高考,2021,全国卷,common,新课标全国Ⅰ卷,done,../papers/2015/历史/全国/新课标全国Ⅰ卷文综/2015_历史_新课标全国Ⅰ卷文综_原卷.pdf,../papers/2015/历史/全国/新课标全国Ⅰ卷文综/2015_历史_新课标全国Ⅰ卷文综_OCR与考点.md,,pypdf,9
2015,历史,湖南,老高考,2021,全国卷,common,新课标全国Ⅰ卷,done,../papers/2015/历史/全国/新课标全国Ⅰ卷文综/2015_历史_新课标全国Ⅰ卷文综_原卷.pdf,../papers/2015/历史/全国/新课标全国Ⅰ卷文综/2015_历史_新课标全国Ⅰ卷文综_OCR与考点.md,,pypdf,9
2015,历史,广东,老高考,2021,地方/区域卷,local,广东卷,done,../papers/2015/历史/广东/广东文综/2015_历史_广东文综_原卷.pdf,../papers/2015/历史/广东/广东文综/2015_历史_广东文综_OCR与考点.md,,pypdf,3
2015,历史,广西,老高考,2024,全国卷,common,新课标全国Ⅱ卷,done,../papers/2015/历史/全国/新课标全国Ⅱ卷文综/2015_历史_新课标全国Ⅱ卷文综_原卷.pdf,../papers/2015/历史/全国/新课标全国Ⅱ卷文综/2015_历史_新课标全国Ⅱ卷文综_OCR与考点.md,,pypdf,8
2015,历史,海南,老高考,2020,地方/区域卷,local,海南卷,done,../papers/2015/历史/海南/海南文综/2015_历史_海南文综_原卷.pdf,../papers/2015/历史/海南/海南文综/2015_历史_海南文综_OCR与考点.md,,pypdf,8
2015,历史,重庆,老高考,2021,地方/区域卷,local,重庆卷,done,../papers/2015/历史/重庆/重庆文综/2015_历史_重庆文综_原卷.pdf,../papers/2015/历史/重庆/重庆文综/2015_历史_重庆文综_OCR与考点.md,,pypdf,4
2015,历史,四川,老高考,2025,地方/区域卷,local,四川卷,done,../papers/2015/历史/四川/四川文综/2015_历史_四川文综_原卷.pdf,../papers/2015/历史/四川/四川文综/2015_历史_四川文综_OCR与考点.md,,pypdf,4
2015,历史,贵州,老高考,2024,全国卷,common,新课标全国Ⅱ卷,done,../papers/2015/历史/全国/新课标全国Ⅱ卷文综/2015_历史_新课标全国Ⅱ卷文综_原卷.pdf,../papers/2015/历史/全国/新课标全国Ⅱ卷文综/2015_历史_新课标全国Ⅱ卷文综_OCR与考点.md,,pypdf,8
2015,历史,云南,老高考,2025,全国卷,common,新课标全国Ⅱ卷,done,../papers/2015/历史/全国/新课标全国Ⅱ卷文综/2015_历史_新课标全国Ⅱ卷文综_原卷.pdf,../papers/2015/历史/全国/新课标全国Ⅱ卷文综/2015_历史_新课标全国Ⅱ卷文综_OCR与考点.md,,pypdf,8
2015,历史,西藏,老高考,,全国卷,common,新课标全国Ⅱ卷,done,../papers/2015/历史/全国/新课标全国Ⅱ卷文综/2015_历史_新课标全国Ⅱ卷文综_原卷.pdf,../papers/2015/历史/全国/新课标全国Ⅱ卷文综/2015_历史_新课标全国Ⅱ卷文综_OCR与考点.md,,pypdf,8
2015,历史,陕西,老高考,2025,全国卷,common,新课标全国Ⅱ卷,done,../papers/2015/历史/全国/新课标全国Ⅱ卷文综/2015_历史_新课标全国Ⅱ卷文综_原卷.pdf,../papers/2015/历史/全国/新课标全国Ⅱ卷文综/2015_历史_新课标全国Ⅱ卷文综_OCR与考点.md,,pypdf,8
2015,历史,甘肃,老高考,2024,全国卷,common,新课标全国Ⅱ卷,done,../papers/2015/历史/全国/新课标全国Ⅱ卷文综/2015_历史_新课标全国Ⅱ卷文综_原卷.pdf,../papers/2015/历史/全国/新课标全国Ⅱ卷文综/2015_历史_新课标全国Ⅱ卷文综_OCR与考点.md,,pypdf,8
2015,历史,青海,老高考,2025,全国卷,common,新课标全国Ⅱ卷,done,../papers/2015/历史/全国/新课标全国Ⅱ卷文综/2015_历史_新课标全国Ⅱ卷文综_原卷.pdf,../papers/2015/历史/全国/新课标全国Ⅱ卷文综/2015_历史_新课标全国Ⅱ卷文综_OCR与考点.md,,pypdf,8
2015,历史,宁夏,老高考,2025,全国卷,common,新课标全国Ⅱ卷,done,../papers/2015/历史/全国/新课标全国Ⅱ卷文综/2015_历史_新课标全国Ⅱ卷文综_原卷.pdf,../papers/2015/历史/全国/新课标全国Ⅱ卷文综/2015_历史_新课标全国Ⅱ卷文综_OCR与考点.md,,pypdf,8
2015,历史,新疆,老高考,,全国卷,common,新课标全国Ⅱ卷,done,../papers/2015/历史/全国/新课标全国Ⅱ卷文综/2015_历史_新课标全国Ⅱ卷文综_原卷.pdf,../papers/2015/历史/全国/新课标全国Ⅱ卷文综/2015_历史_新课标全国Ⅱ卷文综_OCR与考点.md,,pypdf,8
2015,地理,北京,老高考,2020,地方/区域卷,local,北京卷,done,../papers/2015/地理/北京/北京文综/2015_地理_北京文综_原卷.pdf,../papers/2015/地理/北京/北京文综/2015_地理_北京文综_OCR与考点.md,,pypdf,6
2015,地理,天津,老高考,2020,地方/区域卷,local,天津卷,done,../papers/2015/地理/天津/天津文综/2015_地理_天津文综_原卷.pdf,../papers/2015/地理/天津/天津文综/2015_地理_天津文综_OCR与考点.md,,pypdf,7
2015,地理,河北,老高考,2021,全国卷,common,新课标全国Ⅰ卷,done,../papers/2015/地理/全国/新课标全国Ⅰ卷文综/2015_地理_新课标全国Ⅰ卷文综_原卷.pdf,../papers/2015/地理/全国/新课标全国Ⅰ卷文综/2015_地理_新课标全国Ⅰ卷文综_OCR与考点.md,,pypdf,8
2015,地理,山西,老高考,2025,全国卷,common,新课标全国Ⅰ卷,done,../papers/2015/地理/全国/新课标全国Ⅰ卷文综/2015_地理_新课标全国Ⅰ卷文综_原卷.pdf,../papers/2015/地理/全国/新课标全国Ⅰ卷文综/2015_地理_新课标全国Ⅰ卷文综_OCR与考点.md,,pypdf,8
2015,地理,内蒙古,老高考,2025,全国卷,common,新课标全国Ⅱ卷,done,../papers/2015/地理/全国/新课标全国Ⅱ卷文综/2015_地理_新课标全国Ⅱ卷文综_原卷.pdf,../papers/2015/地理/全国/新课标全国Ⅱ卷文综/2015_地理_新课标全国Ⅱ卷文综_OCR与考点.md,,pypdf,7
2015,地理,辽宁,老高考,2021,全国卷,common,新课标全国Ⅱ卷,done,../papers/2015/地理/全国/新课标全国Ⅱ卷文综/2015_地理_新课标全国Ⅱ卷文综_原卷.pdf,../papers/2015/地理/全国/新课标全国Ⅱ卷文综/2015_地理_新课标全国Ⅱ卷文综_OCR与考点.md,,pypdf,7
2015,地理,吉林,老高考,2024,全国卷,common,新课标全国Ⅱ卷,done,../papers/2015/地理/全国/新课标全国Ⅱ卷文综/2015_地理_新课标全国Ⅱ卷文综_原卷.pdf,../papers/2015/地理/全国/新课标全国Ⅱ卷文综/2015_地理_新课标全国Ⅱ卷文综_OCR与考点.md,,pypdf,7
2015,地理,黑龙江,老高考,2024,全国卷,common,新课标全国Ⅱ卷,done,../papers/2015/地理/全国/新课标全国Ⅱ卷文综/2015_地理_新课标全国Ⅱ卷文综_原卷.pdf,../papers/2015/地理/全国/新课标全国Ⅱ卷文综/2015_地理_新课标全国Ⅱ卷文综_OCR与考点.md,,pypdf,7
2015,地理,上海,老高考,2017,地方/区域卷,local,上海卷,done,../papers/2015/地理/上海/上海文综/2015_地理_上海文综_原卷.pdf,../papers/2015/地理/上海/上海文综/2015_地理_上海文综_OCR与考点.md,,pypdf,14
2015,地理,江苏,老高考,2021,地方/区域卷,local,江苏卷,done,../papers/2015/地理/江苏/江苏文综/2015_地理_江苏文综_原卷.pdf,../papers/2015/地理/江苏/江苏文综/2015_地理_江苏文综_OCR与考点.md,,pypdf,20
2015,地理,浙江,老高考,2017,地方/区域卷,local,浙江卷,done,../papers/2015/地理/浙江/浙江文综/2015_地理_浙江文综_原卷.pdf,../papers/2015/地理/浙江/浙江文综/2015_地理_浙江文综_OCR与考点.md,,pypdf,7
2015,地理,安徽,老高考,2024,地方/区域卷,local,安徽卷,done,../papers/2015/地理/安徽/安徽文综/2015_地理_安徽文综_原卷.pdf,../papers/2015/地理/安徽/安徽文综/2015_地理_安徽文综_OCR与考点.md,,pypdf,5
2015,地理,福建,老高考,2021,地方/区域卷,local,福建卷,done,../papers/2015/地理/福建/福建文综/2015_地理_福建文综_原卷.pdf,../papers/2015/地理/福建/福建文综/2015_地理_福建文综_OCR与考点.md,,pypdf,4
2015,地理,江西,老高考,2024,全国卷,common,新课标全国Ⅰ卷,done,../papers/2015/地理/全国/新课标全国Ⅰ卷文综/2015_地理_新课标全国Ⅰ卷文综_原卷.pdf,../papers/2015/地理/全国/新课标全国Ⅰ卷文综/2015_地理_新课标全国Ⅰ卷文综_OCR与考点.md,,pypdf,8
2015,地理,山东,老高考,2020,地方/区域卷,local,山东卷,done,../papers/2015/地理/山东/山东文综/2015_地理_山东文综_原卷.pdf,../papers/2015/地理/山东/山东文综/2015_地理_山东文综_OCR与考点.md,,pypdf,8
2015,地理,河南,老高考,2025,全国卷,common,新课标全国Ⅰ卷,done,../papers/2015/地理/全国/新课标全国Ⅰ卷文综/2015_地理_新课标全国Ⅰ卷文综_原卷.pdf,../papers/2015/地理/全国/新课标全国Ⅰ卷文综/2015_地理_新课标全国Ⅰ卷文综_OCR与考点.md,,pypdf,8
2015,地理,湖北,老高考,2021,全国卷,common,新课标全国Ⅰ卷,done,../papers/2015/地理/全国/新课标全国Ⅰ卷文综/2015_地理_新课标全国Ⅰ卷文综_原卷.pdf,../papers/2015/地理/全国/新课标全国Ⅰ卷文综/2015_地理_新课标全国Ⅰ卷文综_OCR与考点.md,,pypdf,8
2015,地理,湖南,老高考,2021,全国卷,common,新课标全国Ⅰ卷,done,../papers/2015/地理/全国/新课标全国Ⅰ卷文综/2015_地理_新课标全国Ⅰ卷文综_原卷.pdf,../papers/2015/地理/全国/新课标全国Ⅰ卷文综/2015_地理_新课标全国Ⅰ卷文综_OCR与考点.md,,pypdf,8
2015,地理,广东,老高考,2021,地方/区域卷,local,广东卷,done,../papers/2015/地理/广东/广东文综/2015_地理_广东文综_原卷.pdf,../papers/2015/地理/广东/广东文综/2015_地理_广东文综_OCR与考点.md,,pypdf,5
2015,地理,广西,老高考,2024,全国卷,common,新课标全国Ⅱ卷,done,../papers/2015/地理/全国/新课标全国Ⅱ卷文综/2015_地理_新课标全国Ⅱ卷文综_原卷.pdf,../papers/2015/地理/全国/新课标全国Ⅱ卷文综/2015_地理_新课标全国Ⅱ卷文综_OCR与考点.md,,pypdf,7
2015,地理,海南,老高考,2020,地方/区域卷,local,海南卷,done,../papers/2015/地理/海南/海南文综/2015_地理_海南文综_原卷.pdf,../papers/2015/地理/海南/海南文综/2015_地理_海南文综_OCR与考点.md,,pypdf,8
2015,地理,重庆,老高考,2021,地方/区域卷,local,重庆卷,done,../papers/2015/地理/重庆/重庆文综/2015_地理_重庆文综_原卷.pdf,../papers/2015/地理/重庆/重庆文综/2015_地理_重庆文综_OCR与考点.md,,pypdf,6
2015,地理,四川,老高考,2025,地方/区域卷,local,四川卷,done,../papers/2015/地理/四川/四川文综/2015_地理_四川文综_原卷.pdf,../papers/2015/地理/四川/四川文综/2015_地理_四川文综_OCR与考点.md,,pypdf,6
2015,地理,贵州,老高考,2024,全国卷,common,新课标全国Ⅱ卷,done,../papers/2015/地理/全国/新课标全国Ⅱ卷文综/2015_地理_新课标全国Ⅱ卷文综_原卷.pdf,../papers/2015/地理/全国/新课标全国Ⅱ卷文综/2015_地理_新课标全国Ⅱ卷文综_OCR与考点.md,,pypdf,7
2015,地理,云南,老高考,2025,全国卷,common,新课标全国Ⅱ卷,done,../papers/2015/地理/全国/新课标全国Ⅱ卷文综/2015_地理_新课标全国Ⅱ卷文综_原卷.pdf,../papers/2015/地理/全国/新课标全国Ⅱ卷文综/2015_地理_新课标全国Ⅱ卷文综_OCR与考点.md,,pypdf,7
2015,地理,西藏,老高考,,全国卷,common,新课标全国Ⅱ卷,done,../papers/2015/地理/全国/新课标全国Ⅱ卷文综/2015_地理_新课标全国Ⅱ卷文综_原卷.pdf,../papers/2015/地理/全国/新课标全国Ⅱ卷文综/2015_地理_新课标全国Ⅱ卷文综_OCR与考点.md,,pypdf,7
2015,地理,陕西,老高考,2025,全国卷,common,新课标全国Ⅱ卷,done,../papers/2015/地理/全国/新课标全国Ⅱ卷文综/2015_地理_新课标全国Ⅱ卷文综_原卷.pdf,../papers/2015/地理/全国/新课标全国Ⅱ卷文综/2015_地理_新课标全国Ⅱ卷文综_OCR与考点.md,,pypdf,7
2015,地理,甘肃,老高考,2024,全国卷,common,新课标全国Ⅱ卷,done,../papers/2015/地理/全国/新课标全国Ⅱ卷文综/2015_地理_新课标全国Ⅱ卷文综_原卷.pdf,../papers/2015/地理/全国/新课标全国Ⅱ卷文综/2015_地理_新课标全国Ⅱ卷文综_OCR与考点.md,,pypdf,7
2015,地理,青海,老高考,2025,全国卷,common,新课标全国Ⅱ卷,done,../papers/2015/地理/全国/新课标全国Ⅱ卷文综/2015_地理_新课标全国Ⅱ卷文综_原卷.pdf,../papers/2015/地理/全国/新课标全国Ⅱ卷文综/2015_地理_新课标全国Ⅱ卷文综_OCR与考点.md,,pypdf,7
2015,地理,宁夏,老高考,2025,全国卷,common,新课标全国Ⅱ卷,done,../papers/2015/地理/全国/新课标全国Ⅱ卷文综/2015_地理_新课标全国Ⅱ卷文综_原卷.pdf,../papers/2015/地理/全国/新课标全国Ⅱ卷文综/2015_地理_新课标全国Ⅱ卷文综_OCR与考点.md,,pypdf,7
2015,地理,新疆,老高考,,全国卷,common,新课标全国Ⅱ卷,done,../papers/2015/地理/全国/新课标全国Ⅱ卷文综/2015_地理_新课标全国Ⅱ卷文综_原卷.pdf,../papers/2015/地理/全国/新课标全国Ⅱ卷文综/2015_地理_新课标全国Ⅱ卷文综_OCR与考点.md,,pypdf,7
2016,语文,北京,老高考,2020,地方/区域卷,local,北京卷,pdf_only,../papers/2016/语文/北京/北京卷/2016_语文_北京卷_原卷.pdf,,,,
2016,语文,天津,老高考,2020,地方/区域卷,local,天津卷,pdf_only,../papers/2016/语文/天津/天津卷/2016_语文_天津卷_原卷.pdf,,,,
2016,语文,河北,老高考,2021,全国卷,common,新课标全国Ⅰ卷,pdf_only,../papers/2016/语文/全国/新课标全国Ⅰ卷/2016_语文_新课标全国Ⅰ卷_原卷.pdf,,,,
2016,语文,山西,老高考,2025,全国卷,common,新课标全国Ⅰ卷,pdf_only,../papers/2016/语文/全国/新课标全国Ⅰ卷/2016_语文_新课标全国Ⅰ卷_原卷.pdf,,,,
2016,语文,内蒙古,老高考,2025,全国卷,common,新课标全国Ⅱ卷,pdf_only,../papers/2016/语文/全国/新课标全国Ⅱ卷/2016_语文_新课标全国Ⅱ卷_原卷.pdf,,,,
2016,语文,辽宁,老高考,2021,全国卷,common,新课标全国Ⅱ卷,pdf_only,../papers/2016/语文/全国/新课标全国Ⅱ卷/2016_语文_新课标全国Ⅱ卷_原卷.pdf,,,,
2016,语文,吉林,老高考,2024,全国卷,common,新课标全国Ⅱ卷,pdf_only,../papers/2016/语文/全国/新课标全国Ⅱ卷/2016_语文_新课标全国Ⅱ卷_原卷.pdf,,,,
2016,语文,黑龙江,老高考,2024,全国卷,common,新课标全国Ⅱ卷,pdf_only,../papers/2016/语文/全国/新课标全国Ⅱ卷/2016_语文_新课标全国Ⅱ卷_原卷.pdf,,,,
2016,语文,上海,老高考,2017,地方/区域卷,local,上海卷,pdf_only,../papers/2016/语文/上海/上海卷/2016_语文_上海卷_原卷.pdf,,,,
2016,语文,江苏,老高考,2021,地方/区域卷,local,江苏卷,done,../papers/2016/语文/江苏/江苏卷/2016_语文_江苏卷_原卷.pdf,../papers/2016/语文/江苏/江苏卷/2016_语文_江苏卷_OCR与考点.md,,rapidocr,7
2016,语文,浙江,老高考,2017,地方/区域卷,local,浙江卷,pdf_only,../papers/2016/语文/浙江/浙江卷/2016_语文_浙江卷_原卷.pdf,,,,
2016,语文,安徽,老高考,2024,全国卷,common,新课标全国Ⅰ卷,pdf_only,../papers/2016/语文/全国/新课标全国Ⅰ卷/2016_语文_新课标全国Ⅰ卷_原卷.pdf,,,,
2016,语文,福建,老高考,2021,全国卷,common,新课标全国Ⅰ卷,pdf_only,../papers/2016/语文/全国/新课标全国Ⅰ卷/2016_语文_新课标全国Ⅰ卷_原卷.pdf,,,,
2016,语文,江西,老高考,2024,全国卷,common,新课标全国Ⅰ卷,pdf_only,../papers/2016/语文/全国/新课标全国Ⅰ卷/2016_语文_新课标全国Ⅰ卷_原卷.pdf,,,,
2016,语文,山东,老高考,2020,地方/区域卷,local,山东卷,pdf_only,../papers/2016/语文/山东/山东卷/2016_语文_山东卷_原卷.pdf,,,,
2016,语文,河南,老高考,2025,全国卷,common,新课标全国Ⅰ卷,pdf_only,../papers/2016/语文/全国/新课标全国Ⅰ卷/2016_语文_新课标全国Ⅰ卷_原卷.pdf,,,,
2016,语文,湖北,老高考,2021,全国卷,common,新课标全国Ⅰ卷,pdf_only,../papers/2016/语文/全国/新课标全国Ⅰ卷/2016_语文_新课标全国Ⅰ卷_原卷.pdf,,,,
2016,语文,湖南,老高考,2021,全国卷,common,新课标全国Ⅰ卷,pdf_only,../papers/2016/语文/全国/新课标全国Ⅰ卷/2016_语文_新课标全国Ⅰ卷_原卷.pdf,,,,
2016,语文,广东,老高考,2021,全国卷,common,新课标全国Ⅰ卷,pdf_only,../papers/2016/语文/全国/新课标全国Ⅰ卷/2016_语文_新课标全国Ⅰ卷_原卷.pdf,,,,
2016,语文,广西,老高考,2024,全国卷,common,新课标全国Ⅲ卷,done,../papers/2016/语文/全国/新课标全国Ⅲ卷/2016_语文_新课标全国Ⅲ卷_原卷.pdf,../papers/2016/语文/全国/新课标全国Ⅲ卷/2016_语文_新课标全国Ⅲ卷_OCR与考点.md,,rapidocr,
2016,语文,海南,老高考,2020,全国卷,common,新课标全国Ⅱ卷,pdf_only,../papers/2016/语文/全国/新课标全国Ⅱ卷/2016_语文_新课标全国Ⅱ卷_原卷.pdf,,,,
2016,语文,重庆,老高考,2021,全国卷,common,新课标全国Ⅱ卷,pdf_only,../papers/2016/语文/全国/新课标全国Ⅱ卷/2016_语文_新课标全国Ⅱ卷_原卷.pdf,,,,
2016,语文,四川,老高考,2025,全国卷,common,新课标全国Ⅲ卷,done,../papers/2016/语文/全国/新课标全国Ⅲ卷/2016_语文_新课标全国Ⅲ卷_原卷.pdf,../papers/2016/语文/全国/新课标全国Ⅲ卷/2016_语文_新课标全国Ⅲ卷_OCR与考点.md,,rapidocr,
2016,语文,贵州,老高考,2024,全国卷,common,新课标全国Ⅲ卷,done,../papers/2016/语文/全国/新课标全国Ⅲ卷/2016_语文_新课标全国Ⅲ卷_原卷.pdf,../papers/2016/语文/全国/新课标全国Ⅲ卷/2016_语文_新课标全国Ⅲ卷_OCR与考点.md,,rapidocr,
2016,语文,云南,老高考,2025,全国卷,common,新课标全国Ⅲ卷,done,../papers/2016/语文/全国/新课标全国Ⅲ卷/2016_语文_新课标全国Ⅲ卷_原卷.pdf,../papers/2016/语文/全国/新课标全国Ⅲ卷/2016_语文_新课标全国Ⅲ卷_OCR与考点.md,,rapidocr,
2016,语文,西藏,老高考,,全国卷,common,新课标全国Ⅱ卷,pdf_only,../papers/2016/语文/全国/新课标全国Ⅱ卷/2016_语文_新课标全国Ⅱ卷_原卷.pdf,,,,
2016,语文,陕西,老高考,2025,全国卷,common,新课标全国Ⅱ卷,pdf_only,../papers/2016/语文/全国/新课标全国Ⅱ卷/2016_语文_新课标全国Ⅱ卷_原卷.pdf,,,,
2016,语文,甘肃,老高考,2024,全国卷,common,新课标全国Ⅱ卷,pdf_only,../papers/2016/语文/全国/新课标全国Ⅱ卷/2016_语文_新课标全国Ⅱ卷_原卷.pdf,,,,
2016,语文,青海,老高考,2025,全国卷,common,新课标全国Ⅱ卷,pdf_only,../papers/2016/语文/全国/新课标全国Ⅱ卷/2016_语文_新课标全国Ⅱ卷_原卷.pdf,,,,
2016,语文,宁夏,老高考,2025,全国卷,common,新课标全国Ⅱ卷,pdf_only,../papers/2016/语文/全国/新课标全国Ⅱ卷/2016_语文_新课标全国Ⅱ卷_原卷.pdf,,,,
2016,语文,新疆,老高考,,全国卷,common,新课标全国Ⅱ卷,pdf_only,../papers/2016/语文/全国/新课标全国Ⅱ卷/2016_语文_新课标全国Ⅱ卷_原卷.pdf,,,,
2016,数学,北京,老高考,2020,地方/区域卷,local,北京卷,done,../papers/2016/数学/北京/北京卷/2016_数学_北京卷_原卷.pdf,../papers/2016/数学/北京/北京卷/2016_数学_北京卷_OCR与考点.md,,pypdf,5
2016,数学,天津,老高考,2020,地方/区域卷,local,天津卷,done,../papers/2016/数学/天津/天津卷/2016_数学_天津卷_原卷.pdf,../papers/2016/数学/天津/天津卷/2016_数学_天津卷_OCR与考点.md,,pypdf,4
2016,数学,河北,老高考,2021,全国卷,common,新课标全国Ⅰ卷,done,../papers/2016/数学/全国/新课标全国Ⅰ卷/2016_数学_新课标全国Ⅰ卷_原卷.pdf,../papers/2016/数学/全国/新课标全国Ⅰ卷/2016_数学_新课标全国Ⅰ卷_OCR与考点.md,,pypdf,8
2016,数学,山西,老高考,2025,全国卷,common,新课标全国Ⅰ卷,done,../papers/2016/数学/全国/新课标全国Ⅰ卷/2016_数学_新课标全国Ⅰ卷_原卷.pdf,../papers/2016/数学/全国/新课标全国Ⅰ卷/2016_数学_新课标全国Ⅰ卷_OCR与考点.md,,pypdf,8
2016,数学,内蒙古,老高考,2025,全国卷,common,新课标全国Ⅱ卷,done,../papers/2016/数学/全国/新课标全国Ⅱ卷/2016_数学_新课标全国Ⅱ卷_原卷.pdf,../papers/2016/数学/全国/新课标全国Ⅱ卷/2016_数学_新课标全国Ⅱ卷_OCR与考点.md,,pypdf,6
2016,数学,辽宁,老高考,2021,全国卷,common,新课标全国Ⅱ卷,done,../papers/2016/数学/全国/新课标全国Ⅱ卷/2016_数学_新课标全国Ⅱ卷_原卷.pdf,../papers/2016/数学/全国/新课标全国Ⅱ卷/2016_数学_新课标全国Ⅱ卷_OCR与考点.md,,pypdf,6
2016,数学,吉林,老高考,2024,全国卷,common,新课标全国Ⅱ卷,done,../papers/2016/数学/全国/新课标全国Ⅱ卷/2016_数学_新课标全国Ⅱ卷_原卷.pdf,../papers/2016/数学/全国/新课标全国Ⅱ卷/2016_数学_新课标全国Ⅱ卷_OCR与考点.md,,pypdf,6
2016,数学,黑龙江,老高考,2024,全国卷,common,新课标全国Ⅱ卷,done,../papers/2016/数学/全国/新课标全国Ⅱ卷/2016_数学_新课标全国Ⅱ卷_原卷.pdf,../papers/2016/数学/全国/新课标全国Ⅱ卷/2016_数学_新课标全国Ⅱ卷_OCR与考点.md,,pypdf,6
2016,数学,上海,老高考,2017,地方/区域卷,local,上海卷,done,../papers/2016/数学/上海/上海卷/2016_数学_上海卷_原卷.pdf,../papers/2016/数学/上海/上海卷/2016_数学_上海卷_OCR与考点.md,,pypdf,6
2016,数学,江苏,老高考,2021,地方/区域卷,local,江苏卷,done,../papers/2016/数学/江苏/江苏卷/2016_数学_江苏卷_原卷.pdf,../papers/2016/数学/江苏/江苏卷/2016_数学_江苏卷_OCR与考点.md,,pypdf,5
2016,数学,浙江,老高考,2017,地方/区域卷,local,浙江卷,done,../papers/2016/数学/浙江/浙江卷/2016_数学_浙江卷_原卷.pdf,../papers/2016/数学/浙江/浙江卷/2016_数学_浙江卷_OCR与考点.md,,pypdf,3
2016,数学,安徽,老高考,2024,全国卷,common,新课标全国Ⅰ卷,done,../papers/2016/数学/全国/新课标全国Ⅰ卷/2016_数学_新课标全国Ⅰ卷_原卷.pdf,../papers/2016/数学/全国/新课标全国Ⅰ卷/2016_数学_新课标全国Ⅰ卷_OCR与考点.md,,pypdf,8
2016,数学,福建,老高考,2021,全国卷,common,新课标全国Ⅰ卷,done,../papers/2016/数学/全国/新课标全国Ⅰ卷/2016_数学_新课标全国Ⅰ卷_原卷.pdf,../papers/2016/数学/全国/新课标全国Ⅰ卷/2016_数学_新课标全国Ⅰ卷_OCR与考点.md,,pypdf,8
2016,数学,江西,老高考,2024,全国卷,common,新课标全国Ⅰ卷,done,../papers/2016/数学/全国/新课标全国Ⅰ卷/2016_数学_新课标全国Ⅰ卷_原卷.pdf,../papers/2016/数学/全国/新课标全国Ⅰ卷/2016_数学_新课标全国Ⅰ卷_OCR与考点.md,,pypdf,8
2016,数学,山东,老高考,2020,地方/区域卷,local,山东卷,done,../papers/2016/数学/山东/山东卷/2016_数学_山东卷_原卷.pdf,../papers/2016/数学/山东/山东卷/2016_数学_山东卷_OCR与考点.md,,pypdf,7
2016,数学,河南,老高考,2025,全国卷,common,新课标全国Ⅰ卷,done,../papers/2016/数学/全国/新课标全国Ⅰ卷/2016_数学_新课标全国Ⅰ卷_原卷.pdf,../papers/2016/数学/全国/新课标全国Ⅰ卷/2016_数学_新课标全国Ⅰ卷_OCR与考点.md,,pypdf,8
2016,数学,湖北,老高考,2021,全国卷,common,新课标全国Ⅰ卷,done,../papers/2016/数学/全国/新课标全国Ⅰ卷/2016_数学_新课标全国Ⅰ卷_原卷.pdf,../papers/2016/数学/全国/新课标全国Ⅰ卷/2016_数学_新课标全国Ⅰ卷_OCR与考点.md,,pypdf,8
2016,数学,湖南,老高考,2021,全国卷,common,新课标全国Ⅰ卷,done,../papers/2016/数学/全国/新课标全国Ⅰ卷/2016_数学_新课标全国Ⅰ卷_原卷.pdf,../papers/2016/数学/全国/新课标全国Ⅰ卷/2016_数学_新课标全国Ⅰ卷_OCR与考点.md,,pypdf,8
2016,数学,广东,老高考,2021,全国卷,common,新课标全国Ⅰ卷,done,../papers/2016/数学/全国/新课标全国Ⅰ卷/2016_数学_新课标全国Ⅰ卷_原卷.pdf,../papers/2016/数学/全国/新课标全国Ⅰ卷/2016_数学_新课标全国Ⅰ卷_OCR与考点.md,,pypdf,8
2016,数学,广西,老高考,2024,全国卷,common,新课标全国Ⅲ卷,done,../papers/2016/数学/全国/新课标全国Ⅲ卷/2016_数学_新课标全国Ⅲ卷_原卷.pdf,../papers/2016/数学/全国/新课标全国Ⅲ卷/2016_数学_新课标全国Ⅲ卷_OCR与考点.md,,pypdf,7
2016,数学,海南,老高考,2020,全国卷,common,新课标全国Ⅱ卷,done,../papers/2016/数学/全国/新课标全国Ⅱ卷/2016_数学_新课标全国Ⅱ卷_原卷.pdf,../papers/2016/数学/全国/新课标全国Ⅱ卷/2016_数学_新课标全国Ⅱ卷_OCR与考点.md,,pypdf,6
2016,数学,重庆,老高考,2021,全国卷,common,新课标全国Ⅱ卷,done,../papers/2016/数学/全国/新课标全国Ⅱ卷/2016_数学_新课标全国Ⅱ卷_原卷.pdf,../papers/2016/数学/全国/新课标全国Ⅱ卷/2016_数学_新课标全国Ⅱ卷_OCR与考点.md,,pypdf,6
2016,数学,四川,老高考,2025,地方/区域卷,local,四川卷,done,../papers/2016/数学/四川/四川卷/2016_数学_四川卷_原卷.pdf,../papers/2016/数学/四川/四川卷/2016_数学_四川卷_OCR与考点.md,,pypdf,
2016,数学,贵州,老高考,2024,全国卷,common,新课标全国Ⅲ卷,done,../papers/2016/数学/全国/新课标全国Ⅲ卷/2016_数学_新课标全国Ⅲ卷_原卷.pdf,../papers/2016/数学/全国/新课标全国Ⅲ卷/2016_数学_新课标全国Ⅲ卷_OCR与考点.md,,pypdf,7
2016,数学,云南,老高考,2025,全国卷,common,新课标全国Ⅲ卷,done,../papers/2016/数学/全国/新课标全国Ⅲ卷/2016_数学_新课标全国Ⅲ卷_原卷.pdf,../papers/2016/数学/全国/新课标全国Ⅲ卷/2016_数学_新课标全国Ⅲ卷_OCR与考点.md,,pypdf,7
2016,数学,西藏,老高考,,全国卷,common,新课标全国Ⅱ卷,done,../papers/2016/数学/全国/新课标全国Ⅱ卷/2016_数学_新课标全国Ⅱ卷_原卷.pdf,../papers/2016/数学/全国/新课标全国Ⅱ卷/2016_数学_新课标全国Ⅱ卷_OCR与考点.md,,pypdf,6
2016,数学,陕西,老高考,2025,全国卷,common,新课标全国Ⅱ卷,done,../papers/2016/数学/全国/新课标全国Ⅱ卷/2016_数学_新课标全国Ⅱ卷_原卷.pdf,../papers/2016/数学/全国/新课标全国Ⅱ卷/2016_数学_新课标全国Ⅱ卷_OCR与考点.md,,pypdf,6
2016,数学,甘肃,老高考,2024,全国卷,common,新课标全国Ⅱ卷,done,../papers/2016/数学/全国/新课标全国Ⅱ卷/2016_数学_新课标全国Ⅱ卷_原卷.pdf,../papers/2016/数学/全国/新课标全国Ⅱ卷/2016_数学_新课标全国Ⅱ卷_OCR与考点.md,,pypdf,6
2016,数学,青海,老高考,2025,全国卷,common,新课标全国Ⅱ卷,done,../papers/2016/数学/全国/新课标全国Ⅱ卷/2016_数学_新课标全国Ⅱ卷_原卷.pdf,../papers/2016/数学/全国/新课标全国Ⅱ卷/2016_数学_新课标全国Ⅱ卷_OCR与考点.md,,pypdf,6
2016,数学,宁夏,老高考,2025,全国卷,common,新课标全国Ⅱ卷,done,../papers/2016/数学/全国/新课标全国Ⅱ卷/2016_数学_新课标全国Ⅱ卷_原卷.pdf,../papers/2016/数学/全国/新课标全国Ⅱ卷/2016_数学_新课标全国Ⅱ卷_OCR与考点.md,,pypdf,6
2016,数学,新疆,老高考,,全国卷,common,新课标全国Ⅱ卷,done,../papers/2016/数学/全国/新课标全国Ⅱ卷/2016_数学_新课标全国Ⅱ卷_原卷.pdf,../papers/2016/数学/全国/新课标全国Ⅱ卷/2016_数学_新课标全国Ⅱ卷_OCR与考点.md,,pypdf,6
2016,英语,北京,老高考,2020,地方/区域卷,local,北京卷,done,../papers/2016/英语/北京/北京卷/2016_英语_北京卷_原卷.pdf,../papers/2016/英语/北京/北京卷/2016_英语_北京卷_OCR与考点.md,../papers/2016/英语/北京/北京卷/2016_英语_北京卷_听力.mp3,pypdf,15
2016,英语,天津,老高考,2020,地方/区域卷,local,天津卷,done,../papers/2016/英语/天津/天津卷/2016_英语_天津卷_原卷.pdf,../papers/2016/英语/天津/天津卷/2016_英语_天津卷_OCR与考点.md,,pypdf,13
2016,英语,河北,老高考,2021,全国卷,common,新课标全国Ⅰ卷,done,../papers/2016/英语/全国/新课标全国Ⅰ卷/2016_英语_新课标全国Ⅰ卷_原卷.pdf,../papers/2016/英语/全国/新课标全国Ⅰ卷/2016_英语_新课标全国Ⅰ卷_OCR与考点.md,../papers/2016/英语/全国/新课标全国Ⅰ卷/2016_英语_新课标全国Ⅰ卷_听力.mp3,pypdf,12
2016,英语,山西,老高考,2025,全国卷,common,新课标全国Ⅰ卷,done,../papers/2016/英语/全国/新课标全国Ⅰ卷/2016_英语_新课标全国Ⅰ卷_原卷.pdf,../papers/2016/英语/全国/新课标全国Ⅰ卷/2016_英语_新课标全国Ⅰ卷_OCR与考点.md,../papers/2016/英语/全国/新课标全国Ⅰ卷/2016_英语_新课标全国Ⅰ卷_听力.mp3,pypdf,12
2016,英语,内蒙古,老高考,2025,全国卷,common,新课标全国Ⅱ卷,done,../papers/2016/英语/全国/新课标全国Ⅱ卷/2016_英语_新课标全国Ⅱ卷_原卷.pdf,../papers/2016/英语/全国/新课标全国Ⅱ卷/2016_英语_新课标全国Ⅱ卷_OCR与考点.md,../papers/2016/英语/全国/新课标全国Ⅱ卷/2016_英语_新课标全国Ⅱ卷_听力.mp3,pypdf,13
2016,英语,辽宁,老高考,2021,全国卷,common,新课标全国Ⅱ卷,done,../papers/2016/英语/全国/新课标全国Ⅱ卷/2016_英语_新课标全国Ⅱ卷_原卷.pdf,../papers/2016/英语/全国/新课标全国Ⅱ卷/2016_英语_新课标全国Ⅱ卷_OCR与考点.md,../papers/2016/英语/全国/新课标全国Ⅱ卷/2016_英语_新课标全国Ⅱ卷_听力.mp3,pypdf,13
2016,英语,吉林,老高考,2024,全国卷,common,新课标全国Ⅱ卷,done,../papers/2016/英语/全国/新课标全国Ⅱ卷/2016_英语_新课标全国Ⅱ卷_原卷.pdf,../papers/2016/英语/全国/新课标全国Ⅱ卷/2016_英语_新课标全国Ⅱ卷_OCR与考点.md,../papers/2016/英语/全国/新课标全国Ⅱ卷/2016_英语_新课标全国Ⅱ卷_听力.mp3,pypdf,13
2016,英语,黑龙江,老高考,2024,全国卷,common,新课标全国Ⅱ卷,done,../papers/2016/英语/全国/新课标全国Ⅱ卷/2016_英语_新课标全国Ⅱ卷_原卷.pdf,../papers/2016/英语/全国/新课标全国Ⅱ卷/2016_英语_新课标全国Ⅱ卷_OCR与考点.md,../papers/2016/英语/全国/新课标全国Ⅱ卷/2016_英语_新课标全国Ⅱ卷_听力.mp3,pypdf,13
2016,英语,上海,老高考,2017,地方/区域卷,local,上海卷,done,../papers/2016/英语/上海/上海卷/2016_英语_上海卷_原卷.pdf,../papers/2016/英语/上海/上海卷/2016_英语_上海卷_OCR与考点.md,../papers/2016/英语/上海/上海卷/2016_英语_上海卷_听力.mp3,pypdf,11
2016,英语,江苏,老高考,2021,地方/区域卷,local,江苏卷,done,../papers/2016/英语/江苏/江苏卷/2016_英语_江苏卷_原卷.pdf,../papers/2016/英语/江苏/江苏卷/2016_英语_江苏卷_OCR与考点.md,../papers/2016/英语/江苏/江苏卷/2016_英语_江苏卷_听力.mp3,pypdf,17
2016,英语,浙江,老高考,2017,地方/区域卷,local,浙江卷,done,../papers/2016/英语/浙江/浙江卷/2016_英语_浙江卷_原卷.pdf,../papers/2016/英语/浙江/浙江卷/2016_英语_浙江卷_OCR与考点.md,../papers/2016/英语/浙江/浙江卷/2016_英语_浙江卷_听力.mp3,pypdf,16
2016,英语,安徽,老高考,2024,全国卷,common,新课标全国Ⅰ卷,done,../papers/2016/英语/全国/新课标全国Ⅰ卷/2016_英语_新课标全国Ⅰ卷_原卷.pdf,../papers/2016/英语/全国/新课标全国Ⅰ卷/2016_英语_新课标全国Ⅰ卷_OCR与考点.md,../papers/2016/英语/全国/新课标全国Ⅰ卷/2016_英语_新课标全国Ⅰ卷_听力.mp3,pypdf,12
2016,英语,福建,老高考,2021,全国卷,common,新课标全国Ⅰ卷,done,../papers/2016/英语/全国/新课标全国Ⅰ卷/2016_英语_新课标全国Ⅰ卷_原卷.pdf,../papers/2016/英语/全国/新课标全国Ⅰ卷/2016_英语_新课标全国Ⅰ卷_OCR与考点.md,../papers/2016/英语/全国/新课标全国Ⅰ卷/2016_英语_新课标全国Ⅰ卷_听力.mp3,pypdf,12
2016,英语,江西,老高考,2024,全国卷,common,新课标全国Ⅰ卷,done,../papers/2016/英语/全国/新课标全国Ⅰ卷/2016_英语_新课标全国Ⅰ卷_原卷.pdf,../papers/2016/英语/全国/新课标全国Ⅰ卷/2016_英语_新课标全国Ⅰ卷_OCR与考点.md,../papers/2016/英语/全国/新课标全国Ⅰ卷/2016_英语_新课标全国Ⅰ卷_听力.mp3,pypdf,12
2016,英语,山东,老高考,2020,全国卷,common,新课标全国Ⅰ卷,done,../papers/2016/英语/全国/新课标全国Ⅰ卷/2016_英语_新课标全国Ⅰ卷_原卷.pdf,../papers/2016/英语/全国/新课标全国Ⅰ卷/2016_英语_新课标全国Ⅰ卷_OCR与考点.md,../papers/2016/英语/全国/新课标全国Ⅰ卷/2016_英语_新课标全国Ⅰ卷_听力.mp3,pypdf,12
2016,英语,河南,老高考,2025,全国卷,common,新课标全国Ⅰ卷,done,../papers/2016/英语/全国/新课标全国Ⅰ卷/2016_英语_新课标全国Ⅰ卷_原卷.pdf,../papers/2016/英语/全国/新课标全国Ⅰ卷/2016_英语_新课标全国Ⅰ卷_OCR与考点.md,../papers/2016/英语/全国/新课标全国Ⅰ卷/2016_英语_新课标全国Ⅰ卷_听力.mp3,pypdf,12
2016,英语,湖北,老高考,2021,全国卷,common,新课标全国Ⅰ卷,done,../papers/2016/英语/全国/新课标全国Ⅰ卷/2016_英语_新课标全国Ⅰ卷_原卷.pdf,../papers/2016/英语/全国/新课标全国Ⅰ卷/2016_英语_新课标全国Ⅰ卷_OCR与考点.md,../papers/2016/英语/全国/新课标全国Ⅰ卷/2016_英语_新课标全国Ⅰ卷_听力.mp3,pypdf,12
2016,英语,湖南,老高考,2021,全国卷,common,新课标全国Ⅰ卷,done,../papers/2016/英语/全国/新课标全国Ⅰ卷/2016_英语_新课标全国Ⅰ卷_原卷.pdf,../papers/2016/英语/全国/新课标全国Ⅰ卷/2016_英语_新课标全国Ⅰ卷_OCR与考点.md,../papers/2016/英语/全国/新课标全国Ⅰ卷/2016_英语_新课标全国Ⅰ卷_听力.mp3,pypdf,12
2016,英语,广东,老高考,2021,全国卷,common,新课标全国Ⅰ卷,done,../papers/2016/英语/全国/新课标全国Ⅰ卷/2016_英语_新课标全国Ⅰ卷_原卷.pdf,../papers/2016/英语/全国/新课标全国Ⅰ卷/2016_英语_新课标全国Ⅰ卷_OCR与考点.md,../papers/2016/英语/全国/新课标全国Ⅰ卷/2016_英语_新课标全国Ⅰ卷_听力.mp3,pypdf,12
2016,英语,广西,老高考,2024,全国卷,common,新课标全国Ⅲ卷,done,../papers/2016/英语/全国/新课标全国Ⅲ卷/2016_英语_新课标全国Ⅲ卷_原卷.pdf,../papers/2016/英语/全国/新课标全国Ⅲ卷/2016_英语_新课标全国Ⅲ卷_OCR与考点.md,../papers/2016/英语/全国/新课标全国Ⅲ卷/2016_英语_新课标全国Ⅲ卷_听力.mp3,pypdf,12
2016,英语,海南,老高考,2020,全国卷,common,新课标全国Ⅱ卷,done,../papers/2016/英语/全国/新课标全国Ⅱ卷/2016_英语_新课标全国Ⅱ卷_原卷.pdf,../papers/2016/英语/全国/新课标全国Ⅱ卷/2016_英语_新课标全国Ⅱ卷_OCR与考点.md,../papers/2016/英语/全国/新课标全国Ⅱ卷/2016_英语_新课标全国Ⅱ卷_听力.mp3,pypdf,13
2016,英语,重庆,老高考,2021,全国卷,common,新课标全国Ⅱ卷,done,../papers/2016/英语/全国/新课标全国Ⅱ卷/2016_英语_新课标全国Ⅱ卷_原卷.pdf,../papers/2016/英语/全国/新课标全国Ⅱ卷/2016_英语_新课标全国Ⅱ卷_OCR与考点.md,../papers/2016/英语/全国/新课标全国Ⅱ卷/2016_英语_新课标全国Ⅱ卷_听力.mp3,pypdf,13
2016,英语,四川,老高考,2025,地方/区域卷,local,四川卷,done,../papers/2016/英语/四川/四川卷/2016_英语_四川卷_原卷.pdf,../papers/2016/英语/四川/四川卷/2016_英语_四川卷_OCR与考点.md,../papers/2016/英语/四川/四川卷/2016_英语_四川卷_听力.mp3,pypdf,
2016,英语,贵州,老高考,2024,全国卷,common,新课标全国Ⅲ卷,done,../papers/2016/英语/全国/新课标全国Ⅲ卷/2016_英语_新课标全国Ⅲ卷_原卷.pdf,../papers/2016/英语/全国/新课标全国Ⅲ卷/2016_英语_新课标全国Ⅲ卷_OCR与考点.md,../papers/2016/英语/全国/新课标全国Ⅲ卷/2016_英语_新课标全国Ⅲ卷_听力.mp3,pypdf,12
2016,英语,云南,老高考,2025,全国卷,common,新课标全国Ⅲ卷,done,../papers/2016/英语/全国/新课标全国Ⅲ卷/2016_英语_新课标全国Ⅲ卷_原卷.pdf,../papers/2016/英语/全国/新课标全国Ⅲ卷/2016_英语_新课标全国Ⅲ卷_OCR与考点.md,../papers/2016/英语/全国/新课标全国Ⅲ卷/2016_英语_新课标全国Ⅲ卷_听力.mp3,pypdf,12
2016,英语,西藏,老高考,,全国卷,common,新课标全国Ⅱ卷,done,../papers/2016/英语/全国/新课标全国Ⅱ卷/2016_英语_新课标全国Ⅱ卷_原卷.pdf,../papers/2016/英语/全国/新课标全国Ⅱ卷/2016_英语_新课标全国Ⅱ卷_OCR与考点.md,../papers/2016/英语/全国/新课标全国Ⅱ卷/2016_英语_新课标全国Ⅱ卷_听力.mp3,pypdf,13
2016,英语,陕西,老高考,2025,全国卷,common,新课标全国Ⅱ卷,done,../papers/2016/英语/全国/新课标全国Ⅱ卷/2016_英语_新课标全国Ⅱ卷_原卷.pdf,../papers/2016/英语/全国/新课标全国Ⅱ卷/2016_英语_新课标全国Ⅱ卷_OCR与考点.md,../papers/2016/英语/全国/新课标全国Ⅱ卷/2016_英语_新课标全国Ⅱ卷_听力.mp3,pypdf,13
2016,英语,甘肃,老高考,2024,全国卷,common,新课标全国Ⅱ卷,done,../papers/2016/英语/全国/新课标全国Ⅱ卷/2016_英语_新课标全国Ⅱ卷_原卷.pdf,../papers/2016/英语/全国/新课标全国Ⅱ卷/2016_英语_新课标全国Ⅱ卷_OCR与考点.md,../papers/2016/英语/全国/新课标全国Ⅱ卷/2016_英语_新课标全国Ⅱ卷_听力.mp3,pypdf,13
2016,英语,青海,老高考,2025,全国卷,common,新课标全国Ⅱ卷,done,../papers/2016/英语/全国/新课标全国Ⅱ卷/2016_英语_新课标全国Ⅱ卷_原卷.pdf,../papers/2016/英语/全国/新课标全国Ⅱ卷/2016_英语_新课标全国Ⅱ卷_OCR与考点.md,../papers/2016/英语/全国/新课标全国Ⅱ卷/2016_英语_新课标全国Ⅱ卷_听力.mp3,pypdf,13
2016,英语,宁夏,老高考,2025,全国卷,common,新课标全国Ⅱ卷,done,../papers/2016/英语/全国/新课标全国Ⅱ卷/2016_英语_新课标全国Ⅱ卷_原卷.pdf,../papers/2016/英语/全国/新课标全国Ⅱ卷/2016_英语_新课标全国Ⅱ卷_OCR与考点.md,../papers/2016/英语/全国/新课标全国Ⅱ卷/2016_英语_新课标全国Ⅱ卷_听力.mp3,pypdf,13
2016,英语,新疆,老高考,,全国卷,common,新课标全国Ⅱ卷,done,../papers/2016/英语/全国/新课标全国Ⅱ卷/2016_英语_新课标全国Ⅱ卷_原卷.pdf,../papers/2016/英语/全国/新课标全国Ⅱ卷/2016_英语_新课标全国Ⅱ卷_OCR与考点.md,../papers/2016/英语/全国/新课标全国Ⅱ卷/2016_英语_新课标全国Ⅱ卷_听力.mp3,pypdf,13
2016,物理,北京,老高考,2020,地方/区域卷,local,北京卷,done,../papers/2016/物理/北京/北京理综/2016_物理_北京理综_原卷.pdf,../papers/2016/物理/北京/北京理综/2016_物理_北京理综_OCR与考点.md,,pypdf,7
2016,物理,天津,老高考,2020,地方/区域卷,local,天津卷,done,../papers/2016/物理/天津/天津理综/2016_物理_天津理综_原卷.pdf,../papers/2016/物理/天津/天津理综/2016_物理_天津理综_OCR与考点.md,,pypdf,7
2016,物理,河北,老高考,2021,全国卷,common,新课标全国Ⅰ卷,done,../papers/2016/物理/全国/新课标全国Ⅰ卷理综/2016_物理_新课标全国Ⅰ卷理综_原卷.pdf,../papers/2016/物理/全国/新课标全国Ⅰ卷理综/2016_物理_新课标全国Ⅰ卷理综_OCR与考点.md,,pypdf,9
2016,物理,山西,老高考,2025,全国卷,common,新课标全国Ⅰ卷,done,../papers/2016/物理/全国/新课标全国Ⅰ卷理综/2016_物理_新课标全国Ⅰ卷理综_原卷.pdf,../papers/2016/物理/全国/新课标全国Ⅰ卷理综/2016_物理_新课标全国Ⅰ卷理综_OCR与考点.md,,pypdf,9
2016,物理,内蒙古,老高考,2025,全国卷,common,新课标全国Ⅱ卷,done,../papers/2016/物理/全国/新课标全国Ⅱ卷理综/2016_物理_新课标全国Ⅱ卷理综_原卷.pdf,../papers/2016/物理/全国/新课标全国Ⅱ卷理综/2016_物理_新课标全国Ⅱ卷理综_OCR与考点.md,,pypdf,9
2016,物理,辽宁,老高考,2021,全国卷,common,新课标全国Ⅱ卷,done,../papers/2016/物理/全国/新课标全国Ⅱ卷理综/2016_物理_新课标全国Ⅱ卷理综_原卷.pdf,../papers/2016/物理/全国/新课标全国Ⅱ卷理综/2016_物理_新课标全国Ⅱ卷理综_OCR与考点.md,,pypdf,9
2016,物理,吉林,老高考,2024,全国卷,common,新课标全国Ⅱ卷,done,../papers/2016/物理/全国/新课标全国Ⅱ卷理综/2016_物理_新课标全国Ⅱ卷理综_原卷.pdf,../papers/2016/物理/全国/新课标全国Ⅱ卷理综/2016_物理_新课标全国Ⅱ卷理综_OCR与考点.md,,pypdf,9
2016,物理,黑龙江,老高考,2024,全国卷,common,新课标全国Ⅱ卷,done,../papers/2016/物理/全国/新课标全国Ⅱ卷理综/2016_物理_新课标全国Ⅱ卷理综_原卷.pdf,../papers/2016/物理/全国/新课标全国Ⅱ卷理综/2016_物理_新课标全国Ⅱ卷理综_OCR与考点.md,,pypdf,9
2016,物理,上海,老高考,2017,地方/区域卷,local,上海卷,done,../papers/2016/物理/上海/上海理综/2016_物理_上海理综_原卷.pdf,../papers/2016/物理/上海/上海理综/2016_物理_上海理综_OCR与考点.md,,pypdf,14
2016,物理,江苏,老高考,2021,地方/区域卷,local,江苏卷,done,../papers/2016/物理/江苏/江苏理综/2016_物理_江苏理综_原卷.pdf,../papers/2016/物理/江苏/江苏理综/2016_物理_江苏理综_OCR与考点.md,,pypdf,9
2016,物理,浙江,老高考,2017,地方/区域卷,local,浙江卷,done,../papers/2016/物理/浙江/浙江理综/2016_物理_浙江理综_原卷.pdf,../papers/2016/物理/浙江/浙江理综/2016_物理_浙江理综_OCR与考点.md,,pypdf,9
2016,物理,安徽,老高考,2024,全国卷,common,新课标全国Ⅰ卷,done,../papers/2016/物理/全国/新课标全国Ⅰ卷理综/2016_物理_新课标全国Ⅰ卷理综_原卷.pdf,../papers/2016/物理/全国/新课标全国Ⅰ卷理综/2016_物理_新课标全国Ⅰ卷理综_OCR与考点.md,,pypdf,9
2016,物理,福建,老高考,2021,全国卷,common,新课标全国Ⅰ卷,done,../papers/2016/物理/全国/新课标全国Ⅰ卷理综/2016_物理_新课标全国Ⅰ卷理综_原卷.pdf,../papers/2016/物理/全国/新课标全国Ⅰ卷理综/2016_物理_新课标全国Ⅰ卷理综_OCR与考点.md,,pypdf,9
2016,物理,江西,老高考,2024,全国卷,common,新课标全国Ⅰ卷,done,../papers/2016/物理/全国/新课标全国Ⅰ卷理综/2016_物理_新课标全国Ⅰ卷理综_原卷.pdf,../papers/2016/物理/全国/新课标全国Ⅰ卷理综/2016_物理_新课标全国Ⅰ卷理综_OCR与考点.md,,pypdf,9
2016,物理,山东,老高考,2020,全国卷,common,新课标全国Ⅰ卷,done,../papers/2016/物理/全国/新课标全国Ⅰ卷理综/2016_物理_新课标全国Ⅰ卷理综_原卷.pdf,../papers/2016/物理/全国/新课标全国Ⅰ卷理综/2016_物理_新课标全国Ⅰ卷理综_OCR与考点.md,,pypdf,9
2016,物理,河南,老高考,2025,全国卷,common,新课标全国Ⅰ卷,done,../papers/2016/物理/全国/新课标全国Ⅰ卷理综/2016_物理_新课标全国Ⅰ卷理综_原卷.pdf,../papers/2016/物理/全国/新课标全国Ⅰ卷理综/2016_物理_新课标全国Ⅰ卷理综_OCR与考点.md,,pypdf,9
2016,物理,湖北,老高考,2021,全国卷,common,新课标全国Ⅰ卷,done,../papers/2016/物理/全国/新课标全国Ⅰ卷理综/2016_物理_新课标全国Ⅰ卷理综_原卷.pdf,../papers/2016/物理/全国/新课标全国Ⅰ卷理综/2016_物理_新课标全国Ⅰ卷理综_OCR与考点.md,,pypdf,9
2016,物理,湖南,老高考,2021,全国卷,common,新课标全国Ⅰ卷,done,../papers/2016/物理/全国/新课标全国Ⅰ卷理综/2016_物理_新课标全国Ⅰ卷理综_原卷.pdf,../papers/2016/物理/全国/新课标全国Ⅰ卷理综/2016_物理_新课标全国Ⅰ卷理综_OCR与考点.md,,pypdf,9
2016,物理,广东,老高考,2021,全国卷,common,新课标全国Ⅰ卷,done,../papers/2016/物理/全国/新课标全国Ⅰ卷理综/2016_物理_新课标全国Ⅰ卷理综_原卷.pdf,../papers/2016/物理/全国/新课标全国Ⅰ卷理综/2016_物理_新课标全国Ⅰ卷理综_OCR与考点.md,,pypdf,9
2016,物理,广西,老高考,2024,全国卷,common,新课标全国Ⅲ卷,done,../papers/2016/物理/全国/新课标全国Ⅲ卷理综/2016_物理_新课标全国Ⅲ卷理综_原卷.pdf,../papers/2016/物理/全国/新课标全国Ⅲ卷理综/2016_物理_新课标全国Ⅲ卷理综_OCR与考点.md,,pypdf,10
2016,物理,海南,老高考,2020,地方/区域卷,local,海南卷,done,../papers/2016/物理/海南/海南理综/2016_物理_海南理综_原卷.pdf,../papers/2016/物理/海南/海南理综/2016_物理_海南理综_OCR与考点.md,,pypdf,8
2016,物理,重庆,老高考,2021,全国卷,common,新课标全国Ⅱ卷,done,../papers/2016/物理/全国/新课标全国Ⅱ卷理综/2016_物理_新课标全国Ⅱ卷理综_原卷.pdf,../papers/2016/物理/全国/新课标全国Ⅱ卷理综/2016_物理_新课标全国Ⅱ卷理综_OCR与考点.md,,pypdf,9
2016,物理,四川,老高考,2025,地方/区域卷,local,四川卷,done,../papers/2016/物理/四川/四川理综/2016_物理_四川理综_原卷.pdf,../papers/2016/物理/四川/四川理综/2016_物理_四川理综_OCR与考点.md,,pypdf,
2016,物理,贵州,老高考,2024,全国卷,common,新课标全国Ⅲ卷,done,../papers/2016/物理/全国/新课标全国Ⅲ卷理综/2016_物理_新课标全国Ⅲ卷理综_原卷.pdf,../papers/2016/物理/全国/新课标全国Ⅲ卷理综/2016_物理_新课标全国Ⅲ卷理综_OCR与考点.md,,pypdf,10
2016,物理,云南,老高考,2025,全国卷,common,新课标全国Ⅲ卷,done,../papers/2016/物理/全国/新课标全国Ⅲ卷理综/2016_物理_新课标全国Ⅲ卷理综_原卷.pdf,../papers/2016/物理/全国/新课标全国Ⅲ卷理综/2016_物理_新课标全国Ⅲ卷理综_OCR与考点.md,,pypdf,10
2016,物理,西藏,老高考,,全国卷,common,新课标全国Ⅱ卷,done,../papers/2016/物理/全国/新课标全国Ⅱ卷理综/2016_物理_新课标全国Ⅱ卷理综_原卷.pdf,../papers/2016/物理/全国/新课标全国Ⅱ卷理综/2016_物理_新课标全国Ⅱ卷理综_OCR与考点.md,,pypdf,9
2016,物理,陕西,老高考,2025,全国卷,common,新课标全国Ⅱ卷,done,../papers/2016/物理/全国/新课标全国Ⅱ卷理综/2016_物理_新课标全国Ⅱ卷理综_原卷.pdf,../papers/2016/物理/全国/新课标全国Ⅱ卷理综/2016_物理_新课标全国Ⅱ卷理综_OCR与考点.md,,pypdf,9
2016,物理,甘肃,老高考,2024,全国卷,common,新课标全国Ⅱ卷,done,../papers/2016/物理/全国/新课标全国Ⅱ卷理综/2016_物理_新课标全国Ⅱ卷理综_原卷.pdf,../papers/2016/物理/全国/新课标全国Ⅱ卷理综/2016_物理_新课标全国Ⅱ卷理综_OCR与考点.md,,pypdf,9
2016,物理,青海,老高考,2025,全国卷,common,新课标全国Ⅱ卷,done,../papers/2016/物理/全国/新课标全国Ⅱ卷理综/2016_物理_新课标全国Ⅱ卷理综_原卷.pdf,../papers/2016/物理/全国/新课标全国Ⅱ卷理综/2016_物理_新课标全国Ⅱ卷理综_OCR与考点.md,,pypdf,9
2016,物理,宁夏,老高考,2025,全国卷,common,新课标全国Ⅱ卷,done,../papers/2016/物理/全国/新课标全国Ⅱ卷理综/2016_物理_新课标全国Ⅱ卷理综_原卷.pdf,../papers/2016/物理/全国/新课标全国Ⅱ卷理综/2016_物理_新课标全国Ⅱ卷理综_OCR与考点.md,,pypdf,9
2016,物理,新疆,老高考,,全国卷,common,新课标全国Ⅱ卷,done,../papers/2016/物理/全国/新课标全国Ⅱ卷理综/2016_物理_新课标全国Ⅱ卷理综_原卷.pdf,../papers/2016/物理/全国/新课标全国Ⅱ卷理综/2016_物理_新课标全国Ⅱ卷理综_OCR与考点.md,,pypdf,9
2016,化学,北京,老高考,2020,地方/区域卷,local,北京卷,done,../papers/2016/化学/北京/北京理综/2016_化学_北京理综_原卷.pdf,../papers/2016/化学/北京/北京理综/2016_化学_北京理综_OCR与考点.md,,pypdf,7
2016,化学,天津,老高考,2020,地方/区域卷,local,天津卷,done,../papers/2016/化学/天津/天津理综/2016_化学_天津理综_原卷.pdf,../papers/2016/化学/天津/天津理综/2016_化学_天津理综_OCR与考点.md,,pypdf,6
2016,化学,河北,老高考,2021,全国卷,common,新课标全国Ⅰ卷,done,../papers/2016/化学/全国/新课标全国Ⅰ卷理综/2016_化学_新课标全国Ⅰ卷理综_原卷.pdf,../papers/2016/化学/全国/新课标全国Ⅰ卷理综/2016_化学_新课标全国Ⅰ卷理综_OCR与考点.md,,pypdf,9
2016,化学,山西,老高考,2025,全国卷,common,新课标全国Ⅰ卷,done,../papers/2016/化学/全国/新课标全国Ⅰ卷理综/2016_化学_新课标全国Ⅰ卷理综_原卷.pdf,../papers/2016/化学/全国/新课标全国Ⅰ卷理综/2016_化学_新课标全国Ⅰ卷理综_OCR与考点.md,,pypdf,9
2016,化学,内蒙古,老高考,2025,全国卷,common,新课标全国Ⅱ卷,done,../papers/2016/化学/全国/新课标全国Ⅱ卷理综/2016_化学_新课标全国Ⅱ卷理综_原卷.pdf,../papers/2016/化学/全国/新课标全国Ⅱ卷理综/2016_化学_新课标全国Ⅱ卷理综_OCR与考点.md,,pypdf,8
2016,化学,辽宁,老高考,2021,全国卷,common,新课标全国Ⅱ卷,done,../papers/2016/化学/全国/新课标全国Ⅱ卷理综/2016_化学_新课标全国Ⅱ卷理综_原卷.pdf,../papers/2016/化学/全国/新课标全国Ⅱ卷理综/2016_化学_新课标全国Ⅱ卷理综_OCR与考点.md,,pypdf,8
2016,化学,吉林,老高考,2024,全国卷,common,新课标全国Ⅱ卷,done,../papers/2016/化学/全国/新课标全国Ⅱ卷理综/2016_化学_新课标全国Ⅱ卷理综_原卷.pdf,../papers/2016/化学/全国/新课标全国Ⅱ卷理综/2016_化学_新课标全国Ⅱ卷理综_OCR与考点.md,,pypdf,8
2016,化学,黑龙江,老高考,2024,全国卷,common,新课标全国Ⅱ卷,done,../papers/2016/化学/全国/新课标全国Ⅱ卷理综/2016_化学_新课标全国Ⅱ卷理综_原卷.pdf,../papers/2016/化学/全国/新课标全国Ⅱ卷理综/2016_化学_新课标全国Ⅱ卷理综_OCR与考点.md,,pypdf,8
2016,化学,上海,老高考,2017,地方/区域卷,local,上海卷,done,../papers/2016/化学/上海/上海理综/2016_化学_上海理综_原卷.pdf,../papers/2016/化学/上海/上海理综/2016_化学_上海理综_OCR与考点.md,,pypdf,9
2016,化学,江苏,老高考,2021,地方/区域卷,local,江苏卷,done,../papers/2016/化学/江苏/江苏理综/2016_化学_江苏理综_原卷.pdf,../papers/2016/化学/江苏/江苏理综/2016_化学_江苏理综_OCR与考点.md,,pypdf,10
2016,化学,浙江,老高考,2017,地方/区域卷,local,浙江卷,done,../papers/2016/化学/浙江/浙江理综/2016_化学_浙江理综_原卷.pdf,../papers/2016/化学/浙江/浙江理综/2016_化学_浙江理综_OCR与考点.md,,pypdf,9
2016,化学,安徽,老高考,2024,全国卷,common,新课标全国Ⅰ卷,done,../papers/2016/化学/全国/新课标全国Ⅰ卷理综/2016_化学_新课标全国Ⅰ卷理综_原卷.pdf,../papers/2016/化学/全国/新课标全国Ⅰ卷理综/2016_化学_新课标全国Ⅰ卷理综_OCR与考点.md,,pypdf,9
2016,化学,福建,老高考,2021,全国卷,common,新课标全国Ⅰ卷,done,../papers/2016/化学/全国/新课标全国Ⅰ卷理综/2016_化学_新课标全国Ⅰ卷理综_原卷.pdf,../papers/2016/化学/全国/新课标全国Ⅰ卷理综/2016_化学_新课标全国Ⅰ卷理综_OCR与考点.md,,pypdf,9
2016,化学,江西,老高考,2024,全国卷,common,新课标全国Ⅰ卷,done,../papers/2016/化学/全国/新课标全国Ⅰ卷理综/2016_化学_新课标全国Ⅰ卷理综_原卷.pdf,../papers/2016/化学/全国/新课标全国Ⅰ卷理综/2016_化学_新课标全国Ⅰ卷理综_OCR与考点.md,,pypdf,9
2016,化学,山东,老高考,2020,全国卷,common,新课标全国Ⅰ卷,done,../papers/2016/化学/全国/新课标全国Ⅰ卷理综/2016_化学_新课标全国Ⅰ卷理综_原卷.pdf,../papers/2016/化学/全国/新课标全国Ⅰ卷理综/2016_化学_新课标全国Ⅰ卷理综_OCR与考点.md,,pypdf,9
2016,化学,河南,老高考,2025,全国卷,common,新课标全国Ⅰ卷,done,../papers/2016/化学/全国/新课标全国Ⅰ卷理综/2016_化学_新课标全国Ⅰ卷理综_原卷.pdf,../papers/2016/化学/全国/新课标全国Ⅰ卷理综/2016_化学_新课标全国Ⅰ卷理综_OCR与考点.md,,pypdf,9
2016,化学,湖北,老高考,2021,全国卷,common,新课标全国Ⅰ卷,done,../papers/2016/化学/全国/新课标全国Ⅰ卷理综/2016_化学_新课标全国Ⅰ卷理综_原卷.pdf,../papers/2016/化学/全国/新课标全国Ⅰ卷理综/2016_化学_新课标全国Ⅰ卷理综_OCR与考点.md,,pypdf,9
2016,化学,湖南,老高考,2021,全国卷,common,新课标全国Ⅰ卷,done,../papers/2016/化学/全国/新课标全国Ⅰ卷理综/2016_化学_新课标全国Ⅰ卷理综_原卷.pdf,../papers/2016/化学/全国/新课标全国Ⅰ卷理综/2016_化学_新课标全国Ⅰ卷理综_OCR与考点.md,,pypdf,9
2016,化学,广东,老高考,2021,全国卷,common,新课标全国Ⅰ卷,done,../papers/2016/化学/全国/新课标全国Ⅰ卷理综/2016_化学_新课标全国Ⅰ卷理综_原卷.pdf,../papers/2016/化学/全国/新课标全国Ⅰ卷理综/2016_化学_新课标全国Ⅰ卷理综_OCR与考点.md,,pypdf,9
2016,化学,广西,老高考,2024,全国卷,common,新课标全国Ⅲ卷,done,../papers/2016/化学/全国/新课标全国Ⅲ卷理综/2016_化学_新课标全国Ⅲ卷理综_原卷.pdf,../papers/2016/化学/全国/新课标全国Ⅲ卷理综/2016_化学_新课标全国Ⅲ卷理综_OCR与考点.md,,pypdf,8
2016,化学,海南,老高考,2020,地方/区域卷,local,海南卷,done,../papers/2016/化学/海南/海南理综/2016_化学_海南理综_原卷.pdf,../papers/2016/化学/海南/海南理综/2016_化学_海南理综_OCR与考点.md,,pypdf,7
2016,化学,重庆,老高考,2021,全国卷,common,新课标全国Ⅱ卷,done,../papers/2016/化学/全国/新课标全国Ⅱ卷理综/2016_化学_新课标全国Ⅱ卷理综_原卷.pdf,../papers/2016/化学/全国/新课标全国Ⅱ卷理综/2016_化学_新课标全国Ⅱ卷理综_OCR与考点.md,,pypdf,8
2016,化学,四川,老高考,2025,地方/区域卷,local,四川卷,done,../papers/2016/化学/四川/四川理综/2016_化学_四川理综_原卷.pdf,../papers/2016/化学/四川/四川理综/2016_化学_四川理综_OCR与考点.md,,pypdf,
2016,化学,贵州,老高考,2024,全国卷,common,新课标全国Ⅲ卷,done,../papers/2016/化学/全国/新课标全国Ⅲ卷理综/2016_化学_新课标全国Ⅲ卷理综_原卷.pdf,../papers/2016/化学/全国/新课标全国Ⅲ卷理综/2016_化学_新课标全国Ⅲ卷理综_OCR与考点.md,,pypdf,8
2016,化学,云南,老高考,2025,全国卷,common,新课标全国Ⅲ卷,done,../papers/2016/化学/全国/新课标全国Ⅲ卷理综/2016_化学_新课标全国Ⅲ卷理综_原卷.pdf,../papers/2016/化学/全国/新课标全国Ⅲ卷理综/2016_化学_新课标全国Ⅲ卷理综_OCR与考点.md,,pypdf,8
2016,化学,西藏,老高考,,全国卷,common,新课标全国Ⅱ卷,done,../papers/2016/化学/全国/新课标全国Ⅱ卷理综/2016_化学_新课标全国Ⅱ卷理综_原卷.pdf,../papers/2016/化学/全国/新课标全国Ⅱ卷理综/2016_化学_新课标全国Ⅱ卷理综_OCR与考点.md,,pypdf,8
2016,化学,陕西,老高考,2025,全国卷,common,新课标全国Ⅱ卷,done,../papers/2016/化学/全国/新课标全国Ⅱ卷理综/2016_化学_新课标全国Ⅱ卷理综_原卷.pdf,../papers/2016/化学/全国/新课标全国Ⅱ卷理综/2016_化学_新课标全国Ⅱ卷理综_OCR与考点.md,,pypdf,8
2016,化学,甘肃,老高考,2024,全国卷,common,新课标全国Ⅱ卷,done,../papers/2016/化学/全国/新课标全国Ⅱ卷理综/2016_化学_新课标全国Ⅱ卷理综_原卷.pdf,../papers/2016/化学/全国/新课标全国Ⅱ卷理综/2016_化学_新课标全国Ⅱ卷理综_OCR与考点.md,,pypdf,8
2016,化学,青海,老高考,2025,全国卷,common,新课标全国Ⅱ卷,done,../papers/2016/化学/全国/新课标全国Ⅱ卷理综/2016_化学_新课标全国Ⅱ卷理综_原卷.pdf,../papers/2016/化学/全国/新课标全国Ⅱ卷理综/2016_化学_新课标全国Ⅱ卷理综_OCR与考点.md,,pypdf,8
2016,化学,宁夏,老高考,2025,全国卷,common,新课标全国Ⅱ卷,done,../papers/2016/化学/全国/新课标全国Ⅱ卷理综/2016_化学_新课标全国Ⅱ卷理综_原卷.pdf,../papers/2016/化学/全国/新课标全国Ⅱ卷理综/2016_化学_新课标全国Ⅱ卷理综_OCR与考点.md,,pypdf,8
2016,化学,新疆,老高考,,全国卷,common,新课标全国Ⅱ卷,done,../papers/2016/化学/全国/新课标全国Ⅱ卷理综/2016_化学_新课标全国Ⅱ卷理综_原卷.pdf,../papers/2016/化学/全国/新课标全国Ⅱ卷理综/2016_化学_新课标全国Ⅱ卷理综_OCR与考点.md,,pypdf,8
2016,生物,北京,老高考,2020,地方/区域卷,local,北京卷,done,../papers/2016/生物/北京/北京理综/2016_生物_北京理综_原卷.pdf,../papers/2016/生物/北京/北京理综/2016_生物_北京理综_OCR与考点.md,,pypdf,5
2016,生物,天津,老高考,2020,地方/区域卷,local,天津卷,done,../papers/2016/生物/天津/天津理综/2016_生物_天津理综_原卷.pdf,../papers/2016/生物/天津/天津理综/2016_生物_天津理综_OCR与考点.md,,pypdf,5
2016,生物,河北,老高考,2021,全国卷,common,新课标全国Ⅰ卷,done,../papers/2016/生物/全国/新课标全国Ⅰ卷理综/2016_生物_新课标全国Ⅰ卷理综_原卷.pdf,../papers/2016/生物/全国/新课标全国Ⅰ卷理综/2016_生物_新课标全国Ⅰ卷理综_OCR与考点.md,,pypdf,6
2016,生物,山西,老高考,2025,全国卷,common,新课标全国Ⅰ卷,done,../papers/2016/生物/全国/新课标全国Ⅰ卷理综/2016_生物_新课标全国Ⅰ卷理综_原卷.pdf,../papers/2016/生物/全国/新课标全国Ⅰ卷理综/2016_生物_新课标全国Ⅰ卷理综_OCR与考点.md,,pypdf,6
2016,生物,内蒙古,老高考,2025,全国卷,common,新课标全国Ⅱ卷,done,../papers/2016/生物/全国/新课标全国Ⅱ卷理综/2016_生物_新课标全国Ⅱ卷理综_原卷.pdf,../papers/2016/生物/全国/新课标全国Ⅱ卷理综/2016_生物_新课标全国Ⅱ卷理综_OCR与考点.md,,pypdf,7
2016,生物,辽宁,老高考,2021,全国卷,common,新课标全国Ⅱ卷,done,../papers/2016/生物/全国/新课标全国Ⅱ卷理综/2016_生物_新课标全国Ⅱ卷理综_原卷.pdf,../papers/2016/生物/全国/新课标全国Ⅱ卷理综/2016_生物_新课标全国Ⅱ卷理综_OCR与考点.md,,pypdf,7
2016,生物,吉林,老高考,2024,全国卷,common,新课标全国Ⅱ卷,done,../papers/2016/生物/全国/新课标全国Ⅱ卷理综/2016_生物_新课标全国Ⅱ卷理综_原卷.pdf,../papers/2016/生物/全国/新课标全国Ⅱ卷理综/2016_生物_新课标全国Ⅱ卷理综_OCR与考点.md,,pypdf,7
2016,生物,黑龙江,老高考,2024,全国卷,common,新课标全国Ⅱ卷,done,../papers/2016/生物/全国/新课标全国Ⅱ卷理综/2016_生物_新课标全国Ⅱ卷理综_原卷.pdf,../papers/2016/生物/全国/新课标全国Ⅱ卷理综/2016_生物_新课标全国Ⅱ卷理综_OCR与考点.md,,pypdf,7
2016,生物,上海,老高考,2017,地方/区域卷,local,上海卷,done,../papers/2016/生物/上海/上海理综/2016_生物_上海理综_原卷.pdf,../papers/2016/生物/上海/上海理综/2016_生物_上海理综_OCR与考点.md,,pypdf,14
2016,生物,江苏,老高考,2021,地方/区域卷,local,江苏卷,done,../papers/2016/生物/江苏/江苏理综/2016_生物_江苏理综_原卷.pdf,../papers/2016/生物/江苏/江苏理综/2016_生物_江苏理综_OCR与考点.md,,pypdf,15
2016,生物,浙江,老高考,2017,地方/区域卷,local,浙江卷,done,../papers/2016/生物/浙江/浙江理综/2016_生物_浙江理综_原卷.pdf,../papers/2016/生物/浙江/浙江理综/2016_生物_浙江理综_OCR与考点.md,,pypdf,8
2016,生物,安徽,老高考,2024,全国卷,common,新课标全国Ⅰ卷,done,../papers/2016/生物/全国/新课标全国Ⅰ卷理综/2016_生物_新课标全国Ⅰ卷理综_原卷.pdf,../papers/2016/生物/全国/新课标全国Ⅰ卷理综/2016_生物_新课标全国Ⅰ卷理综_OCR与考点.md,,pypdf,6
2016,生物,福建,老高考,2021,全国卷,common,新课标全国Ⅰ卷,done,../papers/2016/生物/全国/新课标全国Ⅰ卷理综/2016_生物_新课标全国Ⅰ卷理综_原卷.pdf,../papers/2016/生物/全国/新课标全国Ⅰ卷理综/2016_生物_新课标全国Ⅰ卷理综_OCR与考点.md,,pypdf,6
2016,生物,江西,老高考,2024,全国卷,common,新课标全国Ⅰ卷,done,../papers/2016/生物/全国/新课标全国Ⅰ卷理综/2016_生物_新课标全国Ⅰ卷理综_原卷.pdf,../papers/2016/生物/全国/新课标全国Ⅰ卷理综/2016_生物_新课标全国Ⅰ卷理综_OCR与考点.md,,pypdf,6
2016,生物,山东,老高考,2020,全国卷,common,新课标全国Ⅰ卷,done,../papers/2016/生物/全国/新课标全国Ⅰ卷理综/2016_生物_新课标全国Ⅰ卷理综_原卷.pdf,../papers/2016/生物/全国/新课标全国Ⅰ卷理综/2016_生物_新课标全国Ⅰ卷理综_OCR与考点.md,,pypdf,6
2016,生物,河南,老高考,2025,全国卷,common,新课标全国Ⅰ卷,done,../papers/2016/生物/全国/新课标全国Ⅰ卷理综/2016_生物_新课标全国Ⅰ卷理综_原卷.pdf,../papers/2016/生物/全国/新课标全国Ⅰ卷理综/2016_生物_新课标全国Ⅰ卷理综_OCR与考点.md,,pypdf,6
2016,生物,湖北,老高考,2021,全国卷,common,新课标全国Ⅰ卷,done,../papers/2016/生物/全国/新课标全国Ⅰ卷理综/2016_生物_新课标全国Ⅰ卷理综_原卷.pdf,../papers/2016/生物/全国/新课标全国Ⅰ卷理综/2016_生物_新课标全国Ⅰ卷理综_OCR与考点.md,,pypdf,6
2016,生物,湖南,老高考,2021,全国卷,common,新课标全国Ⅰ卷,done,../papers/2016/生物/全国/新课标全国Ⅰ卷理综/2016_生物_新课标全国Ⅰ卷理综_原卷.pdf,../papers/2016/生物/全国/新课标全国Ⅰ卷理综/2016_生物_新课标全国Ⅰ卷理综_OCR与考点.md,,pypdf,6
2016,生物,广东,老高考,2021,全国卷,common,新课标全国Ⅰ卷,done,../papers/2016/生物/全国/新课标全国Ⅰ卷理综/2016_生物_新课标全国Ⅰ卷理综_原卷.pdf,../papers/2016/生物/全国/新课标全国Ⅰ卷理综/2016_生物_新课标全国Ⅰ卷理综_OCR与考点.md,,pypdf,6
2016,生物,广西,老高考,2024,全国卷,common,新课标全国Ⅲ卷,done,../papers/2016/生物/全国/新课标全国Ⅲ卷理综/2016_生物_新课标全国Ⅲ卷理综_原卷.pdf,../papers/2016/生物/全国/新课标全国Ⅲ卷理综/2016_生物_新课标全国Ⅲ卷理综_OCR与考点.md,,pypdf,6
2016,生物,海南,老高考,2020,地方/区域卷,local,海南卷,done,../papers/2016/生物/海南/海南理综/2016_生物_海南理综_原卷.pdf,../papers/2016/生物/海南/海南理综/2016_生物_海南理综_OCR与考点.md,,pypdf,7
2016,生物,重庆,老高考,2021,全国卷,common,新课标全国Ⅱ卷,done,../papers/2016/生物/全国/新课标全国Ⅱ卷理综/2016_生物_新课标全国Ⅱ卷理综_原卷.pdf,../papers/2016/生物/全国/新课标全国Ⅱ卷理综/2016_生物_新课标全国Ⅱ卷理综_OCR与考点.md,,pypdf,7
2016,生物,四川,老高考,2025,地方/区域卷,local,四川卷,done,../papers/2016/生物/四川/四川理综/2016_生物_四川理综_原卷.pdf,../papers/2016/生物/四川/四川理综/2016_生物_四川理综_OCR与考点.md,,pypdf,
2016,生物,贵州,老高考,2024,全国卷,common,新课标全国Ⅲ卷,done,../papers/2016/生物/全国/新课标全国Ⅲ卷理综/2016_生物_新课标全国Ⅲ卷理综_原卷.pdf,../papers/2016/生物/全国/新课标全国Ⅲ卷理综/2016_生物_新课标全国Ⅲ卷理综_OCR与考点.md,,pypdf,6
2016,生物,云南,老高考,2025,全国卷,common,新课标全国Ⅲ卷,done,../papers/2016/生物/全国/新课标全国Ⅲ卷理综/2016_生物_新课标全国Ⅲ卷理综_原卷.pdf,../papers/2016/生物/全国/新课标全国Ⅲ卷理综/2016_生物_新课标全国Ⅲ卷理综_OCR与考点.md,,pypdf,6
2016,生物,西藏,老高考,,全国卷,common,新课标全国Ⅱ卷,done,../papers/2016/生物/全国/新课标全国Ⅱ卷理综/2016_生物_新课标全国Ⅱ卷理综_原卷.pdf,../papers/2016/生物/全国/新课标全国Ⅱ卷理综/2016_生物_新课标全国Ⅱ卷理综_OCR与考点.md,,pypdf,7
2016,生物,陕西,老高考,2025,全国卷,common,新课标全国Ⅱ卷,done,../papers/2016/生物/全国/新课标全国Ⅱ卷理综/2016_生物_新课标全国Ⅱ卷理综_原卷.pdf,../papers/2016/生物/全国/新课标全国Ⅱ卷理综/2016_生物_新课标全国Ⅱ卷理综_OCR与考点.md,,pypdf,7
2016,生物,甘肃,老高考,2024,全国卷,common,新课标全国Ⅱ卷,done,../papers/2016/生物/全国/新课标全国Ⅱ卷理综/2016_生物_新课标全国Ⅱ卷理综_原卷.pdf,../papers/2016/生物/全国/新课标全国Ⅱ卷理综/2016_生物_新课标全国Ⅱ卷理综_OCR与考点.md,,pypdf,7
2016,生物,青海,老高考,2025,全国卷,common,新课标全国Ⅱ卷,done,../papers/2016/生物/全国/新课标全国Ⅱ卷理综/2016_生物_新课标全国Ⅱ卷理综_原卷.pdf,../papers/2016/生物/全国/新课标全国Ⅱ卷理综/2016_生物_新课标全国Ⅱ卷理综_OCR与考点.md,,pypdf,7
2016,生物,宁夏,老高考,2025,全国卷,common,新课标全国Ⅱ卷,done,../papers/2016/生物/全国/新课标全国Ⅱ卷理综/2016_生物_新课标全国Ⅱ卷理综_原卷.pdf,../papers/2016/生物/全国/新课标全国Ⅱ卷理综/2016_生物_新课标全国Ⅱ卷理综_OCR与考点.md,,pypdf,7
2016,生物,新疆,老高考,,全国卷,common,新课标全国Ⅱ卷,done,../papers/2016/生物/全国/新课标全国Ⅱ卷理综/2016_生物_新课标全国Ⅱ卷理综_原卷.pdf,../papers/2016/生物/全国/新课标全国Ⅱ卷理综/2016_生物_新课标全国Ⅱ卷理综_OCR与考点.md,,pypdf,7
2016,政治,北京,老高考,2020,地方/区域卷,local,北京卷,done,../papers/2016/政治/北京/北京文综/2016_政治_北京文综_原卷.pdf,../papers/2016/政治/北京/北京文综/2016_政治_北京文综_OCR与考点.md,,pypdf,9
2016,政治,天津,老高考,2020,地方/区域卷,local,天津卷,done,../papers/2016/政治/天津/天津文综/2016_政治_天津文综_原卷.pdf,../papers/2016/政治/天津/天津文综/2016_政治_天津文综_OCR与考点.md,,pypdf,5
2016,政治,河北,老高考,2021,全国卷,common,新课标全国Ⅰ卷,done,../papers/2016/政治/全国/新课标全国Ⅰ卷文综/2016_政治_新课标全国Ⅰ卷文综_原卷.pdf,../papers/2016/政治/全国/新课标全国Ⅰ卷文综/2016_政治_新课标全国Ⅰ卷文综_OCR与考点.md,,pypdf,7
2016,政治,山西,老高考,2025,全国卷,common,新课标全国Ⅰ卷,done,../papers/2016/政治/全国/新课标全国Ⅰ卷文综/2016_政治_新课标全国Ⅰ卷文综_原卷.pdf,../papers/2016/政治/全国/新课标全国Ⅰ卷文综/2016_政治_新课标全国Ⅰ卷文综_OCR与考点.md,,pypdf,7
2016,政治,内蒙古,老高考,2025,全国卷,common,新课标全国Ⅱ卷,done,../papers/2016/政治/全国/新课标全国Ⅱ卷文综/2016_政治_新课标全国Ⅱ卷文综_原卷.pdf,../papers/2016/政治/全国/新课标全国Ⅱ卷文综/2016_政治_新课标全国Ⅱ卷文综_OCR与考点.md,,pypdf,7
2016,政治,辽宁,老高考,2021,全国卷,common,新课标全国Ⅱ卷,done,../papers/2016/政治/全国/新课标全国Ⅱ卷文综/2016_政治_新课标全国Ⅱ卷文综_原卷.pdf,../papers/2016/政治/全国/新课标全国Ⅱ卷文综/2016_政治_新课标全国Ⅱ卷文综_OCR与考点.md,,pypdf,7
2016,政治,吉林,老高考,2024,全国卷,common,新课标全国Ⅱ卷,done,../papers/2016/政治/全国/新课标全国Ⅱ卷文综/2016_政治_新课标全国Ⅱ卷文综_原卷.pdf,../papers/2016/政治/全国/新课标全国Ⅱ卷文综/2016_政治_新课标全国Ⅱ卷文综_OCR与考点.md,,pypdf,7
2016,政治,黑龙江,老高考,2024,全国卷,common,新课标全国Ⅱ卷,done,../papers/2016/政治/全国/新课标全国Ⅱ卷文综/2016_政治_新课标全国Ⅱ卷文综_原卷.pdf,../papers/2016/政治/全国/新课标全国Ⅱ卷文综/2016_政治_新课标全国Ⅱ卷文综_OCR与考点.md,,pypdf,7
2016,政治,上海,老高考,2017,地方/区域卷,local,上海卷,done,../papers/2016/政治/上海/上海文综/2016_政治_上海文综_原卷.pdf,../papers/2016/政治/上海/上海文综/2016_政治_上海文综_OCR与考点.md,,pypdf,21
2016,政治,江苏,老高考,2021,地方/区域卷,local,江苏卷,done,../papers/2016/政治/江苏/江苏文综/2016_政治_江苏文综_原卷.pdf,../papers/2016/政治/江苏/江苏文综/2016_政治_江苏文综_OCR与考点.md,,pypdf,11
2016,政治,浙江,老高考,2017,地方/区域卷,local,浙江卷,done,../papers/2016/政治/浙江/浙江文综/2016_政治_浙江文综_原卷.pdf,../papers/2016/政治/浙江/浙江文综/2016_政治_浙江文综_OCR与考点.md,,pypdf,7
2016,政治,安徽,老高考,2024,全国卷,common,新课标全国Ⅰ卷,done,../papers/2016/政治/全国/新课标全国Ⅰ卷文综/2016_政治_新课标全国Ⅰ卷文综_原卷.pdf,../papers/2016/政治/全国/新课标全国Ⅰ卷文综/2016_政治_新课标全国Ⅰ卷文综_OCR与考点.md,,pypdf,7
2016,政治,福建,老高考,2021,全国卷,common,新课标全国Ⅰ卷,done,../papers/2016/政治/全国/新课标全国Ⅰ卷文综/2016_政治_新课标全国Ⅰ卷文综_原卷.pdf,../papers/2016/政治/全国/新课标全国Ⅰ卷文综/2016_政治_新课标全国Ⅰ卷文综_OCR与考点.md,,pypdf,7
2016,政治,江西,老高考,2024,全国卷,common,新课标全国Ⅰ卷,done,../papers/2016/政治/全国/新课标全国Ⅰ卷文综/2016_政治_新课标全国Ⅰ卷文综_原卷.pdf,../papers/2016/政治/全国/新课标全国Ⅰ卷文综/2016_政治_新课标全国Ⅰ卷文综_OCR与考点.md,,pypdf,7
2016,政治,山东,老高考,2020,全国卷,common,新课标全国Ⅰ卷,done,../papers/2016/政治/全国/新课标全国Ⅰ卷文综/2016_政治_新课标全国Ⅰ卷文综_原卷.pdf,../papers/2016/政治/全国/新课标全国Ⅰ卷文综/2016_政治_新课标全国Ⅰ卷文综_OCR与考点.md,,pypdf,7
2016,政治,河南,老高考,2025,全国卷,common,新课标全国Ⅰ卷,done,../papers/2016/政治/全国/新课标全国Ⅰ卷文综/2016_政治_新课标全国Ⅰ卷文综_原卷.pdf,../papers/2016/政治/全国/新课标全国Ⅰ卷文综/2016_政治_新课标全国Ⅰ卷文综_OCR与考点.md,,pypdf,7
2016,政治,湖北,老高考,2021,全国卷,common,新课标全国Ⅰ卷,done,../papers/2016/政治/全国/新课标全国Ⅰ卷文综/2016_政治_新课标全国Ⅰ卷文综_原卷.pdf,../papers/2016/政治/全国/新课标全国Ⅰ卷文综/2016_政治_新课标全国Ⅰ卷文综_OCR与考点.md,,pypdf,7
2016,政治,湖南,老高考,2021,全国卷,common,新课标全国Ⅰ卷,done,../papers/2016/政治/全国/新课标全国Ⅰ卷文综/2016_政治_新课标全国Ⅰ卷文综_原卷.pdf,../papers/2016/政治/全国/新课标全国Ⅰ卷文综/2016_政治_新课标全国Ⅰ卷文综_OCR与考点.md,,pypdf,7
2016,政治,广东,老高考,2021,全国卷,common,新课标全国Ⅰ卷,done,../papers/2016/政治/全国/新课标全国Ⅰ卷文综/2016_政治_新课标全国Ⅰ卷文综_原卷.pdf,../papers/2016/政治/全国/新课标全国Ⅰ卷文综/2016_政治_新课标全国Ⅰ卷文综_OCR与考点.md,,pypdf,7
2016,政治,广西,老高考,2024,全国卷,common,新课标全国Ⅲ卷,done,../papers/2016/政治/全国/新课标全国Ⅲ卷文综/2016_政治_新课标全国Ⅲ卷文综_原卷.pdf,../papers/2016/政治/全国/新课标全国Ⅲ卷文综/2016_政治_新课标全国Ⅲ卷文综_OCR与考点.md,,pypdf,7
2016,政治,海南,老高考,2020,地方/区域卷,local,海南卷,done,../papers/2016/政治/海南/海南文综/2016_政治_海南文综_原卷.pdf,../papers/2016/政治/海南/海南文综/2016_政治_海南文综_OCR与考点.md,,pypdf,8
2016,政治,重庆,老高考,2021,全国卷,common,新课标全国Ⅱ卷,done,../papers/2016/政治/全国/新课标全国Ⅱ卷文综/2016_政治_新课标全国Ⅱ卷文综_原卷.pdf,../papers/2016/政治/全国/新课标全国Ⅱ卷文综/2016_政治_新课标全国Ⅱ卷文综_OCR与考点.md,,pypdf,7
2016,政治,四川,老高考,2025,全国卷,common,新课标全国Ⅲ卷,done,../papers/2016/政治/全国/新课标全国Ⅲ卷文综/2016_政治_新课标全国Ⅲ卷文综_原卷.pdf,../papers/2016/政治/全国/新课标全国Ⅲ卷文综/2016_政治_新课标全国Ⅲ卷文综_OCR与考点.md,,pypdf,7
2016,政治,贵州,老高考,2024,全国卷,common,新课标全国Ⅲ卷,done,../papers/2016/政治/全国/新课标全国Ⅲ卷文综/2016_政治_新课标全国Ⅲ卷文综_原卷.pdf,../papers/2016/政治/全国/新课标全国Ⅲ卷文综/2016_政治_新课标全国Ⅲ卷文综_OCR与考点.md,,pypdf,7
2016,政治,云南,老高考,2025,全国卷,common,新课标全国Ⅲ卷,done,../papers/2016/政治/全国/新课标全国Ⅲ卷文综/2016_政治_新课标全国Ⅲ卷文综_原卷.pdf,../papers/2016/政治/全国/新课标全国Ⅲ卷文综/2016_政治_新课标全国Ⅲ卷文综_OCR与考点.md,,pypdf,7
2016,政治,西藏,老高考,,全国卷,common,新课标全国Ⅱ卷,done,../papers/2016/政治/全国/新课标全国Ⅱ卷文综/2016_政治_新课标全国Ⅱ卷文综_原卷.pdf,../papers/2016/政治/全国/新课标全国Ⅱ卷文综/2016_政治_新课标全国Ⅱ卷文综_OCR与考点.md,,pypdf,7
2016,政治,陕西,老高考,2025,全国卷,common,新课标全国Ⅱ卷,done,../papers/2016/政治/全国/新课标全国Ⅱ卷文综/2016_政治_新课标全国Ⅱ卷文综_原卷.pdf,../papers/2016/政治/全国/新课标全国Ⅱ卷文综/2016_政治_新课标全国Ⅱ卷文综_OCR与考点.md,,pypdf,7
2016,政治,甘肃,老高考,2024,全国卷,common,新课标全国Ⅱ卷,done,../papers/2016/政治/全国/新课标全国Ⅱ卷文综/2016_政治_新课标全国Ⅱ卷文综_原卷.pdf,../papers/2016/政治/全国/新课标全国Ⅱ卷文综/2016_政治_新课标全国Ⅱ卷文综_OCR与考点.md,,pypdf,7
2016,政治,青海,老高考,2025,全国卷,common,新课标全国Ⅱ卷,done,../papers/2016/政治/全国/新课标全国Ⅱ卷文综/2016_政治_新课标全国Ⅱ卷文综_原卷.pdf,../papers/2016/政治/全国/新课标全国Ⅱ卷文综/2016_政治_新课标全国Ⅱ卷文综_OCR与考点.md,,pypdf,7
2016,政治,宁夏,老高考,2025,全国卷,common,新课标全国Ⅱ卷,done,../papers/2016/政治/全国/新课标全国Ⅱ卷文综/2016_政治_新课标全国Ⅱ卷文综_原卷.pdf,../papers/2016/政治/全国/新课标全国Ⅱ卷文综/2016_政治_新课标全国Ⅱ卷文综_OCR与考点.md,,pypdf,7
2016,政治,新疆,老高考,,全国卷,common,新课标全国Ⅱ卷,done,../papers/2016/政治/全国/新课标全国Ⅱ卷文综/2016_政治_新课标全国Ⅱ卷文综_原卷.pdf,../papers/2016/政治/全国/新课标全国Ⅱ卷文综/2016_政治_新课标全国Ⅱ卷文综_OCR与考点.md,,pypdf,7
2016,历史,北京,老高考,2020,地方/区域卷,local,北京卷,done,../papers/2016/历史/北京/北京文综/2016_历史_北京文综_原卷.pdf,../papers/2016/历史/北京/北京文综/2016_历史_北京文综_OCR与考点.md,,pypdf,7
2016,历史,天津,老高考,2020,地方/区域卷,local,天津卷,done,../papers/2016/历史/天津/天津文综/2016_历史_天津文综_原卷.pdf,../papers/2016/历史/天津/天津文综/2016_历史_天津文综_OCR与考点.md,,pypdf,6
2016,历史,河北,老高考,2021,全国卷,common,新课标全国Ⅰ卷,done,../papers/2016/历史/全国/新课标全国Ⅰ卷文综/2016_历史_新课标全国Ⅰ卷文综_原卷.pdf,../papers/2016/历史/全国/新课标全国Ⅰ卷文综/2016_历史_新课标全国Ⅰ卷文综_OCR与考点.md,,pypdf,9
2016,历史,山西,老高考,2025,全国卷,common,新课标全国Ⅰ卷,done,../papers/2016/历史/全国/新课标全国Ⅰ卷文综/2016_历史_新课标全国Ⅰ卷文综_原卷.pdf,../papers/2016/历史/全国/新课标全国Ⅰ卷文综/2016_历史_新课标全国Ⅰ卷文综_OCR与考点.md,,pypdf,9
2016,历史,内蒙古,老高考,2025,全国卷,common,新课标全国Ⅱ卷,done,../papers/2016/历史/全国/新课标全国Ⅱ卷文综/2016_历史_新课标全国Ⅱ卷文综_原卷.pdf,../papers/2016/历史/全国/新课标全国Ⅱ卷文综/2016_历史_新课标全国Ⅱ卷文综_OCR与考点.md,,pypdf,8
2016,历史,辽宁,老高考,2021,全国卷,common,新课标全国Ⅱ卷,done,../papers/2016/历史/全国/新课标全国Ⅱ卷文综/2016_历史_新课标全国Ⅱ卷文综_原卷.pdf,../papers/2016/历史/全国/新课标全国Ⅱ卷文综/2016_历史_新课标全国Ⅱ卷文综_OCR与考点.md,,pypdf,8
2016,历史,吉林,老高考,2024,全国卷,common,新课标全国Ⅱ卷,done,../papers/2016/历史/全国/新课标全国Ⅱ卷文综/2016_历史_新课标全国Ⅱ卷文综_原卷.pdf,../papers/2016/历史/全国/新课标全国Ⅱ卷文综/2016_历史_新课标全国Ⅱ卷文综_OCR与考点.md,,pypdf,8
2016,历史,黑龙江,老高考,2024,全国卷,common,新课标全国Ⅱ卷,done,../papers/2016/历史/全国/新课标全国Ⅱ卷文综/2016_历史_新课标全国Ⅱ卷文综_原卷.pdf,../papers/2016/历史/全国/新课标全国Ⅱ卷文综/2016_历史_新课标全国Ⅱ卷文综_OCR与考点.md,,pypdf,8
2016,历史,上海,老高考,2017,地方/区域卷,local,上海卷,done,../papers/2016/历史/上海/上海文综/2016_历史_上海文综_原卷.pdf,../papers/2016/历史/上海/上海文综/2016_历史_上海文综_OCR与考点.md,,pypdf,11
2016,历史,江苏,老高考,2021,地方/区域卷,local,江苏卷,done,../papers/2016/历史/江苏/江苏文综/2016_历史_江苏文综_原卷.pdf,../papers/2016/历史/江苏/江苏文综/2016_历史_江苏文综_OCR与考点.md,,pypdf,10
2016,历史,浙江,老高考,2017,地方/区域卷,local,浙江卷,done,../papers/2016/历史/浙江/浙江文综/2016_历史_浙江文综_原卷.pdf,../papers/2016/历史/浙江/浙江文综/2016_历史_浙江文综_OCR与考点.md,,pypdf,12
2016,历史,安徽,老高考,2024,全国卷,common,新课标全国Ⅰ卷,done,../papers/2016/历史/全国/新课标全国Ⅰ卷文综/2016_历史_新课标全国Ⅰ卷文综_原卷.pdf,../papers/2016/历史/全国/新课标全国Ⅰ卷文综/2016_历史_新课标全国Ⅰ卷文综_OCR与考点.md,,pypdf,9
2016,历史,福建,老高考,2021,全国卷,common,新课标全国Ⅰ卷,done,../papers/2016/历史/全国/新课标全国Ⅰ卷文综/2016_历史_新课标全国Ⅰ卷文综_原卷.pdf,../papers/2016/历史/全国/新课标全国Ⅰ卷文综/2016_历史_新课标全国Ⅰ卷文综_OCR与考点.md,,pypdf,9
2016,历史,江西,老高考,2024,全国卷,common,新课标全国Ⅰ卷,done,../papers/2016/历史/全国/新课标全国Ⅰ卷文综/2016_历史_新课标全国Ⅰ卷文综_原卷.pdf,../papers/2016/历史/全国/新课标全国Ⅰ卷文综/2016_历史_新课标全国Ⅰ卷文综_OCR与考点.md,,pypdf,9
2016,历史,山东,老高考,2020,全国卷,common,新课标全国Ⅰ卷,done,../papers/2016/历史/全国/新课标全国Ⅰ卷文综/2016_历史_新课标全国Ⅰ卷文综_原卷.pdf,../papers/2016/历史/全国/新课标全国Ⅰ卷文综/2016_历史_新课标全国Ⅰ卷文综_OCR与考点.md,,pypdf,9
2016,历史,河南,老高考,2025,全国卷,common,新课标全国Ⅰ卷,done,../papers/2016/历史/全国/新课标全国Ⅰ卷文综/2016_历史_新课标全国Ⅰ卷文综_原卷.pdf,../papers/2016/历史/全国/新课标全国Ⅰ卷文综/2016_历史_新课标全国Ⅰ卷文综_OCR与考点.md,,pypdf,9
2016,历史,湖北,老高考,2021,全国卷,common,新课标全国Ⅰ卷,done,../papers/2016/历史/全国/新课标全国Ⅰ卷文综/2016_历史_新课标全国Ⅰ卷文综_原卷.pdf,../papers/2016/历史/全国/新课标全国Ⅰ卷文综/2016_历史_新课标全国Ⅰ卷文综_OCR与考点.md,,pypdf,9
2016,历史,湖南,老高考,2021,全国卷,common,新课标全国Ⅰ卷,done,../papers/2016/历史/全国/新课标全国Ⅰ卷文综/2016_历史_新课标全国Ⅰ卷文综_原卷.pdf,../papers/2016/历史/全国/新课标全国Ⅰ卷文综/2016_历史_新课标全国Ⅰ卷文综_OCR与考点.md,,pypdf,9
2016,历史,广东,老高考,2021,全国卷,common,新课标全国Ⅰ卷,done,../papers/2016/历史/全国/新课标全国Ⅰ卷文综/2016_历史_新课标全国Ⅰ卷文综_原卷.pdf,../papers/2016/历史/全国/新课标全国Ⅰ卷文综/2016_历史_新课标全国Ⅰ卷文综_OCR与考点.md,,pypdf,9
2016,历史,广西,老高考,2024,全国卷,common,新课标全国Ⅲ卷,done,../papers/2016/历史/全国/新课标全国Ⅲ卷文综/2016_历史_新课标全国Ⅲ卷文综_原卷.pdf,../papers/2016/历史/全国/新课标全国Ⅲ卷文综/2016_历史_新课标全国Ⅲ卷文综_OCR与考点.md,,pypdf,8
2016,历史,海南,老高考,2020,地方/区域卷,local,海南卷,done,../papers/2016/历史/海南/海南文综/2016_历史_海南文综_原卷.pdf,../papers/2016/历史/海南/海南文综/2016_历史_海南文综_OCR与考点.md,,pypdf,8
2016,历史,重庆,老高考,2021,全国卷,common,新课标全国Ⅱ卷,done,../papers/2016/历史/全国/新课标全国Ⅱ卷文综/2016_历史_新课标全国Ⅱ卷文综_原卷.pdf,../papers/2016/历史/全国/新课标全国Ⅱ卷文综/2016_历史_新课标全国Ⅱ卷文综_OCR与考点.md,,pypdf,8
2016,历史,四川,老高考,2025,全国卷,common,新课标全国Ⅲ卷,done,../papers/2016/历史/全国/新课标全国Ⅲ卷文综/2016_历史_新课标全国Ⅲ卷文综_原卷.pdf,../papers/2016/历史/全国/新课标全国Ⅲ卷文综/2016_历史_新课标全国Ⅲ卷文综_OCR与考点.md,,pypdf,8
2016,历史,贵州,老高考,2024,全国卷,common,新课标全国Ⅲ卷,done,../papers/2016/历史/全国/新课标全国Ⅲ卷文综/2016_历史_新课标全国Ⅲ卷文综_原卷.pdf,../papers/2016/历史/全国/新课标全国Ⅲ卷文综/2016_历史_新课标全国Ⅲ卷文综_OCR与考点.md,,pypdf,8
2016,历史,云南,老高考,2025,全国卷,common,新课标全国Ⅲ卷,done,../papers/2016/历史/全国/新课标全国Ⅲ卷文综/2016_历史_新课标全国Ⅲ卷文综_原卷.pdf,../papers/2016/历史/全国/新课标全国Ⅲ卷文综/2016_历史_新课标全国Ⅲ卷文综_OCR与考点.md,,pypdf,8
2016,历史,西藏,老高考,,全国卷,common,新课标全国Ⅱ卷,done,../papers/2016/历史/全国/新课标全国Ⅱ卷文综/2016_历史_新课标全国Ⅱ卷文综_原卷.pdf,../papers/2016/历史/全国/新课标全国Ⅱ卷文综/2016_历史_新课标全国Ⅱ卷文综_OCR与考点.md,,pypdf,8
2016,历史,陕西,老高考,2025,全国卷,common,新课标全国Ⅱ卷,done,../papers/2016/历史/全国/新课标全国Ⅱ卷文综/2016_历史_新课标全国Ⅱ卷文综_原卷.pdf,../papers/2016/历史/全国/新课标全国Ⅱ卷文综/2016_历史_新课标全国Ⅱ卷文综_OCR与考点.md,,pypdf,8
2016,历史,甘肃,老高考,2024,全国卷,common,新课标全国Ⅱ卷,done,../papers/2016/历史/全国/新课标全国Ⅱ卷文综/2016_历史_新课标全国Ⅱ卷文综_原卷.pdf,../papers/2016/历史/全国/新课标全国Ⅱ卷文综/2016_历史_新课标全国Ⅱ卷文综_OCR与考点.md,,pypdf,8
2016,历史,青海,老高考,2025,全国卷,common,新课标全国Ⅱ卷,done,../papers/2016/历史/全国/新课标全国Ⅱ卷文综/2016_历史_新课标全国Ⅱ卷文综_原卷.pdf,../papers/2016/历史/全国/新课标全国Ⅱ卷文综/2016_历史_新课标全国Ⅱ卷文综_OCR与考点.md,,pypdf,8
2016,历史,宁夏,老高考,2025,全国卷,common,新课标全国Ⅱ卷,done,../papers/2016/历史/全国/新课标全国Ⅱ卷文综/2016_历史_新课标全国Ⅱ卷文综_原卷.pdf,../papers/2016/历史/全国/新课标全国Ⅱ卷文综/2016_历史_新课标全国Ⅱ卷文综_OCR与考点.md,,pypdf,8
2016,历史,新疆,老高考,,全国卷,common,新课标全国Ⅱ卷,done,../papers/2016/历史/全国/新课标全国Ⅱ卷文综/2016_历史_新课标全国Ⅱ卷文综_原卷.pdf,../papers/2016/历史/全国/新课标全国Ⅱ卷文综/2016_历史_新课标全国Ⅱ卷文综_OCR与考点.md,,pypdf,8
2016,地理,北京,老高考,2020,地方/区域卷,local,北京卷,done,../papers/2016/地理/北京/北京文综/2016_地理_北京文综_原卷.pdf,../papers/2016/地理/北京/北京文综/2016_地理_北京文综_OCR与考点.md,,pypdf,7
2016,地理,天津,老高考,2020,地方/区域卷,local,天津卷,done,../papers/2016/地理/天津/天津文综/2016_地理_天津文综_原卷.pdf,../papers/2016/地理/天津/天津文综/2016_地理_天津文综_OCR与考点.md,,pypdf,7
2016,地理,河北,老高考,2021,全国卷,common,新课标全国Ⅰ卷,done,../papers/2016/地理/全国/新课标全国Ⅰ卷文综/2016_地理_新课标全国Ⅰ卷文综_原卷.pdf,../papers/2016/地理/全国/新课标全国Ⅰ卷文综/2016_地理_新课标全国Ⅰ卷文综_OCR与考点.md,,pypdf,8
2016,地理,山西,老高考,2025,全国卷,common,新课标全国Ⅰ卷,done,../papers/2016/地理/全国/新课标全国Ⅰ卷文综/2016_地理_新课标全国Ⅰ卷文综_原卷.pdf,../papers/2016/地理/全国/新课标全国Ⅰ卷文综/2016_地理_新课标全国Ⅰ卷文综_OCR与考点.md,,pypdf,8
2016,地理,内蒙古,老高考,2025,全国卷,common,新课标全国Ⅱ卷,done,../papers/2016/地理/全国/新课标全国Ⅱ卷文综/2016_地理_新课标全国Ⅱ卷文综_原卷.pdf,../papers/2016/地理/全国/新课标全国Ⅱ卷文综/2016_地理_新课标全国Ⅱ卷文综_OCR与考点.md,,pypdf,7
2016,地理,辽宁,老高考,2021,全国卷,common,新课标全国Ⅱ卷,done,../papers/2016/地理/全国/新课标全国Ⅱ卷文综/2016_地理_新课标全国Ⅱ卷文综_原卷.pdf,../papers/2016/地理/全国/新课标全国Ⅱ卷文综/2016_地理_新课标全国Ⅱ卷文综_OCR与考点.md,,pypdf,7
2016,地理,吉林,老高考,2024,全国卷,common,新课标全国Ⅱ卷,done,../papers/2016/地理/全国/新课标全国Ⅱ卷文综/2016_地理_新课标全国Ⅱ卷文综_原卷.pdf,../papers/2016/地理/全国/新课标全国Ⅱ卷文综/2016_地理_新课标全国Ⅱ卷文综_OCR与考点.md,,pypdf,7
2016,地理,黑龙江,老高考,2024,全国卷,common,新课标全国Ⅱ卷,done,../papers/2016/地理/全国/新课标全国Ⅱ卷文综/2016_地理_新课标全国Ⅱ卷文综_原卷.pdf,../papers/2016/地理/全国/新课标全国Ⅱ卷文综/2016_地理_新课标全国Ⅱ卷文综_OCR与考点.md,,pypdf,7
2016,地理,上海,老高考,2017,地方/区域卷,local,上海卷,done,../papers/2016/地理/上海/上海文综/2016_地理_上海文综_原卷.pdf,../papers/2016/地理/上海/上海文综/2016_地理_上海文综_OCR与考点.md,,pypdf,11
2016,地理,江苏,老高考,2021,地方/区域卷,local,江苏卷,done,../papers/2016/地理/江苏/江苏文综/2016_地理_江苏文综_原卷.pdf,../papers/2016/地理/江苏/江苏文综/2016_地理_江苏文综_OCR与考点.md,,pypdf,18
2016,地理,浙江,老高考,2017,地方/区域卷,local,浙江卷,done,../papers/2016/地理/浙江/浙江文综/2016_地理_浙江文综_原卷.pdf,../papers/2016/地理/浙江/浙江文综/2016_地理_浙江文综_OCR与考点.md,,pypdf,12
2016,地理,安徽,老高考,2024,全国卷,common,新课标全国Ⅰ卷,done,../papers/2016/地理/全国/新课标全国Ⅰ卷文综/2016_地理_新课标全国Ⅰ卷文综_原卷.pdf,../papers/2016/地理/全国/新课标全国Ⅰ卷文综/2016_地理_新课标全国Ⅰ卷文综_OCR与考点.md,,pypdf,8
2016,地理,福建,老高考,2021,全国卷,common,新课标全国Ⅰ卷,done,../papers/2016/地理/全国/新课标全国Ⅰ卷文综/2016_地理_新课标全国Ⅰ卷文综_原卷.pdf,../papers/2016/地理/全国/新课标全国Ⅰ卷文综/2016_地理_新课标全国Ⅰ卷文综_OCR与考点.md,,pypdf,8
2016,地理,江西,老高考,2024,全国卷,common,新课标全国Ⅰ卷,done,../papers/2016/地理/全国/新课标全国Ⅰ卷文综/2016_地理_新课标全国Ⅰ卷文综_原卷.pdf,../papers/2016/地理/全国/新课标全国Ⅰ卷文综/2016_地理_新课标全国Ⅰ卷文综_OCR与考点.md,,pypdf,8
2016,地理,山东,老高考,2020,全国卷,common,新课标全国Ⅰ卷,done,../papers/2016/地理/全国/新课标全国Ⅰ卷文综/2016_地理_新课标全国Ⅰ卷文综_原卷.pdf,../papers/2016/地理/全国/新课标全国Ⅰ卷文综/2016_地理_新课标全国Ⅰ卷文综_OCR与考点.md,,pypdf,8
2016,地理,河南,老高考,2025,全国卷,common,新课标全国Ⅰ卷,done,../papers/2016/地理/全国/新课标全国Ⅰ卷文综/2016_地理_新课标全国Ⅰ卷文综_原卷.pdf,../papers/2016/地理/全国/新课标全国Ⅰ卷文综/2016_地理_新课标全国Ⅰ卷文综_OCR与考点.md,,pypdf,8
2016,地理,湖北,老高考,2021,全国卷,common,新课标全国Ⅰ卷,done,../papers/2016/地理/全国/新课标全国Ⅰ卷文综/2016_地理_新课标全国Ⅰ卷文综_原卷.pdf,../papers/2016/地理/全国/新课标全国Ⅰ卷文综/2016_地理_新课标全国Ⅰ卷文综_OCR与考点.md,,pypdf,8
2016,地理,湖南,老高考,2021,全国卷,common,新课标全国Ⅰ卷,done,../papers/2016/地理/全国/新课标全国Ⅰ卷文综/2016_地理_新课标全国Ⅰ卷文综_原卷.pdf,../papers/2016/地理/全国/新课标全国Ⅰ卷文综/2016_地理_新课标全国Ⅰ卷文综_OCR与考点.md,,pypdf,8
2016,地理,广东,老高考,2021,全国卷,common,新课标全国Ⅰ卷,done,../papers/2016/地理/全国/新课标全国Ⅰ卷文综/2016_地理_新课标全国Ⅰ卷文综_原卷.pdf,../papers/2016/地理/全国/新课标全国Ⅰ卷文综/2016_地理_新课标全国Ⅰ卷文综_OCR与考点.md,,pypdf,8
2016,地理,广西,老高考,2024,全国卷,common,新课标全国Ⅲ卷,done,../papers/2016/地理/全国/新课标全国Ⅲ卷文综/2016_地理_新课标全国Ⅲ卷文综_原卷.pdf,../papers/2016/地理/全国/新课标全国Ⅲ卷文综/2016_地理_新课标全国Ⅲ卷文综_OCR与考点.md,,pypdf,7
2016,地理,海南,老高考,2020,地方/区域卷,local,海南卷,done,../papers/2016/地理/海南/海南文综/2016_地理_海南文综_原卷.pdf,../papers/2016/地理/海南/海南文综/2016_地理_海南文综_OCR与考点.md,,pypdf,7
2016,地理,重庆,老高考,2021,全国卷,common,新课标全国Ⅱ卷,done,../papers/2016/地理/全国/新课标全国Ⅱ卷文综/2016_地理_新课标全国Ⅱ卷文综_原卷.pdf,../papers/2016/地理/全国/新课标全国Ⅱ卷文综/2016_地理_新课标全国Ⅱ卷文综_OCR与考点.md,,pypdf,7
2016,地理,四川,老高考,2025,全国卷,common,新课标全国Ⅲ卷,done,../papers/2016/地理/全国/新课标全国Ⅲ卷文综/2016_地理_新课标全国Ⅲ卷文综_原卷.pdf,../papers/2016/地理/全国/新课标全国Ⅲ卷文综/2016_地理_新课标全国Ⅲ卷文综_OCR与考点.md,,pypdf,7
2016,地理,贵州,老高考,2024,全国卷,common,新课标全国Ⅲ卷,done,../papers/2016/地理/全国/新课标全国Ⅲ卷文综/2016_地理_新课标全国Ⅲ卷文综_原卷.pdf,../papers/2016/地理/全国/新课标全国Ⅲ卷文综/2016_地理_新课标全国Ⅲ卷文综_OCR与考点.md,,pypdf,7
2016,地理,云南,老高考,2025,全国卷,common,新课标全国Ⅲ卷,done,../papers/2016/地理/全国/新课标全国Ⅲ卷文综/2016_地理_新课标全国Ⅲ卷文综_原卷.pdf,../papers/2016/地理/全国/新课标全国Ⅲ卷文综/2016_地理_新课标全国Ⅲ卷文综_OCR与考点.md,,pypdf,7
2016,地理,西藏,老高考,,全国卷,common,新课标全国Ⅱ卷,done,../papers/2016/地理/全国/新课标全国Ⅱ卷文综/2016_地理_新课标全国Ⅱ卷文综_原卷.pdf,../papers/2016/地理/全国/新课标全国Ⅱ卷文综/2016_地理_新课标全国Ⅱ卷文综_OCR与考点.md,,pypdf,7
2016,地理,陕西,老高考,2025,全国卷,common,新课标全国Ⅱ卷,done,../papers/2016/地理/全国/新课标全国Ⅱ卷文综/2016_地理_新课标全国Ⅱ卷文综_原卷.pdf,../papers/2016/地理/全国/新课标全国Ⅱ卷文综/2016_地理_新课标全国Ⅱ卷文综_OCR与考点.md,,pypdf,7
2016,地理,甘肃,老高考,2024,全国卷,common,新课标全国Ⅱ卷,done,../papers/2016/地理/全国/新课标全国Ⅱ卷文综/2016_地理_新课标全国Ⅱ卷文综_原卷.pdf,../papers/2016/地理/全国/新课标全国Ⅱ卷文综/2016_地理_新课标全国Ⅱ卷文综_OCR与考点.md,,pypdf,7
2016,地理,青海,老高考,2025,全国卷,common,新课标全国Ⅱ卷,done,../papers/2016/地理/全国/新课标全国Ⅱ卷文综/2016_地理_新课标全国Ⅱ卷文综_原卷.pdf,../papers/2016/地理/全国/新课标全国Ⅱ卷文综/2016_地理_新课标全国Ⅱ卷文综_OCR与考点.md,,pypdf,7
2016,地理,宁夏,老高考,2025,全国卷,common,新课标全国Ⅱ卷,done,../papers/2016/地理/全国/新课标全国Ⅱ卷文综/2016_地理_新课标全国Ⅱ卷文综_原卷.pdf,../papers/2016/地理/全国/新课标全国Ⅱ卷文综/2016_地理_新课标全国Ⅱ卷文综_OCR与考点.md,,pypdf,7
2016,地理,新疆,老高考,,全国卷,common,新课标全国Ⅱ卷,done,../papers/2016/地理/全国/新课标全国Ⅱ卷文综/2016_地理_新课标全国Ⅱ卷文综_原卷.pdf,../papers/2016/地理/全国/新课标全国Ⅱ卷文综/2016_地理_新课标全国Ⅱ卷文综_OCR与考点.md,,pypdf,7
2017,语文,北京,老高考,2020,地方/区域卷,local,北京卷,pdf_only,../papers/2017/语文/北京/北京卷/2017_语文_北京卷_原卷.pdf,,,,
2017,语文,天津,老高考,2020,地方/区域卷,local,天津卷,pdf_only,../papers/2017/语文/天津/天津卷/2017_语文_天津卷_原卷.pdf,,,,
2017,语文,河北,老高考,2021,全国卷,common,新课标全国Ⅰ卷,pdf_only,../papers/2017/语文/全国/新课标全国Ⅰ卷/2017_语文_新课标全国Ⅰ卷_原卷.pdf,,,,
2017,语文,山西,老高考,2025,全国卷,common,新课标全国Ⅰ卷,pdf_only,../papers/2017/语文/全国/新课标全国Ⅰ卷/2017_语文_新课标全国Ⅰ卷_原卷.pdf,,,,
2017,语文,内蒙古,老高考,2025,全国卷,common,新课标全国Ⅱ卷,done,../papers/2017/语文/全国/新课标全国Ⅱ卷/2017_语文_新课标全国Ⅱ卷_原卷.pdf,../papers/2017/语文/全国/新课标全国Ⅱ卷/2017_语文_新课标全国Ⅱ卷_OCR与考点.md,,rapidocr,13
2017,语文,辽宁,老高考,2021,全国卷,common,新课标全国Ⅱ卷,done,../papers/2017/语文/全国/新课标全国Ⅱ卷/2017_语文_新课标全国Ⅱ卷_原卷.pdf,../papers/2017/语文/全国/新课标全国Ⅱ卷/2017_语文_新课标全国Ⅱ卷_OCR与考点.md,,rapidocr,13
2017,语文,吉林,老高考,2024,全国卷,common,新课标全国Ⅱ卷,done,../papers/2017/语文/全国/新课标全国Ⅱ卷/2017_语文_新课标全国Ⅱ卷_原卷.pdf,../papers/2017/语文/全国/新课标全国Ⅱ卷/2017_语文_新课标全国Ⅱ卷_OCR与考点.md,,rapidocr,13
2017,语文,黑龙江,老高考,2024,全国卷,common,新课标全国Ⅱ卷,done,../papers/2017/语文/全国/新课标全国Ⅱ卷/2017_语文_新课标全国Ⅱ卷_原卷.pdf,../papers/2017/语文/全国/新课标全国Ⅱ卷/2017_语文_新课标全国Ⅱ卷_OCR与考点.md,,rapidocr,13
2017,语文,上海,新高考,2017,地方/区域卷,local,上海卷,pdf_only,../papers/2017/语文/上海/上海卷/2017_语文_上海卷_原卷.pdf,,,,
2017,语文,江苏,老高考,2021,地方/区域卷,local,江苏卷,done,../papers/2017/语文/江苏/江苏卷/2017_语文_江苏卷_原卷.pdf,../papers/2017/语文/江苏/江苏卷/2017_语文_江苏卷_OCR与考点.md,,rapidocr,8
2017,语文,浙江,新高考,2017,地方/区域卷,local,浙江卷,pdf_only,../papers/2017/语文/浙江/浙江卷/2017_语文_浙江卷_原卷.pdf,,,,
2017,语文,安徽,老高考,2024,全国卷,common,新课标全国Ⅰ卷,pdf_only,../papers/2017/语文/全国/新课标全国Ⅰ卷/2017_语文_新课标全国Ⅰ卷_原卷.pdf,,,,
2017,语文,福建,老高考,2021,全国卷,common,新课标全国Ⅰ卷,pdf_only,../papers/2017/语文/全国/新课标全国Ⅰ卷/2017_语文_新课标全国Ⅰ卷_原卷.pdf,,,,
2017,语文,江西,老高考,2024,全国卷,common,新课标全国Ⅰ卷,pdf_only,../papers/2017/语文/全国/新课标全国Ⅰ卷/2017_语文_新课标全国Ⅰ卷_原卷.pdf,,,,
2017,语文,山东,老高考,2020,地方/区域卷,local,山东卷,pdf_only,../papers/2017/语文/山东/山东卷/2017_语文_山东卷_原卷.pdf,,,,
2017,语文,河南,老高考,2025,全国卷,common,新课标全国Ⅰ卷,pdf_only,../papers/2017/语文/全国/新课标全国Ⅰ卷/2017_语文_新课标全国Ⅰ卷_原卷.pdf,,,,
2017,语文,湖北,老高考,2021,全国卷,common,新课标全国Ⅰ卷,pdf_only,../papers/2017/语文/全国/新课标全国Ⅰ卷/2017_语文_新课标全国Ⅰ卷_原卷.pdf,,,,
2017,语文,湖南,老高考,2021,全国卷,common,新课标全国Ⅰ卷,pdf_only,../papers/2017/语文/全国/新课标全国Ⅰ卷/2017_语文_新课标全国Ⅰ卷_原卷.pdf,,,,
2017,语文,广东,老高考,2021,全国卷,common,新课标全国Ⅰ卷,pdf_only,../papers/2017/语文/全国/新课标全国Ⅰ卷/2017_语文_新课标全国Ⅰ卷_原卷.pdf,,,,
2017,语文,广西,老高考,2024,全国卷,common,新课标全国Ⅲ卷,done,../papers/2017/语文/全国/新课标全国Ⅲ卷/2017_语文_新课标全国Ⅲ卷_原卷.pdf,../papers/2017/语文/全国/新课标全国Ⅲ卷/2017_语文_新课标全国Ⅲ卷_OCR与考点.md,,rapidocr,
2017,语文,海南,老高考,2020,全国卷,common,新课标全国Ⅱ卷,done,../papers/2017/语文/全国/新课标全国Ⅱ卷/2017_语文_新课标全国Ⅱ卷_原卷.pdf,../papers/2017/语文/全国/新课标全国Ⅱ卷/2017_语文_新课标全国Ⅱ卷_OCR与考点.md,,rapidocr,13
2017,语文,重庆,老高考,2021,全国卷,common,新课标全国Ⅱ卷,done,../papers/2017/语文/全国/新课标全国Ⅱ卷/2017_语文_新课标全国Ⅱ卷_原卷.pdf,../papers/2017/语文/全国/新课标全国Ⅱ卷/2017_语文_新课标全国Ⅱ卷_OCR与考点.md,,rapidocr,13
2017,语文,四川,老高考,2025,全国卷,common,新课标全国Ⅲ卷,done,../papers/2017/语文/全国/新课标全国Ⅲ卷/2017_语文_新课标全国Ⅲ卷_原卷.pdf,../papers/2017/语文/全国/新课标全国Ⅲ卷/2017_语文_新课标全国Ⅲ卷_OCR与考点.md,,rapidocr,
2017,语文,贵州,老高考,2024,全国卷,common,新课标全国Ⅲ卷,done,../papers/2017/语文/全国/新课标全国Ⅲ卷/2017_语文_新课标全国Ⅲ卷_原卷.pdf,../papers/2017/语文/全国/新课标全国Ⅲ卷/2017_语文_新课标全国Ⅲ卷_OCR与考点.md,,rapidocr,
2017,语文,云南,老高考,2025,全国卷,common,新课标全国Ⅲ卷,done,../papers/2017/语文/全国/新课标全国Ⅲ卷/2017_语文_新课标全国Ⅲ卷_原卷.pdf,../papers/2017/语文/全国/新课标全国Ⅲ卷/2017_语文_新课标全国Ⅲ卷_OCR与考点.md,,rapidocr,
2017,语文,西藏,老高考,,全国卷,common,新课标全国Ⅱ卷,done,../papers/2017/语文/全国/新课标全国Ⅱ卷/2017_语文_新课标全国Ⅱ卷_原卷.pdf,../papers/2017/语文/全国/新课标全国Ⅱ卷/2017_语文_新课标全国Ⅱ卷_OCR与考点.md,,rapidocr,13
2017,语文,陕西,老高考,2025,全国卷,common,新课标全国Ⅱ卷,done,../papers/2017/语文/全国/新课标全国Ⅱ卷/2017_语文_新课标全国Ⅱ卷_原卷.pdf,../papers/2017/语文/全国/新课标全国Ⅱ卷/2017_语文_新课标全国Ⅱ卷_OCR与考点.md,,rapidocr,13
2017,语文,甘肃,老高考,2024,全国卷,common,新课标全国Ⅱ卷,done,../papers/2017/语文/全国/新课标全国Ⅱ卷/2017_语文_新课标全国Ⅱ卷_原卷.pdf,../papers/2017/语文/全国/新课标全国Ⅱ卷/2017_语文_新课标全国Ⅱ卷_OCR与考点.md,,rapidocr,13
2017,语文,青海,老高考,2025,全国卷,common,新课标全国Ⅱ卷,done,../papers/2017/语文/全国/新课标全国Ⅱ卷/2017_语文_新课标全国Ⅱ卷_原卷.pdf,../papers/2017/语文/全国/新课标全国Ⅱ卷/2017_语文_新课标全国Ⅱ卷_OCR与考点.md,,rapidocr,13
2017,语文,宁夏,老高考,2025,全国卷,common,新课标全国Ⅱ卷,done,../papers/2017/语文/全国/新课标全国Ⅱ卷/2017_语文_新课标全国Ⅱ卷_原卷.pdf,../papers/2017/语文/全国/新课标全国Ⅱ卷/2017_语文_新课标全国Ⅱ卷_OCR与考点.md,,rapidocr,13
2017,语文,新疆,老高考,,全国卷,common,新课标全国Ⅱ卷,done,../papers/2017/语文/全国/新课标全国Ⅱ卷/2017_语文_新课标全国Ⅱ卷_原卷.pdf,../papers/2017/语文/全国/新课标全国Ⅱ卷/2017_语文_新课标全国Ⅱ卷_OCR与考点.md,,rapidocr,13
2017,数学,北京,老高考,2020,地方/区域卷,local,北京卷,done,../papers/2017/数学/北京/北京卷/2017_数学_北京卷_原卷.pdf,../papers/2017/数学/北京/北京卷/2017_数学_北京卷_OCR与考点.md,,pypdf,6
2017,数学,天津,老高考,2020,地方/区域卷,local,天津卷,done,../papers/2017/数学/天津/天津卷/2017_数学_天津卷_原卷.pdf,../papers/2017/数学/天津/天津卷/2017_数学_天津卷_OCR与考点.md,,pypdf,4
2017,数学,河北,老高考,2021,全国卷,common,新课标全国Ⅰ卷,done,../papers/2017/数学/全国/新课标全国Ⅰ卷/2017_数学_新课标全国Ⅰ卷_原卷.pdf,../papers/2017/数学/全国/新课标全国Ⅰ卷/2017_数学_新课标全国Ⅰ卷_OCR与考点.md,,pypdf,7
2017,数学,山西,老高考,2025,全国卷,common,新课标全国Ⅰ卷,done,../papers/2017/数学/全国/新课标全国Ⅰ卷/2017_数学_新课标全国Ⅰ卷_原卷.pdf,../papers/2017/数学/全国/新课标全国Ⅰ卷/2017_数学_新课标全国Ⅰ卷_OCR与考点.md,,pypdf,7
2017,数学,内蒙古,老高考,2025,全国卷,common,新课标全国Ⅱ卷,done,../papers/2017/数学/全国/新课标全国Ⅱ卷/2017_数学_新课标全国Ⅱ卷_原卷.pdf,../papers/2017/数学/全国/新课标全国Ⅱ卷/2017_数学_新课标全国Ⅱ卷_OCR与考点.md,,pypdf,6
2017,数学,辽宁,老高考,2021,全国卷,common,新课标全国Ⅱ卷,done,../papers/2017/数学/全国/新课标全国Ⅱ卷/2017_数学_新课标全国Ⅱ卷_原卷.pdf,../papers/2017/数学/全国/新课标全国Ⅱ卷/2017_数学_新课标全国Ⅱ卷_OCR与考点.md,,pypdf,6
2017,数学,吉林,老高考,2024,全国卷,common,新课标全国Ⅱ卷,done,../papers/2017/数学/全国/新课标全国Ⅱ卷/2017_数学_新课标全国Ⅱ卷_原卷.pdf,../papers/2017/数学/全国/新课标全国Ⅱ卷/2017_数学_新课标全国Ⅱ卷_OCR与考点.md,,pypdf,6
2017,数学,黑龙江,老高考,2024,全国卷,common,新课标全国Ⅱ卷,done,../papers/2017/数学/全国/新课标全国Ⅱ卷/2017_数学_新课标全国Ⅱ卷_原卷.pdf,../papers/2017/数学/全国/新课标全国Ⅱ卷/2017_数学_新课标全国Ⅱ卷_OCR与考点.md,,pypdf,6
2017,数学,上海,新高考,2017,地方/区域卷,local,上海卷,done,../papers/2017/数学/上海/上海卷/2017_数学_上海卷_原卷.pdf,../papers/2017/数学/上海/上海卷/2017_数学_上海卷_OCR与考点.md,,pypdf,4
2017,数学,江苏,老高考,2021,地方/区域卷,local,江苏卷,done,../papers/2017/数学/江苏/江苏卷/2017_数学_江苏卷_原卷.pdf,../papers/2017/数学/江苏/江苏卷/2017_数学_江苏卷_OCR与考点.md,,pypdf,11
2017,数学,浙江,新高考,2017,地方/区域卷,local,浙江卷,done,../papers/2017/数学/浙江/浙江卷/2017_数学_浙江卷_原卷.pdf,../papers/2017/数学/浙江/浙江卷/2017_数学_浙江卷_OCR与考点.md,,pypdf,4
2017,数学,安徽,老高考,2024,全国卷,common,新课标全国Ⅰ卷,done,../papers/2017/数学/全国/新课标全国Ⅰ卷/2017_数学_新课标全国Ⅰ卷_原卷.pdf,../papers/2017/数学/全国/新课标全国Ⅰ卷/2017_数学_新课标全国Ⅰ卷_OCR与考点.md,,pypdf,7
2017,数学,福建,老高考,2021,全国卷,common,新课标全国Ⅰ卷,done,../papers/2017/数学/全国/新课标全国Ⅰ卷/2017_数学_新课标全国Ⅰ卷_原卷.pdf,../papers/2017/数学/全国/新课标全国Ⅰ卷/2017_数学_新课标全国Ⅰ卷_OCR与考点.md,,pypdf,7
2017,数学,江西,老高考,2024,全国卷,common,新课标全国Ⅰ卷,done,../papers/2017/数学/全国/新课标全国Ⅰ卷/2017_数学_新课标全国Ⅰ卷_原卷.pdf,../papers/2017/数学/全国/新课标全国Ⅰ卷/2017_数学_新课标全国Ⅰ卷_OCR与考点.md,,pypdf,7
2017,数学,山东,老高考,2020,地方/区域卷,local,山东卷,done,../papers/2017/数学/山东/山东卷/2017_数学_山东卷_原卷.pdf,../papers/2017/数学/山东/山东卷/2017_数学_山东卷_OCR与考点.md,,pypdf,5
2017,数学,河南,老高考,2025,全国卷,common,新课标全国Ⅰ卷,done,../papers/2017/数学/全国/新课标全国Ⅰ卷/2017_数学_新课标全国Ⅰ卷_原卷.pdf,../papers/2017/数学/全国/新课标全国Ⅰ卷/2017_数学_新课标全国Ⅰ卷_OCR与考点.md,,pypdf,7
2017,数学,湖北,老高考,2021,全国卷,common,新课标全国Ⅰ卷,done,../papers/2017/数学/全国/新课标全国Ⅰ卷/2017_数学_新课标全国Ⅰ卷_原卷.pdf,../papers/2017/数学/全国/新课标全国Ⅰ卷/2017_数学_新课标全国Ⅰ卷_OCR与考点.md,,pypdf,7
2017,数学,湖南,老高考,2021,全国卷,common,新课标全国Ⅰ卷,done,../papers/2017/数学/全国/新课标全国Ⅰ卷/2017_数学_新课标全国Ⅰ卷_原卷.pdf,../papers/2017/数学/全国/新课标全国Ⅰ卷/2017_数学_新课标全国Ⅰ卷_OCR与考点.md,,pypdf,7
2017,数学,广东,老高考,2021,全国卷,common,新课标全国Ⅰ卷,done,../papers/2017/数学/全国/新课标全国Ⅰ卷/2017_数学_新课标全国Ⅰ卷_原卷.pdf,../papers/2017/数学/全国/新课标全国Ⅰ卷/2017_数学_新课标全国Ⅰ卷_OCR与考点.md,,pypdf,7
2017,数学,广西,老高考,2024,全国卷,common,新课标全国Ⅲ卷,done,../papers/2017/数学/全国/新课标全国Ⅲ卷/2017_数学_新课标全国Ⅲ卷_原卷.pdf,../papers/2017/数学/全国/新课标全国Ⅲ卷/2017_数学_新课标全国Ⅲ卷_OCR与考点.md,,pypdf,
2017,数学,海南,老高考,2020,全国卷,common,新课标全国Ⅱ卷,done,../papers/2017/数学/全国/新课标全国Ⅱ卷/2017_数学_新课标全国Ⅱ卷_原卷.pdf,../papers/2017/数学/全国/新课标全国Ⅱ卷/2017_数学_新课标全国Ⅱ卷_OCR与考点.md,,pypdf,6
2017,数学,重庆,老高考,2021,全国卷,common,新课标全国Ⅱ卷,done,../papers/2017/数学/全国/新课标全国Ⅱ卷/2017_数学_新课标全国Ⅱ卷_原卷.pdf,../papers/2017/数学/全国/新课标全国Ⅱ卷/2017_数学_新课标全国Ⅱ卷_OCR与考点.md,,pypdf,6
2017,数学,四川,老高考,2025,全国卷,common,新课标全国Ⅲ卷,done,../papers/2017/数学/全国/新课标全国Ⅲ卷/2017_数学_新课标全国Ⅲ卷_原卷.pdf,../papers/2017/数学/全国/新课标全国Ⅲ卷/2017_数学_新课标全国Ⅲ卷_OCR与考点.md,,pypdf,
2017,数学,贵州,老高考,2024,全国卷,common,新课标全国Ⅲ卷,done,../papers/2017/数学/全国/新课标全国Ⅲ卷/2017_数学_新课标全国Ⅲ卷_原卷.pdf,../papers/2017/数学/全国/新课标全国Ⅲ卷/2017_数学_新课标全国Ⅲ卷_OCR与考点.md,,pypdf,
2017,数学,云南,老高考,2025,全国卷,common,新课标全国Ⅲ卷,done,../papers/2017/数学/全国/新课标全国Ⅲ卷/2017_数学_新课标全国Ⅲ卷_原卷.pdf,../papers/2017/数学/全国/新课标全国Ⅲ卷/2017_数学_新课标全国Ⅲ卷_OCR与考点.md,,pypdf,
2017,数学,西藏,老高考,,全国卷,common,新课标全国Ⅱ卷,done,../papers/2017/数学/全国/新课标全国Ⅱ卷/2017_数学_新课标全国Ⅱ卷_原卷.pdf,../papers/2017/数学/全国/新课标全国Ⅱ卷/2017_数学_新课标全国Ⅱ卷_OCR与考点.md,,pypdf,6
2017,数学,陕西,老高考,2025,全国卷,common,新课标全国Ⅱ卷,done,../papers/2017/数学/全国/新课标全国Ⅱ卷/2017_数学_新课标全国Ⅱ卷_原卷.pdf,../papers/2017/数学/全国/新课标全国Ⅱ卷/2017_数学_新课标全国Ⅱ卷_OCR与考点.md,,pypdf,6
2017,数学,甘肃,老高考,2024,全国卷,common,新课标全国Ⅱ卷,done,../papers/2017/数学/全国/新课标全国Ⅱ卷/2017_数学_新课标全国Ⅱ卷_原卷.pdf,../papers/2017/数学/全国/新课标全国Ⅱ卷/2017_数学_新课标全国Ⅱ卷_OCR与考点.md,,pypdf,6
2017,数学,青海,老高考,2025,全国卷,common,新课标全国Ⅱ卷,done,../papers/2017/数学/全国/新课标全国Ⅱ卷/2017_数学_新课标全国Ⅱ卷_原卷.pdf,../papers/2017/数学/全国/新课标全国Ⅱ卷/2017_数学_新课标全国Ⅱ卷_OCR与考点.md,,pypdf,6
2017,数学,宁夏,老高考,2025,全国卷,common,新课标全国Ⅱ卷,done,../papers/2017/数学/全国/新课标全国Ⅱ卷/2017_数学_新课标全国Ⅱ卷_原卷.pdf,../papers/2017/数学/全国/新课标全国Ⅱ卷/2017_数学_新课标全国Ⅱ卷_OCR与考点.md,,pypdf,6
2017,数学,新疆,老高考,,全国卷,common,新课标全国Ⅱ卷,done,../papers/2017/数学/全国/新课标全国Ⅱ卷/2017_数学_新课标全国Ⅱ卷_原卷.pdf,../papers/2017/数学/全国/新课标全国Ⅱ卷/2017_数学_新课标全国Ⅱ卷_OCR与考点.md,,pypdf,6
2017,英语,北京,老高考,2020,地方/区域卷,local,北京卷,done,../papers/2017/英语/北京/北京卷/2017_英语_北京卷_原卷.pdf,../papers/2017/英语/北京/北京卷/2017_英语_北京卷_OCR与考点.md,../papers/2017/英语/北京/北京卷/2017_英语_北京卷_听力.mp3,pypdf,15
2017,英语,天津,老高考,2020,地方/区域卷,local,天津卷,done,../papers/2017/英语/天津/天津卷/2017_英语_天津卷_原卷.pdf,../papers/2017/英语/天津/天津卷/2017_英语_天津卷_OCR与考点.md,,pypdf,12
2017,英语,河北,老高考,2021,全国卷,common,新课标全国Ⅰ卷,done,../papers/2017/英语/全国/新课标全国Ⅰ卷/2017_英语_新课标全国Ⅰ卷_原卷.pdf,../papers/2017/英语/全国/新课标全国Ⅰ卷/2017_英语_新课标全国Ⅰ卷_OCR与考点.md,../papers/2017/英语/全国/新课标全国Ⅰ卷/2017_英语_新课标全国Ⅰ卷_听力.mp3,pypdf,13
2017,英语,山西,老高考,2025,全国卷,common,新课标全国Ⅰ卷,done,../papers/2017/英语/全国/新课标全国Ⅰ卷/2017_英语_新课标全国Ⅰ卷_原卷.pdf,../papers/2017/英语/全国/新课标全国Ⅰ卷/2017_英语_新课标全国Ⅰ卷_OCR与考点.md,../papers/2017/英语/全国/新课标全国Ⅰ卷/2017_英语_新课标全国Ⅰ卷_听力.mp3,pypdf,13
2017,英语,内蒙古,老高考,2025,全国卷,common,新课标全国Ⅱ卷,done,../papers/2017/英语/全国/新课标全国Ⅱ卷/2017_英语_新课标全国Ⅱ卷_原卷.pdf,../papers/2017/英语/全国/新课标全国Ⅱ卷/2017_英语_新课标全国Ⅱ卷_OCR与考点.md,../papers/2017/英语/全国/新课标全国Ⅱ卷/2017_英语_新课标全国Ⅱ卷_听力.mp3,pypdf,13
2017,英语,辽宁,老高考,2021,全国卷,common,新课标全国Ⅱ卷,done,../papers/2017/英语/全国/新课标全国Ⅱ卷/2017_英语_新课标全国Ⅱ卷_原卷.pdf,../papers/2017/英语/全国/新课标全国Ⅱ卷/2017_英语_新课标全国Ⅱ卷_OCR与考点.md,../papers/2017/英语/全国/新课标全国Ⅱ卷/2017_英语_新课标全国Ⅱ卷_听力.mp3,pypdf,13
2017,英语,吉林,老高考,2024,全国卷,common,新课标全国Ⅱ卷,done,../papers/2017/英语/全国/新课标全国Ⅱ卷/2017_英语_新课标全国Ⅱ卷_原卷.pdf,../papers/2017/英语/全国/新课标全国Ⅱ卷/2017_英语_新课标全国Ⅱ卷_OCR与考点.md,../papers/2017/英语/全国/新课标全国Ⅱ卷/2017_英语_新课标全国Ⅱ卷_听力.mp3,pypdf,13
2017,英语,黑龙江,老高考,2024,全国卷,common,新课标全国Ⅱ卷,done,../papers/2017/英语/全国/新课标全国Ⅱ卷/2017_英语_新课标全国Ⅱ卷_原卷.pdf,../papers/2017/英语/全国/新课标全国Ⅱ卷/2017_英语_新课标全国Ⅱ卷_OCR与考点.md,../papers/2017/英语/全国/新课标全国Ⅱ卷/2017_英语_新课标全国Ⅱ卷_听力.mp3,pypdf,13
2017,英语,上海,新高考,2017,地方/区域卷,local,上海卷,done,../papers/2017/英语/上海/上海卷/2017_英语_上海卷_原卷.pdf,../papers/2017/英语/上海/上海卷/2017_英语_上海卷_OCR与考点.md,../papers/2017/英语/上海/上海卷/2017_英语_上海卷_听力.mp3,pypdf,14
2017,英语,江苏,老高考,2021,地方/区域卷,local,江苏卷,done,../papers/2017/英语/江苏/江苏卷/2017_英语_江苏卷_原卷.pdf,../papers/2017/英语/江苏/江苏卷/2017_英语_江苏卷_OCR与考点.md,../papers/2017/英语/江苏/江苏卷/2017_英语_江苏卷_听力.mp3,pypdf,17
2017,英语,浙江,新高考,2017,地方/区域卷,local,浙江卷,done,../papers/2017/英语/浙江/浙江卷/2017_英语_浙江卷_原卷.pdf,../papers/2017/英语/浙江/浙江卷/2017_英语_浙江卷_OCR与考点.md,../papers/2017/英语/浙江/浙江卷/2017_英语_浙江卷_听力.mp3,pypdf,11
2017,英语,安徽,老高考,2024,全国卷,common,新课标全国Ⅰ卷,done,../papers/2017/英语/全国/新课标全国Ⅰ卷/2017_英语_新课标全国Ⅰ卷_原卷.pdf,../papers/2017/英语/全国/新课标全国Ⅰ卷/2017_英语_新课标全国Ⅰ卷_OCR与考点.md,../papers/2017/英语/全国/新课标全国Ⅰ卷/2017_英语_新课标全国Ⅰ卷_听力.mp3,pypdf,13
2017,英语,福建,老高考,2021,全国卷,common,新课标全国Ⅰ卷,done,../papers/2017/英语/全国/新课标全国Ⅰ卷/2017_英语_新课标全国Ⅰ卷_原卷.pdf,../papers/2017/英语/全国/新课标全国Ⅰ卷/2017_英语_新课标全国Ⅰ卷_OCR与考点.md,../papers/2017/英语/全国/新课标全国Ⅰ卷/2017_英语_新课标全国Ⅰ卷_听力.mp3,pypdf,13
2017,英语,江西,老高考,2024,全国卷,common,新课标全国Ⅰ卷,done,../papers/2017/英语/全国/新课标全国Ⅰ卷/2017_英语_新课标全国Ⅰ卷_原卷.pdf,../papers/2017/英语/全国/新课标全国Ⅰ卷/2017_英语_新课标全国Ⅰ卷_OCR与考点.md,../papers/2017/英语/全国/新课标全国Ⅰ卷/2017_英语_新课标全国Ⅰ卷_听力.mp3,pypdf,13
2017,英语,山东,老高考,2020,全国卷,common,新课标全国Ⅰ卷,done,../papers/2017/英语/全国/新课标全国Ⅰ卷/2017_英语_新课标全国Ⅰ卷_原卷.pdf,../papers/2017/英语/全国/新课标全国Ⅰ卷/2017_英语_新课标全国Ⅰ卷_OCR与考点.md,../papers/2017/英语/全国/新课标全国Ⅰ卷/2017_英语_新课标全国Ⅰ卷_听力.mp3,pypdf,13
2017,英语,河南,老高考,2025,全国卷,common,新课标全国Ⅰ卷,done,../papers/2017/英语/全国/新课标全国Ⅰ卷/2017_英语_新课标全国Ⅰ卷_原卷.pdf,../papers/2017/英语/全国/新课标全国Ⅰ卷/2017_英语_新课标全国Ⅰ卷_OCR与考点.md,../papers/2017/英语/全国/新课标全国Ⅰ卷/2017_英语_新课标全国Ⅰ卷_听力.mp3,pypdf,13
2017,英语,湖北,老高考,2021,全国卷,common,新课标全国Ⅰ卷,done,../papers/2017/英语/全国/新课标全国Ⅰ卷/2017_英语_新课标全国Ⅰ卷_原卷.pdf,../papers/2017/英语/全国/新课标全国Ⅰ卷/2017_英语_新课标全国Ⅰ卷_OCR与考点.md,../papers/2017/英语/全国/新课标全国Ⅰ卷/2017_英语_新课标全国Ⅰ卷_听力.mp3,pypdf,13
2017,英语,湖南,老高考,2021,全国卷,common,新课标全国Ⅰ卷,done,../papers/2017/英语/全国/新课标全国Ⅰ卷/2017_英语_新课标全国Ⅰ卷_原卷.pdf,../papers/2017/英语/全国/新课标全国Ⅰ卷/2017_英语_新课标全国Ⅰ卷_OCR与考点.md,../papers/2017/英语/全国/新课标全国Ⅰ卷/2017_英语_新课标全国Ⅰ卷_听力.mp3,pypdf,13
2017,英语,广东,老高考,2021,全国卷,common,新课标全国Ⅰ卷,done,../papers/2017/英语/全国/新课标全国Ⅰ卷/2017_英语_新课标全国Ⅰ卷_原卷.pdf,../papers/2017/英语/全国/新课标全国Ⅰ卷/2017_英语_新课标全国Ⅰ卷_OCR与考点.md,../papers/2017/英语/全国/新课标全国Ⅰ卷/2017_英语_新课标全国Ⅰ卷_听力.mp3,pypdf,13
2017,英语,广西,老高考,2024,全国卷,common,新课标全国Ⅲ卷,done,../papers/2017/英语/全国/新课标全国Ⅲ卷/2017_英语_新课标全国Ⅲ卷_原卷.pdf,../papers/2017/英语/全国/新课标全国Ⅲ卷/2017_英语_新课标全国Ⅲ卷_OCR与考点.md,../papers/2017/英语/全国/新课标全国Ⅲ卷/2017_英语_新课标全国Ⅲ卷_听力.mp3,pypdf,
2017,英语,海南,老高考,2020,全国卷,common,新课标全国Ⅱ卷,done,../papers/2017/英语/全国/新课标全国Ⅱ卷/2017_英语_新课标全国Ⅱ卷_原卷.pdf,../papers/2017/英语/全国/新课标全国Ⅱ卷/2017_英语_新课标全国Ⅱ卷_OCR与考点.md,../papers/2017/英语/全国/新课标全国Ⅱ卷/2017_英语_新课标全国Ⅱ卷_听力.mp3,pypdf,13
2017,英语,重庆,老高考,2021,全国卷,common,新课标全国Ⅱ卷,done,../papers/2017/英语/全国/新课标全国Ⅱ卷/2017_英语_新课标全国Ⅱ卷_原卷.pdf,../papers/2017/英语/全国/新课标全国Ⅱ卷/2017_英语_新课标全国Ⅱ卷_OCR与考点.md,../papers/2017/英语/全国/新课标全国Ⅱ卷/2017_英语_新课标全国Ⅱ卷_听力.mp3,pypdf,13
2017,英语,四川,老高考,2025,全国卷,common,新课标全国Ⅲ卷,done,../papers/2017/英语/全国/新课标全国Ⅲ卷/2017_英语_新课标全国Ⅲ卷_原卷.pdf,../papers/2017/英语/全国/新课标全国Ⅲ卷/2017_英语_新课标全国Ⅲ卷_OCR与考点.md,../papers/2017/英语/全国/新课标全国Ⅲ卷/2017_英语_新课标全国Ⅲ卷_听力.mp3,pypdf,
2017,英语,贵州,老高考,2024,全国卷,common,新课标全国Ⅲ卷,done,../papers/2017/英语/全国/新课标全国Ⅲ卷/2017_英语_新课标全国Ⅲ卷_原卷.pdf,../papers/2017/英语/全国/新课标全国Ⅲ卷/2017_英语_新课标全国Ⅲ卷_OCR与考点.md,../papers/2017/英语/全国/新课标全国Ⅲ卷/2017_英语_新课标全国Ⅲ卷_听力.mp3,pypdf,
2017,英语,云南,老高考,2025,全国卷,common,新课标全国Ⅲ卷,done,../papers/2017/英语/全国/新课标全国Ⅲ卷/2017_英语_新课标全国Ⅲ卷_原卷.pdf,../papers/2017/英语/全国/新课标全国Ⅲ卷/2017_英语_新课标全国Ⅲ卷_OCR与考点.md,../papers/2017/英语/全国/新课标全国Ⅲ卷/2017_英语_新课标全国Ⅲ卷_听力.mp3,pypdf,
2017,英语,西藏,老高考,,全国卷,common,新课标全国Ⅱ卷,done,../papers/2017/英语/全国/新课标全国Ⅱ卷/2017_英语_新课标全国Ⅱ卷_原卷.pdf,../papers/2017/英语/全国/新课标全国Ⅱ卷/2017_英语_新课标全国Ⅱ卷_OCR与考点.md,../papers/2017/英语/全国/新课标全国Ⅱ卷/2017_英语_新课标全国Ⅱ卷_听力.mp3,pypdf,13
2017,英语,陕西,老高考,2025,全国卷,common,新课标全国Ⅱ卷,done,../papers/2017/英语/全国/新课标全国Ⅱ卷/2017_英语_新课标全国Ⅱ卷_原卷.pdf,../papers/2017/英语/全国/新课标全国Ⅱ卷/2017_英语_新课标全国Ⅱ卷_OCR与考点.md,../papers/2017/英语/全国/新课标全国Ⅱ卷/2017_英语_新课标全国Ⅱ卷_听力.mp3,pypdf,13
2017,英语,甘肃,老高考,2024,全国卷,common,新课标全国Ⅱ卷,done,../papers/2017/英语/全国/新课标全国Ⅱ卷/2017_英语_新课标全国Ⅱ卷_原卷.pdf,../papers/2017/英语/全国/新课标全国Ⅱ卷/2017_英语_新课标全国Ⅱ卷_OCR与考点.md,../papers/2017/英语/全国/新课标全国Ⅱ卷/2017_英语_新课标全国Ⅱ卷_听力.mp3,pypdf,13
2017,英语,青海,老高考,2025,全国卷,common,新课标全国Ⅱ卷,done,../papers/2017/英语/全国/新课标全国Ⅱ卷/2017_英语_新课标全国Ⅱ卷_原卷.pdf,../papers/2017/英语/全国/新课标全国Ⅱ卷/2017_英语_新课标全国Ⅱ卷_OCR与考点.md,../papers/2017/英语/全国/新课标全国Ⅱ卷/2017_英语_新课标全国Ⅱ卷_听力.mp3,pypdf,13
2017,英语,宁夏,老高考,2025,全国卷,common,新课标全国Ⅱ卷,done,../papers/2017/英语/全国/新课标全国Ⅱ卷/2017_英语_新课标全国Ⅱ卷_原卷.pdf,../papers/2017/英语/全国/新课标全国Ⅱ卷/2017_英语_新课标全国Ⅱ卷_OCR与考点.md,../papers/2017/英语/全国/新课标全国Ⅱ卷/2017_英语_新课标全国Ⅱ卷_听力.mp3,pypdf,13
2017,英语,新疆,老高考,,全国卷,common,新课标全国Ⅱ卷,done,../papers/2017/英语/全国/新课标全国Ⅱ卷/2017_英语_新课标全国Ⅱ卷_原卷.pdf,../papers/2017/英语/全国/新课标全国Ⅱ卷/2017_英语_新课标全国Ⅱ卷_OCR与考点.md,../papers/2017/英语/全国/新课标全国Ⅱ卷/2017_英语_新课标全国Ⅱ卷_听力.mp3,pypdf,13
2017,物理,北京,老高考,2020,地方/区域卷,local,北京卷,done,../papers/2017/物理/北京/北京理综/2017_物理_北京理综_原卷.pdf,../papers/2017/物理/北京/北京理综/2017_物理_北京理综_OCR与考点.md,,pypdf,7
2017,物理,天津,老高考,2020,地方/区域卷,local,天津卷,done,../papers/2017/物理/天津/天津理综/2017_物理_天津理综_原卷.pdf,../papers/2017/物理/天津/天津理综/2017_物理_天津理综_OCR与考点.md,,pypdf,7
2017,物理,河北,老高考,2021,全国卷,common,新课标全国Ⅰ卷,done,../papers/2017/物理/全国/新课标全国Ⅰ卷理综/2017_物理_新课标全国Ⅰ卷理综_原卷.pdf,../papers/2017/物理/全国/新课标全国Ⅰ卷理综/2017_物理_新课标全国Ⅰ卷理综_OCR与考点.md,,pypdf,9
2017,物理,山西,老高考,2025,全国卷,common,新课标全国Ⅰ卷,done,../papers/2017/物理/全国/新课标全国Ⅰ卷理综/2017_物理_新课标全国Ⅰ卷理综_原卷.pdf,../papers/2017/物理/全国/新课标全国Ⅰ卷理综/2017_物理_新课标全国Ⅰ卷理综_OCR与考点.md,,pypdf,9
2017,物理,内蒙古,老高考,2025,全国卷,common,新课标全国Ⅱ卷,done,../papers/2017/物理/全国/新课标全国Ⅱ卷理综/2017_物理_新课标全国Ⅱ卷理综_原卷.pdf,../papers/2017/物理/全国/新课标全国Ⅱ卷理综/2017_物理_新课标全国Ⅱ卷理综_OCR与考点.md,,pypdf,9
2017,物理,辽宁,老高考,2021,全国卷,common,新课标全国Ⅱ卷,done,../papers/2017/物理/全国/新课标全国Ⅱ卷理综/2017_物理_新课标全国Ⅱ卷理综_原卷.pdf,../papers/2017/物理/全国/新课标全国Ⅱ卷理综/2017_物理_新课标全国Ⅱ卷理综_OCR与考点.md,,pypdf,9
2017,物理,吉林,老高考,2024,全国卷,common,新课标全国Ⅱ卷,done,../papers/2017/物理/全国/新课标全国Ⅱ卷理综/2017_物理_新课标全国Ⅱ卷理综_原卷.pdf,../papers/2017/物理/全国/新课标全国Ⅱ卷理综/2017_物理_新课标全国Ⅱ卷理综_OCR与考点.md,,pypdf,9
2017,物理,黑龙江,老高考,2024,全国卷,common,新课标全国Ⅱ卷,done,../papers/2017/物理/全国/新课标全国Ⅱ卷理综/2017_物理_新课标全国Ⅱ卷理综_原卷.pdf,../papers/2017/物理/全国/新课标全国Ⅱ卷理综/2017_物理_新课标全国Ⅱ卷理综_OCR与考点.md,,pypdf,9
2017,物理,上海,新高考,2017,地方/区域卷,local,上海卷,done,../papers/2017/物理/上海/上海卷/2017_物理_上海卷_原卷.pdf,../papers/2017/物理/上海/上海卷/2017_物理_上海卷_OCR与考点.md,,pypdf,10
2017,物理,江苏,老高考,2021,地方/区域卷,local,江苏卷,done,../papers/2017/物理/江苏/江苏理综/2017_物理_江苏理综_原卷.pdf,../papers/2017/物理/江苏/江苏理综/2017_物理_江苏理综_OCR与考点.md,,pypdf,10
2017,物理,浙江,新高考,2017,地方/区域卷,local,浙江卷,done,../papers/2017/物理/浙江/浙江卷/2017_物理_浙江卷_原卷.pdf,../papers/2017/物理/浙江/浙江卷/2017_物理_浙江卷_OCR与考点.md,,pypdf,13
2017,物理,安徽,老高考,2024,全国卷,common,新课标全国Ⅰ卷,done,../papers/2017/物理/全国/新课标全国Ⅰ卷理综/2017_物理_新课标全国Ⅰ卷理综_原卷.pdf,../papers/2017/物理/全国/新课标全国Ⅰ卷理综/2017_物理_新课标全国Ⅰ卷理综_OCR与考点.md,,pypdf,9
2017,物理,福建,老高考,2021,全国卷,common,新课标全国Ⅰ卷,done,../papers/2017/物理/全国/新课标全国Ⅰ卷理综/2017_物理_新课标全国Ⅰ卷理综_原卷.pdf,../papers/2017/物理/全国/新课标全国Ⅰ卷理综/2017_物理_新课标全国Ⅰ卷理综_OCR与考点.md,,pypdf,9
2017,物理,江西,老高考,2024,全国卷,common,新课标全国Ⅰ卷,done,../papers/2017/物理/全国/新课标全国Ⅰ卷理综/2017_物理_新课标全国Ⅰ卷理综_原卷.pdf,../papers/2017/物理/全国/新课标全国Ⅰ卷理综/2017_物理_新课标全国Ⅰ卷理综_OCR与考点.md,,pypdf,9
2017,物理,山东,老高考,2020,全国卷,common,新课标全国Ⅰ卷,done,../papers/2017/物理/全国/新课标全国Ⅰ卷理综/2017_物理_新课标全国Ⅰ卷理综_原卷.pdf,../papers/2017/物理/全国/新课标全国Ⅰ卷理综/2017_物理_新课标全国Ⅰ卷理综_OCR与考点.md,,pypdf,9
2017,物理,河南,老高考,2025,全国卷,common,新课标全国Ⅰ卷,done,../papers/2017/物理/全国/新课标全国Ⅰ卷理综/2017_物理_新课标全国Ⅰ卷理综_原卷.pdf,../papers/2017/物理/全国/新课标全国Ⅰ卷理综/2017_物理_新课标全国Ⅰ卷理综_OCR与考点.md,,pypdf,9
2017,物理,湖北,老高考,2021,全国卷,common,新课标全国Ⅰ卷,done,../papers/2017/物理/全国/新课标全国Ⅰ卷理综/2017_物理_新课标全国Ⅰ卷理综_原卷.pdf,../papers/2017/物理/全国/新课标全国Ⅰ卷理综/2017_物理_新课标全国Ⅰ卷理综_OCR与考点.md,,pypdf,9
2017,物理,湖南,老高考,2021,全国卷,common,新课标全国Ⅰ卷,done,../papers/2017/物理/全国/新课标全国Ⅰ卷理综/2017_物理_新课标全国Ⅰ卷理综_原卷.pdf,../papers/2017/物理/全国/新课标全国Ⅰ卷理综/2017_物理_新课标全国Ⅰ卷理综_OCR与考点.md,,pypdf,9
2017,物理,广东,老高考,2021,全国卷,common,新课标全国Ⅰ卷,done,../papers/2017/物理/全国/新课标全国Ⅰ卷理综/2017_物理_新课标全国Ⅰ卷理综_原卷.pdf,../papers/2017/物理/全国/新课标全国Ⅰ卷理综/2017_物理_新课标全国Ⅰ卷理综_OCR与考点.md,,pypdf,9
2017,物理,广西,老高考,2024,全国卷,common,新课标全国Ⅲ卷,done,../papers/2017/物理/全国/新课标全国Ⅲ卷理综/2017_物理_新课标全国Ⅲ卷理综_原卷.pdf,../papers/2017/物理/全国/新课标全国Ⅲ卷理综/2017_物理_新课标全国Ⅲ卷理综_OCR与考点.md,,pypdf,
2017,物理,海南,老高考,2020,地方/区域卷,local,海南卷,done,../papers/2017/物理/海南/海南理综/2017_物理_海南理综_原卷.pdf,../papers/2017/物理/海南/海南理综/2017_物理_海南理综_OCR与考点.md,,pypdf,7
2017,物理,重庆,老高考,2021,全国卷,common,新课标全国Ⅱ卷,done,../papers/2017/物理/全国/新课标全国Ⅱ卷理综/2017_物理_新课标全国Ⅱ卷理综_原卷.pdf,../papers/2017/物理/全国/新课标全国Ⅱ卷理综/2017_物理_新课标全国Ⅱ卷理综_OCR与考点.md,,pypdf,9
2017,物理,四川,老高考,2025,全国卷,common,新课标全国Ⅲ卷,done,../papers/2017/物理/全国/新课标全国Ⅲ卷理综/2017_物理_新课标全国Ⅲ卷理综_原卷.pdf,../papers/2017/物理/全国/新课标全国Ⅲ卷理综/2017_物理_新课标全国Ⅲ卷理综_OCR与考点.md,,pypdf,
2017,物理,贵州,老高考,2024,全国卷,common,新课标全国Ⅲ卷,done,../papers/2017/物理/全国/新课标全国Ⅲ卷理综/2017_物理_新课标全国Ⅲ卷理综_原卷.pdf,../papers/2017/物理/全国/新课标全国Ⅲ卷理综/2017_物理_新课标全国Ⅲ卷理综_OCR与考点.md,,pypdf,
2017,物理,云南,老高考,2025,全国卷,common,新课标全国Ⅲ卷,done,../papers/2017/物理/全国/新课标全国Ⅲ卷理综/2017_物理_新课标全国Ⅲ卷理综_原卷.pdf,../papers/2017/物理/全国/新课标全国Ⅲ卷理综/2017_物理_新课标全国Ⅲ卷理综_OCR与考点.md,,pypdf,
2017,物理,西藏,老高考,,全国卷,common,新课标全国Ⅱ卷,done,../papers/2017/物理/全国/新课标全国Ⅱ卷理综/2017_物理_新课标全国Ⅱ卷理综_原卷.pdf,../papers/2017/物理/全国/新课标全国Ⅱ卷理综/2017_物理_新课标全国Ⅱ卷理综_OCR与考点.md,,pypdf,9
2017,物理,陕西,老高考,2025,全国卷,common,新课标全国Ⅱ卷,done,../papers/2017/物理/全国/新课标全国Ⅱ卷理综/2017_物理_新课标全国Ⅱ卷理综_原卷.pdf,../papers/2017/物理/全国/新课标全国Ⅱ卷理综/2017_物理_新课标全国Ⅱ卷理综_OCR与考点.md,,pypdf,9
2017,物理,甘肃,老高考,2024,全国卷,common,新课标全国Ⅱ卷,done,../papers/2017/物理/全国/新课标全国Ⅱ卷理综/2017_物理_新课标全国Ⅱ卷理综_原卷.pdf,../papers/2017/物理/全国/新课标全国Ⅱ卷理综/2017_物理_新课标全国Ⅱ卷理综_OCR与考点.md,,pypdf,9
2017,物理,青海,老高考,2025,全国卷,common,新课标全国Ⅱ卷,done,../papers/2017/物理/全国/新课标全国Ⅱ卷理综/2017_物理_新课标全国Ⅱ卷理综_原卷.pdf,../papers/2017/物理/全国/新课标全国Ⅱ卷理综/2017_物理_新课标全国Ⅱ卷理综_OCR与考点.md,,pypdf,9
2017,物理,宁夏,老高考,2025,全国卷,common,新课标全国Ⅱ卷,done,../papers/2017/物理/全国/新课标全国Ⅱ卷理综/2017_物理_新课标全国Ⅱ卷理综_原卷.pdf,../papers/2017/物理/全国/新课标全国Ⅱ卷理综/2017_物理_新课标全国Ⅱ卷理综_OCR与考点.md,,pypdf,9
2017,物理,新疆,老高考,,全国卷,common,新课标全国Ⅱ卷,done,../papers/2017/物理/全国/新课标全国Ⅱ卷理综/2017_物理_新课标全国Ⅱ卷理综_原卷.pdf,../papers/2017/物理/全国/新课标全国Ⅱ卷理综/2017_物理_新课标全国Ⅱ卷理综_OCR与考点.md,,pypdf,9
2017,化学,北京,老高考,2020,地方/区域卷,local,北京卷,done,../papers/2017/化学/北京/北京理综/2017_化学_北京理综_原卷.pdf,../papers/2017/化学/北京/北京理综/2017_化学_北京理综_OCR与考点.md,,pypdf,7
2017,化学,天津,老高考,2020,地方/区域卷,local,天津卷,done,../papers/2017/化学/天津/天津理综/2017_化学_天津理综_原卷.pdf,../papers/2017/化学/天津/天津理综/2017_化学_天津理综_OCR与考点.md,,pypdf,6
2017,化学,河北,老高考,2021,全国卷,common,新课标全国Ⅰ卷,done,../papers/2017/化学/全国/新课标全国Ⅰ卷理综/2017_化学_新课标全国Ⅰ卷理综_原卷.pdf,../papers/2017/化学/全国/新课标全国Ⅰ卷理综/2017_化学_新课标全国Ⅰ卷理综_OCR与考点.md,,pypdf,8
2017,化学,山西,老高考,2025,全国卷,common,新课标全国Ⅰ卷,done,../papers/2017/化学/全国/新课标全国Ⅰ卷理综/2017_化学_新课标全国Ⅰ卷理综_原卷.pdf,../papers/2017/化学/全国/新课标全国Ⅰ卷理综/2017_化学_新课标全国Ⅰ卷理综_OCR与考点.md,,pypdf,8
2017,化学,内蒙古,老高考,2025,全国卷,common,新课标全国Ⅱ卷,done,../papers/2017/化学/全国/新课标全国Ⅱ卷理综/2017_化学_新课标全国Ⅱ卷理综_原卷.pdf,../papers/2017/化学/全国/新课标全国Ⅱ卷理综/2017_化学_新课标全国Ⅱ卷理综_OCR与考点.md,,pypdf,8
2017,化学,辽宁,老高考,2021,全国卷,common,新课标全国Ⅱ卷,done,../papers/2017/化学/全国/新课标全国Ⅱ卷理综/2017_化学_新课标全国Ⅱ卷理综_原卷.pdf,../papers/2017/化学/全国/新课标全国Ⅱ卷理综/2017_化学_新课标全国Ⅱ卷理综_OCR与考点.md,,pypdf,8
2017,化学,吉林,老高考,2024,全国卷,common,新课标全国Ⅱ卷,done,../papers/2017/化学/全国/新课标全国Ⅱ卷理综/2017_化学_新课标全国Ⅱ卷理综_原卷.pdf,../papers/2017/化学/全国/新课标全国Ⅱ卷理综/2017_化学_新课标全国Ⅱ卷理综_OCR与考点.md,,pypdf,8
2017,化学,黑龙江,老高考,2024,全国卷,common,新课标全国Ⅱ卷,done,../papers/2017/化学/全国/新课标全国Ⅱ卷理综/2017_化学_新课标全国Ⅱ卷理综_原卷.pdf,../papers/2017/化学/全国/新课标全国Ⅱ卷理综/2017_化学_新课标全国Ⅱ卷理综_OCR与考点.md,,pypdf,8
2017,化学,上海,新高考,2017,地方/区域卷,local,上海卷,done,../papers/2017/化学/上海/上海卷/2017_化学_上海卷_原卷.pdf,../papers/2017/化学/上海/上海卷/2017_化学_上海卷_OCR与考点.md,,pypdf,6
2017,化学,江苏,老高考,2021,地方/区域卷,local,江苏卷,done,../papers/2017/化学/江苏/江苏理综/2017_化学_江苏理综_原卷.pdf,../papers/2017/化学/江苏/江苏理综/2017_化学_江苏理综_OCR与考点.md,,pypdf,10
2017,化学,浙江,新高考,2017,地方/区域卷,local,浙江卷,done,../papers/2017/化学/浙江/浙江卷/2017_化学_浙江卷_原卷.pdf,../papers/2017/化学/浙江/浙江卷/2017_化学_浙江卷_OCR与考点.md,,pypdf,11
2017,化学,安徽,老高考,2024,全国卷,common,新课标全国Ⅰ卷,done,../papers/2017/化学/全国/新课标全国Ⅰ卷理综/2017_化学_新课标全国Ⅰ卷理综_原卷.pdf,../papers/2017/化学/全国/新课标全国Ⅰ卷理综/2017_化学_新课标全国Ⅰ卷理综_OCR与考点.md,,pypdf,8
2017,化学,福建,老高考,2021,全国卷,common,新课标全国Ⅰ卷,done,../papers/2017/化学/全国/新课标全国Ⅰ卷理综/2017_化学_新课标全国Ⅰ卷理综_原卷.pdf,../papers/2017/化学/全国/新课标全国Ⅰ卷理综/2017_化学_新课标全国Ⅰ卷理综_OCR与考点.md,,pypdf,8
2017,化学,江西,老高考,2024,全国卷,common,新课标全国Ⅰ卷,done,../papers/2017/化学/全国/新课标全国Ⅰ卷理综/2017_化学_新课标全国Ⅰ卷理综_原卷.pdf,../papers/2017/化学/全国/新课标全国Ⅰ卷理综/2017_化学_新课标全国Ⅰ卷理综_OCR与考点.md,,pypdf,8
2017,化学,山东,老高考,2020,全国卷,common,新课标全国Ⅰ卷,done,../papers/2017/化学/全国/新课标全国Ⅰ卷理综/2017_化学_新课标全国Ⅰ卷理综_原卷.pdf,../papers/2017/化学/全国/新课标全国Ⅰ卷理综/2017_化学_新课标全国Ⅰ卷理综_OCR与考点.md,,pypdf,8
2017,化学,河南,老高考,2025,全国卷,common,新课标全国Ⅰ卷,done,../papers/2017/化学/全国/新课标全国Ⅰ卷理综/2017_化学_新课标全国Ⅰ卷理综_原卷.pdf,../papers/2017/化学/全国/新课标全国Ⅰ卷理综/2017_化学_新课标全国Ⅰ卷理综_OCR与考点.md,,pypdf,8
2017,化学,湖北,老高考,2021,全国卷,common,新课标全国Ⅰ卷,done,../papers/2017/化学/全国/新课标全国Ⅰ卷理综/2017_化学_新课标全国Ⅰ卷理综_原卷.pdf,../papers/2017/化学/全国/新课标全国Ⅰ卷理综/2017_化学_新课标全国Ⅰ卷理综_OCR与考点.md,,pypdf,8
2017,化学,湖南,老高考,2021,全国卷,common,新课标全国Ⅰ卷,done,../papers/2017/化学/全国/新课标全国Ⅰ卷理综/2017_化学_新课标全国Ⅰ卷理综_原卷.pdf,../papers/2017/化学/全国/新课标全国Ⅰ卷理综/2017_化学_新课标全国Ⅰ卷理综_OCR与考点.md,,pypdf,8
2017,化学,广东,老高考,2021,全国卷,common,新课标全国Ⅰ卷,done,../papers/2017/化学/全国/新课标全国Ⅰ卷理综/2017_化学_新课标全国Ⅰ卷理综_原卷.pdf,../papers/2017/化学/全国/新课标全国Ⅰ卷理综/2017_化学_新课标全国Ⅰ卷理综_OCR与考点.md,,pypdf,8
2017,化学,广西,老高考,2024,全国卷,common,新课标全国Ⅲ卷,done,../papers/2017/化学/全国/新课标全国Ⅲ卷理综/2017_化学_新课标全国Ⅲ卷理综_原卷.pdf,../papers/2017/化学/全国/新课标全国Ⅲ卷理综/2017_化学_新课标全国Ⅲ卷理综_OCR与考点.md,,pypdf,
2017,化学,海南,老高考,2020,地方/区域卷,local,海南卷,done,../papers/2017/化学/海南/海南理综/2017_化学_海南理综_原卷.pdf,../papers/2017/化学/海南/海南理综/2017_化学_海南理综_OCR与考点.md,,pypdf,7
2017,化学,重庆,老高考,2021,全国卷,common,新课标全国Ⅱ卷,done,../papers/2017/化学/全国/新课标全国Ⅱ卷理综/2017_化学_新课标全国Ⅱ卷理综_原卷.pdf,../papers/2017/化学/全国/新课标全国Ⅱ卷理综/2017_化学_新课标全国Ⅱ卷理综_OCR与考点.md,,pypdf,8
2017,化学,四川,老高考,2025,全国卷,common,新课标全国Ⅲ卷,done,../papers/2017/化学/全国/新课标全国Ⅲ卷理综/2017_化学_新课标全国Ⅲ卷理综_原卷.pdf,../papers/2017/化学/全国/新课标全国Ⅲ卷理综/2017_化学_新课标全国Ⅲ卷理综_OCR与考点.md,,pypdf,
2017,化学,贵州,老高考,2024,全国卷,common,新课标全国Ⅲ卷,done,../papers/2017/化学/全国/新课标全国Ⅲ卷理综/2017_化学_新课标全国Ⅲ卷理综_原卷.pdf,../papers/2017/化学/全国/新课标全国Ⅲ卷理综/2017_化学_新课标全国Ⅲ卷理综_OCR与考点.md,,pypdf,
2017,化学,云南,老高考,2025,全国卷,common,新课标全国Ⅲ卷,done,../papers/2017/化学/全国/新课标全国Ⅲ卷理综/2017_化学_新课标全国Ⅲ卷理综_原卷.pdf,../papers/2017/化学/全国/新课标全国Ⅲ卷理综/2017_化学_新课标全国Ⅲ卷理综_OCR与考点.md,,pypdf,
2017,化学,西藏,老高考,,全国卷,common,新课标全国Ⅱ卷,done,../papers/2017/化学/全国/新课标全国Ⅱ卷理综/2017_化学_新课标全国Ⅱ卷理综_原卷.pdf,../papers/2017/化学/全国/新课标全国Ⅱ卷理综/2017_化学_新课标全国Ⅱ卷理综_OCR与考点.md,,pypdf,8
2017,化学,陕西,老高考,2025,全国卷,common,新课标全国Ⅱ卷,done,../papers/2017/化学/全国/新课标全国Ⅱ卷理综/2017_化学_新课标全国Ⅱ卷理综_原卷.pdf,../papers/2017/化学/全国/新课标全国Ⅱ卷理综/2017_化学_新课标全国Ⅱ卷理综_OCR与考点.md,,pypdf,8
2017,化学,甘肃,老高考,2024,全国卷,common,新课标全国Ⅱ卷,done,../papers/2017/化学/全国/新课标全国Ⅱ卷理综/2017_化学_新课标全国Ⅱ卷理综_原卷.pdf,../papers/2017/化学/全国/新课标全国Ⅱ卷理综/2017_化学_新课标全国Ⅱ卷理综_OCR与考点.md,,pypdf,8
2017,化学,青海,老高考,2025,全国卷,common,新课标全国Ⅱ卷,done,../papers/2017/化学/全国/新课标全国Ⅱ卷理综/2017_化学_新课标全国Ⅱ卷理综_原卷.pdf,../papers/2017/化学/全国/新课标全国Ⅱ卷理综/2017_化学_新课标全国Ⅱ卷理综_OCR与考点.md,,pypdf,8
2017,化学,宁夏,老高考,2025,全国卷,common,新课标全国Ⅱ卷,done,../papers/2017/化学/全国/新课标全国Ⅱ卷理综/2017_化学_新课标全国Ⅱ卷理综_原卷.pdf,../papers/2017/化学/全国/新课标全国Ⅱ卷理综/2017_化学_新课标全国Ⅱ卷理综_OCR与考点.md,,pypdf,8
2017,化学,新疆,老高考,,全国卷,common,新课标全国Ⅱ卷,done,../papers/2017/化学/全国/新课标全国Ⅱ卷理综/2017_化学_新课标全国Ⅱ卷理综_原卷.pdf,../papers/2017/化学/全国/新课标全国Ⅱ卷理综/2017_化学_新课标全国Ⅱ卷理综_OCR与考点.md,,pypdf,8
2017,生物,北京,老高考,2020,地方/区域卷,local,北京卷,done,../papers/2017/生物/北京/北京理综/2017_生物_北京理综_原卷.pdf,../papers/2017/生物/北京/北京理综/2017_生物_北京理综_OCR与考点.md,,pypdf,5
2017,生物,天津,老高考,2020,地方/区域卷,local,天津卷,done,../papers/2017/生物/天津/天津理综/2017_生物_天津理综_原卷.pdf,../papers/2017/生物/天津/天津理综/2017_生物_天津理综_OCR与考点.md,,pypdf,6
2017,生物,河北,老高考,2021,全国卷,common,新课标全国Ⅰ卷,done,../papers/2017/生物/全国/新课标全国Ⅰ卷理综/2017_生物_新课标全国Ⅰ卷理综_原卷.pdf,../papers/2017/生物/全国/新课标全国Ⅰ卷理综/2017_生物_新课标全国Ⅰ卷理综_OCR与考点.md,,pypdf,6
2017,生物,山西,老高考,2025,全国卷,common,新课标全国Ⅰ卷,done,../papers/2017/生物/全国/新课标全国Ⅰ卷理综/2017_生物_新课标全国Ⅰ卷理综_原卷.pdf,../papers/2017/生物/全国/新课标全国Ⅰ卷理综/2017_生物_新课标全国Ⅰ卷理综_OCR与考点.md,,pypdf,6
2017,生物,内蒙古,老高考,2025,全国卷,common,新课标全国Ⅱ卷,done,../papers/2017/生物/全国/新课标全国Ⅱ卷理综/2017_生物_新课标全国Ⅱ卷理综_原卷.pdf,../papers/2017/生物/全国/新课标全国Ⅱ卷理综/2017_生物_新课标全国Ⅱ卷理综_OCR与考点.md,,pypdf,6
2017,生物,辽宁,老高考,2021,全国卷,common,新课标全国Ⅱ卷,done,../papers/2017/生物/全国/新课标全国Ⅱ卷理综/2017_生物_新课标全国Ⅱ卷理综_原卷.pdf,../papers/2017/生物/全国/新课标全国Ⅱ卷理综/2017_生物_新课标全国Ⅱ卷理综_OCR与考点.md,,pypdf,6
2017,生物,吉林,老高考,2024,全国卷,common,新课标全国Ⅱ卷,done,../papers/2017/生物/全国/新课标全国Ⅱ卷理综/2017_生物_新课标全国Ⅱ卷理综_原卷.pdf,../papers/2017/生物/全国/新课标全国Ⅱ卷理综/2017_生物_新课标全国Ⅱ卷理综_OCR与考点.md,,pypdf,6
2017,生物,黑龙江,老高考,2024,全国卷,common,新课标全国Ⅱ卷,done,../papers/2017/生物/全国/新课标全国Ⅱ卷理综/2017_生物_新课标全国Ⅱ卷理综_原卷.pdf,../papers/2017/生物/全国/新课标全国Ⅱ卷理综/2017_生物_新课标全国Ⅱ卷理综_OCR与考点.md,,pypdf,6
2017,生物,上海,新高考,2017,地方/区域卷,local,上海卷,done,../papers/2017/生物/上海/上海卷/2017_生物_上海卷_原卷.pdf,../papers/2017/生物/上海/上海卷/2017_生物_上海卷_OCR与考点.md,,pypdf,10
2017,生物,江苏,老高考,2021,地方/区域卷,local,江苏卷,done,../papers/2017/生物/江苏/江苏理综/2017_生物_江苏理综_原卷.pdf,../papers/2017/生物/江苏/江苏理综/2017_生物_江苏理综_OCR与考点.md,,pypdf,13
2017,生物,浙江,新高考,2017,地方/区域卷,local,浙江卷,done,../papers/2017/生物/浙江/浙江卷/2017_生物_浙江卷_原卷.pdf,../papers/2017/生物/浙江/浙江卷/2017_生物_浙江卷_OCR与考点.md,,pypdf,8
2017,生物,安徽,老高考,2024,全国卷,common,新课标全国Ⅰ卷,done,../papers/2017/生物/全国/新课标全国Ⅰ卷理综/2017_生物_新课标全国Ⅰ卷理综_原卷.pdf,../papers/2017/生物/全国/新课标全国Ⅰ卷理综/2017_生物_新课标全国Ⅰ卷理综_OCR与考点.md,,pypdf,6
2017,生物,福建,老高考,2021,全国卷,common,新课标全国Ⅰ卷,done,../papers/2017/生物/全国/新课标全国Ⅰ卷理综/2017_生物_新课标全国Ⅰ卷理综_原卷.pdf,../papers/2017/生物/全国/新课标全国Ⅰ卷理综/2017_生物_新课标全国Ⅰ卷理综_OCR与考点.md,,pypdf,6
2017,生物,江西,老高考,2024,全国卷,common,新课标全国Ⅰ卷,done,../papers/2017/生物/全国/新课标全国Ⅰ卷理综/2017_生物_新课标全国Ⅰ卷理综_原卷.pdf,../papers/2017/生物/全国/新课标全国Ⅰ卷理综/2017_生物_新课标全国Ⅰ卷理综_OCR与考点.md,,pypdf,6
2017,生物,山东,老高考,2020,全国卷,common,新课标全国Ⅰ卷,done,../papers/2017/生物/全国/新课标全国Ⅰ卷理综/2017_生物_新课标全国Ⅰ卷理综_原卷.pdf,../papers/2017/生物/全国/新课标全国Ⅰ卷理综/2017_生物_新课标全国Ⅰ卷理综_OCR与考点.md,,pypdf,6
2017,生物,河南,老高考,2025,全国卷,common,新课标全国Ⅰ卷,done,../papers/2017/生物/全国/新课标全国Ⅰ卷理综/2017_生物_新课标全国Ⅰ卷理综_原卷.pdf,../papers/2017/生物/全国/新课标全国Ⅰ卷理综/2017_生物_新课标全国Ⅰ卷理综_OCR与考点.md,,pypdf,6
2017,生物,湖北,老高考,2021,全国卷,common,新课标全国Ⅰ卷,done,../papers/2017/生物/全国/新课标全国Ⅰ卷理综/2017_生物_新课标全国Ⅰ卷理综_原卷.pdf,../papers/2017/生物/全国/新课标全国Ⅰ卷理综/2017_生物_新课标全国Ⅰ卷理综_OCR与考点.md,,pypdf,6
2017,生物,湖南,老高考,2021,全国卷,common,新课标全国Ⅰ卷,done,../papers/2017/生物/全国/新课标全国Ⅰ卷理综/2017_生物_新课标全国Ⅰ卷理综_原卷.pdf,../papers/2017/生物/全国/新课标全国Ⅰ卷理综/2017_生物_新课标全国Ⅰ卷理综_OCR与考点.md,,pypdf,6
2017,生物,广东,老高考,2021,全国卷,common,新课标全国Ⅰ卷,done,../papers/2017/生物/全国/新课标全国Ⅰ卷理综/2017_生物_新课标全国Ⅰ卷理综_原卷.pdf,../papers/2017/生物/全国/新课标全国Ⅰ卷理综/2017_生物_新课标全国Ⅰ卷理综_OCR与考点.md,,pypdf,6
2017,生物,广西,老高考,2024,全国卷,common,新课标全国Ⅲ卷,done,../papers/2017/生物/全国/新课标全国Ⅲ卷理综/2017_生物_新课标全国Ⅲ卷理综_原卷.pdf,../papers/2017/生物/全国/新课标全国Ⅲ卷理综/2017_生物_新课标全国Ⅲ卷理综_OCR与考点.md,,pypdf,
2017,生物,海南,老高考,2020,地方/区域卷,local,海南卷,done,../papers/2017/生物/海南/海南理综/2017_生物_海南理综_原卷.pdf,../papers/2017/生物/海南/海南理综/2017_生物_海南理综_OCR与考点.md,,pypdf,9
2017,生物,重庆,老高考,2021,全国卷,common,新课标全国Ⅱ卷,done,../papers/2017/生物/全国/新课标全国Ⅱ卷理综/2017_生物_新课标全国Ⅱ卷理综_原卷.pdf,../papers/2017/生物/全国/新课标全国Ⅱ卷理综/2017_生物_新课标全国Ⅱ卷理综_OCR与考点.md,,pypdf,6
2017,生物,四川,老高考,2025,全国卷,common,新课标全国Ⅲ卷,done,../papers/2017/生物/全国/新课标全国Ⅲ卷理综/2017_生物_新课标全国Ⅲ卷理综_原卷.pdf,../papers/2017/生物/全国/新课标全国Ⅲ卷理综/2017_生物_新课标全国Ⅲ卷理综_OCR与考点.md,,pypdf,
2017,生物,贵州,老高考,2024,全国卷,common,新课标全国Ⅲ卷,done,../papers/2017/生物/全国/新课标全国Ⅲ卷理综/2017_生物_新课标全国Ⅲ卷理综_原卷.pdf,../papers/2017/生物/全国/新课标全国Ⅲ卷理综/2017_生物_新课标全国Ⅲ卷理综_OCR与考点.md,,pypdf,
2017,生物,云南,老高考,2025,全国卷,common,新课标全国Ⅲ卷,done,../papers/2017/生物/全国/新课标全国Ⅲ卷理综/2017_生物_新课标全国Ⅲ卷理综_原卷.pdf,../papers/2017/生物/全国/新课标全国Ⅲ卷理综/2017_生物_新课标全国Ⅲ卷理综_OCR与考点.md,,pypdf,
2017,生物,西藏,老高考,,全国卷,common,新课标全国Ⅱ卷,done,../papers/2017/生物/全国/新课标全国Ⅱ卷理综/2017_生物_新课标全国Ⅱ卷理综_原卷.pdf,../papers/2017/生物/全国/新课标全国Ⅱ卷理综/2017_生物_新课标全国Ⅱ卷理综_OCR与考点.md,,pypdf,6
2017,生物,陕西,老高考,2025,全国卷,common,新课标全国Ⅱ卷,done,../papers/2017/生物/全国/新课标全国Ⅱ卷理综/2017_生物_新课标全国Ⅱ卷理综_原卷.pdf,../papers/2017/生物/全国/新课标全国Ⅱ卷理综/2017_生物_新课标全国Ⅱ卷理综_OCR与考点.md,,pypdf,6
2017,生物,甘肃,老高考,2024,全国卷,common,新课标全国Ⅱ卷,done,../papers/2017/生物/全国/新课标全国Ⅱ卷理综/2017_生物_新课标全国Ⅱ卷理综_原卷.pdf,../papers/2017/生物/全国/新课标全国Ⅱ卷理综/2017_生物_新课标全国Ⅱ卷理综_OCR与考点.md,,pypdf,6
2017,生物,青海,老高考,2025,全国卷,common,新课标全国Ⅱ卷,done,../papers/2017/生物/全国/新课标全国Ⅱ卷理综/2017_生物_新课标全国Ⅱ卷理综_原卷.pdf,../papers/2017/生物/全国/新课标全国Ⅱ卷理综/2017_生物_新课标全国Ⅱ卷理综_OCR与考点.md,,pypdf,6
2017,生物,宁夏,老高考,2025,全国卷,common,新课标全国Ⅱ卷,done,../papers/2017/生物/全国/新课标全国Ⅱ卷理综/2017_生物_新课标全国Ⅱ卷理综_原卷.pdf,../papers/2017/生物/全国/新课标全国Ⅱ卷理综/2017_生物_新课标全国Ⅱ卷理综_OCR与考点.md,,pypdf,6
2017,生物,新疆,老高考,,全国卷,common,新课标全国Ⅱ卷,done,../papers/2017/生物/全国/新课标全国Ⅱ卷理综/2017_生物_新课标全国Ⅱ卷理综_原卷.pdf,../papers/2017/生物/全国/新课标全国Ⅱ卷理综/2017_生物_新课标全国Ⅱ卷理综_OCR与考点.md,,pypdf,6
2017,政治,北京,老高考,2020,地方/区域卷,local,北京卷,done,../papers/2017/政治/北京/北京文综/2017_政治_北京文综_原卷.pdf,../papers/2017/政治/北京/北京文综/2017_政治_北京文综_OCR与考点.md,,pypdf,11
2017,政治,天津,老高考,2020,地方/区域卷,local,天津卷,done,../papers/2017/政治/天津/天津文综/2017_政治_天津文综_原卷.pdf,../papers/2017/政治/天津/天津文综/2017_政治_天津文综_OCR与考点.md,,pypdf,5
2017,政治,河北,老高考,2021,全国卷,common,新课标全国Ⅰ卷,done,../papers/2017/政治/全国/新课标全国Ⅰ卷文综/2017_政治_新课标全国Ⅰ卷文综_原卷.pdf,../papers/2017/政治/全国/新课标全国Ⅰ卷文综/2017_政治_新课标全国Ⅰ卷文综_OCR与考点.md,,pypdf,7
2017,政治,山西,老高考,2025,全国卷,common,新课标全国Ⅰ卷,done,../papers/2017/政治/全国/新课标全国Ⅰ卷文综/2017_政治_新课标全国Ⅰ卷文综_原卷.pdf,../papers/2017/政治/全国/新课标全国Ⅰ卷文综/2017_政治_新课标全国Ⅰ卷文综_OCR与考点.md,,pypdf,7
2017,政治,内蒙古,老高考,2025,全国卷,common,新课标全国Ⅱ卷,done,../papers/2017/政治/全国/新课标全国Ⅱ卷文综/2017_政治_新课标全国Ⅱ卷文综_原卷.pdf,../papers/2017/政治/全国/新课标全国Ⅱ卷文综/2017_政治_新课标全国Ⅱ卷文综_OCR与考点.md,,pypdf,7
2017,政治,辽宁,老高考,2021,全国卷,common,新课标全国Ⅱ卷,done,../papers/2017/政治/全国/新课标全国Ⅱ卷文综/2017_政治_新课标全国Ⅱ卷文综_原卷.pdf,../papers/2017/政治/全国/新课标全国Ⅱ卷文综/2017_政治_新课标全国Ⅱ卷文综_OCR与考点.md,,pypdf,7
2017,政治,吉林,老高考,2024,全国卷,common,新课标全国Ⅱ卷,done,../papers/2017/政治/全国/新课标全国Ⅱ卷文综/2017_政治_新课标全国Ⅱ卷文综_原卷.pdf,../papers/2017/政治/全国/新课标全国Ⅱ卷文综/2017_政治_新课标全国Ⅱ卷文综_OCR与考点.md,,pypdf,7
2017,政治,黑龙江,老高考,2024,全国卷,common,新课标全国Ⅱ卷,done,../papers/2017/政治/全国/新课标全国Ⅱ卷文综/2017_政治_新课标全国Ⅱ卷文综_原卷.pdf,../papers/2017/政治/全国/新课标全国Ⅱ卷文综/2017_政治_新课标全国Ⅱ卷文综_OCR与考点.md,,pypdf,7
2017,政治,上海,新高考,2017,地方/区域卷,local,上海卷,done,../papers/2017/政治/上海/上海卷/2017_政治_上海卷_原卷.pdf,../papers/2017/政治/上海/上海卷/2017_政治_上海卷_OCR与考点.md,,pypdf,6
2017,政治,江苏,老高考,2021,地方/区域卷,local,江苏卷,done,../papers/2017/政治/江苏/江苏文综/2017_政治_江苏文综_原卷.pdf,../papers/2017/政治/江苏/江苏文综/2017_政治_江苏文综_OCR与考点.md,,pypdf,12
2017,政治,浙江,新高考,2017,地方/区域卷,local,浙江卷,done,../papers/2017/政治/浙江/浙江卷/2017_政治_浙江卷_原卷.pdf,../papers/2017/政治/浙江/浙江卷/2017_政治_浙江卷_OCR与考点.md,,pypdf,7
2017,政治,安徽,老高考,2024,全国卷,common,新课标全国Ⅰ卷,done,../papers/2017/政治/全国/新课标全国Ⅰ卷文综/2017_政治_新课标全国Ⅰ卷文综_原卷.pdf,../papers/2017/政治/全国/新课标全国Ⅰ卷文综/2017_政治_新课标全国Ⅰ卷文综_OCR与考点.md,,pypdf,7
2017,政治,福建,老高考,2021,全国卷,common,新课标全国Ⅰ卷,done,../papers/2017/政治/全国/新课标全国Ⅰ卷文综/2017_政治_新课标全国Ⅰ卷文综_原卷.pdf,../papers/2017/政治/全国/新课标全国Ⅰ卷文综/2017_政治_新课标全国Ⅰ卷文综_OCR与考点.md,,pypdf,7
2017,政治,江西,老高考,2024,全国卷,common,新课标全国Ⅰ卷,done,../papers/2017/政治/全国/新课标全国Ⅰ卷文综/2017_政治_新课标全国Ⅰ卷文综_原卷.pdf,../papers/2017/政治/全国/新课标全国Ⅰ卷文综/2017_政治_新课标全国Ⅰ卷文综_OCR与考点.md,,pypdf,7
2017,政治,山东,老高考,2020,全国卷,common,新课标全国Ⅰ卷,done,../papers/2017/政治/全国/新课标全国Ⅰ卷文综/2017_政治_新课标全国Ⅰ卷文综_原卷.pdf,../papers/2017/政治/全国/新课标全国Ⅰ卷文综/2017_政治_新课标全国Ⅰ卷文综_OCR与考点.md,,pypdf,7
2017,政治,河南,老高考,2025,全国卷,common,新课标全国Ⅰ卷,done,../papers/2017/政治/全国/新课标全国Ⅰ卷文综/2017_政治_新课标全国Ⅰ卷文综_原卷.pdf,../papers/2017/政治/全国/新课标全国Ⅰ卷文综/2017_政治_新课标全国Ⅰ卷文综_OCR与考点.md,,pypdf,7
2017,政治,湖北,老高考,2021,全国卷,common,新课标全国Ⅰ卷,done,../papers/2017/政治/全国/新课标全国Ⅰ卷文综/2017_政治_新课标全国Ⅰ卷文综_原卷.pdf,../papers/2017/政治/全国/新课标全国Ⅰ卷文综/2017_政治_新课标全国Ⅰ卷文综_OCR与考点.md,,pypdf,7
2017,政治,湖南,老高考,2021,全国卷,common,新课标全国Ⅰ卷,done,../papers/2017/政治/全国/新课标全国Ⅰ卷文综/2017_政治_新课标全国Ⅰ卷文综_原卷.pdf,../papers/2017/政治/全国/新课标全国Ⅰ卷文综/2017_政治_新课标全国Ⅰ卷文综_OCR与考点.md,,pypdf,7
2017,政治,广东,老高考,2021,全国卷,common,新课标全国Ⅰ卷,done,../papers/2017/政治/全国/新课标全国Ⅰ卷文综/2017_政治_新课标全国Ⅰ卷文综_原卷.pdf,../papers/2017/政治/全国/新课标全国Ⅰ卷文综/2017_政治_新课标全国Ⅰ卷文综_OCR与考点.md,,pypdf,7
2017,政治,广西,老高考,2024,全国卷,common,新课标全国Ⅲ卷,done,../papers/2017/政治/全国/新课标全国Ⅲ卷文综/2017_政治_新课标全国Ⅲ卷文综_原卷.pdf,../papers/2017/政治/全国/新课标全国Ⅲ卷文综/2017_政治_新课标全国Ⅲ卷文综_OCR与考点.md,,pypdf,7
2017,政治,海南,老高考,2020,地方/区域卷,local,海南卷,done,../papers/2017/政治/海南/海南文综/2017_政治_海南文综_原卷.pdf,../papers/2017/政治/海南/海南文综/2017_政治_海南文综_OCR与考点.md,,pypdf,8
2017,政治,重庆,老高考,2021,全国卷,common,新课标全国Ⅱ卷,done,../papers/2017/政治/全国/新课标全国Ⅱ卷文综/2017_政治_新课标全国Ⅱ卷文综_原卷.pdf,../papers/2017/政治/全国/新课标全国Ⅱ卷文综/2017_政治_新课标全国Ⅱ卷文综_OCR与考点.md,,pypdf,7
2017,政治,四川,老高考,2025,全国卷,common,新课标全国Ⅲ卷,done,../papers/2017/政治/全国/新课标全国Ⅲ卷文综/2017_政治_新课标全国Ⅲ卷文综_原卷.pdf,../papers/2017/政治/全国/新课标全国Ⅲ卷文综/2017_政治_新课标全国Ⅲ卷文综_OCR与考点.md,,pypdf,7
2017,政治,贵州,老高考,2024,全国卷,common,新课标全国Ⅲ卷,done,../papers/2017/政治/全国/新课标全国Ⅲ卷文综/2017_政治_新课标全国Ⅲ卷文综_原卷.pdf,../papers/2017/政治/全国/新课标全国Ⅲ卷文综/2017_政治_新课标全国Ⅲ卷文综_OCR与考点.md,,pypdf,7
2017,政治,云南,老高考,2025,全国卷,common,新课标全国Ⅲ卷,done,../papers/2017/政治/全国/新课标全国Ⅲ卷文综/2017_政治_新课标全国Ⅲ卷文综_原卷.pdf,../papers/2017/政治/全国/新课标全国Ⅲ卷文综/2017_政治_新课标全国Ⅲ卷文综_OCR与考点.md,,pypdf,7
2017,政治,西藏,老高考,,全国卷,common,新课标全国Ⅱ卷,done,../papers/2017/政治/全国/新课标全国Ⅱ卷文综/2017_政治_新课标全国Ⅱ卷文综_原卷.pdf,../papers/2017/政治/全国/新课标全国Ⅱ卷文综/2017_政治_新课标全国Ⅱ卷文综_OCR与考点.md,,pypdf,7
2017,政治,陕西,老高考,2025,全国卷,common,新课标全国Ⅱ卷,done,../papers/2017/政治/全国/新课标全国Ⅱ卷文综/2017_政治_新课标全国Ⅱ卷文综_原卷.pdf,../papers/2017/政治/全国/新课标全国Ⅱ卷文综/2017_政治_新课标全国Ⅱ卷文综_OCR与考点.md,,pypdf,7
2017,政治,甘肃,老高考,2024,全国卷,common,新课标全国Ⅱ卷,done,../papers/2017/政治/全国/新课标全国Ⅱ卷文综/2017_政治_新课标全国Ⅱ卷文综_原卷.pdf,../papers/2017/政治/全国/新课标全国Ⅱ卷文综/2017_政治_新课标全国Ⅱ卷文综_OCR与考点.md,,pypdf,7
2017,政治,青海,老高考,2025,全国卷,common,新课标全国Ⅱ卷,done,../papers/2017/政治/全国/新课标全国Ⅱ卷文综/2017_政治_新课标全国Ⅱ卷文综_原卷.pdf,../papers/2017/政治/全国/新课标全国Ⅱ卷文综/2017_政治_新课标全国Ⅱ卷文综_OCR与考点.md,,pypdf,7
2017,政治,宁夏,老高考,2025,全国卷,common,新课标全国Ⅱ卷,done,../papers/2017/政治/全国/新课标全国Ⅱ卷文综/2017_政治_新课标全国Ⅱ卷文综_原卷.pdf,../papers/2017/政治/全国/新课标全国Ⅱ卷文综/2017_政治_新课标全国Ⅱ卷文综_OCR与考点.md,,pypdf,7
2017,政治,新疆,老高考,,全国卷,common,新课标全国Ⅱ卷,done,../papers/2017/政治/全国/新课标全国Ⅱ卷文综/2017_政治_新课标全国Ⅱ卷文综_原卷.pdf,../papers/2017/政治/全国/新课标全国Ⅱ卷文综/2017_政治_新课标全国Ⅱ卷文综_OCR与考点.md,,pypdf,7
2017,历史,北京,老高考,2020,地方/区域卷,local,北京卷,done,../papers/2017/历史/北京/北京文综/2017_历史_北京文综_原卷.pdf,../papers/2017/历史/北京/北京文综/2017_历史_北京文综_OCR与考点.md,,pypdf,7
2017,历史,天津,老高考,2020,地方/区域卷,local,天津卷,done,../papers/2017/历史/天津/天津文综/2017_历史_天津文综_原卷.pdf,../papers/2017/历史/天津/天津文综/2017_历史_天津文综_OCR与考点.md,,pypdf,6
2017,历史,河北,老高考,2021,全国卷,common,新课标全国Ⅰ卷,done,../papers/2017/历史/全国/新课标全国Ⅰ卷文综/2017_历史_新课标全国Ⅰ卷文综_原卷.pdf,../papers/2017/历史/全国/新课标全国Ⅰ卷文综/2017_历史_新课标全国Ⅰ卷文综_OCR与考点.md,,pypdf,10
2017,历史,山西,老高考,2025,全国卷,common,新课标全国Ⅰ卷,done,../papers/2017/历史/全国/新课标全国Ⅰ卷文综/2017_历史_新课标全国Ⅰ卷文综_原卷.pdf,../papers/2017/历史/全国/新课标全国Ⅰ卷文综/2017_历史_新课标全国Ⅰ卷文综_OCR与考点.md,,pypdf,10
2017,历史,内蒙古,老高考,2025,全国卷,common,新课标全国Ⅱ卷,done,../papers/2017/历史/全国/新课标全国Ⅱ卷文综/2017_历史_新课标全国Ⅱ卷文综_原卷.pdf,../papers/2017/历史/全国/新课标全国Ⅱ卷文综/2017_历史_新课标全国Ⅱ卷文综_OCR与考点.md,,pypdf,9
2017,历史,辽宁,老高考,2021,全国卷,common,新课标全国Ⅱ卷,done,../papers/2017/历史/全国/新课标全国Ⅱ卷文综/2017_历史_新课标全国Ⅱ卷文综_原卷.pdf,../papers/2017/历史/全国/新课标全国Ⅱ卷文综/2017_历史_新课标全国Ⅱ卷文综_OCR与考点.md,,pypdf,9
2017,历史,吉林,老高考,2024,全国卷,common,新课标全国Ⅱ卷,done,../papers/2017/历史/全国/新课标全国Ⅱ卷文综/2017_历史_新课标全国Ⅱ卷文综_原卷.pdf,../papers/2017/历史/全国/新课标全国Ⅱ卷文综/2017_历史_新课标全国Ⅱ卷文综_OCR与考点.md,,pypdf,9
2017,历史,黑龙江,老高考,2024,全国卷,common,新课标全国Ⅱ卷,done,../papers/2017/历史/全国/新课标全国Ⅱ卷文综/2017_历史_新课标全国Ⅱ卷文综_原卷.pdf,../papers/2017/历史/全国/新课标全国Ⅱ卷文综/2017_历史_新课标全国Ⅱ卷文综_OCR与考点.md,,pypdf,9
2017,历史,上海,新高考,2017,地方/区域卷,local,上海卷,done,../papers/2017/历史/上海/上海卷/2017_历史_上海卷_原卷.pdf,../papers/2017/历史/上海/上海卷/2017_历史_上海卷_OCR与考点.md,,pypdf,4
2017,历史,江苏,老高考,2021,地方/区域卷,local,江苏卷,done,../papers/2017/历史/江苏/江苏文综/2017_历史_江苏文综_原卷.pdf,../papers/2017/历史/江苏/江苏文综/2017_历史_江苏文综_OCR与考点.md,,pypdf,9
2017,历史,浙江,新高考,2017,地方/区域卷,local,浙江卷,done,../papers/2017/历史/浙江/浙江卷/2017_历史_浙江卷_原卷.pdf,../papers/2017/历史/浙江/浙江卷/2017_历史_浙江卷_OCR与考点.md,,pypdf,10
2017,历史,安徽,老高考,2024,全国卷,common,新课标全国Ⅰ卷,done,../papers/2017/历史/全国/新课标全国Ⅰ卷文综/2017_历史_新课标全国Ⅰ卷文综_原卷.pdf,../papers/2017/历史/全国/新课标全国Ⅰ卷文综/2017_历史_新课标全国Ⅰ卷文综_OCR与考点.md,,pypdf,10
2017,历史,福建,老高考,2021,全国卷,common,新课标全国Ⅰ卷,done,../papers/2017/历史/全国/新课标全国Ⅰ卷文综/2017_历史_新课标全国Ⅰ卷文综_原卷.pdf,../papers/2017/历史/全国/新课标全国Ⅰ卷文综/2017_历史_新课标全国Ⅰ卷文综_OCR与考点.md,,pypdf,10
2017,历史,江西,老高考,2024,全国卷,common,新课标全国Ⅰ卷,done,../papers/2017/历史/全国/新课标全国Ⅰ卷文综/2017_历史_新课标全国Ⅰ卷文综_原卷.pdf,../papers/2017/历史/全国/新课标全国Ⅰ卷文综/2017_历史_新课标全国Ⅰ卷文综_OCR与考点.md,,pypdf,10
2017,历史,山东,老高考,2020,全国卷,common,新课标全国Ⅰ卷,done,../papers/2017/历史/全国/新课标全国Ⅰ卷文综/2017_历史_新课标全国Ⅰ卷文综_原卷.pdf,../papers/2017/历史/全国/新课标全国Ⅰ卷文综/2017_历史_新课标全国Ⅰ卷文综_OCR与考点.md,,pypdf,10
2017,历史,河南,老高考,2025,全国卷,common,新课标全国Ⅰ卷,done,../papers/2017/历史/全国/新课标全国Ⅰ卷文综/2017_历史_新课标全国Ⅰ卷文综_原卷.pdf,../papers/2017/历史/全国/新课标全国Ⅰ卷文综/2017_历史_新课标全国Ⅰ卷文综_OCR与考点.md,,pypdf,10
2017,历史,湖北,老高考,2021,全国卷,common,新课标全国Ⅰ卷,done,../papers/2017/历史/全国/新课标全国Ⅰ卷文综/2017_历史_新课标全国Ⅰ卷文综_原卷.pdf,../papers/2017/历史/全国/新课标全国Ⅰ卷文综/2017_历史_新课标全国Ⅰ卷文综_OCR与考点.md,,pypdf,10
2017,历史,湖南,老高考,2021,全国卷,common,新课标全国Ⅰ卷,done,../papers/2017/历史/全国/新课标全国Ⅰ卷文综/2017_历史_新课标全国Ⅰ卷文综_原卷.pdf,../papers/2017/历史/全国/新课标全国Ⅰ卷文综/2017_历史_新课标全国Ⅰ卷文综_OCR与考点.md,,pypdf,10
2017,历史,广东,老高考,2021,全国卷,common,新课标全国Ⅰ卷,done,../papers/2017/历史/全国/新课标全国Ⅰ卷文综/2017_历史_新课标全国Ⅰ卷文综_原卷.pdf,../papers/2017/历史/全国/新课标全国Ⅰ卷文综/2017_历史_新课标全国Ⅰ卷文综_OCR与考点.md,,pypdf,10
2017,历史,广西,老高考,2024,全国卷,common,新课标全国Ⅲ卷,done,../papers/2017/历史/全国/新课标全国Ⅲ卷文综/2017_历史_新课标全国Ⅲ卷文综_原卷.pdf,../papers/2017/历史/全国/新课标全国Ⅲ卷文综/2017_历史_新课标全国Ⅲ卷文综_OCR与考点.md,,pypdf,8
2017,历史,海南,老高考,2020,地方/区域卷,local,海南卷,done,../papers/2017/历史/海南/海南文综/2017_历史_海南文综_原卷.pdf,../papers/2017/历史/海南/海南文综/2017_历史_海南文综_OCR与考点.md,,pypdf,8
2017,历史,重庆,老高考,2021,全国卷,common,新课标全国Ⅱ卷,done,../papers/2017/历史/全国/新课标全国Ⅱ卷文综/2017_历史_新课标全国Ⅱ卷文综_原卷.pdf,../papers/2017/历史/全国/新课标全国Ⅱ卷文综/2017_历史_新课标全国Ⅱ卷文综_OCR与考点.md,,pypdf,9
2017,历史,四川,老高考,2025,全国卷,common,新课标全国Ⅲ卷,done,../papers/2017/历史/全国/新课标全国Ⅲ卷文综/2017_历史_新课标全国Ⅲ卷文综_原卷.pdf,../papers/2017/历史/全国/新课标全国Ⅲ卷文综/2017_历史_新课标全国Ⅲ卷文综_OCR与考点.md,,pypdf,8
2017,历史,贵州,老高考,2024,全国卷,common,新课标全国Ⅲ卷,done,../papers/2017/历史/全国/新课标全国Ⅲ卷文综/2017_历史_新课标全国Ⅲ卷文综_原卷.pdf,../papers/2017/历史/全国/新课标全国Ⅲ卷文综/2017_历史_新课标全国Ⅲ卷文综_OCR与考点.md,,pypdf,8
2017,历史,云南,老高考,2025,全国卷,common,新课标全国Ⅲ卷,done,../papers/2017/历史/全国/新课标全国Ⅲ卷文综/2017_历史_新课标全国Ⅲ卷文综_原卷.pdf,../papers/2017/历史/全国/新课标全国Ⅲ卷文综/2017_历史_新课标全国Ⅲ卷文综_OCR与考点.md,,pypdf,8
2017,历史,西藏,老高考,,全国卷,common,新课标全国Ⅱ卷,done,../papers/2017/历史/全国/新课标全国Ⅱ卷文综/2017_历史_新课标全国Ⅱ卷文综_原卷.pdf,../papers/2017/历史/全国/新课标全国Ⅱ卷文综/2017_历史_新课标全国Ⅱ卷文综_OCR与考点.md,,pypdf,9
2017,历史,陕西,老高考,2025,全国卷,common,新课标全国Ⅱ卷,done,../papers/2017/历史/全国/新课标全国Ⅱ卷文综/2017_历史_新课标全国Ⅱ卷文综_原卷.pdf,../papers/2017/历史/全国/新课标全国Ⅱ卷文综/2017_历史_新课标全国Ⅱ卷文综_OCR与考点.md,,pypdf,9
2017,历史,甘肃,老高考,2024,全国卷,common,新课标全国Ⅱ卷,done,../papers/2017/历史/全国/新课标全国Ⅱ卷文综/2017_历史_新课标全国Ⅱ卷文综_原卷.pdf,../papers/2017/历史/全国/新课标全国Ⅱ卷文综/2017_历史_新课标全国Ⅱ卷文综_OCR与考点.md,,pypdf,9
2017,历史,青海,老高考,2025,全国卷,common,新课标全国Ⅱ卷,done,../papers/2017/历史/全国/新课标全国Ⅱ卷文综/2017_历史_新课标全国Ⅱ卷文综_原卷.pdf,../papers/2017/历史/全国/新课标全国Ⅱ卷文综/2017_历史_新课标全国Ⅱ卷文综_OCR与考点.md,,pypdf,9
2017,历史,宁夏,老高考,2025,全国卷,common,新课标全国Ⅱ卷,done,../papers/2017/历史/全国/新课标全国Ⅱ卷文综/2017_历史_新课标全国Ⅱ卷文综_原卷.pdf,../papers/2017/历史/全国/新课标全国Ⅱ卷文综/2017_历史_新课标全国Ⅱ卷文综_OCR与考点.md,,pypdf,9
2017,历史,新疆,老高考,,全国卷,common,新课标全国Ⅱ卷,done,../papers/2017/历史/全国/新课标全国Ⅱ卷文综/2017_历史_新课标全国Ⅱ卷文综_原卷.pdf,../papers/2017/历史/全国/新课标全国Ⅱ卷文综/2017_历史_新课标全国Ⅱ卷文综_OCR与考点.md,,pypdf,9
2017,地理,北京,老高考,2020,地方/区域卷,local,北京卷,done,../papers/2017/地理/北京/北京文综/2017_地理_北京文综_原卷.pdf,../papers/2017/地理/北京/北京文综/2017_地理_北京文综_OCR与考点.md,,pypdf,7
2017,地理,天津,老高考,2020,地方/区域卷,local,天津卷,done,../papers/2017/地理/天津/天津文综/2017_地理_天津文综_原卷.pdf,../papers/2017/地理/天津/天津文综/2017_地理_天津文综_OCR与考点.md,,pypdf,9
2017,地理,河北,老高考,2021,全国卷,common,新课标全国Ⅰ卷,done,../papers/2017/地理/全国/新课标全国Ⅰ卷文综/2017_地理_新课标全国Ⅰ卷文综_原卷.pdf,../papers/2017/地理/全国/新课标全国Ⅰ卷文综/2017_地理_新课标全国Ⅰ卷文综_OCR与考点.md,,pypdf,7
2017,地理,山西,老高考,2025,全国卷,common,新课标全国Ⅰ卷,done,../papers/2017/地理/全国/新课标全国Ⅰ卷文综/2017_地理_新课标全国Ⅰ卷文综_原卷.pdf,../papers/2017/地理/全国/新课标全国Ⅰ卷文综/2017_地理_新课标全国Ⅰ卷文综_OCR与考点.md,,pypdf,7
2017,地理,内蒙古,老高考,2025,全国卷,common,新课标全国Ⅱ卷,done,../papers/2017/地理/全国/新课标全国Ⅱ卷文综/2017_地理_新课标全国Ⅱ卷文综_原卷.pdf,../papers/2017/地理/全国/新课标全国Ⅱ卷文综/2017_地理_新课标全国Ⅱ卷文综_OCR与考点.md,,pypdf,7
2017,地理,辽宁,老高考,2021,全国卷,common,新课标全国Ⅱ卷,done,../papers/2017/地理/全国/新课标全国Ⅱ卷文综/2017_地理_新课标全国Ⅱ卷文综_原卷.pdf,../papers/2017/地理/全国/新课标全国Ⅱ卷文综/2017_地理_新课标全国Ⅱ卷文综_OCR与考点.md,,pypdf,7
2017,地理,吉林,老高考,2024,全国卷,common,新课标全国Ⅱ卷,done,../papers/2017/地理/全国/新课标全国Ⅱ卷文综/2017_地理_新课标全国Ⅱ卷文综_原卷.pdf,../papers/2017/地理/全国/新课标全国Ⅱ卷文综/2017_地理_新课标全国Ⅱ卷文综_OCR与考点.md,,pypdf,7
2017,地理,黑龙江,老高考,2024,全国卷,common,新课标全国Ⅱ卷,done,../papers/2017/地理/全国/新课标全国Ⅱ卷文综/2017_地理_新课标全国Ⅱ卷文综_原卷.pdf,../papers/2017/地理/全国/新课标全国Ⅱ卷文综/2017_地理_新课标全国Ⅱ卷文综_OCR与考点.md,,pypdf,7
2017,地理,上海,新高考,2017,地方/区域卷,local,上海卷,done,../papers/2017/地理/上海/上海卷/2017_地理_上海卷_原卷.pdf,../papers/2017/地理/上海/上海卷/2017_地理_上海卷_OCR与考点.md,,pypdf,8
2017,地理,江苏,老高考,2021,地方/区域卷,local,江苏卷,done,../papers/2017/地理/江苏/江苏文综/2017_地理_江苏文综_原卷.pdf,../papers/2017/地理/江苏/江苏文综/2017_地理_江苏文综_OCR与考点.md,,pypdf,20
2017,地理,浙江,新高考,2017,地方/区域卷,local,浙江卷,done,../papers/2017/地理/浙江/浙江卷/2017_地理_浙江卷_原卷.pdf,../papers/2017/地理/浙江/浙江卷/2017_地理_浙江卷_OCR与考点.md,,pypdf,12
2017,地理,安徽,老高考,2024,全国卷,common,新课标全国Ⅰ卷,done,../papers/2017/地理/全国/新课标全国Ⅰ卷文综/2017_地理_新课标全国Ⅰ卷文综_原卷.pdf,../papers/2017/地理/全国/新课标全国Ⅰ卷文综/2017_地理_新课标全国Ⅰ卷文综_OCR与考点.md,,pypdf,7
2017,地理,福建,老高考,2021,全国卷,common,新课标全国Ⅰ卷,done,../papers/2017/地理/全国/新课标全国Ⅰ卷文综/2017_地理_新课标全国Ⅰ卷文综_原卷.pdf,../papers/2017/地理/全国/新课标全国Ⅰ卷文综/2017_地理_新课标全国Ⅰ卷文综_OCR与考点.md,,pypdf,7
2017,地理,江西,老高考,2024,全国卷,common,新课标全国Ⅰ卷,done,../papers/2017/地理/全国/新课标全国Ⅰ卷文综/2017_地理_新课标全国Ⅰ卷文综_原卷.pdf,../papers/2017/地理/全国/新课标全国Ⅰ卷文综/2017_地理_新课标全国Ⅰ卷文综_OCR与考点.md,,pypdf,7
2017,地理,山东,老高考,2020,全国卷,common,新课标全国Ⅰ卷,done,../papers/2017/地理/全国/新课标全国Ⅰ卷文综/2017_地理_新课标全国Ⅰ卷文综_原卷.pdf,../papers/2017/地理/全国/新课标全国Ⅰ卷文综/2017_地理_新课标全国Ⅰ卷文综_OCR与考点.md,,pypdf,7
2017,地理,河南,老高考,2025,全国卷,common,新课标全国Ⅰ卷,done,../papers/2017/地理/全国/新课标全国Ⅰ卷文综/2017_地理_新课标全国Ⅰ卷文综_原卷.pdf,../papers/2017/地理/全国/新课标全国Ⅰ卷文综/2017_地理_新课标全国Ⅰ卷文综_OCR与考点.md,,pypdf,7
2017,地理,湖北,老高考,2021,全国卷,common,新课标全国Ⅰ卷,done,../papers/2017/地理/全国/新课标全国Ⅰ卷文综/2017_地理_新课标全国Ⅰ卷文综_原卷.pdf,../papers/2017/地理/全国/新课标全国Ⅰ卷文综/2017_地理_新课标全国Ⅰ卷文综_OCR与考点.md,,pypdf,7
2017,地理,湖南,老高考,2021,全国卷,common,新课标全国Ⅰ卷,done,../papers/2017/地理/全国/新课标全国Ⅰ卷文综/2017_地理_新课标全国Ⅰ卷文综_原卷.pdf,../papers/2017/地理/全国/新课标全国Ⅰ卷文综/2017_地理_新课标全国Ⅰ卷文综_OCR与考点.md,,pypdf,7
2017,地理,广东,老高考,2021,全国卷,common,新课标全国Ⅰ卷,done,../papers/2017/地理/全国/新课标全国Ⅰ卷文综/2017_地理_新课标全国Ⅰ卷文综_原卷.pdf,../papers/2017/地理/全国/新课标全国Ⅰ卷文综/2017_地理_新课标全国Ⅰ卷文综_OCR与考点.md,,pypdf,7
2017,地理,广西,老高考,2024,全国卷,common,新课标全国Ⅲ卷,done,../papers/2017/地理/全国/新课标全国Ⅲ卷文综/2017_地理_新课标全国Ⅲ卷文综_原卷.pdf,../papers/2017/地理/全国/新课标全国Ⅲ卷文综/2017_地理_新课标全国Ⅲ卷文综_OCR与考点.md,,pypdf,7
2017,地理,海南,老高考,2020,地方/区域卷,local,海南卷,done,../papers/2017/地理/海南/海南文综/2017_地理_海南文综_原卷.pdf,../papers/2017/地理/海南/海南文综/2017_地理_海南文综_OCR与考点.md,,pypdf,7
2017,地理,重庆,老高考,2021,全国卷,common,新课标全国Ⅱ卷,done,../papers/2017/地理/全国/新课标全国Ⅱ卷文综/2017_地理_新课标全国Ⅱ卷文综_原卷.pdf,../papers/2017/地理/全国/新课标全国Ⅱ卷文综/2017_地理_新课标全国Ⅱ卷文综_OCR与考点.md,,pypdf,7
2017,地理,四川,老高考,2025,全国卷,common,新课标全国Ⅲ卷,done,../papers/2017/地理/全国/新课标全国Ⅲ卷文综/2017_地理_新课标全国Ⅲ卷文综_原卷.pdf,../papers/2017/地理/全国/新课标全国Ⅲ卷文综/2017_地理_新课标全国Ⅲ卷文综_OCR与考点.md,,pypdf,7
2017,地理,贵州,老高考,2024,全国卷,common,新课标全国Ⅲ卷,done,../papers/2017/地理/全国/新课标全国Ⅲ卷文综/2017_地理_新课标全国Ⅲ卷文综_原卷.pdf,../papers/2017/地理/全国/新课标全国Ⅲ卷文综/2017_地理_新课标全国Ⅲ卷文综_OCR与考点.md,,pypdf,7
2017,地理,云南,老高考,2025,全国卷,common,新课标全国Ⅲ卷,done,../papers/2017/地理/全国/新课标全国Ⅲ卷文综/2017_地理_新课标全国Ⅲ卷文综_原卷.pdf,../papers/2017/地理/全国/新课标全国Ⅲ卷文综/2017_地理_新课标全国Ⅲ卷文综_OCR与考点.md,,pypdf,7
2017,地理,西藏,老高考,,全国卷,common,新课标全国Ⅱ卷,done,../papers/2017/地理/全国/新课标全国Ⅱ卷文综/2017_地理_新课标全国Ⅱ卷文综_原卷.pdf,../papers/2017/地理/全国/新课标全国Ⅱ卷文综/2017_地理_新课标全国Ⅱ卷文综_OCR与考点.md,,pypdf,7
2017,地理,陕西,老高考,2025,全国卷,common,新课标全国Ⅱ卷,done,../papers/2017/地理/全国/新课标全国Ⅱ卷文综/2017_地理_新课标全国Ⅱ卷文综_原卷.pdf,../papers/2017/地理/全国/新课标全国Ⅱ卷文综/2017_地理_新课标全国Ⅱ卷文综_OCR与考点.md,,pypdf,7
2017,地理,甘肃,老高考,2024,全国卷,common,新课标全国Ⅱ卷,done,../papers/2017/地理/全国/新课标全国Ⅱ卷文综/2017_地理_新课标全国Ⅱ卷文综_原卷.pdf,../papers/2017/地理/全国/新课标全国Ⅱ卷文综/2017_地理_新课标全国Ⅱ卷文综_OCR与考点.md,,pypdf,7
2017,地理,青海,老高考,2025,全国卷,common,新课标全国Ⅱ卷,done,../papers/2017/地理/全国/新课标全国Ⅱ卷文综/2017_地理_新课标全国Ⅱ卷文综_原卷.pdf,../papers/2017/地理/全国/新课标全国Ⅱ卷文综/2017_地理_新课标全国Ⅱ卷文综_OCR与考点.md,,pypdf,7
2017,地理,宁夏,老高考,2025,全国卷,common,新课标全国Ⅱ卷,done,../papers/2017/地理/全国/新课标全国Ⅱ卷文综/2017_地理_新课标全国Ⅱ卷文综_原卷.pdf,../papers/2017/地理/全国/新课标全国Ⅱ卷文综/2017_地理_新课标全国Ⅱ卷文综_OCR与考点.md,,pypdf,7
2017,地理,新疆,老高考,,全国卷,common,新课标全国Ⅱ卷,done,../papers/2017/地理/全国/新课标全国Ⅱ卷文综/2017_地理_新课标全国Ⅱ卷文综_原卷.pdf,../papers/2017/地理/全国/新课标全国Ⅱ卷文综/2017_地理_新课标全国Ⅱ卷文综_OCR与考点.md,,pypdf,7
2018,语文,北京,老高考,2020,地方/区域卷,local,北京卷,pdf_only,../papers/2018/语文/北京/北京卷/2018_语文_北京卷_原卷.pdf,,,,
2018,语文,天津,老高考,2020,地方/区域卷,local,天津卷,pdf_only,../papers/2018/语文/天津/天津卷/2018_语文_天津卷_原卷.pdf,,,,
2018,语文,河北,老高考,2021,全国卷,common,新课标全国Ⅰ卷,pdf_only,../papers/2018/语文/全国/新课标全国Ⅰ卷/2018_语文_新课标全国Ⅰ卷_原卷.pdf,,,,
2018,语文,山西,老高考,2025,全国卷,common,新课标全国Ⅰ卷,pdf_only,../papers/2018/语文/全国/新课标全国Ⅰ卷/2018_语文_新课标全国Ⅰ卷_原卷.pdf,,,,
2018,语文,内蒙古,老高考,2025,全国卷,common,新课标全国Ⅱ卷,done,../papers/2018/语文/全国/新课标全国Ⅱ卷/2018_语文_新课标全国Ⅱ卷_原卷.pdf,../papers/2018/语文/全国/新课标全国Ⅱ卷/2018_语文_新课标全国Ⅱ卷_OCR与考点.md,,rapidocr,13
2018,语文,辽宁,老高考,2021,全国卷,common,新课标全国Ⅱ卷,done,../papers/2018/语文/全国/新课标全国Ⅱ卷/2018_语文_新课标全国Ⅱ卷_原卷.pdf,../papers/2018/语文/全国/新课标全国Ⅱ卷/2018_语文_新课标全国Ⅱ卷_OCR与考点.md,,rapidocr,13
2018,语文,吉林,老高考,2024,全国卷,common,新课标全国Ⅱ卷,done,../papers/2018/语文/全国/新课标全国Ⅱ卷/2018_语文_新课标全国Ⅱ卷_原卷.pdf,../papers/2018/语文/全国/新课标全国Ⅱ卷/2018_语文_新课标全国Ⅱ卷_OCR与考点.md,,rapidocr,13
2018,语文,黑龙江,老高考,2024,全国卷,common,新课标全国Ⅱ卷,done,../papers/2018/语文/全国/新课标全国Ⅱ卷/2018_语文_新课标全国Ⅱ卷_原卷.pdf,../papers/2018/语文/全国/新课标全国Ⅱ卷/2018_语文_新课标全国Ⅱ卷_OCR与考点.md,,rapidocr,13
2018,语文,上海,新高考,2017,地方/区域卷,local,上海卷,pdf_only,../papers/2018/语文/上海/上海卷/2018_语文_上海卷_原卷.pdf,,,,
2018,语文,江苏,老高考,2021,地方/区域卷,local,江苏卷,done,../papers/2018/语文/江苏/江苏卷/2018_语文_江苏卷_原卷.pdf,../papers/2018/语文/江苏/江苏卷/2018_语文_江苏卷_OCR与考点.md,,rapidocr,8
2018,语文,浙江,新高考,2017,地方/区域卷,local,浙江卷,done,../papers/2018/语文/浙江/浙江卷/2018_语文_浙江卷_原卷.pdf,../papers/2018/语文/浙江/浙江卷/2018_语文_浙江卷_OCR与考点.md,,rapidocr,10
2018,语文,安徽,老高考,2024,全国卷,common,新课标全国Ⅰ卷,pdf_only,../papers/2018/语文/全国/新课标全国Ⅰ卷/2018_语文_新课标全国Ⅰ卷_原卷.pdf,,,,
2018,语文,福建,老高考,2021,全国卷,common,新课标全国Ⅰ卷,pdf_only,../papers/2018/语文/全国/新课标全国Ⅰ卷/2018_语文_新课标全国Ⅰ卷_原卷.pdf,,,,
2018,语文,江西,老高考,2024,全国卷,common,新课标全国Ⅰ卷,pdf_only,../papers/2018/语文/全国/新课标全国Ⅰ卷/2018_语文_新课标全国Ⅰ卷_原卷.pdf,,,,
2018,语文,山东,老高考,2020,全国卷,common,新课标全国Ⅰ卷,pdf_only,../papers/2018/语文/全国/新课标全国Ⅰ卷/2018_语文_新课标全国Ⅰ卷_原卷.pdf,,,,
2018,语文,河南,老高考,2025,全国卷,common,新课标全国Ⅰ卷,pdf_only,../papers/2018/语文/全国/新课标全国Ⅰ卷/2018_语文_新课标全国Ⅰ卷_原卷.pdf,,,,
2018,语文,湖北,老高考,2021,全国卷,common,新课标全国Ⅰ卷,pdf_only,../papers/2018/语文/全国/新课标全国Ⅰ卷/2018_语文_新课标全国Ⅰ卷_原卷.pdf,,,,
2018,语文,湖南,老高考,2021,全国卷,common,新课标全国Ⅰ卷,pdf_only,../papers/2018/语文/全国/新课标全国Ⅰ卷/2018_语文_新课标全国Ⅰ卷_原卷.pdf,,,,
2018,语文,广东,老高考,2021,全国卷,common,新课标全国Ⅰ卷,pdf_only,../papers/2018/语文/全国/新课标全国Ⅰ卷/2018_语文_新课标全国Ⅰ卷_原卷.pdf,,,,
2018,语文,广西,老高考,2024,全国卷,common,新课标全国Ⅲ卷,done,../papers/2018/语文/全国/新课标全国Ⅲ卷/2018_语文_新课标全国Ⅲ卷_原卷.pdf,../papers/2018/语文/全国/新课标全国Ⅲ卷/2018_语文_新课标全国Ⅲ卷_OCR与考点.md,,rapidocr,
2018,语文,海南,老高考,2020,全国卷,common,新课标全国Ⅱ卷,done,../papers/2018/语文/全国/新课标全国Ⅱ卷/2018_语文_新课标全国Ⅱ卷_原卷.pdf,../papers/2018/语文/全国/新课标全国Ⅱ卷/2018_语文_新课标全国Ⅱ卷_OCR与考点.md,,rapidocr,13
2018,语文,重庆,老高考,2021,全国卷,common,新课标全国Ⅱ卷,done,../papers/2018/语文/全国/新课标全国Ⅱ卷/2018_语文_新课标全国Ⅱ卷_原卷.pdf,../papers/2018/语文/全国/新课标全国Ⅱ卷/2018_语文_新课标全国Ⅱ卷_OCR与考点.md,,rapidocr,13
2018,语文,四川,老高考,2025,全国卷,common,新课标全国Ⅲ卷,done,../papers/2018/语文/全国/新课标全国Ⅲ卷/2018_语文_新课标全国Ⅲ卷_原卷.pdf,../papers/2018/语文/全国/新课标全国Ⅲ卷/2018_语文_新课标全国Ⅲ卷_OCR与考点.md,,rapidocr,
2018,语文,贵州,老高考,2024,全国卷,common,新课标全国Ⅲ卷,done,../papers/2018/语文/全国/新课标全国Ⅲ卷/2018_语文_新课标全国Ⅲ卷_原卷.pdf,../papers/2018/语文/全国/新课标全国Ⅲ卷/2018_语文_新课标全国Ⅲ卷_OCR与考点.md,,rapidocr,
2018,语文,云南,老高考,2025,全国卷,common,新课标全国Ⅲ卷,done,../papers/2018/语文/全国/新课标全国Ⅲ卷/2018_语文_新课标全国Ⅲ卷_原卷.pdf,../papers/2018/语文/全国/新课标全国Ⅲ卷/2018_语文_新课标全国Ⅲ卷_OCR与考点.md,,rapidocr,
2018,语文,西藏,老高考,,全国卷,common,新课标全国Ⅱ卷,done,../papers/2018/语文/全国/新课标全国Ⅱ卷/2018_语文_新课标全国Ⅱ卷_原卷.pdf,../papers/2018/语文/全国/新课标全国Ⅱ卷/2018_语文_新课标全国Ⅱ卷_OCR与考点.md,,rapidocr,13
2018,语文,陕西,老高考,2025,全国卷,common,新课标全国Ⅱ卷,done,../papers/2018/语文/全国/新课标全国Ⅱ卷/2018_语文_新课标全国Ⅱ卷_原卷.pdf,../papers/2018/语文/全国/新课标全国Ⅱ卷/2018_语文_新课标全国Ⅱ卷_OCR与考点.md,,rapidocr,13
2018,语文,甘肃,老高考,2024,全国卷,common,新课标全国Ⅰ卷,pdf_only,../papers/2018/语文/全国/新课标全国Ⅰ卷/2018_语文_新课标全国Ⅰ卷_原卷.pdf,,,,
2018,语文,青海,老高考,2025,全国卷,common,新课标全国Ⅱ卷,done,../papers/2018/语文/全国/新课标全国Ⅱ卷/2018_语文_新课标全国Ⅱ卷_原卷.pdf,../papers/2018/语文/全国/新课标全国Ⅱ卷/2018_语文_新课标全国Ⅱ卷_OCR与考点.md,,rapidocr,13
2018,语文,宁夏,老高考,2025,全国卷,common,新课标全国Ⅱ卷,done,../papers/2018/语文/全国/新课标全国Ⅱ卷/2018_语文_新课标全国Ⅱ卷_原卷.pdf,../papers/2018/语文/全国/新课标全国Ⅱ卷/2018_语文_新课标全国Ⅱ卷_OCR与考点.md,,rapidocr,13
2018,语文,新疆,老高考,,全国卷,common,新课标全国Ⅱ卷,done,../papers/2018/语文/全国/新课标全国Ⅱ卷/2018_语文_新课标全国Ⅱ卷_原卷.pdf,../papers/2018/语文/全国/新课标全国Ⅱ卷/2018_语文_新课标全国Ⅱ卷_OCR与考点.md,,rapidocr,13
2018,数学,北京,老高考,2020,地方/区域卷,local,北京卷,done,../papers/2018/数学/北京/北京卷/2018_数学_北京卷_原卷.pdf,../papers/2018/数学/北京/北京卷/2018_数学_北京卷_OCR与考点.md,,pypdf,5
2018,数学,天津,老高考,2020,地方/区域卷,local,天津卷,done,../papers/2018/数学/天津/天津卷/2018_数学_天津卷_原卷.pdf,../papers/2018/数学/天津/天津卷/2018_数学_天津卷_OCR与考点.md,,pypdf,5
2018,数学,河北,老高考,2021,全国卷,common,新课标全国Ⅰ卷,done,../papers/2018/数学/全国/新课标全国Ⅰ卷/2018_数学_新课标全国Ⅰ卷_原卷.pdf,../papers/2018/数学/全国/新课标全国Ⅰ卷/2018_数学_新课标全国Ⅰ卷_OCR与考点.md,,pypdf,6
2018,数学,山西,老高考,2025,全国卷,common,新课标全国Ⅰ卷,done,../papers/2018/数学/全国/新课标全国Ⅰ卷/2018_数学_新课标全国Ⅰ卷_原卷.pdf,../papers/2018/数学/全国/新课标全国Ⅰ卷/2018_数学_新课标全国Ⅰ卷_OCR与考点.md,,pypdf,6
2018,数学,内蒙古,老高考,2025,全国卷,common,新课标全国Ⅱ卷,done,../papers/2018/数学/全国/新课标全国Ⅱ卷/2018_数学_新课标全国Ⅱ卷_原卷.pdf,../papers/2018/数学/全国/新课标全国Ⅱ卷/2018_数学_新课标全国Ⅱ卷_OCR与考点.md,,pypdf,6
2018,数学,辽宁,老高考,2021,全国卷,common,新课标全国Ⅱ卷,done,../papers/2018/数学/全国/新课标全国Ⅱ卷/2018_数学_新课标全国Ⅱ卷_原卷.pdf,../papers/2018/数学/全国/新课标全国Ⅱ卷/2018_数学_新课标全国Ⅱ卷_OCR与考点.md,,pypdf,6
2018,数学,吉林,老高考,2024,全国卷,common,新课标全国Ⅱ卷,done,../papers/2018/数学/全国/新课标全国Ⅱ卷/2018_数学_新课标全国Ⅱ卷_原卷.pdf,../papers/2018/数学/全国/新课标全国Ⅱ卷/2018_数学_新课标全国Ⅱ卷_OCR与考点.md,,pypdf,6
2018,数学,黑龙江,老高考,2024,全国卷,common,新课标全国Ⅱ卷,done,../papers/2018/数学/全国/新课标全国Ⅱ卷/2018_数学_新课标全国Ⅱ卷_原卷.pdf,../papers/2018/数学/全国/新课标全国Ⅱ卷/2018_数学_新课标全国Ⅱ卷_OCR与考点.md,,pypdf,6
2018,数学,上海,新高考,2017,地方/区域卷,local,上海卷,done,../papers/2018/数学/上海/上海卷/2018_数学_上海卷_原卷.pdf,../papers/2018/数学/上海/上海卷/2018_数学_上海卷_OCR与考点.md,,pypdf,6
2018,数学,江苏,老高考,2021,地方/区域卷,local,江苏卷,done,../papers/2018/数学/江苏/江苏卷/2018_数学_江苏卷_原卷.pdf,../papers/2018/数学/江苏/江苏卷/2018_数学_江苏卷_OCR与考点.md,,pypdf,6
2018,数学,浙江,新高考,2017,地方/区域卷,local,浙江卷,done,../papers/2018/数学/浙江/浙江卷/2018_数学_浙江卷_原卷.pdf,../papers/2018/数学/浙江/浙江卷/2018_数学_浙江卷_OCR与考点.md,,pypdf,5
2018,数学,安徽,老高考,2024,全国卷,common,新课标全国Ⅰ卷,done,../papers/2018/数学/全国/新课标全国Ⅰ卷/2018_数学_新课标全国Ⅰ卷_原卷.pdf,../papers/2018/数学/全国/新课标全国Ⅰ卷/2018_数学_新课标全国Ⅰ卷_OCR与考点.md,,pypdf,6
2018,数学,福建,老高考,2021,全国卷,common,新课标全国Ⅰ卷,done,../papers/2018/数学/全国/新课标全国Ⅰ卷/2018_数学_新课标全国Ⅰ卷_原卷.pdf,../papers/2018/数学/全国/新课标全国Ⅰ卷/2018_数学_新课标全国Ⅰ卷_OCR与考点.md,,pypdf,6
2018,数学,江西,老高考,2024,全国卷,common,新课标全国Ⅰ卷,done,../papers/2018/数学/全国/新课标全国Ⅰ卷/2018_数学_新课标全国Ⅰ卷_原卷.pdf,../papers/2018/数学/全国/新课标全国Ⅰ卷/2018_数学_新课标全国Ⅰ卷_OCR与考点.md,,pypdf,6
2018,数学,山东,老高考,2020,全国卷,common,新课标全国Ⅰ卷,done,../papers/2018/数学/全国/新课标全国Ⅰ卷/2018_数学_新课标全国Ⅰ卷_原卷.pdf,../papers/2018/数学/全国/新课标全国Ⅰ卷/2018_数学_新课标全国Ⅰ卷_OCR与考点.md,,pypdf,6
2018,数学,河南,老高考,2025,全国卷,common,新课标全国Ⅰ卷,done,../papers/2018/数学/全国/新课标全国Ⅰ卷/2018_数学_新课标全国Ⅰ卷_原卷.pdf,../papers/2018/数学/全国/新课标全国Ⅰ卷/2018_数学_新课标全国Ⅰ卷_OCR与考点.md,,pypdf,6
2018,数学,湖北,老高考,2021,全国卷,common,新课标全国Ⅰ卷,done,../papers/2018/数学/全国/新课标全国Ⅰ卷/2018_数学_新课标全国Ⅰ卷_原卷.pdf,../papers/2018/数学/全国/新课标全国Ⅰ卷/2018_数学_新课标全国Ⅰ卷_OCR与考点.md,,pypdf,6
2018,数学,湖南,老高考,2021,全国卷,common,新课标全国Ⅰ卷,done,../papers/2018/数学/全国/新课标全国Ⅰ卷/2018_数学_新课标全国Ⅰ卷_原卷.pdf,../papers/2018/数学/全国/新课标全国Ⅰ卷/2018_数学_新课标全国Ⅰ卷_OCR与考点.md,,pypdf,6
2018,数学,广东,老高考,2021,全国卷,common,新课标全国Ⅰ卷,done,../papers/2018/数学/全国/新课标全国Ⅰ卷/2018_数学_新课标全国Ⅰ卷_原卷.pdf,../papers/2018/数学/全国/新课标全国Ⅰ卷/2018_数学_新课标全国Ⅰ卷_OCR与考点.md,,pypdf,6
2018,数学,广西,老高考,2024,全国卷,common,新课标全国Ⅲ卷,done,../papers/2018/数学/全国/新课标全国Ⅲ卷/2018_数学_新课标全国Ⅲ卷_原卷.pdf,../papers/2018/数学/全国/新课标全国Ⅲ卷/2018_数学_新课标全国Ⅲ卷_OCR与考点.md,,pypdf,
2018,数学,海南,老高考,2020,全国卷,common,新课标全国Ⅱ卷,done,../papers/2018/数学/全国/新课标全国Ⅱ卷/2018_数学_新课标全国Ⅱ卷_原卷.pdf,../papers/2018/数学/全国/新课标全国Ⅱ卷/2018_数学_新课标全国Ⅱ卷_OCR与考点.md,,pypdf,6
2018,数学,重庆,老高考,2021,全国卷,common,新课标全国Ⅱ卷,done,../papers/2018/数学/全国/新课标全国Ⅱ卷/2018_数学_新课标全国Ⅱ卷_原卷.pdf,../papers/2018/数学/全国/新课标全国Ⅱ卷/2018_数学_新课标全国Ⅱ卷_OCR与考点.md,,pypdf,6
2018,数学,四川,老高考,2025,全国卷,common,新课标全国Ⅲ卷,done,../papers/2018/数学/全国/新课标全国Ⅲ卷/2018_数学_新课标全国Ⅲ卷_原卷.pdf,../papers/2018/数学/全国/新课标全国Ⅲ卷/2018_数学_新课标全国Ⅲ卷_OCR与考点.md,,pypdf,
2018,数学,贵州,老高考,2024,全国卷,common,新课标全国Ⅲ卷,done,../papers/2018/数学/全国/新课标全国Ⅲ卷/2018_数学_新课标全国Ⅲ卷_原卷.pdf,../papers/2018/数学/全国/新课标全国Ⅲ卷/2018_数学_新课标全国Ⅲ卷_OCR与考点.md,,pypdf,
2018,数学,云南,老高考,2025,全国卷,common,新课标全国Ⅲ卷,done,../papers/2018/数学/全国/新课标全国Ⅲ卷/2018_数学_新课标全国Ⅲ卷_原卷.pdf,../papers/2018/数学/全国/新课标全国Ⅲ卷/2018_数学_新课标全国Ⅲ卷_OCR与考点.md,,pypdf,
2018,数学,西藏,老高考,,全国卷,common,新课标全国Ⅱ卷,done,../papers/2018/数学/全国/新课标全国Ⅱ卷/2018_数学_新课标全国Ⅱ卷_原卷.pdf,../papers/2018/数学/全国/新课标全国Ⅱ卷/2018_数学_新课标全国Ⅱ卷_OCR与考点.md,,pypdf,6
2018,数学,陕西,老高考,2025,全国卷,common,新课标全国Ⅱ卷,done,../papers/2018/数学/全国/新课标全国Ⅱ卷/2018_数学_新课标全国Ⅱ卷_原卷.pdf,../papers/2018/数学/全国/新课标全国Ⅱ卷/2018_数学_新课标全国Ⅱ卷_OCR与考点.md,,pypdf,6
2018,数学,甘肃,老高考,2024,全国卷,common,新课标全国Ⅱ卷,done,../papers/2018/数学/全国/新课标全国Ⅱ卷/2018_数学_新课标全国Ⅱ卷_原卷.pdf,../papers/2018/数学/全国/新课标全国Ⅱ卷/2018_数学_新课标全国Ⅱ卷_OCR与考点.md,,pypdf,6
2018,数学,青海,老高考,2025,全国卷,common,新课标全国Ⅱ卷,done,../papers/2018/数学/全国/新课标全国Ⅱ卷/2018_数学_新课标全国Ⅱ卷_原卷.pdf,../papers/2018/数学/全国/新课标全国Ⅱ卷/2018_数学_新课标全国Ⅱ卷_OCR与考点.md,,pypdf,6
2018,数学,宁夏,老高考,2025,全国卷,common,新课标全国Ⅱ卷,done,../papers/2018/数学/全国/新课标全国Ⅱ卷/2018_数学_新课标全国Ⅱ卷_原卷.pdf,../papers/2018/数学/全国/新课标全国Ⅱ卷/2018_数学_新课标全国Ⅱ卷_OCR与考点.md,,pypdf,6
2018,数学,新疆,老高考,,全国卷,common,新课标全国Ⅱ卷,done,../papers/2018/数学/全国/新课标全国Ⅱ卷/2018_数学_新课标全国Ⅱ卷_原卷.pdf,../papers/2018/数学/全国/新课标全国Ⅱ卷/2018_数学_新课标全国Ⅱ卷_OCR与考点.md,,pypdf,6
2018,英语,北京,老高考,2020,地方/区域卷,local,北京卷,done,../papers/2018/英语/北京/北京卷/2018_英语_北京卷_原卷.pdf,../papers/2018/英语/北京/北京卷/2018_英语_北京卷_OCR与考点.md,,pypdf,13
2018,英语,天津,老高考,2020,地方/区域卷,local,天津卷,done,../papers/2018/英语/天津/天津卷/2018_英语_天津卷_原卷.pdf,../papers/2018/英语/天津/天津卷/2018_英语_天津卷_OCR与考点.md,,pypdf,14
2018,英语,河北,老高考,2021,全国卷,common,新课标全国Ⅰ卷,done,../papers/2018/英语/全国/新课标全国Ⅰ卷/2018_英语_新课标全国Ⅰ卷_原卷.pdf,../papers/2018/英语/全国/新课标全国Ⅰ卷/2018_英语_新课标全国Ⅰ卷_OCR与考点.md,../papers/2018/英语/全国/新课标全国Ⅰ卷/2018_英语_新课标全国Ⅰ卷_听力.mp3,pypdf,13
2018,英语,山西,老高考,2025,全国卷,common,新课标全国Ⅰ卷,done,../papers/2018/英语/全国/新课标全国Ⅰ卷/2018_英语_新课标全国Ⅰ卷_原卷.pdf,../papers/2018/英语/全国/新课标全国Ⅰ卷/2018_英语_新课标全国Ⅰ卷_OCR与考点.md,../papers/2018/英语/全国/新课标全国Ⅰ卷/2018_英语_新课标全国Ⅰ卷_听力.mp3,pypdf,13
2018,英语,内蒙古,老高考,2025,全国卷,common,新课标全国Ⅱ卷,done,../papers/2018/英语/全国/新课标全国Ⅱ卷/2018_英语_新课标全国Ⅱ卷_原卷.pdf,../papers/2018/英语/全国/新课标全国Ⅱ卷/2018_英语_新课标全国Ⅱ卷_OCR与考点.md,../papers/2018/英语/全国/新课标全国Ⅱ卷/2018_英语_新课标全国Ⅱ卷_听力.mp3,pypdf,12
2018,英语,辽宁,老高考,2021,全国卷,common,新课标全国Ⅱ卷,done,../papers/2018/英语/全国/新课标全国Ⅱ卷/2018_英语_新课标全国Ⅱ卷_原卷.pdf,../papers/2018/英语/全国/新课标全国Ⅱ卷/2018_英语_新课标全国Ⅱ卷_OCR与考点.md,../papers/2018/英语/全国/新课标全国Ⅱ卷/2018_英语_新课标全国Ⅱ卷_听力.mp3,pypdf,12
2018,英语,吉林,老高考,2024,全国卷,common,新课标全国Ⅱ卷,done,../papers/2018/英语/全国/新课标全国Ⅱ卷/2018_英语_新课标全国Ⅱ卷_原卷.pdf,../papers/2018/英语/全国/新课标全国Ⅱ卷/2018_英语_新课标全国Ⅱ卷_OCR与考点.md,../papers/2018/英语/全国/新课标全国Ⅱ卷/2018_英语_新课标全国Ⅱ卷_听力.mp3,pypdf,12
2018,英语,黑龙江,老高考,2024,全国卷,common,新课标全国Ⅱ卷,done,../papers/2018/英语/全国/新课标全国Ⅱ卷/2018_英语_新课标全国Ⅱ卷_原卷.pdf,../papers/2018/英语/全国/新课标全国Ⅱ卷/2018_英语_新课标全国Ⅱ卷_OCR与考点.md,../papers/2018/英语/全国/新课标全国Ⅱ卷/2018_英语_新课标全国Ⅱ卷_听力.mp3,pypdf,12
2018,英语,上海,新高考,2017,地方/区域卷,local,上海卷,done,../papers/2018/英语/上海/上海卷/2018_英语_上海卷_原卷.pdf,../papers/2018/英语/上海/上海卷/2018_英语_上海卷_OCR与考点.md,../papers/2018/英语/上海/上海卷/2018_英语_上海卷_听力.mp3,pypdf,11
2018,英语,江苏,老高考,2021,地方/区域卷,local,江苏卷,done,../papers/2018/英语/江苏/江苏卷/2018_英语_江苏卷_原卷.pdf,../papers/2018/英语/江苏/江苏卷/2018_英语_江苏卷_OCR与考点.md,../papers/2018/英语/江苏/江苏卷/2018_英语_江苏卷_听力.mp3,pypdf,19
2018,英语,浙江,新高考,2017,地方/区域卷,local,浙江卷,done,../papers/2018/英语/浙江/浙江卷/2018_英语_浙江卷_原卷.pdf,../papers/2018/英语/浙江/浙江卷/2018_英语_浙江卷_OCR与考点.md,../papers/2018/英语/浙江/浙江卷/2018_英语_浙江卷_听力.mp3,pypdf,12
2018,英语,安徽,老高考,2024,全国卷,common,新课标全国Ⅰ卷,done,../papers/2018/英语/全国/新课标全国Ⅰ卷/2018_英语_新课标全国Ⅰ卷_原卷.pdf,../papers/2018/英语/全国/新课标全国Ⅰ卷/2018_英语_新课标全国Ⅰ卷_OCR与考点.md,../papers/2018/英语/全国/新课标全国Ⅰ卷/2018_英语_新课标全国Ⅰ卷_听力.mp3,pypdf,13
2018,英语,福建,老高考,2021,全国卷,common,新课标全国Ⅰ卷,done,../papers/2018/英语/全国/新课标全国Ⅰ卷/2018_英语_新课标全国Ⅰ卷_原卷.pdf,../papers/2018/英语/全国/新课标全国Ⅰ卷/2018_英语_新课标全国Ⅰ卷_OCR与考点.md,../papers/2018/英语/全国/新课标全国Ⅰ卷/2018_英语_新课标全国Ⅰ卷_听力.mp3,pypdf,13
2018,英语,江西,老高考,2024,全国卷,common,新课标全国Ⅰ卷,done,../papers/2018/英语/全国/新课标全国Ⅰ卷/2018_英语_新课标全国Ⅰ卷_原卷.pdf,../papers/2018/英语/全国/新课标全国Ⅰ卷/2018_英语_新课标全国Ⅰ卷_OCR与考点.md,../papers/2018/英语/全国/新课标全国Ⅰ卷/2018_英语_新课标全国Ⅰ卷_听力.mp3,pypdf,13
2018,英语,山东,老高考,2020,全国卷,common,新课标全国Ⅰ卷,done,../papers/2018/英语/全国/新课标全国Ⅰ卷/2018_英语_新课标全国Ⅰ卷_原卷.pdf,../papers/2018/英语/全国/新课标全国Ⅰ卷/2018_英语_新课标全国Ⅰ卷_OCR与考点.md,../papers/2018/英语/全国/新课标全国Ⅰ卷/2018_英语_新课标全国Ⅰ卷_听力.mp3,pypdf,13
2018,英语,河南,老高考,2025,全国卷,common,新课标全国Ⅰ卷,done,../papers/2018/英语/全国/新课标全国Ⅰ卷/2018_英语_新课标全国Ⅰ卷_原卷.pdf,../papers/2018/英语/全国/新课标全国Ⅰ卷/2018_英语_新课标全国Ⅰ卷_OCR与考点.md,../papers/2018/英语/全国/新课标全国Ⅰ卷/2018_英语_新课标全国Ⅰ卷_听力.mp3,pypdf,13
2018,英语,湖北,老高考,2021,全国卷,common,新课标全国Ⅰ卷,done,../papers/2018/英语/全国/新课标全国Ⅰ卷/2018_英语_新课标全国Ⅰ卷_原卷.pdf,../papers/2018/英语/全国/新课标全国Ⅰ卷/2018_英语_新课标全国Ⅰ卷_OCR与考点.md,../papers/2018/英语/全国/新课标全国Ⅰ卷/2018_英语_新课标全国Ⅰ卷_听力.mp3,pypdf,13
2018,英语,湖南,老高考,2021,全国卷,common,新课标全国Ⅰ卷,done,../papers/2018/英语/全国/新课标全国Ⅰ卷/2018_英语_新课标全国Ⅰ卷_原卷.pdf,../papers/2018/英语/全国/新课标全国Ⅰ卷/2018_英语_新课标全国Ⅰ卷_OCR与考点.md,../papers/2018/英语/全国/新课标全国Ⅰ卷/2018_英语_新课标全国Ⅰ卷_听力.mp3,pypdf,13
2018,英语,广东,老高考,2021,全国卷,common,新课标全国Ⅰ卷,done,../papers/2018/英语/全国/新课标全国Ⅰ卷/2018_英语_新课标全国Ⅰ卷_原卷.pdf,../papers/2018/英语/全国/新课标全国Ⅰ卷/2018_英语_新课标全国Ⅰ卷_OCR与考点.md,../papers/2018/英语/全国/新课标全国Ⅰ卷/2018_英语_新课标全国Ⅰ卷_听力.mp3,pypdf,13
2018,英语,广西,老高考,2024,全国卷,common,新课标全国Ⅲ卷,done,../papers/2018/英语/全国/新课标全国Ⅲ卷/2018_英语_新课标全国Ⅲ卷_原卷.pdf,../papers/2018/英语/全国/新课标全国Ⅲ卷/2018_英语_新课标全国Ⅲ卷_OCR与考点.md,../papers/2018/英语/全国/新课标全国Ⅲ卷/2018_英语_新课标全国Ⅲ卷_听力.mp3,pypdf,
2018,英语,海南,老高考,2020,全国卷,common,新课标全国Ⅱ卷,done,../papers/2018/英语/全国/新课标全国Ⅱ卷/2018_英语_新课标全国Ⅱ卷_原卷.pdf,../papers/2018/英语/全国/新课标全国Ⅱ卷/2018_英语_新课标全国Ⅱ卷_OCR与考点.md,../papers/2018/英语/全国/新课标全国Ⅱ卷/2018_英语_新课标全国Ⅱ卷_听力.mp3,pypdf,12
2018,英语,重庆,老高考,2021,全国卷,common,新课标全国Ⅱ卷,done,../papers/2018/英语/全国/新课标全国Ⅱ卷/2018_英语_新课标全国Ⅱ卷_原卷.pdf,../papers/2018/英语/全国/新课标全国Ⅱ卷/2018_英语_新课标全国Ⅱ卷_OCR与考点.md,../papers/2018/英语/全国/新课标全国Ⅱ卷/2018_英语_新课标全国Ⅱ卷_听力.mp3,pypdf,12
2018,英语,四川,老高考,2025,全国卷,common,新课标全国Ⅲ卷,done,../papers/2018/英语/全国/新课标全国Ⅲ卷/2018_英语_新课标全国Ⅲ卷_原卷.pdf,../papers/2018/英语/全国/新课标全国Ⅲ卷/2018_英语_新课标全国Ⅲ卷_OCR与考点.md,../papers/2018/英语/全国/新课标全国Ⅲ卷/2018_英语_新课标全国Ⅲ卷_听力.mp3,pypdf,
2018,英语,贵州,老高考,2024,全国卷,common,新课标全国Ⅲ卷,done,../papers/2018/英语/全国/新课标全国Ⅲ卷/2018_英语_新课标全国Ⅲ卷_原卷.pdf,../papers/2018/英语/全国/新课标全国Ⅲ卷/2018_英语_新课标全国Ⅲ卷_OCR与考点.md,../papers/2018/英语/全国/新课标全国Ⅲ卷/2018_英语_新课标全国Ⅲ卷_听力.mp3,pypdf,
2018,英语,云南,老高考,2025,全国卷,common,新课标全国Ⅲ卷,done,../papers/2018/英语/全国/新课标全国Ⅲ卷/2018_英语_新课标全国Ⅲ卷_原卷.pdf,../papers/2018/英语/全国/新课标全国Ⅲ卷/2018_英语_新课标全国Ⅲ卷_OCR与考点.md,../papers/2018/英语/全国/新课标全国Ⅲ卷/2018_英语_新课标全国Ⅲ卷_听力.mp3,pypdf,
2018,英语,西藏,老高考,,全国卷,common,新课标全国Ⅱ卷,done,../papers/2018/英语/全国/新课标全国Ⅱ卷/2018_英语_新课标全国Ⅱ卷_原卷.pdf,../papers/2018/英语/全国/新课标全国Ⅱ卷/2018_英语_新课标全国Ⅱ卷_OCR与考点.md,../papers/2018/英语/全国/新课标全国Ⅱ卷/2018_英语_新课标全国Ⅱ卷_听力.mp3,pypdf,12
2018,英语,陕西,老高考,2025,全国卷,common,新课标全国Ⅱ卷,done,../papers/2018/英语/全国/新课标全国Ⅱ卷/2018_英语_新课标全国Ⅱ卷_原卷.pdf,../papers/2018/英语/全国/新课标全国Ⅱ卷/2018_英语_新课标全国Ⅱ卷_OCR与考点.md,../papers/2018/英语/全国/新课标全国Ⅱ卷/2018_英语_新课标全国Ⅱ卷_听力.mp3,pypdf,12
2018,英语,甘肃,老高考,2024,全国卷,common,新课标全国Ⅱ卷,done,../papers/2018/英语/全国/新课标全国Ⅱ卷/2018_英语_新课标全国Ⅱ卷_原卷.pdf,../papers/2018/英语/全国/新课标全国Ⅱ卷/2018_英语_新课标全国Ⅱ卷_OCR与考点.md,../papers/2018/英语/全国/新课标全国Ⅱ卷/2018_英语_新课标全国Ⅱ卷_听力.mp3,pypdf,12
2018,英语,青海,老高考,2025,全国卷,common,新课标全国Ⅱ卷,done,../papers/2018/英语/全国/新课标全国Ⅱ卷/2018_英语_新课标全国Ⅱ卷_原卷.pdf,../papers/2018/英语/全国/新课标全国Ⅱ卷/2018_英语_新课标全国Ⅱ卷_OCR与考点.md,../papers/2018/英语/全国/新课标全国Ⅱ卷/2018_英语_新课标全国Ⅱ卷_听力.mp3,pypdf,12
2018,英语,宁夏,老高考,2025,全国卷,common,新课标全国Ⅱ卷,done,../papers/2018/英语/全国/新课标全国Ⅱ卷/2018_英语_新课标全国Ⅱ卷_原卷.pdf,../papers/2018/英语/全国/新课标全国Ⅱ卷/2018_英语_新课标全国Ⅱ卷_OCR与考点.md,../papers/2018/英语/全国/新课标全国Ⅱ卷/2018_英语_新课标全国Ⅱ卷_听力.mp3,pypdf,12
2018,英语,新疆,老高考,,全国卷,common,新课标全国Ⅱ卷,done,../papers/2018/英语/全国/新课标全国Ⅱ卷/2018_英语_新课标全国Ⅱ卷_原卷.pdf,../papers/2018/英语/全国/新课标全国Ⅱ卷/2018_英语_新课标全国Ⅱ卷_OCR与考点.md,../papers/2018/英语/全国/新课标全国Ⅱ卷/2018_英语_新课标全国Ⅱ卷_听力.mp3,pypdf,12
2018,物理,北京,老高考,2020,地方/区域卷,local,北京卷,done,../papers/2018/物理/北京/北京理综/2018_物理_北京理综_原卷.pdf,../papers/2018/物理/北京/北京理综/2018_物理_北京理综_OCR与考点.md,,pypdf,7
2018,物理,天津,老高考,2020,地方/区域卷,local,天津卷,done,../papers/2018/物理/天津/天津理综/2018_物理_天津理综_原卷.pdf,../papers/2018/物理/天津/天津理综/2018_物理_天津理综_OCR与考点.md,,pypdf,6
2018,物理,河北,老高考,2021,全国卷,common,新课标全国Ⅰ卷,done,../papers/2018/物理/全国/新课标全国Ⅰ卷理综/2018_物理_新课标全国Ⅰ卷理综_原卷.pdf,../papers/2018/物理/全国/新课标全国Ⅰ卷理综/2018_物理_新课标全国Ⅰ卷理综_OCR与考点.md,,pypdf,9
2018,物理,山西,老高考,2025,全国卷,common,新课标全国Ⅰ卷,done,../papers/2018/物理/全国/新课标全国Ⅰ卷理综/2018_物理_新课标全国Ⅰ卷理综_原卷.pdf,../papers/2018/物理/全国/新课标全国Ⅰ卷理综/2018_物理_新课标全国Ⅰ卷理综_OCR与考点.md,,pypdf,9
2018,物理,内蒙古,老高考,2025,全国卷,common,新课标全国Ⅱ卷,done,../papers/2018/物理/全国/新课标全国Ⅱ卷理综/2018_物理_新课标全国Ⅱ卷理综_原卷.pdf,../papers/2018/物理/全国/新课标全国Ⅱ卷理综/2018_物理_新课标全国Ⅱ卷理综_OCR与考点.md,,pypdf,9
2018,物理,辽宁,老高考,2021,全国卷,common,新课标全国Ⅱ卷,done,../papers/2018/物理/全国/新课标全国Ⅱ卷理综/2018_物理_新课标全国Ⅱ卷理综_原卷.pdf,../papers/2018/物理/全国/新课标全国Ⅱ卷理综/2018_物理_新课标全国Ⅱ卷理综_OCR与考点.md,,pypdf,9
2018,物理,吉林,老高考,2024,全国卷,common,新课标全国Ⅱ卷,done,../papers/2018/物理/全国/新课标全国Ⅱ卷理综/2018_物理_新课标全国Ⅱ卷理综_原卷.pdf,../papers/2018/物理/全国/新课标全国Ⅱ卷理综/2018_物理_新课标全国Ⅱ卷理综_OCR与考点.md,,pypdf,9
2018,物理,黑龙江,老高考,2024,全国卷,common,新课标全国Ⅱ卷,done,../papers/2018/物理/全国/新课标全国Ⅱ卷理综/2018_物理_新课标全国Ⅱ卷理综_原卷.pdf,../papers/2018/物理/全国/新课标全国Ⅱ卷理综/2018_物理_新课标全国Ⅱ卷理综_OCR与考点.md,,pypdf,9
2018,物理,上海,新高考,2017,地方/区域卷,local,上海卷,done,../papers/2018/物理/上海/上海卷/2018_物理_上海卷_原卷.pdf,../papers/2018/物理/上海/上海卷/2018_物理_上海卷_OCR与考点.md,,pypdf,4
2018,物理,江苏,老高考,2021,地方/区域卷,local,江苏卷,done,../papers/2018/物理/江苏/江苏理综/2018_物理_江苏理综_原卷.pdf,../papers/2018/物理/江苏/江苏理综/2018_物理_江苏理综_OCR与考点.md,,pypdf,9
2018,物理,浙江,新高考,2017,地方/区域卷,local,浙江卷,done,../papers/2018/物理/浙江/浙江卷/2018_物理_浙江卷_原卷.pdf,../papers/2018/物理/浙江/浙江卷/2018_物理_浙江卷_OCR与考点.md,,pypdf,11
2018,物理,安徽,老高考,2024,全国卷,common,新课标全国Ⅰ卷,done,../papers/2018/物理/全国/新课标全国Ⅰ卷理综/2018_物理_新课标全国Ⅰ卷理综_原卷.pdf,../papers/2018/物理/全国/新课标全国Ⅰ卷理综/2018_物理_新课标全国Ⅰ卷理综_OCR与考点.md,,pypdf,9
2018,物理,福建,老高考,2021,全国卷,common,新课标全国Ⅰ卷,done,../papers/2018/物理/全国/新课标全国Ⅰ卷理综/2018_物理_新课标全国Ⅰ卷理综_原卷.pdf,../papers/2018/物理/全国/新课标全国Ⅰ卷理综/2018_物理_新课标全国Ⅰ卷理综_OCR与考点.md,,pypdf,9
2018,物理,江西,老高考,2024,全国卷,common,新课标全国Ⅰ卷,done,../papers/2018/物理/全国/新课标全国Ⅰ卷理综/2018_物理_新课标全国Ⅰ卷理综_原卷.pdf,../papers/2018/物理/全国/新课标全国Ⅰ卷理综/2018_物理_新课标全国Ⅰ卷理综_OCR与考点.md,,pypdf,9
2018,物理,山东,老高考,2020,全国卷,common,新课标全国Ⅰ卷,done,../papers/2018/物理/全国/新课标全国Ⅰ卷理综/2018_物理_新课标全国Ⅰ卷理综_原卷.pdf,../papers/2018/物理/全国/新课标全国Ⅰ卷理综/2018_物理_新课标全国Ⅰ卷理综_OCR与考点.md,,pypdf,9
2018,物理,河南,老高考,2025,全国卷,common,新课标全国Ⅰ卷,done,../papers/2018/物理/全国/新课标全国Ⅰ卷理综/2018_物理_新课标全国Ⅰ卷理综_原卷.pdf,../papers/2018/物理/全国/新课标全国Ⅰ卷理综/2018_物理_新课标全国Ⅰ卷理综_OCR与考点.md,,pypdf,9
2018,物理,湖北,老高考,2021,全国卷,common,新课标全国Ⅰ卷,done,../papers/2018/物理/全国/新课标全国Ⅰ卷理综/2018_物理_新课标全国Ⅰ卷理综_原卷.pdf,../papers/2018/物理/全国/新课标全国Ⅰ卷理综/2018_物理_新课标全国Ⅰ卷理综_OCR与考点.md,,pypdf,9
2018,物理,湖南,老高考,2021,全国卷,common,新课标全国Ⅰ卷,done,../papers/2018/物理/全国/新课标全国Ⅰ卷理综/2018_物理_新课标全国Ⅰ卷理综_原卷.pdf,../papers/2018/物理/全国/新课标全国Ⅰ卷理综/2018_物理_新课标全国Ⅰ卷理综_OCR与考点.md,,pypdf,9
2018,物理,广东,老高考,2021,全国卷,common,新课标全国Ⅰ卷,done,../papers/2018/物理/全国/新课标全国Ⅰ卷理综/2018_物理_新课标全国Ⅰ卷理综_原卷.pdf,../papers/2018/物理/全国/新课标全国Ⅰ卷理综/2018_物理_新课标全国Ⅰ卷理综_OCR与考点.md,,pypdf,9
2018,物理,广西,老高考,2024,全国卷,common,新课标全国Ⅲ卷,done,../papers/2018/物理/全国/新课标全国Ⅲ卷理综/2018_物理_新课标全国Ⅲ卷理综_原卷.pdf,../papers/2018/物理/全国/新课标全国Ⅲ卷理综/2018_物理_新课标全国Ⅲ卷理综_OCR与考点.md,,pypdf,
2018,物理,海南,老高考,2020,地方/区域卷,local,海南卷,done,../papers/2018/物理/海南/海南理综/2018_物理_海南理综_原卷.pdf,../papers/2018/物理/海南/海南理综/2018_物理_海南理综_OCR与考点.md,,pypdf,8
2018,物理,重庆,老高考,2021,全国卷,common,新课标全国Ⅱ卷,done,../papers/2018/物理/全国/新课标全国Ⅱ卷理综/2018_物理_新课标全国Ⅱ卷理综_原卷.pdf,../papers/2018/物理/全国/新课标全国Ⅱ卷理综/2018_物理_新课标全国Ⅱ卷理综_OCR与考点.md,,pypdf,9
2018,物理,四川,老高考,2025,全国卷,common,新课标全国Ⅲ卷,done,../papers/2018/物理/全国/新课标全国Ⅲ卷理综/2018_物理_新课标全国Ⅲ卷理综_原卷.pdf,../papers/2018/物理/全国/新课标全国Ⅲ卷理综/2018_物理_新课标全国Ⅲ卷理综_OCR与考点.md,,pypdf,
2018,物理,贵州,老高考,2024,全国卷,common,新课标全国Ⅲ卷,done,../papers/2018/物理/全国/新课标全国Ⅲ卷理综/2018_物理_新课标全国Ⅲ卷理综_原卷.pdf,../papers/2018/物理/全国/新课标全国Ⅲ卷理综/2018_物理_新课标全国Ⅲ卷理综_OCR与考点.md,,pypdf,
2018,物理,云南,老高考,2025,全国卷,common,新课标全国Ⅲ卷,done,../papers/2018/物理/全国/新课标全国Ⅲ卷理综/2018_物理_新课标全国Ⅲ卷理综_原卷.pdf,../papers/2018/物理/全国/新课标全国Ⅲ卷理综/2018_物理_新课标全国Ⅲ卷理综_OCR与考点.md,,pypdf,
2018,物理,西藏,老高考,,全国卷,common,新课标全国Ⅱ卷,done,../papers/2018/物理/全国/新课标全国Ⅱ卷理综/2018_物理_新课标全国Ⅱ卷理综_原卷.pdf,../papers/2018/物理/全国/新课标全国Ⅱ卷理综/2018_物理_新课标全国Ⅱ卷理综_OCR与考点.md,,pypdf,9
2018,物理,陕西,老高考,2025,全国卷,common,新课标全国Ⅱ卷,done,../papers/2018/物理/全国/新课标全国Ⅱ卷理综/2018_物理_新课标全国Ⅱ卷理综_原卷.pdf,../papers/2018/物理/全国/新课标全国Ⅱ卷理综/2018_物理_新课标全国Ⅱ卷理综_OCR与考点.md,,pypdf,9
2018,物理,甘肃,老高考,2024,全国卷,common,新课标全国Ⅱ卷,done,../papers/2018/物理/全国/新课标全国Ⅱ卷理综/2018_物理_新课标全国Ⅱ卷理综_原卷.pdf,../papers/2018/物理/全国/新课标全国Ⅱ卷理综/2018_物理_新课标全国Ⅱ卷理综_OCR与考点.md,,pypdf,9
2018,物理,青海,老高考,2025,全国卷,common,新课标全国Ⅱ卷,done,../papers/2018/物理/全国/新课标全国Ⅱ卷理综/2018_物理_新课标全国Ⅱ卷理综_原卷.pdf,../papers/2018/物理/全国/新课标全国Ⅱ卷理综/2018_物理_新课标全国Ⅱ卷理综_OCR与考点.md,,pypdf,9
2018,物理,宁夏,老高考,2025,全国卷,common,新课标全国Ⅱ卷,done,../papers/2018/物理/全国/新课标全国Ⅱ卷理综/2018_物理_新课标全国Ⅱ卷理综_原卷.pdf,../papers/2018/物理/全国/新课标全国Ⅱ卷理综/2018_物理_新课标全国Ⅱ卷理综_OCR与考点.md,,pypdf,9
2018,物理,新疆,老高考,,全国卷,common,新课标全国Ⅱ卷,done,../papers/2018/物理/全国/新课标全国Ⅱ卷理综/2018_物理_新课标全国Ⅱ卷理综_原卷.pdf,../papers/2018/物理/全国/新课标全国Ⅱ卷理综/2018_物理_新课标全国Ⅱ卷理综_OCR与考点.md,,pypdf,9
2018,化学,北京,老高考,2020,地方/区域卷,local,北京卷,done,../papers/2018/化学/北京/北京理综/2018_化学_北京理综_原卷.pdf,../papers/2018/化学/北京/北京理综/2018_化学_北京理综_OCR与考点.md,,pypdf,8
2018,化学,天津,老高考,2020,地方/区域卷,local,天津卷,done,../papers/2018/化学/天津/天津理综/2018_化学_天津理综_原卷.pdf,../papers/2018/化学/天津/天津理综/2018_化学_天津理综_OCR与考点.md,,pypdf,7
2018,化学,河北,老高考,2021,全国卷,common,新课标全国Ⅰ卷,done,../papers/2018/化学/全国/新课标全国Ⅰ卷理综/2018_化学_新课标全国Ⅰ卷理综_原卷.pdf,../papers/2018/化学/全国/新课标全国Ⅰ卷理综/2018_化学_新课标全国Ⅰ卷理综_OCR与考点.md,,pypdf,8
2018,化学,山西,老高考,2025,全国卷,common,新课标全国Ⅰ卷,done,../papers/2018/化学/全国/新课标全国Ⅰ卷理综/2018_化学_新课标全国Ⅰ卷理综_原卷.pdf,../papers/2018/化学/全国/新课标全国Ⅰ卷理综/2018_化学_新课标全国Ⅰ卷理综_OCR与考点.md,,pypdf,8
2018,化学,内蒙古,老高考,2025,全国卷,common,新课标全国Ⅱ卷,done,../papers/2018/化学/全国/新课标全国Ⅱ卷理综/2018_化学_新课标全国Ⅱ卷理综_原卷.pdf,../papers/2018/化学/全国/新课标全国Ⅱ卷理综/2018_化学_新课标全国Ⅱ卷理综_OCR与考点.md,,pypdf,9
2018,化学,辽宁,老高考,2021,全国卷,common,新课标全国Ⅱ卷,done,../papers/2018/化学/全国/新课标全国Ⅱ卷理综/2018_化学_新课标全国Ⅱ卷理综_原卷.pdf,../papers/2018/化学/全国/新课标全国Ⅱ卷理综/2018_化学_新课标全国Ⅱ卷理综_OCR与考点.md,,pypdf,9
2018,化学,吉林,老高考,2024,全国卷,common,新课标全国Ⅱ卷,done,../papers/2018/化学/全国/新课标全国Ⅱ卷理综/2018_化学_新课标全国Ⅱ卷理综_原卷.pdf,../papers/2018/化学/全国/新课标全国Ⅱ卷理综/2018_化学_新课标全国Ⅱ卷理综_OCR与考点.md,,pypdf,9
2018,化学,黑龙江,老高考,2024,全国卷,common,新课标全国Ⅱ卷,done,../papers/2018/化学/全国/新课标全国Ⅱ卷理综/2018_化学_新课标全国Ⅱ卷理综_原卷.pdf,../papers/2018/化学/全国/新课标全国Ⅱ卷理综/2018_化学_新课标全国Ⅱ卷理综_OCR与考点.md,,pypdf,9
2018,化学,上海,新高考,2017,地方/区域卷,local,上海卷,done,../papers/2018/化学/上海/上海卷/2018_化学_上海卷_原卷.pdf,../papers/2018/化学/上海/上海卷/2018_化学_上海卷_OCR与考点.md,,pypdf,6
2018,化学,江苏,老高考,2021,地方/区域卷,local,江苏卷,done,../papers/2018/化学/江苏/江苏理综/2018_化学_江苏理综_原卷.pdf,../papers/2018/化学/江苏/江苏理综/2018_化学_江苏理综_OCR与考点.md,,pypdf,10
2018,化学,浙江,新高考,2017,地方/区域卷,local,浙江卷,done,../papers/2018/化学/浙江/浙江卷/2018_化学_浙江卷_原卷.pdf,../papers/2018/化学/浙江/浙江卷/2018_化学_浙江卷_OCR与考点.md,,pypdf,12
2018,化学,安徽,老高考,2024,全国卷,common,新课标全国Ⅰ卷,done,../papers/2018/化学/全国/新课标全国Ⅰ卷理综/2018_化学_新课标全国Ⅰ卷理综_原卷.pdf,../papers/2018/化学/全国/新课标全国Ⅰ卷理综/2018_化学_新课标全国Ⅰ卷理综_OCR与考点.md,,pypdf,8
2018,化学,福建,老高考,2021,全国卷,common,新课标全国Ⅰ卷,done,../papers/2018/化学/全国/新课标全国Ⅰ卷理综/2018_化学_新课标全国Ⅰ卷理综_原卷.pdf,../papers/2018/化学/全国/新课标全国Ⅰ卷理综/2018_化学_新课标全国Ⅰ卷理综_OCR与考点.md,,pypdf,8
2018,化学,江西,老高考,2024,全国卷,common,新课标全国Ⅰ卷,done,../papers/2018/化学/全国/新课标全国Ⅰ卷理综/2018_化学_新课标全国Ⅰ卷理综_原卷.pdf,../papers/2018/化学/全国/新课标全国Ⅰ卷理综/2018_化学_新课标全国Ⅰ卷理综_OCR与考点.md,,pypdf,8
2018,化学,山东,老高考,2020,全国卷,common,新课标全国Ⅰ卷,done,../papers/2018/化学/全国/新课标全国Ⅰ卷理综/2018_化学_新课标全国Ⅰ卷理综_原卷.pdf,../papers/2018/化学/全国/新课标全国Ⅰ卷理综/2018_化学_新课标全国Ⅰ卷理综_OCR与考点.md,,pypdf,8
2018,化学,河南,老高考,2025,全国卷,common,新课标全国Ⅰ卷,done,../papers/2018/化学/全国/新课标全国Ⅰ卷理综/2018_化学_新课标全国Ⅰ卷理综_原卷.pdf,../papers/2018/化学/全国/新课标全国Ⅰ卷理综/2018_化学_新课标全国Ⅰ卷理综_OCR与考点.md,,pypdf,8
2018,化学,湖北,老高考,2021,全国卷,common,新课标全国Ⅰ卷,done,../papers/2018/化学/全国/新课标全国Ⅰ卷理综/2018_化学_新课标全国Ⅰ卷理综_原卷.pdf,../papers/2018/化学/全国/新课标全国Ⅰ卷理综/2018_化学_新课标全国Ⅰ卷理综_OCR与考点.md,,pypdf,8
2018,化学,湖南,老高考,2021,全国卷,common,新课标全国Ⅰ卷,done,../papers/2018/化学/全国/新课标全国Ⅰ卷理综/2018_化学_新课标全国Ⅰ卷理综_原卷.pdf,../papers/2018/化学/全国/新课标全国Ⅰ卷理综/2018_化学_新课标全国Ⅰ卷理综_OCR与考点.md,,pypdf,8
2018,化学,广东,老高考,2021,全国卷,common,新课标全国Ⅰ卷,done,../papers/2018/化学/全国/新课标全国Ⅰ卷理综/2018_化学_新课标全国Ⅰ卷理综_原卷.pdf,../papers/2018/化学/全国/新课标全国Ⅰ卷理综/2018_化学_新课标全国Ⅰ卷理综_OCR与考点.md,,pypdf,8
2018,化学,广西,老高考,2024,全国卷,common,新课标全国Ⅲ卷,done,../papers/2018/化学/全国/新课标全国Ⅲ卷理综/2018_化学_新课标全国Ⅲ卷理综_原卷.pdf,../papers/2018/化学/全国/新课标全国Ⅲ卷理综/2018_化学_新课标全国Ⅲ卷理综_OCR与考点.md,,pypdf,
2018,化学,海南,老高考,2020,地方/区域卷,local,海南卷,done,../papers/2018/化学/海南/海南理综/2018_化学_海南理综_原卷.pdf,../papers/2018/化学/海南/海南理综/2018_化学_海南理综_OCR与考点.md,,pypdf,5
2018,化学,重庆,老高考,2021,全国卷,common,新课标全国Ⅱ卷,done,../papers/2018/化学/全国/新课标全国Ⅱ卷理综/2018_化学_新课标全国Ⅱ卷理综_原卷.pdf,../papers/2018/化学/全国/新课标全国Ⅱ卷理综/2018_化学_新课标全国Ⅱ卷理综_OCR与考点.md,,pypdf,9
2018,化学,四川,老高考,2025,全国卷,common,新课标全国Ⅲ卷,done,../papers/2018/化学/全国/新课标全国Ⅲ卷理综/2018_化学_新课标全国Ⅲ卷理综_原卷.pdf,../papers/2018/化学/全国/新课标全国Ⅲ卷理综/2018_化学_新课标全国Ⅲ卷理综_OCR与考点.md,,pypdf,
2018,化学,贵州,老高考,2024,全国卷,common,新课标全国Ⅲ卷,done,../papers/2018/化学/全国/新课标全国Ⅲ卷理综/2018_化学_新课标全国Ⅲ卷理综_原卷.pdf,../papers/2018/化学/全国/新课标全国Ⅲ卷理综/2018_化学_新课标全国Ⅲ卷理综_OCR与考点.md,,pypdf,
2018,化学,云南,老高考,2025,全国卷,common,新课标全国Ⅲ卷,done,../papers/2018/化学/全国/新课标全国Ⅲ卷理综/2018_化学_新课标全国Ⅲ卷理综_原卷.pdf,../papers/2018/化学/全国/新课标全国Ⅲ卷理综/2018_化学_新课标全国Ⅲ卷理综_OCR与考点.md,,pypdf,
2018,化学,西藏,老高考,,全国卷,common,新课标全国Ⅱ卷,done,../papers/2018/化学/全国/新课标全国Ⅱ卷理综/2018_化学_新课标全国Ⅱ卷理综_原卷.pdf,../papers/2018/化学/全国/新课标全国Ⅱ卷理综/2018_化学_新课标全国Ⅱ卷理综_OCR与考点.md,,pypdf,9
2018,化学,陕西,老高考,2025,全国卷,common,新课标全国Ⅱ卷,done,../papers/2018/化学/全国/新课标全国Ⅱ卷理综/2018_化学_新课标全国Ⅱ卷理综_原卷.pdf,../papers/2018/化学/全国/新课标全国Ⅱ卷理综/2018_化学_新课标全国Ⅱ卷理综_OCR与考点.md,,pypdf,9
2018,化学,甘肃,老高考,2024,全国卷,common,新课标全国Ⅱ卷,done,../papers/2018/化学/全国/新课标全国Ⅱ卷理综/2018_化学_新课标全国Ⅱ卷理综_原卷.pdf,../papers/2018/化学/全国/新课标全国Ⅱ卷理综/2018_化学_新课标全国Ⅱ卷理综_OCR与考点.md,,pypdf,9
2018,化学,青海,老高考,2025,全国卷,common,新课标全国Ⅱ卷,done,../papers/2018/化学/全国/新课标全国Ⅱ卷理综/2018_化学_新课标全国Ⅱ卷理综_原卷.pdf,../papers/2018/化学/全国/新课标全国Ⅱ卷理综/2018_化学_新课标全国Ⅱ卷理综_OCR与考点.md,,pypdf,9
2018,化学,宁夏,老高考,2025,全国卷,common,新课标全国Ⅱ卷,done,../papers/2018/化学/全国/新课标全国Ⅱ卷理综/2018_化学_新课标全国Ⅱ卷理综_原卷.pdf,../papers/2018/化学/全国/新课标全国Ⅱ卷理综/2018_化学_新课标全国Ⅱ卷理综_OCR与考点.md,,pypdf,9
2018,化学,新疆,老高考,,全国卷,common,新课标全国Ⅱ卷,done,../papers/2018/化学/全国/新课标全国Ⅱ卷理综/2018_化学_新课标全国Ⅱ卷理综_原卷.pdf,../papers/2018/化学/全国/新课标全国Ⅱ卷理综/2018_化学_新课标全国Ⅱ卷理综_OCR与考点.md,,pypdf,9
2018,生物,北京,老高考,2020,地方/区域卷,local,北京卷,done,../papers/2018/生物/北京/北京理综/2018_生物_北京理综_原卷.pdf,../papers/2018/生物/北京/北京理综/2018_生物_北京理综_OCR与考点.md,,pypdf,5
2018,生物,天津,老高考,2020,地方/区域卷,local,天津卷,done,../papers/2018/生物/天津/天津理综/2018_生物_天津理综_原卷.pdf,../papers/2018/生物/天津/天津理综/2018_生物_天津理综_OCR与考点.md,,pypdf,5
2018,生物,河北,老高考,2021,全国卷,common,新课标全国Ⅰ卷,done,../papers/2018/生物/全国/新课标全国Ⅰ卷理综/2018_生物_新课标全国Ⅰ卷理综_原卷.pdf,../papers/2018/生物/全国/新课标全国Ⅰ卷理综/2018_生物_新课标全国Ⅰ卷理综_OCR与考点.md,,pypdf,6
2018,生物,山西,老高考,2025,全国卷,common,新课标全国Ⅰ卷,done,../papers/2018/生物/全国/新课标全国Ⅰ卷理综/2018_生物_新课标全国Ⅰ卷理综_原卷.pdf,../papers/2018/生物/全国/新课标全国Ⅰ卷理综/2018_生物_新课标全国Ⅰ卷理综_OCR与考点.md,,pypdf,6
2018,生物,内蒙古,老高考,2025,全国卷,common,新课标全国Ⅱ卷,done,../papers/2018/生物/全国/新课标全国Ⅱ卷理综/2018_生物_新课标全国Ⅱ卷理综_原卷.pdf,../papers/2018/生物/全国/新课标全国Ⅱ卷理综/2018_生物_新课标全国Ⅱ卷理综_OCR与考点.md,,pypdf,6
2018,生物,辽宁,老高考,2021,全国卷,common,新课标全国Ⅱ卷,done,../papers/2018/生物/全国/新课标全国Ⅱ卷理综/2018_生物_新课标全国Ⅱ卷理综_原卷.pdf,../papers/2018/生物/全国/新课标全国Ⅱ卷理综/2018_生物_新课标全国Ⅱ卷理综_OCR与考点.md,,pypdf,6
2018,生物,吉林,老高考,2024,全国卷,common,新课标全国Ⅱ卷,done,../papers/2018/生物/全国/新课标全国Ⅱ卷理综/2018_生物_新课标全国Ⅱ卷理综_原卷.pdf,../papers/2018/生物/全国/新课标全国Ⅱ卷理综/2018_生物_新课标全国Ⅱ卷理综_OCR与考点.md,,pypdf,6
2018,生物,黑龙江,老高考,2024,全国卷,common,新课标全国Ⅱ卷,done,../papers/2018/生物/全国/新课标全国Ⅱ卷理综/2018_生物_新课标全国Ⅱ卷理综_原卷.pdf,../papers/2018/生物/全国/新课标全国Ⅱ卷理综/2018_生物_新课标全国Ⅱ卷理综_OCR与考点.md,,pypdf,6
2018,生物,上海,新高考,2017,地方/区域卷,local,上海卷,done,../papers/2018/生物/上海/上海卷/2018_生物_上海卷_原卷.pdf,../papers/2018/生物/上海/上海卷/2018_生物_上海卷_OCR与考点.md,,pypdf,11
2018,生物,江苏,老高考,2021,地方/区域卷,local,江苏卷,done,../papers/2018/生物/江苏/江苏理综/2018_生物_江苏理综_原卷.pdf,../papers/2018/生物/江苏/江苏理综/2018_生物_江苏理综_OCR与考点.md,,pypdf,13
2018,生物,浙江,新高考,2017,地方/区域卷,local,浙江卷,done,../papers/2018/生物/浙江/浙江卷/2018_生物_浙江卷_原卷.pdf,../papers/2018/生物/浙江/浙江卷/2018_生物_浙江卷_OCR与考点.md,,pypdf,10
2018,生物,安徽,老高考,2024,全国卷,common,新课标全国Ⅰ卷,done,../papers/2018/生物/全国/新课标全国Ⅰ卷理综/2018_生物_新课标全国Ⅰ卷理综_原卷.pdf,../papers/2018/生物/全国/新课标全国Ⅰ卷理综/2018_生物_新课标全国Ⅰ卷理综_OCR与考点.md,,pypdf,6
2018,生物,福建,老高考,2021,全国卷,common,新课标全国Ⅰ卷,done,../papers/2018/生物/全国/新课标全国Ⅰ卷理综/2018_生物_新课标全国Ⅰ卷理综_原卷.pdf,../papers/2018/生物/全国/新课标全国Ⅰ卷理综/2018_生物_新课标全国Ⅰ卷理综_OCR与考点.md,,pypdf,6
2018,生物,江西,老高考,2024,全国卷,common,新课标全国Ⅰ卷,done,../papers/2018/生物/全国/新课标全国Ⅰ卷理综/2018_生物_新课标全国Ⅰ卷理综_原卷.pdf,../papers/2018/生物/全国/新课标全国Ⅰ卷理综/2018_生物_新课标全国Ⅰ卷理综_OCR与考点.md,,pypdf,6
2018,生物,山东,老高考,2020,全国卷,common,新课标全国Ⅰ卷,done,../papers/2018/生物/全国/新课标全国Ⅰ卷理综/2018_生物_新课标全国Ⅰ卷理综_原卷.pdf,../papers/2018/生物/全国/新课标全国Ⅰ卷理综/2018_生物_新课标全国Ⅰ卷理综_OCR与考点.md,,pypdf,6
2018,生物,河南,老高考,2025,全国卷,common,新课标全国Ⅰ卷,done,../papers/2018/生物/全国/新课标全国Ⅰ卷理综/2018_生物_新课标全国Ⅰ卷理综_原卷.pdf,../papers/2018/生物/全国/新课标全国Ⅰ卷理综/2018_生物_新课标全国Ⅰ卷理综_OCR与考点.md,,pypdf,6
2018,生物,湖北,老高考,2021,全国卷,common,新课标全国Ⅰ卷,done,../papers/2018/生物/全国/新课标全国Ⅰ卷理综/2018_生物_新课标全国Ⅰ卷理综_原卷.pdf,../papers/2018/生物/全国/新课标全国Ⅰ卷理综/2018_生物_新课标全国Ⅰ卷理综_OCR与考点.md,,pypdf,6
2018,生物,湖南,老高考,2021,全国卷,common,新课标全国Ⅰ卷,done,../papers/2018/生物/全国/新课标全国Ⅰ卷理综/2018_生物_新课标全国Ⅰ卷理综_原卷.pdf,../papers/2018/生物/全国/新课标全国Ⅰ卷理综/2018_生物_新课标全国Ⅰ卷理综_OCR与考点.md,,pypdf,6
2018,生物,广东,老高考,2021,全国卷,common,新课标全国Ⅰ卷,done,../papers/2018/生物/全国/新课标全国Ⅰ卷理综/2018_生物_新课标全国Ⅰ卷理综_原卷.pdf,../papers/2018/生物/全国/新课标全国Ⅰ卷理综/2018_生物_新课标全国Ⅰ卷理综_OCR与考点.md,,pypdf,6
2018,生物,广西,老高考,2024,全国卷,common,新课标全国Ⅲ卷,done,../papers/2018/生物/全国/新课标全国Ⅲ卷理综/2018_生物_新课标全国Ⅲ卷理综_原卷.pdf,../papers/2018/生物/全国/新课标全国Ⅲ卷理综/2018_生物_新课标全国Ⅲ卷理综_OCR与考点.md,,pypdf,
2018,生物,海南,老高考,2020,地方/区域卷,local,海南卷,done,../papers/2018/生物/海南/海南理综/2018_生物_海南理综_原卷.pdf,../papers/2018/生物/海南/海南理综/2018_生物_海南理综_OCR与考点.md,,pypdf,8
2018,生物,重庆,老高考,2021,全国卷,common,新课标全国Ⅱ卷,done,../papers/2018/生物/全国/新课标全国Ⅱ卷理综/2018_生物_新课标全国Ⅱ卷理综_原卷.pdf,../papers/2018/生物/全国/新课标全国Ⅱ卷理综/2018_生物_新课标全国Ⅱ卷理综_OCR与考点.md,,pypdf,6
2018,生物,四川,老高考,2025,全国卷,common,新课标全国Ⅲ卷,done,../papers/2018/生物/全国/新课标全国Ⅲ卷理综/2018_生物_新课标全国Ⅲ卷理综_原卷.pdf,../papers/2018/生物/全国/新课标全国Ⅲ卷理综/2018_生物_新课标全国Ⅲ卷理综_OCR与考点.md,,pypdf,
2018,生物,贵州,老高考,2024,全国卷,common,新课标全国Ⅲ卷,done,../papers/2018/生物/全国/新课标全国Ⅲ卷理综/2018_生物_新课标全国Ⅲ卷理综_原卷.pdf,../papers/2018/生物/全国/新课标全国Ⅲ卷理综/2018_生物_新课标全国Ⅲ卷理综_OCR与考点.md,,pypdf,
2018,生物,云南,老高考,2025,全国卷,common,新课标全国Ⅲ卷,done,../papers/2018/生物/全国/新课标全国Ⅲ卷理综/2018_生物_新课标全国Ⅲ卷理综_原卷.pdf,../papers/2018/生物/全国/新课标全国Ⅲ卷理综/2018_生物_新课标全国Ⅲ卷理综_OCR与考点.md,,pypdf,
2018,生物,西藏,老高考,,全国卷,common,新课标全国Ⅱ卷,done,../papers/2018/生物/全国/新课标全国Ⅱ卷理综/2018_生物_新课标全国Ⅱ卷理综_原卷.pdf,../papers/2018/生物/全国/新课标全国Ⅱ卷理综/2018_生物_新课标全国Ⅱ卷理综_OCR与考点.md,,pypdf,6
2018,生物,陕西,老高考,2025,全国卷,common,新课标全国Ⅱ卷,done,../papers/2018/生物/全国/新课标全国Ⅱ卷理综/2018_生物_新课标全国Ⅱ卷理综_原卷.pdf,../papers/2018/生物/全国/新课标全国Ⅱ卷理综/2018_生物_新课标全国Ⅱ卷理综_OCR与考点.md,,pypdf,6
2018,生物,甘肃,老高考,2024,全国卷,common,新课标全国Ⅱ卷,done,../papers/2018/生物/全国/新课标全国Ⅱ卷理综/2018_生物_新课标全国Ⅱ卷理综_原卷.pdf,../papers/2018/生物/全国/新课标全国Ⅱ卷理综/2018_生物_新课标全国Ⅱ卷理综_OCR与考点.md,,pypdf,6
2018,生物,青海,老高考,2025,全国卷,common,新课标全国Ⅱ卷,done,../papers/2018/生物/全国/新课标全国Ⅱ卷理综/2018_生物_新课标全国Ⅱ卷理综_原卷.pdf,../papers/2018/生物/全国/新课标全国Ⅱ卷理综/2018_生物_新课标全国Ⅱ卷理综_OCR与考点.md,,pypdf,6
2018,生物,宁夏,老高考,2025,全国卷,common,新课标全国Ⅱ卷,done,../papers/2018/生物/全国/新课标全国Ⅱ卷理综/2018_生物_新课标全国Ⅱ卷理综_原卷.pdf,../papers/2018/生物/全国/新课标全国Ⅱ卷理综/2018_生物_新课标全国Ⅱ卷理综_OCR与考点.md,,pypdf,6
2018,生物,新疆,老高考,,全国卷,common,新课标全国Ⅱ卷,done,../papers/2018/生物/全国/新课标全国Ⅱ卷理综/2018_生物_新课标全国Ⅱ卷理综_原卷.pdf,../papers/2018/生物/全国/新课标全国Ⅱ卷理综/2018_生物_新课标全国Ⅱ卷理综_OCR与考点.md,,pypdf,6
2018,政治,北京,老高考,2020,地方/区域卷,local,北京卷,done,../papers/2018/政治/北京/北京文综/2018_政治_北京文综_原卷.pdf,../papers/2018/政治/北京/北京文综/2018_政治_北京文综_OCR与考点.md,,pypdf,9
2018,政治,天津,老高考,2020,地方/区域卷,local,天津卷,done,../papers/2018/政治/天津/天津文综/2018_政治_天津文综_原卷.pdf,../papers/2018/政治/天津/天津文综/2018_政治_天津文综_OCR与考点.md,,pypdf,5
2018,政治,河北,老高考,2021,全国卷,common,新课标全国Ⅰ卷,done,../papers/2018/政治/全国/新课标全国Ⅰ卷文综/2018_政治_新课标全国Ⅰ卷文综_原卷.pdf,../papers/2018/政治/全国/新课标全国Ⅰ卷文综/2018_政治_新课标全国Ⅰ卷文综_OCR与考点.md,,pypdf,8
2018,政治,山西,老高考,2025,全国卷,common,新课标全国Ⅰ卷,done,../papers/2018/政治/全国/新课标全国Ⅰ卷文综/2018_政治_新课标全国Ⅰ卷文综_原卷.pdf,../papers/2018/政治/全国/新课标全国Ⅰ卷文综/2018_政治_新课标全国Ⅰ卷文综_OCR与考点.md,,pypdf,8
2018,政治,内蒙古,老高考,2025,全国卷,common,新课标全国Ⅱ卷,done,../papers/2018/政治/全国/新课标全国Ⅱ卷文综/2018_政治_新课标全国Ⅱ卷文综_原卷.pdf,../papers/2018/政治/全国/新课标全国Ⅱ卷文综/2018_政治_新课标全国Ⅱ卷文综_OCR与考点.md,,pypdf,8
2018,政治,辽宁,老高考,2021,全国卷,common,新课标全国Ⅱ卷,done,../papers/2018/政治/全国/新课标全国Ⅱ卷文综/2018_政治_新课标全国Ⅱ卷文综_原卷.pdf,../papers/2018/政治/全国/新课标全国Ⅱ卷文综/2018_政治_新课标全国Ⅱ卷文综_OCR与考点.md,,pypdf,8
2018,政治,吉林,老高考,2024,全国卷,common,新课标全国Ⅱ卷,done,../papers/2018/政治/全国/新课标全国Ⅱ卷文综/2018_政治_新课标全国Ⅱ卷文综_原卷.pdf,../papers/2018/政治/全国/新课标全国Ⅱ卷文综/2018_政治_新课标全国Ⅱ卷文综_OCR与考点.md,,pypdf,8
2018,政治,黑龙江,老高考,2024,全国卷,common,新课标全国Ⅱ卷,done,../papers/2018/政治/全国/新课标全国Ⅱ卷文综/2018_政治_新课标全国Ⅱ卷文综_原卷.pdf,../papers/2018/政治/全国/新课标全国Ⅱ卷文综/2018_政治_新课标全国Ⅱ卷文综_OCR与考点.md,,pypdf,8
2018,政治,上海,新高考,2017,,missing,,missing,,,,,
2018,政治,江苏,老高考,2021,地方/区域卷,local,江苏卷,done,../papers/2018/政治/江苏/江苏文综/2018_政治_江苏文综_原卷.pdf,../papers/2018/政治/江苏/江苏文综/2018_政治_江苏文综_OCR与考点.md,,pypdf,11
2018,政治,浙江,新高考,2017,地方/区域卷,local,浙江卷,done,../papers/2018/政治/浙江/浙江卷/2018_政治_浙江卷_原卷.pdf,../papers/2018/政治/浙江/浙江卷/2018_政治_浙江卷_OCR与考点.md,,pypdf,8
2018,政治,安徽,老高考,2024,全国卷,common,新课标全国Ⅰ卷,done,../papers/2018/政治/全国/新课标全国Ⅰ卷文综/2018_政治_新课标全国Ⅰ卷文综_原卷.pdf,../papers/2018/政治/全国/新课标全国Ⅰ卷文综/2018_政治_新课标全国Ⅰ卷文综_OCR与考点.md,,pypdf,8
2018,政治,福建,老高考,2021,全国卷,common,新课标全国Ⅰ卷,done,../papers/2018/政治/全国/新课标全国Ⅰ卷文综/2018_政治_新课标全国Ⅰ卷文综_原卷.pdf,../papers/2018/政治/全国/新课标全国Ⅰ卷文综/2018_政治_新课标全国Ⅰ卷文综_OCR与考点.md,,pypdf,8
2018,政治,江西,老高考,2024,全国卷,common,新课标全国Ⅰ卷,done,../papers/2018/政治/全国/新课标全国Ⅰ卷文综/2018_政治_新课标全国Ⅰ卷文综_原卷.pdf,../papers/2018/政治/全国/新课标全国Ⅰ卷文综/2018_政治_新课标全国Ⅰ卷文综_OCR与考点.md,,pypdf,8
2018,政治,山东,老高考,2020,全国卷,common,新课标全国Ⅰ卷,done,../papers/2018/政治/全国/新课标全国Ⅰ卷文综/2018_政治_新课标全国Ⅰ卷文综_原卷.pdf,../papers/2018/政治/全国/新课标全国Ⅰ卷文综/2018_政治_新课标全国Ⅰ卷文综_OCR与考点.md,,pypdf,8
2018,政治,河南,老高考,2025,全国卷,common,新课标全国Ⅰ卷,done,../papers/2018/政治/全国/新课标全国Ⅰ卷文综/2018_政治_新课标全国Ⅰ卷文综_原卷.pdf,../papers/2018/政治/全国/新课标全国Ⅰ卷文综/2018_政治_新课标全国Ⅰ卷文综_OCR与考点.md,,pypdf,8
2018,政治,湖北,老高考,2021,全国卷,common,新课标全国Ⅰ卷,done,../papers/2018/政治/全国/新课标全国Ⅰ卷文综/2018_政治_新课标全国Ⅰ卷文综_原卷.pdf,../papers/2018/政治/全国/新课标全国Ⅰ卷文综/2018_政治_新课标全国Ⅰ卷文综_OCR与考点.md,,pypdf,8
2018,政治,湖南,老高考,2021,全国卷,common,新课标全国Ⅰ卷,done,../papers/2018/政治/全国/新课标全国Ⅰ卷文综/2018_政治_新课标全国Ⅰ卷文综_原卷.pdf,../papers/2018/政治/全国/新课标全国Ⅰ卷文综/2018_政治_新课标全国Ⅰ卷文综_OCR与考点.md,,pypdf,8
2018,政治,广东,老高考,2021,全国卷,common,新课标全国Ⅰ卷,done,../papers/2018/政治/全国/新课标全国Ⅰ卷文综/2018_政治_新课标全国Ⅰ卷文综_原卷.pdf,../papers/2018/政治/全国/新课标全国Ⅰ卷文综/2018_政治_新课标全国Ⅰ卷文综_OCR与考点.md,,pypdf,8
2018,政治,广西,老高考,2024,全国卷,common,新课标全国Ⅲ卷,done,../papers/2018/政治/全国/新课标全国Ⅲ卷文综/2018_政治_新课标全国Ⅲ卷文综_原卷.pdf,../papers/2018/政治/全国/新课标全国Ⅲ卷文综/2018_政治_新课标全国Ⅲ卷文综_OCR与考点.md,,pypdf,8
2018,政治,海南,老高考,2020,地方/区域卷,local,海南卷,done,../papers/2018/政治/海南/海南文综/2018_政治_海南文综_原卷.pdf,../papers/2018/政治/海南/海南文综/2018_政治_海南文综_OCR与考点.md,,pypdf,10
2018,政治,重庆,老高考,2021,全国卷,common,新课标全国Ⅱ卷,done,../papers/2018/政治/全国/新课标全国Ⅱ卷文综/2018_政治_新课标全国Ⅱ卷文综_原卷.pdf,../papers/2018/政治/全国/新课标全国Ⅱ卷文综/2018_政治_新课标全国Ⅱ卷文综_OCR与考点.md,,pypdf,8
2018,政治,四川,老高考,2025,全国卷,common,新课标全国Ⅲ卷,done,../papers/2018/政治/全国/新课标全国Ⅲ卷文综/2018_政治_新课标全国Ⅲ卷文综_原卷.pdf,../papers/2018/政治/全国/新课标全国Ⅲ卷文综/2018_政治_新课标全国Ⅲ卷文综_OCR与考点.md,,pypdf,8
2018,政治,贵州,老高考,2024,全国卷,common,新课标全国Ⅲ卷,done,../papers/2018/政治/全国/新课标全国Ⅲ卷文综/2018_政治_新课标全国Ⅲ卷文综_原卷.pdf,../papers/2018/政治/全国/新课标全国Ⅲ卷文综/2018_政治_新课标全国Ⅲ卷文综_OCR与考点.md,,pypdf,8
2018,政治,云南,老高考,2025,全国卷,common,新课标全国Ⅲ卷,done,../papers/2018/政治/全国/新课标全国Ⅲ卷文综/2018_政治_新课标全国Ⅲ卷文综_原卷.pdf,../papers/2018/政治/全国/新课标全国Ⅲ卷文综/2018_政治_新课标全国Ⅲ卷文综_OCR与考点.md,,pypdf,8
2018,政治,西藏,老高考,,全国卷,common,新课标全国Ⅱ卷,done,../papers/2018/政治/全国/新课标全国Ⅱ卷文综/2018_政治_新课标全国Ⅱ卷文综_原卷.pdf,../papers/2018/政治/全国/新课标全国Ⅱ卷文综/2018_政治_新课标全国Ⅱ卷文综_OCR与考点.md,,pypdf,8
2018,政治,陕西,老高考,2025,全国卷,common,新课标全国Ⅱ卷,done,../papers/2018/政治/全国/新课标全国Ⅱ卷文综/2018_政治_新课标全国Ⅱ卷文综_原卷.pdf,../papers/2018/政治/全国/新课标全国Ⅱ卷文综/2018_政治_新课标全国Ⅱ卷文综_OCR与考点.md,,pypdf,8
2018,政治,甘肃,老高考,2024,全国卷,common,新课标全国Ⅱ卷,done,../papers/2018/政治/全国/新课标全国Ⅱ卷文综/2018_政治_新课标全国Ⅱ卷文综_原卷.pdf,../papers/2018/政治/全国/新课标全国Ⅱ卷文综/2018_政治_新课标全国Ⅱ卷文综_OCR与考点.md,,pypdf,8
2018,政治,青海,老高考,2025,全国卷,common,新课标全国Ⅱ卷,done,../papers/2018/政治/全国/新课标全国Ⅱ卷文综/2018_政治_新课标全国Ⅱ卷文综_原卷.pdf,../papers/2018/政治/全国/新课标全国Ⅱ卷文综/2018_政治_新课标全国Ⅱ卷文综_OCR与考点.md,,pypdf,8
2018,政治,宁夏,老高考,2025,全国卷,common,新课标全国Ⅱ卷,done,../papers/2018/政治/全国/新课标全国Ⅱ卷文综/2018_政治_新课标全国Ⅱ卷文综_原卷.pdf,../papers/2018/政治/全国/新课标全国Ⅱ卷文综/2018_政治_新课标全国Ⅱ卷文综_OCR与考点.md,,pypdf,8
2018,政治,新疆,老高考,,全国卷,common,新课标全国Ⅱ卷,done,../papers/2018/政治/全国/新课标全国Ⅱ卷文综/2018_政治_新课标全国Ⅱ卷文综_原卷.pdf,../papers/2018/政治/全国/新课标全国Ⅱ卷文综/2018_政治_新课标全国Ⅱ卷文综_OCR与考点.md,,pypdf,8
2018,历史,北京,老高考,2020,地方/区域卷,local,北京卷,done,../papers/2018/历史/北京/北京文综/2018_历史_北京文综_原卷.pdf,../papers/2018/历史/北京/北京文综/2018_历史_北京文综_OCR与考点.md,,pypdf,8
2018,历史,天津,老高考,2020,地方/区域卷,local,天津卷,done,../papers/2018/历史/天津/天津文综/2018_历史_天津文综_原卷.pdf,../papers/2018/历史/天津/天津文综/2018_历史_天津文综_OCR与考点.md,,pypdf,6
2018,历史,河北,老高考,2021,全国卷,common,新课标全国Ⅰ卷,done,../papers/2018/历史/全国/新课标全国Ⅰ卷文综/2018_历史_新课标全国Ⅰ卷文综_原卷.pdf,../papers/2018/历史/全国/新课标全国Ⅰ卷文综/2018_历史_新课标全国Ⅰ卷文综_OCR与考点.md,,pypdf,9
2018,历史,山西,老高考,2025,全国卷,common,新课标全国Ⅰ卷,done,../papers/2018/历史/全国/新课标全国Ⅰ卷文综/2018_历史_新课标全国Ⅰ卷文综_原卷.pdf,../papers/2018/历史/全国/新课标全国Ⅰ卷文综/2018_历史_新课标全国Ⅰ卷文综_OCR与考点.md,,pypdf,9
2018,历史,内蒙古,老高考,2025,全国卷,common,新课标全国Ⅱ卷,done,../papers/2018/历史/全国/新课标全国Ⅱ卷文综/2018_历史_新课标全国Ⅱ卷文综_原卷.pdf,../papers/2018/历史/全国/新课标全国Ⅱ卷文综/2018_历史_新课标全国Ⅱ卷文综_OCR与考点.md,,pypdf,8
2018,历史,辽宁,老高考,2021,全国卷,common,新课标全国Ⅱ卷,done,../papers/2018/历史/全国/新课标全国Ⅱ卷文综/2018_历史_新课标全国Ⅱ卷文综_原卷.pdf,../papers/2018/历史/全国/新课标全国Ⅱ卷文综/2018_历史_新课标全国Ⅱ卷文综_OCR与考点.md,,pypdf,8
2018,历史,吉林,老高考,2024,全国卷,common,新课标全国Ⅱ卷,done,../papers/2018/历史/全国/新课标全国Ⅱ卷文综/2018_历史_新课标全国Ⅱ卷文综_原卷.pdf,../papers/2018/历史/全国/新课标全国Ⅱ卷文综/2018_历史_新课标全国Ⅱ卷文综_OCR与考点.md,,pypdf,8
2018,历史,黑龙江,老高考,2024,全国卷,common,新课标全国Ⅱ卷,done,../papers/2018/历史/全国/新课标全国Ⅱ卷文综/2018_历史_新课标全国Ⅱ卷文综_原卷.pdf,../papers/2018/历史/全国/新课标全国Ⅱ卷文综/2018_历史_新课标全国Ⅱ卷文综_OCR与考点.md,,pypdf,8
2018,历史,上海,新高考,2017,,missing,,missing,,,,,
2018,历史,江苏,老高考,2021,地方/区域卷,local,江苏卷,done,../papers/2018/历史/江苏/江苏文综/2018_历史_江苏文综_原卷.pdf,../papers/2018/历史/江苏/江苏文综/2018_历史_江苏文综_OCR与考点.md,,pypdf,10
2018,历史,浙江,新高考,2017,地方/区域卷,local,浙江卷,done,../papers/2018/历史/浙江/浙江卷/2018_历史_浙江卷_原卷.pdf,../papers/2018/历史/浙江/浙江卷/2018_历史_浙江卷_OCR与考点.md,,pypdf,11
2018,历史,安徽,老高考,2024,全国卷,common,新课标全国Ⅰ卷,done,../papers/2018/历史/全国/新课标全国Ⅰ卷文综/2018_历史_新课标全国Ⅰ卷文综_原卷.pdf,../papers/2018/历史/全国/新课标全国Ⅰ卷文综/2018_历史_新课标全国Ⅰ卷文综_OCR与考点.md,,pypdf,9
2018,历史,福建,老高考,2021,全国卷,common,新课标全国Ⅰ卷,done,../papers/2018/历史/全国/新课标全国Ⅰ卷文综/2018_历史_新课标全国Ⅰ卷文综_原卷.pdf,../papers/2018/历史/全国/新课标全国Ⅰ卷文综/2018_历史_新课标全国Ⅰ卷文综_OCR与考点.md,,pypdf,9
2018,历史,江西,老高考,2024,全国卷,common,新课标全国Ⅰ卷,done,../papers/2018/历史/全国/新课标全国Ⅰ卷文综/2018_历史_新课标全国Ⅰ卷文综_原卷.pdf,../papers/2018/历史/全国/新课标全国Ⅰ卷文综/2018_历史_新课标全国Ⅰ卷文综_OCR与考点.md,,pypdf,9
2018,历史,山东,老高考,2020,全国卷,common,新课标全国Ⅰ卷,done,../papers/2018/历史/全国/新课标全国Ⅰ卷文综/2018_历史_新课标全国Ⅰ卷文综_原卷.pdf,../papers/2018/历史/全国/新课标全国Ⅰ卷文综/2018_历史_新课标全国Ⅰ卷文综_OCR与考点.md,,pypdf,9
2018,历史,河南,老高考,2025,全国卷,common,新课标全国Ⅰ卷,done,../papers/2018/历史/全国/新课标全国Ⅰ卷文综/2018_历史_新课标全国Ⅰ卷文综_原卷.pdf,../papers/2018/历史/全国/新课标全国Ⅰ卷文综/2018_历史_新课标全国Ⅰ卷文综_OCR与考点.md,,pypdf,9
2018,历史,湖北,老高考,2021,全国卷,common,新课标全国Ⅰ卷,done,../papers/2018/历史/全国/新课标全国Ⅰ卷文综/2018_历史_新课标全国Ⅰ卷文综_原卷.pdf,../papers/2018/历史/全国/新课标全国Ⅰ卷文综/2018_历史_新课标全国Ⅰ卷文综_OCR与考点.md,,pypdf,9
2018,历史,湖南,老高考,2021,全国卷,common,新课标全国Ⅰ卷,done,../papers/2018/历史/全国/新课标全国Ⅰ卷文综/2018_历史_新课标全国Ⅰ卷文综_原卷.pdf,../papers/2018/历史/全国/新课标全国Ⅰ卷文综/2018_历史_新课标全国Ⅰ卷文综_OCR与考点.md,,pypdf,9
2018,历史,广东,老高考,2021,全国卷,common,新课标全国Ⅰ卷,done,../papers/2018/历史/全国/新课标全国Ⅰ卷文综/2018_历史_新课标全国Ⅰ卷文综_原卷.pdf,../papers/2018/历史/全国/新课标全国Ⅰ卷文综/2018_历史_新课标全国Ⅰ卷文综_OCR与考点.md,,pypdf,9
2018,历史,广西,老高考,2024,全国卷,common,新课标全国Ⅲ卷,done,../papers/2018/历史/全国/新课标全国Ⅲ卷文综/2018_历史_新课标全国Ⅲ卷文综_原卷.pdf,../papers/2018/历史/全国/新课标全国Ⅲ卷文综/2018_历史_新课标全国Ⅲ卷文综_OCR与考点.md,,pypdf,8
2018,历史,海南,老高考,2020,地方/区域卷,local,海南卷,done,../papers/2018/历史/海南/海南文综/2018_历史_海南文综_原卷.pdf,../papers/2018/历史/海南/海南文综/2018_历史_海南文综_OCR与考点.md,,pypdf,7
2018,历史,重庆,老高考,2021,全国卷,common,新课标全国Ⅱ卷,done,../papers/2018/历史/全国/新课标全国Ⅱ卷文综/2018_历史_新课标全国Ⅱ卷文综_原卷.pdf,../papers/2018/历史/全国/新课标全国Ⅱ卷文综/2018_历史_新课标全国Ⅱ卷文综_OCR与考点.md,,pypdf,8
2018,历史,四川,老高考,2025,全国卷,common,新课标全国Ⅲ卷,done,../papers/2018/历史/全国/新课标全国Ⅲ卷文综/2018_历史_新课标全国Ⅲ卷文综_原卷.pdf,../papers/2018/历史/全国/新课标全国Ⅲ卷文综/2018_历史_新课标全国Ⅲ卷文综_OCR与考点.md,,pypdf,8
2018,历史,贵州,老高考,2024,全国卷,common,新课标全国Ⅲ卷,done,../papers/2018/历史/全国/新课标全国Ⅲ卷文综/2018_历史_新课标全国Ⅲ卷文综_原卷.pdf,../papers/2018/历史/全国/新课标全国Ⅲ卷文综/2018_历史_新课标全国Ⅲ卷文综_OCR与考点.md,,pypdf,8
2018,历史,云南,老高考,2025,全国卷,common,新课标全国Ⅲ卷,done,../papers/2018/历史/全国/新课标全国Ⅲ卷文综/2018_历史_新课标全国Ⅲ卷文综_原卷.pdf,../papers/2018/历史/全国/新课标全国Ⅲ卷文综/2018_历史_新课标全国Ⅲ卷文综_OCR与考点.md,,pypdf,8
2018,历史,西藏,老高考,,全国卷,common,新课标全国Ⅱ卷,done,../papers/2018/历史/全国/新课标全国Ⅱ卷文综/2018_历史_新课标全国Ⅱ卷文综_原卷.pdf,../papers/2018/历史/全国/新课标全国Ⅱ卷文综/2018_历史_新课标全国Ⅱ卷文综_OCR与考点.md,,pypdf,8
2018,历史,陕西,老高考,2025,全国卷,common,新课标全国Ⅱ卷,done,../papers/2018/历史/全国/新课标全国Ⅱ卷文综/2018_历史_新课标全国Ⅱ卷文综_原卷.pdf,../papers/2018/历史/全国/新课标全国Ⅱ卷文综/2018_历史_新课标全国Ⅱ卷文综_OCR与考点.md,,pypdf,8
2018,历史,甘肃,老高考,2024,全国卷,common,新课标全国Ⅱ卷,done,../papers/2018/历史/全国/新课标全国Ⅱ卷文综/2018_历史_新课标全国Ⅱ卷文综_原卷.pdf,../papers/2018/历史/全国/新课标全国Ⅱ卷文综/2018_历史_新课标全国Ⅱ卷文综_OCR与考点.md,,pypdf,8
2018,历史,青海,老高考,2025,全国卷,common,新课标全国Ⅰ卷,done,../papers/2018/历史/全国/新课标全国Ⅰ卷文综/2018_历史_新课标全国Ⅰ卷文综_原卷.pdf,../papers/2018/历史/全国/新课标全国Ⅰ卷文综/2018_历史_新课标全国Ⅰ卷文综_OCR与考点.md,,pypdf,9
2018,历史,宁夏,老高考,2025,全国卷,common,新课标全国Ⅱ卷,done,../papers/2018/历史/全国/新课标全国Ⅱ卷文综/2018_历史_新课标全国Ⅱ卷文综_原卷.pdf,../papers/2018/历史/全国/新课标全国Ⅱ卷文综/2018_历史_新课标全国Ⅱ卷文综_OCR与考点.md,,pypdf,8
2018,历史,新疆,老高考,,全国卷,common,新课标全国Ⅱ卷,done,../papers/2018/历史/全国/新课标全国Ⅱ卷文综/2018_历史_新课标全国Ⅱ卷文综_原卷.pdf,../papers/2018/历史/全国/新课标全国Ⅱ卷文综/2018_历史_新课标全国Ⅱ卷文综_OCR与考点.md,,pypdf,8
2018,地理,北京,老高考,2020,地方/区域卷,local,北京卷,done,../papers/2018/地理/北京/北京文综/2018_地理_北京文综_原卷.pdf,../papers/2018/地理/北京/北京文综/2018_地理_北京文综_OCR与考点.md,,pypdf,7
2018,地理,天津,老高考,2020,地方/区域卷,local,天津卷,done,../papers/2018/地理/天津/天津文综/2018_地理_天津文综_原卷.pdf,../papers/2018/地理/天津/天津文综/2018_地理_天津文综_OCR与考点.md,,pypdf,9
2018,地理,河北,老高考,2021,全国卷,common,新课标全国Ⅰ卷,done,../papers/2018/地理/全国/新课标全国Ⅰ卷文综/2018_地理_新课标全国Ⅰ卷文综_原卷.pdf,../papers/2018/地理/全国/新课标全国Ⅰ卷文综/2018_地理_新课标全国Ⅰ卷文综_OCR与考点.md,,pypdf,7
2018,地理,山西,老高考,2025,全国卷,common,新课标全国Ⅰ卷,done,../papers/2018/地理/全国/新课标全国Ⅰ卷文综/2018_地理_新课标全国Ⅰ卷文综_原卷.pdf,../papers/2018/地理/全国/新课标全国Ⅰ卷文综/2018_地理_新课标全国Ⅰ卷文综_OCR与考点.md,,pypdf,7
2018,地理,内蒙古,老高考,2025,全国卷,common,新课标全国Ⅱ卷,done,../papers/2018/地理/全国/新课标全国Ⅱ卷文综/2018_地理_新课标全国Ⅱ卷文综_原卷.pdf,../papers/2018/地理/全国/新课标全国Ⅱ卷文综/2018_地理_新课标全国Ⅱ卷文综_OCR与考点.md,,pypdf,8
2018,地理,辽宁,老高考,2021,全国卷,common,新课标全国Ⅱ卷,done,../papers/2018/地理/全国/新课标全国Ⅱ卷文综/2018_地理_新课标全国Ⅱ卷文综_原卷.pdf,../papers/2018/地理/全国/新课标全国Ⅱ卷文综/2018_地理_新课标全国Ⅱ卷文综_OCR与考点.md,,pypdf,8
2018,地理,吉林,老高考,2024,全国卷,common,新课标全国Ⅱ卷,done,../papers/2018/地理/全国/新课标全国Ⅱ卷文综/2018_地理_新课标全国Ⅱ卷文综_原卷.pdf,../papers/2018/地理/全国/新课标全国Ⅱ卷文综/2018_地理_新课标全国Ⅱ卷文综_OCR与考点.md,,pypdf,8
2018,地理,黑龙江,老高考,2024,全国卷,common,新课标全国Ⅱ卷,done,../papers/2018/地理/全国/新课标全国Ⅱ卷文综/2018_地理_新课标全国Ⅱ卷文综_原卷.pdf,../papers/2018/地理/全国/新课标全国Ⅱ卷文综/2018_地理_新课标全国Ⅱ卷文综_OCR与考点.md,,pypdf,8
2018,地理,上海,新高考,2017,地方/区域卷,local,上海卷,done,../papers/2018/地理/上海/上海卷/2018_地理_上海卷_原卷.pdf,../papers/2018/地理/上海/上海卷/2018_地理_上海卷_OCR与考点.md,,pypdf,6
2018,地理,江苏,老高考,2021,地方/区域卷,local,江苏卷,done,../papers/2018/地理/江苏/江苏文综/2018_地理_江苏文综_原卷.pdf,../papers/2018/地理/江苏/江苏文综/2018_地理_江苏文综_OCR与考点.md,,pypdf,22
2018,地理,浙江,新高考,2017,地方/区域卷,local,浙江卷,done,../papers/2018/地理/浙江/浙江卷/2018_地理_浙江卷_原卷.pdf,../papers/2018/地理/浙江/浙江卷/2018_地理_浙江卷_OCR与考点.md,,pypdf,10
2018,地理,安徽,老高考,2024,全国卷,common,新课标全国Ⅰ卷,done,../papers/2018/地理/全国/新课标全国Ⅰ卷文综/2018_地理_新课标全国Ⅰ卷文综_原卷.pdf,../papers/2018/地理/全国/新课标全国Ⅰ卷文综/2018_地理_新课标全国Ⅰ卷文综_OCR与考点.md,,pypdf,7
2018,地理,福建,老高考,2021,全国卷,common,新课标全国Ⅰ卷,done,../papers/2018/地理/全国/新课标全国Ⅰ卷文综/2018_地理_新课标全国Ⅰ卷文综_原卷.pdf,../papers/2018/地理/全国/新课标全国Ⅰ卷文综/2018_地理_新课标全国Ⅰ卷文综_OCR与考点.md,,pypdf,7
2018,地理,江西,老高考,2024,全国卷,common,新课标全国Ⅰ卷,done,../papers/2018/地理/全国/新课标全国Ⅰ卷文综/2018_地理_新课标全国Ⅰ卷文综_原卷.pdf,../papers/2018/地理/全国/新课标全国Ⅰ卷文综/2018_地理_新课标全国Ⅰ卷文综_OCR与考点.md,,pypdf,7
2018,地理,山东,老高考,2020,全国卷,common,新课标全国Ⅰ卷,done,../papers/2018/地理/全国/新课标全国Ⅰ卷文综/2018_地理_新课标全国Ⅰ卷文综_原卷.pdf,../papers/2018/地理/全国/新课标全国Ⅰ卷文综/2018_地理_新课标全国Ⅰ卷文综_OCR与考点.md,,pypdf,7
2018,地理,河南,老高考,2025,全国卷,common,新课标全国Ⅰ卷,done,../papers/2018/地理/全国/新课标全国Ⅰ卷文综/2018_地理_新课标全国Ⅰ卷文综_原卷.pdf,../papers/2018/地理/全国/新课标全国Ⅰ卷文综/2018_地理_新课标全国Ⅰ卷文综_OCR与考点.md,,pypdf,7
2018,地理,湖北,老高考,2021,全国卷,common,新课标全国Ⅰ卷,done,../papers/2018/地理/全国/新课标全国Ⅰ卷文综/2018_地理_新课标全国Ⅰ卷文综_原卷.pdf,../papers/2018/地理/全国/新课标全国Ⅰ卷文综/2018_地理_新课标全国Ⅰ卷文综_OCR与考点.md,,pypdf,7
2018,地理,湖南,老高考,2021,全国卷,common,新课标全国Ⅰ卷,done,../papers/2018/地理/全国/新课标全国Ⅰ卷文综/2018_地理_新课标全国Ⅰ卷文综_原卷.pdf,../papers/2018/地理/全国/新课标全国Ⅰ卷文综/2018_地理_新课标全国Ⅰ卷文综_OCR与考点.md,,pypdf,7
2018,地理,广东,老高考,2021,,missing,,missing,,,,,
2018,地理,广西,老高考,2024,全国卷,common,新课标全国Ⅲ卷,done,../papers/2018/地理/全国/新课标全国Ⅲ卷文综/2018_地理_新课标全国Ⅲ卷文综_原卷.pdf,../papers/2018/地理/全国/新课标全国Ⅲ卷文综/2018_地理_新课标全国Ⅲ卷文综_OCR与考点.md,,pypdf,8
2018,地理,海南,老高考,2020,地方/区域卷,local,海南卷,done,../papers/2018/地理/海南/海南文综/2018_地理_海南文综_原卷.pdf,../papers/2018/地理/海南/海南文综/2018_地理_海南文综_OCR与考点.md,,pypdf,7
2018,地理,重庆,老高考,2021,全国卷,common,新课标全国Ⅱ卷,done,../papers/2018/地理/全国/新课标全国Ⅱ卷文综/2018_地理_新课标全国Ⅱ卷文综_原卷.pdf,../papers/2018/地理/全国/新课标全国Ⅱ卷文综/2018_地理_新课标全国Ⅱ卷文综_OCR与考点.md,,pypdf,8
2018,地理,四川,老高考,2025,全国卷,common,新课标全国Ⅲ卷,done,../papers/2018/地理/全国/新课标全国Ⅲ卷文综/2018_地理_新课标全国Ⅲ卷文综_原卷.pdf,../papers/2018/地理/全国/新课标全国Ⅲ卷文综/2018_地理_新课标全国Ⅲ卷文综_OCR与考点.md,,pypdf,8
2018,地理,贵州,老高考,2024,全国卷,common,新课标全国Ⅲ卷,done,../papers/2018/地理/全国/新课标全国Ⅲ卷文综/2018_地理_新课标全国Ⅲ卷文综_原卷.pdf,../papers/2018/地理/全国/新课标全国Ⅲ卷文综/2018_地理_新课标全国Ⅲ卷文综_OCR与考点.md,,pypdf,8
2018,地理,云南,老高考,2025,全国卷,common,新课标全国Ⅲ卷,done,../papers/2018/地理/全国/新课标全国Ⅲ卷文综/2018_地理_新课标全国Ⅲ卷文综_原卷.pdf,../papers/2018/地理/全国/新课标全国Ⅲ卷文综/2018_地理_新课标全国Ⅲ卷文综_OCR与考点.md,,pypdf,8
2018,地理,西藏,老高考,,全国卷,common,新课标全国Ⅱ卷,done,../papers/2018/地理/全国/新课标全国Ⅱ卷文综/2018_地理_新课标全国Ⅱ卷文综_原卷.pdf,../papers/2018/地理/全国/新课标全国Ⅱ卷文综/2018_地理_新课标全国Ⅱ卷文综_OCR与考点.md,,pypdf,8
2018,地理,陕西,老高考,2025,全国卷,common,新课标全国Ⅱ卷,done,../papers/2018/地理/全国/新课标全国Ⅱ卷文综/2018_地理_新课标全国Ⅱ卷文综_原卷.pdf,../papers/2018/地理/全国/新课标全国Ⅱ卷文综/2018_地理_新课标全国Ⅱ卷文综_OCR与考点.md,,pypdf,8
2018,地理,甘肃,老高考,2024,全国卷,common,新课标全国Ⅱ卷,done,../papers/2018/地理/全国/新课标全国Ⅱ卷文综/2018_地理_新课标全国Ⅱ卷文综_原卷.pdf,../papers/2018/地理/全国/新课标全国Ⅱ卷文综/2018_地理_新课标全国Ⅱ卷文综_OCR与考点.md,,pypdf,8
2018,地理,青海,老高考,2025,全国卷,common,新课标全国Ⅱ卷,done,../papers/2018/地理/全国/新课标全国Ⅱ卷文综/2018_地理_新课标全国Ⅱ卷文综_原卷.pdf,../papers/2018/地理/全国/新课标全国Ⅱ卷文综/2018_地理_新课标全国Ⅱ卷文综_OCR与考点.md,,pypdf,8
2018,地理,宁夏,老高考,2025,全国卷,common,新课标全国Ⅱ卷,done,../papers/2018/地理/全国/新课标全国Ⅱ卷文综/2018_地理_新课标全国Ⅱ卷文综_原卷.pdf,../papers/2018/地理/全国/新课标全国Ⅱ卷文综/2018_地理_新课标全国Ⅱ卷文综_OCR与考点.md,,pypdf,8
2018,地理,新疆,老高考,,全国卷,common,新课标全国Ⅱ卷,done,../papers/2018/地理/全国/新课标全国Ⅱ卷文综/2018_地理_新课标全国Ⅱ卷文综_原卷.pdf,../papers/2018/地理/全国/新课标全国Ⅱ卷文综/2018_地理_新课标全国Ⅱ卷文综_OCR与考点.md,,pypdf,8
2019,语文,北京,老高考,2020,地方/区域卷,local,北京卷,done,../papers/2019/语文/北京/北京卷/2019_语文_北京卷_原卷.pdf,../papers/2019/语文/北京/北京卷/2019_语文_北京卷_OCR与考点.md,,rapidocr,11
2019,语文,天津,老高考,2020,地方/区域卷,local,天津卷,done,../papers/2019/语文/天津/天津卷/2019_语文_天津卷_原卷.pdf,../papers/2019/语文/天津/天津卷/2019_语文_天津卷_OCR与考点.md,,rapidocr,11
2019,语文,河北,老高考,2021,全国卷,common,新课标全国Ⅰ卷,done,../papers/2019/语文/全国/新课标全国Ⅰ卷/2019_语文_新课标全国Ⅰ卷_原卷.pdf,../papers/2019/语文/全国/新课标全国Ⅰ卷/2019_语文_新课标全国Ⅰ卷_OCR与考点.md,,rapidocr,12
2019,语文,山西,老高考,2025,全国卷,common,新课标全国Ⅰ卷,done,../papers/2019/语文/全国/新课标全国Ⅰ卷/2019_语文_新课标全国Ⅰ卷_原卷.pdf,../papers/2019/语文/全国/新课标全国Ⅰ卷/2019_语文_新课标全国Ⅰ卷_OCR与考点.md,,rapidocr,12
2019,语文,内蒙古,老高考,2025,全国卷,common,新课标全国Ⅱ卷,done,../papers/2019/语文/全国/新课标全国Ⅱ卷/2019_语文_新课标全国Ⅱ卷_原卷.pdf,../papers/2019/语文/全国/新课标全国Ⅱ卷/2019_语文_新课标全国Ⅱ卷_OCR与考点.md,,rapidocr,12
2019,语文,辽宁,老高考,2021,全国卷,common,新课标全国Ⅱ卷,done,../papers/2019/语文/全国/新课标全国Ⅱ卷/2019_语文_新课标全国Ⅱ卷_原卷.pdf,../papers/2019/语文/全国/新课标全国Ⅱ卷/2019_语文_新课标全国Ⅱ卷_OCR与考点.md,,rapidocr,12
2019,语文,吉林,老高考,2024,全国卷,common,新课标全国Ⅱ卷,done,../papers/2019/语文/全国/新课标全国Ⅱ卷/2019_语文_新课标全国Ⅱ卷_原卷.pdf,../papers/2019/语文/全国/新课标全国Ⅱ卷/2019_语文_新课标全国Ⅱ卷_OCR与考点.md,,rapidocr,12
2019,语文,黑龙江,老高考,2024,全国卷,common,新课标全国Ⅱ卷,done,../papers/2019/语文/全国/新课标全国Ⅱ卷/2019_语文_新课标全国Ⅱ卷_原卷.pdf,../papers/2019/语文/全国/新课标全国Ⅱ卷/2019_语文_新课标全国Ⅱ卷_OCR与考点.md,,rapidocr,12
2019,语文,上海,新高考,2017,地方/区域卷,local,上海卷,pdf_only,../papers/2019/语文/上海/上海卷/2019_语文_上海卷_原卷.pdf,,,,
2019,语文,江苏,老高考,2021,地方/区域卷,local,江苏卷,pdf_only,../papers/2019/语文/江苏/江苏卷/2019_语文_江苏卷_原卷.pdf,,,,
2019,语文,浙江,新高考,2017,地方/区域卷,local,浙江卷,done,../papers/2019/语文/浙江/浙江卷/2019_语文_浙江卷_原卷.pdf,../papers/2019/语文/浙江/浙江卷/2019_语文_浙江卷_OCR与考点.md,,rapidocr,7
2019,语文,安徽,老高考,2024,全国卷,common,新课标全国Ⅰ卷,done,../papers/2019/语文/全国/新课标全国Ⅰ卷/2019_语文_新课标全国Ⅰ卷_原卷.pdf,../papers/2019/语文/全国/新课标全国Ⅰ卷/2019_语文_新课标全国Ⅰ卷_OCR与考点.md,,rapidocr,12
2019,语文,福建,老高考,2021,全国卷,common,新课标全国Ⅰ卷,done,../papers/2019/语文/全国/新课标全国Ⅰ卷/2019_语文_新课标全国Ⅰ卷_原卷.pdf,../papers/2019/语文/全国/新课标全国Ⅰ卷/2019_语文_新课标全国Ⅰ卷_OCR与考点.md,,rapidocr,12
2019,语文,江西,老高考,2024,地方/区域卷,local,浙江卷,pdf_only,../papers/2019/语文/江西/浙江卷/2019_语文_江西浙江卷_原卷.pdf,,,,
2019,语文,山东,老高考,2020,全国卷,common,新课标全国Ⅰ卷,done,../papers/2019/语文/全国/新课标全国Ⅰ卷/2019_语文_新课标全国Ⅰ卷_原卷.pdf,../papers/2019/语文/全国/新课标全国Ⅰ卷/2019_语文_新课标全国Ⅰ卷_OCR与考点.md,,rapidocr,12
2019,语文,河南,老高考,2025,全国卷,common,新课标全国Ⅰ卷,done,../papers/2019/语文/全国/新课标全国Ⅰ卷/2019_语文_新课标全国Ⅰ卷_原卷.pdf,../papers/2019/语文/全国/新课标全国Ⅰ卷/2019_语文_新课标全国Ⅰ卷_OCR与考点.md,,rapidocr,12
2019,语文,湖北,老高考,2021,全国卷,common,新课标全国Ⅰ卷,done,../papers/2019/语文/全国/新课标全国Ⅰ卷/2019_语文_新课标全国Ⅰ卷_原卷.pdf,../papers/2019/语文/全国/新课标全国Ⅰ卷/2019_语文_新课标全国Ⅰ卷_OCR与考点.md,,rapidocr,12
2019,语文,湖南,老高考,2021,全国卷,common,新课标全国Ⅰ卷,done,../papers/2019/语文/全国/新课标全国Ⅰ卷/2019_语文_新课标全国Ⅰ卷_原卷.pdf,../papers/2019/语文/全国/新课标全国Ⅰ卷/2019_语文_新课标全国Ⅰ卷_OCR与考点.md,,rapidocr,12
2019,语文,广东,老高考,2021,全国卷,common,新课标全国Ⅰ卷,done,../papers/2019/语文/全国/新课标全国Ⅰ卷/2019_语文_新课标全国Ⅰ卷_原卷.pdf,../papers/2019/语文/全国/新课标全国Ⅰ卷/2019_语文_新课标全国Ⅰ卷_OCR与考点.md,,rapidocr,12
2019,语文,广西,老高考,2024,全国卷,common,新课标全国Ⅲ卷,done,../papers/2019/语文/全国/新课标全国Ⅲ卷/2019_语文_新课标全国Ⅲ卷_原卷.pdf,../papers/2019/语文/全国/新课标全国Ⅲ卷/2019_语文_新课标全国Ⅲ卷_OCR与考点.md,,rapidocr,
2019,语文,海南,老高考,2020,全国卷,common,新课标全国Ⅱ卷,done,../papers/2019/语文/全国/新课标全国Ⅱ卷/2019_语文_新课标全国Ⅱ卷_原卷.pdf,../papers/2019/语文/全国/新课标全国Ⅱ卷/2019_语文_新课标全国Ⅱ卷_OCR与考点.md,,rapidocr,12
2019,语文,重庆,老高考,2021,全国卷,common,新课标全国Ⅱ卷,done,../papers/2019/语文/全国/新课标全国Ⅱ卷/2019_语文_新课标全国Ⅱ卷_原卷.pdf,../papers/2019/语文/全国/新课标全国Ⅱ卷/2019_语文_新课标全国Ⅱ卷_OCR与考点.md,,rapidocr,12
2019,语文,四川,老高考,2025,全国卷,common,新课标全国Ⅲ卷,done,../papers/2019/语文/全国/新课标全国Ⅲ卷/2019_语文_新课标全国Ⅲ卷_原卷.pdf,../papers/2019/语文/全国/新课标全国Ⅲ卷/2019_语文_新课标全国Ⅲ卷_OCR与考点.md,,rapidocr,
2019,语文,贵州,老高考,2024,全国卷,common,新课标全国Ⅲ卷,done,../papers/2019/语文/全国/新课标全国Ⅲ卷/2019_语文_新课标全国Ⅲ卷_原卷.pdf,../papers/2019/语文/全国/新课标全国Ⅲ卷/2019_语文_新课标全国Ⅲ卷_OCR与考点.md,,rapidocr,
2019,语文,云南,老高考,2025,全国卷,common,新课标全国Ⅲ卷,done,../papers/2019/语文/全国/新课标全国Ⅲ卷/2019_语文_新课标全国Ⅲ卷_原卷.pdf,../papers/2019/语文/全国/新课标全国Ⅲ卷/2019_语文_新课标全国Ⅲ卷_OCR与考点.md,,rapidocr,
2019,语文,西藏,老高考,,全国卷,common,新课标全国Ⅲ卷,done,../papers/2019/语文/全国/新课标全国Ⅲ卷/2019_语文_新课标全国Ⅲ卷_原卷.pdf,../papers/2019/语文/全国/新课标全国Ⅲ卷/2019_语文_新课标全国Ⅲ卷_OCR与考点.md,,rapidocr,
2019,语文,陕西,老高考,2025,全国卷,common,新课标全国Ⅱ卷,done,../papers/2019/语文/全国/新课标全国Ⅱ卷/2019_语文_新课标全国Ⅱ卷_原卷.pdf,../papers/2019/语文/全国/新课标全国Ⅱ卷/2019_语文_新课标全国Ⅱ卷_OCR与考点.md,,rapidocr,12
2019,语文,甘肃,老高考,2024,全国卷,common,新课标全国Ⅱ卷,done,../papers/2019/语文/全国/新课标全国Ⅱ卷/2019_语文_新课标全国Ⅱ卷_原卷.pdf,../papers/2019/语文/全国/新课标全国Ⅱ卷/2019_语文_新课标全国Ⅱ卷_OCR与考点.md,,rapidocr,12
2019,语文,青海,老高考,2025,全国卷,common,新课标全国Ⅱ卷,done,../papers/2019/语文/全国/新课标全国Ⅱ卷/2019_语文_新课标全国Ⅱ卷_原卷.pdf,../papers/2019/语文/全国/新课标全国Ⅱ卷/2019_语文_新课标全国Ⅱ卷_OCR与考点.md,,rapidocr,12
2019,语文,宁夏,老高考,2025,全国卷,common,新课标全国Ⅱ卷,done,../papers/2019/语文/全国/新课标全国Ⅱ卷/2019_语文_新课标全国Ⅱ卷_原卷.pdf,../papers/2019/语文/全国/新课标全国Ⅱ卷/2019_语文_新课标全国Ⅱ卷_OCR与考点.md,,rapidocr,12
2019,语文,新疆,老高考,,全国卷,common,新课标全国Ⅱ卷,done,../papers/2019/语文/全国/新课标全国Ⅱ卷/2019_语文_新课标全国Ⅱ卷_原卷.pdf,../papers/2019/语文/全国/新课标全国Ⅱ卷/2019_语文_新课标全国Ⅱ卷_OCR与考点.md,,rapidocr,12
2019,数学,北京,老高考,2020,地方/区域卷,local,北京卷,done,../papers/2019/数学/北京/北京卷/2019_数学_北京卷_原卷.pdf,../papers/2019/数学/北京/北京卷/2019_数学_北京卷_OCR与考点.md,,pypdf,5
2019,数学,天津,老高考,2020,地方/区域卷,local,天津卷,done,../papers/2019/数学/天津/天津卷/2019_数学_天津卷_原卷.pdf,../papers/2019/数学/天津/天津卷/2019_数学_天津卷_OCR与考点.md,,pypdf,5
2019,数学,河北,老高考,2021,全国卷,common,新课标全国Ⅰ卷,done,../papers/2019/数学/全国/新课标全国Ⅰ卷/2019_数学_新课标全国Ⅰ卷_原卷.pdf,../papers/2019/数学/全国/新课标全国Ⅰ卷/2019_数学_新课标全国Ⅰ卷_OCR与考点.md,,pypdf,5
2019,数学,山西,老高考,2025,全国卷,common,新课标全国Ⅰ卷,done,../papers/2019/数学/全国/新课标全国Ⅰ卷/2019_数学_新课标全国Ⅰ卷_原卷.pdf,../papers/2019/数学/全国/新课标全国Ⅰ卷/2019_数学_新课标全国Ⅰ卷_OCR与考点.md,,pypdf,5
2019,数学,内蒙古,老高考,2025,全国卷,common,新课标全国Ⅱ卷,done,../papers/2019/数学/全国/新课标全国Ⅱ卷/2019_数学_新课标全国Ⅱ卷_原卷.pdf,../papers/2019/数学/全国/新课标全国Ⅱ卷/2019_数学_新课标全国Ⅱ卷_OCR与考点.md,,pypdf,6
2019,数学,辽宁,老高考,2021,全国卷,common,新课标全国Ⅱ卷,done,../papers/2019/数学/全国/新课标全国Ⅱ卷/2019_数学_新课标全国Ⅱ卷_原卷.pdf,../papers/2019/数学/全国/新课标全国Ⅱ卷/2019_数学_新课标全国Ⅱ卷_OCR与考点.md,,pypdf,6
2019,数学,吉林,老高考,2024,全国卷,common,新课标全国Ⅱ卷,done,../papers/2019/数学/全国/新课标全国Ⅱ卷/2019_数学_新课标全国Ⅱ卷_原卷.pdf,../papers/2019/数学/全国/新课标全国Ⅱ卷/2019_数学_新课标全国Ⅱ卷_OCR与考点.md,,pypdf,6
2019,数学,黑龙江,老高考,2024,全国卷,common,新课标全国Ⅱ卷,done,../papers/2019/数学/全国/新课标全国Ⅱ卷/2019_数学_新课标全国Ⅱ卷_原卷.pdf,../papers/2019/数学/全国/新课标全国Ⅱ卷/2019_数学_新课标全国Ⅱ卷_OCR与考点.md,,pypdf,6
2019,数学,上海,新高考,2017,地方/区域卷,local,上海卷,done,../papers/2019/数学/上海/上海卷/2019_数学_上海卷_原卷.pdf,../papers/2019/数学/上海/上海卷/2019_数学_上海卷_OCR与考点.md,,pypdf,4
2019,数学,江苏,老高考,2021,地方/区域卷,local,江苏卷,done,../papers/2019/数学/江苏/江苏卷/2019_数学_江苏卷_原卷.pdf,../papers/2019/数学/江苏/江苏卷/2019_数学_江苏卷_OCR与考点.md,,pypdf,6
2019,数学,浙江,新高考,2017,地方/区域卷,local,浙江卷,done,../papers/2019/数学/浙江/浙江卷/2019_数学_浙江卷_原卷.pdf,../papers/2019/数学/浙江/浙江卷/2019_数学_浙江卷_OCR与考点.md,,pypdf,5
2019,数学,安徽,老高考,2024,全国卷,common,新课标全国Ⅰ卷,done,../papers/2019/数学/全国/新课标全国Ⅰ卷/2019_数学_新课标全国Ⅰ卷_原卷.pdf,../papers/2019/数学/全国/新课标全国Ⅰ卷/2019_数学_新课标全国Ⅰ卷_OCR与考点.md,,pypdf,5
2019,数学,福建,老高考,2021,全国卷,common,新课标全国Ⅰ卷,done,../papers/2019/数学/全国/新课标全国Ⅰ卷/2019_数学_新课标全国Ⅰ卷_原卷.pdf,../papers/2019/数学/全国/新课标全国Ⅰ卷/2019_数学_新课标全国Ⅰ卷_OCR与考点.md,,pypdf,5
2019,数学,江西,老高考,2024,全国卷,common,新课标全国Ⅰ卷,done,../papers/2019/数学/全国/新课标全国Ⅰ卷/2019_数学_新课标全国Ⅰ卷_原卷.pdf,../papers/2019/数学/全国/新课标全国Ⅰ卷/2019_数学_新课标全国Ⅰ卷_OCR与考点.md,,pypdf,5
2019,数学,山东,老高考,2020,全国卷,common,新课标全国Ⅰ卷,done,../papers/2019/数学/全国/新课标全国Ⅰ卷/2019_数学_新课标全国Ⅰ卷_原卷.pdf,../papers/2019/数学/全国/新课标全国Ⅰ卷/2019_数学_新课标全国Ⅰ卷_OCR与考点.md,,pypdf,5
2019,数学,河南,老高考,2025,全国卷,common,新课标全国Ⅰ卷,done,../papers/2019/数学/全国/新课标全国Ⅰ卷/2019_数学_新课标全国Ⅰ卷_原卷.pdf,../papers/2019/数学/全国/新课标全国Ⅰ卷/2019_数学_新课标全国Ⅰ卷_OCR与考点.md,,pypdf,5
2019,数学,湖北,老高考,2021,全国卷,common,新课标全国Ⅰ卷,done,../papers/2019/数学/全国/新课标全国Ⅰ卷/2019_数学_新课标全国Ⅰ卷_原卷.pdf,../papers/2019/数学/全国/新课标全国Ⅰ卷/2019_数学_新课标全国Ⅰ卷_OCR与考点.md,,pypdf,5
2019,数学,湖南,老高考,2021,全国卷,common,新课标全国Ⅰ卷,done,../papers/2019/数学/全国/新课标全国Ⅰ卷/2019_数学_新课标全国Ⅰ卷_原卷.pdf,../papers/2019/数学/全国/新课标全国Ⅰ卷/2019_数学_新课标全国Ⅰ卷_OCR与考点.md,,pypdf,5
2019,数学,广东,老高考,2021,全国卷,common,新课标全国Ⅰ卷,done,../papers/2019/数学/全国/新课标全国Ⅰ卷/2019_数学_新课标全国Ⅰ卷_原卷.pdf,../papers/2019/数学/全国/新课标全国Ⅰ卷/2019_数学_新课标全国Ⅰ卷_OCR与考点.md,,pypdf,5
2019,数学,广西,老高考,2024,全国卷,common,新课标全国Ⅲ卷,done,../papers/2019/数学/全国/新课标全国Ⅲ卷/2019_数学_新课标全国Ⅲ卷_原卷.pdf,../papers/2019/数学/全国/新课标全国Ⅲ卷/2019_数学_新课标全国Ⅲ卷_OCR与考点.md,,pypdf,
2019,数学,海南,老高考,2020,全国卷,common,新课标全国Ⅱ卷,done,../papers/2019/数学/全国/新课标全国Ⅱ卷/2019_数学_新课标全国Ⅱ卷_原卷.pdf,../papers/2019/数学/全国/新课标全国Ⅱ卷/2019_数学_新课标全国Ⅱ卷_OCR与考点.md,,pypdf,6
2019,数学,重庆,老高考,2021,全国卷,common,新课标全国Ⅱ卷,done,../papers/2019/数学/全国/新课标全国Ⅱ卷/2019_数学_新课标全国Ⅱ卷_原卷.pdf,../papers/2019/数学/全国/新课标全国Ⅱ卷/2019_数学_新课标全国Ⅱ卷_OCR与考点.md,,pypdf,6
2019,数学,四川,老高考,2025,全国卷,common,新课标全国Ⅲ卷,done,../papers/2019/数学/全国/新课标全国Ⅲ卷/2019_数学_新课标全国Ⅲ卷_原卷.pdf,../papers/2019/数学/全国/新课标全国Ⅲ卷/2019_数学_新课标全国Ⅲ卷_OCR与考点.md,,pypdf,
2019,数学,贵州,老高考,2024,全国卷,common,新课标全国Ⅲ卷,done,../papers/2019/数学/全国/新课标全国Ⅲ卷/2019_数学_新课标全国Ⅲ卷_原卷.pdf,../papers/2019/数学/全国/新课标全国Ⅲ卷/2019_数学_新课标全国Ⅲ卷_OCR与考点.md,,pypdf,
2019,数学,云南,老高考,2025,全国卷,common,新课标全国Ⅲ卷,done,../papers/2019/数学/全国/新课标全国Ⅲ卷/2019_数学_新课标全国Ⅲ卷_原卷.pdf,../papers/2019/数学/全国/新课标全国Ⅲ卷/2019_数学_新课标全国Ⅲ卷_OCR与考点.md,,pypdf,
2019,数学,西藏,老高考,,全国卷,common,新课标全国Ⅲ卷,done,../papers/2019/数学/全国/新课标全国Ⅲ卷/2019_数学_新课标全国Ⅲ卷_原卷.pdf,../papers/2019/数学/全国/新课标全国Ⅲ卷/2019_数学_新课标全国Ⅲ卷_OCR与考点.md,,pypdf,
2019,数学,陕西,老高考,2025,全国卷,common,新课标全国Ⅱ卷,done,../papers/2019/数学/全国/新课标全国Ⅱ卷/2019_数学_新课标全国Ⅱ卷_原卷.pdf,../papers/2019/数学/全国/新课标全国Ⅱ卷/2019_数学_新课标全国Ⅱ卷_OCR与考点.md,,pypdf,6
2019,数学,甘肃,老高考,2024,全国卷,common,新课标全国Ⅱ卷,done,../papers/2019/数学/全国/新课标全国Ⅱ卷/2019_数学_新课标全国Ⅱ卷_原卷.pdf,../papers/2019/数学/全国/新课标全国Ⅱ卷/2019_数学_新课标全国Ⅱ卷_OCR与考点.md,,pypdf,6
2019,数学,青海,老高考,2025,全国卷,common,新课标全国Ⅱ卷,done,../papers/2019/数学/全国/新课标全国Ⅱ卷/2019_数学_新课标全国Ⅱ卷_原卷.pdf,../papers/2019/数学/全国/新课标全国Ⅱ卷/2019_数学_新课标全国Ⅱ卷_OCR与考点.md,,pypdf,6
2019,数学,宁夏,老高考,2025,全国卷,common,新课标全国Ⅱ卷,done,../papers/2019/数学/全国/新课标全国Ⅱ卷/2019_数学_新课标全国Ⅱ卷_原卷.pdf,../papers/2019/数学/全国/新课标全国Ⅱ卷/2019_数学_新课标全国Ⅱ卷_OCR与考点.md,,pypdf,6
2019,数学,新疆,老高考,,全国卷,common,新课标全国Ⅱ卷,done,../papers/2019/数学/全国/新课标全国Ⅱ卷/2019_数学_新课标全国Ⅱ卷_原卷.pdf,../papers/2019/数学/全国/新课标全国Ⅱ卷/2019_数学_新课标全国Ⅱ卷_OCR与考点.md,,pypdf,6
2019,英语,北京,老高考,2020,地方/区域卷,local,北京卷,done,../papers/2019/英语/北京/北京卷/2019_英语_北京卷_原卷.pdf,../papers/2019/英语/北京/北京卷/2019_英语_北京卷_OCR与考点.md,,pypdf,11
2019,英语,天津,老高考,2020,地方/区域卷,local,天津卷,done,../papers/2019/英语/天津/天津卷/2019_英语_天津卷_原卷.pdf,../papers/2019/英语/天津/天津卷/2019_英语_天津卷_OCR与考点.md,,pypdf,13
2019,英语,河北,老高考,2021,全国卷,common,新课标全国Ⅰ卷,done,../papers/2019/英语/全国/新课标全国Ⅰ卷/2019_英语_新课标全国Ⅰ卷_原卷.pdf,../papers/2019/英语/全国/新课标全国Ⅰ卷/2019_英语_新课标全国Ⅰ卷_OCR与考点.md,../papers/2019/英语/全国/新课标全国Ⅰ卷/2019_英语_新课标全国Ⅰ卷_听力.mp3,pypdf,12
2019,英语,山西,老高考,2025,全国卷,common,新课标全国Ⅰ卷,done,../papers/2019/英语/全国/新课标全国Ⅰ卷/2019_英语_新课标全国Ⅰ卷_原卷.pdf,../papers/2019/英语/全国/新课标全国Ⅰ卷/2019_英语_新课标全国Ⅰ卷_OCR与考点.md,../papers/2019/英语/全国/新课标全国Ⅰ卷/2019_英语_新课标全国Ⅰ卷_听力.mp3,pypdf,12
2019,英语,内蒙古,老高考,2025,全国卷,common,新课标全国Ⅱ卷,done,../papers/2019/英语/全国/新课标全国Ⅱ卷/2019_英语_新课标全国Ⅱ卷_原卷.pdf,../papers/2019/英语/全国/新课标全国Ⅱ卷/2019_英语_新课标全国Ⅱ卷_OCR与考点.md,../papers/2019/英语/全国/新课标全国Ⅱ卷/2019_英语_新课标全国Ⅱ卷_听力.mp3,pypdf,
2019,英语,辽宁,老高考,2021,全国卷,common,新课标全国Ⅱ卷,done,../papers/2019/英语/全国/新课标全国Ⅱ卷/2019_英语_新课标全国Ⅱ卷_原卷.pdf,../papers/2019/英语/全国/新课标全国Ⅱ卷/2019_英语_新课标全国Ⅱ卷_OCR与考点.md,../papers/2019/英语/全国/新课标全国Ⅱ卷/2019_英语_新课标全国Ⅱ卷_听力.mp3,pypdf,
2019,英语,吉林,老高考,2024,全国卷,common,新课标全国Ⅱ卷,done,../papers/2019/英语/全国/新课标全国Ⅱ卷/2019_英语_新课标全国Ⅱ卷_原卷.pdf,../papers/2019/英语/全国/新课标全国Ⅱ卷/2019_英语_新课标全国Ⅱ卷_OCR与考点.md,../papers/2019/英语/全国/新课标全国Ⅱ卷/2019_英语_新课标全国Ⅱ卷_听力.mp3,pypdf,
2019,英语,黑龙江,老高考,2024,全国卷,common,新课标全国Ⅱ卷,done,../papers/2019/英语/全国/新课标全国Ⅱ卷/2019_英语_新课标全国Ⅱ卷_原卷.pdf,../papers/2019/英语/全国/新课标全国Ⅱ卷/2019_英语_新课标全国Ⅱ卷_OCR与考点.md,../papers/2019/英语/全国/新课标全国Ⅱ卷/2019_英语_新课标全国Ⅱ卷_听力.mp3,pypdf,
2019,英语,上海,新高考,2017,地方/区域卷,local,上海卷,done,../papers/2019/英语/上海/上海卷/2019_英语_上海卷_原卷.pdf,../papers/2019/英语/上海/上海卷/2019_英语_上海卷_OCR与考点.md,../papers/2019/英语/上海/上海卷/2019_英语_上海卷_听力.mp3,pypdf,9
2019,英语,江苏,老高考,2021,地方/区域卷,local,江苏卷,done,../papers/2019/英语/江苏/江苏卷/2019_英语_江苏卷_原卷.pdf,../papers/2019/英语/江苏/江苏卷/2019_英语_江苏卷_OCR与考点.md,../papers/2019/英语/江苏/江苏卷/2019_英语_江苏卷_听力.mp3,pypdf,15
2019,英语,浙江,新高考,2017,地方/区域卷,local,浙江卷,done,../papers/2019/英语/浙江/浙江卷/2019_英语_浙江卷_原卷.pdf,../papers/2019/英语/浙江/浙江卷/2019_英语_浙江卷_OCR与考点.md,../papers/2019/英语/浙江/浙江卷/2019_英语_浙江卷_听力.mp3,pypdf,11
2019,英语,安徽,老高考,2024,全国卷,common,新课标全国Ⅰ卷,done,../papers/2019/英语/全国/新课标全国Ⅰ卷/2019_英语_新课标全国Ⅰ卷_原卷.pdf,../papers/2019/英语/全国/新课标全国Ⅰ卷/2019_英语_新课标全国Ⅰ卷_OCR与考点.md,../papers/2019/英语/全国/新课标全国Ⅰ卷/2019_英语_新课标全国Ⅰ卷_听力.mp3,pypdf,12
2019,英语,福建,老高考,2021,全国卷,common,新课标全国Ⅰ卷,done,../papers/2019/英语/全国/新课标全国Ⅰ卷/2019_英语_新课标全国Ⅰ卷_原卷.pdf,../papers/2019/英语/全国/新课标全国Ⅰ卷/2019_英语_新课标全国Ⅰ卷_OCR与考点.md,../papers/2019/英语/全国/新课标全国Ⅰ卷/2019_英语_新课标全国Ⅰ卷_听力.mp3,pypdf,12
2019,英语,江西,老高考,2024,全国卷,common,新课标全国Ⅰ卷,done,../papers/2019/英语/全国/新课标全国Ⅰ卷/2019_英语_新课标全国Ⅰ卷_原卷.pdf,../papers/2019/英语/全国/新课标全国Ⅰ卷/2019_英语_新课标全国Ⅰ卷_OCR与考点.md,../papers/2019/英语/全国/新课标全国Ⅰ卷/2019_英语_新课标全国Ⅰ卷_听力.mp3,pypdf,12
2019,英语,山东,老高考,2020,全国卷,common,新课标全国Ⅰ卷,done,../papers/2019/英语/全国/新课标全国Ⅰ卷/2019_英语_新课标全国Ⅰ卷_原卷.pdf,../papers/2019/英语/全国/新课标全国Ⅰ卷/2019_英语_新课标全国Ⅰ卷_OCR与考点.md,../papers/2019/英语/全国/新课标全国Ⅰ卷/2019_英语_新课标全国Ⅰ卷_听力.mp3,pypdf,12
2019,英语,河南,老高考,2025,全国卷,common,新课标全国Ⅰ卷,done,../papers/2019/英语/全国/新课标全国Ⅰ卷/2019_英语_新课标全国Ⅰ卷_原卷.pdf,../papers/2019/英语/全国/新课标全国Ⅰ卷/2019_英语_新课标全国Ⅰ卷_OCR与考点.md,../papers/2019/英语/全国/新课标全国Ⅰ卷/2019_英语_新课标全国Ⅰ卷_听力.mp3,pypdf,12
2019,英语,湖北,老高考,2021,全国卷,common,新课标全国Ⅰ卷,done,../papers/2019/英语/全国/新课标全国Ⅰ卷/2019_英语_新课标全国Ⅰ卷_原卷.pdf,../papers/2019/英语/全国/新课标全国Ⅰ卷/2019_英语_新课标全国Ⅰ卷_OCR与考点.md,../papers/2019/英语/全国/新课标全国Ⅰ卷/2019_英语_新课标全国Ⅰ卷_听力.mp3,pypdf,12
2019,英语,湖南,老高考,2021,全国卷,common,新课标全国Ⅰ卷,done,../papers/2019/英语/全国/新课标全国Ⅰ卷/2019_英语_新课标全国Ⅰ卷_原卷.pdf,../papers/2019/英语/全国/新课标全国Ⅰ卷/2019_英语_新课标全国Ⅰ卷_OCR与考点.md,../papers/2019/英语/全国/新课标全国Ⅰ卷/2019_英语_新课标全国Ⅰ卷_听力.mp3,pypdf,12
2019,英语,广东,老高考,2021,全国卷,common,新课标全国Ⅰ卷,done,../papers/2019/英语/全国/新课标全国Ⅰ卷/2019_英语_新课标全国Ⅰ卷_原卷.pdf,../papers/2019/英语/全国/新课标全国Ⅰ卷/2019_英语_新课标全国Ⅰ卷_OCR与考点.md,../papers/2019/英语/全国/新课标全国Ⅰ卷/2019_英语_新课标全国Ⅰ卷_听力.mp3,pypdf,12
2019,英语,广西,老高考,2024,全国卷,common,新课标全国Ⅲ卷,done,../papers/2019/英语/全国/新课标全国Ⅲ卷/2019_英语_新课标全国Ⅲ卷_原卷.pdf,../papers/2019/英语/全国/新课标全国Ⅲ卷/2019_英语_新课标全国Ⅲ卷_OCR与考点.md,../papers/2019/英语/全国/新课标全国Ⅲ卷/2019_英语_新课标全国Ⅲ卷_听力.mp3,pypdf,11
2019,英语,海南,老高考,2020,全国卷,common,新课标全国Ⅱ卷,done,../papers/2019/英语/全国/新课标全国Ⅱ卷/2019_英语_新课标全国Ⅱ卷_原卷.pdf,../papers/2019/英语/全国/新课标全国Ⅱ卷/2019_英语_新课标全国Ⅱ卷_OCR与考点.md,../papers/2019/英语/全国/新课标全国Ⅱ卷/2019_英语_新课标全国Ⅱ卷_听力.mp3,pypdf,
2019,英语,重庆,老高考,2021,全国卷,common,新课标全国Ⅱ卷,done,../papers/2019/英语/全国/新课标全国Ⅱ卷/2019_英语_新课标全国Ⅱ卷_原卷.pdf,../papers/2019/英语/全国/新课标全国Ⅱ卷/2019_英语_新课标全国Ⅱ卷_OCR与考点.md,../papers/2019/英语/全国/新课标全国Ⅱ卷/2019_英语_新课标全国Ⅱ卷_听力.mp3,pypdf,
2019,英语,四川,老高考,2025,全国卷,common,新课标全国Ⅲ卷,done,../papers/2019/英语/全国/新课标全国Ⅲ卷/2019_英语_新课标全国Ⅲ卷_原卷.pdf,../papers/2019/英语/全国/新课标全国Ⅲ卷/2019_英语_新课标全国Ⅲ卷_OCR与考点.md,../papers/2019/英语/全国/新课标全国Ⅲ卷/2019_英语_新课标全国Ⅲ卷_听力.mp3,pypdf,11
2019,英语,贵州,老高考,2024,全国卷,common,新课标全国Ⅲ卷,done,../papers/2019/英语/全国/新课标全国Ⅲ卷/2019_英语_新课标全国Ⅲ卷_原卷.pdf,../papers/2019/英语/全国/新课标全国Ⅲ卷/2019_英语_新课标全国Ⅲ卷_OCR与考点.md,../papers/2019/英语/全国/新课标全国Ⅲ卷/2019_英语_新课标全国Ⅲ卷_听力.mp3,pypdf,11
2019,英语,云南,老高考,2025,全国卷,common,新课标全国Ⅲ卷,done,../papers/2019/英语/全国/新课标全国Ⅲ卷/2019_英语_新课标全国Ⅲ卷_原卷.pdf,../papers/2019/英语/全国/新课标全国Ⅲ卷/2019_英语_新课标全国Ⅲ卷_OCR与考点.md,../papers/2019/英语/全国/新课标全国Ⅲ卷/2019_英语_新课标全国Ⅲ卷_听力.mp3,pypdf,11
2019,英语,西藏,老高考,,全国卷,common,新课标全国Ⅲ卷,done,../papers/2019/英语/全国/新课标全国Ⅲ卷/2019_英语_新课标全国Ⅲ卷_原卷.pdf,../papers/2019/英语/全国/新课标全国Ⅲ卷/2019_英语_新课标全国Ⅲ卷_OCR与考点.md,../papers/2019/英语/全国/新课标全国Ⅲ卷/2019_英语_新课标全国Ⅲ卷_听力.mp3,pypdf,11
2019,英语,陕西,老高考,2025,全国卷,common,新课标全国Ⅱ卷,done,../papers/2019/英语/全国/新课标全国Ⅱ卷/2019_英语_新课标全国Ⅱ卷_原卷.pdf,../papers/2019/英语/全国/新课标全国Ⅱ卷/2019_英语_新课标全国Ⅱ卷_OCR与考点.md,../papers/2019/英语/全国/新课标全国Ⅱ卷/2019_英语_新课标全国Ⅱ卷_听力.mp3,pypdf,
2019,英语,甘肃,老高考,2024,全国卷,common,新课标全国Ⅱ卷,done,../papers/2019/英语/全国/新课标全国Ⅱ卷/2019_英语_新课标全国Ⅱ卷_原卷.pdf,../papers/2019/英语/全国/新课标全国Ⅱ卷/2019_英语_新课标全国Ⅱ卷_OCR与考点.md,../papers/2019/英语/全国/新课标全国Ⅱ卷/2019_英语_新课标全国Ⅱ卷_听力.mp3,pypdf,
2019,英语,青海,老高考,2025,全国卷,common,新课标全国Ⅱ卷,done,../papers/2019/英语/全国/新课标全国Ⅱ卷/2019_英语_新课标全国Ⅱ卷_原卷.pdf,../papers/2019/英语/全国/新课标全国Ⅱ卷/2019_英语_新课标全国Ⅱ卷_OCR与考点.md,../papers/2019/英语/全国/新课标全国Ⅱ卷/2019_英语_新课标全国Ⅱ卷_听力.mp3,pypdf,
2019,英语,宁夏,老高考,2025,全国卷,common,新课标全国Ⅱ卷,done,../papers/2019/英语/全国/新课标全国Ⅱ卷/2019_英语_新课标全国Ⅱ卷_原卷.pdf,../papers/2019/英语/全国/新课标全国Ⅱ卷/2019_英语_新课标全国Ⅱ卷_OCR与考点.md,../papers/2019/英语/全国/新课标全国Ⅱ卷/2019_英语_新课标全国Ⅱ卷_听力.mp3,pypdf,
2019,英语,新疆,老高考,,全国卷,common,新课标全国Ⅱ卷,done,../papers/2019/英语/全国/新课标全国Ⅱ卷/2019_英语_新课标全国Ⅱ卷_原卷.pdf,../papers/2019/英语/全国/新课标全国Ⅱ卷/2019_英语_新课标全国Ⅱ卷_OCR与考点.md,../papers/2019/英语/全国/新课标全国Ⅱ卷/2019_英语_新课标全国Ⅱ卷_听力.mp3,pypdf,
2019,物理,北京,老高考,2020,地方/区域卷,local,北京卷,done,../papers/2019/物理/北京/北京理综/2019_物理_北京理综_原卷.pdf,../papers/2019/物理/北京/北京理综/2019_物理_北京理综_OCR与考点.md,,pypdf,7
2019,物理,天津,老高考,2020,地方/区域卷,local,天津卷,done,../papers/2019/物理/天津/天津理综/2019_物理_天津理综_原卷.pdf,../papers/2019/物理/天津/天津理综/2019_物理_天津理综_OCR与考点.md,,pypdf,7
2019,物理,河北,老高考,2021,全国卷,common,新课标全国Ⅰ卷,done,../papers/2019/物理/全国/新课标全国Ⅰ卷理综/2019_物理_新课标全国Ⅰ卷理综_原卷.pdf,../papers/2019/物理/全国/新课标全国Ⅰ卷理综/2019_物理_新课标全国Ⅰ卷理综_OCR与考点.md,,pypdf,9
2019,物理,山西,老高考,2025,全国卷,common,新课标全国Ⅰ卷,done,../papers/2019/物理/全国/新课标全国Ⅰ卷理综/2019_物理_新课标全国Ⅰ卷理综_原卷.pdf,../papers/2019/物理/全国/新课标全国Ⅰ卷理综/2019_物理_新课标全国Ⅰ卷理综_OCR与考点.md,,pypdf,9
2019,物理,内蒙古,老高考,2025,全国卷,common,新课标全国Ⅱ卷,done,../papers/2019/物理/全国/新课标全国Ⅱ卷理综/2019_物理_新课标全国Ⅱ卷理综_原卷.pdf,../papers/2019/物理/全国/新课标全国Ⅱ卷理综/2019_物理_新课标全国Ⅱ卷理综_OCR与考点.md,,pypdf,
2019,物理,辽宁,老高考,2021,全国卷,common,新课标全国Ⅱ卷,done,../papers/2019/物理/全国/新课标全国Ⅱ卷理综/2019_物理_新课标全国Ⅱ卷理综_原卷.pdf,../papers/2019/物理/全国/新课标全国Ⅱ卷理综/2019_物理_新课标全国Ⅱ卷理综_OCR与考点.md,,pypdf,
2019,物理,吉林,老高考,2024,全国卷,common,新课标全国Ⅱ卷,done,../papers/2019/物理/全国/新课标全国Ⅱ卷理综/2019_物理_新课标全国Ⅱ卷理综_原卷.pdf,../papers/2019/物理/全国/新课标全国Ⅱ卷理综/2019_物理_新课标全国Ⅱ卷理综_OCR与考点.md,,pypdf,
2019,物理,黑龙江,老高考,2024,全国卷,common,新课标全国Ⅱ卷,done,../papers/2019/物理/全国/新课标全国Ⅱ卷理综/2019_物理_新课标全国Ⅱ卷理综_原卷.pdf,../papers/2019/物理/全国/新课标全国Ⅱ卷理综/2019_物理_新课标全国Ⅱ卷理综_OCR与考点.md,,pypdf,
2019,物理,上海,新高考,2017,地方/区域卷,local,上海卷,done,../papers/2019/物理/上海/上海卷/2019_物理_上海卷_原卷.pdf,../papers/2019/物理/上海/上海卷/2019_物理_上海卷_OCR与考点.md,,pypdf,6
2019,物理,江苏,老高考,2021,地方/区域卷,local,江苏卷,done,../papers/2019/物理/江苏/江苏理综/2019_物理_江苏理综_原卷.pdf,../papers/2019/物理/江苏/江苏理综/2019_物理_江苏理综_OCR与考点.md,,pypdf,9
2019,物理,浙江,新高考,2017,地方/区域卷,local,浙江卷,done,../papers/2019/物理/浙江/浙江卷/2019_物理_浙江卷_原卷.pdf,../papers/2019/物理/浙江/浙江卷/2019_物理_浙江卷_OCR与考点.md,,pypdf,8
2019,物理,安徽,老高考,2024,全国卷,common,新课标全国Ⅰ卷,done,../papers/2019/物理/全国/新课标全国Ⅰ卷理综/2019_物理_新课标全国Ⅰ卷理综_原卷.pdf,../papers/2019/物理/全国/新课标全国Ⅰ卷理综/2019_物理_新课标全国Ⅰ卷理综_OCR与考点.md,,pypdf,9
2019,物理,福建,老高考,2021,全国卷,common,新课标全国Ⅰ卷,done,../papers/2019/物理/全国/新课标全国Ⅰ卷理综/2019_物理_新课标全国Ⅰ卷理综_原卷.pdf,../papers/2019/物理/全国/新课标全国Ⅰ卷理综/2019_物理_新课标全国Ⅰ卷理综_OCR与考点.md,,pypdf,9
2019,物理,江西,老高考,2024,全国卷,common,新课标全国Ⅰ卷,done,../papers/2019/物理/全国/新课标全国Ⅰ卷理综/2019_物理_新课标全国Ⅰ卷理综_原卷.pdf,../papers/2019/物理/全国/新课标全国Ⅰ卷理综/2019_物理_新课标全国Ⅰ卷理综_OCR与考点.md,,pypdf,9
2019,物理,山东,老高考,2020,全国卷,common,新课标全国Ⅰ卷,done,../papers/2019/物理/全国/新课标全国Ⅰ卷理综/2019_物理_新课标全国Ⅰ卷理综_原卷.pdf,../papers/2019/物理/全国/新课标全国Ⅰ卷理综/2019_物理_新课标全国Ⅰ卷理综_OCR与考点.md,,pypdf,9
2019,物理,河南,老高考,2025,全国卷,common,新课标全国Ⅰ卷,done,../papers/2019/物理/全国/新课标全国Ⅰ卷理综/2019_物理_新课标全国Ⅰ卷理综_原卷.pdf,../papers/2019/物理/全国/新课标全国Ⅰ卷理综/2019_物理_新课标全国Ⅰ卷理综_OCR与考点.md,,pypdf,9
2019,物理,湖北,老高考,2021,全国卷,common,新课标全国Ⅰ卷,done,../papers/2019/物理/全国/新课标全国Ⅰ卷理综/2019_物理_新课标全国Ⅰ卷理综_原卷.pdf,../papers/2019/物理/全国/新课标全国Ⅰ卷理综/2019_物理_新课标全国Ⅰ卷理综_OCR与考点.md,,pypdf,9
2019,物理,湖南,老高考,2021,全国卷,common,新课标全国Ⅰ卷,done,../papers/2019/物理/全国/新课标全国Ⅰ卷理综/2019_物理_新课标全国Ⅰ卷理综_原卷.pdf,../papers/2019/物理/全国/新课标全国Ⅰ卷理综/2019_物理_新课标全国Ⅰ卷理综_OCR与考点.md,,pypdf,9
2019,物理,广东,老高考,2021,全国卷,common,新课标全国Ⅰ卷,done,../papers/2019/物理/全国/新课标全国Ⅰ卷理综/2019_物理_新课标全国Ⅰ卷理综_原卷.pdf,../papers/2019/物理/全国/新课标全国Ⅰ卷理综/2019_物理_新课标全国Ⅰ卷理综_OCR与考点.md,,pypdf,9
2019,物理,广西,老高考,2024,全国卷,common,新课标全国Ⅲ卷,done,../papers/2019/物理/全国/新课标全国Ⅲ卷理综/2019_物理_新课标全国Ⅲ卷理综_原卷.pdf,../papers/2019/物理/全国/新课标全国Ⅲ卷理综/2019_物理_新课标全国Ⅲ卷理综_OCR与考点.md,,pypdf,8
2019,物理,海南,老高考,2020,地方/区域卷,local,海南卷,done,../papers/2019/物理/海南/海南理综/2019_物理_海南理综_原卷.pdf,../papers/2019/物理/海南/海南理综/2019_物理_海南理综_OCR与考点.md,,pypdf,8
2019,物理,重庆,老高考,2021,全国卷,common,新课标全国Ⅱ卷,done,../papers/2019/物理/全国/新课标全国Ⅱ卷理综/2019_物理_新课标全国Ⅱ卷理综_原卷.pdf,../papers/2019/物理/全国/新课标全国Ⅱ卷理综/2019_物理_新课标全国Ⅱ卷理综_OCR与考点.md,,pypdf,
2019,物理,四川,老高考,2025,全国卷,common,新课标全国Ⅲ卷,done,../papers/2019/物理/全国/新课标全国Ⅲ卷理综/2019_物理_新课标全国Ⅲ卷理综_原卷.pdf,../papers/2019/物理/全国/新课标全国Ⅲ卷理综/2019_物理_新课标全国Ⅲ卷理综_OCR与考点.md,,pypdf,8
2019,物理,贵州,老高考,2024,全国卷,common,新课标全国Ⅱ卷,done,../papers/2019/物理/全国/新课标全国Ⅱ卷理综/2019_物理_新课标全国Ⅱ卷理综_原卷.pdf,../papers/2019/物理/全国/新课标全国Ⅱ卷理综/2019_物理_新课标全国Ⅱ卷理综_OCR与考点.md,,pypdf,
2019,物理,云南,老高考,2025,全国卷,common,新课标全国Ⅲ卷,done,../papers/2019/物理/全国/新课标全国Ⅲ卷理综/2019_物理_新课标全国Ⅲ卷理综_原卷.pdf,../papers/2019/物理/全国/新课标全国Ⅲ卷理综/2019_物理_新课标全国Ⅲ卷理综_OCR与考点.md,,pypdf,8
2019,物理,西藏,老高考,,全国卷,common,新课标全国Ⅲ卷,done,../papers/2019/物理/全国/新课标全国Ⅲ卷理综/2019_物理_新课标全国Ⅲ卷理综_原卷.pdf,../papers/2019/物理/全国/新课标全国Ⅲ卷理综/2019_物理_新课标全国Ⅲ卷理综_OCR与考点.md,,pypdf,8
2019,物理,陕西,老高考,2025,全国卷,common,新课标全国Ⅱ卷,done,../papers/2019/物理/全国/新课标全国Ⅱ卷理综/2019_物理_新课标全国Ⅱ卷理综_原卷.pdf,../papers/2019/物理/全国/新课标全国Ⅱ卷理综/2019_物理_新课标全国Ⅱ卷理综_OCR与考点.md,,pypdf,
2019,物理,甘肃,老高考,2024,全国卷,common,新课标全国Ⅱ卷,done,../papers/2019/物理/全国/新课标全国Ⅱ卷理综/2019_物理_新课标全国Ⅱ卷理综_原卷.pdf,../papers/2019/物理/全国/新课标全国Ⅱ卷理综/2019_物理_新课标全国Ⅱ卷理综_OCR与考点.md,,pypdf,
2019,物理,青海,老高考,2025,全国卷,common,新课标全国Ⅱ卷,done,../papers/2019/物理/全国/新课标全国Ⅱ卷理综/2019_物理_新课标全国Ⅱ卷理综_原卷.pdf,../papers/2019/物理/全国/新课标全国Ⅱ卷理综/2019_物理_新课标全国Ⅱ卷理综_OCR与考点.md,,pypdf,
2019,物理,宁夏,老高考,2025,全国卷,common,新课标全国Ⅱ卷,done,../papers/2019/物理/全国/新课标全国Ⅱ卷理综/2019_物理_新课标全国Ⅱ卷理综_原卷.pdf,../papers/2019/物理/全国/新课标全国Ⅱ卷理综/2019_物理_新课标全国Ⅱ卷理综_OCR与考点.md,,pypdf,
2019,物理,新疆,老高考,,全国卷,common,新课标全国Ⅱ卷,done,../papers/2019/物理/全国/新课标全国Ⅱ卷理综/2019_物理_新课标全国Ⅱ卷理综_原卷.pdf,../papers/2019/物理/全国/新课标全国Ⅱ卷理综/2019_物理_新课标全国Ⅱ卷理综_OCR与考点.md,,pypdf,
2019,化学,北京,老高考,2020,地方/区域卷,local,北京卷,done,../papers/2019/化学/北京/北京理综/2019_化学_北京理综_原卷.pdf,../papers/2019/化学/北京/北京理综/2019_化学_北京理综_OCR与考点.md,,pypdf,8
2019,化学,天津,老高考,2020,地方/区域卷,local,天津卷,done,../papers/2019/化学/天津/天津理综/2019_化学_天津理综_原卷.pdf,../papers/2019/化学/天津/天津理综/2019_化学_天津理综_OCR与考点.md,,pypdf,7
2019,化学,河北,老高考,2021,全国卷,common,新课标全国Ⅰ卷,done,../papers/2019/化学/全国/新课标全国Ⅰ卷理综/2019_化学_新课标全国Ⅰ卷理综_原卷.pdf,../papers/2019/化学/全国/新课标全国Ⅰ卷理综/2019_化学_新课标全国Ⅰ卷理综_OCR与考点.md,,pypdf,9
2019,化学,山西,老高考,2025,全国卷,common,新课标全国Ⅰ卷,done,../papers/2019/化学/全国/新课标全国Ⅰ卷理综/2019_化学_新课标全国Ⅰ卷理综_原卷.pdf,../papers/2019/化学/全国/新课标全国Ⅰ卷理综/2019_化学_新课标全国Ⅰ卷理综_OCR与考点.md,,pypdf,9
2019,化学,内蒙古,老高考,2025,全国卷,common,新课标全国Ⅱ卷,done,../papers/2019/化学/全国/新课标全国Ⅱ卷理综/2019_化学_新课标全国Ⅱ卷理综_原卷.pdf,../papers/2019/化学/全国/新课标全国Ⅱ卷理综/2019_化学_新课标全国Ⅱ卷理综_OCR与考点.md,,pypdf,9
2019,化学,辽宁,老高考,2021,全国卷,common,新课标全国Ⅱ卷,done,../papers/2019/化学/全国/新课标全国Ⅱ卷理综/2019_化学_新课标全国Ⅱ卷理综_原卷.pdf,../papers/2019/化学/全国/新课标全国Ⅱ卷理综/2019_化学_新课标全国Ⅱ卷理综_OCR与考点.md,,pypdf,9
2019,化学,吉林,老高考,2024,全国卷,common,新课标全国Ⅱ卷,done,../papers/2019/化学/全国/新课标全国Ⅱ卷理综/2019_化学_新课标全国Ⅱ卷理综_原卷.pdf,../papers/2019/化学/全国/新课标全国Ⅱ卷理综/2019_化学_新课标全国Ⅱ卷理综_OCR与考点.md,,pypdf,9
2019,化学,黑龙江,老高考,2024,全国卷,common,新课标全国Ⅱ卷,done,../papers/2019/化学/全国/新课标全国Ⅱ卷理综/2019_化学_新课标全国Ⅱ卷理综_原卷.pdf,../papers/2019/化学/全国/新课标全国Ⅱ卷理综/2019_化学_新课标全国Ⅱ卷理综_OCR与考点.md,,pypdf,9
2019,化学,上海,新高考,2017,地方/区域卷,local,上海卷,done,../papers/2019/化学/上海/上海卷/2019_化学_上海卷_原卷.pdf,../papers/2019/化学/上海/上海卷/2019_化学_上海卷_OCR与考点.md,,pypdf,6
2019,化学,江苏,老高考,2021,地方/区域卷,local,江苏卷,done,../papers/2019/化学/江苏/江苏理综/2019_化学_江苏理综_原卷.pdf,../papers/2019/化学/江苏/江苏理综/2019_化学_江苏理综_OCR与考点.md,,pypdf,11
2019,化学,浙江,新高考,2017,地方/区域卷,local,浙江卷,done,../papers/2019/化学/浙江/浙江卷/2019_化学_浙江卷_原卷.pdf,../papers/2019/化学/浙江/浙江卷/2019_化学_浙江卷_OCR与考点.md,,pypdf,9
2019,化学,安徽,老高考,2024,全国卷,common,新课标全国Ⅰ卷,done,../papers/2019/化学/全国/新课标全国Ⅰ卷理综/2019_化学_新课标全国Ⅰ卷理综_原卷.pdf,../papers/2019/化学/全国/新课标全国Ⅰ卷理综/2019_化学_新课标全国Ⅰ卷理综_OCR与考点.md,,pypdf,9
2019,化学,福建,老高考,2021,全国卷,common,新课标全国Ⅰ卷,done,../papers/2019/化学/全国/新课标全国Ⅰ卷理综/2019_化学_新课标全国Ⅰ卷理综_原卷.pdf,../papers/2019/化学/全国/新课标全国Ⅰ卷理综/2019_化学_新课标全国Ⅰ卷理综_OCR与考点.md,,pypdf,9
2019,化学,江西,老高考,2024,全国卷,common,新课标全国Ⅰ卷,done,../papers/2019/化学/全国/新课标全国Ⅰ卷理综/2019_化学_新课标全国Ⅰ卷理综_原卷.pdf,../papers/2019/化学/全国/新课标全国Ⅰ卷理综/2019_化学_新课标全国Ⅰ卷理综_OCR与考点.md,,pypdf,9
2019,化学,山东,老高考,2020,全国卷,common,新课标全国Ⅰ卷,done,../papers/2019/化学/全国/新课标全国Ⅰ卷理综/2019_化学_新课标全国Ⅰ卷理综_原卷.pdf,../papers/2019/化学/全国/新课标全国Ⅰ卷理综/2019_化学_新课标全国Ⅰ卷理综_OCR与考点.md,,pypdf,9
2019,化学,河南,老高考,2025,全国卷,common,新课标全国Ⅰ卷,done,../papers/2019/化学/全国/新课标全国Ⅰ卷理综/2019_化学_新课标全国Ⅰ卷理综_原卷.pdf,../papers/2019/化学/全国/新课标全国Ⅰ卷理综/2019_化学_新课标全国Ⅰ卷理综_OCR与考点.md,,pypdf,9
2019,化学,湖北,老高考,2021,全国卷,common,新课标全国Ⅰ卷,done,../papers/2019/化学/全国/新课标全国Ⅰ卷理综/2019_化学_新课标全国Ⅰ卷理综_原卷.pdf,../papers/2019/化学/全国/新课标全国Ⅰ卷理综/2019_化学_新课标全国Ⅰ卷理综_OCR与考点.md,,pypdf,9
2019,化学,湖南,老高考,2021,全国卷,common,新课标全国Ⅰ卷,done,../papers/2019/化学/全国/新课标全国Ⅰ卷理综/2019_化学_新课标全国Ⅰ卷理综_原卷.pdf,../papers/2019/化学/全国/新课标全国Ⅰ卷理综/2019_化学_新课标全国Ⅰ卷理综_OCR与考点.md,,pypdf,9
2019,化学,广东,老高考,2021,全国卷,common,新课标全国Ⅰ卷,done,../papers/2019/化学/全国/新课标全国Ⅰ卷理综/2019_化学_新课标全国Ⅰ卷理综_原卷.pdf,../papers/2019/化学/全国/新课标全国Ⅰ卷理综/2019_化学_新课标全国Ⅰ卷理综_OCR与考点.md,,pypdf,9
2019,化学,广西,老高考,2024,全国卷,common,新课标全国Ⅲ卷,done,../papers/2019/化学/全国/新课标全国Ⅲ卷理综/2019_化学_新课标全国Ⅲ卷理综_原卷.pdf,../papers/2019/化学/全国/新课标全国Ⅲ卷理综/2019_化学_新课标全国Ⅲ卷理综_OCR与考点.md,,pypdf,
2019,化学,海南,老高考,2020,地方/区域卷,local,海南卷,done,../papers/2019/化学/海南/海南理综/2019_化学_海南理综_原卷.pdf,../papers/2019/化学/海南/海南理综/2019_化学_海南理综_OCR与考点.md,,pypdf,8
2019,化学,重庆,老高考,2021,全国卷,common,新课标全国Ⅱ卷,done,../papers/2019/化学/全国/新课标全国Ⅱ卷理综/2019_化学_新课标全国Ⅱ卷理综_原卷.pdf,../papers/2019/化学/全国/新课标全国Ⅱ卷理综/2019_化学_新课标全国Ⅱ卷理综_OCR与考点.md,,pypdf,9
2019,化学,四川,老高考,2025,全国卷,common,新课标全国Ⅲ卷,done,../papers/2019/化学/全国/新课标全国Ⅲ卷理综/2019_化学_新课标全国Ⅲ卷理综_原卷.pdf,../papers/2019/化学/全国/新课标全国Ⅲ卷理综/2019_化学_新课标全国Ⅲ卷理综_OCR与考点.md,,pypdf,
2019,化学,贵州,老高考,2024,全国卷,common,新课标全国Ⅲ卷,done,../papers/2019/化学/全国/新课标全国Ⅲ卷理综/2019_化学_新课标全国Ⅲ卷理综_原卷.pdf,../papers/2019/化学/全国/新课标全国Ⅲ卷理综/2019_化学_新课标全国Ⅲ卷理综_OCR与考点.md,,pypdf,
2019,化学,云南,老高考,2025,全国卷,common,新课标全国Ⅲ卷,done,../papers/2019/化学/全国/新课标全国Ⅲ卷理综/2019_化学_新课标全国Ⅲ卷理综_原卷.pdf,../papers/2019/化学/全国/新课标全国Ⅲ卷理综/2019_化学_新课标全国Ⅲ卷理综_OCR与考点.md,,pypdf,
2019,化学,西藏,老高考,,全国卷,common,新课标全国Ⅲ卷,done,../papers/2019/化学/全国/新课标全国Ⅲ卷理综/2019_化学_新课标全国Ⅲ卷理综_原卷.pdf,../papers/2019/化学/全国/新课标全国Ⅲ卷理综/2019_化学_新课标全国Ⅲ卷理综_OCR与考点.md,,pypdf,
2019,化学,陕西,老高考,2025,全国卷,common,新课标全国Ⅱ卷,done,../papers/2019/化学/全国/新课标全国Ⅱ卷理综/2019_化学_新课标全国Ⅱ卷理综_原卷.pdf,../papers/2019/化学/全国/新课标全国Ⅱ卷理综/2019_化学_新课标全国Ⅱ卷理综_OCR与考点.md,,pypdf,9
2019,化学,甘肃,老高考,2024,全国卷,common,新课标全国Ⅱ卷,done,../papers/2019/化学/全国/新课标全国Ⅱ卷理综/2019_化学_新课标全国Ⅱ卷理综_原卷.pdf,../papers/2019/化学/全国/新课标全国Ⅱ卷理综/2019_化学_新课标全国Ⅱ卷理综_OCR与考点.md,,pypdf,9
2019,化学,青海,老高考,2025,全国卷,common,新课标全国Ⅱ卷,done,../papers/2019/化学/全国/新课标全国Ⅱ卷理综/2019_化学_新课标全国Ⅱ卷理综_原卷.pdf,../papers/2019/化学/全国/新课标全国Ⅱ卷理综/2019_化学_新课标全国Ⅱ卷理综_OCR与考点.md,,pypdf,9
2019,化学,宁夏,老高考,2025,全国卷,common,新课标全国Ⅱ卷,done,../papers/2019/化学/全国/新课标全国Ⅱ卷理综/2019_化学_新课标全国Ⅱ卷理综_原卷.pdf,../papers/2019/化学/全国/新课标全国Ⅱ卷理综/2019_化学_新课标全国Ⅱ卷理综_OCR与考点.md,,pypdf,9
2019,化学,新疆,老高考,,全国卷,common,新课标全国Ⅱ卷,done,../papers/2019/化学/全国/新课标全国Ⅱ卷理综/2019_化学_新课标全国Ⅱ卷理综_原卷.pdf,../papers/2019/化学/全国/新课标全国Ⅱ卷理综/2019_化学_新课标全国Ⅱ卷理综_OCR与考点.md,,pypdf,9
2019,生物,北京,老高考,2020,地方/区域卷,local,北京卷,done,../papers/2019/生物/北京/北京理综/2019_生物_北京理综_原卷.pdf,../papers/2019/生物/北京/北京理综/2019_生物_北京理综_OCR与考点.md,,pypdf,5
2019,生物,天津,老高考,2020,地方/区域卷,local,天津卷,done,../papers/2019/生物/天津/天津理综/2019_生物_天津理综_原卷.pdf,../papers/2019/生物/天津/天津理综/2019_生物_天津理综_OCR与考点.md,,pypdf,5
2019,生物,河北,老高考,2021,全国卷,common,新课标全国Ⅰ卷,done,../papers/2019/生物/全国/新课标全国Ⅰ卷理综/2019_生物_新课标全国Ⅰ卷理综_原卷.pdf,../papers/2019/生物/全国/新课标全国Ⅰ卷理综/2019_生物_新课标全国Ⅰ卷理综_OCR与考点.md,,pypdf,6
2019,生物,山西,老高考,2025,全国卷,common,新课标全国Ⅰ卷,done,../papers/2019/生物/全国/新课标全国Ⅰ卷理综/2019_生物_新课标全国Ⅰ卷理综_原卷.pdf,../papers/2019/生物/全国/新课标全国Ⅰ卷理综/2019_生物_新课标全国Ⅰ卷理综_OCR与考点.md,,pypdf,6
2019,生物,内蒙古,老高考,2025,全国卷,common,新课标全国Ⅱ卷,done,../papers/2019/生物/全国/新课标全国Ⅱ卷理综/2019_生物_新课标全国Ⅱ卷理综_原卷.pdf,../papers/2019/生物/全国/新课标全国Ⅱ卷理综/2019_生物_新课标全国Ⅱ卷理综_OCR与考点.md,,pypdf,6
2019,生物,辽宁,老高考,2021,全国卷,common,新课标全国Ⅱ卷,done,../papers/2019/生物/全国/新课标全国Ⅱ卷理综/2019_生物_新课标全国Ⅱ卷理综_原卷.pdf,../papers/2019/生物/全国/新课标全国Ⅱ卷理综/2019_生物_新课标全国Ⅱ卷理综_OCR与考点.md,,pypdf,6
2019,生物,吉林,老高考,2024,全国卷,common,新课标全国Ⅱ卷,done,../papers/2019/生物/全国/新课标全国Ⅱ卷理综/2019_生物_新课标全国Ⅱ卷理综_原卷.pdf,../papers/2019/生物/全国/新课标全国Ⅱ卷理综/2019_生物_新课标全国Ⅱ卷理综_OCR与考点.md,,pypdf,6
2019,生物,黑龙江,老高考,2024,全国卷,common,新课标全国Ⅱ卷,done,../papers/2019/生物/全国/新课标全国Ⅱ卷理综/2019_生物_新课标全国Ⅱ卷理综_原卷.pdf,../papers/2019/生物/全国/新课标全国Ⅱ卷理综/2019_生物_新课标全国Ⅱ卷理综_OCR与考点.md,,pypdf,6
2019,生物,上海,新高考,2017,地方/区域卷,local,上海卷,done,../papers/2019/生物/上海/上海卷/2019_生物_上海卷_原卷.pdf,../papers/2019/生物/上海/上海卷/2019_生物_上海卷_OCR与考点.md,,pypdf,9
2019,生物,江苏,老高考,2021,地方/区域卷,local,江苏卷,done,../papers/2019/生物/江苏/江苏理综/2019_生物_江苏理综_原卷.pdf,../papers/2019/生物/江苏/江苏理综/2019_生物_江苏理综_OCR与考点.md,,pypdf,15
2019,生物,浙江,新高考,2017,地方/区域卷,local,浙江卷,done,../papers/2019/生物/浙江/浙江卷/2019_生物_浙江卷_原卷.pdf,../papers/2019/生物/浙江/浙江卷/2019_生物_浙江卷_OCR与考点.md,,pypdf,10
2019,生物,安徽,老高考,2024,全国卷,common,新课标全国Ⅰ卷,done,../papers/2019/生物/全国/新课标全国Ⅰ卷理综/2019_生物_新课标全国Ⅰ卷理综_原卷.pdf,../papers/2019/生物/全国/新课标全国Ⅰ卷理综/2019_生物_新课标全国Ⅰ卷理综_OCR与考点.md,,pypdf,6
2019,生物,福建,老高考,2021,全国卷,common,新课标全国Ⅰ卷,done,../papers/2019/生物/全国/新课标全国Ⅰ卷理综/2019_生物_新课标全国Ⅰ卷理综_原卷.pdf,../papers/2019/生物/全国/新课标全国Ⅰ卷理综/2019_生物_新课标全国Ⅰ卷理综_OCR与考点.md,,pypdf,6
2019,生物,江西,老高考,2024,全国卷,common,新课标全国Ⅰ卷,done,../papers/2019/生物/全国/新课标全国Ⅰ卷理综/2019_生物_新课标全国Ⅰ卷理综_原卷.pdf,../papers/2019/生物/全国/新课标全国Ⅰ卷理综/2019_生物_新课标全国Ⅰ卷理综_OCR与考点.md,,pypdf,6
2019,生物,山东,老高考,2020,全国卷,common,新课标全国Ⅰ卷,done,../papers/2019/生物/全国/新课标全国Ⅰ卷理综/2019_生物_新课标全国Ⅰ卷理综_原卷.pdf,../papers/2019/生物/全国/新课标全国Ⅰ卷理综/2019_生物_新课标全国Ⅰ卷理综_OCR与考点.md,,pypdf,6
2019,生物,河南,老高考,2025,全国卷,common,新课标全国Ⅰ卷,done,../papers/2019/生物/全国/新课标全国Ⅰ卷理综/2019_生物_新课标全国Ⅰ卷理综_原卷.pdf,../papers/2019/生物/全国/新课标全国Ⅰ卷理综/2019_生物_新课标全国Ⅰ卷理综_OCR与考点.md,,pypdf,6
2019,生物,湖北,老高考,2021,全国卷,common,新课标全国Ⅰ卷,done,../papers/2019/生物/全国/新课标全国Ⅰ卷理综/2019_生物_新课标全国Ⅰ卷理综_原卷.pdf,../papers/2019/生物/全国/新课标全国Ⅰ卷理综/2019_生物_新课标全国Ⅰ卷理综_OCR与考点.md,,pypdf,6
2019,生物,湖南,老高考,2021,全国卷,common,新课标全国Ⅰ卷,done,../papers/2019/生物/全国/新课标全国Ⅰ卷理综/2019_生物_新课标全国Ⅰ卷理综_原卷.pdf,../papers/2019/生物/全国/新课标全国Ⅰ卷理综/2019_生物_新课标全国Ⅰ卷理综_OCR与考点.md,,pypdf,6
2019,生物,广东,老高考,2021,全国卷,common,新课标全国Ⅰ卷,done,../papers/2019/生物/全国/新课标全国Ⅰ卷理综/2019_生物_新课标全国Ⅰ卷理综_原卷.pdf,../papers/2019/生物/全国/新课标全国Ⅰ卷理综/2019_生物_新课标全国Ⅰ卷理综_OCR与考点.md,,pypdf,6
2019,生物,广西,老高考,2024,全国卷,common,新课标全国Ⅲ卷,done,../papers/2019/生物/全国/新课标全国Ⅲ卷理综/2019_生物_新课标全国Ⅲ卷理综_原卷.pdf,../papers/2019/生物/全国/新课标全国Ⅲ卷理综/2019_生物_新课标全国Ⅲ卷理综_OCR与考点.md,,pypdf,
2019,生物,海南,老高考,2020,地方/区域卷,local,海南卷,done,../papers/2019/生物/海南/海南理综/2019_生物_海南理综_原卷.pdf,../papers/2019/生物/海南/海南理综/2019_生物_海南理综_OCR与考点.md,,pypdf,8
2019,生物,重庆,老高考,2021,全国卷,common,新课标全国Ⅱ卷,done,../papers/2019/生物/全国/新课标全国Ⅱ卷理综/2019_生物_新课标全国Ⅱ卷理综_原卷.pdf,../papers/2019/生物/全国/新课标全国Ⅱ卷理综/2019_生物_新课标全国Ⅱ卷理综_OCR与考点.md,,pypdf,6
2019,生物,四川,老高考,2025,全国卷,common,新课标全国Ⅲ卷,done,../papers/2019/生物/全国/新课标全国Ⅲ卷理综/2019_生物_新课标全国Ⅲ卷理综_原卷.pdf,../papers/2019/生物/全国/新课标全国Ⅲ卷理综/2019_生物_新课标全国Ⅲ卷理综_OCR与考点.md,,pypdf,
2019,生物,贵州,老高考,2024,全国卷,common,新课标全国Ⅲ卷,done,../papers/2019/生物/全国/新课标全国Ⅲ卷理综/2019_生物_新课标全国Ⅲ卷理综_原卷.pdf,../papers/2019/生物/全国/新课标全国Ⅲ卷理综/2019_生物_新课标全国Ⅲ卷理综_OCR与考点.md,,pypdf,
2019,生物,云南,老高考,2025,全国卷,common,新课标全国Ⅲ卷,done,../papers/2019/生物/全国/新课标全国Ⅲ卷理综/2019_生物_新课标全国Ⅲ卷理综_原卷.pdf,../papers/2019/生物/全国/新课标全国Ⅲ卷理综/2019_生物_新课标全国Ⅲ卷理综_OCR与考点.md,,pypdf,
2019,生物,西藏,老高考,,全国卷,common,新课标全国Ⅲ卷,done,../papers/2019/生物/全国/新课标全国Ⅲ卷理综/2019_生物_新课标全国Ⅲ卷理综_原卷.pdf,../papers/2019/生物/全国/新课标全国Ⅲ卷理综/2019_生物_新课标全国Ⅲ卷理综_OCR与考点.md,,pypdf,
2019,生物,陕西,老高考,2025,全国卷,common,新课标全国Ⅱ卷,done,../papers/2019/生物/全国/新课标全国Ⅱ卷理综/2019_生物_新课标全国Ⅱ卷理综_原卷.pdf,../papers/2019/生物/全国/新课标全国Ⅱ卷理综/2019_生物_新课标全国Ⅱ卷理综_OCR与考点.md,,pypdf,6
2019,生物,甘肃,老高考,2024,全国卷,common,新课标全国Ⅱ卷,done,../papers/2019/生物/全国/新课标全国Ⅱ卷理综/2019_生物_新课标全国Ⅱ卷理综_原卷.pdf,../papers/2019/生物/全国/新课标全国Ⅱ卷理综/2019_生物_新课标全国Ⅱ卷理综_OCR与考点.md,,pypdf,6
2019,生物,青海,老高考,2025,全国卷,common,新课标全国Ⅱ卷,done,../papers/2019/生物/全国/新课标全国Ⅱ卷理综/2019_生物_新课标全国Ⅱ卷理综_原卷.pdf,../papers/2019/生物/全国/新课标全国Ⅱ卷理综/2019_生物_新课标全国Ⅱ卷理综_OCR与考点.md,,pypdf,6
2019,生物,宁夏,老高考,2025,全国卷,common,新课标全国Ⅱ卷,done,../papers/2019/生物/全国/新课标全国Ⅱ卷理综/2019_生物_新课标全国Ⅱ卷理综_原卷.pdf,../papers/2019/生物/全国/新课标全国Ⅱ卷理综/2019_生物_新课标全国Ⅱ卷理综_OCR与考点.md,,pypdf,6
2019,生物,新疆,老高考,,全国卷,common,新课标全国Ⅱ卷,done,../papers/2019/生物/全国/新课标全国Ⅱ卷理综/2019_生物_新课标全国Ⅱ卷理综_原卷.pdf,../papers/2019/生物/全国/新课标全国Ⅱ卷理综/2019_生物_新课标全国Ⅱ卷理综_OCR与考点.md,,pypdf,6
2019,政治,北京,老高考,2020,地方/区域卷,local,北京卷,done,../papers/2019/政治/北京/北京文综/2019_政治_北京文综_原卷.pdf,../papers/2019/政治/北京/北京文综/2019_政治_北京文综_OCR与考点.md,,pypdf,9
2019,政治,天津,老高考,2020,地方/区域卷,local,天津卷,done,../papers/2019/政治/天津/天津文综/2019_政治_天津文综_原卷.pdf,../papers/2019/政治/天津/天津文综/2019_政治_天津文综_OCR与考点.md,,pypdf,5
2019,政治,河北,老高考,2021,全国卷,common,新课标全国Ⅰ卷,done,../papers/2019/政治/全国/新课标全国Ⅰ卷文综/2019_政治_新课标全国Ⅰ卷文综_原卷.pdf,../papers/2019/政治/全国/新课标全国Ⅰ卷文综/2019_政治_新课标全国Ⅰ卷文综_OCR与考点.md,,pypdf,7
2019,政治,山西,老高考,2025,全国卷,common,新课标全国Ⅰ卷,done,../papers/2019/政治/全国/新课标全国Ⅰ卷文综/2019_政治_新课标全国Ⅰ卷文综_原卷.pdf,../papers/2019/政治/全国/新课标全国Ⅰ卷文综/2019_政治_新课标全国Ⅰ卷文综_OCR与考点.md,,pypdf,7
2019,政治,内蒙古,老高考,2025,全国卷,common,新课标全国Ⅱ卷,done,../papers/2019/政治/全国/新课标全国Ⅱ卷文综/2019_政治_新课标全国Ⅱ卷文综_原卷.pdf,../papers/2019/政治/全国/新课标全国Ⅱ卷文综/2019_政治_新课标全国Ⅱ卷文综_OCR与考点.md,,pypdf,7
2019,政治,辽宁,老高考,2021,全国卷,common,新课标全国Ⅱ卷,done,../papers/2019/政治/全国/新课标全国Ⅱ卷文综/2019_政治_新课标全国Ⅱ卷文综_原卷.pdf,../papers/2019/政治/全国/新课标全国Ⅱ卷文综/2019_政治_新课标全国Ⅱ卷文综_OCR与考点.md,,pypdf,7
2019,政治,吉林,老高考,2024,全国卷,common,新课标全国Ⅱ卷,done,../papers/2019/政治/全国/新课标全国Ⅱ卷文综/2019_政治_新课标全国Ⅱ卷文综_原卷.pdf,../papers/2019/政治/全国/新课标全国Ⅱ卷文综/2019_政治_新课标全国Ⅱ卷文综_OCR与考点.md,,pypdf,7
2019,政治,黑龙江,老高考,2024,全国卷,common,新课标全国Ⅱ卷,done,../papers/2019/政治/全国/新课标全国Ⅱ卷文综/2019_政治_新课标全国Ⅱ卷文综_原卷.pdf,../papers/2019/政治/全国/新课标全国Ⅱ卷文综/2019_政治_新课标全国Ⅱ卷文综_OCR与考点.md,,pypdf,7
2019,政治,上海,新高考,2017,,missing,,missing,,,,,
2019,政治,江苏,老高考,2021,地方/区域卷,local,江苏卷,done,../papers/2019/政治/江苏/江苏文综/2019_政治_江苏文综_原卷.pdf,../papers/2019/政治/江苏/江苏文综/2019_政治_江苏文综_OCR与考点.md,,pypdf,13
2019,政治,浙江,新高考,2017,地方/区域卷,local,浙江卷,done,../papers/2019/政治/浙江/浙江卷/2019_政治_浙江卷_原卷.pdf,../papers/2019/政治/浙江/浙江卷/2019_政治_浙江卷_OCR与考点.md,,pypdf,5
2019,政治,安徽,老高考,2024,全国卷,common,新课标全国Ⅰ卷,done,../papers/2019/政治/全国/新课标全国Ⅰ卷文综/2019_政治_新课标全国Ⅰ卷文综_原卷.pdf,../papers/2019/政治/全国/新课标全国Ⅰ卷文综/2019_政治_新课标全国Ⅰ卷文综_OCR与考点.md,,pypdf,7
2019,政治,福建,老高考,2021,全国卷,common,新课标全国Ⅰ卷,done,../papers/2019/政治/全国/新课标全国Ⅰ卷文综/2019_政治_新课标全国Ⅰ卷文综_原卷.pdf,../papers/2019/政治/全国/新课标全国Ⅰ卷文综/2019_政治_新课标全国Ⅰ卷文综_OCR与考点.md,,pypdf,7
2019,政治,江西,老高考,2024,全国卷,common,新课标全国Ⅰ卷,done,../papers/2019/政治/全国/新课标全国Ⅰ卷文综/2019_政治_新课标全国Ⅰ卷文综_原卷.pdf,../papers/2019/政治/全国/新课标全国Ⅰ卷文综/2019_政治_新课标全国Ⅰ卷文综_OCR与考点.md,,pypdf,7
2019,政治,山东,老高考,2020,全国卷,common,新课标全国Ⅰ卷,done,../papers/2019/政治/全国/新课标全国Ⅰ卷文综/2019_政治_新课标全国Ⅰ卷文综_原卷.pdf,../papers/2019/政治/全国/新课标全国Ⅰ卷文综/2019_政治_新课标全国Ⅰ卷文综_OCR与考点.md,,pypdf,7
2019,政治,河南,老高考,2025,全国卷,common,新课标全国Ⅰ卷,done,../papers/2019/政治/全国/新课标全国Ⅰ卷文综/2019_政治_新课标全国Ⅰ卷文综_原卷.pdf,../papers/2019/政治/全国/新课标全国Ⅰ卷文综/2019_政治_新课标全国Ⅰ卷文综_OCR与考点.md,,pypdf,7
2019,政治,湖北,老高考,2021,全国卷,common,新课标全国Ⅰ卷,done,../papers/2019/政治/全国/新课标全国Ⅰ卷文综/2019_政治_新课标全国Ⅰ卷文综_原卷.pdf,../papers/2019/政治/全国/新课标全国Ⅰ卷文综/2019_政治_新课标全国Ⅰ卷文综_OCR与考点.md,,pypdf,7
2019,政治,湖南,老高考,2021,全国卷,common,新课标全国Ⅰ卷,done,../papers/2019/政治/全国/新课标全国Ⅰ卷文综/2019_政治_新课标全国Ⅰ卷文综_原卷.pdf,../papers/2019/政治/全国/新课标全国Ⅰ卷文综/2019_政治_新课标全国Ⅰ卷文综_OCR与考点.md,,pypdf,7
2019,政治,广东,老高考,2021,全国卷,common,新课标全国Ⅰ卷,done,../papers/2019/政治/全国/新课标全国Ⅰ卷文综/2019_政治_新课标全国Ⅰ卷文综_原卷.pdf,../papers/2019/政治/全国/新课标全国Ⅰ卷文综/2019_政治_新课标全国Ⅰ卷文综_OCR与考点.md,,pypdf,7
2019,政治,广西,老高考,2024,全国卷,common,新课标全国Ⅲ卷,done,../papers/2019/政治/全国/新课标全国Ⅲ卷文综/2019_政治_新课标全国Ⅲ卷文综_原卷.pdf,../papers/2019/政治/全国/新课标全国Ⅲ卷文综/2019_政治_新课标全国Ⅲ卷文综_OCR与考点.md,,pypdf,7
2019,政治,海南,老高考,2020,地方/区域卷,local,海南卷,done,../papers/2019/政治/海南/海南文综/2019_政治_海南文综_原卷.pdf,../papers/2019/政治/海南/海南文综/2019_政治_海南文综_OCR与考点.md,,pypdf,8
2019,政治,重庆,老高考,2021,全国卷,common,新课标全国Ⅱ卷,done,../papers/2019/政治/全国/新课标全国Ⅱ卷文综/2019_政治_新课标全国Ⅱ卷文综_原卷.pdf,../papers/2019/政治/全国/新课标全国Ⅱ卷文综/2019_政治_新课标全国Ⅱ卷文综_OCR与考点.md,,pypdf,7
2019,政治,四川,老高考,2025,全国卷,common,新课标全国Ⅲ卷,done,../papers/2019/政治/全国/新课标全国Ⅲ卷文综/2019_政治_新课标全国Ⅲ卷文综_原卷.pdf,../papers/2019/政治/全国/新课标全国Ⅲ卷文综/2019_政治_新课标全国Ⅲ卷文综_OCR与考点.md,,pypdf,7
2019,政治,贵州,老高考,2024,全国卷,common,新课标全国Ⅲ卷,done,../papers/2019/政治/全国/新课标全国Ⅲ卷文综/2019_政治_新课标全国Ⅲ卷文综_原卷.pdf,../papers/2019/政治/全国/新课标全国Ⅲ卷文综/2019_政治_新课标全国Ⅲ卷文综_OCR与考点.md,,pypdf,7
2019,政治,云南,老高考,2025,全国卷,common,新课标全国Ⅲ卷,done,../papers/2019/政治/全国/新课标全国Ⅲ卷文综/2019_政治_新课标全国Ⅲ卷文综_原卷.pdf,../papers/2019/政治/全国/新课标全国Ⅲ卷文综/2019_政治_新课标全国Ⅲ卷文综_OCR与考点.md,,pypdf,7
2019,政治,西藏,老高考,,全国卷,common,新课标全国Ⅲ卷,done,../papers/2019/政治/全国/新课标全国Ⅲ卷文综/2019_政治_新课标全国Ⅲ卷文综_原卷.pdf,../papers/2019/政治/全国/新课标全国Ⅲ卷文综/2019_政治_新课标全国Ⅲ卷文综_OCR与考点.md,,pypdf,7
2019,政治,陕西,老高考,2025,全国卷,common,新课标全国Ⅱ卷,done,../papers/2019/政治/全国/新课标全国Ⅱ卷文综/2019_政治_新课标全国Ⅱ卷文综_原卷.pdf,../papers/2019/政治/全国/新课标全国Ⅱ卷文综/2019_政治_新课标全国Ⅱ卷文综_OCR与考点.md,,pypdf,7
2019,政治,甘肃,老高考,2024,全国卷,common,新课标全国Ⅱ卷,done,../papers/2019/政治/全国/新课标全国Ⅱ卷文综/2019_政治_新课标全国Ⅱ卷文综_原卷.pdf,../papers/2019/政治/全国/新课标全国Ⅱ卷文综/2019_政治_新课标全国Ⅱ卷文综_OCR与考点.md,,pypdf,7
2019,政治,青海,老高考,2025,全国卷,common,新课标全国Ⅱ卷,done,../papers/2019/政治/全国/新课标全国Ⅱ卷文综/2019_政治_新课标全国Ⅱ卷文综_原卷.pdf,../papers/2019/政治/全国/新课标全国Ⅱ卷文综/2019_政治_新课标全国Ⅱ卷文综_OCR与考点.md,,pypdf,7
2019,政治,宁夏,老高考,2025,全国卷,common,新课标全国Ⅱ卷,done,../papers/2019/政治/全国/新课标全国Ⅱ卷文综/2019_政治_新课标全国Ⅱ卷文综_原卷.pdf,../papers/2019/政治/全国/新课标全国Ⅱ卷文综/2019_政治_新课标全国Ⅱ卷文综_OCR与考点.md,,pypdf,7
2019,政治,新疆,老高考,,全国卷,common,新课标全国Ⅱ卷,done,../papers/2019/政治/全国/新课标全国Ⅱ卷文综/2019_政治_新课标全国Ⅱ卷文综_原卷.pdf,../papers/2019/政治/全国/新课标全国Ⅱ卷文综/2019_政治_新课标全国Ⅱ卷文综_OCR与考点.md,,pypdf,7
2019,历史,北京,老高考,2020,地方/区域卷,local,北京卷,done,../papers/2019/历史/北京/北京文综/2019_历史_北京文综_原卷.pdf,../papers/2019/历史/北京/北京文综/2019_历史_北京文综_OCR与考点.md,,pypdf,6
2019,历史,天津,老高考,2020,地方/区域卷,local,天津卷,done,../papers/2019/历史/天津/天津文综/2019_历史_天津文综_原卷.pdf,../papers/2019/历史/天津/天津文综/2019_历史_天津文综_OCR与考点.md,,pypdf,6
2019,历史,河北,老高考,2021,全国卷,common,新课标全国Ⅰ卷,done,../papers/2019/历史/全国/新课标全国Ⅰ卷文综/2019_历史_新课标全国Ⅰ卷文综_原卷.pdf,../papers/2019/历史/全国/新课标全国Ⅰ卷文综/2019_历史_新课标全国Ⅰ卷文综_OCR与考点.md,,pypdf,7
2019,历史,山西,老高考,2025,全国卷,common,新课标全国Ⅰ卷,done,../papers/2019/历史/全国/新课标全国Ⅰ卷文综/2019_历史_新课标全国Ⅰ卷文综_原卷.pdf,../papers/2019/历史/全国/新课标全国Ⅰ卷文综/2019_历史_新课标全国Ⅰ卷文综_OCR与考点.md,,pypdf,7
2019,历史,内蒙古,老高考,2025,全国卷,common,新课标全国Ⅱ卷,done,../papers/2019/历史/全国/新课标全国Ⅱ卷文综/2019_历史_新课标全国Ⅱ卷文综_原卷.pdf,../papers/2019/历史/全国/新课标全国Ⅱ卷文综/2019_历史_新课标全国Ⅱ卷文综_OCR与考点.md,,pypdf,8
2019,历史,辽宁,老高考,2021,全国卷,common,新课标全国Ⅱ卷,done,../papers/2019/历史/全国/新课标全国Ⅱ卷文综/2019_历史_新课标全国Ⅱ卷文综_原卷.pdf,../papers/2019/历史/全国/新课标全国Ⅱ卷文综/2019_历史_新课标全国Ⅱ卷文综_OCR与考点.md,,pypdf,8
2019,历史,吉林,老高考,2024,全国卷,common,新课标全国Ⅱ卷,done,../papers/2019/历史/全国/新课标全国Ⅱ卷文综/2019_历史_新课标全国Ⅱ卷文综_原卷.pdf,../papers/2019/历史/全国/新课标全国Ⅱ卷文综/2019_历史_新课标全国Ⅱ卷文综_OCR与考点.md,,pypdf,8
2019,历史,黑龙江,老高考,2024,全国卷,common,新课标全国Ⅱ卷,done,../papers/2019/历史/全国/新课标全国Ⅱ卷文综/2019_历史_新课标全国Ⅱ卷文综_原卷.pdf,../papers/2019/历史/全国/新课标全国Ⅱ卷文综/2019_历史_新课标全国Ⅱ卷文综_OCR与考点.md,,pypdf,8
2019,历史,上海,新高考,2017,地方/区域卷,local,上海卷,done,../papers/2019/历史/上海/上海卷/2019_历史_上海卷_原卷.pdf,../papers/2019/历史/上海/上海卷/2019_历史_上海卷_OCR与考点.md,,pypdf,6
2019,历史,江苏,老高考,2021,地方/区域卷,local,江苏卷,done,../papers/2019/历史/江苏/江苏文综/2019_历史_江苏文综_原卷.pdf,../papers/2019/历史/江苏/江苏文综/2019_历史_江苏文综_OCR与考点.md,,pypdf,11
2019,历史,浙江,新高考,2017,地方/区域卷,local,浙江卷,done,../papers/2019/历史/浙江/浙江卷/2019_历史_浙江卷_原卷.pdf,../papers/2019/历史/浙江/浙江卷/2019_历史_浙江卷_OCR与考点.md,,pypdf,10
2019,历史,安徽,老高考,2024,全国卷,common,新课标全国Ⅰ卷,done,../papers/2019/历史/全国/新课标全国Ⅰ卷文综/2019_历史_新课标全国Ⅰ卷文综_原卷.pdf,../papers/2019/历史/全国/新课标全国Ⅰ卷文综/2019_历史_新课标全国Ⅰ卷文综_OCR与考点.md,,pypdf,7
2019,历史,福建,老高考,2021,全国卷,common,新课标全国Ⅰ卷,done,../papers/2019/历史/全国/新课标全国Ⅰ卷文综/2019_历史_新课标全国Ⅰ卷文综_原卷.pdf,../papers/2019/历史/全国/新课标全国Ⅰ卷文综/2019_历史_新课标全国Ⅰ卷文综_OCR与考点.md,,pypdf,7
2019,历史,江西,老高考,2024,全国卷,common,新课标全国Ⅰ卷,done,../papers/2019/历史/全国/新课标全国Ⅰ卷文综/2019_历史_新课标全国Ⅰ卷文综_原卷.pdf,../papers/2019/历史/全国/新课标全国Ⅰ卷文综/2019_历史_新课标全国Ⅰ卷文综_OCR与考点.md,,pypdf,7
2019,历史,山东,老高考,2020,全国卷,common,新课标全国Ⅰ卷,done,../papers/2019/历史/全国/新课标全国Ⅰ卷文综/2019_历史_新课标全国Ⅰ卷文综_原卷.pdf,../papers/2019/历史/全国/新课标全国Ⅰ卷文综/2019_历史_新课标全国Ⅰ卷文综_OCR与考点.md,,pypdf,7
2019,历史,河南,老高考,2025,全国卷,common,新课标全国Ⅰ卷,done,../papers/2019/历史/全国/新课标全国Ⅰ卷文综/2019_历史_新课标全国Ⅰ卷文综_原卷.pdf,../papers/2019/历史/全国/新课标全国Ⅰ卷文综/2019_历史_新课标全国Ⅰ卷文综_OCR与考点.md,,pypdf,7
2019,历史,湖北,老高考,2021,全国卷,common,新课标全国Ⅰ卷,done,../papers/2019/历史/全国/新课标全国Ⅰ卷文综/2019_历史_新课标全国Ⅰ卷文综_原卷.pdf,../papers/2019/历史/全国/新课标全国Ⅰ卷文综/2019_历史_新课标全国Ⅰ卷文综_OCR与考点.md,,pypdf,7
2019,历史,湖南,老高考,2021,全国卷,common,新课标全国Ⅰ卷,done,../papers/2019/历史/全国/新课标全国Ⅰ卷文综/2019_历史_新课标全国Ⅰ卷文综_原卷.pdf,../papers/2019/历史/全国/新课标全国Ⅰ卷文综/2019_历史_新课标全国Ⅰ卷文综_OCR与考点.md,,pypdf,7
2019,历史,广东,老高考,2021,全国卷,common,新课标全国Ⅰ卷,done,../papers/2019/历史/全国/新课标全国Ⅰ卷文综/2019_历史_新课标全国Ⅰ卷文综_原卷.pdf,../papers/2019/历史/全国/新课标全国Ⅰ卷文综/2019_历史_新课标全国Ⅰ卷文综_OCR与考点.md,,pypdf,7
2019,历史,广西,老高考,2024,全国卷,common,新课标全国Ⅲ卷,done,../papers/2019/历史/全国/新课标全国Ⅲ卷文综/2019_历史_新课标全国Ⅲ卷文综_原卷.pdf,../papers/2019/历史/全国/新课标全国Ⅲ卷文综/2019_历史_新课标全国Ⅲ卷文综_OCR与考点.md,,pypdf,8
2019,历史,海南,老高考,2020,地方/区域卷,local,海南卷,done,../papers/2019/历史/海南/海南文综/2019_历史_海南文综_原卷.pdf,../papers/2019/历史/海南/海南文综/2019_历史_海南文综_OCR与考点.md,,pypdf,7
2019,历史,重庆,老高考,2021,全国卷,common,新课标全国Ⅱ卷,done,../papers/2019/历史/全国/新课标全国Ⅱ卷文综/2019_历史_新课标全国Ⅱ卷文综_原卷.pdf,../papers/2019/历史/全国/新课标全国Ⅱ卷文综/2019_历史_新课标全国Ⅱ卷文综_OCR与考点.md,,pypdf,8
2019,历史,四川,老高考,2025,全国卷,common,新课标全国Ⅲ卷,done,../papers/2019/历史/全国/新课标全国Ⅲ卷文综/2019_历史_新课标全国Ⅲ卷文综_原卷.pdf,../papers/2019/历史/全国/新课标全国Ⅲ卷文综/2019_历史_新课标全国Ⅲ卷文综_OCR与考点.md,,pypdf,8
2019,历史,贵州,老高考,2024,全国卷,common,新课标全国Ⅲ卷,done,../papers/2019/历史/全国/新课标全国Ⅲ卷文综/2019_历史_新课标全国Ⅲ卷文综_原卷.pdf,../papers/2019/历史/全国/新课标全国Ⅲ卷文综/2019_历史_新课标全国Ⅲ卷文综_OCR与考点.md,,pypdf,8
2019,历史,云南,老高考,2025,全国卷,common,新课标全国Ⅲ卷,done,../papers/2019/历史/全国/新课标全国Ⅲ卷文综/2019_历史_新课标全国Ⅲ卷文综_原卷.pdf,../papers/2019/历史/全国/新课标全国Ⅲ卷文综/2019_历史_新课标全国Ⅲ卷文综_OCR与考点.md,,pypdf,8
2019,历史,西藏,老高考,,全国卷,common,新课标全国Ⅲ卷,done,../papers/2019/历史/全国/新课标全国Ⅲ卷文综/2019_历史_新课标全国Ⅲ卷文综_原卷.pdf,../papers/2019/历史/全国/新课标全国Ⅲ卷文综/2019_历史_新课标全国Ⅲ卷文综_OCR与考点.md,,pypdf,8
2019,历史,陕西,老高考,2025,全国卷,common,新课标全国Ⅱ卷,done,../papers/2019/历史/全国/新课标全国Ⅱ卷文综/2019_历史_新课标全国Ⅱ卷文综_原卷.pdf,../papers/2019/历史/全国/新课标全国Ⅱ卷文综/2019_历史_新课标全国Ⅱ卷文综_OCR与考点.md,,pypdf,8
2019,历史,甘肃,老高考,2024,全国卷,common,新课标全国Ⅱ卷,done,../papers/2019/历史/全国/新课标全国Ⅱ卷文综/2019_历史_新课标全国Ⅱ卷文综_原卷.pdf,../papers/2019/历史/全国/新课标全国Ⅱ卷文综/2019_历史_新课标全国Ⅱ卷文综_OCR与考点.md,,pypdf,8
2019,历史,青海,老高考,2025,全国卷,common,新课标全国Ⅱ卷,done,../papers/2019/历史/全国/新课标全国Ⅱ卷文综/2019_历史_新课标全国Ⅱ卷文综_原卷.pdf,../papers/2019/历史/全国/新课标全国Ⅱ卷文综/2019_历史_新课标全国Ⅱ卷文综_OCR与考点.md,,pypdf,8
2019,历史,宁夏,老高考,2025,全国卷,common,新课标全国Ⅱ卷,done,../papers/2019/历史/全国/新课标全国Ⅱ卷文综/2019_历史_新课标全国Ⅱ卷文综_原卷.pdf,../papers/2019/历史/全国/新课标全国Ⅱ卷文综/2019_历史_新课标全国Ⅱ卷文综_OCR与考点.md,,pypdf,8
2019,历史,新疆,老高考,,全国卷,common,新课标全国Ⅱ卷,done,../papers/2019/历史/全国/新课标全国Ⅱ卷文综/2019_历史_新课标全国Ⅱ卷文综_原卷.pdf,../papers/2019/历史/全国/新课标全国Ⅱ卷文综/2019_历史_新课标全国Ⅱ卷文综_OCR与考点.md,,pypdf,8
2019,地理,北京,老高考,2020,地方/区域卷,local,北京卷,done,../papers/2019/地理/北京/北京文综/2019_地理_北京文综_原卷.pdf,../papers/2019/地理/北京/北京文综/2019_地理_北京文综_OCR与考点.md,,pypdf,6
2019,地理,天津,老高考,2020,地方/区域卷,local,天津卷,done,../papers/2019/地理/天津/天津文综/2019_地理_天津文综_原卷.pdf,../papers/2019/地理/天津/天津文综/2019_地理_天津文综_OCR与考点.md,,pypdf,11
2019,地理,河北,老高考,2021,全国卷,common,新课标全国Ⅰ卷,done,../papers/2019/地理/全国/新课标全国Ⅰ卷文综/2019_地理_新课标全国Ⅰ卷文综_原卷.pdf,../papers/2019/地理/全国/新课标全国Ⅰ卷文综/2019_地理_新课标全国Ⅰ卷文综_OCR与考点.md,,pypdf,6
2019,地理,山西,老高考,2025,全国卷,common,新课标全国Ⅰ卷,done,../papers/2019/地理/全国/新课标全国Ⅰ卷文综/2019_地理_新课标全国Ⅰ卷文综_原卷.pdf,../papers/2019/地理/全国/新课标全国Ⅰ卷文综/2019_地理_新课标全国Ⅰ卷文综_OCR与考点.md,,pypdf,6
2019,地理,内蒙古,老高考,2025,全国卷,common,新课标全国Ⅱ卷,done,../papers/2019/地理/全国/新课标全国Ⅱ卷文综/2019_地理_新课标全国Ⅱ卷文综_原卷.pdf,../papers/2019/地理/全国/新课标全国Ⅱ卷文综/2019_地理_新课标全国Ⅱ卷文综_OCR与考点.md,,pypdf,6
2019,地理,辽宁,老高考,2021,全国卷,common,新课标全国Ⅱ卷,done,../papers/2019/地理/全国/新课标全国Ⅱ卷文综/2019_地理_新课标全国Ⅱ卷文综_原卷.pdf,../papers/2019/地理/全国/新课标全国Ⅱ卷文综/2019_地理_新课标全国Ⅱ卷文综_OCR与考点.md,,pypdf,6
2019,地理,吉林,老高考,2024,全国卷,common,新课标全国Ⅱ卷,done,../papers/2019/地理/全国/新课标全国Ⅱ卷文综/2019_地理_新课标全国Ⅱ卷文综_原卷.pdf,../papers/2019/地理/全国/新课标全国Ⅱ卷文综/2019_地理_新课标全国Ⅱ卷文综_OCR与考点.md,,pypdf,6
2019,地理,黑龙江,老高考,2024,全国卷,common,新课标全国Ⅱ卷,done,../papers/2019/地理/全国/新课标全国Ⅱ卷文综/2019_地理_新课标全国Ⅱ卷文综_原卷.pdf,../papers/2019/地理/全国/新课标全国Ⅱ卷文综/2019_地理_新课标全国Ⅱ卷文综_OCR与考点.md,,pypdf,6
2019,地理,上海,新高考,2017,地方/区域卷,local,上海卷,done,../papers/2019/地理/上海/上海卷/2019_地理_上海卷_原卷.pdf,../papers/2019/地理/上海/上海卷/2019_地理_上海卷_OCR与考点.md,,pypdf,7
2019,地理,江苏,老高考,2021,地方/区域卷,local,江苏卷,done,../papers/2019/地理/江苏/江苏文综/2019_地理_江苏文综_原卷.pdf,../papers/2019/地理/江苏/江苏文综/2019_地理_江苏文综_OCR与考点.md,,pypdf,19
2019,地理,浙江,新高考,2017,地方/区域卷,local,浙江卷,done,../papers/2019/地理/浙江/浙江卷/2019_地理_浙江卷_原卷.pdf,../papers/2019/地理/浙江/浙江卷/2019_地理_浙江卷_OCR与考点.md,,pypdf,10
2019,地理,安徽,老高考,2024,全国卷,common,新课标全国Ⅰ卷,done,../papers/2019/地理/全国/新课标全国Ⅰ卷文综/2019_地理_新课标全国Ⅰ卷文综_原卷.pdf,../papers/2019/地理/全国/新课标全国Ⅰ卷文综/2019_地理_新课标全国Ⅰ卷文综_OCR与考点.md,,pypdf,6
2019,地理,福建,老高考,2021,全国卷,common,新课标全国Ⅰ卷,done,../papers/2019/地理/全国/新课标全国Ⅰ卷文综/2019_地理_新课标全国Ⅰ卷文综_原卷.pdf,../papers/2019/地理/全国/新课标全国Ⅰ卷文综/2019_地理_新课标全国Ⅰ卷文综_OCR与考点.md,,pypdf,6
2019,地理,江西,老高考,2024,全国卷,common,新课标全国Ⅰ卷,done,../papers/2019/地理/全国/新课标全国Ⅰ卷文综/2019_地理_新课标全国Ⅰ卷文综_原卷.pdf,../papers/2019/地理/全国/新课标全国Ⅰ卷文综/2019_地理_新课标全国Ⅰ卷文综_OCR与考点.md,,pypdf,6
2019,地理,山东,老高考,2020,全国卷,common,新课标全国Ⅰ卷,done,../papers/2019/地理/全国/新课标全国Ⅰ卷文综/2019_地理_新课标全国Ⅰ卷文综_原卷.pdf,../papers/2019/地理/全国/新课标全国Ⅰ卷文综/2019_地理_新课标全国Ⅰ卷文综_OCR与考点.md,,pypdf,6
2019,地理,河南,老高考,2025,全国卷,common,新课标全国Ⅰ卷,done,../papers/2019/地理/全国/新课标全国Ⅰ卷文综/2019_地理_新课标全国Ⅰ卷文综_原卷.pdf,../papers/2019/地理/全国/新课标全国Ⅰ卷文综/2019_地理_新课标全国Ⅰ卷文综_OCR与考点.md,,pypdf,6
2019,地理,湖北,老高考,2021,全国卷,common,新课标全国Ⅰ卷,done,../papers/2019/地理/全国/新课标全国Ⅰ卷文综/2019_地理_新课标全国Ⅰ卷文综_原卷.pdf,../papers/2019/地理/全国/新课标全国Ⅰ卷文综/2019_地理_新课标全国Ⅰ卷文综_OCR与考点.md,,pypdf,6
2019,地理,湖南,老高考,2021,全国卷,common,新课标全国Ⅰ卷,done,../papers/2019/地理/全国/新课标全国Ⅰ卷文综/2019_地理_新课标全国Ⅰ卷文综_原卷.pdf,../papers/2019/地理/全国/新课标全国Ⅰ卷文综/2019_地理_新课标全国Ⅰ卷文综_OCR与考点.md,,pypdf,6
2019,地理,广东,老高考,2021,全国卷,common,新课标全国Ⅰ卷,done,../papers/2019/地理/全国/新课标全国Ⅰ卷文综/2019_地理_新课标全国Ⅰ卷文综_原卷.pdf,../papers/2019/地理/全国/新课标全国Ⅰ卷文综/2019_地理_新课标全国Ⅰ卷文综_OCR与考点.md,,pypdf,6
2019,地理,广西,老高考,2024,全国卷,common,新课标全国Ⅲ卷,done,../papers/2019/地理/全国/新课标全国Ⅲ卷文综/2019_地理_新课标全国Ⅲ卷文综_原卷.pdf,../papers/2019/地理/全国/新课标全国Ⅲ卷文综/2019_地理_新课标全国Ⅲ卷文综_OCR与考点.md,,pypdf,6
2019,地理,海南,老高考,2020,地方/区域卷,local,海南卷,done,../papers/2019/地理/海南/海南文综/2019_地理_海南文综_原卷.pdf,../papers/2019/地理/海南/海南文综/2019_地理_海南文综_OCR与考点.md,,pypdf,6
2019,地理,重庆,老高考,2021,全国卷,common,新课标全国Ⅱ卷,done,../papers/2019/地理/全国/新课标全国Ⅱ卷文综/2019_地理_新课标全国Ⅱ卷文综_原卷.pdf,../papers/2019/地理/全国/新课标全国Ⅱ卷文综/2019_地理_新课标全国Ⅱ卷文综_OCR与考点.md,,pypdf,6
2019,地理,四川,老高考,2025,全国卷,common,新课标全国Ⅲ卷,done,../papers/2019/地理/全国/新课标全国Ⅲ卷文综/2019_地理_新课标全国Ⅲ卷文综_原卷.pdf,../papers/2019/地理/全国/新课标全国Ⅲ卷文综/2019_地理_新课标全国Ⅲ卷文综_OCR与考点.md,,pypdf,6
2019,地理,贵州,老高考,2024,全国卷,common,新课标全国Ⅲ卷,done,../papers/2019/地理/全国/新课标全国Ⅲ卷文综/2019_地理_新课标全国Ⅲ卷文综_原卷.pdf,../papers/2019/地理/全国/新课标全国Ⅲ卷文综/2019_地理_新课标全国Ⅲ卷文综_OCR与考点.md,,pypdf,6
2019,地理,云南,老高考,2025,全国卷,common,新课标全国Ⅲ卷,done,../papers/2019/地理/全国/新课标全国Ⅲ卷文综/2019_地理_新课标全国Ⅲ卷文综_原卷.pdf,../papers/2019/地理/全国/新课标全国Ⅲ卷文综/2019_地理_新课标全国Ⅲ卷文综_OCR与考点.md,,pypdf,6
2019,地理,西藏,老高考,,全国卷,common,新课标全国Ⅲ卷,done,../papers/2019/地理/全国/新课标全国Ⅲ卷文综/2019_地理_新课标全国Ⅲ卷文综_原卷.pdf,../papers/2019/地理/全国/新课标全国Ⅲ卷文综/2019_地理_新课标全国Ⅲ卷文综_OCR与考点.md,,pypdf,6
2019,地理,陕西,老高考,2025,全国卷,common,新课标全国Ⅱ卷,done,../papers/2019/地理/全国/新课标全国Ⅱ卷文综/2019_地理_新课标全国Ⅱ卷文综_原卷.pdf,../papers/2019/地理/全国/新课标全国Ⅱ卷文综/2019_地理_新课标全国Ⅱ卷文综_OCR与考点.md,,pypdf,6
2019,地理,甘肃,老高考,2024,全国卷,common,新课标全国Ⅱ卷,done,../papers/2019/地理/全国/新课标全国Ⅱ卷文综/2019_地理_新课标全国Ⅱ卷文综_原卷.pdf,../papers/2019/地理/全国/新课标全国Ⅱ卷文综/2019_地理_新课标全国Ⅱ卷文综_OCR与考点.md,,pypdf,6
2019,地理,青海,老高考,2025,全国卷,common,新课标全国Ⅱ卷,done,../papers/2019/地理/全国/新课标全国Ⅱ卷文综/2019_地理_新课标全国Ⅱ卷文综_原卷.pdf,../papers/2019/地理/全国/新课标全国Ⅱ卷文综/2019_地理_新课标全国Ⅱ卷文综_OCR与考点.md,,pypdf,6
2019,地理,宁夏,老高考,2025,全国卷,common,新课标全国Ⅱ卷,done,../papers/2019/地理/全国/新课标全国Ⅱ卷文综/2019_地理_新课标全国Ⅱ卷文综_原卷.pdf,../papers/2019/地理/全国/新课标全国Ⅱ卷文综/2019_地理_新课标全国Ⅱ卷文综_OCR与考点.md,,pypdf,6
2019,地理,新疆,老高考,,全国卷,common,新课标全国Ⅱ卷,done,../papers/2019/地理/全国/新课标全国Ⅱ卷文综/2019_地理_新课标全国Ⅱ卷文综_原卷.pdf,../papers/2019/地理/全国/新课标全国Ⅱ卷文综/2019_地理_新课标全国Ⅱ卷文综_OCR与考点.md,,pypdf,6
2020,语文,北京,新高考,2020,地方/区域卷,local,北京卷,done,../papers/2020/语文/北京/北京卷/2020_语文_北京卷_原卷.pdf,../papers/2020/语文/北京/北京卷/2020_语文_北京卷_OCR与考点.md,,rapidocr,10
2020,语文,天津,新高考,2020,地方/区域卷,local,天津卷,done,../papers/2020/语文/天津/天津卷/2020_语文_天津卷_原卷.pdf,../papers/2020/语文/天津/天津卷/2020_语文_天津卷_OCR与考点.md,,rapidocr,10
2020,语文,河北,老高考,2021,全国卷,common,新课标全国Ⅰ卷,done,../papers/2020/语文/全国/新课标全国Ⅰ卷/2020_语文_新课标全国Ⅰ卷_原卷.pdf,../papers/2020/语文/全国/新课标全国Ⅰ卷/2020_语文_新课标全国Ⅰ卷_OCR与考点.md,,rapidocr,13
2020,语文,山西,老高考,2025,全国卷,common,新课标全国Ⅰ卷,done,../papers/2020/语文/全国/新课标全国Ⅰ卷/2020_语文_新课标全国Ⅰ卷_原卷.pdf,../papers/2020/语文/全国/新课标全国Ⅰ卷/2020_语文_新课标全国Ⅰ卷_OCR与考点.md,,rapidocr,13
2020,语文,内蒙古,老高考,2025,全国卷,common,新课标全国Ⅱ卷,done,../papers/2020/语文/全国/新课标全国Ⅱ卷/2020_语文_新课标全国Ⅱ卷_原卷.pdf,../papers/2020/语文/全国/新课标全国Ⅱ卷/2020_语文_新课标全国Ⅱ卷_OCR与考点.md,,rapidocr,13
2020,语文,辽宁,老高考,2021,全国卷,common,新课标全国Ⅱ卷,done,../papers/2020/语文/全国/新课标全国Ⅱ卷/2020_语文_新课标全国Ⅱ卷_原卷.pdf,../papers/2020/语文/全国/新课标全国Ⅱ卷/2020_语文_新课标全国Ⅱ卷_OCR与考点.md,,rapidocr,13
2020,语文,吉林,老高考,2024,全国卷,common,新课标全国Ⅱ卷,done,../papers/2020/语文/全国/新课标全国Ⅱ卷/2020_语文_新课标全国Ⅱ卷_原卷.pdf,../papers/2020/语文/全国/新课标全国Ⅱ卷/2020_语文_新课标全国Ⅱ卷_OCR与考点.md,,rapidocr,13
2020,语文,黑龙江,老高考,2024,全国卷,common,新课标全国Ⅱ卷,done,../papers/2020/语文/全国/新课标全国Ⅱ卷/2020_语文_新课标全国Ⅱ卷_原卷.pdf,../papers/2020/语文/全国/新课标全国Ⅱ卷/2020_语文_新课标全国Ⅱ卷_OCR与考点.md,,rapidocr,13
2020,语文,上海,新高考,2017,地方/区域卷,local,上海卷,done,../papers/2020/语文/上海/上海卷/2020_语文_上海卷_原卷.pdf,../papers/2020/语文/上海/上海卷/2020_语文_上海卷_OCR与考点.md,,rapidocr,9
2020,语文,江苏,老高考,2021,地方/区域卷,local,江苏卷,done,../papers/2020/语文/江苏/江苏卷/2020_语文_江苏卷_原卷.pdf,../papers/2020/语文/江苏/江苏卷/2020_语文_江苏卷_OCR与考点.md,,rapidocr,10
2020,语文,浙江,新高考,2017,地方/区域卷,local,浙江卷,done,../papers/2020/语文/浙江/浙江卷/2020_语文_浙江卷_原卷.pdf,../papers/2020/语文/浙江/浙江卷/2020_语文_浙江卷_OCR与考点.md,,rapidocr,13
2020,语文,安徽,老高考,2024,地方/区域卷,local,江苏卷,pdf_only,../papers/2020/语文/安徽/江苏卷/2020_语文_安徽江苏卷_原卷.pdf,,,,
2020,语文,福建,老高考,2021,全国卷,common,新课标全国Ⅲ卷,done,../papers/2020/语文/全国/新课标全国Ⅲ卷/2020_语文_新课标全国Ⅲ卷_原卷.pdf,../papers/2020/语文/全国/新课标全国Ⅲ卷/2020_语文_新课标全国Ⅲ卷_OCR与考点.md,,rapidocr,
2020,语文,江西,老高考,2024,全国卷,common,新课标全国Ⅰ卷,done,../papers/2020/语文/全国/新课标全国Ⅰ卷/2020_语文_新课标全国Ⅰ卷_原卷.pdf,../papers/2020/语文/全国/新课标全国Ⅰ卷/2020_语文_新课标全国Ⅰ卷_OCR与考点.md,,rapidocr,13
2020,语文,山东,新高考,2020,全国卷,common,新高考全国Ⅰ卷,done,../papers/2020/语文/全国/新高考全国Ⅰ卷/2020_语文_新高考全国Ⅰ卷_原卷.pdf,../papers/2020/语文/全国/新高考全国Ⅰ卷/2020_语文_新高考全国Ⅰ卷_OCR与考点.md,,rapidocr,11
2020,语文,河南,老高考,2025,全国卷,common,新课标全国Ⅰ卷,done,../papers/2020/语文/全国/新课标全国Ⅰ卷/2020_语文_新课标全国Ⅰ卷_原卷.pdf,../papers/2020/语文/全国/新课标全国Ⅰ卷/2020_语文_新课标全国Ⅰ卷_OCR与考点.md,,rapidocr,13
2020,语文,湖北,老高考,2021,全国卷,common,新课标全国Ⅰ卷,done,../papers/2020/语文/全国/新课标全国Ⅰ卷/2020_语文_新课标全国Ⅰ卷_原卷.pdf,../papers/2020/语文/全国/新课标全国Ⅰ卷/2020_语文_新课标全国Ⅰ卷_OCR与考点.md,,rapidocr,13
2020,语文,湖南,老高考,2021,全国卷,common,新课标全国Ⅰ卷,done,../papers/2020/语文/全国/新课标全国Ⅰ卷/2020_语文_新课标全国Ⅰ卷_原卷.pdf,../papers/2020/语文/全国/新课标全国Ⅰ卷/2020_语文_新课标全国Ⅰ卷_OCR与考点.md,,rapidocr,13
2020,语文,广东,老高考,2021,全国卷,common,新课标全国Ⅰ卷,done,../papers/2020/语文/全国/新课标全国Ⅰ卷/2020_语文_新课标全国Ⅰ卷_原卷.pdf,../papers/2020/语文/全国/新课标全国Ⅰ卷/2020_语文_新课标全国Ⅰ卷_OCR与考点.md,,rapidocr,13
2020,语文,广西,老高考,2024,全国卷,common,新课标全国Ⅲ卷,done,../papers/2020/语文/全国/新课标全国Ⅲ卷/2020_语文_新课标全国Ⅲ卷_原卷.pdf,../papers/2020/语文/全国/新课标全国Ⅲ卷/2020_语文_新课标全国Ⅲ卷_OCR与考点.md,,rapidocr,
2020,语文,海南,新高考,2020,全国卷,common,新高考全国Ⅱ卷,done,../papers/2020/语文/全国/新高考全国Ⅱ卷/2020_语文_新高考全国Ⅱ卷_原卷.pdf,../papers/2020/语文/全国/新高考全国Ⅱ卷/2020_语文_新高考全国Ⅱ卷_OCR与考点.md,,rapidocr,11
2020,语文,重庆,老高考,2021,全国卷,common,新课标全国Ⅱ卷,done,../papers/2020/语文/全国/新课标全国Ⅱ卷/2020_语文_新课标全国Ⅱ卷_原卷.pdf,../papers/2020/语文/全国/新课标全国Ⅱ卷/2020_语文_新课标全国Ⅱ卷_OCR与考点.md,,rapidocr,13
2020,语文,四川,老高考,2025,全国卷,common,新课标全国Ⅲ卷,done,../papers/2020/语文/全国/新课标全国Ⅲ卷/2020_语文_新课标全国Ⅲ卷_原卷.pdf,../papers/2020/语文/全国/新课标全国Ⅲ卷/2020_语文_新课标全国Ⅲ卷_OCR与考点.md,,rapidocr,
2020,语文,贵州,老高考,2024,全国卷,common,新课标全国Ⅲ卷,done,../papers/2020/语文/全国/新课标全国Ⅲ卷/2020_语文_新课标全国Ⅲ卷_原卷.pdf,../papers/2020/语文/全国/新课标全国Ⅲ卷/2020_语文_新课标全国Ⅲ卷_OCR与考点.md,,rapidocr,
2020,语文,云南,老高考,2025,全国卷,common,新课标全国Ⅲ卷,done,../papers/2020/语文/全国/新课标全国Ⅲ卷/2020_语文_新课标全国Ⅲ卷_原卷.pdf,../papers/2020/语文/全国/新课标全国Ⅲ卷/2020_语文_新课标全国Ⅲ卷_OCR与考点.md,,rapidocr,
2020,语文,西藏,老高考,,全国卷,common,新课标全国Ⅲ卷,done,../papers/2020/语文/全国/新课标全国Ⅲ卷/2020_语文_新课标全国Ⅲ卷_原卷.pdf,../papers/2020/语文/全国/新课标全国Ⅲ卷/2020_语文_新课标全国Ⅲ卷_OCR与考点.md,,rapidocr,
2020,语文,陕西,老高考,2025,全国卷,common,新课标全国Ⅱ卷,done,../papers/2020/语文/全国/新课标全国Ⅱ卷/2020_语文_新课标全国Ⅱ卷_原卷.pdf,../papers/2020/语文/全国/新课标全国Ⅱ卷/2020_语文_新课标全国Ⅱ卷_OCR与考点.md,,rapidocr,13
2020,语文,甘肃,老高考,2024,全国卷,common,新课标全国Ⅱ卷,done,../papers/2020/语文/全国/新课标全国Ⅱ卷/2020_语文_新课标全国Ⅱ卷_原卷.pdf,../papers/2020/语文/全国/新课标全国Ⅱ卷/2020_语文_新课标全国Ⅱ卷_OCR与考点.md,,rapidocr,13
2020,语文,青海,老高考,2025,全国卷,common,新课标全国Ⅱ卷,done,../papers/2020/语文/全国/新课标全国Ⅱ卷/2020_语文_新课标全国Ⅱ卷_原卷.pdf,../papers/2020/语文/全国/新课标全国Ⅱ卷/2020_语文_新课标全国Ⅱ卷_OCR与考点.md,,rapidocr,13
2020,语文,宁夏,老高考,2025,全国卷,common,新课标全国Ⅱ卷,done,../papers/2020/语文/全国/新课标全国Ⅱ卷/2020_语文_新课标全国Ⅱ卷_原卷.pdf,../papers/2020/语文/全国/新课标全国Ⅱ卷/2020_语文_新课标全国Ⅱ卷_OCR与考点.md,,rapidocr,13
2020,语文,新疆,老高考,,全国卷,common,新课标全国Ⅱ卷,done,../papers/2020/语文/全国/新课标全国Ⅱ卷/2020_语文_新课标全国Ⅱ卷_原卷.pdf,../papers/2020/语文/全国/新课标全国Ⅱ卷/2020_语文_新课标全国Ⅱ卷_OCR与考点.md,,rapidocr,13
2020,数学,北京,新高考,2020,地方/区域卷,local,北京卷,done,../papers/2020/数学/北京/北京卷/2020_数学_北京卷_原卷.pdf,../papers/2020/数学/北京/北京卷/2020_数学_北京卷_OCR与考点.md,,pypdf,8
2020,数学,天津,新高考,2020,地方/区域卷,local,天津卷,done,../papers/2020/数学/天津/天津卷/2020_数学_天津卷_原卷.pdf,../papers/2020/数学/天津/天津卷/2020_数学_天津卷_OCR与考点.md,,pypdf,6
2020,数学,河北,老高考,2021,全国卷,common,新课标全国Ⅰ卷,done,../papers/2020/数学/全国/新课标全国Ⅰ卷/2020_数学_新课标全国Ⅰ卷_原卷.pdf,../papers/2020/数学/全国/新课标全国Ⅰ卷/2020_数学_新课标全国Ⅰ卷_OCR与考点.md,,pypdf,6
2020,数学,山西,老高考,2025,全国卷,common,新课标全国Ⅰ卷,done,../papers/2020/数学/全国/新课标全国Ⅰ卷/2020_数学_新课标全国Ⅰ卷_原卷.pdf,../papers/2020/数学/全国/新课标全国Ⅰ卷/2020_数学_新课标全国Ⅰ卷_OCR与考点.md,,pypdf,6
2020,数学,内蒙古,老高考,2025,全国卷,common,新课标全国Ⅱ卷,done,../papers/2020/数学/全国/新课标全国Ⅱ卷/2020_数学_新课标全国Ⅱ卷_原卷.pdf,../papers/2020/数学/全国/新课标全国Ⅱ卷/2020_数学_新课标全国Ⅱ卷_OCR与考点.md,,pypdf,6
2020,数学,辽宁,老高考,2021,全国卷,common,新课标全国Ⅱ卷,done,../papers/2020/数学/全国/新课标全国Ⅱ卷/2020_数学_新课标全国Ⅱ卷_原卷.pdf,../papers/2020/数学/全国/新课标全国Ⅱ卷/2020_数学_新课标全国Ⅱ卷_OCR与考点.md,,pypdf,6
2020,数学,吉林,老高考,2024,全国卷,common,新课标全国Ⅱ卷,done,../papers/2020/数学/全国/新课标全国Ⅱ卷/2020_数学_新课标全国Ⅱ卷_原卷.pdf,../papers/2020/数学/全国/新课标全国Ⅱ卷/2020_数学_新课标全国Ⅱ卷_OCR与考点.md,,pypdf,6
2020,数学,黑龙江,老高考,2024,全国卷,common,新课标全国Ⅱ卷,done,../papers/2020/数学/全国/新课标全国Ⅱ卷/2020_数学_新课标全国Ⅱ卷_原卷.pdf,../papers/2020/数学/全国/新课标全国Ⅱ卷/2020_数学_新课标全国Ⅱ卷_OCR与考点.md,,pypdf,6
2020,数学,上海,新高考,2017,地方/区域卷,local,上海卷,done,../papers/2020/数学/上海/上海卷/2020_数学_上海卷_原卷.pdf,../papers/2020/数学/上海/上海卷/2020_数学_上海卷_OCR与考点.md,,pypdf,3
2020,数学,江苏,老高考,2021,地方/区域卷,local,江苏卷,done,../papers/2020/数学/江苏/江苏卷/2020_数学_江苏卷_原卷.pdf,../papers/2020/数学/江苏/江苏卷/2020_数学_江苏卷_OCR与考点.md,,pypdf,6
2020,数学,浙江,新高考,2017,地方/区域卷,local,浙江卷,done,../papers/2020/数学/浙江/浙江卷/2020_数学_浙江卷_原卷.pdf,../papers/2020/数学/浙江/浙江卷/2020_数学_浙江卷_OCR与考点.md,,pypdf,4
2020,数学,安徽,老高考,2024,全国卷,common,新课标全国Ⅰ卷,done,../papers/2020/数学/全国/新课标全国Ⅰ卷/2020_数学_新课标全国Ⅰ卷_原卷.pdf,../papers/2020/数学/全国/新课标全国Ⅰ卷/2020_数学_新课标全国Ⅰ卷_OCR与考点.md,,pypdf,6
2020,数学,福建,老高考,2021,全国卷,common,新课标全国Ⅰ卷,done,../papers/2020/数学/全国/新课标全国Ⅰ卷/2020_数学_新课标全国Ⅰ卷_原卷.pdf,../papers/2020/数学/全国/新课标全国Ⅰ卷/2020_数学_新课标全国Ⅰ卷_OCR与考点.md,,pypdf,6
2020,数学,江西,老高考,2024,全国卷,common,新课标全国Ⅰ卷,done,../papers/2020/数学/全国/新课标全国Ⅰ卷/2020_数学_新课标全国Ⅰ卷_原卷.pdf,../papers/2020/数学/全国/新课标全国Ⅰ卷/2020_数学_新课标全国Ⅰ卷_OCR与考点.md,,pypdf,6
2020,数学,山东,新高考,2020,全国卷,common,新高考全国Ⅰ卷,done,../papers/2020/数学/全国/新高考全国Ⅰ卷/2020_数学_新高考全国Ⅰ卷_原卷.pdf,../papers/2020/数学/全国/新高考全国Ⅰ卷/2020_数学_新高考全国Ⅰ卷_OCR与考点.md,,pypdf,5
2020,数学,河南,老高考,2025,全国卷,common,新课标全国Ⅰ卷,done,../papers/2020/数学/全国/新课标全国Ⅰ卷/2020_数学_新课标全国Ⅰ卷_原卷.pdf,../papers/2020/数学/全国/新课标全国Ⅰ卷/2020_数学_新课标全国Ⅰ卷_OCR与考点.md,,pypdf,6
2020,数学,湖北,老高考,2021,全国卷,common,新课标全国Ⅰ卷,done,../papers/2020/数学/全国/新课标全国Ⅰ卷/2020_数学_新课标全国Ⅰ卷_原卷.pdf,../papers/2020/数学/全国/新课标全国Ⅰ卷/2020_数学_新课标全国Ⅰ卷_OCR与考点.md,,pypdf,6
2020,数学,湖南,老高考,2021,全国卷,common,新课标全国Ⅰ卷,done,../papers/2020/数学/全国/新课标全国Ⅰ卷/2020_数学_新课标全国Ⅰ卷_原卷.pdf,../papers/2020/数学/全国/新课标全国Ⅰ卷/2020_数学_新课标全国Ⅰ卷_OCR与考点.md,,pypdf,6
2020,数学,广东,老高考,2021,全国卷,common,新课标全国Ⅰ卷,done,../papers/2020/数学/全国/新课标全国Ⅰ卷/2020_数学_新课标全国Ⅰ卷_原卷.pdf,../papers/2020/数学/全国/新课标全国Ⅰ卷/2020_数学_新课标全国Ⅰ卷_OCR与考点.md,,pypdf,6
2020,数学,广西,老高考,2024,全国卷,common,新课标全国Ⅲ卷,done,../papers/2020/数学/全国/新课标全国Ⅲ卷/2020_数学_新课标全国Ⅲ卷_原卷.pdf,../papers/2020/数学/全国/新课标全国Ⅲ卷/2020_数学_新课标全国Ⅲ卷_OCR与考点.md,,pypdf,
2020,数学,海南,新高考,2020,全国卷,common,新高考全国Ⅱ卷,done,../papers/2020/数学/全国/新高考全国Ⅱ卷/2020_数学_新高考全国Ⅱ卷_原卷.pdf,../papers/2020/数学/全国/新高考全国Ⅱ卷/2020_数学_新高考全国Ⅱ卷_OCR与考点.md,,pypdf,7
2020,数学,重庆,老高考,2021,全国卷,common,新课标全国Ⅱ卷,done,../papers/2020/数学/全国/新课标全国Ⅱ卷/2020_数学_新课标全国Ⅱ卷_原卷.pdf,../papers/2020/数学/全国/新课标全国Ⅱ卷/2020_数学_新课标全国Ⅱ卷_OCR与考点.md,,pypdf,6
2020,数学,四川,老高考,2025,全国卷,common,新课标全国Ⅲ卷,done,../papers/2020/数学/全国/新课标全国Ⅲ卷/2020_数学_新课标全国Ⅲ卷_原卷.pdf,../papers/2020/数学/全国/新课标全国Ⅲ卷/2020_数学_新课标全国Ⅲ卷_OCR与考点.md,,pypdf,
2020,数学,贵州,老高考,2024,全国卷,common,新课标全国Ⅲ卷,done,../papers/2020/数学/全国/新课标全国Ⅲ卷/2020_数学_新课标全国Ⅲ卷_原卷.pdf,../papers/2020/数学/全国/新课标全国Ⅲ卷/2020_数学_新课标全国Ⅲ卷_OCR与考点.md,,pypdf,
2020,数学,云南,老高考,2025,全国卷,common,新课标全国Ⅲ卷,done,../papers/2020/数学/全国/新课标全国Ⅲ卷/2020_数学_新课标全国Ⅲ卷_原卷.pdf,../papers/2020/数学/全国/新课标全国Ⅲ卷/2020_数学_新课标全国Ⅲ卷_OCR与考点.md,,pypdf,
2020,数学,西藏,老高考,,全国卷,common,新课标全国Ⅲ卷,done,../papers/2020/数学/全国/新课标全国Ⅲ卷/2020_数学_新课标全国Ⅲ卷_原卷.pdf,../papers/2020/数学/全国/新课标全国Ⅲ卷/2020_数学_新课标全国Ⅲ卷_OCR与考点.md,,pypdf,
2020,数学,陕西,老高考,2025,全国卷,common,新课标全国Ⅱ卷,done,../papers/2020/数学/全国/新课标全国Ⅱ卷/2020_数学_新课标全国Ⅱ卷_原卷.pdf,../papers/2020/数学/全国/新课标全国Ⅱ卷/2020_数学_新课标全国Ⅱ卷_OCR与考点.md,,pypdf,6
2020,数学,甘肃,老高考,2024,全国卷,common,新课标全国Ⅱ卷,done,../papers/2020/数学/全国/新课标全国Ⅱ卷/2020_数学_新课标全国Ⅱ卷_原卷.pdf,../papers/2020/数学/全国/新课标全国Ⅱ卷/2020_数学_新课标全国Ⅱ卷_OCR与考点.md,,pypdf,6
2020,数学,青海,老高考,2025,全国卷,common,新课标全国Ⅱ卷,done,../papers/2020/数学/全国/新课标全国Ⅱ卷/2020_数学_新课标全国Ⅱ卷_原卷.pdf,../papers/2020/数学/全国/新课标全国Ⅱ卷/2020_数学_新课标全国Ⅱ卷_OCR与考点.md,,pypdf,6
2020,数学,宁夏,老高考,2025,全国卷,common,新课标全国Ⅱ卷,done,../papers/2020/数学/全国/新课标全国Ⅱ卷/2020_数学_新课标全国Ⅱ卷_原卷.pdf,../papers/2020/数学/全国/新课标全国Ⅱ卷/2020_数学_新课标全国Ⅱ卷_OCR与考点.md,,pypdf,6
2020,数学,新疆,老高考,,全国卷,common,新课标全国Ⅱ卷,done,../papers/2020/数学/全国/新课标全国Ⅱ卷/2020_数学_新课标全国Ⅱ卷_原卷.pdf,../papers/2020/数学/全国/新课标全国Ⅱ卷/2020_数学_新课标全国Ⅱ卷_OCR与考点.md,,pypdf,6
2020,英语,北京,新高考,2020,地方/区域卷,local,北京卷,done,../papers/2020/英语/北京/北京卷/2020_英语_北京卷_原卷.pdf,../papers/2020/英语/北京/北京卷/2020_英语_北京卷_OCR与考点.md,,pypdf,11
2020,英语,天津,新高考,2020,地方/区域卷,local,天津卷,done,../papers/2020/英语/天津/天津卷/2020_英语_天津卷_原卷.pdf,../papers/2020/英语/天津/天津卷/2020_英语_天津卷_OCR与考点.md,,pypdf,10
2020,英语,河北,老高考,2021,全国卷,common,新课标全国Ⅰ卷,done,../papers/2020/英语/全国/新课标全国Ⅰ卷/2020_英语_新课标全国Ⅰ卷_原卷.pdf,../papers/2020/英语/全国/新课标全国Ⅰ卷/2020_英语_新课标全国Ⅰ卷_OCR与考点.md,../papers/2020/英语/全国/新课标全国Ⅰ卷/2020_英语_新课标全国Ⅰ卷_听力.mp3,pypdf,15
2020,英语,山西,老高考,2025,全国卷,common,新课标全国Ⅰ卷,done,../papers/2020/英语/全国/新课标全国Ⅰ卷/2020_英语_新课标全国Ⅰ卷_原卷.pdf,../papers/2020/英语/全国/新课标全国Ⅰ卷/2020_英语_新课标全国Ⅰ卷_OCR与考点.md,../papers/2020/英语/全国/新课标全国Ⅰ卷/2020_英语_新课标全国Ⅰ卷_听力.mp3,pypdf,15
2020,英语,内蒙古,老高考,2025,全国卷,common,新课标全国Ⅱ卷,done,../papers/2020/英语/全国/新课标全国Ⅱ卷/2020_英语_新课标全国Ⅱ卷_原卷.pdf,../papers/2020/英语/全国/新课标全国Ⅱ卷/2020_英语_新课标全国Ⅱ卷_OCR与考点.md,../papers/2020/英语/全国/新课标全国Ⅱ卷/2020_英语_新课标全国Ⅱ卷_听力.mp3,pypdf,12
2020,英语,辽宁,老高考,2021,全国卷,common,新课标全国Ⅱ卷,done,../papers/2020/英语/全国/新课标全国Ⅱ卷/2020_英语_新课标全国Ⅱ卷_原卷.pdf,../papers/2020/英语/全国/新课标全国Ⅱ卷/2020_英语_新课标全国Ⅱ卷_OCR与考点.md,../papers/2020/英语/全国/新课标全国Ⅱ卷/2020_英语_新课标全国Ⅱ卷_听力.mp3,pypdf,12
2020,英语,吉林,老高考,2024,全国卷,common,新课标全国Ⅱ卷,done,../papers/2020/英语/全国/新课标全国Ⅱ卷/2020_英语_新课标全国Ⅱ卷_原卷.pdf,../papers/2020/英语/全国/新课标全国Ⅱ卷/2020_英语_新课标全国Ⅱ卷_OCR与考点.md,../papers/2020/英语/全国/新课标全国Ⅱ卷/2020_英语_新课标全国Ⅱ卷_听力.mp3,pypdf,12
2020,英语,黑龙江,老高考,2024,全国卷,common,新课标全国Ⅱ卷,done,../papers/2020/英语/全国/新课标全国Ⅱ卷/2020_英语_新课标全国Ⅱ卷_原卷.pdf,../papers/2020/英语/全国/新课标全国Ⅱ卷/2020_英语_新课标全国Ⅱ卷_OCR与考点.md,../papers/2020/英语/全国/新课标全国Ⅱ卷/2020_英语_新课标全国Ⅱ卷_听力.mp3,pypdf,12
2020,英语,上海,新高考,2017,地方/区域卷,local,上海卷,done,../papers/2020/英语/上海/上海卷/2020_英语_上海卷_原卷.pdf,../papers/2020/英语/上海/上海卷/2020_英语_上海卷_OCR与考点.md,../papers/2020/英语/上海/上海卷/2020_英语_上海卷_听力.mp3,pypdf,12
2020,英语,江苏,老高考,2021,地方/区域卷,local,江苏卷,done,../papers/2020/英语/江苏/江苏卷/2020_英语_江苏卷_原卷.pdf,../papers/2020/英语/江苏/江苏卷/2020_英语_江苏卷_OCR与考点.md,../papers/2020/英语/江苏/江苏卷/2020_英语_江苏卷_听力.mp3,pypdf,14
2020,英语,浙江,新高考,2017,地方/区域卷,local,浙江卷,done,../papers/2020/英语/浙江/浙江卷/2020_英语_浙江卷_原卷.pdf,../papers/2020/英语/浙江/浙江卷/2020_英语_浙江卷_OCR与考点.md,../papers/2020/英语/浙江/浙江卷/2020_英语_浙江卷_听力.mp3,pypdf,6
2020,英语,安徽,老高考,2024,全国卷,common,新课标全国Ⅰ卷,done,../papers/2020/英语/全国/新课标全国Ⅰ卷/2020_英语_新课标全国Ⅰ卷_原卷.pdf,../papers/2020/英语/全国/新课标全国Ⅰ卷/2020_英语_新课标全国Ⅰ卷_OCR与考点.md,../papers/2020/英语/全国/新课标全国Ⅰ卷/2020_英语_新课标全国Ⅰ卷_听力.mp3,pypdf,15
2020,英语,福建,老高考,2021,全国卷,common,新课标全国Ⅰ卷,done,../papers/2020/英语/全国/新课标全国Ⅰ卷/2020_英语_新课标全国Ⅰ卷_原卷.pdf,../papers/2020/英语/全国/新课标全国Ⅰ卷/2020_英语_新课标全国Ⅰ卷_OCR与考点.md,../papers/2020/英语/全国/新课标全国Ⅰ卷/2020_英语_新课标全国Ⅰ卷_听力.mp3,pypdf,15
2020,英语,江西,老高考,2024,全国卷,common,新课标全国Ⅰ卷,done,../papers/2020/英语/全国/新课标全国Ⅰ卷/2020_英语_新课标全国Ⅰ卷_原卷.pdf,../papers/2020/英语/全国/新课标全国Ⅰ卷/2020_英语_新课标全国Ⅰ卷_OCR与考点.md,../papers/2020/英语/全国/新课标全国Ⅰ卷/2020_英语_新课标全国Ⅰ卷_听力.mp3,pypdf,15
2020,英语,山东,新高考,2020,全国卷,common,新高考全国Ⅰ卷,done,../papers/2020/英语/全国/新高考全国Ⅰ卷/2020_英语_新高考全国Ⅰ卷_原卷.pdf,../papers/2020/英语/全国/新高考全国Ⅰ卷/2020_英语_新高考全国Ⅰ卷_OCR与考点.md,../papers/2020/英语/全国/新高考全国Ⅰ卷/2020_英语_新高考全国Ⅰ卷_听力.mp3,pypdf,9
2020,英语,河南,老高考,2025,全国卷,common,新课标全国Ⅰ卷,done,../papers/2020/英语/全国/新课标全国Ⅰ卷/2020_英语_新课标全国Ⅰ卷_原卷.pdf,../papers/2020/英语/全国/新课标全国Ⅰ卷/2020_英语_新课标全国Ⅰ卷_OCR与考点.md,../papers/2020/英语/全国/新课标全国Ⅰ卷/2020_英语_新课标全国Ⅰ卷_听力.mp3,pypdf,15
2020,英语,湖北,老高考,2021,全国卷,common,新课标全国Ⅰ卷,done,../papers/2020/英语/全国/新课标全国Ⅰ卷/2020_英语_新课标全国Ⅰ卷_原卷.pdf,../papers/2020/英语/全国/新课标全国Ⅰ卷/2020_英语_新课标全国Ⅰ卷_OCR与考点.md,../papers/2020/英语/全国/新课标全国Ⅰ卷/2020_英语_新课标全国Ⅰ卷_听力.mp3,pypdf,15
2020,英语,湖南,老高考,2021,全国卷,common,新课标全国Ⅰ卷,done,../papers/2020/英语/全国/新课标全国Ⅰ卷/2020_英语_新课标全国Ⅰ卷_原卷.pdf,../papers/2020/英语/全国/新课标全国Ⅰ卷/2020_英语_新课标全国Ⅰ卷_OCR与考点.md,../papers/2020/英语/全国/新课标全国Ⅰ卷/2020_英语_新课标全国Ⅰ卷_听力.mp3,pypdf,15
2020,英语,广东,老高考,2021,全国卷,common,新课标全国Ⅰ卷,done,../papers/2020/英语/全国/新课标全国Ⅰ卷/2020_英语_新课标全国Ⅰ卷_原卷.pdf,../papers/2020/英语/全国/新课标全国Ⅰ卷/2020_英语_新课标全国Ⅰ卷_OCR与考点.md,../papers/2020/英语/全国/新课标全国Ⅰ卷/2020_英语_新课标全国Ⅰ卷_听力.mp3,pypdf,15
2020,英语,广西,老高考,2024,全国卷,common,新课标全国Ⅲ卷,done,../papers/2020/英语/全国/新课标全国Ⅲ卷/2020_英语_新课标全国Ⅲ卷_原卷.pdf,../papers/2020/英语/全国/新课标全国Ⅲ卷/2020_英语_新课标全国Ⅲ卷_OCR与考点.md,../papers/2020/英语/全国/新课标全国Ⅲ卷/2020_英语_新课标全国Ⅲ卷_听力.mp3,pypdf,
2020,英语,海南,新高考,2020,全国卷,common,新高考全国Ⅱ卷,done,../papers/2020/英语/全国/新高考全国Ⅱ卷/2020_英语_新高考全国Ⅱ卷_原卷.pdf,../papers/2020/英语/全国/新高考全国Ⅱ卷/2020_英语_新高考全国Ⅱ卷_OCR与考点.md,../papers/2020/英语/全国/新高考全国Ⅱ卷/2020_英语_新高考全国Ⅱ卷_听力.mp3,pypdf,17
2020,英语,重庆,老高考,2021,全国卷,common,新课标全国Ⅱ卷,done,../papers/2020/英语/全国/新课标全国Ⅱ卷/2020_英语_新课标全国Ⅱ卷_原卷.pdf,../papers/2020/英语/全国/新课标全国Ⅱ卷/2020_英语_新课标全国Ⅱ卷_OCR与考点.md,../papers/2020/英语/全国/新课标全国Ⅱ卷/2020_英语_新课标全国Ⅱ卷_听力.mp3,pypdf,12
2020,英语,四川,老高考,2025,全国卷,common,新课标全国Ⅲ卷,done,../papers/2020/英语/全国/新课标全国Ⅲ卷/2020_英语_新课标全国Ⅲ卷_原卷.pdf,../papers/2020/英语/全国/新课标全国Ⅲ卷/2020_英语_新课标全国Ⅲ卷_OCR与考点.md,../papers/2020/英语/全国/新课标全国Ⅲ卷/2020_英语_新课标全国Ⅲ卷_听力.mp3,pypdf,
2020,英语,贵州,老高考,2024,全国卷,common,新课标全国Ⅲ卷,done,../papers/2020/英语/全国/新课标全国Ⅲ卷/2020_英语_新课标全国Ⅲ卷_原卷.pdf,../papers/2020/英语/全国/新课标全国Ⅲ卷/2020_英语_新课标全国Ⅲ卷_OCR与考点.md,../papers/2020/英语/全国/新课标全国Ⅲ卷/2020_英语_新课标全国Ⅲ卷_听力.mp3,pypdf,
2020,英语,云南,老高考,2025,全国卷,common,新课标全国Ⅲ卷,done,../papers/2020/英语/全国/新课标全国Ⅲ卷/2020_英语_新课标全国Ⅲ卷_原卷.pdf,../papers/2020/英语/全国/新课标全国Ⅲ卷/2020_英语_新课标全国Ⅲ卷_OCR与考点.md,../papers/2020/英语/全国/新课标全国Ⅲ卷/2020_英语_新课标全国Ⅲ卷_听力.mp3,pypdf,
2020,英语,西藏,老高考,,全国卷,common,新课标全国Ⅲ卷,done,../papers/2020/英语/全国/新课标全国Ⅲ卷/2020_英语_新课标全国Ⅲ卷_原卷.pdf,../papers/2020/英语/全国/新课标全国Ⅲ卷/2020_英语_新课标全国Ⅲ卷_OCR与考点.md,../papers/2020/英语/全国/新课标全国Ⅲ卷/2020_英语_新课标全国Ⅲ卷_听力.mp3,pypdf,
2020,英语,陕西,老高考,2025,全国卷,common,新课标全国Ⅱ卷,done,../papers/2020/英语/全国/新课标全国Ⅱ卷/2020_英语_新课标全国Ⅱ卷_原卷.pdf,../papers/2020/英语/全国/新课标全国Ⅱ卷/2020_英语_新课标全国Ⅱ卷_OCR与考点.md,../papers/2020/英语/全国/新课标全国Ⅱ卷/2020_英语_新课标全国Ⅱ卷_听力.mp3,pypdf,12
2020,英语,甘肃,老高考,2024,全国卷,common,新课标全国Ⅱ卷,done,../papers/2020/英语/全国/新课标全国Ⅱ卷/2020_英语_新课标全国Ⅱ卷_原卷.pdf,../papers/2020/英语/全国/新课标全国Ⅱ卷/2020_英语_新课标全国Ⅱ卷_OCR与考点.md,../papers/2020/英语/全国/新课标全国Ⅱ卷/2020_英语_新课标全国Ⅱ卷_听力.mp3,pypdf,12
2020,英语,青海,老高考,2025,全国卷,common,新课标全国Ⅱ卷,done,../papers/2020/英语/全国/新课标全国Ⅱ卷/2020_英语_新课标全国Ⅱ卷_原卷.pdf,../papers/2020/英语/全国/新课标全国Ⅱ卷/2020_英语_新课标全国Ⅱ卷_OCR与考点.md,../papers/2020/英语/全国/新课标全国Ⅱ卷/2020_英语_新课标全国Ⅱ卷_听力.mp3,pypdf,12
2020,英语,宁夏,老高考,2025,全国卷,common,新课标全国Ⅱ卷,done,../papers/2020/英语/全国/新课标全国Ⅱ卷/2020_英语_新课标全国Ⅱ卷_原卷.pdf,../papers/2020/英语/全国/新课标全国Ⅱ卷/2020_英语_新课标全国Ⅱ卷_OCR与考点.md,../papers/2020/英语/全国/新课标全国Ⅱ卷/2020_英语_新课标全国Ⅱ卷_听力.mp3,pypdf,12
2020,英语,新疆,老高考,,全国卷,common,新课标全国Ⅱ卷,done,../papers/2020/英语/全国/新课标全国Ⅱ卷/2020_英语_新课标全国Ⅱ卷_原卷.pdf,../papers/2020/英语/全国/新课标全国Ⅱ卷/2020_英语_新课标全国Ⅱ卷_OCR与考点.md,../papers/2020/英语/全国/新课标全国Ⅱ卷/2020_英语_新课标全国Ⅱ卷_听力.mp3,pypdf,12
2020,物理,北京,新高考,2020,地方/区域卷,local,北京卷,done,../papers/2020/物理/北京/北京卷/2020_物理_北京卷_原卷.pdf,../papers/2020/物理/北京/北京卷/2020_物理_北京卷_OCR与考点.md,,pypdf,13
2020,物理,天津,新高考,2020,地方/区域卷,local,天津卷,done,../papers/2020/物理/天津/天津卷/2020_物理_天津卷_原卷.pdf,../papers/2020/物理/天津/天津卷/2020_物理_天津卷_OCR与考点.md,,pypdf,8
2020,物理,河北,老高考,2021,全国卷,common,新课标全国Ⅰ卷,done,../papers/2020/物理/全国/新课标全国Ⅰ卷理综/2020_物理_新课标全国Ⅰ卷理综_原卷.pdf,../papers/2020/物理/全国/新课标全国Ⅰ卷理综/2020_物理_新课标全国Ⅰ卷理综_OCR与考点.md,,pypdf,9
2020,物理,山西,老高考,2025,全国卷,common,新课标全国Ⅰ卷,done,../papers/2020/物理/全国/新课标全国Ⅰ卷理综/2020_物理_新课标全国Ⅰ卷理综_原卷.pdf,../papers/2020/物理/全国/新课标全国Ⅰ卷理综/2020_物理_新课标全国Ⅰ卷理综_OCR与考点.md,,pypdf,9
2020,物理,内蒙古,老高考,2025,全国卷,common,新课标全国Ⅱ卷,done,../papers/2020/物理/全国/新课标全国Ⅱ卷理综/2020_物理_新课标全国Ⅱ卷理综_原卷.pdf,../papers/2020/物理/全国/新课标全国Ⅱ卷理综/2020_物理_新课标全国Ⅱ卷理综_OCR与考点.md,,pypdf,8
2020,物理,辽宁,老高考,2021,全国卷,common,新课标全国Ⅱ卷,done,../papers/2020/物理/全国/新课标全国Ⅱ卷理综/2020_物理_新课标全国Ⅱ卷理综_原卷.pdf,../papers/2020/物理/全国/新课标全国Ⅱ卷理综/2020_物理_新课标全国Ⅱ卷理综_OCR与考点.md,,pypdf,8
2020,物理,吉林,老高考,2024,全国卷,common,新课标全国Ⅱ卷,done,../papers/2020/物理/全国/新课标全国Ⅱ卷理综/2020_物理_新课标全国Ⅱ卷理综_原卷.pdf,../papers/2020/物理/全国/新课标全国Ⅱ卷理综/2020_物理_新课标全国Ⅱ卷理综_OCR与考点.md,,pypdf,8
2020,物理,黑龙江,老高考,2024,全国卷,common,新课标全国Ⅱ卷,done,../papers/2020/物理/全国/新课标全国Ⅱ卷理综/2020_物理_新课标全国Ⅱ卷理综_原卷.pdf,../papers/2020/物理/全国/新课标全国Ⅱ卷理综/2020_物理_新课标全国Ⅱ卷理综_OCR与考点.md,,pypdf,8
2020,物理,上海,新高考,2017,地方/区域卷,local,上海卷,done,../papers/2020/物理/上海/上海卷/2020_物理_上海卷_原卷.pdf,../papers/2020/物理/上海/上海卷/2020_物理_上海卷_OCR与考点.md,,pypdf,5
2020,物理,江苏,老高考,2021,地方/区域卷,local,江苏卷,done,../papers/2020/物理/江苏/江苏理综/2020_物理_江苏理综_原卷.pdf,../papers/2020/物理/江苏/江苏理综/2020_物理_江苏理综_OCR与考点.md,,pypdf,8
2020,物理,浙江,新高考,2017,地方/区域卷,local,浙江卷,done,../papers/2020/物理/浙江/浙江卷/2020_物理_浙江卷_原卷.pdf,../papers/2020/物理/浙江/浙江卷/2020_物理_浙江卷_OCR与考点.md,,pypdf,11
2020,物理,安徽,老高考,2024,全国卷,common,新课标全国Ⅰ卷,done,../papers/2020/物理/全国/新课标全国Ⅰ卷理综/2020_物理_新课标全国Ⅰ卷理综_原卷.pdf,../papers/2020/物理/全国/新课标全国Ⅰ卷理综/2020_物理_新课标全国Ⅰ卷理综_OCR与考点.md,,pypdf,9
2020,物理,福建,老高考,2021,全国卷,common,新课标全国Ⅰ卷,done,../papers/2020/物理/全国/新课标全国Ⅰ卷理综/2020_物理_新课标全国Ⅰ卷理综_原卷.pdf,../papers/2020/物理/全国/新课标全国Ⅰ卷理综/2020_物理_新课标全国Ⅰ卷理综_OCR与考点.md,,pypdf,9
2020,物理,江西,老高考,2024,全国卷,common,新课标全国Ⅰ卷,done,../papers/2020/物理/全国/新课标全国Ⅰ卷理综/2020_物理_新课标全国Ⅰ卷理综_原卷.pdf,../papers/2020/物理/全国/新课标全国Ⅰ卷理综/2020_物理_新课标全国Ⅰ卷理综_OCR与考点.md,,pypdf,9
2020,物理,山东,新高考,2020,地方/区域卷,local,山东卷,done,../papers/2020/物理/山东/山东卷/2020_物理_山东卷_原卷.pdf,../papers/2020/物理/山东/山东卷/2020_物理_山东卷_OCR与考点.md,,pypdf,11
2020,物理,河南,老高考,2025,全国卷,common,新课标全国Ⅰ卷,done,../papers/2020/物理/全国/新课标全国Ⅰ卷理综/2020_物理_新课标全国Ⅰ卷理综_原卷.pdf,../papers/2020/物理/全国/新课标全国Ⅰ卷理综/2020_物理_新课标全国Ⅰ卷理综_OCR与考点.md,,pypdf,9
2020,物理,湖北,老高考,2021,全国卷,common,新课标全国Ⅰ卷,done,../papers/2020/物理/全国/新课标全国Ⅰ卷理综/2020_物理_新课标全国Ⅰ卷理综_原卷.pdf,../papers/2020/物理/全国/新课标全国Ⅰ卷理综/2020_物理_新课标全国Ⅰ卷理综_OCR与考点.md,,pypdf,9
2020,物理,湖南,老高考,2021,全国卷,common,新课标全国Ⅰ卷,done,../papers/2020/物理/全国/新课标全国Ⅰ卷理综/2020_物理_新课标全国Ⅰ卷理综_原卷.pdf,../papers/2020/物理/全国/新课标全国Ⅰ卷理综/2020_物理_新课标全国Ⅰ卷理综_OCR与考点.md,,pypdf,9
2020,物理,广东,老高考,2021,全国卷,common,新课标全国Ⅰ卷,done,../papers/2020/物理/全国/新课标全国Ⅰ卷理综/2020_物理_新课标全国Ⅰ卷理综_原卷.pdf,../papers/2020/物理/全国/新课标全国Ⅰ卷理综/2020_物理_新课标全国Ⅰ卷理综_OCR与考点.md,,pypdf,9
2020,物理,广西,老高考,2024,全国卷,common,新课标全国Ⅲ卷,done,../papers/2020/物理/全国/新课标全国Ⅲ卷理综/2020_物理_新课标全国Ⅲ卷理综_原卷.pdf,../papers/2020/物理/全国/新课标全国Ⅲ卷理综/2020_物理_新课标全国Ⅲ卷理综_OCR与考点.md,,pypdf,
2020,物理,海南,新高考,2020,地方/区域卷,local,海南卷,done,../papers/2020/物理/海南/海南卷/2020_物理_海南卷_原卷.pdf,../papers/2020/物理/海南/海南卷/2020_物理_海南卷_OCR与考点.md,,pypdf,7
2020,物理,重庆,老高考,2021,全国卷,common,新课标全国Ⅱ卷,done,../papers/2020/物理/全国/新课标全国Ⅱ卷理综/2020_物理_新课标全国Ⅱ卷理综_原卷.pdf,../papers/2020/物理/全国/新课标全国Ⅱ卷理综/2020_物理_新课标全国Ⅱ卷理综_OCR与考点.md,,pypdf,8
2020,物理,四川,老高考,2025,全国卷,common,新课标全国Ⅲ卷,done,../papers/2020/物理/全国/新课标全国Ⅲ卷理综/2020_物理_新课标全国Ⅲ卷理综_原卷.pdf,../papers/2020/物理/全国/新课标全国Ⅲ卷理综/2020_物理_新课标全国Ⅲ卷理综_OCR与考点.md,,pypdf,
2020,物理,贵州,老高考,2024,全国卷,common,新课标全国Ⅲ卷,done,../papers/2020/物理/全国/新课标全国Ⅲ卷理综/2020_物理_新课标全国Ⅲ卷理综_原卷.pdf,../papers/2020/物理/全国/新课标全国Ⅲ卷理综/2020_物理_新课标全国Ⅲ卷理综_OCR与考点.md,,pypdf,
2020,物理,云南,老高考,2025,全国卷,common,新课标全国Ⅲ卷,done,../papers/2020/物理/全国/新课标全国Ⅲ卷理综/2020_物理_新课标全国Ⅲ卷理综_原卷.pdf,../papers/2020/物理/全国/新课标全国Ⅲ卷理综/2020_物理_新课标全国Ⅲ卷理综_OCR与考点.md,,pypdf,
2020,物理,西藏,老高考,,全国卷,common,新课标全国Ⅲ卷,done,../papers/2020/物理/全国/新课标全国Ⅲ卷理综/2020_物理_新课标全国Ⅲ卷理综_原卷.pdf,../papers/2020/物理/全国/新课标全国Ⅲ卷理综/2020_物理_新课标全国Ⅲ卷理综_OCR与考点.md,,pypdf,
2020,物理,陕西,老高考,2025,全国卷,common,新课标全国Ⅱ卷,done,../papers/2020/物理/全国/新课标全国Ⅱ卷理综/2020_物理_新课标全国Ⅱ卷理综_原卷.pdf,../papers/2020/物理/全国/新课标全国Ⅱ卷理综/2020_物理_新课标全国Ⅱ卷理综_OCR与考点.md,,pypdf,8
2020,物理,甘肃,老高考,2024,全国卷,common,新课标全国Ⅱ卷,done,../papers/2020/物理/全国/新课标全国Ⅱ卷理综/2020_物理_新课标全国Ⅱ卷理综_原卷.pdf,../papers/2020/物理/全国/新课标全国Ⅱ卷理综/2020_物理_新课标全国Ⅱ卷理综_OCR与考点.md,,pypdf,8
2020,物理,青海,老高考,2025,全国卷,common,新课标全国Ⅱ卷,done,../papers/2020/物理/全国/新课标全国Ⅱ卷理综/2020_物理_新课标全国Ⅱ卷理综_原卷.pdf,../papers/2020/物理/全国/新课标全国Ⅱ卷理综/2020_物理_新课标全国Ⅱ卷理综_OCR与考点.md,,pypdf,8
2020,物理,宁夏,老高考,2025,全国卷,common,新课标全国Ⅱ卷,done,../papers/2020/物理/全国/新课标全国Ⅱ卷理综/2020_物理_新课标全国Ⅱ卷理综_原卷.pdf,../papers/2020/物理/全国/新课标全国Ⅱ卷理综/2020_物理_新课标全国Ⅱ卷理综_OCR与考点.md,,pypdf,8
2020,物理,新疆,老高考,,全国卷,common,新课标全国Ⅱ卷,done,../papers/2020/物理/全国/新课标全国Ⅱ卷理综/2020_物理_新课标全国Ⅱ卷理综_原卷.pdf,../papers/2020/物理/全国/新课标全国Ⅱ卷理综/2020_物理_新课标全国Ⅱ卷理综_OCR与考点.md,,pypdf,8
2020,化学,北京,新高考,2020,地方/区域卷,local,北京卷,done,../papers/2020/化学/北京/北京卷/2020_化学_北京卷_原卷.pdf,../papers/2020/化学/北京/北京卷/2020_化学_北京卷_OCR与考点.md,,pypdf,9
2020,化学,天津,新高考,2020,地方/区域卷,local,天津卷,done,../papers/2020/化学/天津/天津卷/2020_化学_天津卷_原卷.pdf,../papers/2020/化学/天津/天津卷/2020_化学_天津卷_OCR与考点.md,,pypdf,8
2020,化学,河北,老高考,2021,全国卷,common,新课标全国Ⅰ卷,done,../papers/2020/化学/全国/新课标全国Ⅰ卷理综/2020_化学_新课标全国Ⅰ卷理综_原卷.pdf,../papers/2020/化学/全国/新课标全国Ⅰ卷理综/2020_化学_新课标全国Ⅰ卷理综_OCR与考点.md,,pypdf,9
2020,化学,山西,老高考,2025,全国卷,common,新课标全国Ⅰ卷,done,../papers/2020/化学/全国/新课标全国Ⅰ卷理综/2020_化学_新课标全国Ⅰ卷理综_原卷.pdf,../papers/2020/化学/全国/新课标全国Ⅰ卷理综/2020_化学_新课标全国Ⅰ卷理综_OCR与考点.md,,pypdf,9
2020,化学,内蒙古,老高考,2025,全国卷,common,新课标全国Ⅱ卷,done,../papers/2020/化学/全国/新课标全国Ⅱ卷理综/2020_化学_新课标全国Ⅱ卷理综_原卷.pdf,../papers/2020/化学/全国/新课标全国Ⅱ卷理综/2020_化学_新课标全国Ⅱ卷理综_OCR与考点.md,,pypdf,10
2020,化学,辽宁,老高考,2021,全国卷,common,新课标全国Ⅱ卷,done,../papers/2020/化学/全国/新课标全国Ⅱ卷理综/2020_化学_新课标全国Ⅱ卷理综_原卷.pdf,../papers/2020/化学/全国/新课标全国Ⅱ卷理综/2020_化学_新课标全国Ⅱ卷理综_OCR与考点.md,,pypdf,10
2020,化学,吉林,老高考,2024,全国卷,common,新课标全国Ⅱ卷,done,../papers/2020/化学/全国/新课标全国Ⅱ卷理综/2020_化学_新课标全国Ⅱ卷理综_原卷.pdf,../papers/2020/化学/全国/新课标全国Ⅱ卷理综/2020_化学_新课标全国Ⅱ卷理综_OCR与考点.md,,pypdf,10
2020,化学,黑龙江,老高考,2024,全国卷,common,新课标全国Ⅱ卷,done,../papers/2020/化学/全国/新课标全国Ⅱ卷理综/2020_化学_新课标全国Ⅱ卷理综_原卷.pdf,../papers/2020/化学/全国/新课标全国Ⅱ卷理综/2020_化学_新课标全国Ⅱ卷理综_OCR与考点.md,,pypdf,10
2020,化学,上海,新高考,2017,地方/区域卷,local,上海卷,pdf_only,../papers/2020/化学/上海/上海卷/2020_化学_上海卷_原卷.pdf,,,,
2020,化学,江苏,老高考,2021,地方/区域卷,local,江苏卷,done,../papers/2020/化学/江苏/江苏理综/2020_化学_江苏理综_原卷.pdf,../papers/2020/化学/江苏/江苏理综/2020_化学_江苏理综_OCR与考点.md,,pypdf,9
2020,化学,浙江,新高考,2017,地方/区域卷,local,浙江卷,done,../papers/2020/化学/浙江/浙江卷/2020_化学_浙江卷_原卷.pdf,../papers/2020/化学/浙江/浙江卷/2020_化学_浙江卷_OCR与考点.md,,pypdf,11
2020,化学,安徽,老高考,2024,全国卷,common,新课标全国Ⅰ卷,done,../papers/2020/化学/全国/新课标全国Ⅰ卷理综/2020_化学_新课标全国Ⅰ卷理综_原卷.pdf,../papers/2020/化学/全国/新课标全国Ⅰ卷理综/2020_化学_新课标全国Ⅰ卷理综_OCR与考点.md,,pypdf,9
2020,化学,福建,老高考,2021,全国卷,common,新课标全国Ⅰ卷,done,../papers/2020/化学/全国/新课标全国Ⅰ卷理综/2020_化学_新课标全国Ⅰ卷理综_原卷.pdf,../papers/2020/化学/全国/新课标全国Ⅰ卷理综/2020_化学_新课标全国Ⅰ卷理综_OCR与考点.md,,pypdf,9
2020,化学,江西,老高考,2024,全国卷,common,新课标全国Ⅰ卷,done,../papers/2020/化学/全国/新课标全国Ⅰ卷理综/2020_化学_新课标全国Ⅰ卷理综_原卷.pdf,../papers/2020/化学/全国/新课标全国Ⅰ卷理综/2020_化学_新课标全国Ⅰ卷理综_OCR与考点.md,,pypdf,9
2020,化学,山东,新高考,2020,地方/区域卷,local,山东卷,done,../papers/2020/化学/山东/山东卷/2020_化学_山东卷_原卷.pdf,../papers/2020/化学/山东/山东卷/2020_化学_山东卷_OCR与考点.md,,pypdf,10
2020,化学,河南,老高考,2025,全国卷,common,新课标全国Ⅰ卷,done,../papers/2020/化学/全国/新课标全国Ⅰ卷理综/2020_化学_新课标全国Ⅰ卷理综_原卷.pdf,../papers/2020/化学/全国/新课标全国Ⅰ卷理综/2020_化学_新课标全国Ⅰ卷理综_OCR与考点.md,,pypdf,9
2020,化学,湖北,老高考,2021,全国卷,common,新课标全国Ⅰ卷,done,../papers/2020/化学/全国/新课标全国Ⅰ卷理综/2020_化学_新课标全国Ⅰ卷理综_原卷.pdf,../papers/2020/化学/全国/新课标全国Ⅰ卷理综/2020_化学_新课标全国Ⅰ卷理综_OCR与考点.md,,pypdf,9
2020,化学,湖南,老高考,2021,全国卷,common,新课标全国Ⅰ卷,done,../papers/2020/化学/全国/新课标全国Ⅰ卷理综/2020_化学_新课标全国Ⅰ卷理综_原卷.pdf,../papers/2020/化学/全国/新课标全国Ⅰ卷理综/2020_化学_新课标全国Ⅰ卷理综_OCR与考点.md,,pypdf,9
2020,化学,广东,老高考,2021,全国卷,common,新课标全国Ⅰ卷,done,../papers/2020/化学/全国/新课标全国Ⅰ卷理综/2020_化学_新课标全国Ⅰ卷理综_原卷.pdf,../papers/2020/化学/全国/新课标全国Ⅰ卷理综/2020_化学_新课标全国Ⅰ卷理综_OCR与考点.md,,pypdf,9
2020,化学,广西,老高考,2024,全国卷,common,新课标全国Ⅲ卷,done,../papers/2020/化学/全国/新课标全国Ⅲ卷理综/2020_化学_新课标全国Ⅲ卷理综_原卷.pdf,../papers/2020/化学/全国/新课标全国Ⅲ卷理综/2020_化学_新课标全国Ⅲ卷理综_OCR与考点.md,,pypdf,
2020,化学,海南,新高考,2020,地方/区域卷,local,海南卷,done,../papers/2020/化学/海南/海南卷/2020_化学_海南卷_原卷.pdf,../papers/2020/化学/海南/海南卷/2020_化学_海南卷_OCR与考点.md,,pypdf,8
2020,化学,重庆,老高考,2021,全国卷,common,新课标全国Ⅱ卷,done,../papers/2020/化学/全国/新课标全国Ⅱ卷理综/2020_化学_新课标全国Ⅱ卷理综_原卷.pdf,../papers/2020/化学/全国/新课标全国Ⅱ卷理综/2020_化学_新课标全国Ⅱ卷理综_OCR与考点.md,,pypdf,10
2020,化学,四川,老高考,2025,全国卷,common,新课标全国Ⅲ卷,done,../papers/2020/化学/全国/新课标全国Ⅲ卷理综/2020_化学_新课标全国Ⅲ卷理综_原卷.pdf,../papers/2020/化学/全国/新课标全国Ⅲ卷理综/2020_化学_新课标全国Ⅲ卷理综_OCR与考点.md,,pypdf,
2020,化学,贵州,老高考,2024,全国卷,common,新课标全国Ⅲ卷,done,../papers/2020/化学/全国/新课标全国Ⅲ卷理综/2020_化学_新课标全国Ⅲ卷理综_原卷.pdf,../papers/2020/化学/全国/新课标全国Ⅲ卷理综/2020_化学_新课标全国Ⅲ卷理综_OCR与考点.md,,pypdf,
2020,化学,云南,老高考,2025,全国卷,common,新课标全国Ⅲ卷,done,../papers/2020/化学/全国/新课标全国Ⅲ卷理综/2020_化学_新课标全国Ⅲ卷理综_原卷.pdf,../papers/2020/化学/全国/新课标全国Ⅲ卷理综/2020_化学_新课标全国Ⅲ卷理综_OCR与考点.md,,pypdf,
2020,化学,西藏,老高考,,全国卷,common,新课标全国Ⅲ卷,done,../papers/2020/化学/全国/新课标全国Ⅲ卷理综/2020_化学_新课标全国Ⅲ卷理综_原卷.pdf,../papers/2020/化学/全国/新课标全国Ⅲ卷理综/2020_化学_新课标全国Ⅲ卷理综_OCR与考点.md,,pypdf,
2020,化学,陕西,老高考,2025,全国卷,common,新课标全国Ⅱ卷,done,../papers/2020/化学/全国/新课标全国Ⅱ卷理综/2020_化学_新课标全国Ⅱ卷理综_原卷.pdf,../papers/2020/化学/全国/新课标全国Ⅱ卷理综/2020_化学_新课标全国Ⅱ卷理综_OCR与考点.md,,pypdf,10
2020,化学,甘肃,老高考,2024,全国卷,common,新课标全国Ⅱ卷,done,../papers/2020/化学/全国/新课标全国Ⅱ卷理综/2020_化学_新课标全国Ⅱ卷理综_原卷.pdf,../papers/2020/化学/全国/新课标全国Ⅱ卷理综/2020_化学_新课标全国Ⅱ卷理综_OCR与考点.md,,pypdf,10
2020,化学,青海,老高考,2025,全国卷,common,新课标全国Ⅱ卷,done,../papers/2020/化学/全国/新课标全国Ⅱ卷理综/2020_化学_新课标全国Ⅱ卷理综_原卷.pdf,../papers/2020/化学/全国/新课标全国Ⅱ卷理综/2020_化学_新课标全国Ⅱ卷理综_OCR与考点.md,,pypdf,10
2020,化学,宁夏,老高考,2025,全国卷,common,新课标全国Ⅱ卷,done,../papers/2020/化学/全国/新课标全国Ⅱ卷理综/2020_化学_新课标全国Ⅱ卷理综_原卷.pdf,../papers/2020/化学/全国/新课标全国Ⅱ卷理综/2020_化学_新课标全国Ⅱ卷理综_OCR与考点.md,,pypdf,10
2020,化学,新疆,老高考,,全国卷,common,新课标全国Ⅱ卷,done,../papers/2020/化学/全国/新课标全国Ⅱ卷理综/2020_化学_新课标全国Ⅱ卷理综_原卷.pdf,../papers/2020/化学/全国/新课标全国Ⅱ卷理综/2020_化学_新课标全国Ⅱ卷理综_OCR与考点.md,,pypdf,10
2020,生物,北京,新高考,2020,地方/区域卷,local,北京卷,done,../papers/2020/生物/北京/北京卷/2020_生物_北京卷_原卷.pdf,../papers/2020/生物/北京/北京卷/2020_生物_北京卷_OCR与考点.md,,pypdf,11
2020,生物,天津,新高考,2020,地方/区域卷,local,天津卷,done,../papers/2020/生物/天津/天津卷/2020_生物_天津卷_原卷.pdf,../papers/2020/生物/天津/天津卷/2020_生物_天津卷_OCR与考点.md,,pypdf,9
2020,生物,河北,老高考,2021,全国卷,common,新课标全国Ⅰ卷,done,../papers/2020/生物/全国/新课标全国Ⅰ卷理综/2020_生物_新课标全国Ⅰ卷理综_原卷.pdf,../papers/2020/生物/全国/新课标全国Ⅰ卷理综/2020_生物_新课标全国Ⅰ卷理综_OCR与考点.md,,pypdf,5
2020,生物,山西,老高考,2025,全国卷,common,新课标全国Ⅰ卷,done,../papers/2020/生物/全国/新课标全国Ⅰ卷理综/2020_生物_新课标全国Ⅰ卷理综_原卷.pdf,../papers/2020/生物/全国/新课标全国Ⅰ卷理综/2020_生物_新课标全国Ⅰ卷理综_OCR与考点.md,,pypdf,5
2020,生物,内蒙古,老高考,2025,全国卷,common,新课标全国Ⅱ卷,done,../papers/2020/生物/全国/新课标全国Ⅱ卷理综/2020_生物_新课标全国Ⅱ卷理综_原卷.pdf,../papers/2020/生物/全国/新课标全国Ⅱ卷理综/2020_生物_新课标全国Ⅱ卷理综_OCR与考点.md,,pypdf,4
2020,生物,辽宁,老高考,2021,全国卷,common,新课标全国Ⅱ卷,done,../papers/2020/生物/全国/新课标全国Ⅱ卷理综/2020_生物_新课标全国Ⅱ卷理综_原卷.pdf,../papers/2020/生物/全国/新课标全国Ⅱ卷理综/2020_生物_新课标全国Ⅱ卷理综_OCR与考点.md,,pypdf,4
2020,生物,吉林,老高考,2024,全国卷,common,新课标全国Ⅱ卷,done,../papers/2020/生物/全国/新课标全国Ⅱ卷理综/2020_生物_新课标全国Ⅱ卷理综_原卷.pdf,../papers/2020/生物/全国/新课标全国Ⅱ卷理综/2020_生物_新课标全国Ⅱ卷理综_OCR与考点.md,,pypdf,4
2020,生物,黑龙江,老高考,2024,全国卷,common,新课标全国Ⅱ卷,done,../papers/2020/生物/全国/新课标全国Ⅱ卷理综/2020_生物_新课标全国Ⅱ卷理综_原卷.pdf,../papers/2020/生物/全国/新课标全国Ⅱ卷理综/2020_生物_新课标全国Ⅱ卷理综_OCR与考点.md,,pypdf,4
2020,生物,上海,新高考,2017,地方/区域卷,local,上海卷,done,../papers/2020/生物/上海/上海卷/2020_生物_上海卷_原卷.pdf,../papers/2020/生物/上海/上海卷/2020_生物_上海卷_OCR与考点.md,,pypdf,9
2020,生物,江苏,老高考,2021,地方/区域卷,local,江苏卷,done,../papers/2020/生物/江苏/江苏理综/2020_生物_江苏理综_原卷.pdf,../papers/2020/生物/江苏/江苏理综/2020_生物_江苏理综_OCR与考点.md,,pypdf,13
2020,生物,浙江,新高考,2017,地方/区域卷,local,浙江卷,done,../papers/2020/生物/浙江/浙江卷/2020_生物_浙江卷_原卷.pdf,../papers/2020/生物/浙江/浙江卷/2020_生物_浙江卷_OCR与考点.md,,pypdf,9
2020,生物,安徽,老高考,2024,全国卷,common,新课标全国Ⅰ卷,done,../papers/2020/生物/全国/新课标全国Ⅰ卷理综/2020_生物_新课标全国Ⅰ卷理综_原卷.pdf,../papers/2020/生物/全国/新课标全国Ⅰ卷理综/2020_生物_新课标全国Ⅰ卷理综_OCR与考点.md,,pypdf,5
2020,生物,福建,老高考,2021,全国卷,common,新课标全国Ⅰ卷,done,../papers/2020/生物/全国/新课标全国Ⅰ卷理综/2020_生物_新课标全国Ⅰ卷理综_原卷.pdf,../papers/2020/生物/全国/新课标全国Ⅰ卷理综/2020_生物_新课标全国Ⅰ卷理综_OCR与考点.md,,pypdf,5
2020,生物,江西,老高考,2024,全国卷,common,新课标全国Ⅰ卷,done,../papers/2020/生物/全国/新课标全国Ⅰ卷理综/2020_生物_新课标全国Ⅰ卷理综_原卷.pdf,../papers/2020/生物/全国/新课标全国Ⅰ卷理综/2020_生物_新课标全国Ⅰ卷理综_OCR与考点.md,,pypdf,5
2020,生物,山东,新高考,2020,地方/区域卷,local,山东卷,done,../papers/2020/生物/山东/山东卷/2020_生物_山东卷_原卷.pdf,../papers/2020/生物/山东/山东卷/2020_生物_山东卷_OCR与考点.md,,pypdf,10
2020,生物,河南,老高考,2025,全国卷,common,新课标全国Ⅰ卷,done,../papers/2020/生物/全国/新课标全国Ⅰ卷理综/2020_生物_新课标全国Ⅰ卷理综_原卷.pdf,../papers/2020/生物/全国/新课标全国Ⅰ卷理综/2020_生物_新课标全国Ⅰ卷理综_OCR与考点.md,,pypdf,5
2020,生物,湖北,老高考,2021,全国卷,common,新课标全国Ⅰ卷,done,../papers/2020/生物/全国/新课标全国Ⅰ卷理综/2020_生物_新课标全国Ⅰ卷理综_原卷.pdf,../papers/2020/生物/全国/新课标全国Ⅰ卷理综/2020_生物_新课标全国Ⅰ卷理综_OCR与考点.md,,pypdf,5
2020,生物,湖南,老高考,2021,全国卷,common,新课标全国Ⅰ卷,done,../papers/2020/生物/全国/新课标全国Ⅰ卷理综/2020_生物_新课标全国Ⅰ卷理综_原卷.pdf,../papers/2020/生物/全国/新课标全国Ⅰ卷理综/2020_生物_新课标全国Ⅰ卷理综_OCR与考点.md,,pypdf,5
2020,生物,广东,老高考,2021,全国卷,common,新课标全国Ⅰ卷,done,../papers/2020/生物/全国/新课标全国Ⅰ卷理综/2020_生物_新课标全国Ⅰ卷理综_原卷.pdf,../papers/2020/生物/全国/新课标全国Ⅰ卷理综/2020_生物_新课标全国Ⅰ卷理综_OCR与考点.md,,pypdf,5
2020,生物,广西,老高考,2024,全国卷,common,新课标全国Ⅲ卷,done,../papers/2020/生物/全国/新课标全国Ⅲ卷理综/2020_生物_新课标全国Ⅲ卷理综_原卷.pdf,../papers/2020/生物/全国/新课标全国Ⅲ卷理综/2020_生物_新课标全国Ⅲ卷理综_OCR与考点.md,,pypdf,
2020,生物,海南,新高考,2020,地方/区域卷,local,海南卷,done,../papers/2020/生物/海南/海南卷/2020_生物_海南卷_原卷.pdf,../papers/2020/生物/海南/海南卷/2020_生物_海南卷_OCR与考点.md,,pypdf,8
2020,生物,重庆,老高考,2021,全国卷,common,新课标全国Ⅱ卷,done,../papers/2020/生物/全国/新课标全国Ⅱ卷理综/2020_生物_新课标全国Ⅱ卷理综_原卷.pdf,../papers/2020/生物/全国/新课标全国Ⅱ卷理综/2020_生物_新课标全国Ⅱ卷理综_OCR与考点.md,,pypdf,4
2020,生物,四川,老高考,2025,全国卷,common,新课标全国Ⅲ卷,done,../papers/2020/生物/全国/新课标全国Ⅲ卷理综/2020_生物_新课标全国Ⅲ卷理综_原卷.pdf,../papers/2020/生物/全国/新课标全国Ⅲ卷理综/2020_生物_新课标全国Ⅲ卷理综_OCR与考点.md,,pypdf,
2020,生物,贵州,老高考,2024,全国卷,common,新课标全国Ⅲ卷,done,../papers/2020/生物/全国/新课标全国Ⅲ卷理综/2020_生物_新课标全国Ⅲ卷理综_原卷.pdf,../papers/2020/生物/全国/新课标全国Ⅲ卷理综/2020_生物_新课标全国Ⅲ卷理综_OCR与考点.md,,pypdf,
2020,生物,云南,老高考,2025,全国卷,common,新课标全国Ⅲ卷,done,../papers/2020/生物/全国/新课标全国Ⅲ卷理综/2020_生物_新课标全国Ⅲ卷理综_原卷.pdf,../papers/2020/生物/全国/新课标全国Ⅲ卷理综/2020_生物_新课标全国Ⅲ卷理综_OCR与考点.md,,pypdf,
2020,生物,西藏,老高考,,全国卷,common,新课标全国Ⅲ卷,done,../papers/2020/生物/全国/新课标全国Ⅲ卷理综/2020_生物_新课标全国Ⅲ卷理综_原卷.pdf,../papers/2020/生物/全国/新课标全国Ⅲ卷理综/2020_生物_新课标全国Ⅲ卷理综_OCR与考点.md,,pypdf,
2020,生物,陕西,老高考,2025,全国卷,common,新课标全国Ⅱ卷,done,../papers/2020/生物/全国/新课标全国Ⅱ卷理综/2020_生物_新课标全国Ⅱ卷理综_原卷.pdf,../papers/2020/生物/全国/新课标全国Ⅱ卷理综/2020_生物_新课标全国Ⅱ卷理综_OCR与考点.md,,pypdf,4
2020,生物,甘肃,老高考,2024,全国卷,common,新课标全国Ⅱ卷,done,../papers/2020/生物/全国/新课标全国Ⅱ卷理综/2020_生物_新课标全国Ⅱ卷理综_原卷.pdf,../papers/2020/生物/全国/新课标全国Ⅱ卷理综/2020_生物_新课标全国Ⅱ卷理综_OCR与考点.md,,pypdf,4
2020,生物,青海,老高考,2025,全国卷,common,新课标全国Ⅱ卷,done,../papers/2020/生物/全国/新课标全国Ⅱ卷理综/2020_生物_新课标全国Ⅱ卷理综_原卷.pdf,../papers/2020/生物/全国/新课标全国Ⅱ卷理综/2020_生物_新课标全国Ⅱ卷理综_OCR与考点.md,,pypdf,4
2020,生物,宁夏,老高考,2025,全国卷,common,新课标全国Ⅱ卷,done,../papers/2020/生物/全国/新课标全国Ⅱ卷理综/2020_生物_新课标全国Ⅱ卷理综_原卷.pdf,../papers/2020/生物/全国/新课标全国Ⅱ卷理综/2020_生物_新课标全国Ⅱ卷理综_OCR与考点.md,,pypdf,4
2020,生物,新疆,老高考,,全国卷,common,新课标全国Ⅱ卷,done,../papers/2020/生物/全国/新课标全国Ⅱ卷理综/2020_生物_新课标全国Ⅱ卷理综_原卷.pdf,../papers/2020/生物/全国/新课标全国Ⅱ卷理综/2020_生物_新课标全国Ⅱ卷理综_OCR与考点.md,,pypdf,4
2020,政治,北京,新高考,2020,地方/区域卷,local,北京卷,done,../papers/2020/政治/北京/北京卷/2020_政治_北京卷_原卷.pdf,../papers/2020/政治/北京/北京卷/2020_政治_北京卷_OCR与考点.md,,pypdf,9
2020,政治,天津,新高考,2020,地方/区域卷,local,天津卷,done,../papers/2020/政治/天津/天津卷/2020_政治_天津卷_原卷.pdf,../papers/2020/政治/天津/天津卷/2020_政治_天津卷_OCR与考点.md,,pypdf,7
2020,政治,河北,老高考,2021,全国卷,common,新课标全国Ⅰ卷,done,../papers/2020/政治/全国/新课标全国Ⅰ卷文综/2020_政治_新课标全国Ⅰ卷文综_原卷.pdf,../papers/2020/政治/全国/新课标全国Ⅰ卷文综/2020_政治_新课标全国Ⅰ卷文综_OCR与考点.md,,pypdf,7
2020,政治,山西,老高考,2025,全国卷,common,新课标全国Ⅰ卷,done,../papers/2020/政治/全国/新课标全国Ⅰ卷文综/2020_政治_新课标全国Ⅰ卷文综_原卷.pdf,../papers/2020/政治/全国/新课标全国Ⅰ卷文综/2020_政治_新课标全国Ⅰ卷文综_OCR与考点.md,,pypdf,7
2020,政治,内蒙古,老高考,2025,全国卷,common,新课标全国Ⅱ卷,done,../papers/2020/政治/全国/新课标全国Ⅱ卷文综/2020_政治_新课标全国Ⅱ卷文综_原卷.pdf,../papers/2020/政治/全国/新课标全国Ⅱ卷文综/2020_政治_新课标全国Ⅱ卷文综_OCR与考点.md,,pypdf,7
2020,政治,辽宁,老高考,2021,全国卷,common,新课标全国Ⅱ卷,done,../papers/2020/政治/全国/新课标全国Ⅱ卷文综/2020_政治_新课标全国Ⅱ卷文综_原卷.pdf,../papers/2020/政治/全国/新课标全国Ⅱ卷文综/2020_政治_新课标全国Ⅱ卷文综_OCR与考点.md,,pypdf,7
2020,政治,吉林,老高考,2024,全国卷,common,新课标全国Ⅱ卷,done,../papers/2020/政治/全国/新课标全国Ⅱ卷文综/2020_政治_新课标全国Ⅱ卷文综_原卷.pdf,../papers/2020/政治/全国/新课标全国Ⅱ卷文综/2020_政治_新课标全国Ⅱ卷文综_OCR与考点.md,,pypdf,7
2020,政治,黑龙江,老高考,2024,全国卷,common,新课标全国Ⅱ卷,done,../papers/2020/政治/全国/新课标全国Ⅱ卷文综/2020_政治_新课标全国Ⅱ卷文综_原卷.pdf,../papers/2020/政治/全国/新课标全国Ⅱ卷文综/2020_政治_新课标全国Ⅱ卷文综_OCR与考点.md,,pypdf,7
2020,政治,上海,新高考,2017,,missing,,missing,,,,,
2020,政治,江苏,老高考,2021,地方/区域卷,local,江苏卷,done,../papers/2020/政治/江苏/江苏文综/2020_政治_江苏文综_原卷.pdf,../papers/2020/政治/江苏/江苏文综/2020_政治_江苏文综_OCR与考点.md,,pypdf,10
2020,政治,浙江,新高考,2017,地方/区域卷,local,浙江卷,done,../papers/2020/政治/浙江/浙江卷/2020_政治_浙江卷_原卷.pdf,../papers/2020/政治/浙江/浙江卷/2020_政治_浙江卷_OCR与考点.md,,pypdf,8
2020,政治,安徽,老高考,2024,全国卷,common,新课标全国Ⅰ卷,done,../papers/2020/政治/全国/新课标全国Ⅰ卷文综/2020_政治_新课标全国Ⅰ卷文综_原卷.pdf,../papers/2020/政治/全国/新课标全国Ⅰ卷文综/2020_政治_新课标全国Ⅰ卷文综_OCR与考点.md,,pypdf,7
2020,政治,福建,老高考,2021,全国卷,common,新课标全国Ⅰ卷,done,../papers/2020/政治/全国/新课标全国Ⅰ卷文综/2020_政治_新课标全国Ⅰ卷文综_原卷.pdf,../papers/2020/政治/全国/新课标全国Ⅰ卷文综/2020_政治_新课标全国Ⅰ卷文综_OCR与考点.md,,pypdf,7
2020,政治,江西,老高考,2024,全国卷,common,新课标全国Ⅰ卷,done,../papers/2020/政治/全国/新课标全国Ⅰ卷文综/2020_政治_新课标全国Ⅰ卷文综_原卷.pdf,../papers/2020/政治/全国/新课标全国Ⅰ卷文综/2020_政治_新课标全国Ⅰ卷文综_OCR与考点.md,,pypdf,7
2020,政治,山东,新高考,2020,地方/区域卷,local,山东卷,done,../papers/2020/政治/山东/山东卷/2020_政治_山东卷_原卷.pdf,../papers/2020/政治/山东/山东卷/2020_政治_山东卷_OCR与考点.md,,pypdf,8
2020,政治,河南,老高考,2025,全国卷,common,新课标全国Ⅰ卷,done,../papers/2020/政治/全国/新课标全国Ⅰ卷文综/2020_政治_新课标全国Ⅰ卷文综_原卷.pdf,../papers/2020/政治/全国/新课标全国Ⅰ卷文综/2020_政治_新课标全国Ⅰ卷文综_OCR与考点.md,,pypdf,7
2020,政治,湖北,老高考,2021,全国卷,common,新课标全国Ⅰ卷,done,../papers/2020/政治/全国/新课标全国Ⅰ卷文综/2020_政治_新课标全国Ⅰ卷文综_原卷.pdf,../papers/2020/政治/全国/新课标全国Ⅰ卷文综/2020_政治_新课标全国Ⅰ卷文综_OCR与考点.md,,pypdf,7
2020,政治,湖南,老高考,2021,全国卷,common,新课标全国Ⅰ卷,done,../papers/2020/政治/全国/新课标全国Ⅰ卷文综/2020_政治_新课标全国Ⅰ卷文综_原卷.pdf,../papers/2020/政治/全国/新课标全国Ⅰ卷文综/2020_政治_新课标全国Ⅰ卷文综_OCR与考点.md,,pypdf,7
2020,政治,广东,老高考,2021,全国卷,common,新课标全国Ⅰ卷,done,../papers/2020/政治/全国/新课标全国Ⅰ卷文综/2020_政治_新课标全国Ⅰ卷文综_原卷.pdf,../papers/2020/政治/全国/新课标全国Ⅰ卷文综/2020_政治_新课标全国Ⅰ卷文综_OCR与考点.md,,pypdf,7
2020,政治,广西,老高考,2024,全国卷,common,新课标全国Ⅲ卷,done,../papers/2020/政治/全国/新课标全国Ⅲ卷文综/2020_政治_新课标全国Ⅲ卷文综_原卷.pdf,../papers/2020/政治/全国/新课标全国Ⅲ卷文综/2020_政治_新课标全国Ⅲ卷文综_OCR与考点.md,,pypdf,7
2020,政治,海南,新高考,2020,地方/区域卷,local,海南卷,done,../papers/2020/政治/海南/海南卷/2020_政治_海南卷_原卷.pdf,../papers/2020/政治/海南/海南卷/2020_政治_海南卷_OCR与考点.md,,pypdf,8
2020,政治,重庆,老高考,2021,全国卷,common,新课标全国Ⅱ卷,done,../papers/2020/政治/全国/新课标全国Ⅱ卷文综/2020_政治_新课标全国Ⅱ卷文综_原卷.pdf,../papers/2020/政治/全国/新课标全国Ⅱ卷文综/2020_政治_新课标全国Ⅱ卷文综_OCR与考点.md,,pypdf,7
2020,政治,四川,老高考,2025,全国卷,common,新课标全国Ⅲ卷,done,../papers/2020/政治/全国/新课标全国Ⅲ卷文综/2020_政治_新课标全国Ⅲ卷文综_原卷.pdf,../papers/2020/政治/全国/新课标全国Ⅲ卷文综/2020_政治_新课标全国Ⅲ卷文综_OCR与考点.md,,pypdf,7
2020,政治,贵州,老高考,2024,全国卷,common,新课标全国Ⅲ卷,done,../papers/2020/政治/全国/新课标全国Ⅲ卷文综/2020_政治_新课标全国Ⅲ卷文综_原卷.pdf,../papers/2020/政治/全国/新课标全国Ⅲ卷文综/2020_政治_新课标全国Ⅲ卷文综_OCR与考点.md,,pypdf,7
2020,政治,云南,老高考,2025,全国卷,common,新课标全国Ⅲ卷,done,../papers/2020/政治/全国/新课标全国Ⅲ卷文综/2020_政治_新课标全国Ⅲ卷文综_原卷.pdf,../papers/2020/政治/全国/新课标全国Ⅲ卷文综/2020_政治_新课标全国Ⅲ卷文综_OCR与考点.md,,pypdf,7
2020,政治,西藏,老高考,,全国卷,common,新课标全国Ⅲ卷,done,../papers/2020/政治/全国/新课标全国Ⅲ卷文综/2020_政治_新课标全国Ⅲ卷文综_原卷.pdf,../papers/2020/政治/全国/新课标全国Ⅲ卷文综/2020_政治_新课标全国Ⅲ卷文综_OCR与考点.md,,pypdf,7
2020,政治,陕西,老高考,2025,全国卷,common,新课标全国Ⅱ卷,done,../papers/2020/政治/全国/新课标全国Ⅱ卷文综/2020_政治_新课标全国Ⅱ卷文综_原卷.pdf,../papers/2020/政治/全国/新课标全国Ⅱ卷文综/2020_政治_新课标全国Ⅱ卷文综_OCR与考点.md,,pypdf,7
2020,政治,甘肃,老高考,2024,全国卷,common,新课标全国Ⅱ卷,done,../papers/2020/政治/全国/新课标全国Ⅱ卷文综/2020_政治_新课标全国Ⅱ卷文综_原卷.pdf,../papers/2020/政治/全国/新课标全国Ⅱ卷文综/2020_政治_新课标全国Ⅱ卷文综_OCR与考点.md,,pypdf,7
2020,政治,青海,老高考,2025,全国卷,common,新课标全国Ⅱ卷,done,../papers/2020/政治/全国/新课标全国Ⅱ卷文综/2020_政治_新课标全国Ⅱ卷文综_原卷.pdf,../papers/2020/政治/全国/新课标全国Ⅱ卷文综/2020_政治_新课标全国Ⅱ卷文综_OCR与考点.md,,pypdf,7
2020,政治,宁夏,老高考,2025,全国卷,common,新课标全国Ⅱ卷,done,../papers/2020/政治/全国/新课标全国Ⅱ卷文综/2020_政治_新课标全国Ⅱ卷文综_原卷.pdf,../papers/2020/政治/全国/新课标全国Ⅱ卷文综/2020_政治_新课标全国Ⅱ卷文综_OCR与考点.md,,pypdf,7
2020,政治,新疆,老高考,,全国卷,common,新课标全国Ⅱ卷,done,../papers/2020/政治/全国/新课标全国Ⅱ卷文综/2020_政治_新课标全国Ⅱ卷文综_原卷.pdf,../papers/2020/政治/全国/新课标全国Ⅱ卷文综/2020_政治_新课标全国Ⅱ卷文综_OCR与考点.md,,pypdf,7
2020,历史,北京,新高考,2020,地方/区域卷,local,北京卷,done,../papers/2020/历史/北京/北京卷/2020_历史_北京卷_原卷.pdf,../papers/2020/历史/北京/北京卷/2020_历史_北京卷_OCR与考点.md,,pypdf,8
2020,历史,天津,新高考,2020,地方/区域卷,local,天津卷,done,../papers/2020/历史/天津/天津卷/2020_历史_天津卷_原卷.pdf,../papers/2020/历史/天津/天津卷/2020_历史_天津卷_OCR与考点.md,,pypdf,7
2020,历史,河北,老高考,2021,全国卷,common,新课标全国Ⅰ卷,done,../papers/2020/历史/全国/新课标全国Ⅰ卷文综/2020_历史_新课标全国Ⅰ卷文综_原卷.pdf,../papers/2020/历史/全国/新课标全国Ⅰ卷文综/2020_历史_新课标全国Ⅰ卷文综_OCR与考点.md,,pypdf,8
2020,历史,山西,老高考,2025,全国卷,common,新课标全国Ⅰ卷,done,../papers/2020/历史/全国/新课标全国Ⅰ卷文综/2020_历史_新课标全国Ⅰ卷文综_原卷.pdf,../papers/2020/历史/全国/新课标全国Ⅰ卷文综/2020_历史_新课标全国Ⅰ卷文综_OCR与考点.md,,pypdf,8
2020,历史,内蒙古,老高考,2025,全国卷,common,新课标全国Ⅱ卷,done,../papers/2020/历史/全国/新课标全国Ⅱ卷文综/2020_历史_新课标全国Ⅱ卷文综_原卷.pdf,../papers/2020/历史/全国/新课标全国Ⅱ卷文综/2020_历史_新课标全国Ⅱ卷文综_OCR与考点.md,,pypdf,8
2020,历史,辽宁,老高考,2021,全国卷,common,新课标全国Ⅱ卷,done,../papers/2020/历史/全国/新课标全国Ⅱ卷文综/2020_历史_新课标全国Ⅱ卷文综_原卷.pdf,../papers/2020/历史/全国/新课标全国Ⅱ卷文综/2020_历史_新课标全国Ⅱ卷文综_OCR与考点.md,,pypdf,8
2020,历史,吉林,老高考,2024,全国卷,common,新课标全国Ⅱ卷,done,../papers/2020/历史/全国/新课标全国Ⅱ卷文综/2020_历史_新课标全国Ⅱ卷文综_原卷.pdf,../papers/2020/历史/全国/新课标全国Ⅱ卷文综/2020_历史_新课标全国Ⅱ卷文综_OCR与考点.md,,pypdf,8
2020,历史,黑龙江,老高考,2024,全国卷,common,新课标全国Ⅱ卷,done,../papers/2020/历史/全国/新课标全国Ⅱ卷文综/2020_历史_新课标全国Ⅱ卷文综_原卷.pdf,../papers/2020/历史/全国/新课标全国Ⅱ卷文综/2020_历史_新课标全国Ⅱ卷文综_OCR与考点.md,,pypdf,8
2020,历史,上海,新高考,2017,,missing,,missing,,,,,
2020,历史,江苏,老高考,2021,地方/区域卷,local,江苏卷,done,../papers/2020/历史/江苏/江苏文综/2020_历史_江苏文综_原卷.pdf,../papers/2020/历史/江苏/江苏文综/2020_历史_江苏文综_OCR与考点.md,,pypdf,9
2020,历史,浙江,新高考,2017,地方/区域卷,local,浙江卷,done,../papers/2020/历史/浙江/浙江卷/2020_历史_浙江卷_原卷.pdf,../papers/2020/历史/浙江/浙江卷/2020_历史_浙江卷_OCR与考点.md,,pypdf,9
2020,历史,安徽,老高考,2024,全国卷,common,新课标全国Ⅰ卷,done,../papers/2020/历史/全国/新课标全国Ⅰ卷文综/2020_历史_新课标全国Ⅰ卷文综_原卷.pdf,../papers/2020/历史/全国/新课标全国Ⅰ卷文综/2020_历史_新课标全国Ⅰ卷文综_OCR与考点.md,,pypdf,8
2020,历史,福建,老高考,2021,全国卷,common,新课标全国Ⅰ卷,done,../papers/2020/历史/全国/新课标全国Ⅰ卷文综/2020_历史_新课标全国Ⅰ卷文综_原卷.pdf,../papers/2020/历史/全国/新课标全国Ⅰ卷文综/2020_历史_新课标全国Ⅰ卷文综_OCR与考点.md,,pypdf,8
2020,历史,江西,老高考,2024,全国卷,common,新课标全国Ⅰ卷,done,../papers/2020/历史/全国/新课标全国Ⅰ卷文综/2020_历史_新课标全国Ⅰ卷文综_原卷.pdf,../papers/2020/历史/全国/新课标全国Ⅰ卷文综/2020_历史_新课标全国Ⅰ卷文综_OCR与考点.md,,pypdf,8
2020,历史,山东,新高考,2020,地方/区域卷,local,山东卷,done,../papers/2020/历史/山东/山东卷/2020_历史_山东卷_原卷.pdf,../papers/2020/历史/山东/山东卷/2020_历史_山东卷_OCR与考点.md,,pypdf,8
2020,历史,河南,老高考,2025,全国卷,common,新课标全国Ⅰ卷,done,../papers/2020/历史/全国/新课标全国Ⅰ卷文综/2020_历史_新课标全国Ⅰ卷文综_原卷.pdf,../papers/2020/历史/全国/新课标全国Ⅰ卷文综/2020_历史_新课标全国Ⅰ卷文综_OCR与考点.md,,pypdf,8
2020,历史,湖北,老高考,2021,全国卷,common,新课标全国Ⅰ卷,done,../papers/2020/历史/全国/新课标全国Ⅰ卷文综/2020_历史_新课标全国Ⅰ卷文综_原卷.pdf,../papers/2020/历史/全国/新课标全国Ⅰ卷文综/2020_历史_新课标全国Ⅰ卷文综_OCR与考点.md,,pypdf,8
2020,历史,湖南,老高考,2021,全国卷,common,新课标全国Ⅰ卷,done,../papers/2020/历史/全国/新课标全国Ⅰ卷文综/2020_历史_新课标全国Ⅰ卷文综_原卷.pdf,../papers/2020/历史/全国/新课标全国Ⅰ卷文综/2020_历史_新课标全国Ⅰ卷文综_OCR与考点.md,,pypdf,8
2020,历史,广东,老高考,2021,全国卷,common,新课标全国Ⅰ卷,done,../papers/2020/历史/全国/新课标全国Ⅰ卷文综/2020_历史_新课标全国Ⅰ卷文综_原卷.pdf,../papers/2020/历史/全国/新课标全国Ⅰ卷文综/2020_历史_新课标全国Ⅰ卷文综_OCR与考点.md,,pypdf,8
2020,历史,广西,老高考,2024,全国卷,common,新课标全国Ⅲ卷,done,../papers/2020/历史/全国/新课标全国Ⅲ卷文综/2020_历史_新课标全国Ⅲ卷文综_原卷.pdf,../papers/2020/历史/全国/新课标全国Ⅲ卷文综/2020_历史_新课标全国Ⅲ卷文综_OCR与考点.md,,pypdf,8
2020,历史,海南,新高考,2020,地方/区域卷,local,海南卷,done,../papers/2020/历史/海南/海南卷/2020_历史_海南卷_原卷.pdf,../papers/2020/历史/海南/海南卷/2020_历史_海南卷_OCR与考点.md,,pypdf,7
2020,历史,重庆,老高考,2021,全国卷,common,新课标全国Ⅱ卷,done,../papers/2020/历史/全国/新课标全国Ⅱ卷文综/2020_历史_新课标全国Ⅱ卷文综_原卷.pdf,../papers/2020/历史/全国/新课标全国Ⅱ卷文综/2020_历史_新课标全国Ⅱ卷文综_OCR与考点.md,,pypdf,8
2020,历史,四川,老高考,2025,全国卷,common,新课标全国Ⅲ卷,done,../papers/2020/历史/全国/新课标全国Ⅲ卷文综/2020_历史_新课标全国Ⅲ卷文综_原卷.pdf,../papers/2020/历史/全国/新课标全国Ⅲ卷文综/2020_历史_新课标全国Ⅲ卷文综_OCR与考点.md,,pypdf,8
2020,历史,贵州,老高考,2024,全国卷,common,新课标全国Ⅲ卷,done,../papers/2020/历史/全国/新课标全国Ⅲ卷文综/2020_历史_新课标全国Ⅲ卷文综_原卷.pdf,../papers/2020/历史/全国/新课标全国Ⅲ卷文综/2020_历史_新课标全国Ⅲ卷文综_OCR与考点.md,,pypdf,8
2020,历史,云南,老高考,2025,全国卷,common,新课标全国Ⅲ卷,done,../papers/2020/历史/全国/新课标全国Ⅲ卷文综/2020_历史_新课标全国Ⅲ卷文综_原卷.pdf,../papers/2020/历史/全国/新课标全国Ⅲ卷文综/2020_历史_新课标全国Ⅲ卷文综_OCR与考点.md,,pypdf,8
2020,历史,西藏,老高考,,全国卷,common,新课标全国Ⅲ卷,done,../papers/2020/历史/全国/新课标全国Ⅲ卷文综/2020_历史_新课标全国Ⅲ卷文综_原卷.pdf,../papers/2020/历史/全国/新课标全国Ⅲ卷文综/2020_历史_新课标全国Ⅲ卷文综_OCR与考点.md,,pypdf,8
2020,历史,陕西,老高考,2025,全国卷,common,新课标全国Ⅱ卷,done,../papers/2020/历史/全国/新课标全国Ⅱ卷文综/2020_历史_新课标全国Ⅱ卷文综_原卷.pdf,../papers/2020/历史/全国/新课标全国Ⅱ卷文综/2020_历史_新课标全国Ⅱ卷文综_OCR与考点.md,,pypdf,8
2020,历史,甘肃,老高考,2024,全国卷,common,新课标全国Ⅱ卷,done,../papers/2020/历史/全国/新课标全国Ⅱ卷文综/2020_历史_新课标全国Ⅱ卷文综_原卷.pdf,../papers/2020/历史/全国/新课标全国Ⅱ卷文综/2020_历史_新课标全国Ⅱ卷文综_OCR与考点.md,,pypdf,8
2020,历史,青海,老高考,2025,全国卷,common,新课标全国Ⅱ卷,done,../papers/2020/历史/全国/新课标全国Ⅱ卷文综/2020_历史_新课标全国Ⅱ卷文综_原卷.pdf,../papers/2020/历史/全国/新课标全国Ⅱ卷文综/2020_历史_新课标全国Ⅱ卷文综_OCR与考点.md,,pypdf,8
2020,历史,宁夏,老高考,2025,全国卷,common,新课标全国Ⅱ卷,done,../papers/2020/历史/全国/新课标全国Ⅱ卷文综/2020_历史_新课标全国Ⅱ卷文综_原卷.pdf,../papers/2020/历史/全国/新课标全国Ⅱ卷文综/2020_历史_新课标全国Ⅱ卷文综_OCR与考点.md,,pypdf,8
2020,历史,新疆,老高考,,全国卷,common,新课标全国Ⅱ卷,done,../papers/2020/历史/全国/新课标全国Ⅱ卷文综/2020_历史_新课标全国Ⅱ卷文综_原卷.pdf,../papers/2020/历史/全国/新课标全国Ⅱ卷文综/2020_历史_新课标全国Ⅱ卷文综_OCR与考点.md,,pypdf,8
2020,地理,北京,新高考,2020,地方/区域卷,local,北京卷,done,../papers/2020/地理/北京/北京卷/2020_地理_北京卷_原卷.pdf,../papers/2020/地理/北京/北京卷/2020_地理_北京卷_OCR与考点.md,,pypdf,11
2020,地理,天津,新高考,2020,地方/区域卷,local,天津卷,done,../papers/2020/地理/天津/天津卷/2020_地理_天津卷_原卷.pdf,../papers/2020/地理/天津/天津卷/2020_地理_天津卷_OCR与考点.md,,pypdf,8
2020,地理,河北,老高考,2021,全国卷,common,新课标全国Ⅰ卷,done,../papers/2020/地理/全国/新课标全国Ⅰ卷文综/2020_地理_新课标全国Ⅰ卷文综_原卷.pdf,../papers/2020/地理/全国/新课标全国Ⅰ卷文综/2020_地理_新课标全国Ⅰ卷文综_OCR与考点.md,,pypdf,7
2020,地理,山西,老高考,2025,全国卷,common,新课标全国Ⅰ卷,done,../papers/2020/地理/全国/新课标全国Ⅰ卷文综/2020_地理_新课标全国Ⅰ卷文综_原卷.pdf,../papers/2020/地理/全国/新课标全国Ⅰ卷文综/2020_地理_新课标全国Ⅰ卷文综_OCR与考点.md,,pypdf,7
2020,地理,内蒙古,老高考,2025,全国卷,common,新课标全国Ⅱ卷,done,../papers/2020/地理/全国/新课标全国Ⅱ卷文综/2020_地理_新课标全国Ⅱ卷文综_原卷.pdf,../papers/2020/地理/全国/新课标全国Ⅱ卷文综/2020_地理_新课标全国Ⅱ卷文综_OCR与考点.md,,pypdf,7
2020,地理,辽宁,老高考,2021,全国卷,common,新课标全国Ⅱ卷,done,../papers/2020/地理/全国/新课标全国Ⅱ卷文综/2020_地理_新课标全国Ⅱ卷文综_原卷.pdf,../papers/2020/地理/全国/新课标全国Ⅱ卷文综/2020_地理_新课标全国Ⅱ卷文综_OCR与考点.md,,pypdf,7
2020,地理,吉林,老高考,2024,全国卷,common,新课标全国Ⅱ卷,done,../papers/2020/地理/全国/新课标全国Ⅱ卷文综/2020_地理_新课标全国Ⅱ卷文综_原卷.pdf,../papers/2020/地理/全国/新课标全国Ⅱ卷文综/2020_地理_新课标全国Ⅱ卷文综_OCR与考点.md,,pypdf,7
2020,地理,黑龙江,老高考,2024,全国卷,common,新课标全国Ⅱ卷,done,../papers/2020/地理/全国/新课标全国Ⅱ卷文综/2020_地理_新课标全国Ⅱ卷文综_原卷.pdf,../papers/2020/地理/全国/新课标全国Ⅱ卷文综/2020_地理_新课标全国Ⅱ卷文综_OCR与考点.md,,pypdf,7
2020,地理,上海,新高考,2017,地方/区域卷,local,上海卷,done,../papers/2020/地理/上海/上海卷/2020_地理_上海卷_原卷.pdf,../papers/2020/地理/上海/上海卷/2020_地理_上海卷_OCR与考点.md,,pypdf,6
2020,地理,江苏,老高考,2021,地方/区域卷,local,江苏卷,done,../papers/2020/地理/江苏/江苏文综/2020_地理_江苏文综_原卷.pdf,../papers/2020/地理/江苏/江苏文综/2020_地理_江苏文综_OCR与考点.md,,pypdf,11
2020,地理,浙江,新高考,2017,地方/区域卷,local,浙江卷,done,../papers/2020/地理/浙江/浙江卷/2020_地理_浙江卷_原卷.pdf,../papers/2020/地理/浙江/浙江卷/2020_地理_浙江卷_OCR与考点.md,,pypdf,10
2020,地理,安徽,老高考,2024,全国卷,common,新课标全国Ⅰ卷,done,../papers/2020/地理/全国/新课标全国Ⅰ卷文综/2020_地理_新课标全国Ⅰ卷文综_原卷.pdf,../papers/2020/地理/全国/新课标全国Ⅰ卷文综/2020_地理_新课标全国Ⅰ卷文综_OCR与考点.md,,pypdf,7
2020,地理,福建,老高考,2021,全国卷,common,新课标全国Ⅰ卷,done,../papers/2020/地理/全国/新课标全国Ⅰ卷文综/2020_地理_新课标全国Ⅰ卷文综_原卷.pdf,../papers/2020/地理/全国/新课标全国Ⅰ卷文综/2020_地理_新课标全国Ⅰ卷文综_OCR与考点.md,,pypdf,7
2020,地理,江西,老高考,2024,全国卷,common,新课标全国Ⅰ卷,done,../papers/2020/地理/全国/新课标全国Ⅰ卷文综/2020_地理_新课标全国Ⅰ卷文综_原卷.pdf,../papers/2020/地理/全国/新课标全国Ⅰ卷文综/2020_地理_新课标全国Ⅰ卷文综_OCR与考点.md,,pypdf,7
2020,地理,山东,新高考,2020,地方/区域卷,local,山东卷,done,../papers/2020/地理/山东/山东卷/2020_地理_山东卷_原卷.pdf,../papers/2020/地理/山东/山东卷/2020_地理_山东卷_OCR与考点.md,,pypdf,10
2020,地理,河南,老高考,2025,全国卷,common,新课标全国Ⅰ卷,done,../papers/2020/地理/全国/新课标全国Ⅰ卷文综/2020_地理_新课标全国Ⅰ卷文综_原卷.pdf,../papers/2020/地理/全国/新课标全国Ⅰ卷文综/2020_地理_新课标全国Ⅰ卷文综_OCR与考点.md,,pypdf,7
2020,地理,湖北,老高考,2021,全国卷,common,新课标全国Ⅰ卷,done,../papers/2020/地理/全国/新课标全国Ⅰ卷文综/2020_地理_新课标全国Ⅰ卷文综_原卷.pdf,../papers/2020/地理/全国/新课标全国Ⅰ卷文综/2020_地理_新课标全国Ⅰ卷文综_OCR与考点.md,,pypdf,7
2020,地理,湖南,老高考,2021,全国卷,common,新课标全国Ⅰ卷,done,../papers/2020/地理/全国/新课标全国Ⅰ卷文综/2020_地理_新课标全国Ⅰ卷文综_原卷.pdf,../papers/2020/地理/全国/新课标全国Ⅰ卷文综/2020_地理_新课标全国Ⅰ卷文综_OCR与考点.md,,pypdf,7
2020,地理,广东,老高考,2021,全国卷,common,新课标全国Ⅰ卷,done,../papers/2020/地理/全国/新课标全国Ⅰ卷文综/2020_地理_新课标全国Ⅰ卷文综_原卷.pdf,../papers/2020/地理/全国/新课标全国Ⅰ卷文综/2020_地理_新课标全国Ⅰ卷文综_OCR与考点.md,,pypdf,7
2020,地理,广西,老高考,2024,全国卷,common,新课标全国Ⅲ卷,done,../papers/2020/地理/全国/新课标全国Ⅲ卷文综/2020_地理_新课标全国Ⅲ卷文综_原卷.pdf,../papers/2020/地理/全国/新课标全国Ⅲ卷文综/2020_地理_新课标全国Ⅲ卷文综_OCR与考点.md,,pypdf,6
2020,地理,海南,新高考,2020,地方/区域卷,local,海南卷,done,../papers/2020/地理/海南/海南卷/2020_地理_海南卷_原卷.pdf,../papers/2020/地理/海南/海南卷/2020_地理_海南卷_OCR与考点.md,,pypdf,8
2020,地理,重庆,老高考,2021,全国卷,common,新课标全国Ⅱ卷,done,../papers/2020/地理/全国/新课标全国Ⅱ卷文综/2020_地理_新课标全国Ⅱ卷文综_原卷.pdf,../papers/2020/地理/全国/新课标全国Ⅱ卷文综/2020_地理_新课标全国Ⅱ卷文综_OCR与考点.md,,pypdf,7
2020,地理,四川,老高考,2025,全国卷,common,新课标全国Ⅲ卷,done,../papers/2020/地理/全国/新课标全国Ⅲ卷文综/2020_地理_新课标全国Ⅲ卷文综_原卷.pdf,../papers/2020/地理/全国/新课标全国Ⅲ卷文综/2020_地理_新课标全国Ⅲ卷文综_OCR与考点.md,,pypdf,6
2020,地理,贵州,老高考,2024,全国卷,common,新课标全国Ⅲ卷,done,../papers/2020/地理/全国/新课标全国Ⅲ卷文综/2020_地理_新课标全国Ⅲ卷文综_原卷.pdf,../papers/2020/地理/全国/新课标全国Ⅲ卷文综/2020_地理_新课标全国Ⅲ卷文综_OCR与考点.md,,pypdf,6
2020,地理,云南,老高考,2025,全国卷,common,新课标全国Ⅲ卷,done,../papers/2020/地理/全国/新课标全国Ⅲ卷文综/2020_地理_新课标全国Ⅲ卷文综_原卷.pdf,../papers/2020/地理/全国/新课标全国Ⅲ卷文综/2020_地理_新课标全国Ⅲ卷文综_OCR与考点.md,,pypdf,6
2020,地理,西藏,老高考,,全国卷,common,新课标全国Ⅲ卷,done,../papers/2020/地理/全国/新课标全国Ⅲ卷文综/2020_地理_新课标全国Ⅲ卷文综_原卷.pdf,../papers/2020/地理/全国/新课标全国Ⅲ卷文综/2020_地理_新课标全国Ⅲ卷文综_OCR与考点.md,,pypdf,6
2020,地理,陕西,老高考,2025,全国卷,common,新课标全国Ⅱ卷,done,../papers/2020/地理/全国/新课标全国Ⅱ卷文综/2020_地理_新课标全国Ⅱ卷文综_原卷.pdf,../papers/2020/地理/全国/新课标全国Ⅱ卷文综/2020_地理_新课标全国Ⅱ卷文综_OCR与考点.md,,pypdf,7
2020,地理,甘肃,老高考,2024,全国卷,common,新课标全国Ⅱ卷,done,../papers/2020/地理/全国/新课标全国Ⅱ卷文综/2020_地理_新课标全国Ⅱ卷文综_原卷.pdf,../papers/2020/地理/全国/新课标全国Ⅱ卷文综/2020_地理_新课标全国Ⅱ卷文综_OCR与考点.md,,pypdf,7
2020,地理,青海,老高考,2025,全国卷,common,新课标全国Ⅱ卷,done,../papers/2020/地理/全国/新课标全国Ⅱ卷文综/2020_地理_新课标全国Ⅱ卷文综_原卷.pdf,../papers/2020/地理/全国/新课标全国Ⅱ卷文综/2020_地理_新课标全国Ⅱ卷文综_OCR与考点.md,,pypdf,7
2020,地理,宁夏,老高考,2025,全国卷,common,新课标全国Ⅱ卷,done,../papers/2020/地理/全国/新课标全国Ⅱ卷文综/2020_地理_新课标全国Ⅱ卷文综_原卷.pdf,../papers/2020/地理/全国/新课标全国Ⅱ卷文综/2020_地理_新课标全国Ⅱ卷文综_OCR与考点.md,,pypdf,7
2020,地理,新疆,老高考,,全国卷,common,新课标全国Ⅱ卷,done,../papers/2020/地理/全国/新课标全国Ⅱ卷文综/2020_地理_新课标全国Ⅱ卷文综_原卷.pdf,../papers/2020/地理/全国/新课标全国Ⅱ卷文综/2020_地理_新课标全国Ⅱ卷文综_OCR与考点.md,,pypdf,7
2021,语文,北京,新高考,2020,地方/区域卷,local,北京卷,done,../papers/2021/语文/北京/北京卷/2021_语文_北京卷_原卷.pdf,../papers/2021/语文/北京/北京卷/2021_语文_北京卷_OCR与考点.md,,rapidocr,11
2021,语文,天津,新高考,2020,地方/区域卷,local,天津卷,done,../papers/2021/语文/天津/天津卷/2021_语文_天津卷_原卷.pdf,../papers/2021/语文/天津/天津卷/2021_语文_天津卷_OCR与考点.md,,rapidocr,11
2021,语文,河北,新高考,2021,全国卷,common,新高考全国Ⅰ卷,done,../papers/2021/语文/全国/新高考全国Ⅰ卷/2021_语文_新高考全国Ⅰ卷_原卷.pdf,../papers/2021/语文/全国/新高考全国Ⅰ卷/2021_语文_新高考全国Ⅰ卷_OCR与考点.md,,rapidocr,11
2021,语文,山西,老高考,2025,全国卷,common,全国乙卷,done,../papers/2021/语文/全国/全国乙卷/2021_语文_全国乙卷_原卷.pdf,../papers/2021/语文/全国/全国乙卷/2021_语文_全国乙卷_OCR与考点.md,,rapidocr,11
2021,语文,内蒙古,老高考,2025,全国卷,common,全国乙卷,done,../papers/2021/语文/全国/全国乙卷/2021_语文_全国乙卷_原卷.pdf,../papers/2021/语文/全国/全国乙卷/2021_语文_全国乙卷_OCR与考点.md,,rapidocr,11
2021,语文,辽宁,新高考,2021,全国卷,common,新高考全国Ⅱ卷,done,../papers/2021/语文/全国/新高考全国Ⅱ卷/2021_语文_新高考全国Ⅱ卷_原卷.pdf,../papers/2021/语文/全国/新高考全国Ⅱ卷/2021_语文_新高考全国Ⅱ卷_OCR与考点.md,,rapidocr,21
2021,语文,吉林,老高考,2024,全国卷,common,全国乙卷,done,../papers/2021/语文/全国/全国乙卷/2021_语文_全国乙卷_原卷.pdf,../papers/2021/语文/全国/全国乙卷/2021_语文_全国乙卷_OCR与考点.md,,rapidocr,11
2021,语文,黑龙江,老高考,2024,全国卷,common,全国乙卷,done,../papers/2021/语文/全国/全国乙卷/2021_语文_全国乙卷_原卷.pdf,../papers/2021/语文/全国/全国乙卷/2021_语文_全国乙卷_OCR与考点.md,,rapidocr,11
2021,语文,上海,新高考,2017,地方/区域卷,local,上海卷,done,../papers/2021/语文/上海/上海卷/2021_语文_上海卷_原卷.pdf,../papers/2021/语文/上海/上海卷/2021_语文_上海卷_OCR与考点.md,,rapidocr,9
2021,语文,江苏,新高考,2021,全国卷,common,新高考全国Ⅰ卷,done,../papers/2021/语文/全国/新高考全国Ⅰ卷/2021_语文_新高考全国Ⅰ卷_原卷.pdf,../papers/2021/语文/全国/新高考全国Ⅰ卷/2021_语文_新高考全国Ⅰ卷_OCR与考点.md,,rapidocr,11
2021,语文,浙江,新高考,2017,地方/区域卷,local,浙江卷,done,../papers/2021/语文/浙江/浙江卷/2021_语文_浙江卷_原卷.pdf,../papers/2021/语文/浙江/浙江卷/2021_语文_浙江卷_OCR与考点.md,,rapidocr,9
2021,语文,安徽,老高考,2024,全国卷,common,全国乙卷,done,../papers/2021/语文/全国/全国乙卷/2021_语文_全国乙卷_原卷.pdf,../papers/2021/语文/全国/全国乙卷/2021_语文_全国乙卷_OCR与考点.md,,rapidocr,11
2021,语文,福建,新高考,2021,全国卷,common,新高考全国Ⅰ卷,done,../papers/2021/语文/全国/新高考全国Ⅰ卷/2021_语文_新高考全国Ⅰ卷_原卷.pdf,../papers/2021/语文/全国/新高考全国Ⅰ卷/2021_语文_新高考全国Ⅰ卷_OCR与考点.md,,rapidocr,11
2021,语文,江西,老高考,2024,全国卷,common,全国乙卷,done,../papers/2021/语文/全国/全国乙卷/2021_语文_全国乙卷_原卷.pdf,../papers/2021/语文/全国/全国乙卷/2021_语文_全国乙卷_OCR与考点.md,,rapidocr,11
2021,语文,山东,新高考,2020,全国卷,common,新高考全国Ⅰ卷,done,../papers/2021/语文/全国/新高考全国Ⅰ卷/2021_语文_新高考全国Ⅰ卷_原卷.pdf,../papers/2021/语文/全国/新高考全国Ⅰ卷/2021_语文_新高考全国Ⅰ卷_OCR与考点.md,,rapidocr,11
2021,语文,河南,老高考,2025,全国卷,common,全国乙卷,done,../papers/2021/语文/全国/全国乙卷/2021_语文_全国乙卷_原卷.pdf,../papers/2021/语文/全国/全国乙卷/2021_语文_全国乙卷_OCR与考点.md,,rapidocr,11
2021,语文,湖北,新高考,2021,全国卷,common,新高考全国Ⅰ卷,done,../papers/2021/语文/全国/新高考全国Ⅰ卷/2021_语文_新高考全国Ⅰ卷_原卷.pdf,../papers/2021/语文/全国/新高考全国Ⅰ卷/2021_语文_新高考全国Ⅰ卷_OCR与考点.md,,rapidocr,11
2021,语文,湖南,新高考,2021,全国卷,common,新高考全国Ⅰ卷,done,../papers/2021/语文/全国/新高考全国Ⅰ卷/2021_语文_新高考全国Ⅰ卷_原卷.pdf,../papers/2021/语文/全国/新高考全国Ⅰ卷/2021_语文_新高考全国Ⅰ卷_OCR与考点.md,,rapidocr,11
2021,语文,广东,新高考,2021,全国卷,common,新高考全国Ⅰ卷,done,../papers/2021/语文/全国/新高考全国Ⅰ卷/2021_语文_新高考全国Ⅰ卷_原卷.pdf,../papers/2021/语文/全国/新高考全国Ⅰ卷/2021_语文_新高考全国Ⅰ卷_OCR与考点.md,,rapidocr,11
2021,语文,广西,老高考,2024,全国卷,common,全国甲卷,done,../papers/2021/语文/全国/全国甲卷/2021_语文_全国甲卷_原卷.pdf,../papers/2021/语文/全国/全国甲卷/2021_语文_全国甲卷_OCR与考点.md,,rapidocr,
2021,语文,海南,新高考,2020,全国卷,common,新高考全国Ⅱ卷,done,../papers/2021/语文/全国/新高考全国Ⅱ卷/2021_语文_新高考全国Ⅱ卷_原卷.pdf,../papers/2021/语文/全国/新高考全国Ⅱ卷/2021_语文_新高考全国Ⅱ卷_OCR与考点.md,,rapidocr,21
2021,语文,重庆,新高考,2021,全国卷,common,新高考全国Ⅱ卷,done,../papers/2021/语文/全国/新高考全国Ⅱ卷/2021_语文_新高考全国Ⅱ卷_原卷.pdf,../papers/2021/语文/全国/新高考全国Ⅱ卷/2021_语文_新高考全国Ⅱ卷_OCR与考点.md,,rapidocr,21
2021,语文,四川,老高考,2025,全国卷,common,全国甲卷,done,../papers/2021/语文/全国/全国甲卷/2021_语文_全国甲卷_原卷.pdf,../papers/2021/语文/全国/全国甲卷/2021_语文_全国甲卷_OCR与考点.md,,rapidocr,
2021,语文,贵州,老高考,2024,全国卷,common,全国甲卷,done,../papers/2021/语文/全国/全国甲卷/2021_语文_全国甲卷_原卷.pdf,../papers/2021/语文/全国/全国甲卷/2021_语文_全国甲卷_OCR与考点.md,,rapidocr,
2021,语文,云南,老高考,2025,全国卷,common,全国甲卷,done,../papers/2021/语文/全国/全国甲卷/2021_语文_全国甲卷_原卷.pdf,../papers/2021/语文/全国/全国甲卷/2021_语文_全国甲卷_OCR与考点.md,,rapidocr,
2021,语文,西藏,老高考,,全国卷,common,全国甲卷,done,../papers/2021/语文/全国/全国甲卷/2021_语文_全国甲卷_原卷.pdf,../papers/2021/语文/全国/全国甲卷/2021_语文_全国甲卷_OCR与考点.md,,rapidocr,
2021,语文,陕西,老高考,2025,全国卷,common,全国乙卷,done,../papers/2021/语文/全国/全国乙卷/2021_语文_全国乙卷_原卷.pdf,../papers/2021/语文/全国/全国乙卷/2021_语文_全国乙卷_OCR与考点.md,,rapidocr,11
2021,语文,甘肃,老高考,2024,全国卷,common,全国乙卷,done,../papers/2021/语文/全国/全国乙卷/2021_语文_全国乙卷_原卷.pdf,../papers/2021/语文/全国/全国乙卷/2021_语文_全国乙卷_OCR与考点.md,,rapidocr,11
2021,语文,青海,老高考,2025,全国卷,common,全国乙卷,done,../papers/2021/语文/全国/全国乙卷/2021_语文_全国乙卷_原卷.pdf,../papers/2021/语文/全国/全国乙卷/2021_语文_全国乙卷_OCR与考点.md,,rapidocr,11
2021,语文,宁夏,老高考,2025,全国卷,common,全国乙卷,done,../papers/2021/语文/全国/全国乙卷/2021_语文_全国乙卷_原卷.pdf,../papers/2021/语文/全国/全国乙卷/2021_语文_全国乙卷_OCR与考点.md,,rapidocr,11
2021,语文,新疆,老高考,,全国卷,common,全国乙卷,done,../papers/2021/语文/全国/全国乙卷/2021_语文_全国乙卷_原卷.pdf,../papers/2021/语文/全国/全国乙卷/2021_语文_全国乙卷_OCR与考点.md,,rapidocr,11
2021,数学,北京,新高考,2020,地方/区域卷,local,北京卷,done,../papers/2021/数学/北京/北京卷/2021_数学_北京卷_原卷.pdf,../papers/2021/数学/北京/北京卷/2021_数学_北京卷_OCR与考点.md,,pypdf,4
2021,数学,天津,新高考,2020,地方/区域卷,local,天津卷,done,../papers/2021/数学/天津/天津卷/2021_数学_天津卷_原卷.pdf,../papers/2021/数学/天津/天津卷/2021_数学_天津卷_OCR与考点.md,,pypdf,5
2021,数学,河北,新高考,2021,全国卷,common,新高考全国Ⅰ卷,done,../papers/2021/数学/全国/新高考全国Ⅰ卷/2021_数学_新高考全国Ⅰ卷_原卷.pdf,../papers/2021/数学/全国/新高考全国Ⅰ卷/2021_数学_新高考全国Ⅰ卷_OCR与考点.md,,pypdf,5
2021,数学,山西,新高考,2025,全国卷,common,新高考全国Ⅰ卷,done,../papers/2021/数学/全国/新高考全国Ⅰ卷/2021_数学_新高考全国Ⅰ卷_原卷.pdf,../papers/2021/数学/全国/新高考全国Ⅰ卷/2021_数学_新高考全国Ⅰ卷_OCR与考点.md,,pypdf,5
2021,数学,内蒙古,新高考,2025,全国卷,common,新高考全国Ⅰ卷,done,../papers/2021/数学/全国/新高考全国Ⅰ卷/2021_数学_新高考全国Ⅰ卷_原卷.pdf,../papers/2021/数学/全国/新高考全国Ⅰ卷/2021_数学_新高考全国Ⅰ卷_OCR与考点.md,,pypdf,5
2021,数学,辽宁,新高考,2021,全国卷,common,新高考全国Ⅱ卷,done,../papers/2021/数学/全国/新高考全国Ⅱ卷/2021_数学_新高考全国Ⅱ卷_原卷.pdf,../papers/2021/数学/全国/新高考全国Ⅱ卷/2021_数学_新高考全国Ⅱ卷_OCR与考点.md,,pypdf,4
2021,数学,吉林,新高考,2024,全国卷,common,新高考全国Ⅰ卷,done,../papers/2021/数学/全国/新高考全国Ⅰ卷/2021_数学_新高考全国Ⅰ卷_原卷.pdf,../papers/2021/数学/全国/新高考全国Ⅰ卷/2021_数学_新高考全国Ⅰ卷_OCR与考点.md,,pypdf,5
2021,数学,黑龙江,新高考,2024,全国卷,common,新高考全国Ⅰ卷,done,../papers/2021/数学/全国/新高考全国Ⅰ卷/2021_数学_新高考全国Ⅰ卷_原卷.pdf,../papers/2021/数学/全国/新高考全国Ⅰ卷/2021_数学_新高考全国Ⅰ卷_OCR与考点.md,,pypdf,5
2021,数学,上海,新高考,2017,地方/区域卷,local,上海卷,done,../papers/2021/数学/上海/上海卷/2021_数学_上海卷_原卷.pdf,../papers/2021/数学/上海/上海卷/2021_数学_上海卷_OCR与考点.md,,pypdf,2
2021,数学,江苏,新高考,2021,全国卷,common,新高考全国Ⅰ卷,done,../papers/2021/数学/全国/新高考全国Ⅰ卷/2021_数学_新高考全国Ⅰ卷_原卷.pdf,../papers/2021/数学/全国/新高考全国Ⅰ卷/2021_数学_新高考全国Ⅰ卷_OCR与考点.md,,pypdf,5
2021,数学,浙江,新高考,2017,地方/区域卷,local,浙江卷,done,../papers/2021/数学/浙江/浙江卷/2021_数学_浙江卷_原卷.pdf,../papers/2021/数学/浙江/浙江卷/2021_数学_浙江卷_OCR与考点.md,,pypdf,7
2021,数学,安徽,新高考,2024,全国卷,common,新高考全国Ⅰ卷,done,../papers/2021/数学/全国/新高考全国Ⅰ卷/2021_数学_新高考全国Ⅰ卷_原卷.pdf,../papers/2021/数学/全国/新高考全国Ⅰ卷/2021_数学_新高考全国Ⅰ卷_OCR与考点.md,,pypdf,5
2021,数学,福建,新高考,2021,全国卷,common,新高考全国Ⅰ卷,done,../papers/2021/数学/全国/新高考全国Ⅰ卷/2021_数学_新高考全国Ⅰ卷_原卷.pdf,../papers/2021/数学/全国/新高考全国Ⅰ卷/2021_数学_新高考全国Ⅰ卷_OCR与考点.md,,pypdf,5
2021,数学,江西,新高考,2024,全国卷,common,新高考全国Ⅰ卷,done,../papers/2021/数学/全国/新高考全国Ⅰ卷/2021_数学_新高考全国Ⅰ卷_原卷.pdf,../papers/2021/数学/全国/新高考全国Ⅰ卷/2021_数学_新高考全国Ⅰ卷_OCR与考点.md,,pypdf,5
2021,数学,山东,新高考,2020,全国卷,common,新高考全国Ⅰ卷,done,../papers/2021/数学/全国/新高考全国Ⅰ卷/2021_数学_新高考全国Ⅰ卷_原卷.pdf,../papers/2021/数学/全国/新高考全国Ⅰ卷/2021_数学_新高考全国Ⅰ卷_OCR与考点.md,,pypdf,5
2021,数学,河南,新高考,2025,全国卷,common,新高考全国Ⅰ卷,done,../papers/2021/数学/全国/新高考全国Ⅰ卷/2021_数学_新高考全国Ⅰ卷_原卷.pdf,../papers/2021/数学/全国/新高考全国Ⅰ卷/2021_数学_新高考全国Ⅰ卷_OCR与考点.md,,pypdf,5
2021,数学,湖北,新高考,2021,全国卷,common,新高考全国Ⅰ卷,done,../papers/2021/数学/全国/新高考全国Ⅰ卷/2021_数学_新高考全国Ⅰ卷_原卷.pdf,../papers/2021/数学/全国/新高考全国Ⅰ卷/2021_数学_新高考全国Ⅰ卷_OCR与考点.md,,pypdf,5
2021,数学,湖南,新高考,2021,全国卷,common,新高考全国Ⅰ卷,done,../papers/2021/数学/全国/新高考全国Ⅰ卷/2021_数学_新高考全国Ⅰ卷_原卷.pdf,../papers/2021/数学/全国/新高考全国Ⅰ卷/2021_数学_新高考全国Ⅰ卷_OCR与考点.md,,pypdf,5
2021,数学,广东,新高考,2021,全国卷,common,新高考全国Ⅰ卷,done,../papers/2021/数学/全国/新高考全国Ⅰ卷/2021_数学_新高考全国Ⅰ卷_原卷.pdf,../papers/2021/数学/全国/新高考全国Ⅰ卷/2021_数学_新高考全国Ⅰ卷_OCR与考点.md,,pypdf,5
2021,数学,广西,老高考,2024,全国卷,common,全国甲卷,done,../papers/2021/数学/全国/全国甲卷/2021_数学_全国甲卷_原卷.pdf,../papers/2021/数学/全国/全国甲卷/2021_数学_全国甲卷_OCR与考点.md,,pypdf,
2021,数学,海南,新高考,2020,全国卷,common,新高考全国Ⅱ卷,done,../papers/2021/数学/全国/新高考全国Ⅱ卷/2021_数学_新高考全国Ⅱ卷_原卷.pdf,../papers/2021/数学/全国/新高考全国Ⅱ卷/2021_数学_新高考全国Ⅱ卷_OCR与考点.md,,pypdf,4
2021,数学,重庆,新高考,2021,全国卷,common,新高考全国Ⅱ卷,done,../papers/2021/数学/全国/新高考全国Ⅱ卷/2021_数学_新高考全国Ⅱ卷_原卷.pdf,../papers/2021/数学/全国/新高考全国Ⅱ卷/2021_数学_新高考全国Ⅱ卷_OCR与考点.md,,pypdf,4
2021,数学,四川,老高考,2025,全国卷,common,全国甲卷,done,../papers/2021/数学/全国/全国甲卷/2021_数学_全国甲卷_原卷.pdf,../papers/2021/数学/全国/全国甲卷/2021_数学_全国甲卷_OCR与考点.md,,pypdf,
2021,数学,贵州,老高考,2024,全国卷,common,全国甲卷,done,../papers/2021/数学/全国/全国甲卷/2021_数学_全国甲卷_原卷.pdf,../papers/2021/数学/全国/全国甲卷/2021_数学_全国甲卷_OCR与考点.md,,pypdf,
2021,数学,云南,老高考,2025,全国卷,common,全国甲卷,done,../papers/2021/数学/全国/全国甲卷/2021_数学_全国甲卷_原卷.pdf,../papers/2021/数学/全国/全国甲卷/2021_数学_全国甲卷_OCR与考点.md,,pypdf,
2021,数学,西藏,老高考,,全国卷,common,全国甲卷,done,../papers/2021/数学/全国/全国甲卷/2021_数学_全国甲卷_原卷.pdf,../papers/2021/数学/全国/全国甲卷/2021_数学_全国甲卷_OCR与考点.md,,pypdf,
2021,数学,陕西,新高考,2025,全国卷,common,新高考全国Ⅰ卷,done,../papers/2021/数学/全国/新高考全国Ⅰ卷/2021_数学_新高考全国Ⅰ卷_原卷.pdf,../papers/2021/数学/全国/新高考全国Ⅰ卷/2021_数学_新高考全国Ⅰ卷_OCR与考点.md,,pypdf,5
2021,数学,甘肃,新高考,2024,全国卷,common,新高考全国Ⅰ卷,done,../papers/2021/数学/全国/新高考全国Ⅰ卷/2021_数学_新高考全国Ⅰ卷_原卷.pdf,../papers/2021/数学/全国/新高考全国Ⅰ卷/2021_数学_新高考全国Ⅰ卷_OCR与考点.md,,pypdf,5
2021,数学,青海,新高考,2025,全国卷,common,新高考全国Ⅰ卷,done,../papers/2021/数学/全国/新高考全国Ⅰ卷/2021_数学_新高考全国Ⅰ卷_原卷.pdf,../papers/2021/数学/全国/新高考全国Ⅰ卷/2021_数学_新高考全国Ⅰ卷_OCR与考点.md,,pypdf,5
2021,数学,宁夏,新高考,2025,全国卷,common,新高考全国Ⅰ卷,done,../papers/2021/数学/全国/新高考全国Ⅰ卷/2021_数学_新高考全国Ⅰ卷_原卷.pdf,../papers/2021/数学/全国/新高考全国Ⅰ卷/2021_数学_新高考全国Ⅰ卷_OCR与考点.md,,pypdf,5
2021,数学,新疆,新高考,,全国卷,common,新高考全国Ⅰ卷,done,../papers/2021/数学/全国/新高考全国Ⅰ卷/2021_数学_新高考全国Ⅰ卷_原卷.pdf,../papers/2021/数学/全国/新高考全国Ⅰ卷/2021_数学_新高考全国Ⅰ卷_OCR与考点.md,,pypdf,5
2021,英语,北京,新高考,2020,地方/区域卷,local,北京卷,done,../papers/2021/英语/北京/北京卷/2021_英语_北京卷_原卷.pdf,../papers/2021/英语/北京/北京卷/2021_英语_北京卷_OCR与考点.md,,pypdf,12
2021,英语,天津,新高考,2020,地方/区域卷,local,天津卷,done,../papers/2021/英语/天津/天津卷/2021_英语_天津卷_原卷.pdf,../papers/2021/英语/天津/天津卷/2021_英语_天津卷_OCR与考点.md,,pypdf,13
2021,英语,河北,新高考,2021,全国卷,common,新高考全国Ⅰ卷,done,../papers/2021/英语/全国/新高考全国Ⅰ卷/2021_英语_新高考全国Ⅰ卷_原卷.pdf,../papers/2021/英语/全国/新高考全国Ⅰ卷/2021_英语_新高考全国Ⅰ卷_OCR与考点.md,../papers/2021/英语/全国/新高考全国Ⅰ卷/2021_英语_新高考全国Ⅰ卷_听力.mp3,pypdf,11
2021,英语,山西,新高考,2025,全国卷,common,新高考全国Ⅰ卷,done,../papers/2021/英语/全国/新高考全国Ⅰ卷/2021_英语_新高考全国Ⅰ卷_原卷.pdf,../papers/2021/英语/全国/新高考全国Ⅰ卷/2021_英语_新高考全国Ⅰ卷_OCR与考点.md,../papers/2021/英语/全国/新高考全国Ⅰ卷/2021_英语_新高考全国Ⅰ卷_听力.mp3,pypdf,11
2021,英语,内蒙古,新高考,2025,全国卷,common,新高考全国Ⅰ卷,done,../papers/2021/英语/全国/新高考全国Ⅰ卷/2021_英语_新高考全国Ⅰ卷_原卷.pdf,../papers/2021/英语/全国/新高考全国Ⅰ卷/2021_英语_新高考全国Ⅰ卷_OCR与考点.md,../papers/2021/英语/全国/新高考全国Ⅰ卷/2021_英语_新高考全国Ⅰ卷_听力.mp3,pypdf,11
2021,英语,辽宁,新高考,2021,全国卷,common,新高考全国Ⅱ卷,done,../papers/2021/英语/全国/新高考全国Ⅱ卷/2021_英语_新高考全国Ⅱ卷_原卷.pdf,../papers/2021/英语/全国/新高考全国Ⅱ卷/2021_英语_新高考全国Ⅱ卷_OCR与考点.md,../papers/2021/英语/全国/新高考全国Ⅱ卷/2021_英语_新高考全国Ⅱ卷_听力.mp3,pypdf,12
2021,英语,吉林,新高考,2024,全国卷,common,新高考全国Ⅰ卷,done,../papers/2021/英语/全国/新高考全国Ⅰ卷/2021_英语_新高考全国Ⅰ卷_原卷.pdf,../papers/2021/英语/全国/新高考全国Ⅰ卷/2021_英语_新高考全国Ⅰ卷_OCR与考点.md,../papers/2021/英语/全国/新高考全国Ⅰ卷/2021_英语_新高考全国Ⅰ卷_听力.mp3,pypdf,11
2021,英语,黑龙江,新高考,2024,全国卷,common,新高考全国Ⅰ卷,done,../papers/2021/英语/全国/新高考全国Ⅰ卷/2021_英语_新高考全国Ⅰ卷_原卷.pdf,../papers/2021/英语/全国/新高考全国Ⅰ卷/2021_英语_新高考全国Ⅰ卷_OCR与考点.md,../papers/2021/英语/全国/新高考全国Ⅰ卷/2021_英语_新高考全国Ⅰ卷_听力.mp3,pypdf,11
2021,英语,上海,新高考,2017,地方/区域卷,local,上海卷,done,../papers/2021/英语/上海/上海卷/2021_英语_上海卷_原卷.pdf,../papers/2021/英语/上海/上海卷/2021_英语_上海卷_OCR与考点.md,../papers/2021/英语/上海/上海卷/2021_英语_上海卷_听力.mp3,pypdf,17
2021,英语,江苏,新高考,2021,全国卷,common,新高考全国Ⅰ卷,done,../papers/2021/英语/全国/新高考全国Ⅰ卷/2021_英语_新高考全国Ⅰ卷_原卷.pdf,../papers/2021/英语/全国/新高考全国Ⅰ卷/2021_英语_新高考全国Ⅰ卷_OCR与考点.md,../papers/2021/英语/全国/新高考全国Ⅰ卷/2021_英语_新高考全国Ⅰ卷_听力.mp3,pypdf,11
2021,英语,浙江,新高考,2017,地方/区域卷,local,浙江卷,done,../papers/2021/英语/浙江/浙江卷/2021_英语_浙江卷_原卷.pdf,../papers/2021/英语/浙江/浙江卷/2021_英语_浙江卷_OCR与考点.md,../papers/2021/英语/浙江/浙江卷/2021_英语_浙江卷_听力.mp3,pypdf,11
2021,英语,安徽,新高考,2024,全国卷,common,新高考全国Ⅰ卷,done,../papers/2021/英语/全国/新高考全国Ⅰ卷/2021_英语_新高考全国Ⅰ卷_原卷.pdf,../papers/2021/英语/全国/新高考全国Ⅰ卷/2021_英语_新高考全国Ⅰ卷_OCR与考点.md,../papers/2021/英语/全国/新高考全国Ⅰ卷/2021_英语_新高考全国Ⅰ卷_听力.mp3,pypdf,11
2021,英语,福建,新高考,2021,全国卷,common,新高考全国Ⅰ卷,done,../papers/2021/英语/全国/新高考全国Ⅰ卷/2021_英语_新高考全国Ⅰ卷_原卷.pdf,../papers/2021/英语/全国/新高考全国Ⅰ卷/2021_英语_新高考全国Ⅰ卷_OCR与考点.md,../papers/2021/英语/全国/新高考全国Ⅰ卷/2021_英语_新高考全国Ⅰ卷_听力.mp3,pypdf,11
2021,英语,江西,新高考,2024,全国卷,common,新高考全国Ⅰ卷,done,../papers/2021/英语/全国/新高考全国Ⅰ卷/2021_英语_新高考全国Ⅰ卷_原卷.pdf,../papers/2021/英语/全国/新高考全国Ⅰ卷/2021_英语_新高考全国Ⅰ卷_OCR与考点.md,../papers/2021/英语/全国/新高考全国Ⅰ卷/2021_英语_新高考全国Ⅰ卷_听力.mp3,pypdf,11
2021,英语,山东,新高考,2020,全国卷,common,新高考全国Ⅰ卷,done,../papers/2021/英语/全国/新高考全国Ⅰ卷/2021_英语_新高考全国Ⅰ卷_原卷.pdf,../papers/2021/英语/全国/新高考全国Ⅰ卷/2021_英语_新高考全国Ⅰ卷_OCR与考点.md,../papers/2021/英语/全国/新高考全国Ⅰ卷/2021_英语_新高考全国Ⅰ卷_听力.mp3,pypdf,11
2021,英语,河南,新高考,2025,全国卷,common,新高考全国Ⅰ卷,done,../papers/2021/英语/全国/新高考全国Ⅰ卷/2021_英语_新高考全国Ⅰ卷_原卷.pdf,../papers/2021/英语/全国/新高考全国Ⅰ卷/2021_英语_新高考全国Ⅰ卷_OCR与考点.md,../papers/2021/英语/全国/新高考全国Ⅰ卷/2021_英语_新高考全国Ⅰ卷_听力.mp3,pypdf,11
2021,英语,湖北,新高考,2021,全国卷,common,新高考全国Ⅰ卷,done,../papers/2021/英语/全国/新高考全国Ⅰ卷/2021_英语_新高考全国Ⅰ卷_原卷.pdf,../papers/2021/英语/全国/新高考全国Ⅰ卷/2021_英语_新高考全国Ⅰ卷_OCR与考点.md,../papers/2021/英语/全国/新高考全国Ⅰ卷/2021_英语_新高考全国Ⅰ卷_听力.mp3,pypdf,11
2021,英语,湖南,新高考,2021,全国卷,common,新高考全国Ⅰ卷,done,../papers/2021/英语/全国/新高考全国Ⅰ卷/2021_英语_新高考全国Ⅰ卷_原卷.pdf,../papers/2021/英语/全国/新高考全国Ⅰ卷/2021_英语_新高考全国Ⅰ卷_OCR与考点.md,../papers/2021/英语/全国/新高考全国Ⅰ卷/2021_英语_新高考全国Ⅰ卷_听力.mp3,pypdf,11
2021,英语,广东,新高考,2021,全国卷,common,新高考全国Ⅰ卷,done,../papers/2021/英语/全国/新高考全国Ⅰ卷/2021_英语_新高考全国Ⅰ卷_原卷.pdf,../papers/2021/英语/全国/新高考全国Ⅰ卷/2021_英语_新高考全国Ⅰ卷_OCR与考点.md,../papers/2021/英语/全国/新高考全国Ⅰ卷/2021_英语_新高考全国Ⅰ卷_听力.mp3,pypdf,11
2021,英语,广西,老高考,2024,全国卷,common,全国甲卷,done,../papers/2021/英语/全国/全国甲卷/2021_英语_全国甲卷_原卷.pdf,../papers/2021/英语/全国/全国甲卷/2021_英语_全国甲卷_OCR与考点.md,../papers/2021/英语/全国/全国甲卷/2021_英语_全国甲卷_听力.mp3,pypdf,
2021,英语,海南,新高考,2020,全国卷,common,新高考全国Ⅱ卷,done,../papers/2021/英语/全国/新高考全国Ⅱ卷/2021_英语_新高考全国Ⅱ卷_原卷.pdf,../papers/2021/英语/全国/新高考全国Ⅱ卷/2021_英语_新高考全国Ⅱ卷_OCR与考点.md,../papers/2021/英语/全国/新高考全国Ⅱ卷/2021_英语_新高考全国Ⅱ卷_听力.mp3,pypdf,12
2021,英语,重庆,新高考,2021,全国卷,common,新高考全国Ⅱ卷,done,../papers/2021/英语/全国/新高考全国Ⅱ卷/2021_英语_新高考全国Ⅱ卷_原卷.pdf,../papers/2021/英语/全国/新高考全国Ⅱ卷/2021_英语_新高考全国Ⅱ卷_OCR与考点.md,../papers/2021/英语/全国/新高考全国Ⅱ卷/2021_英语_新高考全国Ⅱ卷_听力.mp3,pypdf,12
2021,英语,四川,老高考,2025,全国卷,common,全国甲卷,done,../papers/2021/英语/全国/全国甲卷/2021_英语_全国甲卷_原卷.pdf,../papers/2021/英语/全国/全国甲卷/2021_英语_全国甲卷_OCR与考点.md,../papers/2021/英语/全国/全国甲卷/2021_英语_全国甲卷_听力.mp3,pypdf,
2021,英语,贵州,老高考,2024,全国卷,common,全国甲卷,done,../papers/2021/英语/全国/全国甲卷/2021_英语_全国甲卷_原卷.pdf,../papers/2021/英语/全国/全国甲卷/2021_英语_全国甲卷_OCR与考点.md,../papers/2021/英语/全国/全国甲卷/2021_英语_全国甲卷_听力.mp3,pypdf,
2021,英语,云南,老高考,2025,全国卷,common,全国甲卷,done,../papers/2021/英语/全国/全国甲卷/2021_英语_全国甲卷_原卷.pdf,../papers/2021/英语/全国/全国甲卷/2021_英语_全国甲卷_OCR与考点.md,../papers/2021/英语/全国/全国甲卷/2021_英语_全国甲卷_听力.mp3,pypdf,
2021,英语,西藏,老高考,,全国卷,common,全国甲卷,done,../papers/2021/英语/全国/全国甲卷/2021_英语_全国甲卷_原卷.pdf,../papers/2021/英语/全国/全国甲卷/2021_英语_全国甲卷_OCR与考点.md,../papers/2021/英语/全国/全国甲卷/2021_英语_全国甲卷_听力.mp3,pypdf,
2021,英语,陕西,新高考,2025,全国卷,common,新高考全国Ⅰ卷,done,../papers/2021/英语/全国/新高考全国Ⅰ卷/2021_英语_新高考全国Ⅰ卷_原卷.pdf,../papers/2021/英语/全国/新高考全国Ⅰ卷/2021_英语_新高考全国Ⅰ卷_OCR与考点.md,../papers/2021/英语/全国/新高考全国Ⅰ卷/2021_英语_新高考全国Ⅰ卷_听力.mp3,pypdf,11
2021,英语,甘肃,新高考,2024,全国卷,common,新高考全国Ⅰ卷,done,../papers/2021/英语/全国/新高考全国Ⅰ卷/2021_英语_新高考全国Ⅰ卷_原卷.pdf,../papers/2021/英语/全国/新高考全国Ⅰ卷/2021_英语_新高考全国Ⅰ卷_OCR与考点.md,../papers/2021/英语/全国/新高考全国Ⅰ卷/2021_英语_新高考全国Ⅰ卷_听力.mp3,pypdf,11
2021,英语,青海,新高考,2025,全国卷,common,新高考全国Ⅰ卷,done,../papers/2021/英语/全国/新高考全国Ⅰ卷/2021_英语_新高考全国Ⅰ卷_原卷.pdf,../papers/2021/英语/全国/新高考全国Ⅰ卷/2021_英语_新高考全国Ⅰ卷_OCR与考点.md,../papers/2021/英语/全国/新高考全国Ⅰ卷/2021_英语_新高考全国Ⅰ卷_听力.mp3,pypdf,11
2021,英语,宁夏,新高考,2025,全国卷,common,新高考全国Ⅰ卷,done,../papers/2021/英语/全国/新高考全国Ⅰ卷/2021_英语_新高考全国Ⅰ卷_原卷.pdf,../papers/2021/英语/全国/新高考全国Ⅰ卷/2021_英语_新高考全国Ⅰ卷_OCR与考点.md,../papers/2021/英语/全国/新高考全国Ⅰ卷/2021_英语_新高考全国Ⅰ卷_听力.mp3,pypdf,11
2021,英语,新疆,新高考,,全国卷,common,新高考全国Ⅰ卷,done,../papers/2021/英语/全国/新高考全国Ⅰ卷/2021_英语_新高考全国Ⅰ卷_原卷.pdf,../papers/2021/英语/全国/新高考全国Ⅰ卷/2021_英语_新高考全国Ⅰ卷_OCR与考点.md,../papers/2021/英语/全国/新高考全国Ⅰ卷/2021_英语_新高考全国Ⅰ卷_听力.mp3,pypdf,11
2021,物理,北京,新高考,2020,地方/区域卷,local,北京卷,done,../papers/2021/物理/北京/北京卷/2021_物理_北京卷_原卷.pdf,../papers/2021/物理/北京/北京卷/2021_物理_北京卷_OCR与考点.md,,pypdf,10
2021,物理,天津,新高考,2020,地方/区域卷,local,天津卷,done,../papers/2021/物理/天津/天津卷/2021_物理_天津卷_原卷.pdf,../papers/2021/物理/天津/天津卷/2021_物理_天津卷_OCR与考点.md,,pypdf,8
2021,物理,河北,新高考,2021,地方/区域卷,local,河北卷,done,../papers/2021/物理/河北/河北卷/2021_物理_河北卷_原卷.pdf,../papers/2021/物理/河北/河北卷/2021_物理_河北卷_OCR与考点.md,,pypdf,10
2021,物理,山西,老高考,2025,全国卷,common,全国乙卷,done,../papers/2021/物理/全国/全国乙卷理综/2021_物理_全国乙卷理综_原卷.pdf,../papers/2021/物理/全国/全国乙卷理综/2021_物理_全国乙卷理综_OCR与考点.md,,pypdf,9
2021,物理,内蒙古,老高考,2025,全国卷,common,全国乙卷,done,../papers/2021/物理/全国/全国乙卷理综/2021_物理_全国乙卷理综_原卷.pdf,../papers/2021/物理/全国/全国乙卷理综/2021_物理_全国乙卷理综_OCR与考点.md,,pypdf,9
2021,物理,辽宁,新高考,2021,地方/区域卷,local,辽宁卷,done,../papers/2021/物理/辽宁/辽宁卷/2021_物理_辽宁卷_原卷.pdf,../papers/2021/物理/辽宁/辽宁卷/2021_物理_辽宁卷_OCR与考点.md,,pypdf,9
2021,物理,吉林,老高考,2024,全国卷,common,全国乙卷,done,../papers/2021/物理/全国/全国乙卷理综/2021_物理_全国乙卷理综_原卷.pdf,../papers/2021/物理/全国/全国乙卷理综/2021_物理_全国乙卷理综_OCR与考点.md,,pypdf,9
2021,物理,黑龙江,老高考,2024,全国卷,common,全国乙卷,done,../papers/2021/物理/全国/全国乙卷理综/2021_物理_全国乙卷理综_原卷.pdf,../papers/2021/物理/全国/全国乙卷理综/2021_物理_全国乙卷理综_OCR与考点.md,,pypdf,9
2021,物理,上海,新高考,2017,地方/区域卷,local,上海卷,done,../papers/2021/物理/上海/上海卷/2021_物理_上海卷_原卷.pdf,../papers/2021/物理/上海/上海卷/2021_物理_上海卷_OCR与考点.md,,pypdf,5
2021,物理,江苏,新高考,2021,地方/区域卷,local,江苏卷,done,../papers/2021/物理/江苏/江苏卷/2021_物理_江苏卷_原卷.pdf,../papers/2021/物理/江苏/江苏卷/2021_物理_江苏卷_OCR与考点.md,,pypdf,9
2021,物理,浙江,新高考,2017,地方/区域卷,local,浙江卷,done,../papers/2021/物理/浙江/浙江卷/2021_物理_浙江卷_原卷.pdf,../papers/2021/物理/浙江/浙江卷/2021_物理_浙江卷_OCR与考点.md,,pypdf,12
2021,物理,安徽,老高考,2024,全国卷,common,全国乙卷,done,../papers/2021/物理/全国/全国乙卷理综/2021_物理_全国乙卷理综_原卷.pdf,../papers/2021/物理/全国/全国乙卷理综/2021_物理_全国乙卷理综_OCR与考点.md,,pypdf,9
2021,物理,福建,新高考,2021,地方/区域卷,local,福建卷,done,../papers/2021/物理/福建/福建卷/2021_物理_福建卷_原卷.pdf,../papers/2021/物理/福建/福建卷/2021_物理_福建卷_OCR与考点.md,,pypdf,9
2021,物理,江西,老高考,2024,全国卷,common,全国乙卷,done,../papers/2021/物理/全国/全国乙卷理综/2021_物理_全国乙卷理综_原卷.pdf,../papers/2021/物理/全国/全国乙卷理综/2021_物理_全国乙卷理综_OCR与考点.md,,pypdf,9
2021,物理,山东,新高考,2020,地方/区域卷,local,山东卷,done,../papers/2021/物理/山东/山东卷/2021_物理_山东卷_原卷.pdf,../papers/2021/物理/山东/山东卷/2021_物理_山东卷_OCR与考点.md,,pypdf,12
2021,物理,河南,老高考,2025,全国卷,common,全国乙卷,done,../papers/2021/物理/全国/全国乙卷理综/2021_物理_全国乙卷理综_原卷.pdf,../papers/2021/物理/全国/全国乙卷理综/2021_物理_全国乙卷理综_OCR与考点.md,,pypdf,9
2021,物理,湖北,新高考,2021,地方/区域卷,local,湖北卷,done,../papers/2021/物理/湖北/湖北卷/2021_物理_湖北卷_原卷.pdf,../papers/2021/物理/湖北/湖北卷/2021_物理_湖北卷_OCR与考点.md,,pypdf,9
2021,物理,湖南,新高考,2021,地方/区域卷,local,湖南卷,done,../papers/2021/物理/湖南/湖南卷/2021_物理_湖南卷_原卷.pdf,../papers/2021/物理/湖南/湖南卷/2021_物理_湖南卷_OCR与考点.md,,pypdf,10
2021,物理,广东,新高考,2021,地方/区域卷,local,广东卷,done,../papers/2021/物理/广东/广东卷/2021_物理_广东卷_原卷.pdf,../papers/2021/物理/广东/广东卷/2021_物理_广东卷_OCR与考点.md,,pypdf,9
2021,物理,广西,老高考,2024,全国卷,common,全国甲卷,done,../papers/2021/物理/全国/全国甲卷理综/2021_物理_全国甲卷理综_原卷.pdf,../papers/2021/物理/全国/全国甲卷理综/2021_物理_全国甲卷理综_OCR与考点.md,,pypdf,
2021,物理,海南,新高考,2020,地方/区域卷,local,海南卷,done,../papers/2021/物理/海南/海南卷/2021_物理_海南卷_原卷.pdf,../papers/2021/物理/海南/海南卷/2021_物理_海南卷_OCR与考点.md,,pypdf,8
2021,物理,重庆,新高考,2021,地方/区域卷,local,重庆卷,done,../papers/2021/物理/重庆/重庆卷/2021_物理_重庆卷_原卷.pdf,../papers/2021/物理/重庆/重庆卷/2021_物理_重庆卷_OCR与考点.md,,pypdf,9
2021,物理,四川,老高考,2025,全国卷,common,全国甲卷,done,../papers/2021/物理/全国/全国甲卷理综/2021_物理_全国甲卷理综_原卷.pdf,../papers/2021/物理/全国/全国甲卷理综/2021_物理_全国甲卷理综_OCR与考点.md,,pypdf,
2021,物理,贵州,老高考,2024,全国卷,common,全国甲卷,done,../papers/2021/物理/全国/全国甲卷理综/2021_物理_全国甲卷理综_原卷.pdf,../papers/2021/物理/全国/全国甲卷理综/2021_物理_全国甲卷理综_OCR与考点.md,,pypdf,
2021,物理,云南,老高考,2025,全国卷,common,全国甲卷,done,../papers/2021/物理/全国/全国甲卷理综/2021_物理_全国甲卷理综_原卷.pdf,../papers/2021/物理/全国/全国甲卷理综/2021_物理_全国甲卷理综_OCR与考点.md,,pypdf,
2021,物理,西藏,老高考,,全国卷,common,全国甲卷,done,../papers/2021/物理/全国/全国甲卷理综/2021_物理_全国甲卷理综_原卷.pdf,../papers/2021/物理/全国/全国甲卷理综/2021_物理_全国甲卷理综_OCR与考点.md,,pypdf,
2021,物理,陕西,老高考,2025,全国卷,common,全国乙卷,done,../papers/2021/物理/全国/全国乙卷理综/2021_物理_全国乙卷理综_原卷.pdf,../papers/2021/物理/全国/全国乙卷理综/2021_物理_全国乙卷理综_OCR与考点.md,,pypdf,9
2021,物理,甘肃,老高考,2024,全国卷,common,全国乙卷,done,../papers/2021/物理/全国/全国乙卷理综/2021_物理_全国乙卷理综_原卷.pdf,../papers/2021/物理/全国/全国乙卷理综/2021_物理_全国乙卷理综_OCR与考点.md,,pypdf,9
2021,物理,青海,老高考,2025,全国卷,common,全国乙卷,done,../papers/2021/物理/全国/全国乙卷理综/2021_物理_全国乙卷理综_原卷.pdf,../papers/2021/物理/全国/全国乙卷理综/2021_物理_全国乙卷理综_OCR与考点.md,,pypdf,9
2021,物理,宁夏,老高考,2025,全国卷,common,全国乙卷,done,../papers/2021/物理/全国/全国乙卷理综/2021_物理_全国乙卷理综_原卷.pdf,../papers/2021/物理/全国/全国乙卷理综/2021_物理_全国乙卷理综_OCR与考点.md,,pypdf,9
2021,物理,新疆,老高考,,全国卷,common,全国乙卷,done,../papers/2021/物理/全国/全国乙卷理综/2021_物理_全国乙卷理综_原卷.pdf,../papers/2021/物理/全国/全国乙卷理综/2021_物理_全国乙卷理综_OCR与考点.md,,pypdf,9
2021,化学,北京,新高考,2020,地方/区域卷,local,北京卷,done,../papers/2021/化学/北京/北京卷/2021_化学_北京卷_原卷.pdf,../papers/2021/化学/北京/北京卷/2021_化学_北京卷_OCR与考点.md,,pypdf,11
2021,化学,天津,新高考,2020,地方/区域卷,local,天津卷,done,../papers/2021/化学/天津/天津卷/2021_化学_天津卷_原卷.pdf,../papers/2021/化学/天津/天津卷/2021_化学_天津卷_OCR与考点.md,,pypdf,10
2021,化学,河北,新高考,2021,地方/区域卷,local,河北卷,done,../papers/2021/化学/河北/河北卷/2021_化学_河北卷_原卷.pdf,../papers/2021/化学/河北/河北卷/2021_化学_河北卷_OCR与考点.md,,pypdf,11
2021,化学,山西,老高考,2025,全国卷,common,全国乙卷,done,../papers/2021/化学/全国/全国乙卷理综/2021_化学_全国乙卷理综_原卷.pdf,../papers/2021/化学/全国/全国乙卷理综/2021_化学_全国乙卷理综_OCR与考点.md,,pypdf,8
2021,化学,内蒙古,老高考,2025,全国卷,common,全国乙卷,done,../papers/2021/化学/全国/全国乙卷理综/2021_化学_全国乙卷理综_原卷.pdf,../papers/2021/化学/全国/全国乙卷理综/2021_化学_全国乙卷理综_OCR与考点.md,,pypdf,8
2021,化学,辽宁,新高考,2021,地方/区域卷,local,辽宁卷,done,../papers/2021/化学/辽宁/辽宁卷/2021_化学_辽宁卷_原卷.pdf,../papers/2021/化学/辽宁/辽宁卷/2021_化学_辽宁卷_OCR与考点.md,,pypdf,12
2021,化学,吉林,老高考,2024,全国卷,common,全国乙卷,done,../papers/2021/化学/全国/全国乙卷理综/2021_化学_全国乙卷理综_原卷.pdf,../papers/2021/化学/全国/全国乙卷理综/2021_化学_全国乙卷理综_OCR与考点.md,,pypdf,8
2021,化学,黑龙江,老高考,2024,全国卷,common,全国乙卷,done,../papers/2021/化学/全国/全国乙卷理综/2021_化学_全国乙卷理综_原卷.pdf,../papers/2021/化学/全国/全国乙卷理综/2021_化学_全国乙卷理综_OCR与考点.md,,pypdf,8
2021,化学,上海,新高考,2017,地方/区域卷,local,上海卷,done,../papers/2021/化学/上海/上海卷/2021_化学_上海卷_原卷.pdf,../papers/2021/化学/上海/上海卷/2021_化学_上海卷_OCR与考点.md,,pypdf,9
2021,化学,江苏,新高考,2021,地方/区域卷,local,江苏卷,done,../papers/2021/化学/江苏/江苏卷/2021_化学_江苏卷_原卷.pdf,../papers/2021/化学/江苏/江苏卷/2021_化学_江苏卷_OCR与考点.md,,pypdf,10
2021,化学,浙江,新高考,2017,地方/区域卷,local,浙江卷,done,../papers/2021/化学/浙江/浙江卷/2021_化学_浙江卷_原卷.pdf,../papers/2021/化学/浙江/浙江卷/2021_化学_浙江卷_OCR与考点.md,,pypdf,13
2021,化学,安徽,老高考,2024,全国卷,common,全国乙卷,done,../papers/2021/化学/全国/全国乙卷理综/2021_化学_全国乙卷理综_原卷.pdf,../papers/2021/化学/全国/全国乙卷理综/2021_化学_全国乙卷理综_OCR与考点.md,,pypdf,8
2021,化学,福建,新高考,2021,地方/区域卷,local,福建卷,done,../papers/2021/化学/福建/福建卷/2021_化学_福建卷_原卷.pdf,../papers/2021/化学/福建/福建卷/2021_化学_福建卷_OCR与考点.md,,pypdf,10
2021,化学,江西,老高考,2024,全国卷,common,全国乙卷,done,../papers/2021/化学/全国/全国乙卷理综/2021_化学_全国乙卷理综_原卷.pdf,../papers/2021/化学/全国/全国乙卷理综/2021_化学_全国乙卷理综_OCR与考点.md,,pypdf,8
2021,化学,山东,新高考,2020,地方/区域卷,local,山东卷,done,../papers/2021/化学/山东/山东卷/2021_化学_山东卷_原卷.pdf,../papers/2021/化学/山东/山东卷/2021_化学_山东卷_OCR与考点.md,,pypdf,10
2021,化学,河南,老高考,2025,全国卷,common,全国乙卷,done,../papers/2021/化学/全国/全国乙卷理综/2021_化学_全国乙卷理综_原卷.pdf,../papers/2021/化学/全国/全国乙卷理综/2021_化学_全国乙卷理综_OCR与考点.md,,pypdf,8
2021,化学,湖北,新高考,2021,地方/区域卷,local,湖北卷,done,../papers/2021/化学/湖北/湖北卷/2021_化学_湖北卷_原卷.pdf,../papers/2021/化学/湖北/湖北卷/2021_化学_湖北卷_OCR与考点.md,,pypdf,11
2021,化学,湖南,新高考,2021,地方/区域卷,local,湖南卷,done,../papers/2021/化学/湖南/湖南卷/2021_化学_湖南卷_原卷.pdf,../papers/2021/化学/湖南/湖南卷/2021_化学_湖南卷_OCR与考点.md,,pypdf,12
2021,化学,广东,新高考,2021,地方/区域卷,local,广东卷,done,../papers/2021/化学/广东/广东卷/2021_化学_广东卷_原卷.pdf,../papers/2021/化学/广东/广东卷/2021_化学_广东卷_OCR与考点.md,,pypdf,13
2021,化学,广西,老高考,2024,全国卷,common,全国甲卷,done,../papers/2021/化学/全国/全国甲卷理综/2021_化学_全国甲卷理综_原卷.pdf,../papers/2021/化学/全国/全国甲卷理综/2021_化学_全国甲卷理综_OCR与考点.md,,pypdf,
2021,化学,海南,新高考,2020,地方/区域卷,local,海南卷,done,../papers/2021/化学/海南/海南卷/2021_化学_海南卷_原卷.pdf,../papers/2021/化学/海南/海南卷/2021_化学_海南卷_OCR与考点.md,,pypdf,9
2021,化学,重庆,新高考,2021,地方/区域卷,local,重庆卷,done,../papers/2021/化学/重庆/重庆卷/2021_化学_重庆卷_原卷.pdf,../papers/2021/化学/重庆/重庆卷/2021_化学_重庆卷_OCR与考点.md,,pypdf,11
2021,化学,四川,老高考,2025,全国卷,common,全国甲卷,done,../papers/2021/化学/全国/全国甲卷理综/2021_化学_全国甲卷理综_原卷.pdf,../papers/2021/化学/全国/全国甲卷理综/2021_化学_全国甲卷理综_OCR与考点.md,,pypdf,
2021,化学,贵州,老高考,2024,全国卷,common,全国甲卷,done,../papers/2021/化学/全国/全国甲卷理综/2021_化学_全国甲卷理综_原卷.pdf,../papers/2021/化学/全国/全国甲卷理综/2021_化学_全国甲卷理综_OCR与考点.md,,pypdf,
2021,化学,云南,老高考,2025,全国卷,common,全国甲卷,done,../papers/2021/化学/全国/全国甲卷理综/2021_化学_全国甲卷理综_原卷.pdf,../papers/2021/化学/全国/全国甲卷理综/2021_化学_全国甲卷理综_OCR与考点.md,,pypdf,
2021,化学,西藏,老高考,,全国卷,common,全国甲卷,done,../papers/2021/化学/全国/全国甲卷理综/2021_化学_全国甲卷理综_原卷.pdf,../papers/2021/化学/全国/全国甲卷理综/2021_化学_全国甲卷理综_OCR与考点.md,,pypdf,
2021,化学,陕西,老高考,2025,全国卷,common,全国乙卷,done,../papers/2021/化学/全国/全国乙卷理综/2021_化学_全国乙卷理综_原卷.pdf,../papers/2021/化学/全国/全国乙卷理综/2021_化学_全国乙卷理综_OCR与考点.md,,pypdf,8
2021,化学,甘肃,老高考,2024,全国卷,common,全国乙卷,done,../papers/2021/化学/全国/全国乙卷理综/2021_化学_全国乙卷理综_原卷.pdf,../papers/2021/化学/全国/全国乙卷理综/2021_化学_全国乙卷理综_OCR与考点.md,,pypdf,8
2021,化学,青海,老高考,2025,全国卷,common,全国乙卷,done,../papers/2021/化学/全国/全国乙卷理综/2021_化学_全国乙卷理综_原卷.pdf,../papers/2021/化学/全国/全国乙卷理综/2021_化学_全国乙卷理综_OCR与考点.md,,pypdf,8
2021,化学,宁夏,老高考,2025,全国卷,common,全国乙卷,done,../papers/2021/化学/全国/全国乙卷理综/2021_化学_全国乙卷理综_原卷.pdf,../papers/2021/化学/全国/全国乙卷理综/2021_化学_全国乙卷理综_OCR与考点.md,,pypdf,8
2021,化学,新疆,老高考,,全国卷,common,全国乙卷,done,../papers/2021/化学/全国/全国乙卷理综/2021_化学_全国乙卷理综_原卷.pdf,../papers/2021/化学/全国/全国乙卷理综/2021_化学_全国乙卷理综_OCR与考点.md,,pypdf,8
2021,生物,北京,新高考,2020,地方/区域卷,local,北京卷,done,../papers/2021/生物/北京/北京卷/2021_生物_北京卷_原卷.pdf,../papers/2021/生物/北京/北京卷/2021_生物_北京卷_OCR与考点.md,,pypdf,12
2021,生物,天津,新高考,2020,地方/区域卷,local,天津卷,done,../papers/2021/生物/天津/天津卷/2021_生物_天津卷_原卷.pdf,../papers/2021/生物/天津/天津卷/2021_生物_天津卷_OCR与考点.md,,pypdf,11
2021,生物,河北,新高考,2021,地方/区域卷,local,河北卷,done,../papers/2021/生物/河北/河北卷/2021_生物_河北卷_原卷.pdf,../papers/2021/生物/河北/河北卷/2021_生物_河北卷_OCR与考点.md,,pypdf,10
2021,生物,山西,老高考,2025,全国卷,common,全国乙卷,done,../papers/2021/生物/全国/全国乙卷理综/2021_生物_全国乙卷理综_原卷.pdf,../papers/2021/生物/全国/全国乙卷理综/2021_生物_全国乙卷理综_OCR与考点.md,,pypdf,4
2021,生物,内蒙古,老高考,2025,全国卷,common,全国乙卷,done,../papers/2021/生物/全国/全国乙卷理综/2021_生物_全国乙卷理综_原卷.pdf,../papers/2021/生物/全国/全国乙卷理综/2021_生物_全国乙卷理综_OCR与考点.md,,pypdf,4
2021,生物,辽宁,新高考,2021,地方/区域卷,local,辽宁卷,done,../papers/2021/生物/辽宁/辽宁卷/2021_生物_辽宁卷_原卷.pdf,../papers/2021/生物/辽宁/辽宁卷/2021_生物_辽宁卷_OCR与考点.md,,pypdf,14
2021,生物,吉林,老高考,2024,全国卷,common,全国乙卷,done,../papers/2021/生物/全国/全国乙卷理综/2021_生物_全国乙卷理综_原卷.pdf,../papers/2021/生物/全国/全国乙卷理综/2021_生物_全国乙卷理综_OCR与考点.md,,pypdf,4
2021,生物,黑龙江,老高考,2024,全国卷,common,全国乙卷,done,../papers/2021/生物/全国/全国乙卷理综/2021_生物_全国乙卷理综_原卷.pdf,../papers/2021/生物/全国/全国乙卷理综/2021_生物_全国乙卷理综_OCR与考点.md,,pypdf,4
2021,生物,上海,新高考,2017,地方/区域卷,local,上海卷,done,../papers/2021/生物/上海/上海卷/2021_生物_上海卷_原卷.pdf,../papers/2021/生物/上海/上海卷/2021_生物_上海卷_OCR与考点.md,,pypdf,8
2021,生物,江苏,新高考,2021,地方/区域卷,local,江苏卷,done,../papers/2021/生物/江苏/江苏卷/2021_生物_江苏卷_原卷.pdf,../papers/2021/生物/江苏/江苏卷/2021_生物_江苏卷_OCR与考点.md,,pypdf,12
2021,生物,浙江,新高考,2017,地方/区域卷,local,浙江卷,done,../papers/2021/生物/浙江/浙江卷/2021_生物_浙江卷_原卷.pdf,../papers/2021/生物/浙江/浙江卷/2021_生物_浙江卷_OCR与考点.md,,pypdf,11
2021,生物,安徽,老高考,2024,全国卷,common,全国乙卷,done,../papers/2021/生物/全国/全国乙卷理综/2021_生物_全国乙卷理综_原卷.pdf,../papers/2021/生物/全国/全国乙卷理综/2021_生物_全国乙卷理综_OCR与考点.md,,pypdf,4
2021,生物,福建,新高考,2021,地方/区域卷,local,福建卷,done,../papers/2021/生物/福建/福建卷/2021_生物_福建卷_原卷.pdf,../papers/2021/生物/福建/福建卷/2021_生物_福建卷_OCR与考点.md,,pypdf,13
2021,生物,江西,老高考,2024,全国卷,common,全国乙卷,done,../papers/2021/生物/全国/全国乙卷理综/2021_生物_全国乙卷理综_原卷.pdf,../papers/2021/生物/全国/全国乙卷理综/2021_生物_全国乙卷理综_OCR与考点.md,,pypdf,4
2021,生物,山东,新高考,2020,地方/区域卷,local,山东卷,done,../papers/2021/生物/山东/山东卷/2021_生物_山东卷_原卷.pdf,../papers/2021/生物/山东/山东卷/2021_生物_山东卷_OCR与考点.md,,pypdf,8
2021,生物,河南,老高考,2025,全国卷,common,全国乙卷,done,../papers/2021/生物/全国/全国乙卷理综/2021_生物_全国乙卷理综_原卷.pdf,../papers/2021/生物/全国/全国乙卷理综/2021_生物_全国乙卷理综_OCR与考点.md,,pypdf,4
2021,生物,湖北,新高考,2021,地方/区域卷,local,湖北卷,done,../papers/2021/生物/湖北/湖北卷/2021_生物_湖北卷_原卷.pdf,../papers/2021/生物/湖北/湖北卷/2021_生物_湖北卷_OCR与考点.md,,pypdf,11
2021,生物,湖南,新高考,2021,地方/区域卷,local,湖南卷,done,../papers/2021/生物/湖南/湖南卷/2021_生物_湖南卷_原卷.pdf,../papers/2021/生物/湖南/湖南卷/2021_生物_湖南卷_OCR与考点.md,,pypdf,12
2021,生物,广东,新高考,2021,地方/区域卷,local,广东卷,done,../papers/2021/生物/广东/广东卷/2021_生物_广东卷_原卷.pdf,../papers/2021/生物/广东/广东卷/2021_生物_广东卷_OCR与考点.md,,pypdf,10
2021,生物,广西,老高考,2024,全国卷,common,全国甲卷,done,../papers/2021/生物/全国/全国甲卷理综/2021_生物_全国甲卷理综_原卷.pdf,../papers/2021/生物/全国/全国甲卷理综/2021_生物_全国甲卷理综_OCR与考点.md,,pypdf,
2021,生物,海南,新高考,2020,地方/区域卷,local,海南卷,done,../papers/2021/生物/海南/海南卷/2021_生物_海南卷_原卷.pdf,../papers/2021/生物/海南/海南卷/2021_生物_海南卷_OCR与考点.md,,pypdf,10
2021,生物,重庆,新高考,2021,地方/区域卷,local,重庆卷,done,../papers/2021/生物/重庆/重庆卷/2021_生物_重庆卷_原卷.pdf,../papers/2021/生物/重庆/重庆卷/2021_生物_重庆卷_OCR与考点.md,,pypdf,11
2021,生物,四川,老高考,2025,全国卷,common,全国甲卷,done,../papers/2021/生物/全国/全国甲卷理综/2021_生物_全国甲卷理综_原卷.pdf,../papers/2021/生物/全国/全国甲卷理综/2021_生物_全国甲卷理综_OCR与考点.md,,pypdf,
2021,生物,贵州,老高考,2024,全国卷,common,全国甲卷,done,../papers/2021/生物/全国/全国甲卷理综/2021_生物_全国甲卷理综_原卷.pdf,../papers/2021/生物/全国/全国甲卷理综/2021_生物_全国甲卷理综_OCR与考点.md,,pypdf,
2021,生物,云南,老高考,2025,全国卷,common,全国甲卷,done,../papers/2021/生物/全国/全国甲卷理综/2021_生物_全国甲卷理综_原卷.pdf,../papers/2021/生物/全国/全国甲卷理综/2021_生物_全国甲卷理综_OCR与考点.md,,pypdf,
2021,生物,西藏,老高考,,全国卷,common,全国甲卷,done,../papers/2021/生物/全国/全国甲卷理综/2021_生物_全国甲卷理综_原卷.pdf,../papers/2021/生物/全国/全国甲卷理综/2021_生物_全国甲卷理综_OCR与考点.md,,pypdf,
2021,生物,陕西,老高考,2025,全国卷,common,全国乙卷,done,../papers/2021/生物/全国/全国乙卷理综/2021_生物_全国乙卷理综_原卷.pdf,../papers/2021/生物/全国/全国乙卷理综/2021_生物_全国乙卷理综_OCR与考点.md,,pypdf,4
2021,生物,甘肃,老高考,2024,全国卷,common,全国乙卷,done,../papers/2021/生物/全国/全国乙卷理综/2021_生物_全国乙卷理综_原卷.pdf,../papers/2021/生物/全国/全国乙卷理综/2021_生物_全国乙卷理综_OCR与考点.md,,pypdf,4
2021,生物,青海,老高考,2025,全国卷,common,全国乙卷,done,../papers/2021/生物/全国/全国乙卷理综/2021_生物_全国乙卷理综_原卷.pdf,../papers/2021/生物/全国/全国乙卷理综/2021_生物_全国乙卷理综_OCR与考点.md,,pypdf,4
2021,生物,宁夏,老高考,2025,全国卷,common,全国乙卷,done,../papers/2021/生物/全国/全国乙卷理综/2021_生物_全国乙卷理综_原卷.pdf,../papers/2021/生物/全国/全国乙卷理综/2021_生物_全国乙卷理综_OCR与考点.md,,pypdf,4
2021,生物,新疆,老高考,,全国卷,common,全国乙卷,done,../papers/2021/生物/全国/全国乙卷理综/2021_生物_全国乙卷理综_原卷.pdf,../papers/2021/生物/全国/全国乙卷理综/2021_生物_全国乙卷理综_OCR与考点.md,,pypdf,4
2021,政治,北京,新高考,2020,地方/区域卷,local,北京卷,done,../papers/2021/政治/北京/北京卷/2021_政治_北京卷_原卷.pdf,../papers/2021/政治/北京/北京卷/2021_政治_北京卷_OCR与考点.md,,pypdf,10
2021,政治,天津,新高考,2020,地方/区域卷,local,天津卷,done,../papers/2021/政治/天津/天津卷/2021_政治_天津卷_原卷.pdf,../papers/2021/政治/天津/天津卷/2021_政治_天津卷_OCR与考点.md,,pypdf,9
2021,政治,河北,新高考,2021,地方/区域卷,local,河北卷,done,../papers/2021/政治/河北/河北卷/2021_政治_河北卷_原卷.pdf,../papers/2021/政治/河北/河北卷/2021_政治_河北卷_OCR与考点.md,,pypdf,7
2021,政治,山西,老高考,2025,全国卷,common,全国乙卷,done,../papers/2021/政治/全国/全国乙卷文综/2021_政治_全国乙卷文综_原卷.pdf,../papers/2021/政治/全国/全国乙卷文综/2021_政治_全国乙卷文综_OCR与考点.md,,pypdf,6
2021,政治,内蒙古,老高考,2025,全国卷,common,全国乙卷,done,../papers/2021/政治/全国/全国乙卷文综/2021_政治_全国乙卷文综_原卷.pdf,../papers/2021/政治/全国/全国乙卷文综/2021_政治_全国乙卷文综_OCR与考点.md,,pypdf,6
2021,政治,辽宁,新高考,2021,地方/区域卷,local,辽宁卷,done,../papers/2021/政治/辽宁/辽宁卷/2021_政治_辽宁卷_原卷.pdf,../papers/2021/政治/辽宁/辽宁卷/2021_政治_辽宁卷_OCR与考点.md,,pypdf,9
2021,政治,吉林,老高考,2024,全国卷,common,全国乙卷,done,../papers/2021/政治/全国/全国乙卷文综/2021_政治_全国乙卷文综_原卷.pdf,../papers/2021/政治/全国/全国乙卷文综/2021_政治_全国乙卷文综_OCR与考点.md,,pypdf,6
2021,政治,黑龙江,老高考,2024,全国卷,common,全国乙卷,done,../papers/2021/政治/全国/全国乙卷文综/2021_政治_全国乙卷文综_原卷.pdf,../papers/2021/政治/全国/全国乙卷文综/2021_政治_全国乙卷文综_OCR与考点.md,,pypdf,6
2021,政治,上海,新高考,2017,,missing,,missing,,,,,
2021,政治,江苏,新高考,2021,地方/区域卷,local,江苏卷,done,../papers/2021/政治/江苏/江苏卷/2021_政治_江苏卷_原卷.pdf,../papers/2021/政治/江苏/江苏卷/2021_政治_江苏卷_OCR与考点.md,,pypdf,8
2021,政治,浙江,新高考,2017,地方/区域卷,local,浙江卷,done,../papers/2021/政治/浙江/浙江卷/2021_政治_浙江卷_原卷.pdf,../papers/2021/政治/浙江/浙江卷/2021_政治_浙江卷_OCR与考点.md,,pypdf,13
2021,政治,安徽,老高考,2024,全国卷,common,全国乙卷,done,../papers/2021/政治/全国/全国乙卷文综/2021_政治_全国乙卷文综_原卷.pdf,../papers/2021/政治/全国/全国乙卷文综/2021_政治_全国乙卷文综_OCR与考点.md,,pypdf,6
2021,政治,福建,新高考,2021,地方/区域卷,local,福建卷,done,../papers/2021/政治/福建/福建卷/2021_政治_福建卷_原卷.pdf,../papers/2021/政治/福建/福建卷/2021_政治_福建卷_OCR与考点.md,,pypdf,9
2021,政治,江西,老高考,2024,全国卷,common,全国乙卷,done,../papers/2021/政治/全国/全国乙卷文综/2021_政治_全国乙卷文综_原卷.pdf,../papers/2021/政治/全国/全国乙卷文综/2021_政治_全国乙卷文综_OCR与考点.md,,pypdf,6
2021,政治,山东,新高考,2020,地方/区域卷,local,山东卷,done,../papers/2021/政治/山东/山东卷/2021_政治_山东卷_原卷.pdf,../papers/2021/政治/山东/山东卷/2021_政治_山东卷_OCR与考点.md,,pypdf,8
2021,政治,河南,老高考,2025,全国卷,common,全国乙卷,done,../papers/2021/政治/全国/全国乙卷文综/2021_政治_全国乙卷文综_原卷.pdf,../papers/2021/政治/全国/全国乙卷文综/2021_政治_全国乙卷文综_OCR与考点.md,,pypdf,6
2021,政治,湖北,新高考,2021,地方/区域卷,local,湖北卷,done,../papers/2021/政治/湖北/湖北卷/2021_政治_湖北卷_原卷.pdf,../papers/2021/政治/湖北/湖北卷/2021_政治_湖北卷_OCR与考点.md,,pypdf,8
2021,政治,湖南,新高考,2021,地方/区域卷,local,湖南卷,done,../papers/2021/政治/湖南/湖南卷/2021_政治_湖南卷_原卷.pdf,../papers/2021/政治/湖南/湖南卷/2021_政治_湖南卷_OCR与考点.md,,pypdf,7
2021,政治,广东,新高考,2021,地方/区域卷,local,广东卷,done,../papers/2021/政治/广东/广东卷/2021_政治_广东卷_原卷.pdf,../papers/2021/政治/广东/广东卷/2021_政治_广东卷_OCR与考点.md,,pypdf,7
2021,政治,广西,老高考,2024,全国卷,common,全国甲卷,done,../papers/2021/政治/全国/全国甲卷文综/2021_政治_全国甲卷文综_原卷.pdf,../papers/2021/政治/全国/全国甲卷文综/2021_政治_全国甲卷文综_OCR与考点.md,,pypdf,5
2021,政治,海南,新高考,2020,地方/区域卷,local,海南卷,done,../papers/2021/政治/海南/海南卷/2021_政治_海南卷_原卷.pdf,../papers/2021/政治/海南/海南卷/2021_政治_海南卷_OCR与考点.md,,pypdf,14
2021,政治,重庆,新高考,2021,,missing,,missing,,,,,
2021,政治,四川,老高考,2025,全国卷,common,全国甲卷,done,../papers/2021/政治/全国/全国甲卷文综/2021_政治_全国甲卷文综_原卷.pdf,../papers/2021/政治/全国/全国甲卷文综/2021_政治_全国甲卷文综_OCR与考点.md,,pypdf,5
2021,政治,贵州,老高考,2024,全国卷,common,全国甲卷,done,../papers/2021/政治/全国/全国甲卷文综/2021_政治_全国甲卷文综_原卷.pdf,../papers/2021/政治/全国/全国甲卷文综/2021_政治_全国甲卷文综_OCR与考点.md,,pypdf,5
2021,政治,云南,老高考,2025,全国卷,common,全国甲卷,done,../papers/2021/政治/全国/全国甲卷文综/2021_政治_全国甲卷文综_原卷.pdf,../papers/2021/政治/全国/全国甲卷文综/2021_政治_全国甲卷文综_OCR与考点.md,,pypdf,5
2021,政治,西藏,老高考,,全国卷,common,全国甲卷,done,../papers/2021/政治/全国/全国甲卷文综/2021_政治_全国甲卷文综_原卷.pdf,../papers/2021/政治/全国/全国甲卷文综/2021_政治_全国甲卷文综_OCR与考点.md,,pypdf,5
2021,政治,陕西,老高考,2025,全国卷,common,全国乙卷,done,../papers/2021/政治/全国/全国乙卷文综/2021_政治_全国乙卷文综_原卷.pdf,../papers/2021/政治/全国/全国乙卷文综/2021_政治_全国乙卷文综_OCR与考点.md,,pypdf,6
2021,政治,甘肃,老高考,2024,全国卷,common,全国乙卷,done,../papers/2021/政治/全国/全国乙卷文综/2021_政治_全国乙卷文综_原卷.pdf,../papers/2021/政治/全国/全国乙卷文综/2021_政治_全国乙卷文综_OCR与考点.md,,pypdf,6
2021,政治,青海,老高考,2025,全国卷,common,全国乙卷,done,../papers/2021/政治/全国/全国乙卷文综/2021_政治_全国乙卷文综_原卷.pdf,../papers/2021/政治/全国/全国乙卷文综/2021_政治_全国乙卷文综_OCR与考点.md,,pypdf,6
2021,政治,宁夏,老高考,2025,全国卷,common,全国乙卷,done,../papers/2021/政治/全国/全国乙卷文综/2021_政治_全国乙卷文综_原卷.pdf,../papers/2021/政治/全国/全国乙卷文综/2021_政治_全国乙卷文综_OCR与考点.md,,pypdf,6
2021,政治,新疆,老高考,,全国卷,common,全国乙卷,done,../papers/2021/政治/全国/全国乙卷文综/2021_政治_全国乙卷文综_原卷.pdf,../papers/2021/政治/全国/全国乙卷文综/2021_政治_全国乙卷文综_OCR与考点.md,,pypdf,6
2021,历史,北京,新高考,2020,地方/区域卷,local,北京卷,done,../papers/2021/历史/北京/北京卷/2021_历史_北京卷_原卷.pdf,../papers/2021/历史/北京/北京卷/2021_历史_北京卷_OCR与考点.md,,pypdf,10
2021,历史,天津,新高考,2020,地方/区域卷,local,天津卷,done,../papers/2021/历史/天津/天津卷/2021_历史_天津卷_原卷.pdf,../papers/2021/历史/天津/天津卷/2021_历史_天津卷_OCR与考点.md,,pypdf,7
2021,历史,河北,新高考,2021,地方/区域卷,local,河北卷,done,../papers/2021/历史/河北/河北卷/2021_历史_河北卷_原卷.pdf,../papers/2021/历史/河北/河北卷/2021_历史_河北卷_OCR与考点.md,,pypdf,7
2021,历史,山西,老高考,2025,全国卷,common,全国乙卷,done,../papers/2021/历史/全国/全国乙卷文综/2021_历史_全国乙卷文综_原卷.pdf,../papers/2021/历史/全国/全国乙卷文综/2021_历史_全国乙卷文综_OCR与考点.md,,pypdf,6
2021,历史,内蒙古,老高考,2025,全国卷,common,全国乙卷,done,../papers/2021/历史/全国/全国乙卷文综/2021_历史_全国乙卷文综_原卷.pdf,../papers/2021/历史/全国/全国乙卷文综/2021_历史_全国乙卷文综_OCR与考点.md,,pypdf,6
2021,历史,辽宁,新高考,2021,地方/区域卷,local,辽宁卷,done,../papers/2021/历史/辽宁/辽宁卷/2021_历史_辽宁卷_原卷.pdf,../papers/2021/历史/辽宁/辽宁卷/2021_历史_辽宁卷_OCR与考点.md,,pypdf,8
2021,历史,吉林,老高考,2024,全国卷,common,全国乙卷,done,../papers/2021/历史/全国/全国乙卷文综/2021_历史_全国乙卷文综_原卷.pdf,../papers/2021/历史/全国/全国乙卷文综/2021_历史_全国乙卷文综_OCR与考点.md,,pypdf,6
2021,历史,黑龙江,老高考,2024,全国卷,common,全国乙卷,done,../papers/2021/历史/全国/全国乙卷文综/2021_历史_全国乙卷文综_原卷.pdf,../papers/2021/历史/全国/全国乙卷文综/2021_历史_全国乙卷文综_OCR与考点.md,,pypdf,6
2021,历史,上海,新高考,2017,,missing,,missing,,,,,
2021,历史,江苏,新高考,2021,地方/区域卷,local,江苏卷,done,../papers/2021/历史/江苏/江苏卷/2021_历史_江苏卷_原卷.pdf,../papers/2021/历史/江苏/江苏卷/2021_历史_江苏卷_OCR与考点.md,,pypdf,6
2021,历史,浙江,新高考,2017,地方/区域卷,local,浙江卷,done,../papers/2021/历史/浙江/浙江卷/2021_历史_浙江卷_原卷.pdf,../papers/2021/历史/浙江/浙江卷/2021_历史_浙江卷_OCR与考点.md,,pypdf,10
2021,历史,安徽,老高考,2024,全国卷,common,全国乙卷,done,../papers/2021/历史/全国/全国乙卷文综/2021_历史_全国乙卷文综_原卷.pdf,../papers/2021/历史/全国/全国乙卷文综/2021_历史_全国乙卷文综_OCR与考点.md,,pypdf,6
2021,历史,福建,新高考,2021,地方/区域卷,local,福建卷,done,../papers/2021/历史/福建/福建卷/2021_历史_福建卷_原卷.pdf,../papers/2021/历史/福建/福建卷/2021_历史_福建卷_OCR与考点.md,,pypdf,9
2021,历史,江西,老高考,2024,全国卷,common,全国乙卷,done,../papers/2021/历史/全国/全国乙卷文综/2021_历史_全国乙卷文综_原卷.pdf,../papers/2021/历史/全国/全国乙卷文综/2021_历史_全国乙卷文综_OCR与考点.md,,pypdf,6
2021,历史,山东,新高考,2020,地方/区域卷,local,山东卷,done,../papers/2021/历史/山东/山东卷/2021_历史_山东卷_原卷.pdf,../papers/2021/历史/山东/山东卷/2021_历史_山东卷_OCR与考点.md,,pypdf,9
2021,历史,河南,老高考,2025,全国卷,common,全国乙卷,done,../papers/2021/历史/全国/全国乙卷文综/2021_历史_全国乙卷文综_原卷.pdf,../papers/2021/历史/全国/全国乙卷文综/2021_历史_全国乙卷文综_OCR与考点.md,,pypdf,6
2021,历史,湖北,新高考,2021,地方/区域卷,local,湖北卷,done,../papers/2021/历史/湖北/湖北卷/2021_历史_湖北卷_原卷.pdf,../papers/2021/历史/湖北/湖北卷/2021_历史_湖北卷_OCR与考点.md,,pypdf,7
2021,历史,湖南,新高考,2021,地方/区域卷,local,湖南卷,done,../papers/2021/历史/湖南/湖南卷/2021_历史_湖南卷_原卷.pdf,../papers/2021/历史/湖南/湖南卷/2021_历史_湖南卷_OCR与考点.md,,pypdf,8
2021,历史,广东,新高考,2021,地方/区域卷,local,广东卷,done,../papers/2021/历史/广东/广东卷/2021_历史_广东卷_原卷.pdf,../papers/2021/历史/广东/广东卷/2021_历史_广东卷_OCR与考点.md,,pypdf,6
2021,历史,广西,老高考,2024,全国卷,common,全国甲卷,done,../papers/2021/历史/全国/全国甲卷文综/2021_历史_全国甲卷文综_原卷.pdf,../papers/2021/历史/全国/全国甲卷文综/2021_历史_全国甲卷文综_OCR与考点.md,,pypdf,5
2021,历史,海南,新高考,2020,地方/区域卷,local,海南卷,done,../papers/2021/历史/海南/海南卷/2021_历史_海南卷_原卷.pdf,../papers/2021/历史/海南/海南卷/2021_历史_海南卷_OCR与考点.md,,pypdf,7
2021,历史,重庆,新高考,2021,地方/区域卷,local,重庆卷,done,../papers/2021/历史/重庆/重庆卷/2021_历史_重庆卷_原卷.pdf,../papers/2021/历史/重庆/重庆卷/2021_历史_重庆卷_OCR与考点.md,,pypdf,8
2021,历史,四川,老高考,2025,全国卷,common,全国甲卷,done,../papers/2021/历史/全国/全国甲卷文综/2021_历史_全国甲卷文综_原卷.pdf,../papers/2021/历史/全国/全国甲卷文综/2021_历史_全国甲卷文综_OCR与考点.md,,pypdf,5
2021,历史,贵州,老高考,2024,全国卷,common,全国甲卷,done,../papers/2021/历史/全国/全国甲卷文综/2021_历史_全国甲卷文综_原卷.pdf,../papers/2021/历史/全国/全国甲卷文综/2021_历史_全国甲卷文综_OCR与考点.md,,pypdf,5
2021,历史,云南,老高考,2025,全国卷,common,全国甲卷,done,../papers/2021/历史/全国/全国甲卷文综/2021_历史_全国甲卷文综_原卷.pdf,../papers/2021/历史/全国/全国甲卷文综/2021_历史_全国甲卷文综_OCR与考点.md,,pypdf,5
2021,历史,西藏,老高考,,全国卷,common,全国甲卷,done,../papers/2021/历史/全国/全国甲卷文综/2021_历史_全国甲卷文综_原卷.pdf,../papers/2021/历史/全国/全国甲卷文综/2021_历史_全国甲卷文综_OCR与考点.md,,pypdf,5
2021,历史,陕西,老高考,2025,全国卷,common,全国乙卷,done,../papers/2021/历史/全国/全国乙卷文综/2021_历史_全国乙卷文综_原卷.pdf,../papers/2021/历史/全国/全国乙卷文综/2021_历史_全国乙卷文综_OCR与考点.md,,pypdf,6
2021,历史,甘肃,老高考,2024,全国卷,common,全国乙卷,done,../papers/2021/历史/全国/全国乙卷文综/2021_历史_全国乙卷文综_原卷.pdf,../papers/2021/历史/全国/全国乙卷文综/2021_历史_全国乙卷文综_OCR与考点.md,,pypdf,6
2021,历史,青海,老高考,2025,全国卷,common,全国乙卷,done,../papers/2021/历史/全国/全国乙卷文综/2021_历史_全国乙卷文综_原卷.pdf,../papers/2021/历史/全国/全国乙卷文综/2021_历史_全国乙卷文综_OCR与考点.md,,pypdf,6
2021,历史,宁夏,老高考,2025,全国卷,common,全国乙卷,done,../papers/2021/历史/全国/全国乙卷文综/2021_历史_全国乙卷文综_原卷.pdf,../papers/2021/历史/全国/全国乙卷文综/2021_历史_全国乙卷文综_OCR与考点.md,,pypdf,6
2021,历史,新疆,老高考,,全国卷,common,全国乙卷,done,../papers/2021/历史/全国/全国乙卷文综/2021_历史_全国乙卷文综_原卷.pdf,../papers/2021/历史/全国/全国乙卷文综/2021_历史_全国乙卷文综_OCR与考点.md,,pypdf,6
2021,地理,北京,新高考,2020,地方/区域卷,local,北京卷,done,../papers/2021/地理/北京/北京卷/2021_地理_北京卷_原卷.pdf,../papers/2021/地理/北京/北京卷/2021_地理_北京卷_OCR与考点.md,,pypdf,10
2021,地理,天津,新高考,2020,地方/区域卷,local,天津卷,done,../papers/2021/地理/天津/天津卷/2021_地理_天津卷_原卷.pdf,../papers/2021/地理/天津/天津卷/2021_地理_天津卷_OCR与考点.md,,pypdf,8
2021,地理,河北,新高考,2021,地方/区域卷,local,河北卷,done,../papers/2021/地理/河北/河北卷/2021_地理_河北卷_原卷.pdf,../papers/2021/地理/河北/河北卷/2021_地理_河北卷_OCR与考点.md,,pypdf,6
2021,地理,山西,老高考,2025,全国卷,common,全国乙卷,done,../papers/2021/地理/全国/全国乙卷文综/2021_地理_全国乙卷文综_原卷.pdf,../papers/2021/地理/全国/全国乙卷文综/2021_地理_全国乙卷文综_OCR与考点.md,,pypdf,5
2021,地理,内蒙古,老高考,2025,全国卷,common,全国乙卷,done,../papers/2021/地理/全国/全国乙卷文综/2021_地理_全国乙卷文综_原卷.pdf,../papers/2021/地理/全国/全国乙卷文综/2021_地理_全国乙卷文综_OCR与考点.md,,pypdf,5
2021,地理,辽宁,新高考,2021,地方/区域卷,local,辽宁卷,done,../papers/2021/地理/辽宁/辽宁卷/2021_地理_辽宁卷_原卷.pdf,../papers/2021/地理/辽宁/辽宁卷/2021_地理_辽宁卷_OCR与考点.md,,pypdf,9
2021,地理,吉林,老高考,2024,全国卷,common,全国乙卷,done,../papers/2021/地理/全国/全国乙卷文综/2021_地理_全国乙卷文综_原卷.pdf,../papers/2021/地理/全国/全国乙卷文综/2021_地理_全国乙卷文综_OCR与考点.md,,pypdf,5
2021,地理,黑龙江,老高考,2024,全国卷,common,全国乙卷,done,../papers/2021/地理/全国/全国乙卷文综/2021_地理_全国乙卷文综_原卷.pdf,../papers/2021/地理/全国/全国乙卷文综/2021_地理_全国乙卷文综_OCR与考点.md,,pypdf,5
2021,地理,上海,新高考,2017,地方/区域卷,local,上海卷,done,../papers/2021/地理/上海/上海卷/2021_地理_上海卷_原卷.pdf,../papers/2021/地理/上海/上海卷/2021_地理_上海卷_OCR与考点.md,,pypdf,9
2021,地理,江苏,新高考,2021,地方/区域卷,local,江苏卷,done,../papers/2021/地理/江苏/江苏卷/2021_地理_江苏卷_原卷.pdf,../papers/2021/地理/江苏/江苏卷/2021_地理_江苏卷_OCR与考点.md,,pypdf,10
2021,地理,浙江,新高考,2017,地方/区域卷,local,浙江卷,done,../papers/2021/地理/浙江/浙江卷/2021_地理_浙江卷_原卷.pdf,../papers/2021/地理/浙江/浙江卷/2021_地理_浙江卷_OCR与考点.md,,pypdf,9
2021,地理,安徽,老高考,2024,全国卷,common,全国乙卷,done,../papers/2021/地理/全国/全国乙卷文综/2021_地理_全国乙卷文综_原卷.pdf,../papers/2021/地理/全国/全国乙卷文综/2021_地理_全国乙卷文综_OCR与考点.md,,pypdf,5
2021,地理,福建,新高考,2021,地方/区域卷,local,福建卷,done,../papers/2021/地理/福建/福建卷/2021_地理_福建卷_原卷.pdf,../papers/2021/地理/福建/福建卷/2021_地理_福建卷_OCR与考点.md,,pypdf,9
2021,地理,江西,老高考,2024,全国卷,common,全国乙卷,done,../papers/2021/地理/全国/全国乙卷文综/2021_地理_全国乙卷文综_原卷.pdf,../papers/2021/地理/全国/全国乙卷文综/2021_地理_全国乙卷文综_OCR与考点.md,,pypdf,5
2021,地理,山东,新高考,2020,地方/区域卷,local,山东卷,done,../papers/2021/地理/山东/山东卷/2021_地理_山东卷_原卷.pdf,../papers/2021/地理/山东/山东卷/2021_地理_山东卷_OCR与考点.md,,pypdf,8
2021,地理,河南,老高考,2025,全国卷,common,全国乙卷,done,../papers/2021/地理/全国/全国乙卷文综/2021_地理_全国乙卷文综_原卷.pdf,../papers/2021/地理/全国/全国乙卷文综/2021_地理_全国乙卷文综_OCR与考点.md,,pypdf,5
2021,地理,湖北,新高考,2021,地方/区域卷,local,湖北卷,done,../papers/2021/地理/湖北/湖北卷/2021_地理_湖北卷_原卷.pdf,../papers/2021/地理/湖北/湖北卷/2021_地理_湖北卷_OCR与考点.md,,pypdf,9
2021,地理,湖南,新高考,2021,地方/区域卷,local,湖南卷,done,../papers/2021/地理/湖南/湖南卷/2021_地理_湖南卷_原卷.pdf,../papers/2021/地理/湖南/湖南卷/2021_地理_湖南卷_OCR与考点.md,,pypdf,9
2021,地理,广东,新高考,2021,地方/区域卷,local,广东卷,done,../papers/2021/地理/广东/广东卷/2021_地理_广东卷_原卷.pdf,../papers/2021/地理/广东/广东卷/2021_地理_广东卷_OCR与考点.md,,pypdf,7
2021,地理,广西,老高考,2024,全国卷,common,全国甲卷,done,../papers/2021/地理/全国/全国甲卷文综/2021_地理_全国甲卷文综_原卷.pdf,../papers/2021/地理/全国/全国甲卷文综/2021_地理_全国甲卷文综_OCR与考点.md,,pypdf,4
2021,地理,海南,新高考,2020,地方/区域卷,local,海南卷,done,../papers/2021/地理/海南/海南卷/2021_地理_海南卷_原卷.pdf,../papers/2021/地理/海南/海南卷/2021_地理_海南卷_OCR与考点.md,,pypdf,7
2021,地理,重庆,新高考,2021,地方/区域卷,local,重庆卷,done,../papers/2021/地理/重庆/重庆卷/2021_地理_重庆卷_原卷.pdf,../papers/2021/地理/重庆/重庆卷/2021_地理_重庆卷_OCR与考点.md,,pypdf,8
2021,地理,四川,老高考,2025,全国卷,common,全国甲卷,done,../papers/2021/地理/全国/全国甲卷文综/2021_地理_全国甲卷文综_原卷.pdf,../papers/2021/地理/全国/全国甲卷文综/2021_地理_全国甲卷文综_OCR与考点.md,,pypdf,4
2021,地理,贵州,老高考,2024,全国卷,common,全国甲卷,done,../papers/2021/地理/全国/全国甲卷文综/2021_地理_全国甲卷文综_原卷.pdf,../papers/2021/地理/全国/全国甲卷文综/2021_地理_全国甲卷文综_OCR与考点.md,,pypdf,4
2021,地理,云南,老高考,2025,全国卷,common,全国甲卷,done,../papers/2021/地理/全国/全国甲卷文综/2021_地理_全国甲卷文综_原卷.pdf,../papers/2021/地理/全国/全国甲卷文综/2021_地理_全国甲卷文综_OCR与考点.md,,pypdf,4
2021,地理,西藏,老高考,,全国卷,common,全国甲卷,done,../papers/2021/地理/全国/全国甲卷文综/2021_地理_全国甲卷文综_原卷.pdf,../papers/2021/地理/全国/全国甲卷文综/2021_地理_全国甲卷文综_OCR与考点.md,,pypdf,4
2021,地理,陕西,老高考,2025,全国卷,common,全国乙卷,done,../papers/2021/地理/全国/全国乙卷文综/2021_地理_全国乙卷文综_原卷.pdf,../papers/2021/地理/全国/全国乙卷文综/2021_地理_全国乙卷文综_OCR与考点.md,,pypdf,5
2021,地理,甘肃,老高考,2024,全国卷,common,全国乙卷,done,../papers/2021/地理/全国/全国乙卷文综/2021_地理_全国乙卷文综_原卷.pdf,../papers/2021/地理/全国/全国乙卷文综/2021_地理_全国乙卷文综_OCR与考点.md,,pypdf,5
2021,地理,青海,老高考,2025,全国卷,common,全国乙卷,done,../papers/2021/地理/全国/全国乙卷文综/2021_地理_全国乙卷文综_原卷.pdf,../papers/2021/地理/全国/全国乙卷文综/2021_地理_全国乙卷文综_OCR与考点.md,,pypdf,5
2021,地理,宁夏,老高考,2025,全国卷,common,全国乙卷,done,../papers/2021/地理/全国/全国乙卷文综/2021_地理_全国乙卷文综_原卷.pdf,../papers/2021/地理/全国/全国乙卷文综/2021_地理_全国乙卷文综_OCR与考点.md,,pypdf,5
2021,地理,新疆,老高考,,全国卷,common,全国乙卷,done,../papers/2021/地理/全国/全国乙卷文综/2021_地理_全国乙卷文综_原卷.pdf,../papers/2021/地理/全国/全国乙卷文综/2021_地理_全国乙卷文综_OCR与考点.md,,pypdf,5
2022,语文,北京,新高考,2020,地方/区域卷,local,北京卷,done,../papers/2022/语文/北京/北京卷/2022_语文_北京卷_原卷.pdf,../papers/2022/语文/北京/北京卷/2022_语文_北京卷_OCR与考点.md,,rapidocr,10
2022,语文,天津,新高考,2020,地方/区域卷,local,天津卷,done,../papers/2022/语文/天津/天津卷/2022_语文_天津卷_原卷.pdf,../papers/2022/语文/天津/天津卷/2022_语文_天津卷_OCR与考点.md,,rapidocr,10
2022,语文,河北,新高考,2021,全国卷,common,新高考全国Ⅰ卷,done,../papers/2022/语文/全国/新高考全国Ⅰ卷/2022_语文_新高考全国Ⅰ卷_原卷.pdf,../papers/2022/语文/全国/新高考全国Ⅰ卷/2022_语文_新高考全国Ⅰ卷_OCR与考点.md,,rapidocr,10
2022,语文,山西,老高考,2025,全国卷,common,全国乙卷,done,../papers/2022/语文/全国/全国乙卷/2022_语文_全国乙卷_原卷.pdf,../papers/2022/语文/全国/全国乙卷/2022_语文_全国乙卷_OCR与考点.md,,rapidocr,12
2022,语文,内蒙古,老高考,2025,全国卷,common,全国乙卷,done,../papers/2022/语文/全国/全国乙卷/2022_语文_全国乙卷_原卷.pdf,../papers/2022/语文/全国/全国乙卷/2022_语文_全国乙卷_OCR与考点.md,,rapidocr,12
2022,语文,辽宁,新高考,2021,全国卷,common,新高考全国Ⅱ卷,done,../papers/2022/语文/全国/新高考全国Ⅱ卷/2022_语文_新高考全国Ⅱ卷_原卷.pdf,../papers/2022/语文/全国/新高考全国Ⅱ卷/2022_语文_新高考全国Ⅱ卷_OCR与考点.md,,rapidocr,11
2022,语文,吉林,老高考,2024,全国卷,common,全国乙卷,done,../papers/2022/语文/全国/全国乙卷/2022_语文_全国乙卷_原卷.pdf,../papers/2022/语文/全国/全国乙卷/2022_语文_全国乙卷_OCR与考点.md,,rapidocr,12
2022,语文,黑龙江,老高考,2024,全国卷,common,全国乙卷,done,../papers/2022/语文/全国/全国乙卷/2022_语文_全国乙卷_原卷.pdf,../papers/2022/语文/全国/全国乙卷/2022_语文_全国乙卷_OCR与考点.md,,rapidocr,12
2022,语文,上海,新高考,2017,地方/区域卷,local,上海卷,done,../papers/2022/语文/上海/上海卷/2022_语文_上海卷_原卷.pdf,../papers/2022/语文/上海/上海卷/2022_语文_上海卷_OCR与考点.md,,rapidocr,8
2022,语文,江苏,新高考,2021,全国卷,common,新高考全国Ⅰ卷,done,../papers/2022/语文/全国/新高考全国Ⅰ卷/2022_语文_新高考全国Ⅰ卷_原卷.pdf,../papers/2022/语文/全国/新高考全国Ⅰ卷/2022_语文_新高考全国Ⅰ卷_OCR与考点.md,,rapidocr,10
2022,语文,浙江,新高考,2017,地方/区域卷,local,浙江卷,done,../papers/2022/语文/浙江/浙江卷/2022_语文_浙江卷_原卷.pdf,../papers/2022/语文/浙江/浙江卷/2022_语文_浙江卷_OCR与考点.md,,rapidocr,11
2022,语文,安徽,老高考,2024,全国卷,common,全国乙卷,done,../papers/2022/语文/全国/全国乙卷/2022_语文_全国乙卷_原卷.pdf,../papers/2022/语文/全国/全国乙卷/2022_语文_全国乙卷_OCR与考点.md,,rapidocr,12
2022,语文,福建,新高考,2021,全国卷,common,新高考全国Ⅰ卷,done,../papers/2022/语文/全国/新高考全国Ⅰ卷/2022_语文_新高考全国Ⅰ卷_原卷.pdf,../papers/2022/语文/全国/新高考全国Ⅰ卷/2022_语文_新高考全国Ⅰ卷_OCR与考点.md,,rapidocr,10
2022,语文,江西,老高考,2024,全国卷,common,全国乙卷,done,../papers/2022/语文/全国/全国乙卷/2022_语文_全国乙卷_原卷.pdf,../papers/2022/语文/全国/全国乙卷/2022_语文_全国乙卷_OCR与考点.md,,rapidocr,12
2022,语文,山东,新高考,2020,全国卷,common,新高考全国Ⅰ卷,done,../papers/2022/语文/全国/新高考全国Ⅰ卷/2022_语文_新高考全国Ⅰ卷_原卷.pdf,../papers/2022/语文/全国/新高考全国Ⅰ卷/2022_语文_新高考全国Ⅰ卷_OCR与考点.md,,rapidocr,10
2022,语文,河南,老高考,2025,全国卷,common,全国乙卷,done,../papers/2022/语文/全国/全国乙卷/2022_语文_全国乙卷_原卷.pdf,../papers/2022/语文/全国/全国乙卷/2022_语文_全国乙卷_OCR与考点.md,,rapidocr,12
2022,语文,湖北,新高考,2021,全国卷,common,新高考全国Ⅰ卷,done,../papers/2022/语文/全国/新高考全国Ⅰ卷/2022_语文_新高考全国Ⅰ卷_原卷.pdf,../papers/2022/语文/全国/新高考全国Ⅰ卷/2022_语文_新高考全国Ⅰ卷_OCR与考点.md,,rapidocr,10
2022,语文,湖南,新高考,2021,全国卷,common,新高考全国Ⅰ卷,done,../papers/2022/语文/全国/新高考全国Ⅰ卷/2022_语文_新高考全国Ⅰ卷_原卷.pdf,../papers/2022/语文/全国/新高考全国Ⅰ卷/2022_语文_新高考全国Ⅰ卷_OCR与考点.md,,rapidocr,10
2022,语文,广东,新高考,2021,全国卷,common,新高考全国Ⅰ卷,done,../papers/2022/语文/全国/新高考全国Ⅰ卷/2022_语文_新高考全国Ⅰ卷_原卷.pdf,../papers/2022/语文/全国/新高考全国Ⅰ卷/2022_语文_新高考全国Ⅰ卷_OCR与考点.md,,rapidocr,10
2022,语文,广西,老高考,2024,全国卷,common,全国甲卷,done,../papers/2022/语文/全国/全国甲卷/2022_语文_全国甲卷_原卷.pdf,../papers/2022/语文/全国/全国甲卷/2022_语文_全国甲卷_OCR与考点.md,,rapidocr,
2022,语文,海南,新高考,2020,全国卷,common,新高考全国Ⅱ卷,done,../papers/2022/语文/全国/新高考全国Ⅱ卷/2022_语文_新高考全国Ⅱ卷_原卷.pdf,../papers/2022/语文/全国/新高考全国Ⅱ卷/2022_语文_新高考全国Ⅱ卷_OCR与考点.md,,rapidocr,11
2022,语文,重庆,新高考,2021,全国卷,common,新高考全国Ⅱ卷,done,../papers/2022/语文/全国/新高考全国Ⅱ卷/2022_语文_新高考全国Ⅱ卷_原卷.pdf,../papers/2022/语文/全国/新高考全国Ⅱ卷/2022_语文_新高考全国Ⅱ卷_OCR与考点.md,,rapidocr,11
2022,语文,四川,老高考,2025,全国卷,common,全国甲卷,done,../papers/2022/语文/全国/全国甲卷/2022_语文_全国甲卷_原卷.pdf,../papers/2022/语文/全国/全国甲卷/2022_语文_全国甲卷_OCR与考点.md,,rapidocr,
2022,语文,贵州,老高考,2024,全国卷,common,全国甲卷,done,../papers/2022/语文/全国/全国甲卷/2022_语文_全国甲卷_原卷.pdf,../papers/2022/语文/全国/全国甲卷/2022_语文_全国甲卷_OCR与考点.md,,rapidocr,
2022,语文,云南,老高考,2025,全国卷,common,全国甲卷,done,../papers/2022/语文/全国/全国甲卷/2022_语文_全国甲卷_原卷.pdf,../papers/2022/语文/全国/全国甲卷/2022_语文_全国甲卷_OCR与考点.md,,rapidocr,
2022,语文,西藏,老高考,,全国卷,common,全国甲卷,done,../papers/2022/语文/全国/全国甲卷/2022_语文_全国甲卷_原卷.pdf,../papers/2022/语文/全国/全国甲卷/2022_语文_全国甲卷_OCR与考点.md,,rapidocr,
2022,语文,陕西,老高考,2025,全国卷,common,全国乙卷,done,../papers/2022/语文/全国/全国乙卷/2022_语文_全国乙卷_原卷.pdf,../papers/2022/语文/全国/全国乙卷/2022_语文_全国乙卷_OCR与考点.md,,rapidocr,12
2022,语文,甘肃,老高考,2024,全国卷,common,全国乙卷,done,../papers/2022/语文/全国/全国乙卷/2022_语文_全国乙卷_原卷.pdf,../papers/2022/语文/全国/全国乙卷/2022_语文_全国乙卷_OCR与考点.md,,rapidocr,12
2022,语文,青海,老高考,2025,全国卷,common,全国乙卷,done,../papers/2022/语文/全国/全国乙卷/2022_语文_全国乙卷_原卷.pdf,../papers/2022/语文/全国/全国乙卷/2022_语文_全国乙卷_OCR与考点.md,,rapidocr,12
2022,语文,宁夏,老高考,2025,全国卷,common,全国乙卷,done,../papers/2022/语文/全国/全国乙卷/2022_语文_全国乙卷_原卷.pdf,../papers/2022/语文/全国/全国乙卷/2022_语文_全国乙卷_OCR与考点.md,,rapidocr,12
2022,语文,新疆,老高考,,全国卷,common,全国乙卷,done,../papers/2022/语文/全国/全国乙卷/2022_语文_全国乙卷_原卷.pdf,../papers/2022/语文/全国/全国乙卷/2022_语文_全国乙卷_OCR与考点.md,,rapidocr,12
2022,数学,北京,新高考,2020,地方/区域卷,local,北京卷,done,../papers/2022/数学/北京/北京卷/2022_数学_北京卷_原卷.pdf,../papers/2022/数学/北京/北京卷/2022_数学_北京卷_OCR与考点.md,,pypdf,4
2022,数学,天津,新高考,2020,地方/区域卷,local,天津卷,done,../papers/2022/数学/天津/天津卷/2022_数学_天津卷_原卷.pdf,../papers/2022/数学/天津/天津卷/2022_数学_天津卷_OCR与考点.md,,pypdf,6
2022,数学,河北,新高考,2021,全国卷,common,新高考全国Ⅰ卷,done,../papers/2022/数学/全国/新高考全国Ⅰ卷/2022_数学_新高考全国Ⅰ卷_原卷.pdf,../papers/2022/数学/全国/新高考全国Ⅰ卷/2022_数学_新高考全国Ⅰ卷_OCR与考点.md,,pypdf,5
2022,数学,山西,老高考,2025,全国卷,common,全国乙卷,done,../papers/2022/数学/全国/全国乙卷/2022_数学_全国乙卷_原卷.pdf,../papers/2022/数学/全国/全国乙卷/2022_数学_全国乙卷_OCR与考点.md,,pypdf,6
2022,数学,内蒙古,老高考,2025,全国卷,common,全国乙卷,done,../papers/2022/数学/全国/全国乙卷/2022_数学_全国乙卷_原卷.pdf,../papers/2022/数学/全国/全国乙卷/2022_数学_全国乙卷_OCR与考点.md,,pypdf,6
2022,数学,辽宁,新高考,2021,全国卷,common,新高考全国Ⅱ卷,done,../papers/2022/数学/全国/新高考全国Ⅱ卷/2022_数学_新高考全国Ⅱ卷_原卷.pdf,../papers/2022/数学/全国/新高考全国Ⅱ卷/2022_数学_新高考全国Ⅱ卷_OCR与考点.md,,pypdf,6
2022,数学,吉林,老高考,2024,全国卷,common,全国乙卷,done,../papers/2022/数学/全国/全国乙卷/2022_数学_全国乙卷_原卷.pdf,../papers/2022/数学/全国/全国乙卷/2022_数学_全国乙卷_OCR与考点.md,,pypdf,6
2022,数学,黑龙江,老高考,2024,全国卷,common,全国乙卷,done,../papers/2022/数学/全国/全国乙卷/2022_数学_全国乙卷_原卷.pdf,../papers/2022/数学/全国/全国乙卷/2022_数学_全国乙卷_OCR与考点.md,,pypdf,6
2022,数学,上海,新高考,2017,地方/区域卷,local,上海卷,done,../papers/2022/数学/上海/上海卷/2022_数学_上海卷_原卷.pdf,../papers/2022/数学/上海/上海卷/2022_数学_上海卷_OCR与考点.md,,pypdf,4
2022,数学,江苏,新高考,2021,全国卷,common,新高考全国Ⅰ卷,done,../papers/2022/数学/全国/新高考全国Ⅰ卷/2022_数学_新高考全国Ⅰ卷_原卷.pdf,../papers/2022/数学/全国/新高考全国Ⅰ卷/2022_数学_新高考全国Ⅰ卷_OCR与考点.md,,pypdf,5
2022,数学,浙江,新高考,2017,地方/区域卷,local,浙江卷,done,../papers/2022/数学/浙江/浙江卷/2022_数学_浙江卷_原卷.pdf,../papers/2022/数学/浙江/浙江卷/2022_数学_浙江卷_OCR与考点.md,,pypdf,6
2022,数学,安徽,老高考,2024,全国卷,common,全国乙卷,done,../papers/2022/数学/全国/全国乙卷/2022_数学_全国乙卷_原卷.pdf,../papers/2022/数学/全国/全国乙卷/2022_数学_全国乙卷_OCR与考点.md,,pypdf,6
2022,数学,福建,新高考,2021,全国卷,common,新高考全国Ⅰ卷,done,../papers/2022/数学/全国/新高考全国Ⅰ卷/2022_数学_新高考全国Ⅰ卷_原卷.pdf,../papers/2022/数学/全国/新高考全国Ⅰ卷/2022_数学_新高考全国Ⅰ卷_OCR与考点.md,,pypdf,5
2022,数学,江西,老高考,2024,全国卷,common,全国乙卷,done,../papers/2022/数学/全国/全国乙卷/2022_数学_全国乙卷_原卷.pdf,../papers/2022/数学/全国/全国乙卷/2022_数学_全国乙卷_OCR与考点.md,,pypdf,6
2022,数学,山东,新高考,2020,全国卷,common,新高考全国Ⅰ卷,done,../papers/2022/数学/全国/新高考全国Ⅰ卷/2022_数学_新高考全国Ⅰ卷_原卷.pdf,../papers/2022/数学/全国/新高考全国Ⅰ卷/2022_数学_新高考全国Ⅰ卷_OCR与考点.md,,pypdf,5
2022,数学,河南,老高考,2025,全国卷,common,全国乙卷,done,../papers/2022/数学/全国/全国乙卷/2022_数学_全国乙卷_原卷.pdf,../papers/2022/数学/全国/全国乙卷/2022_数学_全国乙卷_OCR与考点.md,,pypdf,6
2022,数学,湖北,新高考,2021,全国卷,common,新高考全国Ⅰ卷,done,../papers/2022/数学/全国/新高考全国Ⅰ卷/2022_数学_新高考全国Ⅰ卷_原卷.pdf,../papers/2022/数学/全国/新高考全国Ⅰ卷/2022_数学_新高考全国Ⅰ卷_OCR与考点.md,,pypdf,5
2022,数学,湖南,新高考,2021,全国卷,common,新高考全国Ⅰ卷,done,../papers/2022/数学/全国/新高考全国Ⅰ卷/2022_数学_新高考全国Ⅰ卷_原卷.pdf,../papers/2022/数学/全国/新高考全国Ⅰ卷/2022_数学_新高考全国Ⅰ卷_OCR与考点.md,,pypdf,5
2022,数学,广东,新高考,2021,全国卷,common,新高考全国Ⅰ卷,done,../papers/2022/数学/全国/新高考全国Ⅰ卷/2022_数学_新高考全国Ⅰ卷_原卷.pdf,../papers/2022/数学/全国/新高考全国Ⅰ卷/2022_数学_新高考全国Ⅰ卷_OCR与考点.md,,pypdf,5
2022,数学,广西,老高考,2024,全国卷,common,全国甲卷,done,../papers/2022/数学/全国/全国甲卷/2022_数学_全国甲卷_原卷.pdf,../papers/2022/数学/全国/全国甲卷/2022_数学_全国甲卷_OCR与考点.md,,pypdf,
2022,数学,海南,新高考,2020,全国卷,common,新高考全国Ⅱ卷,done,../papers/2022/数学/全国/新高考全国Ⅱ卷/2022_数学_新高考全国Ⅱ卷_原卷.pdf,../papers/2022/数学/全国/新高考全国Ⅱ卷/2022_数学_新高考全国Ⅱ卷_OCR与考点.md,,pypdf,6
2022,数学,重庆,新高考,2021,全国卷,common,新高考全国Ⅱ卷,done,../papers/2022/数学/全国/新高考全国Ⅱ卷/2022_数学_新高考全国Ⅱ卷_原卷.pdf,../papers/2022/数学/全国/新高考全国Ⅱ卷/2022_数学_新高考全国Ⅱ卷_OCR与考点.md,,pypdf,6
2022,数学,四川,老高考,2025,全国卷,common,全国甲卷,done,../papers/2022/数学/全国/全国甲卷/2022_数学_全国甲卷_原卷.pdf,../papers/2022/数学/全国/全国甲卷/2022_数学_全国甲卷_OCR与考点.md,,pypdf,
2022,数学,贵州,老高考,2024,全国卷,common,全国甲卷,done,../papers/2022/数学/全国/全国甲卷/2022_数学_全国甲卷_原卷.pdf,../papers/2022/数学/全国/全国甲卷/2022_数学_全国甲卷_OCR与考点.md,,pypdf,
2022,数学,云南,老高考,2025,全国卷,common,全国甲卷,done,../papers/2022/数学/全国/全国甲卷/2022_数学_全国甲卷_原卷.pdf,../papers/2022/数学/全国/全国甲卷/2022_数学_全国甲卷_OCR与考点.md,,pypdf,
2022,数学,西藏,老高考,,全国卷,common,全国甲卷,done,../papers/2022/数学/全国/全国甲卷/2022_数学_全国甲卷_原卷.pdf,../papers/2022/数学/全国/全国甲卷/2022_数学_全国甲卷_OCR与考点.md,,pypdf,
2022,数学,陕西,老高考,2025,全国卷,common,全国乙卷,done,../papers/2022/数学/全国/全国乙卷/2022_数学_全国乙卷_原卷.pdf,../papers/2022/数学/全国/全国乙卷/2022_数学_全国乙卷_OCR与考点.md,,pypdf,6
2022,数学,甘肃,老高考,2024,全国卷,common,全国乙卷,done,../papers/2022/数学/全国/全国乙卷/2022_数学_全国乙卷_原卷.pdf,../papers/2022/数学/全国/全国乙卷/2022_数学_全国乙卷_OCR与考点.md,,pypdf,6
2022,数学,青海,老高考,2025,全国卷,common,全国乙卷,done,../papers/2022/数学/全国/全国乙卷/2022_数学_全国乙卷_原卷.pdf,../papers/2022/数学/全国/全国乙卷/2022_数学_全国乙卷_OCR与考点.md,,pypdf,6
2022,数学,宁夏,老高考,2025,全国卷,common,全国乙卷,done,../papers/2022/数学/全国/全国乙卷/2022_数学_全国乙卷_原卷.pdf,../papers/2022/数学/全国/全国乙卷/2022_数学_全国乙卷_OCR与考点.md,,pypdf,6
2022,数学,新疆,老高考,,全国卷,common,全国乙卷,done,../papers/2022/数学/全国/全国乙卷/2022_数学_全国乙卷_原卷.pdf,../papers/2022/数学/全国/全国乙卷/2022_数学_全国乙卷_OCR与考点.md,,pypdf,6
2022,英语,北京,新高考,2020,地方/区域卷,local,北京卷,done,../papers/2022/英语/北京/北京卷/2022_英语_北京卷_原卷.pdf,../papers/2022/英语/北京/北京卷/2022_英语_北京卷_OCR与考点.md,,pypdf,10
2022,英语,天津,新高考,2020,地方/区域卷,local,天津卷,done,../papers/2022/英语/天津/天津卷/2022_英语_天津卷_原卷.pdf,../papers/2022/英语/天津/天津卷/2022_英语_天津卷_OCR与考点.md,,pypdf,12
2022,英语,河北,新高考,2021,全国卷,common,新高考全国Ⅰ卷,done,../papers/2022/英语/全国/新高考全国Ⅰ卷/2022_英语_新高考全国Ⅰ卷_原卷.pdf,../papers/2022/英语/全国/新高考全国Ⅰ卷/2022_英语_新高考全国Ⅰ卷_OCR与考点.md,../papers/2022/英语/全国/新高考全国Ⅰ卷/2022_英语_新高考全国Ⅰ卷_听力.mp3,pypdf,11
2022,英语,山西,老高考,2025,全国卷,common,全国乙卷,done,../papers/2022/英语/全国/全国乙卷/2022_英语_全国乙卷_原卷.pdf,../papers/2022/英语/全国/全国乙卷/2022_英语_全国乙卷_OCR与考点.md,../papers/2022/英语/全国/全国乙卷/2022_英语_全国乙卷_听力.mp3,pypdf,11
2022,英语,内蒙古,老高考,2025,全国卷,common,全国乙卷,done,../papers/2022/英语/全国/全国乙卷/2022_英语_全国乙卷_原卷.pdf,../papers/2022/英语/全国/全国乙卷/2022_英语_全国乙卷_OCR与考点.md,../papers/2022/英语/全国/全国乙卷/2022_英语_全国乙卷_听力.mp3,pypdf,11
2022,英语,辽宁,新高考,2021,全国卷,common,新高考全国Ⅱ卷,done,../papers/2022/英语/全国/新高考全国Ⅱ卷/2022_英语_新高考全国Ⅱ卷_原卷.pdf,../papers/2022/英语/全国/新高考全国Ⅱ卷/2022_英语_新高考全国Ⅱ卷_OCR与考点.md,../papers/2022/英语/全国/新高考全国Ⅱ卷/2022_英语_新高考全国Ⅱ卷_听力.mp3,pypdf,13
2022,英语,吉林,老高考,2024,全国卷,common,全国乙卷,done,../papers/2022/英语/全国/全国乙卷/2022_英语_全国乙卷_原卷.pdf,../papers/2022/英语/全国/全国乙卷/2022_英语_全国乙卷_OCR与考点.md,../papers/2022/英语/全国/全国乙卷/2022_英语_全国乙卷_听力.mp3,pypdf,11
2022,英语,黑龙江,老高考,2024,全国卷,common,全国乙卷,done,../papers/2022/英语/全国/全国乙卷/2022_英语_全国乙卷_原卷.pdf,../papers/2022/英语/全国/全国乙卷/2022_英语_全国乙卷_OCR与考点.md,../papers/2022/英语/全国/全国乙卷/2022_英语_全国乙卷_听力.mp3,pypdf,11
2022,英语,上海,新高考,2017,地方/区域卷,local,上海卷,done,../papers/2022/英语/上海/上海卷/2022_英语_上海卷_原卷.pdf,../papers/2022/英语/上海/上海卷/2022_英语_上海卷_OCR与考点.md,../papers/2022/英语/上海/上海卷/2022_英语_上海卷_听力.mp3,pypdf,18
2022,英语,江苏,新高考,2021,全国卷,common,新高考全国Ⅰ卷,done,../papers/2022/英语/全国/新高考全国Ⅰ卷/2022_英语_新高考全国Ⅰ卷_原卷.pdf,../papers/2022/英语/全国/新高考全国Ⅰ卷/2022_英语_新高考全国Ⅰ卷_OCR与考点.md,../papers/2022/英语/全国/新高考全国Ⅰ卷/2022_英语_新高考全国Ⅰ卷_听力.mp3,pypdf,11
2022,英语,浙江,新高考,2017,地方/区域卷,local,浙江卷,done,../papers/2022/英语/浙江/浙江卷/2022_英语_浙江卷_原卷.pdf,../papers/2022/英语/浙江/浙江卷/2022_英语_浙江卷_OCR与考点.md,../papers/2022/英语/浙江/浙江卷/2022_英语_浙江卷_听力.mp3,pypdf,10
2022,英语,安徽,老高考,2024,全国卷,common,全国乙卷,done,../papers/2022/英语/全国/全国乙卷/2022_英语_全国乙卷_原卷.pdf,../papers/2022/英语/全国/全国乙卷/2022_英语_全国乙卷_OCR与考点.md,../papers/2022/英语/全国/全国乙卷/2022_英语_全国乙卷_听力.mp3,pypdf,11
2022,英语,福建,新高考,2021,全国卷,common,新高考全国Ⅰ卷,done,../papers/2022/英语/全国/新高考全国Ⅰ卷/2022_英语_新高考全国Ⅰ卷_原卷.pdf,../papers/2022/英语/全国/新高考全国Ⅰ卷/2022_英语_新高考全国Ⅰ卷_OCR与考点.md,../papers/2022/英语/全国/新高考全国Ⅰ卷/2022_英语_新高考全国Ⅰ卷_听力.mp3,pypdf,11
2022,英语,江西,老高考,2024,全国卷,common,全国乙卷,done,../papers/2022/英语/全国/全国乙卷/2022_英语_全国乙卷_原卷.pdf,../papers/2022/英语/全国/全国乙卷/2022_英语_全国乙卷_OCR与考点.md,../papers/2022/英语/全国/全国乙卷/2022_英语_全国乙卷_听力.mp3,pypdf,11
2022,英语,山东,新高考,2020,全国卷,common,新高考全国Ⅰ卷,done,../papers/2022/英语/全国/新高考全国Ⅰ卷/2022_英语_新高考全国Ⅰ卷_原卷.pdf,../papers/2022/英语/全国/新高考全国Ⅰ卷/2022_英语_新高考全国Ⅰ卷_OCR与考点.md,../papers/2022/英语/全国/新高考全国Ⅰ卷/2022_英语_新高考全国Ⅰ卷_听力.mp3,pypdf,11
2022,英语,河南,老高考,2025,全国卷,common,全国乙卷,done,../papers/2022/英语/全国/全国乙卷/2022_英语_全国乙卷_原卷.pdf,../papers/2022/英语/全国/全国乙卷/2022_英语_全国乙卷_OCR与考点.md,../papers/2022/英语/全国/全国乙卷/2022_英语_全国乙卷_听力.mp3,pypdf,11
2022,英语,湖北,新高考,2021,全国卷,common,新高考全国Ⅰ卷,done,../papers/2022/英语/全国/新高考全国Ⅰ卷/2022_英语_新高考全国Ⅰ卷_原卷.pdf,../papers/2022/英语/全国/新高考全国Ⅰ卷/2022_英语_新高考全国Ⅰ卷_OCR与考点.md,../papers/2022/英语/全国/新高考全国Ⅰ卷/2022_英语_新高考全国Ⅰ卷_听力.mp3,pypdf,11
2022,英语,湖南,新高考,2021,全国卷,common,新高考全国Ⅰ卷,done,../papers/2022/英语/全国/新高考全国Ⅰ卷/2022_英语_新高考全国Ⅰ卷_原卷.pdf,../papers/2022/英语/全国/新高考全国Ⅰ卷/2022_英语_新高考全国Ⅰ卷_OCR与考点.md,../papers/2022/英语/全国/新高考全国Ⅰ卷/2022_英语_新高考全国Ⅰ卷_听力.mp3,pypdf,11
2022,英语,广东,新高考,2021,全国卷,common,新高考全国Ⅰ卷,done,../papers/2022/英语/全国/新高考全国Ⅰ卷/2022_英语_新高考全国Ⅰ卷_原卷.pdf,../papers/2022/英语/全国/新高考全国Ⅰ卷/2022_英语_新高考全国Ⅰ卷_OCR与考点.md,../papers/2022/英语/全国/新高考全国Ⅰ卷/2022_英语_新高考全国Ⅰ卷_听力.mp3,pypdf,11
2022,英语,广西,老高考,2024,全国卷,common,全国甲卷,done,../papers/2022/英语/全国/全国甲卷/2022_英语_全国甲卷_原卷.pdf,../papers/2022/英语/全国/全国甲卷/2022_英语_全国甲卷_OCR与考点.md,../papers/2022/英语/全国/全国甲卷/2022_英语_全国甲卷_听力.mp3,pypdf,
2022,英语,海南,新高考,2020,全国卷,common,新高考全国Ⅱ卷,done,../papers/2022/英语/全国/新高考全国Ⅱ卷/2022_英语_新高考全国Ⅱ卷_原卷.pdf,../papers/2022/英语/全国/新高考全国Ⅱ卷/2022_英语_新高考全国Ⅱ卷_OCR与考点.md,../papers/2022/英语/全国/新高考全国Ⅱ卷/2022_英语_新高考全国Ⅱ卷_听力.mp3,pypdf,13
2022,英语,重庆,新高考,2021,全国卷,common,新高考全国Ⅱ卷,done,../papers/2022/英语/全国/新高考全国Ⅱ卷/2022_英语_新高考全国Ⅱ卷_原卷.pdf,../papers/2022/英语/全国/新高考全国Ⅱ卷/2022_英语_新高考全国Ⅱ卷_OCR与考点.md,../papers/2022/英语/全国/新高考全国Ⅱ卷/2022_英语_新高考全国Ⅱ卷_听力.mp3,pypdf,13
2022,英语,四川,老高考,2025,全国卷,common,全国甲卷,done,../papers/2022/英语/全国/全国甲卷/2022_英语_全国甲卷_原卷.pdf,../papers/2022/英语/全国/全国甲卷/2022_英语_全国甲卷_OCR与考点.md,../papers/2022/英语/全国/全国甲卷/2022_英语_全国甲卷_听力.mp3,pypdf,
2022,英语,贵州,老高考,2024,全国卷,common,全国甲卷,done,../papers/2022/英语/全国/全国甲卷/2022_英语_全国甲卷_原卷.pdf,../papers/2022/英语/全国/全国甲卷/2022_英语_全国甲卷_OCR与考点.md,../papers/2022/英语/全国/全国甲卷/2022_英语_全国甲卷_听力.mp3,pypdf,
2022,英语,云南,老高考,2025,全国卷,common,全国甲卷,done,../papers/2022/英语/全国/全国甲卷/2022_英语_全国甲卷_原卷.pdf,../papers/2022/英语/全国/全国甲卷/2022_英语_全国甲卷_OCR与考点.md,../papers/2022/英语/全国/全国甲卷/2022_英语_全国甲卷_听力.mp3,pypdf,
2022,英语,西藏,老高考,,全国卷,common,全国甲卷,done,../papers/2022/英语/全国/全国甲卷/2022_英语_全国甲卷_原卷.pdf,../papers/2022/英语/全国/全国甲卷/2022_英语_全国甲卷_OCR与考点.md,../papers/2022/英语/全国/全国甲卷/2022_英语_全国甲卷_听力.mp3,pypdf,
2022,英语,陕西,老高考,2025,全国卷,common,全国乙卷,done,../papers/2022/英语/全国/全国乙卷/2022_英语_全国乙卷_原卷.pdf,../papers/2022/英语/全国/全国乙卷/2022_英语_全国乙卷_OCR与考点.md,../papers/2022/英语/全国/全国乙卷/2022_英语_全国乙卷_听力.mp3,pypdf,11
2022,英语,甘肃,老高考,2024,全国卷,common,全国乙卷,done,../papers/2022/英语/全国/全国乙卷/2022_英语_全国乙卷_原卷.pdf,../papers/2022/英语/全国/全国乙卷/2022_英语_全国乙卷_OCR与考点.md,../papers/2022/英语/全国/全国乙卷/2022_英语_全国乙卷_听力.mp3,pypdf,11
2022,英语,青海,老高考,2025,全国卷,common,全国乙卷,done,../papers/2022/英语/全国/全国乙卷/2022_英语_全国乙卷_原卷.pdf,../papers/2022/英语/全国/全国乙卷/2022_英语_全国乙卷_OCR与考点.md,../papers/2022/英语/全国/全国乙卷/2022_英语_全国乙卷_听力.mp3,pypdf,11
2022,英语,宁夏,老高考,2025,全国卷,common,全国乙卷,done,../papers/2022/英语/全国/全国乙卷/2022_英语_全国乙卷_原卷.pdf,../papers/2022/英语/全国/全国乙卷/2022_英语_全国乙卷_OCR与考点.md,../papers/2022/英语/全国/全国乙卷/2022_英语_全国乙卷_听力.mp3,pypdf,11
2022,英语,新疆,老高考,,全国卷,common,全国乙卷,done,../papers/2022/英语/全国/全国乙卷/2022_英语_全国乙卷_原卷.pdf,../papers/2022/英语/全国/全国乙卷/2022_英语_全国乙卷_OCR与考点.md,../papers/2022/英语/全国/全国乙卷/2022_英语_全国乙卷_听力.mp3,pypdf,11
2022,物理,北京,新高考,2020,地方/区域卷,local,北京卷,done,../papers/2022/物理/北京/北京卷/2022_物理_北京卷_原卷.pdf,../papers/2022/物理/北京/北京卷/2022_物理_北京卷_OCR与考点.md,,pypdf,10
2022,物理,天津,新高考,2020,地方/区域卷,local,天津卷,done,../papers/2022/物理/天津/天津卷/2022_物理_天津卷_原卷.pdf,../papers/2022/物理/天津/天津卷/2022_物理_天津卷_OCR与考点.md,,pypdf,6
2022,物理,河北,新高考,2021,地方/区域卷,local,河北卷,done,../papers/2022/物理/河北/河北卷/2022_物理_河北卷_原卷.pdf,../papers/2022/物理/河北/河北卷/2022_物理_河北卷_OCR与考点.md,,pypdf,12
2022,物理,山西,老高考,2025,全国卷,common,全国乙卷,done,../papers/2022/物理/全国/全国乙卷理综/2022_物理_全国乙卷理综_原卷.pdf,../papers/2022/物理/全国/全国乙卷理综/2022_物理_全国乙卷理综_OCR与考点.md,,pypdf,8
2022,物理,内蒙古,老高考,2025,全国卷,common,全国乙卷,done,../papers/2022/物理/全国/全国乙卷理综/2022_物理_全国乙卷理综_原卷.pdf,../papers/2022/物理/全国/全国乙卷理综/2022_物理_全国乙卷理综_OCR与考点.md,,pypdf,8
2022,物理,辽宁,新高考,2021,地方/区域卷,local,辽宁卷,done,../papers/2022/物理/辽宁/辽宁卷/2022_物理_辽宁卷_原卷.pdf,../papers/2022/物理/辽宁/辽宁卷/2022_物理_辽宁卷_OCR与考点.md,,pypdf,8
2022,物理,吉林,老高考,2024,全国卷,common,全国乙卷,done,../papers/2022/物理/全国/全国乙卷理综/2022_物理_全国乙卷理综_原卷.pdf,../papers/2022/物理/全国/全国乙卷理综/2022_物理_全国乙卷理综_OCR与考点.md,,pypdf,8
2022,物理,黑龙江,老高考,2024,全国卷,common,全国乙卷,done,../papers/2022/物理/全国/全国乙卷理综/2022_物理_全国乙卷理综_原卷.pdf,../papers/2022/物理/全国/全国乙卷理综/2022_物理_全国乙卷理综_OCR与考点.md,,pypdf,8
2022,物理,上海,新高考,2017,地方/区域卷,local,上海卷,done,../papers/2022/物理/上海/上海卷/2022_物理_上海卷_原卷.pdf,../papers/2022/物理/上海/上海卷/2022_物理_上海卷_OCR与考点.md,,pypdf,6
2022,物理,江苏,新高考,2021,地方/区域卷,local,江苏卷,done,../papers/2022/物理/江苏/江苏卷/2022_物理_江苏卷_原卷.pdf,../papers/2022/物理/江苏/江苏卷/2022_物理_江苏卷_OCR与考点.md,,pypdf,8
2022,物理,浙江,新高考,2017,地方/区域卷,local,浙江卷,done,../papers/2022/物理/浙江/浙江卷/2022_物理_浙江卷_原卷.pdf,../papers/2022/物理/浙江/浙江卷/2022_物理_浙江卷_OCR与考点.md,,pypdf,12
2022,物理,安徽,老高考,2024,全国卷,common,全国乙卷,done,../papers/2022/物理/全国/全国乙卷理综/2022_物理_全国乙卷理综_原卷.pdf,../papers/2022/物理/全国/全国乙卷理综/2022_物理_全国乙卷理综_OCR与考点.md,,pypdf,8
2022,物理,福建,新高考,2021,地方/区域卷,local,福建卷,done,../papers/2022/物理/福建/福建卷/2022_物理_福建卷_原卷.pdf,../papers/2022/物理/福建/福建卷/2022_物理_福建卷_OCR与考点.md,,pypdf,9
2022,物理,江西,老高考,2024,全国卷,common,全国乙卷,done,../papers/2022/物理/全国/全国乙卷理综/2022_物理_全国乙卷理综_原卷.pdf,../papers/2022/物理/全国/全国乙卷理综/2022_物理_全国乙卷理综_OCR与考点.md,,pypdf,8
2022,物理,山东,新高考,2020,地方/区域卷,local,山东卷,done,../papers/2022/物理/山东/山东卷/2022_物理_山东卷_原卷.pdf,../papers/2022/物理/山东/山东卷/2022_物理_山东卷_OCR与考点.md,,pypdf,11
2022,物理,河南,老高考,2025,全国卷,common,全国乙卷,done,../papers/2022/物理/全国/全国乙卷理综/2022_物理_全国乙卷理综_原卷.pdf,../papers/2022/物理/全国/全国乙卷理综/2022_物理_全国乙卷理综_OCR与考点.md,,pypdf,8
2022,物理,湖北,新高考,2021,地方/区域卷,local,湖北卷,done,../papers/2022/物理/湖北/湖北卷/2022_物理_湖北卷_原卷.pdf,../papers/2022/物理/湖北/湖北卷/2022_物理_湖北卷_OCR与考点.md,,pypdf,9
2022,物理,湖南,新高考,2021,地方/区域卷,local,湖南卷,done,../papers/2022/物理/湖南/湖南卷/2022_物理_湖南卷_原卷.pdf,../papers/2022/物理/湖南/湖南卷/2022_物理_湖南卷_OCR与考点.md,,pypdf,11
2022,物理,广东,新高考,2021,地方/区域卷,local,广东卷,done,../papers/2022/物理/广东/广东卷/2022_物理_广东卷_原卷.pdf,../papers/2022/物理/广东/广东卷/2022_物理_广东卷_OCR与考点.md,,pypdf,9
2022,物理,广西,老高考,2024,全国卷,common,全国甲卷,done,../papers/2022/物理/全国/全国甲卷理综/2022_物理_全国甲卷理综_原卷.pdf,../papers/2022/物理/全国/全国甲卷理综/2022_物理_全国甲卷理综_OCR与考点.md,,pypdf,
2022,物理,海南,新高考,2020,地方/区域卷,local,海南卷,done,../papers/2022/物理/海南/海南卷/2022_物理_海南卷_原卷.pdf,../papers/2022/物理/海南/海南卷/2022_物理_海南卷_OCR与考点.md,,pypdf,7
2022,物理,重庆,新高考,2021,地方/区域卷,local,重庆卷,done,../papers/2022/物理/重庆/重庆卷/2022_物理_重庆卷_原卷.pdf,../papers/2022/物理/重庆/重庆卷/2022_物理_重庆卷_OCR与考点.md,,pypdf,8
2022,物理,四川,老高考,2025,全国卷,common,全国甲卷,done,../papers/2022/物理/全国/全国甲卷理综/2022_物理_全国甲卷理综_原卷.pdf,../papers/2022/物理/全国/全国甲卷理综/2022_物理_全国甲卷理综_OCR与考点.md,,pypdf,
2022,物理,贵州,老高考,2024,全国卷,common,全国甲卷,done,../papers/2022/物理/全国/全国甲卷理综/2022_物理_全国甲卷理综_原卷.pdf,../papers/2022/物理/全国/全国甲卷理综/2022_物理_全国甲卷理综_OCR与考点.md,,pypdf,
2022,物理,云南,老高考,2025,全国卷,common,全国甲卷,done,../papers/2022/物理/全国/全国甲卷理综/2022_物理_全国甲卷理综_原卷.pdf,../papers/2022/物理/全国/全国甲卷理综/2022_物理_全国甲卷理综_OCR与考点.md,,pypdf,
2022,物理,西藏,老高考,,全国卷,common,全国甲卷,done,../papers/2022/物理/全国/全国甲卷理综/2022_物理_全国甲卷理综_原卷.pdf,../papers/2022/物理/全国/全国甲卷理综/2022_物理_全国甲卷理综_OCR与考点.md,,pypdf,
2022,物理,陕西,老高考,2025,全国卷,common,全国乙卷,done,../papers/2022/物理/全国/全国乙卷理综/2022_物理_全国乙卷理综_原卷.pdf,../papers/2022/物理/全国/全国乙卷理综/2022_物理_全国乙卷理综_OCR与考点.md,,pypdf,8
2022,物理,甘肃,老高考,2024,全国卷,common,全国乙卷,done,../papers/2022/物理/全国/全国乙卷理综/2022_物理_全国乙卷理综_原卷.pdf,../papers/2022/物理/全国/全国乙卷理综/2022_物理_全国乙卷理综_OCR与考点.md,,pypdf,8
2022,物理,青海,老高考,2025,全国卷,common,全国乙卷,done,../papers/2022/物理/全国/全国乙卷理综/2022_物理_全国乙卷理综_原卷.pdf,../papers/2022/物理/全国/全国乙卷理综/2022_物理_全国乙卷理综_OCR与考点.md,,pypdf,8
2022,物理,宁夏,老高考,2025,全国卷,common,全国乙卷,done,../papers/2022/物理/全国/全国乙卷理综/2022_物理_全国乙卷理综_原卷.pdf,../papers/2022/物理/全国/全国乙卷理综/2022_物理_全国乙卷理综_OCR与考点.md,,pypdf,8
2022,物理,新疆,老高考,,全国卷,common,全国乙卷,done,../papers/2022/物理/全国/全国乙卷理综/2022_物理_全国乙卷理综_原卷.pdf,../papers/2022/物理/全国/全国乙卷理综/2022_物理_全国乙卷理综_OCR与考点.md,,pypdf,8
2022,化学,北京,新高考,2020,地方/区域卷,local,北京卷,done,../papers/2022/化学/北京/北京卷/2022_化学_北京卷_原卷.pdf,../papers/2022/化学/北京/北京卷/2022_化学_北京卷_OCR与考点.md,,pypdf,9
2022,化学,天津,新高考,2020,地方/区域卷,local,天津卷,done,../papers/2022/化学/天津/天津卷/2022_化学_天津卷_原卷.pdf,../papers/2022/化学/天津/天津卷/2022_化学_天津卷_OCR与考点.md,,pypdf,9
2022,化学,河北,新高考,2021,地方/区域卷,local,河北卷,done,../papers/2022/化学/河北/河北卷/2022_化学_河北卷_原卷.pdf,../papers/2022/化学/河北/河北卷/2022_化学_河北卷_OCR与考点.md,,pypdf,8
2022,化学,山西,老高考,2025,全国卷,common,全国乙卷,done,../papers/2022/化学/全国/全国乙卷理综/2022_化学_全国乙卷理综_原卷.pdf,../papers/2022/化学/全国/全国乙卷理综/2022_化学_全国乙卷理综_OCR与考点.md,,pypdf,9
2022,化学,内蒙古,老高考,2025,全国卷,common,全国乙卷,done,../papers/2022/化学/全国/全国乙卷理综/2022_化学_全国乙卷理综_原卷.pdf,../papers/2022/化学/全国/全国乙卷理综/2022_化学_全国乙卷理综_OCR与考点.md,,pypdf,9
2022,化学,辽宁,新高考,2021,地方/区域卷,local,辽宁卷,done,../papers/2022/化学/辽宁/辽宁卷/2022_化学_辽宁卷_原卷.pdf,../papers/2022/化学/辽宁/辽宁卷/2022_化学_辽宁卷_OCR与考点.md,,pypdf,10
2022,化学,吉林,老高考,2024,全国卷,common,全国乙卷,done,../papers/2022/化学/全国/全国乙卷理综/2022_化学_全国乙卷理综_原卷.pdf,../papers/2022/化学/全国/全国乙卷理综/2022_化学_全国乙卷理综_OCR与考点.md,,pypdf,9
2022,化学,黑龙江,老高考,2024,全国卷,common,全国乙卷,done,../papers/2022/化学/全国/全国乙卷理综/2022_化学_全国乙卷理综_原卷.pdf,../papers/2022/化学/全国/全国乙卷理综/2022_化学_全国乙卷理综_OCR与考点.md,,pypdf,9
2022,化学,上海,新高考,2017,地方/区域卷,local,上海卷,done,../papers/2022/化学/上海/上海卷/2022_化学_上海卷_原卷.pdf,../papers/2022/化学/上海/上海卷/2022_化学_上海卷_OCR与考点.md,,pypdf,9
2022,化学,江苏,新高考,2021,地方/区域卷,local,江苏卷,done,../papers/2022/化学/江苏/江苏卷/2022_化学_江苏卷_原卷.pdf,../papers/2022/化学/江苏/江苏卷/2022_化学_江苏卷_OCR与考点.md,,pypdf,10
2022,化学,浙江,新高考,2017,地方/区域卷,local,浙江卷,done,../papers/2022/化学/浙江/浙江卷/2022_化学_浙江卷_原卷.pdf,../papers/2022/化学/浙江/浙江卷/2022_化学_浙江卷_OCR与考点.md,,pypdf,12
2022,化学,安徽,老高考,2024,全国卷,common,全国乙卷,done,../papers/2022/化学/全国/全国乙卷理综/2022_化学_全国乙卷理综_原卷.pdf,../papers/2022/化学/全国/全国乙卷理综/2022_化学_全国乙卷理综_OCR与考点.md,,pypdf,9
2022,化学,福建,新高考,2021,地方/区域卷,local,福建卷,done,../papers/2022/化学/福建/福建卷/2022_化学_福建卷_原卷.pdf,../papers/2022/化学/福建/福建卷/2022_化学_福建卷_OCR与考点.md,,pypdf,9
2022,化学,江西,老高考,2024,全国卷,common,全国乙卷,done,../papers/2022/化学/全国/全国乙卷理综/2022_化学_全国乙卷理综_原卷.pdf,../papers/2022/化学/全国/全国乙卷理综/2022_化学_全国乙卷理综_OCR与考点.md,,pypdf,9
2022,化学,山东,新高考,2020,地方/区域卷,local,山东卷,done,../papers/2022/化学/山东/山东卷/2022_化学_山东卷_原卷.pdf,../papers/2022/化学/山东/山东卷/2022_化学_山东卷_OCR与考点.md,,pypdf,13
2022,化学,河南,老高考,2025,全国卷,common,全国乙卷,done,../papers/2022/化学/全国/全国乙卷理综/2022_化学_全国乙卷理综_原卷.pdf,../papers/2022/化学/全国/全国乙卷理综/2022_化学_全国乙卷理综_OCR与考点.md,,pypdf,9
2022,化学,湖北,新高考,2021,地方/区域卷,local,湖北卷,done,../papers/2022/化学/湖北/湖北卷/2022_化学_湖北卷_原卷.pdf,../papers/2022/化学/湖北/湖北卷/2022_化学_湖北卷_OCR与考点.md,,pypdf,10
2022,化学,湖南,新高考,2021,地方/区域卷,local,湖南卷,done,../papers/2022/化学/湖南/湖南卷/2022_化学_湖南卷_原卷.pdf,../papers/2022/化学/湖南/湖南卷/2022_化学_湖南卷_OCR与考点.md,,pypdf,13
2022,化学,广东,新高考,2021,地方/区域卷,local,广东卷,done,../papers/2022/化学/广东/广东卷/2022_化学_广东卷_原卷.pdf,../papers/2022/化学/广东/广东卷/2022_化学_广东卷_OCR与考点.md,,pypdf,14
2022,化学,广西,老高考,2024,全国卷,common,全国甲卷,done,../papers/2022/化学/全国/全国甲卷理综/2022_化学_全国甲卷理综_原卷.pdf,../papers/2022/化学/全国/全国甲卷理综/2022_化学_全国甲卷理综_OCR与考点.md,,pypdf,
2022,化学,海南,新高考,2020,地方/区域卷,local,海南卷,done,../papers/2022/化学/海南/海南卷/2022_化学_海南卷_原卷.pdf,../papers/2022/化学/海南/海南卷/2022_化学_海南卷_OCR与考点.md,,pypdf,10
2022,化学,重庆,新高考,2021,地方/区域卷,local,重庆卷,done,../papers/2022/化学/重庆/重庆卷/2022_化学_重庆卷_原卷.pdf,../papers/2022/化学/重庆/重庆卷/2022_化学_重庆卷_OCR与考点.md,,pypdf,10
2022,化学,四川,老高考,2025,全国卷,common,全国甲卷,done,../papers/2022/化学/全国/全国甲卷理综/2022_化学_全国甲卷理综_原卷.pdf,../papers/2022/化学/全国/全国甲卷理综/2022_化学_全国甲卷理综_OCR与考点.md,,pypdf,
2022,化学,贵州,老高考,2024,全国卷,common,全国甲卷,done,../papers/2022/化学/全国/全国甲卷理综/2022_化学_全国甲卷理综_原卷.pdf,../papers/2022/化学/全国/全国甲卷理综/2022_化学_全国甲卷理综_OCR与考点.md,,pypdf,
2022,化学,云南,老高考,2025,全国卷,common,全国甲卷,done,../papers/2022/化学/全国/全国甲卷理综/2022_化学_全国甲卷理综_原卷.pdf,../papers/2022/化学/全国/全国甲卷理综/2022_化学_全国甲卷理综_OCR与考点.md,,pypdf,
2022,化学,西藏,老高考,,全国卷,common,全国甲卷,done,../papers/2022/化学/全国/全国甲卷理综/2022_化学_全国甲卷理综_原卷.pdf,../papers/2022/化学/全国/全国甲卷理综/2022_化学_全国甲卷理综_OCR与考点.md,,pypdf,
2022,化学,陕西,老高考,2025,全国卷,common,全国乙卷,done,../papers/2022/化学/全国/全国乙卷理综/2022_化学_全国乙卷理综_原卷.pdf,../papers/2022/化学/全国/全国乙卷理综/2022_化学_全国乙卷理综_OCR与考点.md,,pypdf,9
2022,化学,甘肃,老高考,2024,全国卷,common,全国乙卷,done,../papers/2022/化学/全国/全国乙卷理综/2022_化学_全国乙卷理综_原卷.pdf,../papers/2022/化学/全国/全国乙卷理综/2022_化学_全国乙卷理综_OCR与考点.md,,pypdf,9
2022,化学,青海,老高考,2025,全国卷,common,全国乙卷,done,../papers/2022/化学/全国/全国乙卷理综/2022_化学_全国乙卷理综_原卷.pdf,../papers/2022/化学/全国/全国乙卷理综/2022_化学_全国乙卷理综_OCR与考点.md,,pypdf,9
2022,化学,宁夏,老高考,2025,全国卷,common,全国乙卷,done,../papers/2022/化学/全国/全国乙卷理综/2022_化学_全国乙卷理综_原卷.pdf,../papers/2022/化学/全国/全国乙卷理综/2022_化学_全国乙卷理综_OCR与考点.md,,pypdf,9
2022,化学,新疆,老高考,,全国卷,common,全国乙卷,done,../papers/2022/化学/全国/全国乙卷理综/2022_化学_全国乙卷理综_原卷.pdf,../papers/2022/化学/全国/全国乙卷理综/2022_化学_全国乙卷理综_OCR与考点.md,,pypdf,9
2022,生物,北京,新高考,2020,地方/区域卷,local,北京卷,done,../papers/2022/生物/北京/北京卷/2022_生物_北京卷_原卷.pdf,../papers/2022/生物/北京/北京卷/2022_生物_北京卷_OCR与考点.md,,pypdf,11
2022,生物,天津,新高考,2020,地方/区域卷,local,天津卷,done,../papers/2022/生物/天津/天津卷/2022_生物_天津卷_原卷.pdf,../papers/2022/生物/天津/天津卷/2022_生物_天津卷_OCR与考点.md,,pypdf,17
2022,生物,河北,新高考,2021,地方/区域卷,local,河北卷,done,../papers/2022/生物/河北/河北卷/2022_生物_河北卷_原卷.pdf,../papers/2022/生物/河北/河北卷/2022_生物_河北卷_OCR与考点.md,,pypdf,11
2022,生物,山西,老高考,2025,全国卷,common,全国乙卷,done,../papers/2022/生物/全国/全国乙卷理综/2022_生物_全国乙卷理综_原卷.pdf,../papers/2022/生物/全国/全国乙卷理综/2022_生物_全国乙卷理综_OCR与考点.md,,pypdf,6
2022,生物,内蒙古,老高考,2025,全国卷,common,全国乙卷,done,../papers/2022/生物/全国/全国乙卷理综/2022_生物_全国乙卷理综_原卷.pdf,../papers/2022/生物/全国/全国乙卷理综/2022_生物_全国乙卷理综_OCR与考点.md,,pypdf,6
2022,生物,辽宁,新高考,2021,地方/区域卷,local,辽宁卷,done,../papers/2022/生物/辽宁/辽宁卷/2022_生物_辽宁卷_原卷.pdf,../papers/2022/生物/辽宁/辽宁卷/2022_生物_辽宁卷_OCR与考点.md,,pypdf,11
2022,生物,吉林,老高考,2024,全国卷,common,全国乙卷,done,../papers/2022/生物/全国/全国乙卷理综/2022_生物_全国乙卷理综_原卷.pdf,../papers/2022/生物/全国/全国乙卷理综/2022_生物_全国乙卷理综_OCR与考点.md,,pypdf,6
2022,生物,黑龙江,老高考,2024,全国卷,common,全国乙卷,done,../papers/2022/生物/全国/全国乙卷理综/2022_生物_全国乙卷理综_原卷.pdf,../papers/2022/生物/全国/全国乙卷理综/2022_生物_全国乙卷理综_OCR与考点.md,,pypdf,6
2022,生物,上海,新高考,2017,地方/区域卷,local,上海卷,done,../papers/2022/生物/上海/上海卷/2022_生物_上海卷_原卷.pdf,../papers/2022/生物/上海/上海卷/2022_生物_上海卷_OCR与考点.md,,pypdf,7
2022,生物,江苏,新高考,2021,地方/区域卷,local,江苏卷,done,../papers/2022/生物/江苏/江苏卷/2022_生物_江苏卷_原卷.pdf,../papers/2022/生物/江苏/江苏卷/2022_生物_江苏卷_OCR与考点.md,,pypdf,12
2022,生物,浙江,新高考,2017,地方/区域卷,local,浙江卷,done,../papers/2022/生物/浙江/浙江卷/2022_生物_浙江卷_原卷.pdf,../papers/2022/生物/浙江/浙江卷/2022_生物_浙江卷_OCR与考点.md,,pypdf,10
2022,生物,安徽,老高考,2024,全国卷,common,全国乙卷,done,../papers/2022/生物/全国/全国乙卷理综/2022_生物_全国乙卷理综_原卷.pdf,../papers/2022/生物/全国/全国乙卷理综/2022_生物_全国乙卷理综_OCR与考点.md,,pypdf,6
2022,生物,福建,新高考,2021,地方/区域卷,local,福建卷,done,../papers/2022/生物/福建/福建卷/2022_生物_福建卷_原卷.pdf,../papers/2022/生物/福建/福建卷/2022_生物_福建卷_OCR与考点.md,,pypdf,8
2022,生物,江西,老高考,2024,全国卷,common,全国乙卷,done,../papers/2022/生物/全国/全国乙卷理综/2022_生物_全国乙卷理综_原卷.pdf,../papers/2022/生物/全国/全国乙卷理综/2022_生物_全国乙卷理综_OCR与考点.md,,pypdf,6
2022,生物,山东,新高考,2020,地方/区域卷,local,山东卷,done,../papers/2022/生物/山东/山东卷/2022_生物_山东卷_原卷.pdf,../papers/2022/生物/山东/山东卷/2022_生物_山东卷_OCR与考点.md,,pypdf,12
2022,生物,河南,老高考,2025,全国卷,common,全国乙卷,done,../papers/2022/生物/全国/全国乙卷理综/2022_生物_全国乙卷理综_原卷.pdf,../papers/2022/生物/全国/全国乙卷理综/2022_生物_全国乙卷理综_OCR与考点.md,,pypdf,6
2022,生物,湖北,新高考,2021,地方/区域卷,local,湖北卷,done,../papers/2022/生物/湖北/湖北卷/2022_生物_湖北卷_原卷.pdf,../papers/2022/生物/湖北/湖北卷/2022_生物_湖北卷_OCR与考点.md,,pypdf,9
2022,生物,湖南,新高考,2021,地方/区域卷,local,湖南卷,done,../papers/2022/生物/湖南/湖南卷/2022_生物_湖南卷_原卷.pdf,../papers/2022/生物/湖南/湖南卷/2022_生物_湖南卷_OCR与考点.md,,pypdf,11
2022,生物,广东,新高考,2021,地方/区域卷,local,广东卷,done,../papers/2022/生物/广东/广东卷/2022_生物_广东卷_原卷.pdf,../papers/2022/生物/广东/广东卷/2022_生物_广东卷_OCR与考点.md,,pypdf,10
2022,生物,广西,老高考,2024,全国卷,common,全国甲卷,done,../papers/2022/生物/全国/全国甲卷理综/2022_生物_全国甲卷理综_原卷.pdf,../papers/2022/生物/全国/全国甲卷理综/2022_生物_全国甲卷理综_OCR与考点.md,,pypdf,
2022,生物,海南,新高考,2020,地方/区域卷,local,海南卷,done,../papers/2022/生物/海南/海南卷/2022_生物_海南卷_原卷.pdf,../papers/2022/生物/海南/海南卷/2022_生物_海南卷_OCR与考点.md,,pypdf,9
2022,生物,重庆,新高考,2021,地方/区域卷,local,重庆卷,done,../papers/2022/生物/重庆/重庆卷/2022_生物_重庆卷_原卷.pdf,../papers/2022/生物/重庆/重庆卷/2022_生物_重庆卷_OCR与考点.md,,pypdf,12
2022,生物,四川,老高考,2025,全国卷,common,全国甲卷,done,../papers/2022/生物/全国/全国甲卷理综/2022_生物_全国甲卷理综_原卷.pdf,../papers/2022/生物/全国/全国甲卷理综/2022_生物_全国甲卷理综_OCR与考点.md,,pypdf,
2022,生物,贵州,老高考,2024,全国卷,common,全国甲卷,done,../papers/2022/生物/全国/全国甲卷理综/2022_生物_全国甲卷理综_原卷.pdf,../papers/2022/生物/全国/全国甲卷理综/2022_生物_全国甲卷理综_OCR与考点.md,,pypdf,
2022,生物,云南,老高考,2025,全国卷,common,全国甲卷,done,../papers/2022/生物/全国/全国甲卷理综/2022_生物_全国甲卷理综_原卷.pdf,../papers/2022/生物/全国/全国甲卷理综/2022_生物_全国甲卷理综_OCR与考点.md,,pypdf,
2022,生物,西藏,老高考,,全国卷,common,全国甲卷,done,../papers/2022/生物/全国/全国甲卷理综/2022_生物_全国甲卷理综_原卷.pdf,../papers/2022/生物/全国/全国甲卷理综/2022_生物_全国甲卷理综_OCR与考点.md,,pypdf,
2022,生物,陕西,老高考,2025,全国卷,common,全国乙卷,done,../papers/2022/生物/全国/全国乙卷理综/2022_生物_全国乙卷理综_原卷.pdf,../papers/2022/生物/全国/全国乙卷理综/2022_生物_全国乙卷理综_OCR与考点.md,,pypdf,6
2022,生物,甘肃,老高考,2024,全国卷,common,全国乙卷,done,../papers/2022/生物/全国/全国乙卷理综/2022_生物_全国乙卷理综_原卷.pdf,../papers/2022/生物/全国/全国乙卷理综/2022_生物_全国乙卷理综_OCR与考点.md,,pypdf,6
2022,生物,青海,老高考,2025,全国卷,common,全国乙卷,done,../papers/2022/生物/全国/全国乙卷理综/2022_生物_全国乙卷理综_原卷.pdf,../papers/2022/生物/全国/全国乙卷理综/2022_生物_全国乙卷理综_OCR与考点.md,,pypdf,6
2022,生物,宁夏,老高考,2025,全国卷,common,全国乙卷,done,../papers/2022/生物/全国/全国乙卷理综/2022_生物_全国乙卷理综_原卷.pdf,../papers/2022/生物/全国/全国乙卷理综/2022_生物_全国乙卷理综_OCR与考点.md,,pypdf,6
2022,生物,新疆,老高考,,全国卷,common,全国乙卷,done,../papers/2022/生物/全国/全国乙卷理综/2022_生物_全国乙卷理综_原卷.pdf,../papers/2022/生物/全国/全国乙卷理综/2022_生物_全国乙卷理综_OCR与考点.md,,pypdf,6
2022,政治,北京,新高考,2020,地方/区域卷,local,北京卷,done,../papers/2022/政治/北京/北京卷/2022_政治_北京卷_原卷.pdf,../papers/2022/政治/北京/北京卷/2022_政治_北京卷_OCR与考点.md,,pypdf,10
2022,政治,天津,新高考,2020,地方/区域卷,local,天津卷,done,../papers/2022/政治/天津/天津卷/2022_政治_天津卷_原卷.pdf,../papers/2022/政治/天津/天津卷/2022_政治_天津卷_OCR与考点.md,,pypdf,5
2022,政治,河北,新高考,2021,,missing,,missing,,,,,
2022,政治,山西,老高考,2025,全国卷,common,全国乙卷,done,../papers/2022/政治/全国/全国乙卷文综/2022_政治_全国乙卷文综_原卷.pdf,../papers/2022/政治/全国/全国乙卷文综/2022_政治_全国乙卷文综_OCR与考点.md,,pypdf,6
2022,政治,内蒙古,老高考,2025,全国卷,common,全国乙卷,done,../papers/2022/政治/全国/全国乙卷文综/2022_政治_全国乙卷文综_原卷.pdf,../papers/2022/政治/全国/全国乙卷文综/2022_政治_全国乙卷文综_OCR与考点.md,,pypdf,6
2022,政治,辽宁,新高考,2021,地方/区域卷,local,辽宁卷,done,../papers/2022/政治/辽宁/辽宁卷/2022_政治_辽宁卷_原卷.pdf,../papers/2022/政治/辽宁/辽宁卷/2022_政治_辽宁卷_OCR与考点.md,,pypdf,8
2022,政治,吉林,老高考,2024,全国卷,common,全国乙卷,done,../papers/2022/政治/全国/全国乙卷文综/2022_政治_全国乙卷文综_原卷.pdf,../papers/2022/政治/全国/全国乙卷文综/2022_政治_全国乙卷文综_OCR与考点.md,,pypdf,6
2022,政治,黑龙江,老高考,2024,全国卷,common,全国乙卷,done,../papers/2022/政治/全国/全国乙卷文综/2022_政治_全国乙卷文综_原卷.pdf,../papers/2022/政治/全国/全国乙卷文综/2022_政治_全国乙卷文综_OCR与考点.md,,pypdf,6
2022,政治,上海,新高考,2017,,missing,,missing,,,,,
2022,政治,江苏,新高考,2021,地方/区域卷,local,江苏卷,done,../papers/2022/政治/江苏/江苏卷/2022_政治_江苏卷_原卷.pdf,../papers/2022/政治/江苏/江苏卷/2022_政治_江苏卷_OCR与考点.md,,pypdf,8
2022,政治,浙江,新高考,2017,地方/区域卷,local,浙江卷,done,../papers/2022/政治/浙江/浙江卷/2022_政治_浙江卷_原卷.pdf,../papers/2022/政治/浙江/浙江卷/2022_政治_浙江卷_OCR与考点.md,,pypdf,9
2022,政治,安徽,老高考,2024,全国卷,common,全国乙卷,done,../papers/2022/政治/全国/全国乙卷文综/2022_政治_全国乙卷文综_原卷.pdf,../papers/2022/政治/全国/全国乙卷文综/2022_政治_全国乙卷文综_OCR与考点.md,,pypdf,6
2022,政治,福建,新高考,2021,地方/区域卷,local,福建卷,done,../papers/2022/政治/福建/福建卷/2022_政治_福建卷_原卷.pdf,../papers/2022/政治/福建/福建卷/2022_政治_福建卷_OCR与考点.md,,pypdf,10
2022,政治,江西,老高考,2024,全国卷,common,全国乙卷,done,../papers/2022/政治/全国/全国乙卷文综/2022_政治_全国乙卷文综_原卷.pdf,../papers/2022/政治/全国/全国乙卷文综/2022_政治_全国乙卷文综_OCR与考点.md,,pypdf,6
2022,政治,山东,新高考,2020,地方/区域卷,local,山东卷,done,../papers/2022/政治/山东/山东卷/2022_政治_山东卷_原卷.pdf,../papers/2022/政治/山东/山东卷/2022_政治_山东卷_OCR与考点.md,,pypdf,9
2022,政治,河南,老高考,2025,全国卷,common,全国乙卷,done,../papers/2022/政治/全国/全国乙卷文综/2022_政治_全国乙卷文综_原卷.pdf,../papers/2022/政治/全国/全国乙卷文综/2022_政治_全国乙卷文综_OCR与考点.md,,pypdf,6
2022,政治,湖北,新高考,2021,地方/区域卷,local,湖北卷,done,../papers/2022/政治/湖北/湖北卷/2022_政治_湖北卷_原卷.pdf,../papers/2022/政治/湖北/湖北卷/2022_政治_湖北卷_OCR与考点.md,,pypdf,7
2022,政治,湖南,新高考,2021,地方/区域卷,local,湖南卷,done,../papers/2022/政治/湖南/湖南卷/2022_政治_湖南卷_原卷.pdf,../papers/2022/政治/湖南/湖南卷/2022_政治_湖南卷_OCR与考点.md,,pypdf,9
2022,政治,广东,新高考,2021,地方/区域卷,local,广东卷,done,../papers/2022/政治/广东/广东卷/2022_政治_广东卷_原卷.pdf,../papers/2022/政治/广东/广东卷/2022_政治_广东卷_OCR与考点.md,,pypdf,8
2022,政治,广西,老高考,2024,全国卷,common,全国甲卷,done,../papers/2022/政治/全国/全国甲卷文综/2022_政治_全国甲卷文综_原卷.pdf,../papers/2022/政治/全国/全国甲卷文综/2022_政治_全国甲卷文综_OCR与考点.md,,pypdf,7
2022,政治,海南,新高考,2020,地方/区域卷,local,海南卷,done,../papers/2022/政治/海南/海南卷/2022_政治_海南卷_原卷.pdf,../papers/2022/政治/海南/海南卷/2022_政治_海南卷_OCR与考点.md,,pypdf,8
2022,政治,重庆,新高考,2021,地方/区域卷,local,重庆卷,done,../papers/2022/政治/重庆/重庆卷/2022_政治_重庆卷_原卷.pdf,../papers/2022/政治/重庆/重庆卷/2022_政治_重庆卷_OCR与考点.md,,pypdf,8
2022,政治,四川,老高考,2025,全国卷,common,全国甲卷,done,../papers/2022/政治/全国/全国甲卷文综/2022_政治_全国甲卷文综_原卷.pdf,../papers/2022/政治/全国/全国甲卷文综/2022_政治_全国甲卷文综_OCR与考点.md,,pypdf,7
2022,政治,贵州,老高考,2024,全国卷,common,全国甲卷,done,../papers/2022/政治/全国/全国甲卷文综/2022_政治_全国甲卷文综_原卷.pdf,../papers/2022/政治/全国/全国甲卷文综/2022_政治_全国甲卷文综_OCR与考点.md,,pypdf,7
2022,政治,云南,老高考,2025,全国卷,common,全国甲卷,done,../papers/2022/政治/全国/全国甲卷文综/2022_政治_全国甲卷文综_原卷.pdf,../papers/2022/政治/全国/全国甲卷文综/2022_政治_全国甲卷文综_OCR与考点.md,,pypdf,7
2022,政治,西藏,老高考,,全国卷,common,全国甲卷,done,../papers/2022/政治/全国/全国甲卷文综/2022_政治_全国甲卷文综_原卷.pdf,../papers/2022/政治/全国/全国甲卷文综/2022_政治_全国甲卷文综_OCR与考点.md,,pypdf,7
2022,政治,陕西,老高考,2025,全国卷,common,全国乙卷,done,../papers/2022/政治/全国/全国乙卷文综/2022_政治_全国乙卷文综_原卷.pdf,../papers/2022/政治/全国/全国乙卷文综/2022_政治_全国乙卷文综_OCR与考点.md,,pypdf,6
2022,政治,甘肃,老高考,2024,全国卷,common,全国乙卷,done,../papers/2022/政治/全国/全国乙卷文综/2022_政治_全国乙卷文综_原卷.pdf,../papers/2022/政治/全国/全国乙卷文综/2022_政治_全国乙卷文综_OCR与考点.md,,pypdf,6
2022,政治,青海,老高考,2025,全国卷,common,全国乙卷,done,../papers/2022/政治/全国/全国乙卷文综/2022_政治_全国乙卷文综_原卷.pdf,../papers/2022/政治/全国/全国乙卷文综/2022_政治_全国乙卷文综_OCR与考点.md,,pypdf,6
2022,政治,宁夏,老高考,2025,全国卷,common,全国乙卷,done,../papers/2022/政治/全国/全国乙卷文综/2022_政治_全国乙卷文综_原卷.pdf,../papers/2022/政治/全国/全国乙卷文综/2022_政治_全国乙卷文综_OCR与考点.md,,pypdf,6
2022,政治,新疆,老高考,,全国卷,common,全国乙卷,done,../papers/2022/政治/全国/全国乙卷文综/2022_政治_全国乙卷文综_原卷.pdf,../papers/2022/政治/全国/全国乙卷文综/2022_政治_全国乙卷文综_OCR与考点.md,,pypdf,6
2022,历史,北京,新高考,2020,地方/区域卷,local,北京卷,done,../papers/2022/历史/北京/北京卷/2022_历史_北京卷_原卷.pdf,../papers/2022/历史/北京/北京卷/2022_历史_北京卷_OCR与考点.md,,pypdf,11
2022,历史,天津,新高考,2020,地方/区域卷,local,天津卷,done,../papers/2022/历史/天津/天津卷/2022_历史_天津卷_原卷.pdf,../papers/2022/历史/天津/天津卷/2022_历史_天津卷_OCR与考点.md,,pypdf,6
2022,历史,河北,新高考,2021,地方/区域卷,local,河北卷,done,../papers/2022/历史/河北/河北卷/2022_历史_河北卷_原卷.pdf,../papers/2022/历史/河北/河北卷/2022_历史_河北卷_OCR与考点.md,,pypdf,7
2022,历史,山西,老高考,2025,全国卷,common,全国乙卷,done,../papers/2022/历史/全国/全国乙卷文综/2022_历史_全国乙卷文综_原卷.pdf,../papers/2022/历史/全国/全国乙卷文综/2022_历史_全国乙卷文综_OCR与考点.md,,pypdf,6
2022,历史,内蒙古,老高考,2025,全国卷,common,全国乙卷,done,../papers/2022/历史/全国/全国乙卷文综/2022_历史_全国乙卷文综_原卷.pdf,../papers/2022/历史/全国/全国乙卷文综/2022_历史_全国乙卷文综_OCR与考点.md,,pypdf,6
2022,历史,辽宁,新高考,2021,地方/区域卷,local,辽宁卷,done,../papers/2022/历史/辽宁/辽宁卷/2022_历史_辽宁卷_原卷.pdf,../papers/2022/历史/辽宁/辽宁卷/2022_历史_辽宁卷_OCR与考点.md,,pypdf,8
2022,历史,吉林,老高考,2024,全国卷,common,全国乙卷,done,../papers/2022/历史/全国/全国乙卷文综/2022_历史_全国乙卷文综_原卷.pdf,../papers/2022/历史/全国/全国乙卷文综/2022_历史_全国乙卷文综_OCR与考点.md,,pypdf,6
2022,历史,黑龙江,老高考,2024,全国卷,common,全国乙卷,done,../papers/2022/历史/全国/全国乙卷文综/2022_历史_全国乙卷文综_原卷.pdf,../papers/2022/历史/全国/全国乙卷文综/2022_历史_全国乙卷文综_OCR与考点.md,,pypdf,6
2022,历史,上海,新高考,2017,,missing,,missing,,,,,
2022,历史,江苏,新高考,2021,地方/区域卷,local,江苏卷,done,../papers/2022/历史/江苏/江苏卷/2022_历史_江苏卷_原卷.pdf,../papers/2022/历史/江苏/江苏卷/2022_历史_江苏卷_OCR与考点.md,,pypdf,6
2022,历史,浙江,新高考,2017,地方/区域卷,local,浙江卷,done,../papers/2022/历史/浙江/浙江卷/2022_历史_浙江卷_原卷.pdf,../papers/2022/历史/浙江/浙江卷/2022_历史_浙江卷_OCR与考点.md,,pypdf,9
2022,历史,安徽,老高考,2024,全国卷,common,全国乙卷,done,../papers/2022/历史/全国/全国乙卷文综/2022_历史_全国乙卷文综_原卷.pdf,../papers/2022/历史/全国/全国乙卷文综/2022_历史_全国乙卷文综_OCR与考点.md,,pypdf,6
2022,历史,福建,新高考,2021,地方/区域卷,local,福建卷,done,../papers/2022/历史/福建/福建卷/2022_历史_福建卷_原卷.pdf,../papers/2022/历史/福建/福建卷/2022_历史_福建卷_OCR与考点.md,,pypdf,5
2022,历史,江西,老高考,2024,全国卷,common,全国乙卷,done,../papers/2022/历史/全国/全国乙卷文综/2022_历史_全国乙卷文综_原卷.pdf,../papers/2022/历史/全国/全国乙卷文综/2022_历史_全国乙卷文综_OCR与考点.md,,pypdf,6
2022,历史,山东,新高考,2020,地方/区域卷,local,山东卷,done,../papers/2022/历史/山东/山东卷/2022_历史_山东卷_原卷.pdf,../papers/2022/历史/山东/山东卷/2022_历史_山东卷_OCR与考点.md,,pypdf,7
2022,历史,河南,老高考,2025,全国卷,common,全国乙卷,done,../papers/2022/历史/全国/全国乙卷文综/2022_历史_全国乙卷文综_原卷.pdf,../papers/2022/历史/全国/全国乙卷文综/2022_历史_全国乙卷文综_OCR与考点.md,,pypdf,6
2022,历史,湖北,新高考,2021,地方/区域卷,local,湖北卷,done,../papers/2022/历史/湖北/湖北卷/2022_历史_湖北卷_原卷.pdf,../papers/2022/历史/湖北/湖北卷/2022_历史_湖北卷_OCR与考点.md,,pypdf,8
2022,历史,湖南,新高考,2021,地方/区域卷,local,湖南卷,done,../papers/2022/历史/湖南/湖南卷/2022_历史_湖南卷_原卷.pdf,../papers/2022/历史/湖南/湖南卷/2022_历史_湖南卷_OCR与考点.md,,pypdf,7
2022,历史,广东,新高考,2021,地方/区域卷,local,广东卷,done,../papers/2022/历史/广东/广东卷/2022_历史_广东卷_原卷.pdf,../papers/2022/历史/广东/广东卷/2022_历史_广东卷_OCR与考点.md,,pypdf,6
2022,历史,广西,老高考,2024,全国卷,common,全国甲卷,done,../papers/2022/历史/全国/全国甲卷文综/2022_历史_全国甲卷文综_原卷.pdf,../papers/2022/历史/全国/全国甲卷文综/2022_历史_全国甲卷文综_OCR与考点.md,,pypdf,7
2022,历史,海南,新高考,2020,地方/区域卷,local,海南卷,done,../papers/2022/历史/海南/海南卷/2022_历史_海南卷_原卷.pdf,../papers/2022/历史/海南/海南卷/2022_历史_海南卷_OCR与考点.md,,pypdf,7
2022,历史,重庆,新高考,2021,地方/区域卷,local,重庆卷,done,../papers/2022/历史/重庆/重庆卷/2022_历史_重庆卷_原卷.pdf,../papers/2022/历史/重庆/重庆卷/2022_历史_重庆卷_OCR与考点.md,,pypdf,7
2022,历史,四川,老高考,2025,全国卷,common,全国甲卷,done,../papers/2022/历史/全国/全国甲卷文综/2022_历史_全国甲卷文综_原卷.pdf,../papers/2022/历史/全国/全国甲卷文综/2022_历史_全国甲卷文综_OCR与考点.md,,pypdf,7
2022,历史,贵州,老高考,2024,全国卷,common,全国甲卷,done,../papers/2022/历史/全国/全国甲卷文综/2022_历史_全国甲卷文综_原卷.pdf,../papers/2022/历史/全国/全国甲卷文综/2022_历史_全国甲卷文综_OCR与考点.md,,pypdf,7
2022,历史,云南,老高考,2025,全国卷,common,全国甲卷,done,../papers/2022/历史/全国/全国甲卷文综/2022_历史_全国甲卷文综_原卷.pdf,../papers/2022/历史/全国/全国甲卷文综/2022_历史_全国甲卷文综_OCR与考点.md,,pypdf,7
2022,历史,西藏,老高考,,全国卷,common,全国甲卷,done,../papers/2022/历史/全国/全国甲卷文综/2022_历史_全国甲卷文综_原卷.pdf,../papers/2022/历史/全国/全国甲卷文综/2022_历史_全国甲卷文综_OCR与考点.md,,pypdf,7
2022,历史,陕西,老高考,2025,全国卷,common,全国乙卷,done,../papers/2022/历史/全国/全国乙卷文综/2022_历史_全国乙卷文综_原卷.pdf,../papers/2022/历史/全国/全国乙卷文综/2022_历史_全国乙卷文综_OCR与考点.md,,pypdf,6
2022,历史,甘肃,老高考,2024,全国卷,common,全国乙卷,done,../papers/2022/历史/全国/全国乙卷文综/2022_历史_全国乙卷文综_原卷.pdf,../papers/2022/历史/全国/全国乙卷文综/2022_历史_全国乙卷文综_OCR与考点.md,,pypdf,6
2022,历史,青海,老高考,2025,全国卷,common,全国乙卷,done,../papers/2022/历史/全国/全国乙卷文综/2022_历史_全国乙卷文综_原卷.pdf,../papers/2022/历史/全国/全国乙卷文综/2022_历史_全国乙卷文综_OCR与考点.md,,pypdf,6
2022,历史,宁夏,老高考,2025,全国卷,common,全国乙卷,done,../papers/2022/历史/全国/全国乙卷文综/2022_历史_全国乙卷文综_原卷.pdf,../papers/2022/历史/全国/全国乙卷文综/2022_历史_全国乙卷文综_OCR与考点.md,,pypdf,6
2022,历史,新疆,老高考,,全国卷,common,全国乙卷,done,../papers/2022/历史/全国/全国乙卷文综/2022_历史_全国乙卷文综_原卷.pdf,../papers/2022/历史/全国/全国乙卷文综/2022_历史_全国乙卷文综_OCR与考点.md,,pypdf,6
2022,地理,北京,新高考,2020,,missing,,missing,,,,,
2022,地理,天津,新高考,2020,地方/区域卷,local,天津卷,done,../papers/2022/地理/天津/天津卷/2022_地理_天津卷_原卷.pdf,../papers/2022/地理/天津/天津卷/2022_地理_天津卷_OCR与考点.md,,pypdf,8
2022,地理,河北,新高考,2021,地方/区域卷,local,河北卷,done,../papers/2022/地理/河北/河北卷/2022_地理_河北卷_原卷.pdf,../papers/2022/地理/河北/河北卷/2022_地理_河北卷_OCR与考点.md,,pypdf,11
2022,地理,山西,老高考,2025,全国卷,common,全国乙卷,done,../papers/2022/地理/全国/全国乙卷文综/2022_地理_全国乙卷文综_原卷.pdf,../papers/2022/地理/全国/全国乙卷文综/2022_地理_全国乙卷文综_OCR与考点.md,,pypdf,6
2022,地理,内蒙古,老高考,2025,全国卷,common,全国乙卷,done,../papers/2022/地理/全国/全国乙卷文综/2022_地理_全国乙卷文综_原卷.pdf,../papers/2022/地理/全国/全国乙卷文综/2022_地理_全国乙卷文综_OCR与考点.md,,pypdf,6
2022,地理,辽宁,新高考,2021,地方/区域卷,local,辽宁卷,done,../papers/2022/地理/辽宁/辽宁卷/2022_地理_辽宁卷_原卷.pdf,../papers/2022/地理/辽宁/辽宁卷/2022_地理_辽宁卷_OCR与考点.md,,pypdf,6
2022,地理,吉林,老高考,2024,全国卷,common,全国乙卷,done,../papers/2022/地理/全国/全国乙卷文综/2022_地理_全国乙卷文综_原卷.pdf,../papers/2022/地理/全国/全国乙卷文综/2022_地理_全国乙卷文综_OCR与考点.md,,pypdf,6
2022,地理,黑龙江,老高考,2024,全国卷,common,全国乙卷,done,../papers/2022/地理/全国/全国乙卷文综/2022_地理_全国乙卷文综_原卷.pdf,../papers/2022/地理/全国/全国乙卷文综/2022_地理_全国乙卷文综_OCR与考点.md,,pypdf,6
2022,地理,上海,新高考,2017,,missing,,missing,,,,,
2022,地理,江苏,新高考,2021,地方/区域卷,local,江苏卷,done,../papers/2022/地理/江苏/江苏卷/2022_地理_江苏卷_原卷.pdf,../papers/2022/地理/江苏/江苏卷/2022_地理_江苏卷_OCR与考点.md,,pypdf,8
2022,地理,浙江,新高考,2017,地方/区域卷,local,浙江卷,done,../papers/2022/地理/浙江/浙江卷/2022_地理_浙江卷_原卷.pdf,../papers/2022/地理/浙江/浙江卷/2022_地理_浙江卷_OCR与考点.md,,pypdf,10
2022,地理,安徽,老高考,2024,全国卷,common,全国乙卷,done,../papers/2022/地理/全国/全国乙卷文综/2022_地理_全国乙卷文综_原卷.pdf,../papers/2022/地理/全国/全国乙卷文综/2022_地理_全国乙卷文综_OCR与考点.md,,pypdf,6
2022,地理,福建,新高考,2021,地方/区域卷,local,福建卷,done,../papers/2022/地理/福建/福建卷/2022_地理_福建卷_原卷.pdf,../papers/2022/地理/福建/福建卷/2022_地理_福建卷_OCR与考点.md,,pypdf,6
2022,地理,江西,老高考,2024,全国卷,common,全国乙卷,done,../papers/2022/地理/全国/全国乙卷文综/2022_地理_全国乙卷文综_原卷.pdf,../papers/2022/地理/全国/全国乙卷文综/2022_地理_全国乙卷文综_OCR与考点.md,,pypdf,6
2022,地理,山东,新高考,2020,地方/区域卷,local,山东卷,done,../papers/2022/地理/山东/山东卷/2022_地理_山东卷_原卷.pdf,../papers/2022/地理/山东/山东卷/2022_地理_山东卷_OCR与考点.md,,pypdf,8
2022,地理,河南,老高考,2025,全国卷,common,全国乙卷,done,../papers/2022/地理/全国/全国乙卷文综/2022_地理_全国乙卷文综_原卷.pdf,../papers/2022/地理/全国/全国乙卷文综/2022_地理_全国乙卷文综_OCR与考点.md,,pypdf,6
2022,地理,湖北,新高考,2021,地方/区域卷,local,湖北卷,done,../papers/2022/地理/湖北/湖北卷/2022_地理_湖北卷_原卷.pdf,../papers/2022/地理/湖北/湖北卷/2022_地理_湖北卷_OCR与考点.md,,pypdf,6
2022,地理,湖南,新高考,2021,地方/区域卷,local,湖南卷,done,../papers/2022/地理/湖南/湖南卷/2022_地理_湖南卷_原卷.pdf,../papers/2022/地理/湖南/湖南卷/2022_地理_湖南卷_OCR与考点.md,,pypdf,9
2022,地理,广东,新高考,2021,地方/区域卷,local,广东卷,done,../papers/2022/地理/广东/广东卷/2022_地理_广东卷_原卷.pdf,../papers/2022/地理/广东/广东卷/2022_地理_广东卷_OCR与考点.md,,pypdf,10
2022,地理,广西,老高考,2024,全国卷,common,全国甲卷,done,../papers/2022/地理/全国/全国甲卷文综/2022_地理_全国甲卷文综_原卷.pdf,../papers/2022/地理/全国/全国甲卷文综/2022_地理_全国甲卷文综_OCR与考点.md,,pypdf,5
2022,地理,海南,新高考,2020,地方/区域卷,local,海南卷,done,../papers/2022/地理/海南/海南卷/2022_地理_海南卷_原卷.pdf,../papers/2022/地理/海南/海南卷/2022_地理_海南卷_OCR与考点.md,,pypdf,9
2022,地理,重庆,新高考,2021,地方/区域卷,local,重庆卷,done,../papers/2022/地理/重庆/重庆卷/2022_地理_重庆卷_原卷.pdf,../papers/2022/地理/重庆/重庆卷/2022_地理_重庆卷_OCR与考点.md,,pypdf,8
2022,地理,四川,老高考,2025,全国卷,common,全国甲卷,done,../papers/2022/地理/全国/全国甲卷文综/2022_地理_全国甲卷文综_原卷.pdf,../papers/2022/地理/全国/全国甲卷文综/2022_地理_全国甲卷文综_OCR与考点.md,,pypdf,5
2022,地理,贵州,老高考,2024,全国卷,common,全国甲卷,done,../papers/2022/地理/全国/全国甲卷文综/2022_地理_全国甲卷文综_原卷.pdf,../papers/2022/地理/全国/全国甲卷文综/2022_地理_全国甲卷文综_OCR与考点.md,,pypdf,5
2022,地理,云南,老高考,2025,全国卷,common,全国甲卷,done,../papers/2022/地理/全国/全国甲卷文综/2022_地理_全国甲卷文综_原卷.pdf,../papers/2022/地理/全国/全国甲卷文综/2022_地理_全国甲卷文综_OCR与考点.md,,pypdf,5
2022,地理,西藏,老高考,,全国卷,common,全国甲卷,done,../papers/2022/地理/全国/全国甲卷文综/2022_地理_全国甲卷文综_原卷.pdf,../papers/2022/地理/全国/全国甲卷文综/2022_地理_全国甲卷文综_OCR与考点.md,,pypdf,5
2022,地理,陕西,老高考,2025,全国卷,common,全国乙卷,done,../papers/2022/地理/全国/全国乙卷文综/2022_地理_全国乙卷文综_原卷.pdf,../papers/2022/地理/全国/全国乙卷文综/2022_地理_全国乙卷文综_OCR与考点.md,,pypdf,6
2022,地理,甘肃,老高考,2024,全国卷,common,全国乙卷,done,../papers/2022/地理/全国/全国乙卷文综/2022_地理_全国乙卷文综_原卷.pdf,../papers/2022/地理/全国/全国乙卷文综/2022_地理_全国乙卷文综_OCR与考点.md,,pypdf,6
2022,地理,青海,老高考,2025,全国卷,common,全国乙卷,done,../papers/2022/地理/全国/全国乙卷文综/2022_地理_全国乙卷文综_原卷.pdf,../papers/2022/地理/全国/全国乙卷文综/2022_地理_全国乙卷文综_OCR与考点.md,,pypdf,6
2022,地理,宁夏,老高考,2025,全国卷,common,全国乙卷,done,../papers/2022/地理/全国/全国乙卷文综/2022_地理_全国乙卷文综_原卷.pdf,../papers/2022/地理/全国/全国乙卷文综/2022_地理_全国乙卷文综_OCR与考点.md,,pypdf,6
2022,地理,新疆,老高考,,全国卷,common,全国乙卷,done,../papers/2022/地理/全国/全国乙卷文综/2022_地理_全国乙卷文综_原卷.pdf,../papers/2022/地理/全国/全国乙卷文综/2022_地理_全国乙卷文综_OCR与考点.md,,pypdf,6
2023,语文,北京,新高考,2020,地方/区域卷,local,北京卷,done,../papers/2023/语文/北京/北京卷/2023_语文_北京卷_原卷.pdf,../papers/2023/语文/北京/北京卷/2023_语文_北京卷_OCR与考点.md,,rapidocr,11
2023,语文,天津,新高考,2020,地方/区域卷,local,天津卷,done,../papers/2023/语文/天津/天津卷/2023_语文_天津卷_原卷.pdf,../papers/2023/语文/天津/天津卷/2023_语文_天津卷_OCR与考点.md,,rapidocr,10
2023,语文,河北,新高考,2021,全国卷,common,新高考全国Ⅰ卷,done,../papers/2023/语文/全国/新高考全国Ⅰ卷/2023_语文_新高考全国Ⅰ卷_原卷.pdf,../papers/2023/语文/全国/新高考全国Ⅰ卷/2023_语文_新高考全国Ⅰ卷_OCR与考点.md,,rapidocr,10
2023,语文,山西,新高考,2025,全国卷,common,新高考全国Ⅱ卷,done,../papers/2023/语文/全国/新高考全国Ⅱ卷/2023_语文_新高考全国Ⅱ卷_原卷.pdf,../papers/2023/语文/全国/新高考全国Ⅱ卷/2023_语文_新高考全国Ⅱ卷_OCR与考点.md,,rapidocr,10
2023,语文,内蒙古,老高考,2025,全国卷,common,全国乙卷,done,../papers/2023/语文/全国/全国乙卷/2023_语文_全国乙卷_原卷.pdf,../papers/2023/语文/全国/全国乙卷/2023_语文_全国乙卷_OCR与考点.md,,rapidocr,11
2023,语文,辽宁,新高考,2021,全国卷,common,新高考全国Ⅱ卷,done,../papers/2023/语文/全国/新高考全国Ⅱ卷/2023_语文_新高考全国Ⅱ卷_原卷.pdf,../papers/2023/语文/全国/新高考全国Ⅱ卷/2023_语文_新高考全国Ⅱ卷_OCR与考点.md,,rapidocr,10
2023,语文,吉林,新高考,2024,全国卷,common,新高考全国Ⅱ卷,done,../papers/2023/语文/全国/新高考全国Ⅱ卷/2023_语文_新高考全国Ⅱ卷_原卷.pdf,../papers/2023/语文/全国/新高考全国Ⅱ卷/2023_语文_新高考全国Ⅱ卷_OCR与考点.md,,rapidocr,10
2023,语文,黑龙江,新高考,2024,全国卷,common,新高考全国Ⅱ卷,done,../papers/2023/语文/全国/新高考全国Ⅱ卷/2023_语文_新高考全国Ⅱ卷_原卷.pdf,../papers/2023/语文/全国/新高考全国Ⅱ卷/2023_语文_新高考全国Ⅱ卷_OCR与考点.md,,rapidocr,10
2023,语文,上海,新高考,2017,地方/区域卷,local,上海卷,done,../papers/2023/语文/上海/上海卷/2023_语文_上海卷_原卷.pdf,../papers/2023/语文/上海/上海卷/2023_语文_上海卷_OCR与考点.md,,rapidocr,10
2023,语文,江苏,新高考,2021,全国卷,common,新高考全国Ⅰ卷,done,../papers/2023/语文/全国/新高考全国Ⅰ卷/2023_语文_新高考全国Ⅰ卷_原卷.pdf,../papers/2023/语文/全国/新高考全国Ⅰ卷/2023_语文_新高考全国Ⅰ卷_OCR与考点.md,,rapidocr,10
2023,语文,浙江,新高考,2017,全国卷,common,新高考全国Ⅰ卷,done,../papers/2023/语文/全国/新高考全国Ⅰ卷/2023_语文_新高考全国Ⅰ卷_原卷.pdf,../papers/2023/语文/全国/新高考全国Ⅰ卷/2023_语文_新高考全国Ⅰ卷_OCR与考点.md,,rapidocr,10
2023,语文,安徽,新高考,2024,全国卷,common,新高考全国Ⅱ卷,done,../papers/2023/语文/全国/新高考全国Ⅱ卷/2023_语文_新高考全国Ⅱ卷_原卷.pdf,../papers/2023/语文/全国/新高考全国Ⅱ卷/2023_语文_新高考全国Ⅱ卷_OCR与考点.md,,rapidocr,10
2023,语文,福建,新高考,2021,全国卷,common,新高考全国Ⅰ卷,done,../papers/2023/语文/全国/新高考全国Ⅰ卷/2023_语文_新高考全国Ⅰ卷_原卷.pdf,../papers/2023/语文/全国/新高考全国Ⅰ卷/2023_语文_新高考全国Ⅰ卷_OCR与考点.md,,rapidocr,10
2023,语文,江西,老高考,2024,全国卷,common,全国乙卷,done,../papers/2023/语文/全国/全国乙卷/2023_语文_全国乙卷_原卷.pdf,../papers/2023/语文/全国/全国乙卷/2023_语文_全国乙卷_OCR与考点.md,,rapidocr,11
2023,语文,山东,新高考,2020,全国卷,common,新高考全国Ⅰ卷,done,../papers/2023/语文/全国/新高考全国Ⅰ卷/2023_语文_新高考全国Ⅰ卷_原卷.pdf,../papers/2023/语文/全国/新高考全国Ⅰ卷/2023_语文_新高考全国Ⅰ卷_OCR与考点.md,,rapidocr,10
2023,语文,河南,老高考,2025,全国卷,common,全国乙卷,done,../papers/2023/语文/全国/全国乙卷/2023_语文_全国乙卷_原卷.pdf,../papers/2023/语文/全国/全国乙卷/2023_语文_全国乙卷_OCR与考点.md,,rapidocr,11
2023,语文,湖北,新高考,2021,全国卷,common,新高考全国Ⅰ卷,done,../papers/2023/语文/全国/新高考全国Ⅰ卷/2023_语文_新高考全国Ⅰ卷_原卷.pdf,../papers/2023/语文/全国/新高考全国Ⅰ卷/2023_语文_新高考全国Ⅰ卷_OCR与考点.md,,rapidocr,10
2023,语文,湖南,新高考,2021,全国卷,common,新高考全国Ⅰ卷,done,../papers/2023/语文/全国/新高考全国Ⅰ卷/2023_语文_新高考全国Ⅰ卷_原卷.pdf,../papers/2023/语文/全国/新高考全国Ⅰ卷/2023_语文_新高考全国Ⅰ卷_OCR与考点.md,,rapidocr,10
2023,语文,广东,新高考,2021,全国卷,common,新高考全国Ⅰ卷,done,../papers/2023/语文/全国/新高考全国Ⅰ卷/2023_语文_新高考全国Ⅰ卷_原卷.pdf,../papers/2023/语文/全国/新高考全国Ⅰ卷/2023_语文_新高考全国Ⅰ卷_OCR与考点.md,,rapidocr,10
2023,语文,广西,老高考,2024,全国卷,common,全国甲卷,done,../papers/2023/语文/全国/全国甲卷/2023_语文_全国甲卷_原卷.pdf,../papers/2023/语文/全国/全国甲卷/2023_语文_全国甲卷_OCR与考点.md,,rapidocr,
2023,语文,海南,新高考,2020,全国卷,common,新高考全国Ⅱ卷,done,../papers/2023/语文/全国/新高考全国Ⅱ卷/2023_语文_新高考全国Ⅱ卷_原卷.pdf,../papers/2023/语文/全国/新高考全国Ⅱ卷/2023_语文_新高考全国Ⅱ卷_OCR与考点.md,,rapidocr,10
2023,语文,重庆,新高考,2021,全国卷,common,新高考全国Ⅱ卷,done,../papers/2023/语文/全国/新高考全国Ⅱ卷/2023_语文_新高考全国Ⅱ卷_原卷.pdf,../papers/2023/语文/全国/新高考全国Ⅱ卷/2023_语文_新高考全国Ⅱ卷_OCR与考点.md,,rapidocr,10
2023,语文,四川,老高考,2025,全国卷,common,全国甲卷,done,../papers/2023/语文/全国/全国甲卷/2023_语文_全国甲卷_原卷.pdf,../papers/2023/语文/全国/全国甲卷/2023_语文_全国甲卷_OCR与考点.md,,rapidocr,
2023,语文,贵州,老高考,2024,全国卷,common,全国甲卷,done,../papers/2023/语文/全国/全国甲卷/2023_语文_全国甲卷_原卷.pdf,../papers/2023/语文/全国/全国甲卷/2023_语文_全国甲卷_OCR与考点.md,,rapidocr,
2023,语文,云南,新高考,2025,全国卷,common,新高考全国Ⅱ卷,done,../papers/2023/语文/全国/新高考全国Ⅱ卷/2023_语文_新高考全国Ⅱ卷_原卷.pdf,../papers/2023/语文/全国/新高考全国Ⅱ卷/2023_语文_新高考全国Ⅱ卷_OCR与考点.md,,rapidocr,10
2023,语文,西藏,老高考,,全国卷,common,全国甲卷,done,../papers/2023/语文/全国/全国甲卷/2023_语文_全国甲卷_原卷.pdf,../papers/2023/语文/全国/全国甲卷/2023_语文_全国甲卷_OCR与考点.md,,rapidocr,
2023,语文,陕西,老高考,2025,全国卷,common,全国乙卷,done,../papers/2023/语文/全国/全国乙卷/2023_语文_全国乙卷_原卷.pdf,../papers/2023/语文/全国/全国乙卷/2023_语文_全国乙卷_OCR与考点.md,,rapidocr,11
2023,语文,甘肃,老高考,2024,全国卷,common,全国乙卷,done,../papers/2023/语文/全国/全国乙卷/2023_语文_全国乙卷_原卷.pdf,../papers/2023/语文/全国/全国乙卷/2023_语文_全国乙卷_OCR与考点.md,,rapidocr,11
2023,语文,青海,老高考,2025,全国卷,common,全国乙卷,done,../papers/2023/语文/全国/全国乙卷/2023_语文_全国乙卷_原卷.pdf,../papers/2023/语文/全国/全国乙卷/2023_语文_全国乙卷_OCR与考点.md,,rapidocr,11
2023,语文,宁夏,老高考,2025,全国卷,common,全国乙卷,done,../papers/2023/语文/全国/全国乙卷/2023_语文_全国乙卷_原卷.pdf,../papers/2023/语文/全国/全国乙卷/2023_语文_全国乙卷_OCR与考点.md,,rapidocr,11
2023,语文,新疆,老高考,,全国卷,common,全国乙卷,done,../papers/2023/语文/全国/全国乙卷/2023_语文_全国乙卷_原卷.pdf,../papers/2023/语文/全国/全国乙卷/2023_语文_全国乙卷_OCR与考点.md,,rapidocr,11
2023,数学,北京,新高考,2020,地方/区域卷,local,北京卷,done,../papers/2023/数学/北京/北京卷/2023_数学_北京卷_原卷.pdf,../papers/2023/数学/北京/北京卷/2023_数学_北京卷_OCR与考点.md,,pypdf,5
2023,数学,天津,新高考,2020,地方/区域卷,local,天津卷,done,../papers/2023/数学/天津/天津卷/2023_数学_天津卷_原卷.pdf,../papers/2023/数学/天津/天津卷/2023_数学_天津卷_OCR与考点.md,,pypdf,5
2023,数学,河北,新高考,2021,全国卷,common,新高考全国Ⅰ卷,done,../papers/2023/数学/全国/新高考全国Ⅰ卷/2023_数学_新高考全国Ⅰ卷_原卷.pdf,../papers/2023/数学/全国/新高考全国Ⅰ卷/2023_数学_新高考全国Ⅰ卷_OCR与考点.md,,pypdf,6
2023,数学,山西,新高考,2025,全国卷,common,新高考全国Ⅱ卷,done,../papers/2023/数学/全国/新高考全国Ⅱ卷/2023_数学_新高考全国Ⅱ卷_原卷.pdf,../papers/2023/数学/全国/新高考全国Ⅱ卷/2023_数学_新高考全国Ⅱ卷_OCR与考点.md,,pypdf,6
2023,数学,内蒙古,老高考,2025,全国卷,common,全国乙卷,done,../papers/2023/数学/全国/全国乙卷/2023_数学_全国乙卷_原卷.pdf,../papers/2023/数学/全国/全国乙卷/2023_数学_全国乙卷_OCR与考点.md,,pypdf,5
2023,数学,辽宁,新高考,2021,全国卷,common,新高考全国Ⅱ卷,done,../papers/2023/数学/全国/新高考全国Ⅱ卷/2023_数学_新高考全国Ⅱ卷_原卷.pdf,../papers/2023/数学/全国/新高考全国Ⅱ卷/2023_数学_新高考全国Ⅱ卷_OCR与考点.md,,pypdf,6
2023,数学,吉林,新高考,2024,全国卷,common,新高考全国Ⅱ卷,done,../papers/2023/数学/全国/新高考全国Ⅱ卷/2023_数学_新高考全国Ⅱ卷_原卷.pdf,../papers/2023/数学/全国/新高考全国Ⅱ卷/2023_数学_新高考全国Ⅱ卷_OCR与考点.md,,pypdf,6
2023,数学,黑龙江,新高考,2024,全国卷,common,新高考全国Ⅱ卷,done,../papers/2023/数学/全国/新高考全国Ⅱ卷/2023_数学_新高考全国Ⅱ卷_原卷.pdf,../papers/2023/数学/全国/新高考全国Ⅱ卷/2023_数学_新高考全国Ⅱ卷_OCR与考点.md,,pypdf,6
2023,数学,上海,新高考,2017,地方/区域卷,local,上海卷,done,../papers/2023/数学/上海/上海卷/2023_数学_上海卷_原卷.pdf,../papers/2023/数学/上海/上海卷/2023_数学_上海卷_OCR与考点.md,,pypdf,4
2023,数学,江苏,新高考,2021,全国卷,common,新高考全国Ⅰ卷,done,../papers/2023/数学/全国/新高考全国Ⅰ卷/2023_数学_新高考全国Ⅰ卷_原卷.pdf,../papers/2023/数学/全国/新高考全国Ⅰ卷/2023_数学_新高考全国Ⅰ卷_OCR与考点.md,,pypdf,6
2023,数学,浙江,新高考,2017,全国卷,common,新高考全国Ⅰ卷,done,../papers/2023/数学/全国/新高考全国Ⅰ卷/2023_数学_新高考全国Ⅰ卷_原卷.pdf,../papers/2023/数学/全国/新高考全国Ⅰ卷/2023_数学_新高考全国Ⅰ卷_OCR与考点.md,,pypdf,6
2023,数学,安徽,新高考,2024,全国卷,common,新高考全国Ⅱ卷,done,../papers/2023/数学/全国/新高考全国Ⅱ卷/2023_数学_新高考全国Ⅱ卷_原卷.pdf,../papers/2023/数学/全国/新高考全国Ⅱ卷/2023_数学_新高考全国Ⅱ卷_OCR与考点.md,,pypdf,6
2023,数学,福建,新高考,2021,全国卷,common,新高考全国Ⅰ卷,done,../papers/2023/数学/全国/新高考全国Ⅰ卷/2023_数学_新高考全国Ⅰ卷_原卷.pdf,../papers/2023/数学/全国/新高考全国Ⅰ卷/2023_数学_新高考全国Ⅰ卷_OCR与考点.md,,pypdf,6
2023,数学,江西,老高考,2024,全国卷,common,全国乙卷,done,../papers/2023/数学/全国/全国乙卷/2023_数学_全国乙卷_原卷.pdf,../papers/2023/数学/全国/全国乙卷/2023_数学_全国乙卷_OCR与考点.md,,pypdf,5
2023,数学,山东,新高考,2020,全国卷,common,新高考全国Ⅰ卷,done,../papers/2023/数学/全国/新高考全国Ⅰ卷/2023_数学_新高考全国Ⅰ卷_原卷.pdf,../papers/2023/数学/全国/新高考全国Ⅰ卷/2023_数学_新高考全国Ⅰ卷_OCR与考点.md,,pypdf,6
2023,数学,河南,老高考,2025,全国卷,common,全国乙卷,done,../papers/2023/数学/全国/全国乙卷/2023_数学_全国乙卷_原卷.pdf,../papers/2023/数学/全国/全国乙卷/2023_数学_全国乙卷_OCR与考点.md,,pypdf,5
2023,数学,湖北,新高考,2021,全国卷,common,新高考全国Ⅰ卷,done,../papers/2023/数学/全国/新高考全国Ⅰ卷/2023_数学_新高考全国Ⅰ卷_原卷.pdf,../papers/2023/数学/全国/新高考全国Ⅰ卷/2023_数学_新高考全国Ⅰ卷_OCR与考点.md,,pypdf,6
2023,数学,湖南,新高考,2021,全国卷,common,新高考全国Ⅰ卷,done,../papers/2023/数学/全国/新高考全国Ⅰ卷/2023_数学_新高考全国Ⅰ卷_原卷.pdf,../papers/2023/数学/全国/新高考全国Ⅰ卷/2023_数学_新高考全国Ⅰ卷_OCR与考点.md,,pypdf,6
2023,数学,广东,新高考,2021,全国卷,common,新高考全国Ⅰ卷,done,../papers/2023/数学/全国/新高考全国Ⅰ卷/2023_数学_新高考全国Ⅰ卷_原卷.pdf,../papers/2023/数学/全国/新高考全国Ⅰ卷/2023_数学_新高考全国Ⅰ卷_OCR与考点.md,,pypdf,6
2023,数学,广西,老高考,2024,全国卷,common,全国甲卷,done,../papers/2023/数学/全国/全国甲卷/2023_数学_全国甲卷_原卷.pdf,../papers/2023/数学/全国/全国甲卷/2023_数学_全国甲卷_OCR与考点.md,,pypdf,
2023,数学,海南,新高考,2020,全国卷,common,新高考全国Ⅱ卷,done,../papers/2023/数学/全国/新高考全国Ⅱ卷/2023_数学_新高考全国Ⅱ卷_原卷.pdf,../papers/2023/数学/全国/新高考全国Ⅱ卷/2023_数学_新高考全国Ⅱ卷_OCR与考点.md,,pypdf,6
2023,数学,重庆,新高考,2021,全国卷,common,新高考全国Ⅱ卷,done,../papers/2023/数学/全国/新高考全国Ⅱ卷/2023_数学_新高考全国Ⅱ卷_原卷.pdf,../papers/2023/数学/全国/新高考全国Ⅱ卷/2023_数学_新高考全国Ⅱ卷_OCR与考点.md,,pypdf,6
2023,数学,四川,老高考,2025,全国卷,common,全国甲卷,done,../papers/2023/数学/全国/全国甲卷/2023_数学_全国甲卷_原卷.pdf,../papers/2023/数学/全国/全国甲卷/2023_数学_全国甲卷_OCR与考点.md,,pypdf,
2023,数学,贵州,老高考,2024,全国卷,common,全国甲卷,done,../papers/2023/数学/全国/全国甲卷/2023_数学_全国甲卷_原卷.pdf,../papers/2023/数学/全国/全国甲卷/2023_数学_全国甲卷_OCR与考点.md,,pypdf,
2023,数学,云南,新高考,2025,全国卷,common,新高考全国Ⅱ卷,done,../papers/2023/数学/全国/新高考全国Ⅱ卷/2023_数学_新高考全国Ⅱ卷_原卷.pdf,../papers/2023/数学/全国/新高考全国Ⅱ卷/2023_数学_新高考全国Ⅱ卷_OCR与考点.md,,pypdf,6
2023,数学,西藏,老高考,,全国卷,common,全国甲卷,done,../papers/2023/数学/全国/全国甲卷/2023_数学_全国甲卷_原卷.pdf,../papers/2023/数学/全国/全国甲卷/2023_数学_全国甲卷_OCR与考点.md,,pypdf,
2023,数学,陕西,老高考,2025,全国卷,common,全国乙卷,done,../papers/2023/数学/全国/全国乙卷/2023_数学_全国乙卷_原卷.pdf,../papers/2023/数学/全国/全国乙卷/2023_数学_全国乙卷_OCR与考点.md,,pypdf,5
2023,数学,甘肃,老高考,2024,全国卷,common,全国乙卷,done,../papers/2023/数学/全国/全国乙卷/2023_数学_全国乙卷_原卷.pdf,../papers/2023/数学/全国/全国乙卷/2023_数学_全国乙卷_OCR与考点.md,,pypdf,5
2023,数学,青海,老高考,2025,全国卷,common,全国乙卷,done,../papers/2023/数学/全国/全国乙卷/2023_数学_全国乙卷_原卷.pdf,../papers/2023/数学/全国/全国乙卷/2023_数学_全国乙卷_OCR与考点.md,,pypdf,5
2023,数学,宁夏,老高考,2025,全国卷,common,全国乙卷,done,../papers/2023/数学/全国/全国乙卷/2023_数学_全国乙卷_原卷.pdf,../papers/2023/数学/全国/全国乙卷/2023_数学_全国乙卷_OCR与考点.md,,pypdf,5
2023,数学,新疆,老高考,,全国卷,common,全国乙卷,done,../papers/2023/数学/全国/全国乙卷/2023_数学_全国乙卷_原卷.pdf,../papers/2023/数学/全国/全国乙卷/2023_数学_全国乙卷_OCR与考点.md,,pypdf,5
2023,英语,北京,新高考,2020,地方/区域卷,local,北京卷,done,../papers/2023/英语/北京/北京卷/2023_英语_北京卷_原卷.pdf,../papers/2023/英语/北京/北京卷/2023_英语_北京卷_OCR与考点.md,,pypdf,10
2023,英语,天津,新高考,2020,地方/区域卷,local,天津卷,done,../papers/2023/英语/天津/天津卷/2023_英语_天津卷_原卷.pdf,../papers/2023/英语/天津/天津卷/2023_英语_天津卷_OCR与考点.md,,pypdf,13
2023,英语,河北,新高考,2021,全国卷,common,新高考全国Ⅰ卷,done,../papers/2023/英语/全国/新高考全国Ⅰ卷/2023_英语_新高考全国Ⅰ卷_原卷.pdf,../papers/2023/英语/全国/新高考全国Ⅰ卷/2023_英语_新高考全国Ⅰ卷_OCR与考点.md,../papers/2023/英语/全国/新高考全国Ⅰ卷/2023_英语_新高考全国Ⅰ卷_听力.mp3,pypdf,13
2023,英语,山西,新高考,2025,全国卷,common,新高考全国Ⅱ卷,done,../papers/2023/英语/全国/新高考全国Ⅱ卷/2023_英语_新高考全国Ⅱ卷_原卷.pdf,../papers/2023/英语/全国/新高考全国Ⅱ卷/2023_英语_新高考全国Ⅱ卷_OCR与考点.md,../papers/2023/英语/全国/新高考全国Ⅱ卷/2023_英语_新高考全国Ⅱ卷_听力.mp3,pypdf,13
2023,英语,内蒙古,老高考,2025,全国卷,common,全国乙卷,done,../papers/2023/英语/全国/全国乙卷/2023_英语_全国乙卷_原卷.pdf,../papers/2023/英语/全国/全国乙卷/2023_英语_全国乙卷_OCR与考点.md,../papers/2023/英语/全国/全国乙卷/2023_英语_全国乙卷_听力.mp3,pypdf,12
2023,英语,辽宁,新高考,2021,全国卷,common,新高考全国Ⅱ卷,done,../papers/2023/英语/全国/新高考全国Ⅱ卷/2023_英语_新高考全国Ⅱ卷_原卷.pdf,../papers/2023/英语/全国/新高考全国Ⅱ卷/2023_英语_新高考全国Ⅱ卷_OCR与考点.md,../papers/2023/英语/全国/新高考全国Ⅱ卷/2023_英语_新高考全国Ⅱ卷_听力.mp3,pypdf,13
2023,英语,吉林,新高考,2024,全国卷,common,新高考全国Ⅱ卷,done,../papers/2023/英语/全国/新高考全国Ⅱ卷/2023_英语_新高考全国Ⅱ卷_原卷.pdf,../papers/2023/英语/全国/新高考全国Ⅱ卷/2023_英语_新高考全国Ⅱ卷_OCR与考点.md,../papers/2023/英语/全国/新高考全国Ⅱ卷/2023_英语_新高考全国Ⅱ卷_听力.mp3,pypdf,13
2023,英语,黑龙江,新高考,2024,全国卷,common,新高考全国Ⅱ卷,done,../papers/2023/英语/全国/新高考全国Ⅱ卷/2023_英语_新高考全国Ⅱ卷_原卷.pdf,../papers/2023/英语/全国/新高考全国Ⅱ卷/2023_英语_新高考全国Ⅱ卷_OCR与考点.md,../papers/2023/英语/全国/新高考全国Ⅱ卷/2023_英语_新高考全国Ⅱ卷_听力.mp3,pypdf,13
2023,英语,上海,新高考,2017,地方/区域卷,local,上海卷,done,../papers/2023/英语/上海/上海卷/2023_英语_上海卷_原卷.pdf,../papers/2023/英语/上海/上海卷/2023_英语_上海卷_OCR与考点.md,../papers/2023/英语/上海/上海卷/2023_英语_上海卷_听力.mp3,pypdf,17
2023,英语,江苏,新高考,2021,全国卷,common,新高考全国Ⅰ卷,done,../papers/2023/英语/全国/新高考全国Ⅰ卷/2023_英语_新高考全国Ⅰ卷_原卷.pdf,../papers/2023/英语/全国/新高考全国Ⅰ卷/2023_英语_新高考全国Ⅰ卷_OCR与考点.md,../papers/2023/英语/全国/新高考全国Ⅰ卷/2023_英语_新高考全国Ⅰ卷_听力.mp3,pypdf,13
2023,英语,浙江,新高考,2017,地方/区域卷,local,浙江卷,done,../papers/2023/英语/浙江/浙江卷/2023_英语_浙江卷_原卷.pdf,../papers/2023/英语/浙江/浙江卷/2023_英语_浙江卷_OCR与考点.md,../papers/2023/英语/浙江/浙江卷/2023_英语_浙江卷_听力.mp3,pypdf,13
2023,英语,安徽,新高考,2024,全国卷,common,新高考全国Ⅱ卷,done,../papers/2023/英语/全国/新高考全国Ⅱ卷/2023_英语_新高考全国Ⅱ卷_原卷.pdf,../papers/2023/英语/全国/新高考全国Ⅱ卷/2023_英语_新高考全国Ⅱ卷_OCR与考点.md,../papers/2023/英语/全国/新高考全国Ⅱ卷/2023_英语_新高考全国Ⅱ卷_听力.mp3,pypdf,13
2023,英语,福建,新高考,2021,全国卷,common,新高考全国Ⅰ卷,done,../papers/2023/英语/全国/新高考全国Ⅰ卷/2023_英语_新高考全国Ⅰ卷_原卷.pdf,../papers/2023/英语/全国/新高考全国Ⅰ卷/2023_英语_新高考全国Ⅰ卷_OCR与考点.md,../papers/2023/英语/全国/新高考全国Ⅰ卷/2023_英语_新高考全国Ⅰ卷_听力.mp3,pypdf,13
2023,英语,江西,老高考,2024,全国卷,common,全国乙卷,done,../papers/2023/英语/全国/全国乙卷/2023_英语_全国乙卷_原卷.pdf,../papers/2023/英语/全国/全国乙卷/2023_英语_全国乙卷_OCR与考点.md,../papers/2023/英语/全国/全国乙卷/2023_英语_全国乙卷_听力.mp3,pypdf,12
2023,英语,山东,新高考,2020,全国卷,common,新高考全国Ⅰ卷,done,../papers/2023/英语/全国/新高考全国Ⅰ卷/2023_英语_新高考全国Ⅰ卷_原卷.pdf,../papers/2023/英语/全国/新高考全国Ⅰ卷/2023_英语_新高考全国Ⅰ卷_OCR与考点.md,../papers/2023/英语/全国/新高考全国Ⅰ卷/2023_英语_新高考全国Ⅰ卷_听力.mp3,pypdf,13
2023,英语,河南,老高考,2025,全国卷,common,全国乙卷,done,../papers/2023/英语/全国/全国乙卷/2023_英语_全国乙卷_原卷.pdf,../papers/2023/英语/全国/全国乙卷/2023_英语_全国乙卷_OCR与考点.md,../papers/2023/英语/全国/全国乙卷/2023_英语_全国乙卷_听力.mp3,pypdf,12
2023,英语,湖北,新高考,2021,全国卷,common,新高考全国Ⅰ卷,done,../papers/2023/英语/全国/新高考全国Ⅰ卷/2023_英语_新高考全国Ⅰ卷_原卷.pdf,../papers/2023/英语/全国/新高考全国Ⅰ卷/2023_英语_新高考全国Ⅰ卷_OCR与考点.md,../papers/2023/英语/全国/新高考全国Ⅰ卷/2023_英语_新高考全国Ⅰ卷_听力.mp3,pypdf,13
2023,英语,湖南,新高考,2021,全国卷,common,新高考全国Ⅰ卷,done,../papers/2023/英语/全国/新高考全国Ⅰ卷/2023_英语_新高考全国Ⅰ卷_原卷.pdf,../papers/2023/英语/全国/新高考全国Ⅰ卷/2023_英语_新高考全国Ⅰ卷_OCR与考点.md,../papers/2023/英语/全国/新高考全国Ⅰ卷/2023_英语_新高考全国Ⅰ卷_听力.mp3,pypdf,13
2023,英语,广东,新高考,2021,全国卷,common,新高考全国Ⅰ卷,done,../papers/2023/英语/全国/新高考全国Ⅰ卷/2023_英语_新高考全国Ⅰ卷_原卷.pdf,../papers/2023/英语/全国/新高考全国Ⅰ卷/2023_英语_新高考全国Ⅰ卷_OCR与考点.md,../papers/2023/英语/全国/新高考全国Ⅰ卷/2023_英语_新高考全国Ⅰ卷_听力.mp3,pypdf,13
2023,英语,广西,老高考,2024,全国卷,common,全国甲卷,done,../papers/2023/英语/全国/全国甲卷/2023_英语_全国甲卷_原卷.pdf,../papers/2023/英语/全国/全国甲卷/2023_英语_全国甲卷_OCR与考点.md,../papers/2023/英语/全国/全国甲卷/2023_英语_全国甲卷_听力.mp3,pypdf,
2023,英语,海南,新高考,2020,全国卷,common,新高考全国Ⅱ卷,done,../papers/2023/英语/全国/新高考全国Ⅱ卷/2023_英语_新高考全国Ⅱ卷_原卷.pdf,../papers/2023/英语/全国/新高考全国Ⅱ卷/2023_英语_新高考全国Ⅱ卷_OCR与考点.md,../papers/2023/英语/全国/新高考全国Ⅱ卷/2023_英语_新高考全国Ⅱ卷_听力.mp3,pypdf,13
2023,英语,重庆,新高考,2021,全国卷,common,新高考全国Ⅱ卷,done,../papers/2023/英语/全国/新高考全国Ⅱ卷/2023_英语_新高考全国Ⅱ卷_原卷.pdf,../papers/2023/英语/全国/新高考全国Ⅱ卷/2023_英语_新高考全国Ⅱ卷_OCR与考点.md,../papers/2023/英语/全国/新高考全国Ⅱ卷/2023_英语_新高考全国Ⅱ卷_听力.mp3,pypdf,13
2023,英语,四川,老高考,2025,全国卷,common,全国甲卷,done,../papers/2023/英语/全国/全国甲卷/2023_英语_全国甲卷_原卷.pdf,../papers/2023/英语/全国/全国甲卷/2023_英语_全国甲卷_OCR与考点.md,../papers/2023/英语/全国/全国甲卷/2023_英语_全国甲卷_听力.mp3,pypdf,
2023,英语,贵州,老高考,2024,全国卷,common,全国甲卷,done,../papers/2023/英语/全国/全国甲卷/2023_英语_全国甲卷_原卷.pdf,../papers/2023/英语/全国/全国甲卷/2023_英语_全国甲卷_OCR与考点.md,../papers/2023/英语/全国/全国甲卷/2023_英语_全国甲卷_听力.mp3,pypdf,
2023,英语,云南,新高考,2025,全国卷,common,新高考全国Ⅱ卷,done,../papers/2023/英语/全国/新高考全国Ⅱ卷/2023_英语_新高考全国Ⅱ卷_原卷.pdf,../papers/2023/英语/全国/新高考全国Ⅱ卷/2023_英语_新高考全国Ⅱ卷_OCR与考点.md,../papers/2023/英语/全国/新高考全国Ⅱ卷/2023_英语_新高考全国Ⅱ卷_听力.mp3,pypdf,13
2023,英语,西藏,老高考,,全国卷,common,全国甲卷,done,../papers/2023/英语/全国/全国甲卷/2023_英语_全国甲卷_原卷.pdf,../papers/2023/英语/全国/全国甲卷/2023_英语_全国甲卷_OCR与考点.md,../papers/2023/英语/全国/全国甲卷/2023_英语_全国甲卷_听力.mp3,pypdf,
2023,英语,陕西,老高考,2025,全国卷,common,全国乙卷,done,../papers/2023/英语/全国/全国乙卷/2023_英语_全国乙卷_原卷.pdf,../papers/2023/英语/全国/全国乙卷/2023_英语_全国乙卷_OCR与考点.md,../papers/2023/英语/全国/全国乙卷/2023_英语_全国乙卷_听力.mp3,pypdf,12
2023,英语,甘肃,老高考,2024,全国卷,common,全国乙卷,done,../papers/2023/英语/全国/全国乙卷/2023_英语_全国乙卷_原卷.pdf,../papers/2023/英语/全国/全国乙卷/2023_英语_全国乙卷_OCR与考点.md,../papers/2023/英语/全国/全国乙卷/2023_英语_全国乙卷_听力.mp3,pypdf,12
2023,英语,青海,老高考,2025,全国卷,common,全国乙卷,done,../papers/2023/英语/全国/全国乙卷/2023_英语_全国乙卷_原卷.pdf,../papers/2023/英语/全国/全国乙卷/2023_英语_全国乙卷_OCR与考点.md,../papers/2023/英语/全国/全国乙卷/2023_英语_全国乙卷_听力.mp3,pypdf,12
2023,英语,宁夏,老高考,2025,全国卷,common,全国乙卷,done,../papers/2023/英语/全国/全国乙卷/2023_英语_全国乙卷_原卷.pdf,../papers/2023/英语/全国/全国乙卷/2023_英语_全国乙卷_OCR与考点.md,../papers/2023/英语/全国/全国乙卷/2023_英语_全国乙卷_听力.mp3,pypdf,12
2023,英语,新疆,老高考,,全国卷,common,全国乙卷,done,../papers/2023/英语/全国/全国乙卷/2023_英语_全国乙卷_原卷.pdf,../papers/2023/英语/全国/全国乙卷/2023_英语_全国乙卷_OCR与考点.md,../papers/2023/英语/全国/全国乙卷/2023_英语_全国乙卷_听力.mp3,pypdf,12
2023,物理,北京,新高考,2020,地方/区域卷,local,北京卷,done,../papers/2023/物理/北京/北京卷/2023_物理_北京卷_原卷.pdf,../papers/2023/物理/北京/北京卷/2023_物理_北京卷_OCR与考点.md,,pypdf,9
2023,物理,天津,新高考,2020,地方/区域卷,local,天津卷,done,../papers/2023/物理/天津/天津卷/2023_物理_天津卷_原卷.pdf,../papers/2023/物理/天津/天津卷/2023_物理_天津卷_OCR与考点.md,,pypdf,6
2023,物理,河北,新高考,2021,地方/区域卷,local,河北卷,done,../papers/2023/物理/河北/河北卷/2023_物理_河北卷_原卷.pdf,../papers/2023/物理/河北/河北卷/2023_物理_河北卷_OCR与考点.md,,pypdf,5
2023,物理,山西,老高考,2025,全国卷,common,山西卷,done,../papers/2023/物理/全国/山西理综/2023_物理_山西理综_原卷.pdf,../papers/2023/物理/全国/山西理综/2023_物理_山西理综_OCR与考点.md,,pypdf,6
2023,物理,内蒙古,老高考,2025,全国卷,common,全国乙卷,done,../papers/2023/物理/全国/全国乙卷理综/2023_物理_全国乙卷理综_原卷.pdf,../papers/2023/物理/全国/全国乙卷理综/2023_物理_全国乙卷理综_OCR与考点.md,,pypdf,8
2023,物理,辽宁,新高考,2021,地方/区域卷,local,辽宁卷,done,../papers/2023/物理/辽宁/辽宁卷/2023_物理_辽宁卷_原卷.pdf,../papers/2023/物理/辽宁/辽宁卷/2023_物理_辽宁卷_OCR与考点.md,,pypdf,8
2023,物理,吉林,老高考,2024,全国卷,common,吉林卷,done,../papers/2023/物理/全国/吉林理综/2023_物理_吉林理综_原卷.pdf,../papers/2023/物理/全国/吉林理综/2023_物理_吉林理综_OCR与考点.md,,pypdf,6
2023,物理,黑龙江,老高考,2024,全国卷,common,黑龙江卷,done,../papers/2023/物理/全国/黑龙江理综/2023_物理_黑龙江理综_原卷.pdf,../papers/2023/物理/全国/黑龙江理综/2023_物理_黑龙江理综_OCR与考点.md,,pypdf,6
2023,物理,上海,新高考,2017,地方/区域卷,local,上海卷,done,../papers/2023/物理/上海/上海卷/2023_物理_上海卷_原卷.pdf,../papers/2023/物理/上海/上海卷/2023_物理_上海卷_OCR与考点.md,,pypdf,8
2023,物理,江苏,新高考,2021,地方/区域卷,local,江苏卷,done,../papers/2023/物理/江苏/江苏卷/2023_物理_江苏卷_原卷.pdf,../papers/2023/物理/江苏/江苏卷/2023_物理_江苏卷_OCR与考点.md,,pypdf,8
2023,物理,浙江,新高考,2017,地方/区域卷,local,浙江卷,done,../papers/2023/物理/浙江/浙江卷/2023_物理_浙江卷_原卷.pdf,../papers/2023/物理/浙江/浙江卷/2023_物理_浙江卷_OCR与考点.md,,pypdf,11
2023,物理,安徽,老高考,2024,全国卷,common,安徽卷,done,../papers/2023/物理/全国/安徽理综/2023_物理_安徽理综_原卷.pdf,../papers/2023/物理/全国/安徽理综/2023_物理_安徽理综_OCR与考点.md,,pypdf,6
2023,物理,福建,新高考,2021,地方/区域卷,local,福建卷,done,../papers/2023/物理/福建/福建卷/2023_物理_福建卷_原卷.pdf,../papers/2023/物理/福建/福建卷/2023_物理_福建卷_OCR与考点.md,,pypdf,8
2023,物理,江西,老高考,2024,全国卷,common,全国乙卷,done,../papers/2023/物理/全国/全国乙卷理综/2023_物理_全国乙卷理综_原卷.pdf,../papers/2023/物理/全国/全国乙卷理综/2023_物理_全国乙卷理综_OCR与考点.md,,pypdf,8
2023,物理,山东,新高考,2020,地方/区域卷,local,山东卷,done,../papers/2023/物理/山东/山东卷/2023_物理_山东卷_原卷.pdf,../papers/2023/物理/山东/山东卷/2023_物理_山东卷_OCR与考点.md,,pypdf,10
2023,物理,河南,老高考,2025,全国卷,common,全国乙卷,done,../papers/2023/物理/全国/全国乙卷理综/2023_物理_全国乙卷理综_原卷.pdf,../papers/2023/物理/全国/全国乙卷理综/2023_物理_全国乙卷理综_OCR与考点.md,,pypdf,8
2023,物理,湖北,新高考,2021,地方/区域卷,local,湖北卷,done,../papers/2023/物理/湖北/湖北卷/2023_物理_湖北卷_原卷.pdf,../papers/2023/物理/湖北/湖北卷/2023_物理_湖北卷_OCR与考点.md,,pypdf,9
2023,物理,湖南,新高考,2021,地方/区域卷,local,湖南卷,done,../papers/2023/物理/湖南/湖南卷/2023_物理_湖南卷_原卷.pdf,../papers/2023/物理/湖南/湖南卷/2023_物理_湖南卷_OCR与考点.md,,pypdf,11
2023,物理,广东,新高考,2021,地方/区域卷,local,广东卷,done,../papers/2023/物理/广东/广东卷/2023_物理_广东卷_原卷.pdf,../papers/2023/物理/广东/广东卷/2023_物理_广东卷_OCR与考点.md,,pypdf,8
2023,物理,广西,老高考,2024,全国卷,common,全国甲卷,done,../papers/2023/物理/全国/全国甲卷理综/2023_物理_全国甲卷理综_原卷.pdf,../papers/2023/物理/全国/全国甲卷理综/2023_物理_全国甲卷理综_OCR与考点.md,,pypdf,
2023,物理,海南,新高考,2020,地方/区域卷,local,海南卷,done,../papers/2023/物理/海南/海南卷/2023_物理_海南卷_原卷.pdf,../papers/2023/物理/海南/海南卷/2023_物理_海南卷_OCR与考点.md,,pypdf,8
2023,物理,重庆,新高考,2021,地方/区域卷,local,重庆卷,done,../papers/2023/物理/重庆/重庆卷/2023_物理_重庆卷_原卷.pdf,../papers/2023/物理/重庆/重庆卷/2023_物理_重庆卷_OCR与考点.md,,pypdf,5
2023,物理,四川,老高考,2025,全国卷,common,全国甲卷,done,../papers/2023/物理/全国/全国甲卷理综/2023_物理_全国甲卷理综_原卷.pdf,../papers/2023/物理/全国/全国甲卷理综/2023_物理_全国甲卷理综_OCR与考点.md,,pypdf,
2023,物理,贵州,老高考,2024,全国卷,common,全国甲卷,done,../papers/2023/物理/全国/全国甲卷理综/2023_物理_全国甲卷理综_原卷.pdf,../papers/2023/物理/全国/全国甲卷理综/2023_物理_全国甲卷理综_OCR与考点.md,,pypdf,
2023,物理,云南,老高考,2025,全国卷,common,云南卷,done,../papers/2023/物理/全国/云南理综/2023_物理_云南理综_原卷.pdf,../papers/2023/物理/全国/云南理综/2023_物理_云南理综_OCR与考点.md,,pypdf,6
2023,物理,西藏,老高考,,全国卷,common,全国甲卷,done,../papers/2023/物理/全国/全国甲卷理综/2023_物理_全国甲卷理综_原卷.pdf,../papers/2023/物理/全国/全国甲卷理综/2023_物理_全国甲卷理综_OCR与考点.md,,pypdf,
2023,物理,陕西,老高考,2025,全国卷,common,全国乙卷,done,../papers/2023/物理/全国/全国乙卷理综/2023_物理_全国乙卷理综_原卷.pdf,../papers/2023/物理/全国/全国乙卷理综/2023_物理_全国乙卷理综_OCR与考点.md,,pypdf,8
2023,物理,甘肃,老高考,2024,全国卷,common,全国乙卷,done,../papers/2023/物理/全国/全国乙卷理综/2023_物理_全国乙卷理综_原卷.pdf,../papers/2023/物理/全国/全国乙卷理综/2023_物理_全国乙卷理综_OCR与考点.md,,pypdf,8
2023,物理,青海,老高考,2025,全国卷,common,全国乙卷,done,../papers/2023/物理/全国/全国乙卷理综/2023_物理_全国乙卷理综_原卷.pdf,../papers/2023/物理/全国/全国乙卷理综/2023_物理_全国乙卷理综_OCR与考点.md,,pypdf,8
2023,物理,宁夏,老高考,2025,全国卷,common,全国乙卷,done,../papers/2023/物理/全国/全国乙卷理综/2023_物理_全国乙卷理综_原卷.pdf,../papers/2023/物理/全国/全国乙卷理综/2023_物理_全国乙卷理综_OCR与考点.md,,pypdf,8
2023,物理,新疆,老高考,,全国卷,common,全国乙卷,done,../papers/2023/物理/全国/全国乙卷理综/2023_物理_全国乙卷理综_原卷.pdf,../papers/2023/物理/全国/全国乙卷理综/2023_物理_全国乙卷理综_OCR与考点.md,,pypdf,8
2023,化学,北京,新高考,2020,地方/区域卷,local,北京卷,done,../papers/2023/化学/北京/北京卷/2023_化学_北京卷_原卷.pdf,../papers/2023/化学/北京/北京卷/2023_化学_北京卷_OCR与考点.md,,pypdf,12
2023,化学,天津,新高考,2020,地方/区域卷,local,天津卷,done,../papers/2023/化学/天津/天津卷/2023_化学_天津卷_原卷.pdf,../papers/2023/化学/天津/天津卷/2023_化学_天津卷_OCR与考点.md,,pypdf,5
2023,化学,河北,新高考,2021,地方/区域卷,local,河北卷,done,../papers/2023/化学/河北/河北卷/2023_化学_河北卷_原卷.pdf,../papers/2023/化学/河北/河北卷/2023_化学_河北卷_OCR与考点.md,,pypdf,10
2023,化学,山西,老高考,2025,全国卷,common,山西卷,done,../papers/2023/化学/全国/山西理综/2023_化学_山西理综_原卷.pdf,../papers/2023/化学/全国/山西理综/2023_化学_山西理综_OCR与考点.md,,pypdf,8
2023,化学,内蒙古,老高考,2025,全国卷,common,全国乙卷,done,../papers/2023/化学/全国/全国乙卷理综/2023_化学_全国乙卷理综_原卷.pdf,../papers/2023/化学/全国/全国乙卷理综/2023_化学_全国乙卷理综_OCR与考点.md,,pypdf,8
2023,化学,辽宁,新高考,2021,地方/区域卷,local,辽宁卷,done,../papers/2023/化学/辽宁/辽宁卷/2023_化学_辽宁卷_原卷.pdf,../papers/2023/化学/辽宁/辽宁卷/2023_化学_辽宁卷_OCR与考点.md,,pypdf,10
2023,化学,吉林,老高考,2024,全国卷,common,吉林卷,done,../papers/2023/化学/全国/吉林理综/2023_化学_吉林理综_原卷.pdf,../papers/2023/化学/全国/吉林理综/2023_化学_吉林理综_OCR与考点.md,,pypdf,8
2023,化学,黑龙江,老高考,2024,全国卷,common,黑龙江卷,done,../papers/2023/化学/全国/黑龙江理综/2023_化学_黑龙江理综_原卷.pdf,../papers/2023/化学/全国/黑龙江理综/2023_化学_黑龙江理综_OCR与考点.md,,pypdf,8
2023,化学,上海,新高考,2017,地方/区域卷,local,上海卷,done,../papers/2023/化学/上海/上海卷/2023_化学_上海卷_原卷.pdf,../papers/2023/化学/上海/上海卷/2023_化学_上海卷_OCR与考点.md,,pypdf,9
2023,化学,江苏,新高考,2021,地方/区域卷,local,江苏卷,done,../papers/2023/化学/江苏/江苏卷/2023_化学_江苏卷_原卷.pdf,../papers/2023/化学/江苏/江苏卷/2023_化学_江苏卷_OCR与考点.md,,pypdf,10
2023,化学,浙江,新高考,2017,地方/区域卷,local,浙江卷,done,../papers/2023/化学/浙江/浙江卷/2023_化学_浙江卷_原卷.pdf,../papers/2023/化学/浙江/浙江卷/2023_化学_浙江卷_OCR与考点.md,,pypdf,11
2023,化学,安徽,老高考,2024,全国卷,common,安徽卷,done,../papers/2023/化学/全国/安徽理综/2023_化学_安徽理综_原卷.pdf,../papers/2023/化学/全国/安徽理综/2023_化学_安徽理综_OCR与考点.md,,pypdf,8
2023,化学,福建,新高考,2021,地方/区域卷,local,福建卷,done,../papers/2023/化学/福建/福建卷/2023_化学_福建卷_原卷.pdf,../papers/2023/化学/福建/福建卷/2023_化学_福建卷_OCR与考点.md,,pypdf,9
2023,化学,江西,老高考,2024,全国卷,common,全国乙卷,done,../papers/2023/化学/全国/全国乙卷理综/2023_化学_全国乙卷理综_原卷.pdf,../papers/2023/化学/全国/全国乙卷理综/2023_化学_全国乙卷理综_OCR与考点.md,,pypdf,8
2023,化学,山东,新高考,2020,地方/区域卷,local,山东卷,done,../papers/2023/化学/山东/山东卷/2023_化学_山东卷_原卷.pdf,../papers/2023/化学/山东/山东卷/2023_化学_山东卷_OCR与考点.md,,pypdf,11
2023,化学,河南,老高考,2025,全国卷,common,全国乙卷,done,../papers/2023/化学/全国/全国乙卷理综/2023_化学_全国乙卷理综_原卷.pdf,../papers/2023/化学/全国/全国乙卷理综/2023_化学_全国乙卷理综_OCR与考点.md,,pypdf,8
2023,化学,湖北,新高考,2021,地方/区域卷,local,湖北卷,done,../papers/2023/化学/湖北/湖北卷/2023_化学_湖北卷_原卷.pdf,../papers/2023/化学/湖北/湖北卷/2023_化学_湖北卷_OCR与考点.md,,pypdf,10
2023,化学,湖南,新高考,2021,地方/区域卷,local,湖南卷,done,../papers/2023/化学/湖南/湖南卷/2023_化学_湖南卷_原卷.pdf,../papers/2023/化学/湖南/湖南卷/2023_化学_湖南卷_OCR与考点.md,,pypdf,12
2023,化学,广东,新高考,2021,地方/区域卷,local,广东卷,done,../papers/2023/化学/广东/广东卷/2023_化学_广东卷_原卷.pdf,../papers/2023/化学/广东/广东卷/2023_化学_广东卷_OCR与考点.md,,pypdf,12
2023,化学,广西,老高考,2024,全国卷,common,全国甲卷,done,../papers/2023/化学/全国/全国甲卷理综/2023_化学_全国甲卷理综_原卷.pdf,../papers/2023/化学/全国/全国甲卷理综/2023_化学_全国甲卷理综_OCR与考点.md,,pypdf,
2023,化学,海南,新高考,2020,地方/区域卷,local,海南卷,done,../papers/2023/化学/海南/海南卷/2023_化学_海南卷_原卷.pdf,../papers/2023/化学/海南/海南卷/2023_化学_海南卷_OCR与考点.md,,pypdf,8
2023,化学,重庆,新高考,2021,地方/区域卷,local,重庆卷,done,../papers/2023/化学/重庆/重庆卷/2023_化学_重庆卷_原卷.pdf,../papers/2023/化学/重庆/重庆卷/2023_化学_重庆卷_OCR与考点.md,,pypdf,21
2023,化学,四川,老高考,2025,全国卷,common,全国甲卷,done,../papers/2023/化学/全国/全国甲卷理综/2023_化学_全国甲卷理综_原卷.pdf,../papers/2023/化学/全国/全国甲卷理综/2023_化学_全国甲卷理综_OCR与考点.md,,pypdf,
2023,化学,贵州,老高考,2024,全国卷,common,全国甲卷,done,../papers/2023/化学/全国/全国甲卷理综/2023_化学_全国甲卷理综_原卷.pdf,../papers/2023/化学/全国/全国甲卷理综/2023_化学_全国甲卷理综_OCR与考点.md,,pypdf,
2023,化学,云南,老高考,2025,全国卷,common,云南卷,done,../papers/2023/化学/全国/云南理综/2023_化学_云南理综_原卷.pdf,../papers/2023/化学/全国/云南理综/2023_化学_云南理综_OCR与考点.md,,pypdf,8
2023,化学,西藏,老高考,,全国卷,common,全国甲卷,done,../papers/2023/化学/全国/全国甲卷理综/2023_化学_全国甲卷理综_原卷.pdf,../papers/2023/化学/全国/全国甲卷理综/2023_化学_全国甲卷理综_OCR与考点.md,,pypdf,
2023,化学,陕西,老高考,2025,全国卷,common,全国乙卷,done,../papers/2023/化学/全国/全国乙卷理综/2023_化学_全国乙卷理综_原卷.pdf,../papers/2023/化学/全国/全国乙卷理综/2023_化学_全国乙卷理综_OCR与考点.md,,pypdf,8
2023,化学,甘肃,老高考,2024,全国卷,common,全国乙卷,done,../papers/2023/化学/全国/全国乙卷理综/2023_化学_全国乙卷理综_原卷.pdf,../papers/2023/化学/全国/全国乙卷理综/2023_化学_全国乙卷理综_OCR与考点.md,,pypdf,8
2023,化学,青海,老高考,2025,全国卷,common,全国乙卷,done,../papers/2023/化学/全国/全国乙卷理综/2023_化学_全国乙卷理综_原卷.pdf,../papers/2023/化学/全国/全国乙卷理综/2023_化学_全国乙卷理综_OCR与考点.md,,pypdf,8
2023,化学,宁夏,老高考,2025,全国卷,common,全国乙卷,done,../papers/2023/化学/全国/全国乙卷理综/2023_化学_全国乙卷理综_原卷.pdf,../papers/2023/化学/全国/全国乙卷理综/2023_化学_全国乙卷理综_OCR与考点.md,,pypdf,8
2023,化学,新疆,老高考,,全国卷,common,全国乙卷,done,../papers/2023/化学/全国/全国乙卷理综/2023_化学_全国乙卷理综_原卷.pdf,../papers/2023/化学/全国/全国乙卷理综/2023_化学_全国乙卷理综_OCR与考点.md,,pypdf,8
2023,生物,北京,新高考,2020,地方/区域卷,local,北京卷,done,../papers/2023/生物/北京/北京卷/2023_生物_北京卷_原卷.pdf,../papers/2023/生物/北京/北京卷/2023_生物_北京卷_OCR与考点.md,,pypdf,10
2023,生物,天津,新高考,2020,地方/区域卷,local,天津卷,done,../papers/2023/生物/天津/天津卷/2023_生物_天津卷_原卷.pdf,../papers/2023/生物/天津/天津卷/2023_生物_天津卷_OCR与考点.md,,pypdf,8
2023,生物,河北,新高考,2021,地方/区域卷,local,河北卷,done,../papers/2023/生物/河北/河北卷/2023_生物_河北卷_原卷.pdf,../papers/2023/生物/河北/河北卷/2023_生物_河北卷_OCR与考点.md,,pypdf,7
2023,生物,山西,老高考,2025,全国卷,common,山西卷,done,../papers/2023/生物/全国/山西理综/2023_生物_山西理综_原卷.pdf,../papers/2023/生物/全国/山西理综/2023_生物_山西理综_OCR与考点.md,,pypdf,5
2023,生物,内蒙古,老高考,2025,全国卷,common,全国乙卷,done,../papers/2023/生物/全国/全国乙卷理综/2023_生物_全国乙卷理综_原卷.pdf,../papers/2023/生物/全国/全国乙卷理综/2023_生物_全国乙卷理综_OCR与考点.md,,pypdf,6
2023,生物,辽宁,新高考,2021,地方/区域卷,local,辽宁卷,done,../papers/2023/生物/辽宁/辽宁卷/2023_生物_辽宁卷_原卷.pdf,../papers/2023/生物/辽宁/辽宁卷/2023_生物_辽宁卷_OCR与考点.md,,pypdf,12
2023,生物,吉林,老高考,2024,全国卷,common,吉林卷,done,../papers/2023/生物/全国/吉林理综/2023_生物_吉林理综_原卷.pdf,../papers/2023/生物/全国/吉林理综/2023_生物_吉林理综_OCR与考点.md,,pypdf,5
2023,生物,黑龙江,老高考,2024,全国卷,common,黑龙江卷,done,../papers/2023/生物/全国/黑龙江理综/2023_生物_黑龙江理综_原卷.pdf,../papers/2023/生物/全国/黑龙江理综/2023_生物_黑龙江理综_OCR与考点.md,,pypdf,5
2023,生物,上海,新高考,2017,,missing,,missing,,,,,
2023,生物,江苏,新高考,2021,地方/区域卷,local,江苏卷,done,../papers/2023/生物/江苏/江苏卷/2023_生物_江苏卷_原卷.pdf,../papers/2023/生物/江苏/江苏卷/2023_生物_江苏卷_OCR与考点.md,,pypdf,13
2023,生物,浙江,新高考,2017,地方/区域卷,local,浙江卷,done,../papers/2023/生物/浙江/浙江卷/2023_生物_浙江卷_原卷.pdf,../papers/2023/生物/浙江/浙江卷/2023_生物_浙江卷_OCR与考点.md,,pypdf,10
2023,生物,安徽,老高考,2024,全国卷,common,安徽卷,done,../papers/2023/生物/全国/安徽理综/2023_生物_安徽理综_原卷.pdf,../papers/2023/生物/全国/安徽理综/2023_生物_安徽理综_OCR与考点.md,,pypdf,5
2023,生物,福建,新高考,2021,地方/区域卷,local,福建卷,done,../papers/2023/生物/福建/福建卷/2023_生物_福建卷_原卷.pdf,../papers/2023/生物/福建/福建卷/2023_生物_福建卷_OCR与考点.md,,rapidocr,4
2023,生物,江西,老高考,2024,全国卷,common,全国乙卷,done,../papers/2023/生物/全国/全国乙卷理综/2023_生物_全国乙卷理综_原卷.pdf,../papers/2023/生物/全国/全国乙卷理综/2023_生物_全国乙卷理综_OCR与考点.md,,pypdf,6
2023,生物,山东,新高考,2020,地方/区域卷,local,山东卷,done,../papers/2023/生物/山东/山东卷/2023_生物_山东卷_原卷.pdf,../papers/2023/生物/山东/山东卷/2023_生物_山东卷_OCR与考点.md,,pypdf,11
2023,生物,河南,老高考,2025,全国卷,common,全国乙卷,done,../papers/2023/生物/全国/全国乙卷理综/2023_生物_全国乙卷理综_原卷.pdf,../papers/2023/生物/全国/全国乙卷理综/2023_生物_全国乙卷理综_OCR与考点.md,,pypdf,6
2023,生物,湖北,新高考,2021,地方/区域卷,local,湖北卷,done,../papers/2023/生物/湖北/湖北卷/2023_生物_湖北卷_原卷.pdf,../papers/2023/生物/湖北/湖北卷/2023_生物_湖北卷_OCR与考点.md,,pypdf,10
2023,生物,湖南,新高考,2021,地方/区域卷,local,湖南卷,done,../papers/2023/生物/湖南/湖南卷/2023_生物_湖南卷_原卷.pdf,../papers/2023/生物/湖南/湖南卷/2023_生物_湖南卷_OCR与考点.md,,pypdf,12
2023,生物,广东,新高考,2021,地方/区域卷,local,广东卷,done,../papers/2023/生物/广东/广东卷/2023_生物_广东卷_原卷.pdf,../papers/2023/生物/广东/广东卷/2023_生物_广东卷_OCR与考点.md,,pypdf,10
2023,生物,广西,老高考,2024,全国卷,common,全国甲卷,done,../papers/2023/生物/全国/全国甲卷理综/2023_生物_全国甲卷理综_原卷.pdf,../papers/2023/生物/全国/全国甲卷理综/2023_生物_全国甲卷理综_OCR与考点.md,,pypdf,
2023,生物,海南,新高考,2020,地方/区域卷,local,海南卷,done,../papers/2023/生物/海南/海南卷/2023_生物_海南卷_原卷.pdf,../papers/2023/生物/海南/海南卷/2023_生物_海南卷_OCR与考点.md,,pypdf,10
2023,生物,重庆,新高考,2021,地方/区域卷,local,重庆卷,done,../papers/2023/生物/重庆/重庆卷/2023_生物_重庆卷_原卷.pdf,../papers/2023/生物/重庆/重庆卷/2023_生物_重庆卷_OCR与考点.md,,pypdf,10
2023,生物,四川,老高考,2025,全国卷,common,全国甲卷,done,../papers/2023/生物/全国/全国甲卷理综/2023_生物_全国甲卷理综_原卷.pdf,../papers/2023/生物/全国/全国甲卷理综/2023_生物_全国甲卷理综_OCR与考点.md,,pypdf,
2023,生物,贵州,老高考,2024,全国卷,common,全国甲卷,done,../papers/2023/生物/全国/全国甲卷理综/2023_生物_全国甲卷理综_原卷.pdf,../papers/2023/生物/全国/全国甲卷理综/2023_生物_全国甲卷理综_OCR与考点.md,,pypdf,
2023,生物,云南,老高考,2025,全国卷,common,云南卷,done,../papers/2023/生物/全国/云南理综/2023_生物_云南理综_原卷.pdf,../papers/2023/生物/全国/云南理综/2023_生物_云南理综_OCR与考点.md,,pypdf,5
2023,生物,西藏,老高考,,全国卷,common,全国甲卷,done,../papers/2023/生物/全国/全国甲卷理综/2023_生物_全国甲卷理综_原卷.pdf,../papers/2023/生物/全国/全国甲卷理综/2023_生物_全国甲卷理综_OCR与考点.md,,pypdf,
2023,生物,陕西,老高考,2025,全国卷,common,全国乙卷,done,../papers/2023/生物/全国/全国乙卷理综/2023_生物_全国乙卷理综_原卷.pdf,../papers/2023/生物/全国/全国乙卷理综/2023_生物_全国乙卷理综_OCR与考点.md,,pypdf,6
2023,生物,甘肃,老高考,2024,全国卷,common,全国乙卷,done,../papers/2023/生物/全国/全国乙卷理综/2023_生物_全国乙卷理综_原卷.pdf,../papers/2023/生物/全国/全国乙卷理综/2023_生物_全国乙卷理综_OCR与考点.md,,pypdf,6
2023,生物,青海,老高考,2025,全国卷,common,全国乙卷,done,../papers/2023/生物/全国/全国乙卷理综/2023_生物_全国乙卷理综_原卷.pdf,../papers/2023/生物/全国/全国乙卷理综/2023_生物_全国乙卷理综_OCR与考点.md,,pypdf,6
2023,生物,宁夏,老高考,2025,全国卷,common,全国乙卷,done,../papers/2023/生物/全国/全国乙卷理综/2023_生物_全国乙卷理综_原卷.pdf,../papers/2023/生物/全国/全国乙卷理综/2023_生物_全国乙卷理综_OCR与考点.md,,pypdf,6
2023,生物,新疆,老高考,,全国卷,common,全国乙卷,done,../papers/2023/生物/全国/全国乙卷理综/2023_生物_全国乙卷理综_原卷.pdf,../papers/2023/生物/全国/全国乙卷理综/2023_生物_全国乙卷理综_OCR与考点.md,,pypdf,6
2023,政治,北京,新高考,2020,地方/区域卷,local,北京卷,done,../papers/2023/政治/北京/北京卷/2023_政治_北京卷_原卷.pdf,../papers/2023/政治/北京/北京卷/2023_政治_北京卷_OCR与考点.md,,pypdf,11
2023,政治,天津,新高考,2020,地方/区域卷,local,天津卷,done,../papers/2023/政治/天津/天津卷/2023_政治_天津卷_原卷.pdf,../papers/2023/政治/天津/天津卷/2023_政治_天津卷_OCR与考点.md,,pypdf,5
2023,政治,河北,新高考,2021,地方/区域卷,local,河北卷,done,../papers/2023/政治/河北/河北卷/2023_政治_河北卷_原卷.pdf,../papers/2023/政治/河北/河北卷/2023_政治_河北卷_OCR与考点.md,,pypdf,7
2023,政治,山西,老高考,2025,全国卷,common,山西卷,done,../papers/2023/政治/全国/山西文综/2023_政治_山西文综_原卷.pdf,../papers/2023/政治/全国/山西文综/2023_政治_山西文综_OCR与考点.md,,pypdf,7
2023,政治,内蒙古,老高考,2025,全国卷,common,全国乙卷,done,../papers/2023/政治/全国/全国乙卷文综/2023_政治_全国乙卷文综_原卷.pdf,../papers/2023/政治/全国/全国乙卷文综/2023_政治_全国乙卷文综_OCR与考点.md,,pypdf,7
2023,政治,辽宁,新高考,2021,地方/区域卷,local,辽宁卷,done,../papers/2023/政治/辽宁/辽宁卷/2023_政治_辽宁卷_原卷.pdf,../papers/2023/政治/辽宁/辽宁卷/2023_政治_辽宁卷_OCR与考点.md,,pypdf,10
2023,政治,吉林,老高考,2024,全国卷,common,吉林卷,done,../papers/2023/政治/全国/吉林文综/2023_政治_吉林文综_原卷.pdf,../papers/2023/政治/全国/吉林文综/2023_政治_吉林文综_OCR与考点.md,,pypdf,7
2023,政治,黑龙江,老高考,2024,全国卷,common,黑龙江卷,done,../papers/2023/政治/全国/黑龙江文综/2023_政治_黑龙江文综_原卷.pdf,../papers/2023/政治/全国/黑龙江文综/2023_政治_黑龙江文综_OCR与考点.md,,pypdf,7
2023,政治,上海,新高考,2017,,missing,,missing,,,,,
2023,政治,江苏,新高考,2021,地方/区域卷,local,江苏卷,done,../papers/2023/政治/江苏/江苏卷/2023_政治_江苏卷_原卷.pdf,../papers/2023/政治/江苏/江苏卷/2023_政治_江苏卷_OCR与考点.md,,pypdf,7
2023,政治,浙江,新高考,2017,地方/区域卷,local,浙江卷,done,../papers/2023/政治/浙江/浙江卷/2023_政治_浙江卷_原卷.pdf,../papers/2023/政治/浙江/浙江卷/2023_政治_浙江卷_OCR与考点.md,,pypdf,9
2023,政治,安徽,老高考,2024,全国卷,common,安徽卷,done,../papers/2023/政治/全国/安徽文综/2023_政治_安徽文综_原卷.pdf,../papers/2023/政治/全国/安徽文综/2023_政治_安徽文综_OCR与考点.md,,pypdf,7
2023,政治,福建,新高考,2021,地方/区域卷,local,福建卷,done,../papers/2023/政治/福建/福建卷/2023_政治_福建卷_原卷.pdf,../papers/2023/政治/福建/福建卷/2023_政治_福建卷_OCR与考点.md,,pypdf,8
2023,政治,江西,老高考,2024,全国卷,common,全国乙卷,done,../papers/2023/政治/全国/全国乙卷文综/2023_政治_全国乙卷文综_原卷.pdf,../papers/2023/政治/全国/全国乙卷文综/2023_政治_全国乙卷文综_OCR与考点.md,,pypdf,7
2023,政治,山东,新高考,2020,地方/区域卷,local,山东卷,done,../papers/2023/政治/山东/山东卷/2023_政治_山东卷_原卷.pdf,../papers/2023/政治/山东/山东卷/2023_政治_山东卷_OCR与考点.md,,pypdf,10
2023,政治,河南,老高考,2025,全国卷,common,全国乙卷,done,../papers/2023/政治/全国/全国乙卷文综/2023_政治_全国乙卷文综_原卷.pdf,../papers/2023/政治/全国/全国乙卷文综/2023_政治_全国乙卷文综_OCR与考点.md,,pypdf,7
2023,政治,湖北,新高考,2021,地方/区域卷,local,湖北卷,done,../papers/2023/政治/湖北/湖北卷/2023_政治_湖北卷_原卷.pdf,../papers/2023/政治/湖北/湖北卷/2023_政治_湖北卷_OCR与考点.md,,pypdf,9
2023,政治,湖南,新高考,2021,地方/区域卷,local,湖南卷,done,../papers/2023/政治/湖南/湖南卷/2023_政治_湖南卷_原卷.pdf,../papers/2023/政治/湖南/湖南卷/2023_政治_湖南卷_OCR与考点.md,,pypdf,9
2023,政治,广东,新高考,2021,地方/区域卷,local,广东卷,done,../papers/2023/政治/广东/广东卷/2023_政治_广东卷_原卷.pdf,../papers/2023/政治/广东/广东卷/2023_政治_广东卷_OCR与考点.md,,pypdf,8
2023,政治,广西,老高考,2024,全国卷,common,全国甲卷,done,../papers/2023/政治/全国/全国甲卷文综/2023_政治_全国甲卷文综_原卷.pdf,../papers/2023/政治/全国/全国甲卷文综/2023_政治_全国甲卷文综_OCR与考点.md,,pypdf,6
2023,政治,海南,新高考,2020,地方/区域卷,local,海南卷,done,../papers/2023/政治/海南/海南卷/2023_政治_海南卷_原卷.pdf,../papers/2023/政治/海南/海南卷/2023_政治_海南卷_OCR与考点.md,,pypdf,8
2023,政治,重庆,新高考,2021,地方/区域卷,local,重庆卷,done,../papers/2023/政治/重庆/重庆卷/2023_政治_重庆卷_原卷.pdf,../papers/2023/政治/重庆/重庆卷/2023_政治_重庆卷_OCR与考点.md,,pypdf,6
2023,政治,四川,老高考,2025,全国卷,common,全国甲卷,done,../papers/2023/政治/全国/全国甲卷文综/2023_政治_全国甲卷文综_原卷.pdf,../papers/2023/政治/全国/全国甲卷文综/2023_政治_全国甲卷文综_OCR与考点.md,,pypdf,6
2023,政治,贵州,老高考,2024,全国卷,common,全国甲卷,done,../papers/2023/政治/全国/全国甲卷文综/2023_政治_全国甲卷文综_原卷.pdf,../papers/2023/政治/全国/全国甲卷文综/2023_政治_全国甲卷文综_OCR与考点.md,,pypdf,6
2023,政治,云南,老高考,2025,全国卷,common,云南卷,done,../papers/2023/政治/全国/云南文综/2023_政治_云南文综_原卷.pdf,../papers/2023/政治/全国/云南文综/2023_政治_云南文综_OCR与考点.md,,pypdf,7
2023,政治,西藏,老高考,,全国卷,common,全国甲卷,done,../papers/2023/政治/全国/全国甲卷文综/2023_政治_全国甲卷文综_原卷.pdf,../papers/2023/政治/全国/全国甲卷文综/2023_政治_全国甲卷文综_OCR与考点.md,,pypdf,6
2023,政治,陕西,老高考,2025,全国卷,common,全国乙卷,done,../papers/2023/政治/全国/全国乙卷文综/2023_政治_全国乙卷文综_原卷.pdf,../papers/2023/政治/全国/全国乙卷文综/2023_政治_全国乙卷文综_OCR与考点.md,,pypdf,7
2023,政治,甘肃,老高考,2024,全国卷,common,全国乙卷,done,../papers/2023/政治/全国/全国乙卷文综/2023_政治_全国乙卷文综_原卷.pdf,../papers/2023/政治/全国/全国乙卷文综/2023_政治_全国乙卷文综_OCR与考点.md,,pypdf,7
2023,政治,青海,老高考,2025,全国卷,common,全国乙卷,done,../papers/2023/政治/全国/全国乙卷文综/2023_政治_全国乙卷文综_原卷.pdf,../papers/2023/政治/全国/全国乙卷文综/2023_政治_全国乙卷文综_OCR与考点.md,,pypdf,7
2023,政治,宁夏,老高考,2025,全国卷,common,全国乙卷,done,../papers/2023/政治/全国/全国乙卷文综/2023_政治_全国乙卷文综_原卷.pdf,../papers/2023/政治/全国/全国乙卷文综/2023_政治_全国乙卷文综_OCR与考点.md,,pypdf,7
2023,政治,新疆,老高考,,全国卷,common,全国乙卷,done,../papers/2023/政治/全国/全国乙卷文综/2023_政治_全国乙卷文综_原卷.pdf,../papers/2023/政治/全国/全国乙卷文综/2023_政治_全国乙卷文综_OCR与考点.md,,pypdf,7
2023,历史,北京,新高考,2020,地方/区域卷,local,北京卷,done,../papers/2023/历史/北京/北京卷/2023_历史_北京卷_原卷.pdf,../papers/2023/历史/北京/北京卷/2023_历史_北京卷_OCR与考点.md,,pypdf,8
2023,历史,天津,新高考,2020,地方/区域卷,local,天津卷,done,../papers/2023/历史/天津/天津卷/2023_历史_天津卷_原卷.pdf,../papers/2023/历史/天津/天津卷/2023_历史_天津卷_OCR与考点.md,,pypdf,6
2023,历史,河北,新高考,2021,地方/区域卷,local,河北卷,done,../papers/2023/历史/河北/河北卷/2023_历史_河北卷_原卷.pdf,../papers/2023/历史/河北/河北卷/2023_历史_河北卷_OCR与考点.md,,pypdf,14
2023,历史,山西,老高考,2025,全国卷,common,山西卷,done,../papers/2023/历史/全国/山西文综/2023_历史_山西文综_原卷.pdf,../papers/2023/历史/全国/山西文综/2023_历史_山西文综_OCR与考点.md,,pypdf,5
2023,历史,内蒙古,老高考,2025,全国卷,common,全国乙卷,done,../papers/2023/历史/全国/全国乙卷文综/2023_历史_全国乙卷文综_原卷.pdf,../papers/2023/历史/全国/全国乙卷文综/2023_历史_全国乙卷文综_OCR与考点.md,,pypdf,6
2023,历史,辽宁,新高考,2021,地方/区域卷,local,辽宁卷,done,../papers/2023/历史/辽宁/辽宁卷/2023_历史_辽宁卷_原卷.pdf,../papers/2023/历史/辽宁/辽宁卷/2023_历史_辽宁卷_OCR与考点.md,,pypdf,10
2023,历史,吉林,老高考,2024,全国卷,common,吉林卷,done,../papers/2023/历史/全国/吉林文综/2023_历史_吉林文综_原卷.pdf,../papers/2023/历史/全国/吉林文综/2023_历史_吉林文综_OCR与考点.md,,pypdf,5
2023,历史,黑龙江,老高考,2024,全国卷,common,黑龙江卷,done,../papers/2023/历史/全国/黑龙江文综/2023_历史_黑龙江文综_原卷.pdf,../papers/2023/历史/全国/黑龙江文综/2023_历史_黑龙江文综_OCR与考点.md,,pypdf,5
2023,历史,上海,新高考,2017,,missing,,missing,,,,,
2023,历史,江苏,新高考,2021,地方/区域卷,local,江苏卷,done,../papers/2023/历史/江苏/江苏卷/2023_历史_江苏卷_原卷.pdf,../papers/2023/历史/江苏/江苏卷/2023_历史_江苏卷_OCR与考点.md,,pypdf,12
2023,历史,浙江,新高考,2017,地方/区域卷,local,浙江卷,done,../papers/2023/历史/浙江/浙江卷/2023_历史_浙江卷_原卷.pdf,../papers/2023/历史/浙江/浙江卷/2023_历史_浙江卷_OCR与考点.md,,pypdf,10
2023,历史,安徽,老高考,2024,全国卷,common,安徽卷,done,../papers/2023/历史/全国/安徽文综/2023_历史_安徽文综_原卷.pdf,../papers/2023/历史/全国/安徽文综/2023_历史_安徽文综_OCR与考点.md,,pypdf,5
2023,历史,福建,新高考,2021,地方/区域卷,local,福建卷,done,../papers/2023/历史/福建/福建卷/2023_历史_福建卷_原卷.pdf,../papers/2023/历史/福建/福建卷/2023_历史_福建卷_OCR与考点.md,,pypdf,12
2023,历史,江西,老高考,2024,全国卷,common,全国乙卷,done,../papers/2023/历史/全国/全国乙卷文综/2023_历史_全国乙卷文综_原卷.pdf,../papers/2023/历史/全国/全国乙卷文综/2023_历史_全国乙卷文综_OCR与考点.md,,pypdf,6
2023,历史,山东,新高考,2020,地方/区域卷,local,山东卷,done,../papers/2023/历史/山东/山东卷/2023_历史_山东卷_原卷.pdf,../papers/2023/历史/山东/山东卷/2023_历史_山东卷_OCR与考点.md,,pypdf,9
2023,历史,河南,老高考,2025,全国卷,common,全国乙卷,done,../papers/2023/历史/全国/全国乙卷文综/2023_历史_全国乙卷文综_原卷.pdf,../papers/2023/历史/全国/全国乙卷文综/2023_历史_全国乙卷文综_OCR与考点.md,,pypdf,6
2023,历史,湖北,新高考,2021,地方/区域卷,local,湖北卷,done,../papers/2023/历史/湖北/湖北卷/2023_历史_湖北卷_原卷.pdf,../papers/2023/历史/湖北/湖北卷/2023_历史_湖北卷_OCR与考点.md,,pypdf,8
2023,历史,湖南,新高考,2021,地方/区域卷,local,湖南卷,done,../papers/2023/历史/湖南/湖南卷/2023_历史_湖南卷_原卷.pdf,../papers/2023/历史/湖南/湖南卷/2023_历史_湖南卷_OCR与考点.md,,pypdf,7
2023,历史,广东,新高考,2021,地方/区域卷,local,广东卷,done,../papers/2023/历史/广东/广东卷/2023_历史_广东卷_原卷.pdf,../papers/2023/历史/广东/广东卷/2023_历史_广东卷_OCR与考点.md,,pypdf,7
2023,历史,广西,老高考,2024,全国卷,common,全国甲卷,done,../papers/2023/历史/全国/全国甲卷文综/2023_历史_全国甲卷文综_原卷.pdf,../papers/2023/历史/全国/全国甲卷文综/2023_历史_全国甲卷文综_OCR与考点.md,,pypdf,5
2023,历史,海南,新高考,2020,地方/区域卷,local,海南卷,done,../papers/2023/历史/海南/海南卷/2023_历史_海南卷_原卷.pdf,../papers/2023/历史/海南/海南卷/2023_历史_海南卷_OCR与考点.md,,pypdf,7
2023,历史,重庆,新高考,2021,地方/区域卷,local,重庆卷,done,../papers/2023/历史/重庆/重庆卷/2023_历史_重庆卷_原卷.pdf,../papers/2023/历史/重庆/重庆卷/2023_历史_重庆卷_OCR与考点.md,,pypdf,6
2023,历史,四川,老高考,2025,全国卷,common,全国甲卷,done,../papers/2023/历史/全国/全国甲卷文综/2023_历史_全国甲卷文综_原卷.pdf,../papers/2023/历史/全国/全国甲卷文综/2023_历史_全国甲卷文综_OCR与考点.md,,pypdf,5
2023,历史,贵州,老高考,2024,全国卷,common,全国甲卷,done,../papers/2023/历史/全国/全国甲卷文综/2023_历史_全国甲卷文综_原卷.pdf,../papers/2023/历史/全国/全国甲卷文综/2023_历史_全国甲卷文综_OCR与考点.md,,pypdf,5
2023,历史,云南,老高考,2025,全国卷,common,云南卷,done,../papers/2023/历史/全国/云南文综/2023_历史_云南文综_原卷.pdf,../papers/2023/历史/全国/云南文综/2023_历史_云南文综_OCR与考点.md,,pypdf,5
2023,历史,西藏,老高考,,全国卷,common,全国甲卷,done,../papers/2023/历史/全国/全国甲卷文综/2023_历史_全国甲卷文综_原卷.pdf,../papers/2023/历史/全国/全国甲卷文综/2023_历史_全国甲卷文综_OCR与考点.md,,pypdf,5
2023,历史,陕西,老高考,2025,全国卷,common,全国乙卷,done,../papers/2023/历史/全国/全国乙卷文综/2023_历史_全国乙卷文综_原卷.pdf,../papers/2023/历史/全国/全国乙卷文综/2023_历史_全国乙卷文综_OCR与考点.md,,pypdf,6
2023,历史,甘肃,老高考,2024,全国卷,common,全国乙卷,done,../papers/2023/历史/全国/全国乙卷文综/2023_历史_全国乙卷文综_原卷.pdf,../papers/2023/历史/全国/全国乙卷文综/2023_历史_全国乙卷文综_OCR与考点.md,,pypdf,6
2023,历史,青海,老高考,2025,全国卷,common,全国乙卷,done,../papers/2023/历史/全国/全国乙卷文综/2023_历史_全国乙卷文综_原卷.pdf,../papers/2023/历史/全国/全国乙卷文综/2023_历史_全国乙卷文综_OCR与考点.md,,pypdf,6
2023,历史,宁夏,老高考,2025,全国卷,common,全国乙卷,done,../papers/2023/历史/全国/全国乙卷文综/2023_历史_全国乙卷文综_原卷.pdf,../papers/2023/历史/全国/全国乙卷文综/2023_历史_全国乙卷文综_OCR与考点.md,,pypdf,6
2023,历史,新疆,老高考,,全国卷,common,全国乙卷,done,../papers/2023/历史/全国/全国乙卷文综/2023_历史_全国乙卷文综_原卷.pdf,../papers/2023/历史/全国/全国乙卷文综/2023_历史_全国乙卷文综_OCR与考点.md,,pypdf,6
2023,地理,北京,新高考,2020,地方/区域卷,local,北京卷,done,../papers/2023/地理/北京/北京卷/2023_地理_北京卷_原卷.pdf,../papers/2023/地理/北京/北京卷/2023_地理_北京卷_OCR与考点.md,,pypdf,10
2023,地理,天津,新高考,2020,地方/区域卷,local,天津卷,done,../papers/2023/地理/天津/天津卷/2023_地理_天津卷_原卷.pdf,../papers/2023/地理/天津/天津卷/2023_地理_天津卷_OCR与考点.md,,pypdf,7
2023,地理,河北,新高考,2021,地方/区域卷,local,河北卷,done,../papers/2023/地理/河北/河北卷/2023_地理_河北卷_原卷.pdf,../papers/2023/地理/河北/河北卷/2023_地理_河北卷_OCR与考点.md,,pypdf,6
2023,地理,山西,老高考,2025,全国卷,common,山西卷,done,../papers/2023/地理/全国/山西文综/2023_地理_山西文综_原卷.pdf,../papers/2023/地理/全国/山西文综/2023_地理_山西文综_OCR与考点.md,,pypdf,5
2023,地理,内蒙古,老高考,2025,全国卷,common,全国乙卷,done,../papers/2023/地理/全国/全国乙卷文综/2023_地理_全国乙卷文综_原卷.pdf,../papers/2023/地理/全国/全国乙卷文综/2023_地理_全国乙卷文综_OCR与考点.md,,pypdf,5
2023,地理,辽宁,新高考,2021,地方/区域卷,local,辽宁卷,done,../papers/2023/地理/辽宁/辽宁卷/2023_地理_辽宁卷_原卷.pdf,../papers/2023/地理/辽宁/辽宁卷/2023_地理_辽宁卷_OCR与考点.md,,pypdf,10
2023,地理,吉林,老高考,2024,全国卷,common,吉林卷,done,../papers/2023/地理/全国/吉林文综/2023_地理_吉林文综_原卷.pdf,../papers/2023/地理/全国/吉林文综/2023_地理_吉林文综_OCR与考点.md,,pypdf,5
2023,地理,黑龙江,老高考,2024,全国卷,common,黑龙江卷,done,../papers/2023/地理/全国/黑龙江文综/2023_地理_黑龙江文综_原卷.pdf,../papers/2023/地理/全国/黑龙江文综/2023_地理_黑龙江文综_OCR与考点.md,,pypdf,5
2023,地理,上海,新高考,2017,,missing,,missing,,,,,
2023,地理,江苏,新高考,2021,地方/区域卷,local,江苏卷,done,../papers/2023/地理/江苏/江苏卷/2023_地理_江苏卷_原卷.pdf,../papers/2023/地理/江苏/江苏卷/2023_地理_江苏卷_OCR与考点.md,,pypdf,10
2023,地理,浙江,新高考,2017,地方/区域卷,local,浙江卷,done,../papers/2023/地理/浙江/浙江卷/2023_地理_浙江卷_原卷.pdf,../papers/2023/地理/浙江/浙江卷/2023_地理_浙江卷_OCR与考点.md,,pypdf,11
2023,地理,安徽,老高考,2024,全国卷,common,安徽卷,done,../papers/2023/地理/全国/安徽文综/2023_地理_安徽文综_原卷.pdf,../papers/2023/地理/全国/安徽文综/2023_地理_安徽文综_OCR与考点.md,,pypdf,5
2023,地理,福建,新高考,2021,地方/区域卷,local,福建卷,done,../papers/2023/地理/福建/福建卷/2023_地理_福建卷_原卷.pdf,../papers/2023/地理/福建/福建卷/2023_地理_福建卷_OCR与考点.md,,pypdf,7
2023,地理,江西,老高考,2024,全国卷,common,全国乙卷,done,../papers/2023/地理/全国/全国乙卷文综/2023_地理_全国乙卷文综_原卷.pdf,../papers/2023/地理/全国/全国乙卷文综/2023_地理_全国乙卷文综_OCR与考点.md,,pypdf,5
2023,地理,山东,新高考,2020,地方/区域卷,local,山东卷,done,../papers/2023/地理/山东/山东卷/2023_地理_山东卷_原卷.pdf,../papers/2023/地理/山东/山东卷/2023_地理_山东卷_OCR与考点.md,,pypdf,8
2023,地理,河南,老高考,2025,全国卷,common,全国乙卷,done,../papers/2023/地理/全国/全国乙卷文综/2023_地理_全国乙卷文综_原卷.pdf,../papers/2023/地理/全国/全国乙卷文综/2023_地理_全国乙卷文综_OCR与考点.md,,pypdf,5
2023,地理,湖北,新高考,2021,地方/区域卷,local,湖北卷,done,../papers/2023/地理/湖北/湖北卷/2023_地理_湖北卷_原卷.pdf,../papers/2023/地理/湖北/湖北卷/2023_地理_湖北卷_OCR与考点.md,,pypdf,7
2023,地理,湖南,新高考,2021,地方/区域卷,local,湖南卷,done,../papers/2023/地理/湖南/湖南卷/2023_地理_湖南卷_原卷.pdf,../papers/2023/地理/湖南/湖南卷/2023_地理_湖南卷_OCR与考点.md,,pypdf,9
2023,地理,广东,新高考,2021,地方/区域卷,local,广东卷,done,../papers/2023/地理/广东/广东卷/2023_地理_广东卷_原卷.pdf,../papers/2023/地理/广东/广东卷/2023_地理_广东卷_OCR与考点.md,,pypdf,8
2023,地理,广西,老高考,2024,全国卷,common,全国甲卷,done,../papers/2023/地理/全国/全国甲卷文综/2023_地理_全国甲卷文综_原卷.pdf,../papers/2023/地理/全国/全国甲卷文综/2023_地理_全国甲卷文综_OCR与考点.md,,pypdf,5
2023,地理,海南,新高考,2020,地方/区域卷,local,海南卷,done,../papers/2023/地理/海南/海南卷/2023_地理_海南卷_原卷.pdf,../papers/2023/地理/海南/海南卷/2023_地理_海南卷_OCR与考点.md,,pypdf,7
2023,地理,重庆,新高考,2021,地方/区域卷,local,重庆卷,done,../papers/2023/地理/重庆/重庆卷/2023_地理_重庆卷_原卷.pdf,../papers/2023/地理/重庆/重庆卷/2023_地理_重庆卷_OCR与考点.md,,pypdf,6
2023,地理,四川,老高考,2025,全国卷,common,全国甲卷,done,../papers/2023/地理/全国/全国甲卷文综/2023_地理_全国甲卷文综_原卷.pdf,../papers/2023/地理/全国/全国甲卷文综/2023_地理_全国甲卷文综_OCR与考点.md,,pypdf,5
2023,地理,贵州,老高考,2024,全国卷,common,全国甲卷,done,../papers/2023/地理/全国/全国甲卷文综/2023_地理_全国甲卷文综_原卷.pdf,../papers/2023/地理/全国/全国甲卷文综/2023_地理_全国甲卷文综_OCR与考点.md,,pypdf,5
2023,地理,云南,老高考,2025,全国卷,common,云南卷,done,../papers/2023/地理/全国/云南文综/2023_地理_云南文综_原卷.pdf,../papers/2023/地理/全国/云南文综/2023_地理_云南文综_OCR与考点.md,,pypdf,5
2023,地理,西藏,老高考,,全国卷,common,全国甲卷,done,../papers/2023/地理/全国/全国甲卷文综/2023_地理_全国甲卷文综_原卷.pdf,../papers/2023/地理/全国/全国甲卷文综/2023_地理_全国甲卷文综_OCR与考点.md,,pypdf,5
2023,地理,陕西,老高考,2025,全国卷,common,全国乙卷,done,../papers/2023/地理/全国/全国乙卷文综/2023_地理_全国乙卷文综_原卷.pdf,../papers/2023/地理/全国/全国乙卷文综/2023_地理_全国乙卷文综_OCR与考点.md,,pypdf,5
2023,地理,甘肃,老高考,2024,全国卷,common,全国乙卷,done,../papers/2023/地理/全国/全国乙卷文综/2023_地理_全国乙卷文综_原卷.pdf,../papers/2023/地理/全国/全国乙卷文综/2023_地理_全国乙卷文综_OCR与考点.md,,pypdf,5
2023,地理,青海,老高考,2025,全国卷,common,全国乙卷,done,../papers/2023/地理/全国/全国乙卷文综/2023_地理_全国乙卷文综_原卷.pdf,../papers/2023/地理/全国/全国乙卷文综/2023_地理_全国乙卷文综_OCR与考点.md,,pypdf,5
2023,地理,宁夏,老高考,2025,全国卷,common,全国乙卷,done,../papers/2023/地理/全国/全国乙卷文综/2023_地理_全国乙卷文综_原卷.pdf,../papers/2023/地理/全国/全国乙卷文综/2023_地理_全国乙卷文综_OCR与考点.md,,pypdf,5
2023,地理,新疆,老高考,,全国卷,common,全国乙卷,done,../papers/2023/地理/全国/全国乙卷文综/2023_地理_全国乙卷文综_原卷.pdf,../papers/2023/地理/全国/全国乙卷文综/2023_地理_全国乙卷文综_OCR与考点.md,,pypdf,5
2024,语文,北京,新高考,2020,地方/区域卷,local,北京卷,done,../papers/2024/语文/北京/北京卷/2024_语文_北京卷_原卷.pdf,../papers/2024/语文/北京/北京卷/2024_语文_北京卷_OCR与考点.md,,rapidocr,10
2024,语文,天津,新高考,2020,,missing,,missing,,,,,
2024,语文,河北,新高考,2021,全国卷,common,新高考全国Ⅰ卷,done,../papers/2024/语文/全国/新高考全国Ⅰ卷/2024_语文_新高考全国Ⅰ卷_原卷.pdf,../papers/2024/语文/全国/新高考全国Ⅰ卷/2024_语文_新高考全国Ⅰ卷_OCR与考点.md,,rapidocr,9
2024,语文,山西,新高考,2025,全国卷,common,新高考全国Ⅱ卷,done,../papers/2024/语文/全国/新高考全国Ⅱ卷/2024_语文_新高考全国Ⅱ卷_原卷.pdf,../papers/2024/语文/全国/新高考全国Ⅱ卷/2024_语文_新高考全国Ⅱ卷_OCR与考点.md,,rapidocr,10
2024,语文,内蒙古,老高考,2025,全国卷,common,全国甲卷,done,../papers/2024/语文/全国/全国甲卷/2024_语文_全国甲卷_原卷.pdf,../papers/2024/语文/全国/全国甲卷/2024_语文_全国甲卷_OCR与考点.md,,rapidocr,
2024,语文,辽宁,新高考,2021,全国卷,common,新高考全国Ⅱ卷,done,../papers/2024/语文/全国/新高考全国Ⅱ卷/2024_语文_新高考全国Ⅱ卷_原卷.pdf,../papers/2024/语文/全国/新高考全国Ⅱ卷/2024_语文_新高考全国Ⅱ卷_OCR与考点.md,,rapidocr,10
2024,语文,吉林,新高考,2024,全国卷,common,新高考全国Ⅱ卷,done,../papers/2024/语文/全国/新高考全国Ⅱ卷/2024_语文_新高考全国Ⅱ卷_原卷.pdf,../papers/2024/语文/全国/新高考全国Ⅱ卷/2024_语文_新高考全国Ⅱ卷_OCR与考点.md,,rapidocr,10
2024,语文,黑龙江,新高考,2024,全国卷,common,新高考全国Ⅱ卷,done,../papers/2024/语文/全国/新高考全国Ⅱ卷/2024_语文_新高考全国Ⅱ卷_原卷.pdf,../papers/2024/语文/全国/新高考全国Ⅱ卷/2024_语文_新高考全国Ⅱ卷_OCR与考点.md,,rapidocr,10
2024,语文,上海,新高考,2017,,missing,,missing,,,,,
2024,语文,江苏,新高考,2021,全国卷,common,新高考全国Ⅰ卷,done,../papers/2024/语文/全国/新高考全国Ⅰ卷/2024_语文_新高考全国Ⅰ卷_原卷.pdf,../papers/2024/语文/全国/新高考全国Ⅰ卷/2024_语文_新高考全国Ⅰ卷_OCR与考点.md,,rapidocr,9
2024,语文,浙江,新高考,2017,全国卷,common,新高考全国Ⅰ卷,done,../papers/2024/语文/全国/新高考全国Ⅰ卷/2024_语文_新高考全国Ⅰ卷_原卷.pdf,../papers/2024/语文/全国/新高考全国Ⅰ卷/2024_语文_新高考全国Ⅰ卷_OCR与考点.md,,rapidocr,9
2024,语文,安徽,新高考,2024,全国卷,common,新高考全国Ⅰ卷,done,../papers/2024/语文/全国/新高考全国Ⅰ卷/2024_语文_新高考全国Ⅰ卷_原卷.pdf,../papers/2024/语文/全国/新高考全国Ⅰ卷/2024_语文_新高考全国Ⅰ卷_OCR与考点.md,,rapidocr,9
2024,语文,福建,新高考,2021,全国卷,common,新高考全国Ⅰ卷,done,../papers/2024/语文/全国/新高考全国Ⅰ卷/2024_语文_新高考全国Ⅰ卷_原卷.pdf,../papers/2024/语文/全国/新高考全国Ⅰ卷/2024_语文_新高考全国Ⅰ卷_OCR与考点.md,,rapidocr,9
2024,语文,江西,新高考,2024,全国卷,common,新高考全国Ⅰ卷,done,../papers/2024/语文/全国/新高考全国Ⅰ卷/2024_语文_新高考全国Ⅰ卷_原卷.pdf,../papers/2024/语文/全国/新高考全国Ⅰ卷/2024_语文_新高考全国Ⅰ卷_OCR与考点.md,,rapidocr,9
2024,语文,山东,新高考,2020,全国卷,common,新高考全国Ⅰ卷,done,../papers/2024/语文/全国/新高考全国Ⅰ卷/2024_语文_新高考全国Ⅰ卷_原卷.pdf,../papers/2024/语文/全国/新高考全国Ⅰ卷/2024_语文_新高考全国Ⅰ卷_OCR与考点.md,,rapidocr,9
2024,语文,河南,新高考,2025,全国卷,common,新高考全国Ⅰ卷,done,../papers/2024/语文/全国/新高考全国Ⅰ卷/2024_语文_新高考全国Ⅰ卷_原卷.pdf,../papers/2024/语文/全国/新高考全国Ⅰ卷/2024_语文_新高考全国Ⅰ卷_OCR与考点.md,,rapidocr,9
2024,语文,湖北,新高考,2021,全国卷,common,新高考全国Ⅰ卷,done,../papers/2024/语文/全国/新高考全国Ⅰ卷/2024_语文_新高考全国Ⅰ卷_原卷.pdf,../papers/2024/语文/全国/新高考全国Ⅰ卷/2024_语文_新高考全国Ⅰ卷_OCR与考点.md,,rapidocr,9
2024,语文,湖南,新高考,2021,全国卷,common,新高考全国Ⅰ卷,done,../papers/2024/语文/全国/新高考全国Ⅰ卷/2024_语文_新高考全国Ⅰ卷_原卷.pdf,../papers/2024/语文/全国/新高考全国Ⅰ卷/2024_语文_新高考全国Ⅰ卷_OCR与考点.md,,rapidocr,9
2024,语文,广东,新高考,2021,全国卷,common,新高考全国Ⅰ卷,done,../papers/2024/语文/全国/新高考全国Ⅰ卷/2024_语文_新高考全国Ⅰ卷_原卷.pdf,../papers/2024/语文/全国/新高考全国Ⅰ卷/2024_语文_新高考全国Ⅰ卷_OCR与考点.md,,rapidocr,9
2024,语文,广西,新高考,2024,全国卷,common,新高考全国Ⅱ卷,done,../papers/2024/语文/全国/新高考全国Ⅱ卷/2024_语文_新高考全国Ⅱ卷_原卷.pdf,../papers/2024/语文/全国/新高考全国Ⅱ卷/2024_语文_新高考全国Ⅱ卷_OCR与考点.md,,rapidocr,10
2024,语文,海南,新高考,2020,全国卷,common,新高考全国Ⅱ卷,done,../papers/2024/语文/全国/新高考全国Ⅱ卷/2024_语文_新高考全国Ⅱ卷_原卷.pdf,../papers/2024/语文/全国/新高考全国Ⅱ卷/2024_语文_新高考全国Ⅱ卷_OCR与考点.md,,rapidocr,10
2024,语文,重庆,新高考,2021,全国卷,common,新高考全国Ⅱ卷,done,../papers/2024/语文/全国/新高考全国Ⅱ卷/2024_语文_新高考全国Ⅱ卷_原卷.pdf,../papers/2024/语文/全国/新高考全国Ⅱ卷/2024_语文_新高考全国Ⅱ卷_OCR与考点.md,,rapidocr,10
2024,语文,四川,老高考,2025,全国卷,common,全国甲卷,done,../papers/2024/语文/全国/全国甲卷/2024_语文_全国甲卷_原卷.pdf,../papers/2024/语文/全国/全国甲卷/2024_语文_全国甲卷_OCR与考点.md,,rapidocr,
2024,语文,贵州,新高考,2024,全国卷,common,新高考全国Ⅱ卷,done,../papers/2024/语文/全国/新高考全国Ⅱ卷/2024_语文_新高考全国Ⅱ卷_原卷.pdf,../papers/2024/语文/全国/新高考全国Ⅱ卷/2024_语文_新高考全国Ⅱ卷_OCR与考点.md,,rapidocr,10
2024,语文,云南,新高考,2025,全国卷,common,新高考全国Ⅱ卷,done,../papers/2024/语文/全国/新高考全国Ⅱ卷/2024_语文_新高考全国Ⅱ卷_原卷.pdf,../papers/2024/语文/全国/新高考全国Ⅱ卷/2024_语文_新高考全国Ⅱ卷_OCR与考点.md,,rapidocr,10
2024,语文,西藏,新高考,,全国卷,common,新高考全国Ⅱ卷,done,../papers/2024/语文/全国/新高考全国Ⅱ卷/2024_语文_新高考全国Ⅱ卷_原卷.pdf,../papers/2024/语文/全国/新高考全国Ⅱ卷/2024_语文_新高考全国Ⅱ卷_OCR与考点.md,,rapidocr,10
2024,语文,陕西,老高考,2025,全国卷,common,全国甲卷,done,../papers/2024/语文/全国/全国甲卷/2024_语文_全国甲卷_原卷.pdf,../papers/2024/语文/全国/全国甲卷/2024_语文_全国甲卷_OCR与考点.md,,rapidocr,
2024,语文,甘肃,新高考,2024,全国卷,common,新高考全国Ⅱ卷,done,../papers/2024/语文/全国/新高考全国Ⅱ卷/2024_语文_新高考全国Ⅱ卷_原卷.pdf,../papers/2024/语文/全国/新高考全国Ⅱ卷/2024_语文_新高考全国Ⅱ卷_OCR与考点.md,,rapidocr,10
2024,语文,青海,老高考,2025,全国卷,common,全国甲卷,done,../papers/2024/语文/全国/全国甲卷/2024_语文_全国甲卷_原卷.pdf,../papers/2024/语文/全国/全国甲卷/2024_语文_全国甲卷_OCR与考点.md,,rapidocr,
2024,语文,宁夏,老高考,2025,全国卷,common,全国甲卷,done,../papers/2024/语文/全国/全国甲卷/2024_语文_全国甲卷_原卷.pdf,../papers/2024/语文/全国/全国甲卷/2024_语文_全国甲卷_OCR与考点.md,,rapidocr,
2024,语文,新疆,新高考,,全国卷,common,新高考全国Ⅱ卷,done,../papers/2024/语文/全国/新高考全国Ⅱ卷/2024_语文_新高考全国Ⅱ卷_原卷.pdf,../papers/2024/语文/全国/新高考全国Ⅱ卷/2024_语文_新高考全国Ⅱ卷_OCR与考点.md,,rapidocr,10
2024,数学,北京,新高考,2020,地方/区域卷,local,北京卷,done,../papers/2024/数学/北京/北京卷/2024_数学_北京卷_原卷.pdf,../papers/2024/数学/北京/北京卷/2024_数学_北京卷_OCR与考点.md,,pypdf,4
2024,数学,天津,新高考,2020,地方/区域卷,local,天津卷,done,../papers/2024/数学/天津/天津卷/2024_数学_天津卷_原卷.pdf,../papers/2024/数学/天津/天津卷/2024_数学_天津卷_OCR与考点.md,,pypdf,5
2024,数学,河北,新高考,2021,全国卷,common,新高考全国Ⅰ卷,done,../papers/2024/数学/全国/新高考全国Ⅰ卷/2024_数学_新高考全国Ⅰ卷_原卷.pdf,../papers/2024/数学/全国/新高考全国Ⅰ卷/2024_数学_新高考全国Ⅰ卷_OCR与考点.md,,pypdf,4
2024,数学,山西,新高考,2025,全国卷,common,新高考全国Ⅱ卷,done,../papers/2024/数学/全国/新高考全国Ⅱ卷/2024_数学_新高考全国Ⅱ卷_原卷.pdf,../papers/2024/数学/全国/新高考全国Ⅱ卷/2024_数学_新高考全国Ⅱ卷_OCR与考点.md,,pypdf,4
2024,数学,内蒙古,老高考,2025,全国卷,common,全国甲卷,done,../papers/2024/数学/全国/全国甲卷/2024_数学_全国甲卷_原卷.pdf,../papers/2024/数学/全国/全国甲卷/2024_数学_全国甲卷_OCR与考点.md,,pypdf,
2024,数学,辽宁,新高考,2021,全国卷,common,新高考全国Ⅱ卷,done,../papers/2024/数学/全国/新高考全国Ⅱ卷/2024_数学_新高考全国Ⅱ卷_原卷.pdf,../papers/2024/数学/全国/新高考全国Ⅱ卷/2024_数学_新高考全国Ⅱ卷_OCR与考点.md,,pypdf,4
2024,数学,吉林,新高考,2024,全国卷,common,新高考全国Ⅱ卷,done,../papers/2024/数学/全国/新高考全国Ⅱ卷/2024_数学_新高考全国Ⅱ卷_原卷.pdf,../papers/2024/数学/全国/新高考全国Ⅱ卷/2024_数学_新高考全国Ⅱ卷_OCR与考点.md,,pypdf,4
2024,数学,黑龙江,新高考,2024,全国卷,common,新高考全国Ⅱ卷,done,../papers/2024/数学/全国/新高考全国Ⅱ卷/2024_数学_新高考全国Ⅱ卷_原卷.pdf,../papers/2024/数学/全国/新高考全国Ⅱ卷/2024_数学_新高考全国Ⅱ卷_OCR与考点.md,,pypdf,4
2024,数学,上海,新高考,2017,地方/区域卷,local,上海卷,done,../papers/2024/数学/上海/上海卷/2024_数学_上海卷_原卷.pdf,../papers/2024/数学/上海/上海卷/2024_数学_上海卷_OCR与考点.md,,pypdf,4
2024,数学,江苏,新高考,2021,全国卷,common,新高考全国Ⅰ卷,done,../papers/2024/数学/全国/新高考全国Ⅰ卷/2024_数学_新高考全国Ⅰ卷_原卷.pdf,../papers/2024/数学/全国/新高考全国Ⅰ卷/2024_数学_新高考全国Ⅰ卷_OCR与考点.md,,pypdf,4
2024,数学,浙江,新高考,2017,全国卷,common,新高考全国Ⅰ卷,done,../papers/2024/数学/全国/新高考全国Ⅰ卷/2024_数学_新高考全国Ⅰ卷_原卷.pdf,../papers/2024/数学/全国/新高考全国Ⅰ卷/2024_数学_新高考全国Ⅰ卷_OCR与考点.md,,pypdf,4
2024,数学,安徽,新高考,2024,全国卷,common,新高考全国Ⅰ卷,done,../papers/2024/数学/全国/新高考全国Ⅰ卷/2024_数学_新高考全国Ⅰ卷_原卷.pdf,../papers/2024/数学/全国/新高考全国Ⅰ卷/2024_数学_新高考全国Ⅰ卷_OCR与考点.md,,pypdf,4
2024,数学,福建,新高考,2021,全国卷,common,新高考全国Ⅰ卷,done,../papers/2024/数学/全国/新高考全国Ⅰ卷/2024_数学_新高考全国Ⅰ卷_原卷.pdf,../papers/2024/数学/全国/新高考全国Ⅰ卷/2024_数学_新高考全国Ⅰ卷_OCR与考点.md,,pypdf,4
2024,数学,江西,新高考,2024,全国卷,common,新高考全国Ⅰ卷,done,../papers/2024/数学/全国/新高考全国Ⅰ卷/2024_数学_新高考全国Ⅰ卷_原卷.pdf,../papers/2024/数学/全国/新高考全国Ⅰ卷/2024_数学_新高考全国Ⅰ卷_OCR与考点.md,,pypdf,4
2024,数学,山东,新高考,2020,全国卷,common,新高考全国Ⅰ卷,done,../papers/2024/数学/全国/新高考全国Ⅰ卷/2024_数学_新高考全国Ⅰ卷_原卷.pdf,../papers/2024/数学/全国/新高考全国Ⅰ卷/2024_数学_新高考全国Ⅰ卷_OCR与考点.md,,pypdf,4
2024,数学,河南,新高考,2025,全国卷,common,新高考全国Ⅰ卷,done,../papers/2024/数学/全国/新高考全国Ⅰ卷/2024_数学_新高考全国Ⅰ卷_原卷.pdf,../papers/2024/数学/全国/新高考全国Ⅰ卷/2024_数学_新高考全国Ⅰ卷_OCR与考点.md,,pypdf,4
2024,数学,湖北,新高考,2021,全国卷,common,新高考全国Ⅰ卷,done,../papers/2024/数学/全国/新高考全国Ⅰ卷/2024_数学_新高考全国Ⅰ卷_原卷.pdf,../papers/2024/数学/全国/新高考全国Ⅰ卷/2024_数学_新高考全国Ⅰ卷_OCR与考点.md,,pypdf,4
2024,数学,湖南,新高考,2021,全国卷,common,新高考全国Ⅰ卷,done,../papers/2024/数学/全国/新高考全国Ⅰ卷/2024_数学_新高考全国Ⅰ卷_原卷.pdf,../papers/2024/数学/全国/新高考全国Ⅰ卷/2024_数学_新高考全国Ⅰ卷_OCR与考点.md,,pypdf,4
2024,数学,广东,新高考,2021,全国卷,common,新高考全国Ⅰ卷,done,../papers/2024/数学/全国/新高考全国Ⅰ卷/2024_数学_新高考全国Ⅰ卷_原卷.pdf,../papers/2024/数学/全国/新高考全国Ⅰ卷/2024_数学_新高考全国Ⅰ卷_OCR与考点.md,,pypdf,4
2024,数学,广西,新高考,2024,全国卷,common,新高考全国Ⅱ卷,done,../papers/2024/数学/全国/新高考全国Ⅱ卷/2024_数学_新高考全国Ⅱ卷_原卷.pdf,../papers/2024/数学/全国/新高考全国Ⅱ卷/2024_数学_新高考全国Ⅱ卷_OCR与考点.md,,pypdf,4
2024,数学,海南,新高考,2020,全国卷,common,新高考全国Ⅱ卷,done,../papers/2024/数学/全国/新高考全国Ⅱ卷/2024_数学_新高考全国Ⅱ卷_原卷.pdf,../papers/2024/数学/全国/新高考全国Ⅱ卷/2024_数学_新高考全国Ⅱ卷_OCR与考点.md,,pypdf,4
2024,数学,重庆,新高考,2021,全国卷,common,新高考全国Ⅱ卷,done,../papers/2024/数学/全国/新高考全国Ⅱ卷/2024_数学_新高考全国Ⅱ卷_原卷.pdf,../papers/2024/数学/全国/新高考全国Ⅱ卷/2024_数学_新高考全国Ⅱ卷_OCR与考点.md,,pypdf,4
2024,数学,四川,老高考,2025,全国卷,common,全国甲卷,done,../papers/2024/数学/全国/全国甲卷/2024_数学_全国甲卷_原卷.pdf,../papers/2024/数学/全国/全国甲卷/2024_数学_全国甲卷_OCR与考点.md,,pypdf,
2024,数学,贵州,新高考,2024,全国卷,common,新高考全国Ⅱ卷,done,../papers/2024/数学/全国/新高考全国Ⅱ卷/2024_数学_新高考全国Ⅱ卷_原卷.pdf,../papers/2024/数学/全国/新高考全国Ⅱ卷/2024_数学_新高考全国Ⅱ卷_OCR与考点.md,,pypdf,4
2024,数学,云南,新高考,2025,全国卷,common,新高考全国Ⅱ卷,done,../papers/2024/数学/全国/新高考全国Ⅱ卷/2024_数学_新高考全国Ⅱ卷_原卷.pdf,../papers/2024/数学/全国/新高考全国Ⅱ卷/2024_数学_新高考全国Ⅱ卷_OCR与考点.md,,pypdf,4
2024,数学,西藏,老高考,,全国卷,common,全国甲卷,done,../papers/2024/数学/全国/全国甲卷/2024_数学_全国甲卷_原卷.pdf,../papers/2024/数学/全国/全国甲卷/2024_数学_全国甲卷_OCR与考点.md,,pypdf,
2024,数学,陕西,老高考,2025,全国卷,common,全国甲卷,done,../papers/2024/数学/全国/全国甲卷/2024_数学_全国甲卷_原卷.pdf,../papers/2024/数学/全国/全国甲卷/2024_数学_全国甲卷_OCR与考点.md,,pypdf,
2024,数学,甘肃,新高考,2024,全国卷,common,新高考全国Ⅱ卷,done,../papers/2024/数学/全国/新高考全国Ⅱ卷/2024_数学_新高考全国Ⅱ卷_原卷.pdf,../papers/2024/数学/全国/新高考全国Ⅱ卷/2024_数学_新高考全国Ⅱ卷_OCR与考点.md,,pypdf,4
2024,数学,青海,老高考,2025,全国卷,common,全国甲卷,done,../papers/2024/数学/全国/全国甲卷/2024_数学_全国甲卷_原卷.pdf,../papers/2024/数学/全国/全国甲卷/2024_数学_全国甲卷_OCR与考点.md,,pypdf,
2024,数学,宁夏,老高考,2025,全国卷,common,全国甲卷,done,../papers/2024/数学/全国/全国甲卷/2024_数学_全国甲卷_原卷.pdf,../papers/2024/数学/全国/全国甲卷/2024_数学_全国甲卷_OCR与考点.md,,pypdf,
2024,数学,新疆,新高考,,全国卷,common,新高考全国Ⅱ卷,done,../papers/2024/数学/全国/新高考全国Ⅱ卷/2024_数学_新高考全国Ⅱ卷_原卷.pdf,../papers/2024/数学/全国/新高考全国Ⅱ卷/2024_数学_新高考全国Ⅱ卷_OCR与考点.md,,pypdf,4
2024,英语,北京,新高考,2020,地方/区域卷,local,北京卷,done,../papers/2024/英语/北京/北京卷/2024_英语_北京卷_原卷.pdf,../papers/2024/英语/北京/北京卷/2024_英语_北京卷_OCR与考点.md,,pypdf,9
2024,英语,天津,新高考,2020,,missing,,missing,,,,,
2024,英语,河北,新高考,2021,全国卷,common,新高考全国Ⅰ卷,done,../papers/2024/英语/全国/新高考全国Ⅰ卷/2024_英语_新高考全国Ⅰ卷_原卷.pdf,../papers/2024/英语/全国/新高考全国Ⅰ卷/2024_英语_新高考全国Ⅰ卷_OCR与考点.md,../papers/2024/英语/全国/新高考全国Ⅰ卷/2024_英语_新高考全国Ⅰ卷_听力.mp3,pypdf,12
2024,英语,山西,新高考,2025,全国卷,common,新高考全国Ⅱ卷,done,../papers/2024/英语/全国/新高考全国Ⅱ卷/2024_英语_新高考全国Ⅱ卷_原卷.pdf,../papers/2024/英语/全国/新高考全国Ⅱ卷/2024_英语_新高考全国Ⅱ卷_OCR与考点.md,../papers/2024/英语/全国/新高考全国Ⅱ卷/2024_英语_新高考全国Ⅱ卷_听力.mp3,pypdf,11
2024,英语,内蒙古,老高考,2025,全国卷,common,全国甲卷,done,../papers/2024/英语/全国/全国甲卷/2024_英语_全国甲卷_原卷.pdf,../papers/2024/英语/全国/全国甲卷/2024_英语_全国甲卷_OCR与考点.md,../papers/2024/英语/全国/全国甲卷/2024_英语_全国甲卷_听力.mp3,pypdf,
2024,英语,辽宁,新高考,2021,全国卷,common,新高考全国Ⅱ卷,done,../papers/2024/英语/全国/新高考全国Ⅱ卷/2024_英语_新高考全国Ⅱ卷_原卷.pdf,../papers/2024/英语/全国/新高考全国Ⅱ卷/2024_英语_新高考全国Ⅱ卷_OCR与考点.md,../papers/2024/英语/全国/新高考全国Ⅱ卷/2024_英语_新高考全国Ⅱ卷_听力.mp3,pypdf,11
2024,英语,吉林,新高考,2024,全国卷,common,新高考全国Ⅱ卷,done,../papers/2024/英语/全国/新高考全国Ⅱ卷/2024_英语_新高考全国Ⅱ卷_原卷.pdf,../papers/2024/英语/全国/新高考全国Ⅱ卷/2024_英语_新高考全国Ⅱ卷_OCR与考点.md,../papers/2024/英语/全国/新高考全国Ⅱ卷/2024_英语_新高考全国Ⅱ卷_听力.mp3,pypdf,11
2024,英语,黑龙江,新高考,2024,全国卷,common,新高考全国Ⅱ卷,done,../papers/2024/英语/全国/新高考全国Ⅱ卷/2024_英语_新高考全国Ⅱ卷_原卷.pdf,../papers/2024/英语/全国/新高考全国Ⅱ卷/2024_英语_新高考全国Ⅱ卷_OCR与考点.md,../papers/2024/英语/全国/新高考全国Ⅱ卷/2024_英语_新高考全国Ⅱ卷_听力.mp3,pypdf,11
2024,英语,上海,新高考,2017,,missing,,missing,,,,,
2024,英语,江苏,新高考,2021,全国卷,common,新高考全国Ⅰ卷,done,../papers/2024/英语/全国/新高考全国Ⅰ卷/2024_英语_新高考全国Ⅰ卷_原卷.pdf,../papers/2024/英语/全国/新高考全国Ⅰ卷/2024_英语_新高考全国Ⅰ卷_OCR与考点.md,../papers/2024/英语/全国/新高考全国Ⅰ卷/2024_英语_新高考全国Ⅰ卷_听力.mp3,pypdf,12
2024,英语,浙江,新高考,2017,地方/区域卷,local,浙江卷,done,../papers/2024/英语/浙江/浙江卷/2024_英语_浙江卷_原卷.pdf,../papers/2024/英语/浙江/浙江卷/2024_英语_浙江卷_OCR与考点.md,../papers/2024/英语/浙江/浙江卷/2024_英语_浙江卷_听力.mp3,pypdf,12
2024,英语,安徽,新高考,2024,全国卷,common,新高考全国Ⅰ卷,done,../papers/2024/英语/全国/新高考全国Ⅰ卷/2024_英语_新高考全国Ⅰ卷_原卷.pdf,../papers/2024/英语/全国/新高考全国Ⅰ卷/2024_英语_新高考全国Ⅰ卷_OCR与考点.md,../papers/2024/英语/全国/新高考全国Ⅰ卷/2024_英语_新高考全国Ⅰ卷_听力.mp3,pypdf,12
2024,英语,福建,新高考,2021,全国卷,common,新高考全国Ⅰ卷,done,../papers/2024/英语/全国/新高考全国Ⅰ卷/2024_英语_新高考全国Ⅰ卷_原卷.pdf,../papers/2024/英语/全国/新高考全国Ⅰ卷/2024_英语_新高考全国Ⅰ卷_OCR与考点.md,../papers/2024/英语/全国/新高考全国Ⅰ卷/2024_英语_新高考全国Ⅰ卷_听力.mp3,pypdf,12
2024,英语,江西,新高考,2024,全国卷,common,新高考全国Ⅰ卷,done,../papers/2024/英语/全国/新高考全国Ⅰ卷/2024_英语_新高考全国Ⅰ卷_原卷.pdf,../papers/2024/英语/全国/新高考全国Ⅰ卷/2024_英语_新高考全国Ⅰ卷_OCR与考点.md,../papers/2024/英语/全国/新高考全国Ⅰ卷/2024_英语_新高考全国Ⅰ卷_听力.mp3,pypdf,12
2024,英语,山东,新高考,2020,全国卷,common,新高考全国Ⅰ卷,done,../papers/2024/英语/全国/新高考全国Ⅰ卷/2024_英语_新高考全国Ⅰ卷_原卷.pdf,../papers/2024/英语/全国/新高考全国Ⅰ卷/2024_英语_新高考全国Ⅰ卷_OCR与考点.md,../papers/2024/英语/全国/新高考全国Ⅰ卷/2024_英语_新高考全国Ⅰ卷_听力.mp3,pypdf,12
2024,英语,河南,新高考,2025,全国卷,common,新高考全国Ⅰ卷,done,../papers/2024/英语/全国/新高考全国Ⅰ卷/2024_英语_新高考全国Ⅰ卷_原卷.pdf,../papers/2024/英语/全国/新高考全国Ⅰ卷/2024_英语_新高考全国Ⅰ卷_OCR与考点.md,../papers/2024/英语/全国/新高考全国Ⅰ卷/2024_英语_新高考全国Ⅰ卷_听力.mp3,pypdf,12
2024,英语,湖北,新高考,2021,全国卷,common,新高考全国Ⅰ卷,done,../papers/2024/英语/全国/新高考全国Ⅰ卷/2024_英语_新高考全国Ⅰ卷_原卷.pdf,../papers/2024/英语/全国/新高考全国Ⅰ卷/2024_英语_新高考全国Ⅰ卷_OCR与考点.md,../papers/2024/英语/全国/新高考全国Ⅰ卷/2024_英语_新高考全国Ⅰ卷_听力.mp3,pypdf,12
2024,英语,湖南,新高考,2021,全国卷,common,新高考全国Ⅰ卷,done,../papers/2024/英语/全国/新高考全国Ⅰ卷/2024_英语_新高考全国Ⅰ卷_原卷.pdf,../papers/2024/英语/全国/新高考全国Ⅰ卷/2024_英语_新高考全国Ⅰ卷_OCR与考点.md,../papers/2024/英语/全国/新高考全国Ⅰ卷/2024_英语_新高考全国Ⅰ卷_听力.mp3,pypdf,12
2024,英语,广东,新高考,2021,全国卷,common,新高考全国Ⅰ卷,done,../papers/2024/英语/全国/新高考全国Ⅰ卷/2024_英语_新高考全国Ⅰ卷_原卷.pdf,../papers/2024/英语/全国/新高考全国Ⅰ卷/2024_英语_新高考全国Ⅰ卷_OCR与考点.md,../papers/2024/英语/全国/新高考全国Ⅰ卷/2024_英语_新高考全国Ⅰ卷_听力.mp3,pypdf,12
2024,英语,广西,新高考,2024,全国卷,common,新高考全国Ⅱ卷,done,../papers/2024/英语/全国/新高考全国Ⅱ卷/2024_英语_新高考全国Ⅱ卷_原卷.pdf,../papers/2024/英语/全国/新高考全国Ⅱ卷/2024_英语_新高考全国Ⅱ卷_OCR与考点.md,../papers/2024/英语/全国/新高考全国Ⅱ卷/2024_英语_新高考全国Ⅱ卷_听力.mp3,pypdf,11
2024,英语,海南,新高考,2020,全国卷,common,新高考全国Ⅱ卷,done,../papers/2024/英语/全国/新高考全国Ⅱ卷/2024_英语_新高考全国Ⅱ卷_原卷.pdf,../papers/2024/英语/全国/新高考全国Ⅱ卷/2024_英语_新高考全国Ⅱ卷_OCR与考点.md,../papers/2024/英语/全国/新高考全国Ⅱ卷/2024_英语_新高考全国Ⅱ卷_听力.mp3,pypdf,11
2024,英语,重庆,新高考,2021,全国卷,common,新高考全国Ⅱ卷,done,../papers/2024/英语/全国/新高考全国Ⅱ卷/2024_英语_新高考全国Ⅱ卷_原卷.pdf,../papers/2024/英语/全国/新高考全国Ⅱ卷/2024_英语_新高考全国Ⅱ卷_OCR与考点.md,../papers/2024/英语/全国/新高考全国Ⅱ卷/2024_英语_新高考全国Ⅱ卷_听力.mp3,pypdf,11
2024,英语,四川,老高考,2025,全国卷,common,全国甲卷,done,../papers/2024/英语/全国/全国甲卷/2024_英语_全国甲卷_原卷.pdf,../papers/2024/英语/全国/全国甲卷/2024_英语_全国甲卷_OCR与考点.md,../papers/2024/英语/全国/全国甲卷/2024_英语_全国甲卷_听力.mp3,pypdf,
2024,英语,贵州,新高考,2024,全国卷,common,新高考全国Ⅱ卷,done,../papers/2024/英语/全国/新高考全国Ⅱ卷/2024_英语_新高考全国Ⅱ卷_原卷.pdf,../papers/2024/英语/全国/新高考全国Ⅱ卷/2024_英语_新高考全国Ⅱ卷_OCR与考点.md,../papers/2024/英语/全国/新高考全国Ⅱ卷/2024_英语_新高考全国Ⅱ卷_听力.mp3,pypdf,11
2024,英语,云南,新高考,2025,全国卷,common,新高考全国Ⅱ卷,done,../papers/2024/英语/全国/新高考全国Ⅱ卷/2024_英语_新高考全国Ⅱ卷_原卷.pdf,../papers/2024/英语/全国/新高考全国Ⅱ卷/2024_英语_新高考全国Ⅱ卷_OCR与考点.md,../papers/2024/英语/全国/新高考全国Ⅱ卷/2024_英语_新高考全国Ⅱ卷_听力.mp3,pypdf,11
2024,英语,西藏,老高考,,全国卷,common,全国甲卷,done,../papers/2024/英语/全国/全国甲卷/2024_英语_全国甲卷_原卷.pdf,../papers/2024/英语/全国/全国甲卷/2024_英语_全国甲卷_OCR与考点.md,../papers/2024/英语/全国/全国甲卷/2024_英语_全国甲卷_听力.mp3,pypdf,
2024,英语,陕西,老高考,2025,全国卷,common,全国甲卷,done,../papers/2024/英语/全国/全国甲卷/2024_英语_全国甲卷_原卷.pdf,../papers/2024/英语/全国/全国甲卷/2024_英语_全国甲卷_OCR与考点.md,../papers/2024/英语/全国/全国甲卷/2024_英语_全国甲卷_听力.mp3,pypdf,
2024,英语,甘肃,新高考,2024,全国卷,common,新高考全国Ⅱ卷,done,../papers/2024/英语/全国/新高考全国Ⅱ卷/2024_英语_新高考全国Ⅱ卷_原卷.pdf,../papers/2024/英语/全国/新高考全国Ⅱ卷/2024_英语_新高考全国Ⅱ卷_OCR与考点.md,../papers/2024/英语/全国/新高考全国Ⅱ卷/2024_英语_新高考全国Ⅱ卷_听力.mp3,pypdf,11
2024,英语,青海,老高考,2025,全国卷,common,全国甲卷,done,../papers/2024/英语/全国/全国甲卷/2024_英语_全国甲卷_原卷.pdf,../papers/2024/英语/全国/全国甲卷/2024_英语_全国甲卷_OCR与考点.md,../papers/2024/英语/全国/全国甲卷/2024_英语_全国甲卷_听力.mp3,pypdf,
2024,英语,宁夏,老高考,2025,全国卷,common,全国甲卷,done,../papers/2024/英语/全国/全国甲卷/2024_英语_全国甲卷_原卷.pdf,../papers/2024/英语/全国/全国甲卷/2024_英语_全国甲卷_OCR与考点.md,../papers/2024/英语/全国/全国甲卷/2024_英语_全国甲卷_听力.mp3,pypdf,
2024,英语,新疆,新高考,,全国卷,common,新高考全国Ⅱ卷,done,../papers/2024/英语/全国/新高考全国Ⅱ卷/2024_英语_新高考全国Ⅱ卷_原卷.pdf,../papers/2024/英语/全国/新高考全国Ⅱ卷/2024_英语_新高考全国Ⅱ卷_OCR与考点.md,../papers/2024/英语/全国/新高考全国Ⅱ卷/2024_英语_新高考全国Ⅱ卷_听力.mp3,pypdf,11
2024,物理,北京,新高考,2020,地方/区域卷,local,北京卷,done,../papers/2024/物理/北京/北京卷/2024_物理_北京卷_原卷.pdf,../papers/2024/物理/北京/北京卷/2024_物理_北京卷_OCR与考点.md,,pypdf,8
2024,物理,天津,新高考,2020,,missing,,missing,,,,,
2024,物理,河北,新高考,2021,地方/区域卷,local,河北卷,done,../papers/2024/物理/河北/河北卷/2024_物理_河北卷_原卷.pdf,../papers/2024/物理/河北/河北卷/2024_物理_河北卷_OCR与考点.md,,pypdf,8
2024,物理,山西,老高考,2025,全国卷,common,山西卷,done,../papers/2024/物理/全国/山西理综/2024_物理_山西理综_原卷.pdf,../papers/2024/物理/全国/山西理综/2024_物理_山西理综_OCR与考点.md,,pypdf,6
2024,物理,内蒙古,老高考,2025,全国卷,common,全国甲卷,done,../papers/2024/物理/全国/全国甲卷理综/2024_物理_全国甲卷理综_原卷.pdf,../papers/2024/物理/全国/全国甲卷理综/2024_物理_全国甲卷理综_OCR与考点.md,,pypdf,
2024,物理,辽宁,新高考,2021,地方/区域卷,local,辽宁卷,done,../papers/2024/物理/辽宁/辽宁卷/2024_物理_辽宁卷_原卷.pdf,../papers/2024/物理/辽宁/辽宁卷/2024_物理_辽宁卷_OCR与考点.md,,pypdf,5
2024,物理,吉林,新高考,2024,地方/区域卷,local,辽宁卷,done,../papers/2024/物理/吉林/辽宁卷/2024_物理_吉林辽宁卷_原卷.pdf,../papers/2024/物理/吉林/辽宁卷/2024_物理_吉林辽宁卷_OCR与考点.md,,pypdf,5
2024,物理,黑龙江,新高考,2024,地方/区域卷,local,辽宁卷,done,../papers/2024/物理/黑龙江/辽宁卷/2024_物理_黑龙江辽宁卷_原卷.pdf,../papers/2024/物理/黑龙江/辽宁卷/2024_物理_黑龙江辽宁卷_OCR与考点.md,,pypdf,5
2024,物理,上海,新高考,2017,地方/区域卷,local,上海卷,done,../papers/2024/物理/上海/上海卷/2024_物理_上海卷_原卷.pdf,../papers/2024/物理/上海/上海卷/2024_物理_上海卷_OCR与考点.md,,pypdf,6
2024,物理,江苏,新高考,2021,地方/区域卷,local,江苏卷,done,../papers/2024/物理/江苏/江苏卷/2024_物理_江苏卷_原卷.pdf,../papers/2024/物理/江苏/江苏卷/2024_物理_江苏卷_OCR与考点.md,,pypdf,5
2024,物理,浙江,新高考,2017,地方/区域卷,local,浙江卷,done,../papers/2024/物理/浙江/浙江卷/2024_物理_浙江卷_原卷.pdf,../papers/2024/物理/浙江/浙江卷/2024_物理_浙江卷_OCR与考点.md,,pypdf,10
2024,物理,安徽,新高考,2024,地方/区域卷,local,安徽卷,done,../papers/2024/物理/安徽/安徽卷/2024_物理_安徽卷_原卷.pdf,../papers/2024/物理/安徽/安徽卷/2024_物理_安徽卷_OCR与考点.md,,pypdf,8
2024,物理,福建,新高考,2021,,missing,,missing,,,,,
2024,物理,江西,新高考,2024,地方/区域卷,local,江西卷,done,../papers/2024/物理/江西/江西卷/2024_物理_江西卷_原卷.pdf,../papers/2024/物理/江西/江西卷/2024_物理_江西卷_OCR与考点.md,,pypdf,8
2024,物理,山东,新高考,2020,地方/区域卷,local,山东卷,done,../papers/2024/物理/山东/山东卷/2024_物理_山东卷_原卷.pdf,../papers/2024/物理/山东/山东卷/2024_物理_山东卷_OCR与考点.md,,pypdf,9
2024,物理,河南,老高考,2025,全国卷,common,河南卷,done,../papers/2024/物理/全国/河南理综/2024_物理_河南理综_原卷.pdf,../papers/2024/物理/全国/河南理综/2024_物理_河南理综_OCR与考点.md,,pypdf,6
2024,物理,湖北,新高考,2021,地方/区域卷,local,湖北卷,done,../papers/2024/物理/湖北/湖北卷/2024_物理_湖北卷_原卷.pdf,../papers/2024/物理/湖北/湖北卷/2024_物理_湖北卷_OCR与考点.md,,pypdf,7
2024,物理,湖南,新高考,2021,地方/区域卷,local,湖南卷,done,../papers/2024/物理/湖南/湖南卷/2024_物理_湖南卷_原卷.pdf,../papers/2024/物理/湖南/湖南卷/2024_物理_湖南卷_OCR与考点.md,,pypdf,8
2024,物理,广东,新高考,2021,地方/区域卷,local,广东卷,done,../papers/2024/物理/广东/广东卷/2024_物理_广东卷_原卷.pdf,../papers/2024/物理/广东/广东卷/2024_物理_广东卷_OCR与考点.md,,pypdf,8
2024,物理,广西,新高考,2024,地方/区域卷,local,广西卷,done,../papers/2024/物理/广西/广西卷/2024_物理_广西卷_原卷.pdf,../papers/2024/物理/广西/广西卷/2024_物理_广西卷_OCR与考点.md,,pypdf,7
2024,物理,海南,新高考,2020,地方/区域卷,local,海南卷,done,../papers/2024/物理/海南/海南卷/2024_物理_海南卷_原卷.pdf,../papers/2024/物理/海南/海南卷/2024_物理_海南卷_OCR与考点.md,,pypdf,8
2024,物理,重庆,新高考,2021,,missing,,missing,,,,,
2024,物理,四川,老高考,2025,全国卷,common,全国甲卷,done,../papers/2024/物理/全国/全国甲卷理综/2024_物理_全国甲卷理综_原卷.pdf,../papers/2024/物理/全国/全国甲卷理综/2024_物理_全国甲卷理综_OCR与考点.md,,pypdf,
2024,物理,贵州,新高考,2024,,missing,,missing,,,,,
2024,物理,云南,老高考,2025,全国卷,common,云南卷,done,../papers/2024/物理/全国/云南理综/2024_物理_云南理综_原卷.pdf,../papers/2024/物理/全国/云南理综/2024_物理_云南理综_OCR与考点.md,,pypdf,6
2024,物理,西藏,老高考,,全国卷,common,全国甲卷,done,../papers/2024/物理/全国/全国甲卷理综/2024_物理_全国甲卷理综_原卷.pdf,../papers/2024/物理/全国/全国甲卷理综/2024_物理_全国甲卷理综_OCR与考点.md,,pypdf,
2024,物理,陕西,老高考,2025,全国卷,common,全国甲卷,done,../papers/2024/物理/全国/全国甲卷理综/2024_物理_全国甲卷理综_原卷.pdf,../papers/2024/物理/全国/全国甲卷理综/2024_物理_全国甲卷理综_OCR与考点.md,,pypdf,
2024,物理,甘肃,新高考,2024,地方/区域卷,local,甘肃卷,done,../papers/2024/物理/甘肃/甘肃卷/2024_物理_甘肃卷_原卷.pdf,../papers/2024/物理/甘肃/甘肃卷/2024_物理_甘肃卷_OCR与考点.md,,pypdf,7
2024,物理,青海,老高考,2025,全国卷,common,全国甲卷,done,../papers/2024/物理/全国/全国甲卷理综/2024_物理_全国甲卷理综_原卷.pdf,../papers/2024/物理/全国/全国甲卷理综/2024_物理_全国甲卷理综_OCR与考点.md,,pypdf,
2024,物理,宁夏,老高考,2025,全国卷,common,全国甲卷,done,../papers/2024/物理/全国/全国甲卷理综/2024_物理_全国甲卷理综_原卷.pdf,../papers/2024/物理/全国/全国甲卷理综/2024_物理_全国甲卷理综_OCR与考点.md,,pypdf,
2024,物理,新疆,老高考,,全国卷,common,新疆卷,done,../papers/2024/物理/全国/新疆理综/2024_物理_新疆理综_原卷.pdf,../papers/2024/物理/全国/新疆理综/2024_物理_新疆理综_OCR与考点.md,,pypdf,6
2024,化学,北京,新高考,2020,地方/区域卷,local,北京卷,done,../papers/2024/化学/北京/北京卷/2024_化学_北京卷_原卷.pdf,../papers/2024/化学/北京/北京卷/2024_化学_北京卷_OCR与考点.md,,pypdf,10
2024,化学,天津,新高考,2020,,missing,,missing,,,,,
2024,化学,河北,新高考,2021,地方/区域卷,local,河北卷,done,../papers/2024/化学/河北/河北卷/2024_化学_河北卷_原卷.pdf,../papers/2024/化学/河北/河北卷/2024_化学_河北卷_OCR与考点.md,,pypdf,10
2024,化学,山西,老高考,2025,全国卷,common,山西卷,done,../papers/2024/化学/全国/山西理综/2024_化学_山西理综_原卷.pdf,../papers/2024/化学/全国/山西理综/2024_化学_山西理综_OCR与考点.md,,pypdf,8
2024,化学,内蒙古,老高考,2025,全国卷,common,全国甲卷,done,../papers/2024/化学/全国/全国甲卷理综/2024_化学_全国甲卷理综_原卷.pdf,../papers/2024/化学/全国/全国甲卷理综/2024_化学_全国甲卷理综_OCR与考点.md,,pypdf,
2024,化学,辽宁,新高考,2021,地方/区域卷,local,辽宁卷,done,../papers/2024/化学/辽宁/辽宁卷/2024_化学_辽宁卷_原卷.pdf,../papers/2024/化学/辽宁/辽宁卷/2024_化学_辽宁卷_OCR与考点.md,,pypdf,10
2024,化学,吉林,新高考,2024,地方/区域卷,local,辽宁卷,done,../papers/2024/化学/吉林/辽宁卷/2024_化学_吉林辽宁卷_原卷.pdf,../papers/2024/化学/吉林/辽宁卷/2024_化学_吉林辽宁卷_OCR与考点.md,,pypdf,10
2024,化学,黑龙江,新高考,2024,地方/区域卷,local,辽宁卷,done,../papers/2024/化学/黑龙江/辽宁卷/2024_化学_黑龙江辽宁卷_原卷.pdf,../papers/2024/化学/黑龙江/辽宁卷/2024_化学_黑龙江辽宁卷_OCR与考点.md,,pypdf,10
2024,化学,上海,新高考,2017,地方/区域卷,local,上海卷,done,../papers/2024/化学/上海/上海卷/2024_化学_上海卷_原卷.pdf,../papers/2024/化学/上海/上海卷/2024_化学_上海卷_OCR与考点.md,,pypdf,6
2024,化学,江苏,新高考,2021,地方/区域卷,local,江苏卷,done,../papers/2024/化学/江苏/江苏卷/2024_化学_江苏卷_原卷.pdf,../papers/2024/化学/江苏/江苏卷/2024_化学_江苏卷_OCR与考点.md,,pypdf,9
2024,化学,浙江,新高考,2017,地方/区域卷,local,浙江卷,done,../papers/2024/化学/浙江/浙江卷/2024_化学_浙江卷_原卷.pdf,../papers/2024/化学/浙江/浙江卷/2024_化学_浙江卷_OCR与考点.md,,pypdf,10
2024,化学,安徽,新高考,2024,地方/区域卷,local,安徽卷,done,../papers/2024/化学/安徽/安徽卷/2024_化学_安徽卷_原卷.pdf,../papers/2024/化学/安徽/安徽卷/2024_化学_安徽卷_OCR与考点.md,,pypdf,11
2024,化学,福建,新高考,2021,,missing,,missing,,,,,
2024,化学,江西,新高考,2024,,missing,,missing,,,,,
2024,化学,山东,新高考,2020,地方/区域卷,local,山东卷,done,../papers/2024/化学/山东/山东卷/2024_化学_山东卷_原卷.pdf,../papers/2024/化学/山东/山东卷/2024_化学_山东卷_OCR与考点.md,,pypdf,9
2024,化学,河南,老高考,2025,全国卷,common,河南卷,done,../papers/2024/化学/全国/河南理综/2024_化学_河南理综_原卷.pdf,../papers/2024/化学/全国/河南理综/2024_化学_河南理综_OCR与考点.md,,pypdf,8
2024,化学,湖北,新高考,2021,地方/区域卷,local,湖北卷,done,../papers/2024/化学/湖北/湖北卷/2024_化学_湖北卷_原卷.pdf,../papers/2024/化学/湖北/湖北卷/2024_化学_湖北卷_OCR与考点.md,,pypdf,10
2024,化学,湖南,新高考,2021,地方/区域卷,local,湖南卷,done,../papers/2024/化学/湖南/湖南卷/2024_化学_湖南卷_原卷.pdf,../papers/2024/化学/湖南/湖南卷/2024_化学_湖南卷_OCR与考点.md,,pypdf,11
2024,化学,广东,新高考,2021,地方/区域卷,local,广东卷,done,../papers/2024/化学/广东/广东卷/2024_化学_广东卷_原卷.pdf,../papers/2024/化学/广东/广东卷/2024_化学_广东卷_OCR与考点.md,,pypdf,11
2024,化学,广西,新高考,2024,,missing,,missing,,,,,
2024,化学,海南,新高考,2020,,missing,,missing,,,,,
2024,化学,重庆,新高考,2021,,missing,,missing,,,,,
2024,化学,四川,老高考,2025,全国卷,common,全国甲卷,done,../papers/2024/化学/全国/全国甲卷理综/2024_化学_全国甲卷理综_原卷.pdf,../papers/2024/化学/全国/全国甲卷理综/2024_化学_全国甲卷理综_OCR与考点.md,,pypdf,
2024,化学,贵州,新高考,2024,,missing,,missing,,,,,
2024,化学,云南,老高考,2025,全国卷,common,云南卷,done,../papers/2024/化学/全国/云南理综/2024_化学_云南理综_原卷.pdf,../papers/2024/化学/全国/云南理综/2024_化学_云南理综_OCR与考点.md,,pypdf,8
2024,化学,西藏,老高考,,全国卷,common,全国甲卷,done,../papers/2024/化学/全国/全国甲卷理综/2024_化学_全国甲卷理综_原卷.pdf,../papers/2024/化学/全国/全国甲卷理综/2024_化学_全国甲卷理综_OCR与考点.md,,pypdf,
2024,化学,陕西,老高考,2025,全国卷,common,全国甲卷,done,../papers/2024/化学/全国/全国甲卷理综/2024_化学_全国甲卷理综_原卷.pdf,../papers/2024/化学/全国/全国甲卷理综/2024_化学_全国甲卷理综_OCR与考点.md,,pypdf,
2024,化学,甘肃,新高考,2024,地方/区域卷,local,甘肃卷,done,../papers/2024/化学/甘肃/甘肃卷/2024_化学_甘肃卷_原卷.pdf,../papers/2024/化学/甘肃/甘肃卷/2024_化学_甘肃卷_OCR与考点.md,,pypdf,9
2024,化学,青海,老高考,2025,全国卷,common,全国甲卷,done,../papers/2024/化学/全国/全国甲卷理综/2024_化学_全国甲卷理综_原卷.pdf,../papers/2024/化学/全国/全国甲卷理综/2024_化学_全国甲卷理综_OCR与考点.md,,pypdf,
2024,化学,宁夏,老高考,2025,全国卷,common,全国甲卷,done,../papers/2024/化学/全国/全国甲卷理综/2024_化学_全国甲卷理综_原卷.pdf,../papers/2024/化学/全国/全国甲卷理综/2024_化学_全国甲卷理综_OCR与考点.md,,pypdf,
2024,化学,新疆,老高考,,全国卷,common,新疆卷,done,../papers/2024/化学/全国/新疆理综/2024_化学_新疆理综_原卷.pdf,../papers/2024/化学/全国/新疆理综/2024_化学_新疆理综_OCR与考点.md,,pypdf,8
2024,生物,北京,新高考,2020,地方/区域卷,local,北京卷,done,../papers/2024/生物/北京/北京卷/2024_生物_北京卷_原卷.pdf,../papers/2024/生物/北京/北京卷/2024_生物_北京卷_OCR与考点.md,,pypdf,10
2024,生物,天津,新高考,2020,,missing,,missing,,,,,
2024,生物,河北,新高考,2021,地方/区域卷,local,河北卷,done,../papers/2024/生物/河北/河北卷/2024_生物_河北卷_原卷.pdf,../papers/2024/生物/河北/河北卷/2024_生物_河北卷_OCR与考点.md,,pypdf,9
2024,生物,山西,老高考,2025,全国卷,common,山西卷,done,../papers/2024/生物/全国/山西理综/2024_生物_山西理综_原卷.pdf,../papers/2024/生物/全国/山西理综/2024_生物_山西理综_OCR与考点.md,,pypdf,4
2024,生物,内蒙古,老高考,2025,全国卷,common,全国甲卷,done,../papers/2024/生物/全国/全国甲卷理综/2024_生物_全国甲卷理综_原卷.pdf,../papers/2024/生物/全国/全国甲卷理综/2024_生物_全国甲卷理综_OCR与考点.md,,pypdf,
2024,生物,辽宁,新高考,2021,地方/区域卷,local,辽宁卷,done,../papers/2024/生物/辽宁/辽宁卷/2024_生物_辽宁卷_原卷.pdf,../papers/2024/生物/辽宁/辽宁卷/2024_生物_辽宁卷_OCR与考点.md,,pypdf,11
2024,生物,吉林,新高考,2024,地方/区域卷,local,辽宁卷,done,../papers/2024/生物/吉林/辽宁卷/2024_生物_吉林辽宁卷_原卷.pdf,../papers/2024/生物/吉林/辽宁卷/2024_生物_吉林辽宁卷_OCR与考点.md,,pypdf,11
2024,生物,黑龙江,新高考,2024,地方/区域卷,local,辽宁卷,done,../papers/2024/生物/黑龙江/辽宁卷/2024_生物_黑龙江辽宁卷_原卷.pdf,../papers/2024/生物/黑龙江/辽宁卷/2024_生物_黑龙江辽宁卷_OCR与考点.md,,pypdf,11
2024,生物,上海,新高考,2017,,missing,,missing,,,,,
2024,生物,江苏,新高考,2021,,missing,,missing,,,,,
2024,生物,浙江,新高考,2017,地方/区域卷,local,浙江卷,done,../papers/2024/生物/浙江/浙江卷/2024_生物_浙江卷_原卷.pdf,../papers/2024/生物/浙江/浙江卷/2024_生物_浙江卷_OCR与考点.md,,pypdf,10
2024,生物,安徽,新高考,2024,地方/区域卷,local,安徽卷,done,../papers/2024/生物/安徽/安徽卷/2024_生物_安徽卷_原卷.pdf,../papers/2024/生物/安徽/安徽卷/2024_生物_安徽卷_OCR与考点.md,,pypdf,9
2024,生物,福建,新高考,2021,,missing,,missing,,,,,
2024,生物,江西,新高考,2024,地方/区域卷,local,江西卷,done,../papers/2024/生物/江西/江西卷/2024_生物_江西卷_原卷.pdf,../papers/2024/生物/江西/江西卷/2024_生物_江西卷_OCR与考点.md,,pypdf,10
2024,生物,山东,新高考,2020,地方/区域卷,local,山东卷,done,../papers/2024/生物/山东/山东卷/2024_生物_山东卷_原卷.pdf,../papers/2024/生物/山东/山东卷/2024_生物_山东卷_OCR与考点.md,,pypdf,11
2024,生物,河南,老高考,2025,全国卷,common,河南卷,done,../papers/2024/生物/全国/河南理综/2024_生物_河南理综_原卷.pdf,../papers/2024/生物/全国/河南理综/2024_生物_河南理综_OCR与考点.md,,pypdf,4
2024,生物,湖北,新高考,2021,地方/区域卷,local,湖北卷,done,../papers/2024/生物/湖北/湖北卷/2024_生物_湖北卷_原卷.pdf,../papers/2024/生物/湖北/湖北卷/2024_生物_湖北卷_OCR与考点.md,,pypdf,8
2024,生物,湖南,新高考,2021,地方/区域卷,local,湖南卷,done,../papers/2024/生物/湖南/湖南卷/2024_生物_湖南卷_原卷.pdf,../papers/2024/生物/湖南/湖南卷/2024_生物_湖南卷_OCR与考点.md,,pypdf,10
2024,生物,广东,新高考,2021,地方/区域卷,local,广东卷,done,../papers/2024/生物/广东/广东卷/2024_生物_广东卷_原卷.pdf,../papers/2024/生物/广东/广东卷/2024_生物_广东卷_OCR与考点.md,,pypdf,11
2024,生物,广西,新高考,2024,,missing,,missing,,,,,
2024,生物,海南,新高考,2020,,missing,,missing,,,,,
2024,生物,重庆,新高考,2021,,missing,,missing,,,,,
2024,生物,四川,老高考,2025,全国卷,common,全国甲卷,done,../papers/2024/生物/全国/全国甲卷理综/2024_生物_全国甲卷理综_原卷.pdf,../papers/2024/生物/全国/全国甲卷理综/2024_生物_全国甲卷理综_OCR与考点.md,,pypdf,
2024,生物,贵州,新高考,2024,,missing,,missing,,,,,
2024,生物,云南,老高考,2025,全国卷,common,云南卷,done,../papers/2024/生物/全国/云南理综/2024_生物_云南理综_原卷.pdf,../papers/2024/生物/全国/云南理综/2024_生物_云南理综_OCR与考点.md,,pypdf,4
2024,生物,西藏,老高考,,全国卷,common,全国甲卷,done,../papers/2024/生物/全国/全国甲卷理综/2024_生物_全国甲卷理综_原卷.pdf,../papers/2024/生物/全国/全国甲卷理综/2024_生物_全国甲卷理综_OCR与考点.md,,pypdf,
2024,生物,陕西,老高考,2025,全国卷,common,全国甲卷,done,../papers/2024/生物/全国/全国甲卷理综/2024_生物_全国甲卷理综_原卷.pdf,../papers/2024/生物/全国/全国甲卷理综/2024_生物_全国甲卷理综_OCR与考点.md,,pypdf,
2024,生物,甘肃,新高考,2024,地方/区域卷,local,甘肃卷,done,../papers/2024/生物/甘肃/甘肃卷/2024_生物_甘肃卷_原卷.pdf,../papers/2024/生物/甘肃/甘肃卷/2024_生物_甘肃卷_OCR与考点.md,,pypdf,10
2024,生物,青海,老高考,2025,全国卷,common,全国甲卷,done,../papers/2024/生物/全国/全国甲卷理综/2024_生物_全国甲卷理综_原卷.pdf,../papers/2024/生物/全国/全国甲卷理综/2024_生物_全国甲卷理综_OCR与考点.md,,pypdf,
2024,生物,宁夏,老高考,2025,全国卷,common,全国甲卷,done,../papers/2024/生物/全国/全国甲卷理综/2024_生物_全国甲卷理综_原卷.pdf,../papers/2024/生物/全国/全国甲卷理综/2024_生物_全国甲卷理综_OCR与考点.md,,pypdf,
2024,生物,新疆,老高考,,全国卷,common,新疆卷,done,../papers/2024/生物/全国/新疆理综/2024_生物_新疆理综_原卷.pdf,../papers/2024/生物/全国/新疆理综/2024_生物_新疆理综_OCR与考点.md,,pypdf,4
2024,政治,北京,新高考,2020,地方/区域卷,local,北京卷,done,../papers/2024/政治/北京/北京卷/2024_政治_北京卷_原卷.pdf,../papers/2024/政治/北京/北京卷/2024_政治_北京卷_OCR与考点.md,,pypdf,9
2024,政治,天津,新高考,2020,,missing,,missing,,,,,
2024,政治,河北,新高考,2021,,missing,,missing,,,,,
2024,政治,山西,老高考,2025,全国卷,common,山西卷,done,../papers/2024/政治/全国/山西文综/2024_政治_山西文综_原卷.pdf,../papers/2024/政治/全国/山西文综/2024_政治_山西文综_OCR与考点.md,,pypdf,5
2024,政治,内蒙古,老高考,2025,,missing,,missing,,,,,
2024,政治,辽宁,新高考,2021,地方/区域卷,local,辽宁卷,done,../papers/2024/政治/辽宁/辽宁卷/2024_政治_辽宁卷_原卷.pdf,../papers/2024/政治/辽宁/辽宁卷/2024_政治_辽宁卷_OCR与考点.md,,pypdf,8
2024,政治,吉林,新高考,2024,地方/区域卷,local,辽宁卷,done,../papers/2024/政治/吉林/辽宁卷/2024_政治_吉林辽宁卷_原卷.pdf,../papers/2024/政治/吉林/辽宁卷/2024_政治_吉林辽宁卷_OCR与考点.md,,pypdf,8
2024,政治,黑龙江,新高考,2024,地方/区域卷,local,辽宁卷,done,../papers/2024/政治/黑龙江/辽宁卷/2024_政治_黑龙江辽宁卷_原卷.pdf,../papers/2024/政治/黑龙江/辽宁卷/2024_政治_黑龙江辽宁卷_OCR与考点.md,,pypdf,8
2024,政治,上海,新高考,2017,,missing,,missing,,,,,
2024,政治,江苏,新高考,2021,,missing,,missing,,,,,
2024,政治,浙江,新高考,2017,地方/区域卷,local,浙江卷,done,../papers/2024/政治/浙江/浙江卷/2024_政治_浙江卷_原卷.pdf,../papers/2024/政治/浙江/浙江卷/2024_政治_浙江卷_OCR与考点.md,,pypdf,9
2024,政治,安徽,新高考,2024,地方/区域卷,local,安徽卷,done,../papers/2024/政治/安徽/安徽卷/2024_政治_安徽卷_原卷.pdf,../papers/2024/政治/安徽/安徽卷/2024_政治_安徽卷_OCR与考点.md,,pypdf,7
2024,政治,福建,新高考,2021,,missing,,missing,,,,,
2024,政治,江西,新高考,2024,,missing,,missing,,,,,
2024,政治,山东,新高考,2020,地方/区域卷,local,山东卷,done,../papers/2024/政治/山东/山东卷/2024_政治_山东卷_原卷.pdf,../papers/2024/政治/山东/山东卷/2024_政治_山东卷_OCR与考点.md,,pypdf,8
2024,政治,河南,老高考,2025,全国卷,common,河南卷,done,../papers/2024/政治/全国/河南文综/2024_政治_河南文综_原卷.pdf,../papers/2024/政治/全国/河南文综/2024_政治_河南文综_OCR与考点.md,,pypdf,5
2024,政治,湖北,新高考,2021,地方/区域卷,local,辽宁卷,done,../papers/2024/政治/湖北/辽宁卷/2024_政治_湖北辽宁卷_原卷.pdf,../papers/2024/政治/湖北/辽宁卷/2024_政治_湖北辽宁卷_OCR与考点.md,,pypdf,8
2024,政治,湖南,新高考,2021,地方/区域卷,local,湖南卷,done,../papers/2024/政治/湖南/湖南卷/2024_政治_湖南卷_原卷.pdf,../papers/2024/政治/湖南/湖南卷/2024_政治_湖南卷_OCR与考点.md,,pypdf,8
2024,政治,广东,新高考,2021,地方/区域卷,local,广东卷,done,../papers/2024/政治/广东/广东卷/2024_政治_广东卷_原卷.pdf,../papers/2024/政治/广东/广东卷/2024_政治_广东卷_OCR与考点.md,,pypdf,8
2024,政治,广西,新高考,2024,,missing,,missing,,,,,
2024,政治,海南,新高考,2020,,missing,,missing,,,,,
2024,政治,重庆,新高考,2021,,missing,,missing,,,,,
2024,政治,四川,老高考,2025,,missing,,missing,,,,,
2024,政治,贵州,新高考,2024,,missing,,missing,,,,,
2024,政治,云南,老高考,2025,全国卷,common,云南卷,done,../papers/2024/政治/全国/云南文综/2024_政治_云南文综_原卷.pdf,../papers/2024/政治/全国/云南文综/2024_政治_云南文综_OCR与考点.md,,pypdf,5
2024,政治,西藏,老高考,,全国卷,common,西藏卷,done,../papers/2024/政治/全国/西藏文综/2024_政治_西藏文综_原卷.pdf,../papers/2024/政治/全国/西藏文综/2024_政治_西藏文综_OCR与考点.md,,pypdf,5
2024,政治,陕西,老高考,2025,,missing,,missing,,,,,
2024,政治,甘肃,新高考,2024,,missing,,missing,,,,,
2024,政治,青海,老高考,2025,,missing,,missing,,,,,
2024,政治,宁夏,老高考,2025,,missing,,missing,,,,,
2024,政治,新疆,老高考,,全国卷,common,新疆卷,done,../papers/2024/政治/全国/新疆文综/2024_政治_新疆文综_原卷.pdf,../papers/2024/政治/全国/新疆文综/2024_政治_新疆文综_OCR与考点.md,,pypdf,5
2024,历史,北京,新高考,2020,地方/区域卷,local,北京卷,done,../papers/2024/历史/北京/北京卷/2024_历史_北京卷_原卷.pdf,../papers/2024/历史/北京/北京卷/2024_历史_北京卷_OCR与考点.md,,pypdf,9
2024,历史,天津,新高考,2020,,missing,,missing,,,,,
2024,历史,河北,新高考,2021,,missing,,missing,,,,,
2024,历史,山西,老高考,2025,全国卷,common,山西卷,done,../papers/2024/历史/全国/山西文综/2024_历史_山西文综_原卷.pdf,../papers/2024/历史/全国/山西文综/2024_历史_山西文综_OCR与考点.md,,pypdf,4
2024,历史,内蒙古,老高考,2025,全国卷,common,全国甲卷,done,../papers/2024/历史/全国/全国甲卷文综/2024_历史_全国甲卷文综_原卷.pdf,../papers/2024/历史/全国/全国甲卷文综/2024_历史_全国甲卷文综_OCR与考点.md,,pypdf,5
2024,历史,辽宁,新高考,2021,地方/区域卷,local,辽宁卷,done,../papers/2024/历史/辽宁/辽宁卷/2024_历史_辽宁卷_原卷.pdf,../papers/2024/历史/辽宁/辽宁卷/2024_历史_辽宁卷_OCR与考点.md,,pypdf,5
2024,历史,吉林,新高考,2024,地方/区域卷,local,辽宁卷,done,../papers/2024/历史/吉林/辽宁卷/2024_历史_吉林辽宁卷_原卷.pdf,../papers/2024/历史/吉林/辽宁卷/2024_历史_吉林辽宁卷_OCR与考点.md,,pypdf,5
2024,历史,黑龙江,新高考,2024,地方/区域卷,local,辽宁卷,done,../papers/2024/历史/黑龙江/辽宁卷/2024_历史_黑龙江辽宁卷_原卷.pdf,../papers/2024/历史/黑龙江/辽宁卷/2024_历史_黑龙江辽宁卷_OCR与考点.md,,pypdf,5
2024,历史,上海,新高考,2017,地方/区域卷,local,上海卷,done,../papers/2024/历史/上海/上海卷/2024_历史_上海卷_原卷.pdf,../papers/2024/历史/上海/上海卷/2024_历史_上海卷_OCR与考点.md,,pypdf,5
2024,历史,江苏,新高考,2021,地方/区域卷,local,江苏卷,done,../papers/2024/历史/江苏/江苏卷/2024_历史_江苏卷_原卷.pdf,../papers/2024/历史/江苏/江苏卷/2024_历史_江苏卷_OCR与考点.md,,pypdf,6
2024,历史,浙江,新高考,2017,地方/区域卷,local,浙江卷,done,../papers/2024/历史/浙江/浙江卷/2024_历史_浙江卷_原卷.pdf,../papers/2024/历史/浙江/浙江卷/2024_历史_浙江卷_OCR与考点.md,,pypdf,8
2024,历史,安徽,新高考,2024,地方/区域卷,local,安徽卷,done,../papers/2024/历史/安徽/安徽卷/2024_历史_安徽卷_原卷.pdf,../papers/2024/历史/安徽/安徽卷/2024_历史_安徽卷_OCR与考点.md,,pypdf,6
2024,历史,福建,新高考,2021,,missing,,missing,,,,,
2024,历史,江西,新高考,2024,,missing,,missing,,,,,
2024,历史,山东,新高考,2020,地方/区域卷,local,山东卷,done,../papers/2024/历史/山东/山东卷/2024_历史_山东卷_原卷.pdf,../papers/2024/历史/山东/山东卷/2024_历史_山东卷_OCR与考点.md,,pypdf,8
2024,历史,河南,老高考,2025,全国卷,common,河南卷,done,../papers/2024/历史/全国/河南文综/2024_历史_河南文综_原卷.pdf,../papers/2024/历史/全国/河南文综/2024_历史_河南文综_OCR与考点.md,,pypdf,4
2024,历史,湖北,新高考,2021,地方/区域卷,local,湖北卷,done,../papers/2024/历史/湖北/湖北卷/2024_历史_湖北卷_原卷.pdf,../papers/2024/历史/湖北/湖北卷/2024_历史_湖北卷_OCR与考点.md,,pypdf,6
2024,历史,湖南,新高考,2021,地方/区域卷,local,湖南卷,done,../papers/2024/历史/湖南/湖南卷/2024_历史_湖南卷_原卷.pdf,../papers/2024/历史/湖南/湖南卷/2024_历史_湖南卷_OCR与考点.md,,pypdf,6
2024,历史,广东,新高考,2021,地方/区域卷,local,广东卷,done,../papers/2024/历史/广东/广东卷/2024_历史_广东卷_原卷.pdf,../papers/2024/历史/广东/广东卷/2024_历史_广东卷_OCR与考点.md,,pypdf,4
2024,历史,广西,新高考,2024,,missing,,missing,,,,,
2024,历史,海南,新高考,2020,,missing,,missing,,,,,
2024,历史,重庆,新高考,2021,地方/区域卷,local,重庆卷,done,../papers/2024/历史/重庆/重庆卷/2024_历史_重庆卷_原卷.pdf,../papers/2024/历史/重庆/重庆卷/2024_历史_重庆卷_OCR与考点.md,,pypdf,3
2024,历史,四川,老高考,2025,全国卷,common,全国甲卷,done,../papers/2024/历史/全国/全国甲卷文综/2024_历史_全国甲卷文综_原卷.pdf,../papers/2024/历史/全国/全国甲卷文综/2024_历史_全国甲卷文综_OCR与考点.md,,pypdf,5
2024,历史,贵州,新高考,2024,,missing,,missing,,,,,
2024,历史,云南,老高考,2025,全国卷,common,云南卷,done,../papers/2024/历史/全国/云南文综/2024_历史_云南文综_原卷.pdf,../papers/2024/历史/全国/云南文综/2024_历史_云南文综_OCR与考点.md,,pypdf,4
2024,历史,西藏,老高考,,全国卷,common,西藏卷,done,../papers/2024/历史/全国/西藏文综/2024_历史_西藏文综_原卷.pdf,../papers/2024/历史/全国/西藏文综/2024_历史_西藏文综_OCR与考点.md,,pypdf,4
2024,历史,陕西,老高考,2025,全国卷,common,全国甲卷,done,../papers/2024/历史/全国/全国甲卷文综/2024_历史_全国甲卷文综_原卷.pdf,../papers/2024/历史/全国/全国甲卷文综/2024_历史_全国甲卷文综_OCR与考点.md,,pypdf,5
2024,历史,甘肃,新高考,2024,地方/区域卷,local,甘肃卷,done,../papers/2024/历史/甘肃/甘肃卷/2024_历史_甘肃卷_原卷.pdf,../papers/2024/历史/甘肃/甘肃卷/2024_历史_甘肃卷_OCR与考点.md,,pypdf,6
2024,历史,青海,老高考,2025,全国卷,common,全国甲卷,done,../papers/2024/历史/全国/全国甲卷文综/2024_历史_全国甲卷文综_原卷.pdf,../papers/2024/历史/全国/全国甲卷文综/2024_历史_全国甲卷文综_OCR与考点.md,,pypdf,5
2024,历史,宁夏,老高考,2025,全国卷,common,全国甲卷,done,../papers/2024/历史/全国/全国甲卷文综/2024_历史_全国甲卷文综_原卷.pdf,../papers/2024/历史/全国/全国甲卷文综/2024_历史_全国甲卷文综_OCR与考点.md,,pypdf,5
2024,历史,新疆,老高考,,全国卷,common,新疆卷,done,../papers/2024/历史/全国/新疆文综/2024_历史_新疆文综_原卷.pdf,../papers/2024/历史/全国/新疆文综/2024_历史_新疆文综_OCR与考点.md,,pypdf,4
2024,地理,北京,新高考,2020,地方/区域卷,local,北京卷,done,../papers/2024/地理/北京/北京卷/2024_地理_北京卷_原卷.pdf,../papers/2024/地理/北京/北京卷/2024_地理_北京卷_OCR与考点.md,,pypdf,7
2024,地理,天津,新高考,2020,,missing,,missing,,,,,
2024,地理,河北,新高考,2021,,missing,,missing,,,,,
2024,地理,山西,老高考,2025,全国卷,common,山西卷,done,../papers/2024/地理/全国/山西文综/2024_地理_山西文综_原卷.pdf,../papers/2024/地理/全国/山西文综/2024_地理_山西文综_OCR与考点.md,,pypdf,3
2024,地理,内蒙古,老高考,2025,全国卷,common,全国甲卷,done,../papers/2024/地理/全国/全国甲卷文综/2024_地理_全国甲卷文综_原卷.pdf,../papers/2024/地理/全国/全国甲卷文综/2024_地理_全国甲卷文综_OCR与考点.md,,pypdf,4
2024,地理,辽宁,新高考,2021,地方/区域卷,local,辽宁卷,done,../papers/2024/地理/辽宁/辽宁卷/2024_地理_辽宁卷_原卷.pdf,../papers/2024/地理/辽宁/辽宁卷/2024_地理_辽宁卷_OCR与考点.md,,pypdf,7
2024,地理,吉林,新高考,2024,地方/区域卷,local,辽宁卷,done,../papers/2024/地理/吉林/辽宁卷/2024_地理_吉林辽宁卷_原卷.pdf,../papers/2024/地理/吉林/辽宁卷/2024_地理_吉林辽宁卷_OCR与考点.md,,pypdf,7
2024,地理,黑龙江,新高考,2024,地方/区域卷,local,辽宁卷,done,../papers/2024/地理/黑龙江/辽宁卷/2024_地理_黑龙江辽宁卷_原卷.pdf,../papers/2024/地理/黑龙江/辽宁卷/2024_地理_黑龙江辽宁卷_OCR与考点.md,,pypdf,7
2024,地理,上海,新高考,2017,地方/区域卷,local,上海卷,done,../papers/2024/地理/上海/上海卷/2024_地理_上海卷_原卷.pdf,../papers/2024/地理/上海/上海卷/2024_地理_上海卷_OCR与考点.md,,pypdf,8
2024,地理,江苏,新高考,2021,,missing,,missing,,,,,
2024,地理,浙江,新高考,2017,地方/区域卷,local,浙江卷,done,../papers/2024/地理/浙江/浙江卷/2024_地理_浙江卷_原卷.pdf,../papers/2024/地理/浙江/浙江卷/2024_地理_浙江卷_OCR与考点.md,,pypdf,10
2024,地理,安徽,新高考,2024,地方/区域卷,local,安徽卷,done,../papers/2024/地理/安徽/安徽卷/2024_地理_安徽卷_原卷.pdf,../papers/2024/地理/安徽/安徽卷/2024_地理_安徽卷_OCR与考点.md,,pypdf,7
2024,地理,福建,新高考,2021,地方/区域卷,local,福建卷,done,../papers/2024/地理/福建/福建卷/2024_地理_福建卷_原卷.pdf,../papers/2024/地理/福建/福建卷/2024_地理_福建卷_OCR与考点.md,,pypdf,6
2024,地理,江西,新高考,2024,地方/区域卷,local,江西卷,done,../papers/2024/地理/江西/江西卷/2024_地理_江西卷_原卷.pdf,../papers/2024/地理/江西/江西卷/2024_地理_江西卷_OCR与考点.md,,pypdf,6
2024,地理,山东,新高考,2020,地方/区域卷,local,山东卷,done,../papers/2024/地理/山东/山东卷/2024_地理_山东卷_原卷.pdf,../papers/2024/地理/山东/山东卷/2024_地理_山东卷_OCR与考点.md,,pypdf,7
2024,地理,河南,老高考,2025,全国卷,common,河南卷,done,../papers/2024/地理/全国/河南文综/2024_地理_河南文综_原卷.pdf,../papers/2024/地理/全国/河南文综/2024_地理_河南文综_OCR与考点.md,,pypdf,3
2024,地理,湖北,新高考,2021,地方/区域卷,local,湖北卷,done,../papers/2024/地理/湖北/湖北卷/2024_地理_湖北卷_原卷.pdf,../papers/2024/地理/湖北/湖北卷/2024_地理_湖北卷_OCR与考点.md,,pypdf,7
2024,地理,湖南,新高考,2021,地方/区域卷,local,湖南卷,done,../papers/2024/地理/湖南/湖南卷/2024_地理_湖南卷_原卷.pdf,../papers/2024/地理/湖南/湖南卷/2024_地理_湖南卷_OCR与考点.md,,pypdf,7
2024,地理,广东,新高考,2021,地方/区域卷,local,广东卷,done,../papers/2024/地理/广东/广东卷/2024_地理_广东卷_原卷.pdf,../papers/2024/地理/广东/广东卷/2024_地理_广东卷_OCR与考点.md,,pypdf,7
2024,地理,广西,新高考,2024,,missing,,missing,,,,,
2024,地理,海南,新高考,2020,,missing,,missing,,,,,
2024,地理,重庆,新高考,2021,,missing,,missing,,,,,
2024,地理,四川,老高考,2025,全国卷,common,全国甲卷,done,../papers/2024/地理/全国/全国甲卷文综/2024_地理_全国甲卷文综_原卷.pdf,../papers/2024/地理/全国/全国甲卷文综/2024_地理_全国甲卷文综_OCR与考点.md,,pypdf,4
2024,地理,贵州,新高考,2024,,missing,,missing,,,,,
2024,地理,云南,老高考,2025,全国卷,common,云南卷,done,../papers/2024/地理/全国/云南文综/2024_地理_云南文综_原卷.pdf,../papers/2024/地理/全国/云南文综/2024_地理_云南文综_OCR与考点.md,,pypdf,3
2024,地理,西藏,老高考,,全国卷,common,西藏卷,done,../papers/2024/地理/全国/西藏文综/2024_地理_西藏文综_原卷.pdf,../papers/2024/地理/全国/西藏文综/2024_地理_西藏文综_OCR与考点.md,,pypdf,3
2024,地理,陕西,老高考,2025,全国卷,common,全国甲卷,done,../papers/2024/地理/全国/全国甲卷文综/2024_地理_全国甲卷文综_原卷.pdf,../papers/2024/地理/全国/全国甲卷文综/2024_地理_全国甲卷文综_OCR与考点.md,,pypdf,4
2024,地理,甘肃,新高考,2024,地方/区域卷,local,甘肃卷,done,../papers/2024/地理/甘肃/甘肃卷/2024_地理_甘肃卷_原卷.pdf,../papers/2024/地理/甘肃/甘肃卷/2024_地理_甘肃卷_OCR与考点.md,,pypdf,5
2024,地理,青海,老高考,2025,全国卷,common,全国甲卷,done,../papers/2024/地理/全国/全国甲卷文综/2024_地理_全国甲卷文综_原卷.pdf,../papers/2024/地理/全国/全国甲卷文综/2024_地理_全国甲卷文综_OCR与考点.md,,pypdf,4
2024,地理,宁夏,老高考,2025,全国卷,common,全国甲卷,done,../papers/2024/地理/全国/全国甲卷文综/2024_地理_全国甲卷文综_原卷.pdf,../papers/2024/地理/全国/全国甲卷文综/2024_地理_全国甲卷文综_OCR与考点.md,,pypdf,4
2024,地理,新疆,老高考,,全国卷,common,新疆卷,done,../papers/2024/地理/全国/新疆文综/2024_地理_新疆文综_原卷.pdf,../papers/2024/地理/全国/新疆文综/2024_地理_新疆文综_OCR与考点.md,,pypdf,3
2025,语文,北京,新高考,2020,地方/区域卷,local,北京卷,done,../papers/2025/语文/北京/北京卷/2025_语文_北京卷_原卷.pdf,../papers/2025/语文/北京/北京卷/2025_语文_北京卷_OCR与考点.md,,pypdf,27
2025,语文,天津,新高考,2020,地方/区域卷,local,天津卷,missing,,,,,
2025,语文,河北,新高考,2021,地方/区域卷,local,新高考全国Ⅰ卷,done,../papers/2025/语文/全国/新高考全国Ⅰ卷/2025_语文_新高考全国Ⅰ卷_原卷.pdf,../papers/2025/语文/全国/新高考全国Ⅰ卷/2025_语文_新高考全国Ⅰ卷_OCR与考点.md,,pypdf,26
2025,语文,山西,新高考,2025,地方/区域卷,local,新高考全国Ⅱ卷,done,../papers/2025/语文/全国/新高考全国Ⅱ卷/2025_语文_新高考全国Ⅱ卷_原卷.pdf,../papers/2025/语文/全国/新高考全国Ⅱ卷/2025_语文_新高考全国Ⅱ卷_OCR与考点.md,,pypdf,
2025,语文,内蒙古,新高考,2025,地方/区域卷,local,新高考全国Ⅱ卷,done,../papers/2025/语文/全国/新高考全国Ⅱ卷/2025_语文_新高考全国Ⅱ卷_原卷.pdf,../papers/2025/语文/全国/新高考全国Ⅱ卷/2025_语文_新高考全国Ⅱ卷_OCR与考点.md,,pypdf,
2025,语文,辽宁,新高考,2021,地方/区域卷,local,新高考全国Ⅱ卷,done,../papers/2025/语文/全国/新高考全国Ⅱ卷/2025_语文_新高考全国Ⅱ卷_原卷.pdf,../papers/2025/语文/全国/新高考全国Ⅱ卷/2025_语文_新高考全国Ⅱ卷_OCR与考点.md,,pypdf,
2025,语文,吉林,新高考,2024,地方/区域卷,local,新高考全国Ⅱ卷,done,../papers/2025/语文/全国/新高考全国Ⅱ卷/2025_语文_新高考全国Ⅱ卷_原卷.pdf,../papers/2025/语文/全国/新高考全国Ⅱ卷/2025_语文_新高考全国Ⅱ卷_OCR与考点.md,,pypdf,
2025,语文,黑龙江,新高考,2024,地方/区域卷,local,新高考全国Ⅱ卷,done,../papers/2025/语文/全国/新高考全国Ⅱ卷/2025_语文_新高考全国Ⅱ卷_原卷.pdf,../papers/2025/语文/全国/新高考全国Ⅱ卷/2025_语文_新高考全国Ⅱ卷_OCR与考点.md,,pypdf,
2025,语文,上海,新高考,2017,地方/区域卷,local,上海卷,missing,,,,,
2025,语文,江苏,新高考,2021,地方/区域卷,local,新高考全国Ⅰ卷,done,../papers/2025/语文/全国/新高考全国Ⅰ卷/2025_语文_新高考全国Ⅰ卷_原卷.pdf,../papers/2025/语文/全国/新高考全国Ⅰ卷/2025_语文_新高考全国Ⅰ卷_OCR与考点.md,,pypdf,26
2025,语文,浙江,新高考,2017,地方/区域卷,local,新高考全国Ⅰ卷,done,../papers/2025/语文/全国/新高考全国Ⅰ卷/2025_语文_新高考全国Ⅰ卷_原卷.pdf,../papers/2025/语文/全国/新高考全国Ⅰ卷/2025_语文_新高考全国Ⅰ卷_OCR与考点.md,,pypdf,26
2025,语文,安徽,新高考,2024,地方/区域卷,local,新高考全国Ⅰ卷,done,../papers/2025/语文/全国/新高考全国Ⅰ卷/2025_语文_新高考全国Ⅰ卷_原卷.pdf,../papers/2025/语文/全国/新高考全国Ⅰ卷/2025_语文_新高考全国Ⅰ卷_OCR与考点.md,,pypdf,26
2025,语文,福建,新高考,2021,地方/区域卷,local,新高考全国Ⅰ卷,done,../papers/2025/语文/全国/新高考全国Ⅰ卷/2025_语文_新高考全国Ⅰ卷_原卷.pdf,../papers/2025/语文/全国/新高考全国Ⅰ卷/2025_语文_新高考全国Ⅰ卷_OCR与考点.md,,pypdf,26
2025,语文,江西,新高考,2024,地方/区域卷,local,新高考全国Ⅰ卷,done,../papers/2025/语文/全国/新高考全国Ⅰ卷/2025_语文_新高考全国Ⅰ卷_原卷.pdf,../papers/2025/语文/全国/新高考全国Ⅰ卷/2025_语文_新高考全国Ⅰ卷_OCR与考点.md,,pypdf,26
2025,语文,山东,新高考,2020,地方/区域卷,local,新高考全国Ⅰ卷,done,../papers/2025/语文/全国/新高考全国Ⅰ卷/2025_语文_新高考全国Ⅰ卷_原卷.pdf,../papers/2025/语文/全国/新高考全国Ⅰ卷/2025_语文_新高考全国Ⅰ卷_OCR与考点.md,,pypdf,26
2025,语文,河南,新高考,2025,地方/区域卷,local,新高考全国Ⅰ卷,done,../papers/2025/语文/全国/新高考全国Ⅰ卷/2025_语文_新高考全国Ⅰ卷_原卷.pdf,../papers/2025/语文/全国/新高考全国Ⅰ卷/2025_语文_新高考全国Ⅰ卷_OCR与考点.md,,pypdf,26
2025,语文,湖北,新高考,2021,地方/区域卷,local,新高考全国Ⅰ卷,done,../papers/2025/语文/全国/新高考全国Ⅰ卷/2025_语文_新高考全国Ⅰ卷_原卷.pdf,../papers/2025/语文/全国/新高考全国Ⅰ卷/2025_语文_新高考全国Ⅰ卷_OCR与考点.md,,pypdf,26
2025,语文,湖南,新高考,2021,地方/区域卷,local,新高考全国Ⅰ卷,done,../papers/2025/语文/全国/新高考全国Ⅰ卷/2025_语文_新高考全国Ⅰ卷_原卷.pdf,../papers/2025/语文/全国/新高考全国Ⅰ卷/2025_语文_新高考全国Ⅰ卷_OCR与考点.md,,pypdf,26
2025,语文,广东,新高考,2021,地方/区域卷,local,新高考全国Ⅰ卷,done,../papers/2025/语文/全国/新高考全国Ⅰ卷/2025_语文_新高考全国Ⅰ卷_原卷.pdf,../papers/2025/语文/全国/新高考全国Ⅰ卷/2025_语文_新高考全国Ⅰ卷_OCR与考点.md,,pypdf,26
2025,语文,广西,新高考,2024,地方/区域卷,local,新高考全国Ⅱ卷,done,../papers/2025/语文/全国/新高考全国Ⅱ卷/2025_语文_新高考全国Ⅱ卷_原卷.pdf,../papers/2025/语文/全国/新高考全国Ⅱ卷/2025_语文_新高考全国Ⅱ卷_OCR与考点.md,,pypdf,
2025,语文,海南,新高考,2020,地方/区域卷,local,新高考全国Ⅱ卷,done,../papers/2025/语文/全国/新高考全国Ⅱ卷/2025_语文_新高考全国Ⅱ卷_原卷.pdf,../papers/2025/语文/全国/新高考全国Ⅱ卷/2025_语文_新高考全国Ⅱ卷_OCR与考点.md,,pypdf,
2025,语文,重庆,新高考,2021,地方/区域卷,local,新高考全国Ⅱ卷,done,../papers/2025/语文/全国/新高考全国Ⅱ卷/2025_语文_新高考全国Ⅱ卷_原卷.pdf,../papers/2025/语文/全国/新高考全国Ⅱ卷/2025_语文_新高考全国Ⅱ卷_OCR与考点.md,,pypdf,
2025,语文,四川,新高考,2025,地方/区域卷,local,新高考全国Ⅱ卷,done,../papers/2025/语文/全国/新高考全国Ⅱ卷/2025_语文_新高考全国Ⅱ卷_原卷.pdf,../papers/2025/语文/全国/新高考全国Ⅱ卷/2025_语文_新高考全国Ⅱ卷_OCR与考点.md,,pypdf,
2025,语文,贵州,新高考,2024,地方/区域卷,local,新高考全国Ⅱ卷,done,../papers/2025/语文/全国/新高考全国Ⅱ卷/2025_语文_新高考全国Ⅱ卷_原卷.pdf,../papers/2025/语文/全国/新高考全国Ⅱ卷/2025_语文_新高考全国Ⅱ卷_OCR与考点.md,,pypdf,
2025,语文,云南,新高考,2025,地方/区域卷,local,新高考全国Ⅱ卷,done,../papers/2025/语文/全国/新高考全国Ⅱ卷/2025_语文_新高考全国Ⅱ卷_原卷.pdf,../papers/2025/语文/全国/新高考全国Ⅱ卷/2025_语文_新高考全国Ⅱ卷_OCR与考点.md,,pypdf,
2025,语文,西藏,新高考,,地方/区域卷,local,新高考全国Ⅱ卷,done,../papers/2025/语文/全国/新高考全国Ⅱ卷/2025_语文_新高考全国Ⅱ卷_原卷.pdf,../papers/2025/语文/全国/新高考全国Ⅱ卷/2025_语文_新高考全国Ⅱ卷_OCR与考点.md,,pypdf,
2025,语文,陕西,新高考,2025,地方/区域卷,local,新高考全国Ⅱ卷,done,../papers/2025/语文/全国/新高考全国Ⅱ卷/2025_语文_新高考全国Ⅱ卷_原卷.pdf,../papers/2025/语文/全国/新高考全国Ⅱ卷/2025_语文_新高考全国Ⅱ卷_OCR与考点.md,,pypdf,
2025,语文,甘肃,新高考,2024,地方/区域卷,local,新高考全国Ⅱ卷,done,../papers/2025/语文/全国/新高考全国Ⅱ卷/2025_语文_新高考全国Ⅱ卷_原卷.pdf,../papers/2025/语文/全国/新高考全国Ⅱ卷/2025_语文_新高考全国Ⅱ卷_OCR与考点.md,,pypdf,
2025,语文,青海,新高考,2025,地方/区域卷,local,新高考全国Ⅱ卷,done,../papers/2025/语文/全国/新高考全国Ⅱ卷/2025_语文_新高考全国Ⅱ卷_原卷.pdf,../papers/2025/语文/全国/新高考全国Ⅱ卷/2025_语文_新高考全国Ⅱ卷_OCR与考点.md,,pypdf,
2025,语文,宁夏,新高考,2025,地方/区域卷,local,新高考全国Ⅱ卷,done,../papers/2025/语文/全国/新高考全国Ⅱ卷/2025_语文_新高考全国Ⅱ卷_原卷.pdf,../papers/2025/语文/全国/新高考全国Ⅱ卷/2025_语文_新高考全国Ⅱ卷_OCR与考点.md,,pypdf,
2025,语文,新疆,新高考,,地方/区域卷,local,新高考全国Ⅱ卷,done,../papers/2025/语文/全国/新高考全国Ⅱ卷/2025_语文_新高考全国Ⅱ卷_原卷.pdf,../papers/2025/语文/全国/新高考全国Ⅱ卷/2025_语文_新高考全国Ⅱ卷_OCR与考点.md,,pypdf,
2025,数学,北京,新高考,2020,地方/区域卷,local,北京卷,done,../papers/2025/数学/北京/北京卷/2025_数学_北京卷_原卷.pdf,../papers/2025/数学/北京/北京卷/2025_数学_北京卷_OCR与考点.md,,pypdf,19
2025,数学,天津,新高考,2020,地方/区域卷,local,天津卷,done,../papers/2025/数学/天津/天津卷/2025_数学_天津卷_原卷.pdf,../papers/2025/数学/天津/天津卷/2025_数学_天津卷_OCR与考点.md,,pypdf,20
2025,数学,河北,新高考,2021,地方/区域卷,local,新高考全国Ⅰ卷,done,../papers/2025/数学/全国/新高考全国Ⅰ卷/2025_数学_新高考全国Ⅰ卷_原卷.pdf,../papers/2025/数学/全国/新高考全国Ⅰ卷/2025_数学_新高考全国Ⅰ卷_OCR与考点.md,,pypdf,30
2025,数学,山西,新高考,2025,地方/区域卷,local,新高考全国Ⅱ卷,done,../papers/2025/数学/全国/新高考全国Ⅱ卷/2025_数学_新高考全国Ⅱ卷_原卷.pdf,../papers/2025/数学/全国/新高考全国Ⅱ卷/2025_数学_新高考全国Ⅱ卷_OCR与考点.md,,rapidocr,6
2025,数学,内蒙古,新高考,2025,地方/区域卷,local,新高考全国Ⅱ卷,done,../papers/2025/数学/全国/新高考全国Ⅱ卷/2025_数学_新高考全国Ⅱ卷_原卷.pdf,../papers/2025/数学/全国/新高考全国Ⅱ卷/2025_数学_新高考全国Ⅱ卷_OCR与考点.md,,rapidocr,6
2025,数学,辽宁,新高考,2021,地方/区域卷,local,新高考全国Ⅱ卷,done,../papers/2025/数学/全国/新高考全国Ⅱ卷/2025_数学_新高考全国Ⅱ卷_原卷.pdf,../papers/2025/数学/全国/新高考全国Ⅱ卷/2025_数学_新高考全国Ⅱ卷_OCR与考点.md,,rapidocr,6
2025,数学,吉林,新高考,2024,地方/区域卷,local,新高考全国Ⅱ卷,done,../papers/2025/数学/全国/新高考全国Ⅱ卷/2025_数学_新高考全国Ⅱ卷_原卷.pdf,../papers/2025/数学/全国/新高考全国Ⅱ卷/2025_数学_新高考全国Ⅱ卷_OCR与考点.md,,rapidocr,6
2025,数学,黑龙江,新高考,2024,地方/区域卷,local,新高考全国Ⅱ卷,done,../papers/2025/数学/全国/新高考全国Ⅱ卷/2025_数学_新高考全国Ⅱ卷_原卷.pdf,../papers/2025/数学/全国/新高考全国Ⅱ卷/2025_数学_新高考全国Ⅱ卷_OCR与考点.md,,rapidocr,6
2025,数学,上海,新高考,2017,地方/区域卷,local,上海卷,done,../papers/2025/数学/上海/上海卷/2025_数学_上海卷_原卷.pdf,../papers/2025/数学/上海/上海卷/2025_数学_上海卷_OCR与考点.md,,pypdf,4
2025,数学,江苏,新高考,2021,地方/区域卷,local,新高考全国Ⅰ卷,done,../papers/2025/数学/全国/新高考全国Ⅰ卷/2025_数学_新高考全国Ⅰ卷_原卷.pdf,../papers/2025/数学/全国/新高考全国Ⅰ卷/2025_数学_新高考全国Ⅰ卷_OCR与考点.md,,pypdf,30
2025,数学,浙江,新高考,2017,地方/区域卷,local,新高考全国Ⅰ卷,done,../papers/2025/数学/全国/新高考全国Ⅰ卷/2025_数学_新高考全国Ⅰ卷_原卷.pdf,../papers/2025/数学/全国/新高考全国Ⅰ卷/2025_数学_新高考全国Ⅰ卷_OCR与考点.md,,pypdf,30
2025,数学,安徽,新高考,2024,地方/区域卷,local,新高考全国Ⅰ卷,done,../papers/2025/数学/全国/新高考全国Ⅰ卷/2025_数学_新高考全国Ⅰ卷_原卷.pdf,../papers/2025/数学/全国/新高考全国Ⅰ卷/2025_数学_新高考全国Ⅰ卷_OCR与考点.md,,pypdf,30
2025,数学,福建,新高考,2021,地方/区域卷,local,新高考全国Ⅰ卷,done,../papers/2025/数学/全国/新高考全国Ⅰ卷/2025_数学_新高考全国Ⅰ卷_原卷.pdf,../papers/2025/数学/全国/新高考全国Ⅰ卷/2025_数学_新高考全国Ⅰ卷_OCR与考点.md,,pypdf,30
2025,数学,江西,新高考,2024,地方/区域卷,local,新高考全国Ⅰ卷,done,../papers/2025/数学/全国/新高考全国Ⅰ卷/2025_数学_新高考全国Ⅰ卷_原卷.pdf,../papers/2025/数学/全国/新高考全国Ⅰ卷/2025_数学_新高考全国Ⅰ卷_OCR与考点.md,,pypdf,30
2025,数学,山东,新高考,2020,地方/区域卷,local,新高考全国Ⅰ卷,done,../papers/2025/数学/全国/新高考全国Ⅰ卷/2025_数学_新高考全国Ⅰ卷_原卷.pdf,../papers/2025/数学/全国/新高考全国Ⅰ卷/2025_数学_新高考全国Ⅰ卷_OCR与考点.md,,pypdf,30
2025,数学,河南,新高考,2025,地方/区域卷,local,新高考全国Ⅰ卷,done,../papers/2025/数学/全国/新高考全国Ⅰ卷/2025_数学_新高考全国Ⅰ卷_原卷.pdf,../papers/2025/数学/全国/新高考全国Ⅰ卷/2025_数学_新高考全国Ⅰ卷_OCR与考点.md,,pypdf,30
2025,数学,湖北,新高考,2021,地方/区域卷,local,新高考全国Ⅰ卷,done,../papers/2025/数学/全国/新高考全国Ⅰ卷/2025_数学_新高考全国Ⅰ卷_原卷.pdf,../papers/2025/数学/全国/新高考全国Ⅰ卷/2025_数学_新高考全国Ⅰ卷_OCR与考点.md,,pypdf,30
2025,数学,湖南,新高考,2021,地方/区域卷,local,新高考全国Ⅰ卷,done,../papers/2025/数学/全国/新高考全国Ⅰ卷/2025_数学_新高考全国Ⅰ卷_原卷.pdf,../papers/2025/数学/全国/新高考全国Ⅰ卷/2025_数学_新高考全国Ⅰ卷_OCR与考点.md,,pypdf,30
2025,数学,广东,新高考,2021,地方/区域卷,local,新高考全国Ⅰ卷,done,../papers/2025/数学/全国/新高考全国Ⅰ卷/2025_数学_新高考全国Ⅰ卷_原卷.pdf,../papers/2025/数学/全国/新高考全国Ⅰ卷/2025_数学_新高考全国Ⅰ卷_OCR与考点.md,,pypdf,30
2025,数学,广西,新高考,2024,地方/区域卷,local,新高考全国Ⅱ卷,done,../papers/2025/数学/全国/新高考全国Ⅱ卷/2025_数学_新高考全国Ⅱ卷_原卷.pdf,../papers/2025/数学/全国/新高考全国Ⅱ卷/2025_数学_新高考全国Ⅱ卷_OCR与考点.md,,rapidocr,6
2025,数学,海南,新高考,2020,地方/区域卷,local,新高考全国Ⅱ卷,done,../papers/2025/数学/全国/新高考全国Ⅱ卷/2025_数学_新高考全国Ⅱ卷_原卷.pdf,../papers/2025/数学/全国/新高考全国Ⅱ卷/2025_数学_新高考全国Ⅱ卷_OCR与考点.md,,rapidocr,6
2025,数学,重庆,新高考,2021,地方/区域卷,local,新高考全国Ⅱ卷,done,../papers/2025/数学/全国/新高考全国Ⅱ卷/2025_数学_新高考全国Ⅱ卷_原卷.pdf,../papers/2025/数学/全国/新高考全国Ⅱ卷/2025_数学_新高考全国Ⅱ卷_OCR与考点.md,,rapidocr,6
2025,数学,四川,新高考,2025,地方/区域卷,local,新高考全国Ⅱ卷,done,../papers/2025/数学/全国/新高考全国Ⅱ卷/2025_数学_新高考全国Ⅱ卷_原卷.pdf,../papers/2025/数学/全国/新高考全国Ⅱ卷/2025_数学_新高考全国Ⅱ卷_OCR与考点.md,,rapidocr,6
2025,数学,贵州,新高考,2024,地方/区域卷,local,新高考全国Ⅱ卷,done,../papers/2025/数学/全国/新高考全国Ⅱ卷/2025_数学_新高考全国Ⅱ卷_原卷.pdf,../papers/2025/数学/全国/新高考全国Ⅱ卷/2025_数学_新高考全国Ⅱ卷_OCR与考点.md,,rapidocr,6
2025,数学,云南,新高考,2025,地方/区域卷,local,新高考全国Ⅱ卷,done,../papers/2025/数学/全国/新高考全国Ⅱ卷/2025_数学_新高考全国Ⅱ卷_原卷.pdf,../papers/2025/数学/全国/新高考全国Ⅱ卷/2025_数学_新高考全国Ⅱ卷_OCR与考点.md,,rapidocr,6
2025,数学,西藏,新高考,,地方/区域卷,local,新高考全国Ⅱ卷,done,../papers/2025/数学/全国/新高考全国Ⅱ卷/2025_数学_新高考全国Ⅱ卷_原卷.pdf,../papers/2025/数学/全国/新高考全国Ⅱ卷/2025_数学_新高考全国Ⅱ卷_OCR与考点.md,,rapidocr,6
2025,数学,陕西,新高考,2025,地方/区域卷,local,新高考全国Ⅱ卷,done,../papers/2025/数学/全国/新高考全国Ⅱ卷/2025_数学_新高考全国Ⅱ卷_原卷.pdf,../papers/2025/数学/全国/新高考全国Ⅱ卷/2025_数学_新高考全国Ⅱ卷_OCR与考点.md,,rapidocr,6
2025,数学,甘肃,新高考,2024,地方/区域卷,local,新高考全国Ⅰ卷,done,../papers/2025/数学/全国/新高考全国Ⅰ卷/2025_数学_新高考全国Ⅰ卷_原卷.pdf,../papers/2025/数学/全国/新高考全国Ⅰ卷/2025_数学_新高考全国Ⅰ卷_OCR与考点.md,,pypdf,30
2025,数学,青海,新高考,2025,地方/区域卷,local,新高考全国Ⅱ卷,done,../papers/2025/数学/全国/新高考全国Ⅱ卷/2025_数学_新高考全国Ⅱ卷_原卷.pdf,../papers/2025/数学/全国/新高考全国Ⅱ卷/2025_数学_新高考全国Ⅱ卷_OCR与考点.md,,rapidocr,6
2025,数学,宁夏,新高考,2025,地方/区域卷,local,新高考全国Ⅱ卷,done,../papers/2025/数学/全国/新高考全国Ⅱ卷/2025_数学_新高考全国Ⅱ卷_原卷.pdf,../papers/2025/数学/全国/新高考全国Ⅱ卷/2025_数学_新高考全国Ⅱ卷_OCR与考点.md,,rapidocr,6
2025,数学,新疆,新高考,,地方/区域卷,local,新高考全国Ⅱ卷,done,../papers/2025/数学/全国/新高考全国Ⅱ卷/2025_数学_新高考全国Ⅱ卷_原卷.pdf,../papers/2025/数学/全国/新高考全国Ⅱ卷/2025_数学_新高考全国Ⅱ卷_OCR与考点.md,,rapidocr,6
2025,英语,北京,新高考,2020,地方/区域卷,local,北京卷,done,../papers/2025/英语/北京/北京卷/2025_英语_北京卷_原卷.pdf,../papers/2025/英语/北京/北京卷/2025_英语_北京卷_OCR与考点.md,,pypdf,22
2025,英语,天津,新高考,2020,,missing,,missing,,,,,
2025,英语,河北,新高考,2021,地方/区域卷,local,新高考全国Ⅰ卷,done,../papers/2025/英语/全国/新高考全国Ⅰ卷/2025_英语_新高考全国Ⅰ卷_原卷.pdf,../papers/2025/英语/全国/新高考全国Ⅰ卷/2025_英语_新高考全国Ⅰ卷_OCR与考点.md,../papers/2025/英语/全国/新高考全国Ⅰ卷/2025_英语_新高考全国Ⅰ卷_听力.mp3,pypdf,11
2025,英语,山西,新高考,2025,地方/区域卷,local,新高考全国Ⅱ卷,done,../papers/2025/英语/全国/新高考全国Ⅱ卷/2025_英语_新高考全国Ⅱ卷_原卷.pdf,../papers/2025/英语/全国/新高考全国Ⅱ卷/2025_英语_新高考全国Ⅱ卷_OCR与考点.md,../papers/2025/英语/全国/新高考全国Ⅱ卷/2025_英语_新高考全国Ⅱ卷_听力.mp3,pypdf,
2025,英语,内蒙古,新高考,2025,地方/区域卷,local,新高考全国Ⅱ卷,done,../papers/2025/英语/全国/新高考全国Ⅱ卷/2025_英语_新高考全国Ⅱ卷_原卷.pdf,../papers/2025/英语/全国/新高考全国Ⅱ卷/2025_英语_新高考全国Ⅱ卷_OCR与考点.md,../papers/2025/英语/全国/新高考全国Ⅱ卷/2025_英语_新高考全国Ⅱ卷_听力.mp3,pypdf,
2025,英语,辽宁,新高考,2021,地方/区域卷,local,新高考全国Ⅱ卷,done,../papers/2025/英语/全国/新高考全国Ⅱ卷/2025_英语_新高考全国Ⅱ卷_原卷.pdf,../papers/2025/英语/全国/新高考全国Ⅱ卷/2025_英语_新高考全国Ⅱ卷_OCR与考点.md,../papers/2025/英语/全国/新高考全国Ⅱ卷/2025_英语_新高考全国Ⅱ卷_听力.mp3,pypdf,
2025,英语,吉林,新高考,2024,地方/区域卷,local,新高考全国Ⅱ卷,done,../papers/2025/英语/全国/新高考全国Ⅱ卷/2025_英语_新高考全国Ⅱ卷_原卷.pdf,../papers/2025/英语/全国/新高考全国Ⅱ卷/2025_英语_新高考全国Ⅱ卷_OCR与考点.md,../papers/2025/英语/全国/新高考全国Ⅱ卷/2025_英语_新高考全国Ⅱ卷_听力.mp3,pypdf,
2025,英语,黑龙江,新高考,2024,地方/区域卷,local,新高考全国Ⅱ卷,done,../papers/2025/英语/全国/新高考全国Ⅱ卷/2025_英语_新高考全国Ⅱ卷_原卷.pdf,../papers/2025/英语/全国/新高考全国Ⅱ卷/2025_英语_新高考全国Ⅱ卷_OCR与考点.md,../papers/2025/英语/全国/新高考全国Ⅱ卷/2025_英语_新高考全国Ⅱ卷_听力.mp3,pypdf,
2025,英语,上海,新高考,2017,,missing,,missing,,,,,
2025,英语,江苏,新高考,2021,地方/区域卷,local,新高考全国Ⅰ卷,done,../papers/2025/英语/全国/新高考全国Ⅰ卷/2025_英语_新高考全国Ⅰ卷_原卷.pdf,../papers/2025/英语/全国/新高考全国Ⅰ卷/2025_英语_新高考全国Ⅰ卷_OCR与考点.md,../papers/2025/英语/全国/新高考全国Ⅰ卷/2025_英语_新高考全国Ⅰ卷_听力.mp3,pypdf,11
2025,英语,浙江,新高考,2017,地方/区域卷,local,新高考全国Ⅰ卷,done,../papers/2025/英语/全国/新高考全国Ⅰ卷/2025_英语_新高考全国Ⅰ卷_原卷.pdf,../papers/2025/英语/全国/新高考全国Ⅰ卷/2025_英语_新高考全国Ⅰ卷_OCR与考点.md,../papers/2025/英语/全国/新高考全国Ⅰ卷/2025_英语_新高考全国Ⅰ卷_听力.mp3,pypdf,11
2025,英语,安徽,新高考,2024,地方/区域卷,local,新高考全国Ⅰ卷,done,../papers/2025/英语/全国/新高考全国Ⅰ卷/2025_英语_新高考全国Ⅰ卷_原卷.pdf,../papers/2025/英语/全国/新高考全国Ⅰ卷/2025_英语_新高考全国Ⅰ卷_OCR与考点.md,../papers/2025/英语/全国/新高考全国Ⅰ卷/2025_英语_新高考全国Ⅰ卷_听力.mp3,pypdf,11
2025,英语,福建,新高考,2021,地方/区域卷,local,新高考全国Ⅰ卷,done,../papers/2025/英语/全国/新高考全国Ⅰ卷/2025_英语_新高考全国Ⅰ卷_原卷.pdf,../papers/2025/英语/全国/新高考全国Ⅰ卷/2025_英语_新高考全国Ⅰ卷_OCR与考点.md,../papers/2025/英语/全国/新高考全国Ⅰ卷/2025_英语_新高考全国Ⅰ卷_听力.mp3,pypdf,11
2025,英语,江西,新高考,2024,地方/区域卷,local,新高考全国Ⅰ卷,done,../papers/2025/英语/全国/新高考全国Ⅰ卷/2025_英语_新高考全国Ⅰ卷_原卷.pdf,../papers/2025/英语/全国/新高考全国Ⅰ卷/2025_英语_新高考全国Ⅰ卷_OCR与考点.md,../papers/2025/英语/全国/新高考全国Ⅰ卷/2025_英语_新高考全国Ⅰ卷_听力.mp3,pypdf,11
2025,英语,山东,新高考,2020,地方/区域卷,local,新高考全国Ⅰ卷,done,../papers/2025/英语/全国/新高考全国Ⅰ卷/2025_英语_新高考全国Ⅰ卷_原卷.pdf,../papers/2025/英语/全国/新高考全国Ⅰ卷/2025_英语_新高考全国Ⅰ卷_OCR与考点.md,../papers/2025/英语/全国/新高考全国Ⅰ卷/2025_英语_新高考全国Ⅰ卷_听力.mp3,pypdf,11
2025,英语,河南,新高考,2025,地方/区域卷,local,新高考全国Ⅰ卷,done,../papers/2025/英语/全国/新高考全国Ⅰ卷/2025_英语_新高考全国Ⅰ卷_原卷.pdf,../papers/2025/英语/全国/新高考全国Ⅰ卷/2025_英语_新高考全国Ⅰ卷_OCR与考点.md,../papers/2025/英语/全国/新高考全国Ⅰ卷/2025_英语_新高考全国Ⅰ卷_听力.mp3,pypdf,11
2025,英语,湖北,新高考,2021,地方/区域卷,local,新高考全国Ⅰ卷,done,../papers/2025/英语/全国/新高考全国Ⅰ卷/2025_英语_新高考全国Ⅰ卷_原卷.pdf,../papers/2025/英语/全国/新高考全国Ⅰ卷/2025_英语_新高考全国Ⅰ卷_OCR与考点.md,../papers/2025/英语/全国/新高考全国Ⅰ卷/2025_英语_新高考全国Ⅰ卷_听力.mp3,pypdf,11
2025,英语,湖南,新高考,2021,地方/区域卷,local,新高考全国Ⅰ卷,done,../papers/2025/英语/全国/新高考全国Ⅰ卷/2025_英语_新高考全国Ⅰ卷_原卷.pdf,../papers/2025/英语/全国/新高考全国Ⅰ卷/2025_英语_新高考全国Ⅰ卷_OCR与考点.md,../papers/2025/英语/全国/新高考全国Ⅰ卷/2025_英语_新高考全国Ⅰ卷_听力.mp3,pypdf,11
2025,英语,广东,新高考,2021,地方/区域卷,local,新高考全国Ⅰ卷,done,../papers/2025/英语/全国/新高考全国Ⅰ卷/2025_英语_新高考全国Ⅰ卷_原卷.pdf,../papers/2025/英语/全国/新高考全国Ⅰ卷/2025_英语_新高考全国Ⅰ卷_OCR与考点.md,../papers/2025/英语/全国/新高考全国Ⅰ卷/2025_英语_新高考全国Ⅰ卷_听力.mp3,pypdf,11
2025,英语,广西,新高考,2024,地方/区域卷,local,新高考全国Ⅱ卷,done,../papers/2025/英语/全国/新高考全国Ⅱ卷/2025_英语_新高考全国Ⅱ卷_原卷.pdf,../papers/2025/英语/全国/新高考全国Ⅱ卷/2025_英语_新高考全国Ⅱ卷_OCR与考点.md,../papers/2025/英语/全国/新高考全国Ⅱ卷/2025_英语_新高考全国Ⅱ卷_听力.mp3,pypdf,
2025,英语,海南,新高考,2020,地方/区域卷,local,新高考全国Ⅱ卷,done,../papers/2025/英语/全国/新高考全国Ⅱ卷/2025_英语_新高考全国Ⅱ卷_原卷.pdf,../papers/2025/英语/全国/新高考全国Ⅱ卷/2025_英语_新高考全国Ⅱ卷_OCR与考点.md,../papers/2025/英语/全国/新高考全国Ⅱ卷/2025_英语_新高考全国Ⅱ卷_听力.mp3,pypdf,
2025,英语,重庆,新高考,2021,地方/区域卷,local,新高考全国Ⅱ卷,done,../papers/2025/英语/全国/新高考全国Ⅱ卷/2025_英语_新高考全国Ⅱ卷_原卷.pdf,../papers/2025/英语/全国/新高考全国Ⅱ卷/2025_英语_新高考全国Ⅱ卷_OCR与考点.md,../papers/2025/英语/全国/新高考全国Ⅱ卷/2025_英语_新高考全国Ⅱ卷_听力.mp3,pypdf,
2025,英语,四川,新高考,2025,地方/区域卷,local,新高考全国Ⅱ卷,done,../papers/2025/英语/全国/新高考全国Ⅱ卷/2025_英语_新高考全国Ⅱ卷_原卷.pdf,../papers/2025/英语/全国/新高考全国Ⅱ卷/2025_英语_新高考全国Ⅱ卷_OCR与考点.md,../papers/2025/英语/全国/新高考全国Ⅱ卷/2025_英语_新高考全国Ⅱ卷_听力.mp3,pypdf,
2025,英语,贵州,新高考,2024,地方/区域卷,local,新高考全国Ⅱ卷,done,../papers/2025/英语/全国/新高考全国Ⅱ卷/2025_英语_新高考全国Ⅱ卷_原卷.pdf,../papers/2025/英语/全国/新高考全国Ⅱ卷/2025_英语_新高考全国Ⅱ卷_OCR与考点.md,../papers/2025/英语/全国/新高考全国Ⅱ卷/2025_英语_新高考全国Ⅱ卷_听力.mp3,pypdf,
2025,英语,云南,新高考,2025,地方/区域卷,local,新高考全国Ⅱ卷,done,../papers/2025/英语/全国/新高考全国Ⅱ卷/2025_英语_新高考全国Ⅱ卷_原卷.pdf,../papers/2025/英语/全国/新高考全国Ⅱ卷/2025_英语_新高考全国Ⅱ卷_OCR与考点.md,../papers/2025/英语/全国/新高考全国Ⅱ卷/2025_英语_新高考全国Ⅱ卷_听力.mp3,pypdf,
2025,英语,西藏,新高考,,全国卷,common,新高考全国Ⅱ卷,done,../papers/2025/英语/全国/新高考全国Ⅱ卷/2025_英语_新高考全国Ⅱ卷_原卷.pdf,../papers/2025/英语/全国/新高考全国Ⅱ卷/2025_英语_新高考全国Ⅱ卷_OCR与考点.md,../papers/2025/英语/全国/新高考全国Ⅱ卷/2025_英语_新高考全国Ⅱ卷_听力.mp3,pypdf,
2025,英语,陕西,新高考,2025,地方/区域卷,local,新高考全国Ⅱ卷,done,../papers/2025/英语/全国/新高考全国Ⅱ卷/2025_英语_新高考全国Ⅱ卷_原卷.pdf,../papers/2025/英语/全国/新高考全国Ⅱ卷/2025_英语_新高考全国Ⅱ卷_OCR与考点.md,../papers/2025/英语/全国/新高考全国Ⅱ卷/2025_英语_新高考全国Ⅱ卷_听力.mp3,pypdf,
2025,英语,甘肃,新高考,2024,地方/区域卷,local,新高考全国Ⅱ卷,done,../papers/2025/英语/全国/新高考全国Ⅱ卷/2025_英语_新高考全国Ⅱ卷_原卷.pdf,../papers/2025/英语/全国/新高考全国Ⅱ卷/2025_英语_新高考全国Ⅱ卷_OCR与考点.md,../papers/2025/英语/全国/新高考全国Ⅱ卷/2025_英语_新高考全国Ⅱ卷_听力.mp3,pypdf,
2025,英语,青海,新高考,2025,地方/区域卷,local,新高考全国Ⅱ卷,done,../papers/2025/英语/全国/新高考全国Ⅱ卷/2025_英语_新高考全国Ⅱ卷_原卷.pdf,../papers/2025/英语/全国/新高考全国Ⅱ卷/2025_英语_新高考全国Ⅱ卷_OCR与考点.md,../papers/2025/英语/全国/新高考全国Ⅱ卷/2025_英语_新高考全国Ⅱ卷_听力.mp3,pypdf,
2025,英语,宁夏,新高考,2025,地方/区域卷,local,新高考全国Ⅱ卷,done,../papers/2025/英语/全国/新高考全国Ⅱ卷/2025_英语_新高考全国Ⅱ卷_原卷.pdf,../papers/2025/英语/全国/新高考全国Ⅱ卷/2025_英语_新高考全国Ⅱ卷_OCR与考点.md,../papers/2025/英语/全国/新高考全国Ⅱ卷/2025_英语_新高考全国Ⅱ卷_听力.mp3,pypdf,
2025,英语,新疆,新高考,,地方/区域卷,local,新高考全国Ⅱ卷,done,../papers/2025/英语/全国/新高考全国Ⅱ卷/2025_英语_新高考全国Ⅱ卷_原卷.pdf,../papers/2025/英语/全国/新高考全国Ⅱ卷/2025_英语_新高考全国Ⅱ卷_OCR与考点.md,../papers/2025/英语/全国/新高考全国Ⅱ卷/2025_英语_新高考全国Ⅱ卷_听力.mp3,pypdf,
2025,物理,北京,新高考,2020,地方/区域卷,local,北京卷,done,../papers/2025/物理/北京/北京卷/2025_物理_北京卷_原卷.pdf,../papers/2025/物理/北京/北京卷/2025_物理_北京卷_OCR与考点.md,,pypdf,20
2025,物理,天津,新高考,2020,,missing,,missing,,,,,
2025,物理,河北,新高考,2021,地方/区域卷,local,河北卷,done,../papers/2025/物理/河北/河北卷/2025_物理_河北卷_原卷.pdf,../papers/2025/物理/河北/河北卷/2025_物理_河北卷_OCR与考点.md,,pypdf,16
2025,物理,山西,新高考,2025,地方/区域卷,local,山西卷,done,../papers/2025/物理/山西/山西卷/2025_物理_山西卷_原卷.pdf,../papers/2025/物理/山西/山西卷/2025_物理_山西卷_OCR与考点.md,,pypdf,15
2025,物理,内蒙古,新高考,2025,地方/区域卷,local,内蒙古卷,done,../papers/2025/物理/内蒙古/内蒙古卷/2025_物理_内蒙古卷_原卷.pdf,../papers/2025/物理/内蒙古/内蒙古卷/2025_物理_内蒙古卷_OCR与考点.md,,pypdf,13
2025,物理,辽宁,新高考,2021,地方/区域卷,local,内蒙古卷,done,../papers/2025/物理/辽宁/内蒙古卷/2025_物理_辽宁内蒙古卷_原卷.pdf,../papers/2025/物理/辽宁/内蒙古卷/2025_物理_辽宁内蒙古卷_OCR与考点.md,,pypdf,13
2025,物理,吉林,新高考,2024,地方/区域卷,local,内蒙古卷,done,../papers/2025/物理/吉林/内蒙古卷/2025_物理_吉林内蒙古卷_原卷.pdf,../papers/2025/物理/吉林/内蒙古卷/2025_物理_吉林内蒙古卷_OCR与考点.md,,pypdf,13
2025,物理,黑龙江,新高考,2024,地方/区域卷,local,内蒙古卷,done,../papers/2025/物理/黑龙江/内蒙古卷/2025_物理_黑龙江内蒙古卷_原卷.pdf,../papers/2025/物理/黑龙江/内蒙古卷/2025_物理_黑龙江内蒙古卷_OCR与考点.md,,rapidocr,16
2025,物理,上海,新高考,2017,地方/区域卷,local,上海卷,done,../papers/2025/物理/上海/上海卷/2025_物理_上海卷_原卷.pdf,../papers/2025/物理/上海/上海卷/2025_物理_上海卷_OCR与考点.md,,pypdf,9
2025,物理,江苏,新高考,2021,地方/区域卷,local,江苏卷,done,../papers/2025/物理/江苏/江苏卷/2025_物理_江苏卷_原卷.pdf,../papers/2025/物理/江苏/江苏卷/2025_物理_江苏卷_OCR与考点.md,,rapidocr,14
2025,物理,浙江,新高考,2017,地方/区域卷,local,浙江卷,missing,,,,,
2025,物理,安徽,新高考,2024,地方/区域卷,local,安徽卷,done,../papers/2025/物理/安徽/安徽卷/2025_物理_安徽卷_原卷.pdf,../papers/2025/物理/安徽/安徽卷/2025_物理_安徽卷_OCR与考点.md,,pypdf,9
2025,物理,福建,新高考,2021,地方/区域卷,local,福建卷,done,../papers/2025/物理/福建/福建卷/2025_物理_福建卷_原卷.pdf,../papers/2025/物理/福建/福建卷/2025_物理_福建卷_OCR与考点.md,,rapidocr,2
2025,物理,江西,新高考,2024,地方/区域卷,local,江西卷,done,../papers/2025/物理/江西/江西卷/2025_物理_江西卷_原卷.pdf,../papers/2025/物理/江西/江西卷/2025_物理_江西卷_OCR与考点.md,,rapidocr,7
2025,物理,山东,新高考,2020,地方/区域卷,local,山东卷,done,../papers/2025/物理/山东/山东卷/2025_物理_山东卷_原卷.pdf,../papers/2025/物理/山东/山东卷/2025_物理_山东卷_OCR与考点.md,,pypdf,20
2025,物理,河南,新高考,2025,地方/区域卷,local,河南卷,done,../papers/2025/物理/河南/河南卷/2025_物理_河南卷_原卷.pdf,../papers/2025/物理/河南/河南卷/2025_物理_河南卷_OCR与考点.md,,rapidocr,7
2025,物理,湖北,新高考,2021,地方/区域卷,local,湖北卷,done,../papers/2025/物理/湖北/湖北卷/2025_物理_湖北卷_原卷.pdf,../papers/2025/物理/湖北/湖北卷/2025_物理_湖北卷_OCR与考点.md,,rapidocr,5
2025,物理,湖南,新高考,2021,地方/区域卷,local,湖南卷,done,../papers/2025/物理/湖南/湖南卷/2025_物理_湖南卷_原卷.pdf,../papers/2025/物理/湖南/湖南卷/2025_物理_湖南卷_OCR与考点.md,,pypdf,10
2025,物理,广东,新高考,2021,地方/区域卷,local,广东卷,done,../papers/2025/物理/广东/广东卷/2025_物理_广东卷_原卷.pdf,../papers/2025/物理/广东/广东卷/2025_物理_广东卷_OCR与考点.md,,rapidocr,3
2025,物理,广西,新高考,2024,地方/区域卷,local,广西卷,done,../papers/2025/物理/广西/广西卷/2025_物理_广西卷_原卷.pdf,../papers/2025/物理/广西/广西卷/2025_物理_广西卷_OCR与考点.md,,pypdf,11
2025,物理,海南,新高考,2020,地方/区域卷,local,海南卷,done,../papers/2025/物理/海南/海南卷/2025_物理_海南卷_原卷.pdf,../papers/2025/物理/海南/海南卷/2025_物理_海南卷_OCR与考点.md,,pypdf,7
2025,物理,重庆,新高考,2021,地方/区域卷,local,重庆卷,done,../papers/2025/物理/重庆/重庆卷/2025_物理_重庆卷_原卷.pdf,../papers/2025/物理/重庆/重庆卷/2025_物理_重庆卷_OCR与考点.md,,pypdf,16
2025,物理,四川,新高考,2025,地方/区域卷,local,四川卷,done,../papers/2025/物理/四川/四川卷/2025_物理_四川卷_原卷.pdf,../papers/2025/物理/四川/四川卷/2025_物理_四川卷_OCR与考点.md,,pypdf,
2025,物理,贵州,新高考,2024,,missing,,missing,,,,,
2025,物理,云南,新高考,2025,地方/区域卷,local,云南卷,done,../papers/2025/物理/云南/云南卷/2025_物理_云南卷_原卷.pdf,../papers/2025/物理/云南/云南卷/2025_物理_云南卷_OCR与考点.md,,pypdf,8
2025,物理,西藏,老高考,,,missing,,missing,,,,,
2025,物理,陕西,新高考,2025,地方/区域卷,local,山西卷,done,../papers/2025/物理/陕西/山西卷/2025_物理_陕西山西卷_原卷.pdf,../papers/2025/物理/陕西/山西卷/2025_物理_陕西山西卷_OCR与考点.md,,pypdf,15
2025,物理,甘肃,新高考,2024,地方/区域卷,local,甘肃卷,done,../papers/2025/物理/甘肃/甘肃卷/2025_物理_甘肃卷_原卷.pdf,../papers/2025/物理/甘肃/甘肃卷/2025_物理_甘肃卷_OCR与考点.md,,pypdf,17
2025,物理,青海,新高考,2025,地方/区域卷,local,山西卷,done,../papers/2025/物理/青海/山西卷/2025_物理_青海山西卷_原卷.pdf,../papers/2025/物理/青海/山西卷/2025_物理_青海山西卷_OCR与考点.md,,pypdf,15
2025,物理,宁夏,新高考,2025,地方/区域卷,local,山西卷,done,../papers/2025/物理/宁夏/山西卷/2025_物理_宁夏山西卷_原卷.pdf,../papers/2025/物理/宁夏/山西卷/2025_物理_宁夏山西卷_OCR与考点.md,,pypdf,15
2025,物理,新疆,老高考,,,missing,,missing,,,,,
2025,化学,北京,新高考,2020,地方/区域卷,local,北京卷,done,../papers/2025/化学/北京/北京卷/2025_化学_北京卷_原卷.pdf,../papers/2025/化学/北京/北京卷/2025_化学_北京卷_OCR与考点.md,,rapidocr,3
2025,化学,天津,新高考,2020,,missing,,missing,,,,,
2025,化学,河北,新高考,2021,地方/区域卷,local,河北卷,done,../papers/2025/化学/河北/河北卷/2025_化学_河北卷_原卷.pdf,../papers/2025/化学/河北/河北卷/2025_化学_河北卷_OCR与考点.md,,pypdf,22
2025,化学,山西,新高考,2025,地方/区域卷,local,山西卷,done,../papers/2025/化学/山西/山西卷/2025_化学_山西卷_原卷.pdf,../papers/2025/化学/山西/山西卷/2025_化学_山西卷_OCR与考点.md,,rapidocr,8
2025,化学,内蒙古,新高考,2025,地方/区域卷,local,内蒙古卷,done,../papers/2025/化学/内蒙古/内蒙古卷/2025_化学_内蒙古卷_原卷.pdf,../papers/2025/化学/内蒙古/内蒙古卷/2025_化学_内蒙古卷_OCR与考点.md,,pypdf,9
2025,化学,辽宁,新高考,2021,地方/区域卷,local,辽宁卷,done,../papers/2025/化学/辽宁/辽宁卷/2025_化学_辽宁卷_原卷.pdf,../papers/2025/化学/辽宁/辽宁卷/2025_化学_辽宁卷_OCR与考点.md,,pypdf,9
2025,化学,吉林,新高考,2024,地方/区域卷,local,吉林卷,done,../papers/2025/化学/吉林/吉林卷/2025_化学_吉林卷_原卷.pdf,../papers/2025/化学/吉林/吉林卷/2025_化学_吉林卷_OCR与考点.md,,pypdf,9
2025,化学,黑龙江,新高考,2024,地方/区域卷,local,黑龙江卷,done,../papers/2025/化学/黑龙江/黑龙江卷/2025_化学_黑龙江卷_原卷.pdf,../papers/2025/化学/黑龙江/黑龙江卷/2025_化学_黑龙江卷_OCR与考点.md,,pypdf,9
2025,化学,上海,新高考,2017,地方/区域卷,local,上海卷,done,../papers/2025/化学/上海/上海卷/2025_化学_上海卷_原卷.pdf,../papers/2025/化学/上海/上海卷/2025_化学_上海卷_OCR与考点.md,,pypdf,10
2025,化学,江苏,新高考,2021,地方/区域卷,local,江苏卷,done,../papers/2025/化学/江苏/江苏卷/2025_化学_江苏卷_原卷.pdf,../papers/2025/化学/江苏/江苏卷/2025_化学_江苏卷_OCR与考点.md,,pypdf,14
2025,化学,浙江,新高考,2017,地方/区域卷,local,浙江卷,done,../papers/2025/化学/浙江/浙江卷/2025_化学_浙江卷_原卷.pdf,../papers/2025/化学/浙江/浙江卷/2025_化学_浙江卷_OCR与考点.md,,rapidocr,5
2025,化学,安徽,新高考,2024,地方/区域卷,local,安徽卷,done,../papers/2025/化学/安徽/安徽卷/2025_化学_安徽卷_原卷.pdf,../papers/2025/化学/安徽/安徽卷/2025_化学_安徽卷_OCR与考点.md,,pypdf,8
2025,化学,福建,新高考,2021,地方/区域卷,local,福建卷,done,../papers/2025/化学/福建/福建卷/2025_化学_福建卷_原卷.pdf,../papers/2025/化学/福建/福建卷/2025_化学_福建卷_OCR与考点.md,,rapidocr,4
2025,化学,江西,新高考,2024,地方/区域卷,local,江西卷,missing,,,,,
2025,化学,山东,新高考,2020,地方/区域卷,local,山东卷,done,../papers/2025/化学/山东/山东卷/2025_化学_山东卷_原卷.pdf,../papers/2025/化学/山东/山东卷/2025_化学_山东卷_OCR与考点.md,,pypdf,10
2025,化学,河南,新高考,2025,地方/区域卷,local,河南卷,done,../papers/2025/化学/河南/河南卷/2025_化学_河南卷_原卷.pdf,../papers/2025/化学/河南/河南卷/2025_化学_河南卷_OCR与考点.md,,rapidocr,10
2025,化学,湖北,新高考,2021,地方/区域卷,local,湖北卷,done,../papers/2025/化学/湖北/湖北卷/2025_化学_湖北卷_原卷.pdf,../papers/2025/化学/湖北/湖北卷/2025_化学_湖北卷_OCR与考点.md,,rapidocr,8
2025,化学,湖南,新高考,2021,地方/区域卷,local,湖南卷,done,../papers/2025/化学/湖南/湖南卷/2025_化学_湖南卷_原卷.pdf,../papers/2025/化学/湖南/湖南卷/2025_化学_湖南卷_OCR与考点.md,,pypdf,24
2025,化学,广东,新高考,2021,地方/区域卷,local,广东卷,done,../papers/2025/化学/广东/广东卷/2025_化学_广东卷_原卷.pdf,../papers/2025/化学/广东/广东卷/2025_化学_广东卷_OCR与考点.md,,rapidocr,3
2025,化学,广西,新高考,2024,,missing,,missing,,,,,
2025,化学,海南,新高考,2020,,missing,,missing,,,,,
2025,化学,重庆,新高考,2021,地方/区域卷,local,重庆卷,done,../papers/2025/化学/重庆/重庆卷/2025_化学_重庆卷_原卷.pdf,../papers/2025/化学/重庆/重庆卷/2025_化学_重庆卷_OCR与考点.md,,pypdf,21
2025,化学,四川,新高考,2025,地方/区域卷,local,四川卷,done,../papers/2025/化学/四川/四川卷/2025_化学_四川卷_原卷.pdf,../papers/2025/化学/四川/四川卷/2025_化学_四川卷_OCR与考点.md,,rapidocr,
2025,化学,贵州,新高考,2024,,missing,,missing,,,,,
2025,化学,云南,新高考,2025,地方/区域卷,local,云南卷,done,../papers/2025/化学/云南/云南卷/2025_化学_云南卷_原卷.pdf,../papers/2025/化学/云南/云南卷/2025_化学_云南卷_OCR与考点.md,,rapidocr,4
2025,化学,西藏,老高考,,,missing,,missing,,,,,
2025,化学,陕西,新高考,2025,地方/区域卷,local,山西卷,done,../papers/2025/化学/陕西/山西卷/2025_化学_陕西山西卷_原卷.pdf,../papers/2025/化学/陕西/山西卷/2025_化学_陕西山西卷_OCR与考点.md,,rapidocr,8
2025,化学,甘肃,新高考,2024,地方/区域卷,local,甘肃卷,done,../papers/2025/化学/甘肃/甘肃卷/2025_化学_甘肃卷_原卷.pdf,../papers/2025/化学/甘肃/甘肃卷/2025_化学_甘肃卷_OCR与考点.md,,pypdf,8
2025,化学,青海,新高考,2025,地方/区域卷,local,山西卷,done,../papers/2025/化学/青海/山西卷/2025_化学_青海山西卷_原卷.pdf,../papers/2025/化学/青海/山西卷/2025_化学_青海山西卷_OCR与考点.md,,rapidocr,8
2025,化学,宁夏,新高考,2025,地方/区域卷,local,山西卷,done,../papers/2025/化学/宁夏/山西卷/2025_化学_宁夏山西卷_原卷.pdf,../papers/2025/化学/宁夏/山西卷/2025_化学_宁夏山西卷_OCR与考点.md,,rapidocr,8
2025,化学,新疆,老高考,,,missing,,missing,,,,,
2025,生物,北京,新高考,2020,地方/区域卷,local,北京卷,done,../papers/2025/生物/北京/北京卷/2025_生物_北京卷_原卷.pdf,../papers/2025/生物/北京/北京卷/2025_生物_北京卷_OCR与考点.md,,pypdf,24
2025,生物,天津,新高考,2020,,missing,,missing,,,,,
2025,生物,河北,新高考,2021,地方/区域卷,local,河北卷,done,../papers/2025/生物/河北/河北卷/2025_生物_河北卷_原卷.pdf,../papers/2025/生物/河北/河北卷/2025_生物_河北卷_OCR与考点.md,,pypdf,24
2025,生物,山西,新高考,2025,地方/区域卷,local,山西卷,done,../papers/2025/生物/山西/山西卷/2025_生物_山西卷_原卷.pdf,../papers/2025/生物/山西/山西卷/2025_生物_山西卷_OCR与考点.md,,pypdf,21
2025,生物,内蒙古,新高考,2025,地方/区域卷,local,内蒙古卷,done,../papers/2025/生物/内蒙古/内蒙古卷/2025_生物_内蒙古卷_原卷.pdf,../papers/2025/生物/内蒙古/内蒙古卷/2025_生物_内蒙古卷_OCR与考点.md,,pypdf,27
2025,生物,辽宁,新高考,2021,地方/区域卷,local,内蒙古卷,done,../papers/2025/生物/辽宁/内蒙古卷/2025_生物_辽宁内蒙古卷_原卷.pdf,../papers/2025/生物/辽宁/内蒙古卷/2025_生物_辽宁内蒙古卷_OCR与考点.md,,pypdf,27
2025,生物,吉林,新高考,2024,地方/区域卷,local,内蒙古卷,done,../papers/2025/生物/吉林/内蒙古卷/2025_生物_吉林内蒙古卷_原卷.pdf,../papers/2025/生物/吉林/内蒙古卷/2025_生物_吉林内蒙古卷_OCR与考点.md,,pypdf,27
2025,生物,黑龙江,新高考,2024,地方/区域卷,local,内蒙古卷,done,../papers/2025/生物/黑龙江/内蒙古卷/2025_生物_黑龙江内蒙古卷_原卷.pdf,../papers/2025/生物/黑龙江/内蒙古卷/2025_生物_黑龙江内蒙古卷_OCR与考点.md,,pypdf,27
2025,生物,上海,新高考,2017,,missing,,missing,,,,,
2025,生物,江苏,新高考,2021,地方/区域卷,local,江苏卷,done,../papers/2025/生物/江苏/江苏卷/2025_生物_江苏卷_原卷.pdf,../papers/2025/生物/江苏/江苏卷/2025_生物_江苏卷_OCR与考点.md,,pypdf,14
2025,生物,浙江,新高考,2017,地方/区域卷,local,浙江卷,missing,,,,,
2025,生物,安徽,新高考,2024,地方/区域卷,local,安徽卷,done,../papers/2025/生物/安徽/安徽卷/2025_生物_安徽卷_原卷.pdf,../papers/2025/生物/安徽/安徽卷/2025_生物_安徽卷_OCR与考点.md,,rapidocr,8
2025,生物,福建,新高考,2021,地方/区域卷,local,福建卷,missing,,,,,
2025,生物,江西,新高考,2024,,missing,,missing,,,,,
2025,生物,山东,新高考,2020,地方/区域卷,local,山东卷,done,../papers/2025/生物/山东/山东卷/2025_生物_山东卷_原卷.pdf,../papers/2025/生物/山东/山东卷/2025_生物_山东卷_OCR与考点.md,,rapidocr,7
2025,生物,河南,新高考,2025,地方/区域卷,local,河南卷,done,../papers/2025/生物/河南/河南卷/2025_生物_河南卷_原卷.pdf,../papers/2025/生物/河南/河南卷/2025_生物_河南卷_OCR与考点.md,,pypdf,23
2025,生物,湖北,新高考,2021,地方/区域卷,local,湖北卷,done,../papers/2025/生物/湖北/湖北卷/2025_生物_湖北卷_原卷.pdf,../papers/2025/生物/湖北/湖北卷/2025_生物_湖北卷_OCR与考点.md,,pypdf,12
2025,生物,湖南,新高考,2021,地方/区域卷,local,湖南卷,done,../papers/2025/生物/湖南/湖南卷/2025_生物_湖南卷_原卷.pdf,../papers/2025/生物/湖南/湖南卷/2025_生物_湖南卷_OCR与考点.md,,pypdf,22
2025,生物,广东,新高考,2021,地方/区域卷,local,广东卷,done,../papers/2025/生物/广东/广东卷/2025_生物_广东卷_原卷.pdf,../papers/2025/生物/广东/广东卷/2025_生物_广东卷_OCR与考点.md,,pypdf,23
2025,生物,广西,新高考,2024,,missing,,missing,,,,,
2025,生物,海南,新高考,2020,,missing,,missing,,,,,
2025,生物,重庆,新高考,2021,地方/区域卷,local,重庆卷,missing,,,,,
2025,生物,四川,新高考,2025,地方/区域卷,local,四川卷,done,../papers/2025/生物/四川/四川卷/2025_生物_四川卷_原卷.pdf,../papers/2025/生物/四川/四川卷/2025_生物_四川卷_OCR与考点.md,,pypdf,
2025,生物,贵州,新高考,2024,,missing,,missing,,,,,
2025,生物,云南,新高考,2025,地方/区域卷,local,云南卷,done,../papers/2025/生物/云南/云南卷/2025_生物_云南卷_原卷.pdf,../papers/2025/生物/云南/云南卷/2025_生物_云南卷_OCR与考点.md,,pypdf,19
2025,生物,西藏,老高考,,,missing,,missing,,,,,
2025,生物,陕西,新高考,2025,地方/区域卷,local,山西卷,done,../papers/2025/生物/陕西/山西卷/2025_生物_陕西山西卷_原卷.pdf,../papers/2025/生物/陕西/山西卷/2025_生物_陕西山西卷_OCR与考点.md,,pypdf,21
2025,生物,甘肃,新高考,2024,,missing,,missing,,,,,
2025,生物,青海,新高考,2025,地方/区域卷,local,山西卷,done,../papers/2025/生物/青海/山西卷/2025_生物_青海山西卷_原卷.pdf,../papers/2025/生物/青海/山西卷/2025_生物_青海山西卷_OCR与考点.md,,pypdf,21
2025,生物,宁夏,新高考,2025,地方/区域卷,local,山西卷,done,../papers/2025/生物/宁夏/山西卷/2025_生物_宁夏山西卷_原卷.pdf,../papers/2025/生物/宁夏/山西卷/2025_生物_宁夏山西卷_OCR与考点.md,,pypdf,21
2025,生物,新疆,老高考,,,missing,,missing,,,,,
2025,政治,北京,新高考,2020,地方/区域卷,local,北京卷,done,../papers/2025/政治/北京/北京卷/2025_政治_北京卷_原卷.pdf,../papers/2025/政治/北京/北京卷/2025_政治_北京卷_OCR与考点.md,,pypdf,26
2025,政治,天津,新高考,2020,地方/区域卷,local,天津卷,missing,,,,,
2025,政治,河北,新高考,2021,地方/区域卷,local,河北卷,done,../papers/2025/政治/河北/河北卷/2025_政治_河北卷_原卷.pdf,../papers/2025/政治/河北/河北卷/2025_政治_河北卷_OCR与考点.md,,pypdf,20
2025,政治,山西,新高考,2025,,missing,,missing,,,,,
2025,政治,内蒙古,新高考,2025,地方/区域卷,local,内蒙古卷,done,../papers/2025/政治/内蒙古/内蒙古卷/2025_政治_内蒙古卷_原卷.pdf,../papers/2025/政治/内蒙古/内蒙古卷/2025_政治_内蒙古卷_OCR与考点.md,,pypdf,11
2025,政治,辽宁,新高考,2021,地方/区域卷,local,内蒙古卷,done,../papers/2025/政治/辽宁/内蒙古卷/2025_政治_辽宁内蒙古卷_原卷.pdf,../papers/2025/政治/辽宁/内蒙古卷/2025_政治_辽宁内蒙古卷_OCR与考点.md,,pypdf,11
2025,政治,吉林,新高考,2024,地方/区域卷,local,内蒙古卷,done,../papers/2025/政治/吉林/内蒙古卷/2025_政治_吉林内蒙古卷_原卷.pdf,../papers/2025/政治/吉林/内蒙古卷/2025_政治_吉林内蒙古卷_OCR与考点.md,,pypdf,11
2025,政治,黑龙江,新高考,2024,地方/区域卷,local,内蒙古卷,done,../papers/2025/政治/黑龙江/内蒙古卷/2025_政治_黑龙江内蒙古卷_原卷.pdf,../papers/2025/政治/黑龙江/内蒙古卷/2025_政治_黑龙江内蒙古卷_OCR与考点.md,,pypdf,11
2025,政治,上海,新高考,2017,,missing,,missing,,,,,
2025,政治,江苏,新高考,2021,地方/区域卷,local,江苏卷,done,../papers/2025/政治/江苏/江苏卷/2025_政治_江苏卷_原卷.pdf,../papers/2025/政治/江苏/江苏卷/2025_政治_江苏卷_OCR与考点.md,,pypdf,11
2025,政治,浙江,新高考,2017,,missing,,missing,,,,,
2025,政治,安徽,新高考,2024,地方/区域卷,local,安徽卷,done,../papers/2025/政治/安徽/安徽卷/2025_政治_安徽卷_原卷.pdf,../papers/2025/政治/安徽/安徽卷/2025_政治_安徽卷_OCR与考点.md,,pypdf,20
2025,政治,福建,新高考,2021,地方/区域卷,local,福建卷,missing,,,,,
2025,政治,江西,新高考,2024,地方/区域卷,local,江西卷,missing,,,,,
2025,政治,山东,新高考,2020,地方/区域卷,local,山东卷,done,../papers/2025/政治/山东/山东卷/2025_政治_山东卷_原卷.pdf,../papers/2025/政治/山东/山东卷/2025_政治_山东卷_OCR与考点.md,,rapidocr,10
2025,政治,河南,新高考,2025,地方/区域卷,local,河南卷,done,../papers/2025/政治/河南/河南卷/2025_政治_河南卷_原卷.pdf,../papers/2025/政治/河南/河南卷/2025_政治_河南卷_OCR与考点.md,,pypdf,19
2025,政治,湖北,新高考,2021,地方/区域卷,local,湖北卷,done,../papers/2025/政治/湖北/湖北卷/2025_政治_湖北卷_原卷.pdf,../papers/2025/政治/湖北/湖北卷/2025_政治_湖北卷_OCR与考点.md,,pypdf,19
2025,政治,湖南,新高考,2021,地方/区域卷,local,湖南卷,done,../papers/2025/政治/湖南/湖南卷/2025_政治_湖南卷_原卷.pdf,../papers/2025/政治/湖南/湖南卷/2025_政治_湖南卷_OCR与考点.md,,pypdf,20
2025,政治,广东,新高考,2021,地方/区域卷,local,广东卷,done,../papers/2025/政治/广东/广东卷/2025_政治_广东卷_原卷.pdf,../papers/2025/政治/广东/广东卷/2025_政治_广东卷_OCR与考点.md,,pypdf,21
2025,政治,广西,新高考,2024,地方/区域卷,local,广西卷,missing,,,,,
2025,政治,海南,新高考,2020,,missing,,missing,,,,,
2025,政治,重庆,新高考,2021,地方/区域卷,local,重庆卷,missing,,,,,
2025,政治,四川,新高考,2025,地方/区域卷,local,四川卷,missing,,,,,
2025,政治,贵州,新高考,2024,地方/区域卷,local,贵州卷,missing,,,,,
2025,政治,云南,新高考,2025,地方/区域卷,local,云南卷,done,../papers/2025/政治/云南/云南卷/2025_政治_云南卷_原卷.pdf,../papers/2025/政治/云南/云南卷/2025_政治_云南卷_OCR与考点.md,,pypdf,20
2025,政治,西藏,老高考,,,missing,,missing,,,,,
2025,政治,陕西,新高考,2025,,missing,,missing,,,,,
2025,政治,甘肃,新高考,2024,,missing,,missing,,,,,
2025,政治,青海,新高考,2025,,missing,,missing,,,,,
2025,政治,宁夏,新高考,2025,,missing,,missing,,,,,
2025,政治,新疆,老高考,,,missing,,missing,,,,,
2025,历史,北京,新高考,2020,地方/区域卷,local,北京卷,done,../papers/2025/历史/北京/北京卷/2025_历史_北京卷_原卷.pdf,../papers/2025/历史/北京/北京卷/2025_历史_北京卷_OCR与考点.md,,pypdf,18
2025,历史,天津,新高考,2020,,missing,,missing,,,,,
2025,历史,河北,新高考,2021,地方/区域卷,local,河北卷,missing,,,,,
2025,历史,山西,新高考,2025,地方/区域卷,local,山西卷,done,../papers/2025/历史/山西/山西卷/2025_历史_山西卷_原卷.pdf,../papers/2025/历史/山西/山西卷/2025_历史_山西卷_OCR与考点.md,,pypdf,14
2025,历史,内蒙古,新高考,2025,地方/区域卷,local,内蒙古卷,done,../papers/2025/历史/内蒙古/内蒙古卷/2025_历史_内蒙古卷_原卷.pdf,../papers/2025/历史/内蒙古/内蒙古卷/2025_历史_内蒙古卷_OCR与考点.md,,pypdf,15
2025,历史,辽宁,新高考,2021,地方/区域卷,local,内蒙古卷,done,../papers/2025/历史/辽宁/内蒙古卷/2025_历史_辽宁内蒙古卷_原卷.pdf,../papers/2025/历史/辽宁/内蒙古卷/2025_历史_辽宁内蒙古卷_OCR与考点.md,,pypdf,15
2025,历史,吉林,新高考,2024,地方/区域卷,local,内蒙古卷,done,../papers/2025/历史/吉林/内蒙古卷/2025_历史_吉林内蒙古卷_原卷.pdf,../papers/2025/历史/吉林/内蒙古卷/2025_历史_吉林内蒙古卷_OCR与考点.md,,pypdf,15
2025,历史,黑龙江,新高考,2024,地方/区域卷,local,内蒙古卷,done,../papers/2025/历史/黑龙江/内蒙古卷/2025_历史_黑龙江内蒙古卷_原卷.pdf,../papers/2025/历史/黑龙江/内蒙古卷/2025_历史_黑龙江内蒙古卷_OCR与考点.md,,pypdf,9
2025,历史,上海,新高考,2017,,missing,,missing,,,,,
2025,历史,江苏,新高考,2021,地方/区域卷,local,江苏卷,done,../papers/2025/历史/江苏/江苏卷/2025_历史_江苏卷_原卷.pdf,../papers/2025/历史/江苏/江苏卷/2025_历史_江苏卷_OCR与考点.md,,pypdf,9
2025,历史,浙江,新高考,2017,,missing,,missing,,,,,
2025,历史,安徽,新高考,2024,地方/区域卷,local,安徽卷,done,../papers/2025/历史/安徽/安徽卷/2025_历史_安徽卷_原卷.pdf,../papers/2025/历史/安徽/安徽卷/2025_历史_安徽卷_OCR与考点.md,,pypdf,15
2025,历史,福建,新高考,2021,,missing,,missing,,,,,
2025,历史,江西,新高考,2024,,missing,,missing,,,,,
2025,历史,山东,新高考,2020,地方/区域卷,local,山东卷,done,../papers/2025/历史/山东/山东卷/2025_历史_山东卷_原卷.pdf,../papers/2025/历史/山东/山东卷/2025_历史_山东卷_OCR与考点.md,,rapidocr,8
2025,历史,河南,新高考,2025,地方/区域卷,local,河南卷,done,../papers/2025/历史/河南/河南卷/2025_历史_河南卷_原卷.pdf,../papers/2025/历史/河南/河南卷/2025_历史_河南卷_OCR与考点.md,,pypdf,16
2025,历史,湖北,新高考,2021,地方/区域卷,local,湖北卷,done,../papers/2025/历史/湖北/湖北卷/2025_历史_湖北卷_原卷.pdf,../papers/2025/历史/湖北/湖北卷/2025_历史_湖北卷_OCR与考点.md,,pypdf,17
2025,历史,湖南,新高考,2021,地方/区域卷,local,湖南卷,done,../papers/2025/历史/湖南/湖南卷/2025_历史_湖南卷_原卷.pdf,../papers/2025/历史/湖南/湖南卷/2025_历史_湖南卷_OCR与考点.md,,pypdf,15
2025,历史,广东,新高考,2021,地方/区域卷,local,广东卷,done,../papers/2025/历史/广东/广东卷/2025_历史_广东卷_原卷.pdf,../papers/2025/历史/广东/广东卷/2025_历史_广东卷_OCR与考点.md,,pypdf,16
2025,历史,广西,新高考,2024,,missing,,missing,,,,,
2025,历史,海南,新高考,2020,,missing,,missing,,,,,
2025,历史,重庆,新高考,2021,地方/区域卷,local,重庆卷,done,../papers/2025/历史/重庆/重庆卷/2025_历史_重庆卷_原卷.pdf,../papers/2025/历史/重庆/重庆卷/2025_历史_重庆卷_OCR与考点.md,,pypdf,14
2025,历史,四川,新高考,2025,地方/区域卷,local,四川卷,done,../papers/2025/历史/四川/四川卷/2025_历史_四川卷_原卷.pdf,../papers/2025/历史/四川/四川卷/2025_历史_四川卷_OCR与考点.md,,pypdf,14
2025,历史,贵州,新高考,2024,,missing,,missing,,,,,
2025,历史,云南,新高考,2025,地方/区域卷,local,云南卷,done,../papers/2025/历史/云南/云南卷/2025_历史_云南卷_原卷.pdf,../papers/2025/历史/云南/云南卷/2025_历史_云南卷_OCR与考点.md,,pypdf,15
2025,历史,西藏,老高考,,,missing,,missing,,,,,
2025,历史,陕西,新高考,2025,地方/区域卷,local,山西卷,done,../papers/2025/历史/陕西/山西卷/2025_历史_陕西山西卷_原卷.pdf,../papers/2025/历史/陕西/山西卷/2025_历史_陕西山西卷_OCR与考点.md,,pypdf,14
2025,历史,甘肃,新高考,2024,地方/区域卷,local,甘肃卷,done,../papers/2025/历史/甘肃/甘肃卷/2025_历史_甘肃卷_原卷.pdf,../papers/2025/历史/甘肃/甘肃卷/2025_历史_甘肃卷_OCR与考点.md,,pypdf,14
2025,历史,青海,新高考,2025,地方/区域卷,local,山西卷,done,../papers/2025/历史/青海/山西卷/2025_历史_青海山西卷_原卷.pdf,../papers/2025/历史/青海/山西卷/2025_历史_青海山西卷_OCR与考点.md,,pypdf,14
2025,历史,宁夏,新高考,2025,地方/区域卷,local,山西卷,done,../papers/2025/历史/宁夏/山西卷/2025_历史_宁夏山西卷_原卷.pdf,../papers/2025/历史/宁夏/山西卷/2025_历史_宁夏山西卷_OCR与考点.md,,pypdf,14
2025,历史,新疆,老高考,,,missing,,missing,,,,,
2025,地理,北京,新高考,2020,地方/区域卷,local,北京卷,done,../papers/2025/地理/北京/北京卷/2025_地理_北京卷_原卷.pdf,../papers/2025/地理/北京/北京卷/2025_地理_北京卷_OCR与考点.md,,pypdf,17
2025,地理,天津,新高考,2020,,missing,,missing,,,,,
2025,地理,河北,新高考,2021,地方/区域卷,local,河北卷,done,../papers/2025/地理/河北/河北卷/2025_地理_河北卷_原卷.pdf,../papers/2025/地理/河北/河北卷/2025_地理_河北卷_OCR与考点.md,,pypdf,17
2025,地理,山西,新高考,2025,地方/区域卷,local,山西卷,done,../papers/2025/地理/山西/山西卷/2025_地理_山西卷_原卷.pdf,../papers/2025/地理/山西/山西卷/2025_地理_山西卷_OCR与考点.md,,pypdf,16
2025,地理,内蒙古,新高考,2025,地方/区域卷,local,内蒙古卷,done,../papers/2025/地理/内蒙古/内蒙古卷/2025_地理_内蒙古卷_原卷.pdf,../papers/2025/地理/内蒙古/内蒙古卷/2025_地理_内蒙古卷_OCR与考点.md,,pypdf,16
2025,地理,辽宁,新高考,2021,地方/区域卷,local,内蒙古卷,done,../papers/2025/地理/辽宁/内蒙古卷/2025_地理_辽宁内蒙古卷_原卷.pdf,../papers/2025/地理/辽宁/内蒙古卷/2025_地理_辽宁内蒙古卷_OCR与考点.md,,pypdf,16
2025,地理,吉林,新高考,2024,地方/区域卷,local,内蒙古卷,done,../papers/2025/地理/吉林/内蒙古卷/2025_地理_吉林内蒙古卷_原卷.pdf,../papers/2025/地理/吉林/内蒙古卷/2025_地理_吉林内蒙古卷_OCR与考点.md,,pypdf,16
2025,地理,黑龙江,新高考,2024,地方/区域卷,local,内蒙古卷,done,../papers/2025/地理/黑龙江/内蒙古卷/2025_地理_黑龙江内蒙古卷_原卷.pdf,../papers/2025/地理/黑龙江/内蒙古卷/2025_地理_黑龙江内蒙古卷_OCR与考点.md,,pypdf,10
2025,地理,上海,新高考,2017,地方/区域卷,local,上海卷,done,../papers/2025/地理/上海/上海卷/2025_地理_上海卷_原卷.pdf,../papers/2025/地理/上海/上海卷/2025_地理_上海卷_OCR与考点.md,,pypdf,17
2025,地理,江苏,新高考,2021,地方/区域卷,local,江苏卷,done,../papers/2025/地理/江苏/江苏卷/2025_地理_江苏卷_原卷.pdf,../papers/2025/地理/江苏/江苏卷/2025_地理_江苏卷_OCR与考点.md,,pypdf,10
2025,地理,浙江,新高考,2017,地方/区域卷,local,浙江卷,done,../papers/2025/地理/浙江/浙江卷/2025_地理_浙江卷_原卷.pdf,../papers/2025/地理/浙江/浙江卷/2025_地理_浙江卷_OCR与考点.md,,pypdf,19
2025,地理,安徽,新高考,2024,地方/区域卷,local,安徽卷,done,../papers/2025/地理/安徽/安徽卷/2025_地理_安徽卷_原卷.pdf,../papers/2025/地理/安徽/安徽卷/2025_地理_安徽卷_OCR与考点.md,,pypdf,16
2025,地理,福建,新高考,2021,,missing,,missing,,,,,
2025,地理,江西,新高考,2024,地方/区域卷,local,江西卷,missing,,,,,
2025,地理,山东,新高考,2020,地方/区域卷,local,山东卷,done,../papers/2025/地理/山东/山东卷/2025_地理_山东卷_原卷.pdf,../papers/2025/地理/山东/山东卷/2025_地理_山东卷_OCR与考点.md,,rapidocr,9
2025,地理,河南,新高考,2025,地方/区域卷,local,河南卷,done,../papers/2025/地理/河南/河南卷/2025_地理_河南卷_原卷.pdf,../papers/2025/地理/河南/河南卷/2025_地理_河南卷_OCR与考点.md,,pypdf,13
2025,地理,湖北,新高考,2021,地方/区域卷,local,湖北卷,done,../papers/2025/地理/湖北/湖北卷/2025_地理_湖北卷_原卷.pdf,../papers/2025/地理/湖北/湖北卷/2025_地理_湖北卷_OCR与考点.md,,pypdf,14
2025,地理,湖南,新高考,2021,地方/区域卷,local,湖南卷,done,../papers/2025/地理/湖南/湖南卷/2025_地理_湖南卷_原卷.pdf,../papers/2025/地理/湖南/湖南卷/2025_地理_湖南卷_OCR与考点.md,,pypdf,16
2025,地理,广东,新高考,2021,地方/区域卷,local,广东卷,done,../papers/2025/地理/广东/广东卷/2025_地理_广东卷_原卷.pdf,../papers/2025/地理/广东/广东卷/2025_地理_广东卷_OCR与考点.md,,pypdf,5
2025,地理,广西,新高考,2024,,missing,,missing,,,,,
2025,地理,海南,新高考,2020,,missing,,missing,,,,,
2025,地理,重庆,新高考,2021,地方/区域卷,local,重庆卷,missing,,,,,
2025,地理,四川,新高考,2025,地方/区域卷,local,四川卷,missing,,,,,
2025,地理,贵州,新高考,2024,地方/区域卷,local,贵州卷,missing,,,,,
2025,地理,云南,新高考,2025,地方/区域卷,local,云南卷,done,../papers/2025/地理/云南/云南卷/2025_地理_云南卷_原卷.pdf,../papers/2025/地理/云南/云南卷/2025_地理_云南卷_OCR与考点.md,,pypdf,14
2025,地理,西藏,老高考,,,missing,,missing,,,,,
2025,地理,陕西,新高考,2025,地方/区域卷,local,山西卷,done,../papers/2025/地理/陕西/山西卷/2025_地理_陕西山西卷_原卷.pdf,../papers/2025/地理/陕西/山西卷/2025_地理_陕西山西卷_OCR与考点.md,,pypdf,16
2025,地理,甘肃,新高考,2024,,missing,,missing,,,,,
2025,地理,青海,新高考,2025,地方/区域卷,local,山西卷,done,../papers/2025/地理/青海/山西卷/2025_地理_青海山西卷_原卷.pdf,../papers/2025/地理/青海/山西卷/2025_地理_青海山西卷_OCR与考点.md,,pypdf,16
2025,地理,宁夏,新高考,2025,地方/区域卷,local,山西卷,done,../papers/2025/地理/宁夏/山西卷/2025_地理_宁夏山西卷_原卷.pdf,../papers/2025/地理/宁夏/山西卷/2025_地理_宁夏山西卷_OCR与考点.md,,pypdf,16
2025,地理,新疆,老高考,,,missing,,missing,,,,,
2026,语文,北京,新高考,2020,,missing,,missing,,,,,
2026,语文,天津,新高考,2020,,missing,,missing,,,,,
2026,语文,河北,新高考,2021,全国卷,common,新高考全国Ⅰ卷,done,../papers/2026/语文/全国/新高考全国Ⅰ卷/2026_语文_新高考全国Ⅰ卷_原卷.pdf,../papers/2026/语文/全国/新高考全国Ⅰ卷/2026_语文_新高考全国Ⅰ卷_OCR与考点.md,,rapidocr,4
2026,语文,山西,新高考,2025,全国卷,common,新高考全国Ⅱ卷,done,../papers/2026/语文/全国/新高考全国Ⅱ卷/2026_语文_新高考全国Ⅱ卷_原卷.pdf,../papers/2026/语文/全国/新高考全国Ⅱ卷/2026_语文_新高考全国Ⅱ卷_OCR与考点.md,,pypdf,7
2026,语文,内蒙古,新高考,2025,全国卷,common,新高考全国Ⅱ卷,done,../papers/2026/语文/全国/新高考全国Ⅱ卷/2026_语文_新高考全国Ⅱ卷_原卷.pdf,../papers/2026/语文/全国/新高考全国Ⅱ卷/2026_语文_新高考全国Ⅱ卷_OCR与考点.md,,pypdf,7
2026,语文,辽宁,新高考,2021,全国卷,common,新高考全国Ⅱ卷,done,../papers/2026/语文/全国/新高考全国Ⅱ卷/2026_语文_新高考全国Ⅱ卷_原卷.pdf,../papers/2026/语文/全国/新高考全国Ⅱ卷/2026_语文_新高考全国Ⅱ卷_OCR与考点.md,,pypdf,7
2026,语文,吉林,新高考,2024,全国卷,common,新高考全国Ⅱ卷,done,../papers/2026/语文/全国/新高考全国Ⅱ卷/2026_语文_新高考全国Ⅱ卷_原卷.pdf,../papers/2026/语文/全国/新高考全国Ⅱ卷/2026_语文_新高考全国Ⅱ卷_OCR与考点.md,,pypdf,7
2026,语文,黑龙江,新高考,2024,全国卷,common,新高考全国Ⅱ卷,done,../papers/2026/语文/全国/新高考全国Ⅱ卷/2026_语文_新高考全国Ⅱ卷_原卷.pdf,../papers/2026/语文/全国/新高考全国Ⅱ卷/2026_语文_新高考全国Ⅱ卷_OCR与考点.md,,pypdf,7
2026,语文,上海,新高考,2017,,missing,,missing,,,,,
2026,语文,江苏,新高考,2021,全国卷,common,新高考全国Ⅰ卷,done,../papers/2026/语文/全国/新高考全国Ⅰ卷/2026_语文_新高考全国Ⅰ卷_原卷.pdf,../papers/2026/语文/全国/新高考全国Ⅰ卷/2026_语文_新高考全国Ⅰ卷_OCR与考点.md,,rapidocr,4
2026,语文,浙江,新高考,2017,全国卷,common,新高考全国Ⅰ卷,done,../papers/2026/语文/全国/新高考全国Ⅰ卷/2026_语文_新高考全国Ⅰ卷_原卷.pdf,../papers/2026/语文/全国/新高考全国Ⅰ卷/2026_语文_新高考全国Ⅰ卷_OCR与考点.md,,rapidocr,4
2026,语文,安徽,新高考,2024,全国卷,common,新高考全国Ⅰ卷,done,../papers/2026/语文/全国/新高考全国Ⅰ卷/2026_语文_新高考全国Ⅰ卷_原卷.pdf,../papers/2026/语文/全国/新高考全国Ⅰ卷/2026_语文_新高考全国Ⅰ卷_OCR与考点.md,,rapidocr,4
2026,语文,福建,新高考,2021,全国卷,common,新高考全国Ⅰ卷,done,../papers/2026/语文/全国/新高考全国Ⅰ卷/2026_语文_新高考全国Ⅰ卷_原卷.pdf,../papers/2026/语文/全国/新高考全国Ⅰ卷/2026_语文_新高考全国Ⅰ卷_OCR与考点.md,,rapidocr,4
2026,语文,江西,新高考,2024,全国卷,common,新高考全国Ⅰ卷,done,../papers/2026/语文/全国/新高考全国Ⅰ卷/2026_语文_新高考全国Ⅰ卷_原卷.pdf,../papers/2026/语文/全国/新高考全国Ⅰ卷/2026_语文_新高考全国Ⅰ卷_OCR与考点.md,,rapidocr,4
2026,语文,山东,新高考,2020,全国卷,common,新高考全国Ⅰ卷,done,../papers/2026/语文/全国/新高考全国Ⅰ卷/2026_语文_新高考全国Ⅰ卷_原卷.pdf,../papers/2026/语文/全国/新高考全国Ⅰ卷/2026_语文_新高考全国Ⅰ卷_OCR与考点.md,,rapidocr,4
2026,语文,河南,新高考,2025,全国卷,common,新高考全国Ⅰ卷,done,../papers/2026/语文/全国/新高考全国Ⅰ卷/2026_语文_新高考全国Ⅰ卷_原卷.pdf,../papers/2026/语文/全国/新高考全国Ⅰ卷/2026_语文_新高考全国Ⅰ卷_OCR与考点.md,,rapidocr,4
2026,语文,湖北,新高考,2021,全国卷,common,新高考全国Ⅰ卷,done,../papers/2026/语文/全国/新高考全国Ⅰ卷/2026_语文_新高考全国Ⅰ卷_原卷.pdf,../papers/2026/语文/全国/新高考全国Ⅰ卷/2026_语文_新高考全国Ⅰ卷_OCR与考点.md,,rapidocr,4
2026,语文,湖南,新高考,2021,全国卷,common,新高考全国Ⅰ卷,done,../papers/2026/语文/全国/新高考全国Ⅰ卷/2026_语文_新高考全国Ⅰ卷_原卷.pdf,../papers/2026/语文/全国/新高考全国Ⅰ卷/2026_语文_新高考全国Ⅰ卷_OCR与考点.md,,rapidocr,4
2026,语文,广东,新高考,2021,全国卷,common,新高考全国Ⅰ卷,done,../papers/2026/语文/全国/新高考全国Ⅰ卷/2026_语文_新高考全国Ⅰ卷_原卷.pdf,../papers/2026/语文/全国/新高考全国Ⅰ卷/2026_语文_新高考全国Ⅰ卷_OCR与考点.md,,rapidocr,4
2026,语文,广西,新高考,2024,全国卷,common,新高考全国Ⅱ卷,done,../papers/2026/语文/全国/新高考全国Ⅱ卷/2026_语文_新高考全国Ⅱ卷_原卷.pdf,../papers/2026/语文/全国/新高考全国Ⅱ卷/2026_语文_新高考全国Ⅱ卷_OCR与考点.md,,pypdf,7
2026,语文,海南,新高考,2020,全国卷,common,新高考全国Ⅱ卷,done,../papers/2026/语文/全国/新高考全国Ⅱ卷/2026_语文_新高考全国Ⅱ卷_原卷.pdf,../papers/2026/语文/全国/新高考全国Ⅱ卷/2026_语文_新高考全国Ⅱ卷_OCR与考点.md,,pypdf,7
2026,语文,重庆,新高考,2021,全国卷,common,新高考全国Ⅱ卷,done,../papers/2026/语文/全国/新高考全国Ⅱ卷/2026_语文_新高考全国Ⅱ卷_原卷.pdf,../papers/2026/语文/全国/新高考全国Ⅱ卷/2026_语文_新高考全国Ⅱ卷_OCR与考点.md,,pypdf,7
2026,语文,四川,新高考,2025,全国卷,common,新高考全国Ⅱ卷,done,../papers/2026/语文/全国/新高考全国Ⅱ卷/2026_语文_新高考全国Ⅱ卷_原卷.pdf,../papers/2026/语文/全国/新高考全国Ⅱ卷/2026_语文_新高考全国Ⅱ卷_OCR与考点.md,,pypdf,7
2026,语文,贵州,新高考,2024,全国卷,common,新高考全国Ⅱ卷,done,../papers/2026/语文/全国/新高考全国Ⅱ卷/2026_语文_新高考全国Ⅱ卷_原卷.pdf,../papers/2026/语文/全国/新高考全国Ⅱ卷/2026_语文_新高考全国Ⅱ卷_OCR与考点.md,,pypdf,7
2026,语文,云南,新高考,2025,全国卷,common,新高考全国Ⅱ卷,done,../papers/2026/语文/全国/新高考全国Ⅱ卷/2026_语文_新高考全国Ⅱ卷_原卷.pdf,../papers/2026/语文/全国/新高考全国Ⅱ卷/2026_语文_新高考全国Ⅱ卷_OCR与考点.md,,pypdf,7
2026,语文,西藏,新高考,,全国卷,common,新高考全国Ⅱ卷,done,../papers/2026/语文/全国/新高考全国Ⅱ卷/2026_语文_新高考全国Ⅱ卷_原卷.pdf,../papers/2026/语文/全国/新高考全国Ⅱ卷/2026_语文_新高考全国Ⅱ卷_OCR与考点.md,,pypdf,7
2026,语文,陕西,新高考,2025,全国卷,common,新高考全国Ⅱ卷,done,../papers/2026/语文/全国/新高考全国Ⅱ卷/2026_语文_新高考全国Ⅱ卷_原卷.pdf,../papers/2026/语文/全国/新高考全国Ⅱ卷/2026_语文_新高考全国Ⅱ卷_OCR与考点.md,,pypdf,7
2026,语文,甘肃,新高考,2024,全国卷,common,新高考全国Ⅱ卷,done,../papers/2026/语文/全国/新高考全国Ⅱ卷/2026_语文_新高考全国Ⅱ卷_原卷.pdf,../papers/2026/语文/全国/新高考全国Ⅱ卷/2026_语文_新高考全国Ⅱ卷_OCR与考点.md,,pypdf,7
2026,语文,青海,新高考,2025,全国卷,common,新高考全国Ⅱ卷,done,../papers/2026/语文/全国/新高考全国Ⅱ卷/2026_语文_新高考全国Ⅱ卷_原卷.pdf,../papers/2026/语文/全国/新高考全国Ⅱ卷/2026_语文_新高考全国Ⅱ卷_OCR与考点.md,,pypdf,7
2026,语文,宁夏,新高考,2025,全国卷,common,新高考全国Ⅱ卷,done,../papers/2026/语文/全国/新高考全国Ⅱ卷/2026_语文_新高考全国Ⅱ卷_原卷.pdf,../papers/2026/语文/全国/新高考全国Ⅱ卷/2026_语文_新高考全国Ⅱ卷_OCR与考点.md,,pypdf,7
2026,语文,新疆,新高考,,全国卷,common,新高考全国Ⅱ卷,done,../papers/2026/语文/全国/新高考全国Ⅱ卷/2026_语文_新高考全国Ⅱ卷_原卷.pdf,../papers/2026/语文/全国/新高考全国Ⅱ卷/2026_语文_新高考全国Ⅱ卷_OCR与考点.md,,pypdf,7
2026,数学,北京,新高考,2020,,missing,,missing,,,,,
2026,数学,天津,新高考,2020,地方/区域卷,local,天津卷,done,../papers/2026/数学/天津/天津卷/2026_数学_天津卷_原卷.pdf,../papers/2026/数学/天津/天津卷/2026_数学_天津卷_OCR与考点.md,,rapidocr,8
2026,数学,河北,新高考,2021,全国卷,common,新高考全国Ⅰ卷,done,../papers/2026/数学/全国/新高考全国Ⅰ卷/2026_数学_新高考全国Ⅰ卷_原卷.pdf,../papers/2026/数学/全国/新高考全国Ⅰ卷/2026_数学_新高考全国Ⅰ卷_OCR与考点.md,,pypdf,4
2026,数学,山西,新高考,2025,全国卷,common,新高考全国Ⅱ卷,done,../papers/2026/数学/全国/新高考全国Ⅱ卷/2026_数学_新高考全国Ⅱ卷_原卷.pdf,../papers/2026/数学/全国/新高考全国Ⅱ卷/2026_数学_新高考全国Ⅱ卷_OCR与考点.md,,pypdf,4
2026,数学,内蒙古,新高考,2025,全国卷,common,新高考全国Ⅱ卷,done,../papers/2026/数学/全国/新高考全国Ⅱ卷/2026_数学_新高考全国Ⅱ卷_原卷.pdf,../papers/2026/数学/全国/新高考全国Ⅱ卷/2026_数学_新高考全国Ⅱ卷_OCR与考点.md,,pypdf,4
2026,数学,辽宁,新高考,2021,全国卷,common,新高考全国Ⅱ卷,done,../papers/2026/数学/全国/新高考全国Ⅱ卷/2026_数学_新高考全国Ⅱ卷_原卷.pdf,../papers/2026/数学/全国/新高考全国Ⅱ卷/2026_数学_新高考全国Ⅱ卷_OCR与考点.md,,pypdf,4
2026,数学,吉林,新高考,2024,全国卷,common,新高考全国Ⅱ卷,done,../papers/2026/数学/全国/新高考全国Ⅱ卷/2026_数学_新高考全国Ⅱ卷_原卷.pdf,../papers/2026/数学/全国/新高考全国Ⅱ卷/2026_数学_新高考全国Ⅱ卷_OCR与考点.md,,pypdf,4
2026,数学,黑龙江,新高考,2024,全国卷,common,新高考全国Ⅱ卷,done,../papers/2026/数学/全国/新高考全国Ⅱ卷/2026_数学_新高考全国Ⅱ卷_原卷.pdf,../papers/2026/数学/全国/新高考全国Ⅱ卷/2026_数学_新高考全国Ⅱ卷_OCR与考点.md,,pypdf,4
2026,数学,上海,新高考,2017,,missing,,missing,,,,,
2026,数学,江苏,新高考,2021,全国卷,common,新高考全国Ⅰ卷,done,../papers/2026/数学/全国/新高考全国Ⅰ卷/2026_数学_新高考全国Ⅰ卷_原卷.pdf,../papers/2026/数学/全国/新高考全国Ⅰ卷/2026_数学_新高考全国Ⅰ卷_OCR与考点.md,,pypdf,4
2026,数学,浙江,新高考,2017,全国卷,common,新高考全国Ⅰ卷,done,../papers/2026/数学/全国/新高考全国Ⅰ卷/2026_数学_新高考全国Ⅰ卷_原卷.pdf,../papers/2026/数学/全国/新高考全国Ⅰ卷/2026_数学_新高考全国Ⅰ卷_OCR与考点.md,,pypdf,4
2026,数学,安徽,新高考,2024,全国卷,common,新高考全国Ⅰ卷,done,../papers/2026/数学/全国/新高考全国Ⅰ卷/2026_数学_新高考全国Ⅰ卷_原卷.pdf,../papers/2026/数学/全国/新高考全国Ⅰ卷/2026_数学_新高考全国Ⅰ卷_OCR与考点.md,,pypdf,4
2026,数学,福建,新高考,2021,全国卷,common,新高考全国Ⅰ卷,done,../papers/2026/数学/全国/新高考全国Ⅰ卷/2026_数学_新高考全国Ⅰ卷_原卷.pdf,../papers/2026/数学/全国/新高考全国Ⅰ卷/2026_数学_新高考全国Ⅰ卷_OCR与考点.md,,pypdf,4
2026,数学,江西,新高考,2024,全国卷,common,新高考全国Ⅰ卷,done,../papers/2026/数学/全国/新高考全国Ⅰ卷/2026_数学_新高考全国Ⅰ卷_原卷.pdf,../papers/2026/数学/全国/新高考全国Ⅰ卷/2026_数学_新高考全国Ⅰ卷_OCR与考点.md,,pypdf,4
2026,数学,山东,新高考,2020,全国卷,common,新高考全国Ⅰ卷,done,../papers/2026/数学/全国/新高考全国Ⅰ卷/2026_数学_新高考全国Ⅰ卷_原卷.pdf,../papers/2026/数学/全国/新高考全国Ⅰ卷/2026_数学_新高考全国Ⅰ卷_OCR与考点.md,,pypdf,4
2026,数学,河南,新高考,2025,全国卷,common,新高考全国Ⅰ卷,done,../papers/2026/数学/全国/新高考全国Ⅰ卷/2026_数学_新高考全国Ⅰ卷_原卷.pdf,../papers/2026/数学/全国/新高考全国Ⅰ卷/2026_数学_新高考全国Ⅰ卷_OCR与考点.md,,pypdf,4
2026,数学,湖北,新高考,2021,全国卷,common,新高考全国Ⅰ卷,done,../papers/2026/数学/全国/新高考全国Ⅰ卷/2026_数学_新高考全国Ⅰ卷_原卷.pdf,../papers/2026/数学/全国/新高考全国Ⅰ卷/2026_数学_新高考全国Ⅰ卷_OCR与考点.md,,pypdf,4
2026,数学,湖南,新高考,2021,全国卷,common,新高考全国Ⅰ卷,done,../papers/2026/数学/全国/新高考全国Ⅰ卷/2026_数学_新高考全国Ⅰ卷_原卷.pdf,../papers/2026/数学/全国/新高考全国Ⅰ卷/2026_数学_新高考全国Ⅰ卷_OCR与考点.md,,pypdf,4
2026,数学,广东,新高考,2021,全国卷,common,新高考全国Ⅰ卷,done,../papers/2026/数学/全国/新高考全国Ⅰ卷/2026_数学_新高考全国Ⅰ卷_原卷.pdf,../papers/2026/数学/全国/新高考全国Ⅰ卷/2026_数学_新高考全国Ⅰ卷_OCR与考点.md,,pypdf,4
2026,数学,广西,新高考,2024,全国卷,common,新高考全国Ⅱ卷,done,../papers/2026/数学/全国/新高考全国Ⅱ卷/2026_数学_新高考全国Ⅱ卷_原卷.pdf,../papers/2026/数学/全国/新高考全国Ⅱ卷/2026_数学_新高考全国Ⅱ卷_OCR与考点.md,,pypdf,4
2026,数学,海南,新高考,2020,全国卷,common,新高考全国Ⅱ卷,done,../papers/2026/数学/全国/新高考全国Ⅱ卷/2026_数学_新高考全国Ⅱ卷_原卷.pdf,../papers/2026/数学/全国/新高考全国Ⅱ卷/2026_数学_新高考全国Ⅱ卷_OCR与考点.md,,pypdf,4
2026,数学,重庆,新高考,2021,全国卷,common,新高考全国Ⅱ卷,done,../papers/2026/数学/全国/新高考全国Ⅱ卷/2026_数学_新高考全国Ⅱ卷_原卷.pdf,../papers/2026/数学/全国/新高考全国Ⅱ卷/2026_数学_新高考全国Ⅱ卷_OCR与考点.md,,pypdf,4
2026,数学,四川,新高考,2025,全国卷,common,新高考全国Ⅱ卷,done,../papers/2026/数学/全国/新高考全国Ⅱ卷/2026_数学_新高考全国Ⅱ卷_原卷.pdf,../papers/2026/数学/全国/新高考全国Ⅱ卷/2026_数学_新高考全国Ⅱ卷_OCR与考点.md,,pypdf,4
2026,数学,贵州,新高考,2024,全国卷,common,新高考全国Ⅱ卷,done,../papers/2026/数学/全国/新高考全国Ⅱ卷/2026_数学_新高考全国Ⅱ卷_原卷.pdf,../papers/2026/数学/全国/新高考全国Ⅱ卷/2026_数学_新高考全国Ⅱ卷_OCR与考点.md,,pypdf,4
2026,数学,云南,新高考,2025,全国卷,common,新高考全国Ⅱ卷,done,../papers/2026/数学/全国/新高考全国Ⅱ卷/2026_数学_新高考全国Ⅱ卷_原卷.pdf,../papers/2026/数学/全国/新高考全国Ⅱ卷/2026_数学_新高考全国Ⅱ卷_OCR与考点.md,,pypdf,4
2026,数学,西藏,新高考,,全国卷,common,新高考全国Ⅱ卷,done,../papers/2026/数学/全国/新高考全国Ⅱ卷/2026_数学_新高考全国Ⅱ卷_原卷.pdf,../papers/2026/数学/全国/新高考全国Ⅱ卷/2026_数学_新高考全国Ⅱ卷_OCR与考点.md,,pypdf,4
2026,数学,陕西,新高考,2025,全国卷,common,新高考全国Ⅱ卷,done,../papers/2026/数学/全国/新高考全国Ⅱ卷/2026_数学_新高考全国Ⅱ卷_原卷.pdf,../papers/2026/数学/全国/新高考全国Ⅱ卷/2026_数学_新高考全国Ⅱ卷_OCR与考点.md,,pypdf,4
2026,数学,甘肃,新高考,2024,全国卷,common,新高考全国Ⅱ卷,done,../papers/2026/数学/全国/新高考全国Ⅱ卷/2026_数学_新高考全国Ⅱ卷_原卷.pdf,../papers/2026/数学/全国/新高考全国Ⅱ卷/2026_数学_新高考全国Ⅱ卷_OCR与考点.md,,pypdf,4
2026,数学,青海,新高考,2025,全国卷,common,新高考全国Ⅱ卷,done,../papers/2026/数学/全国/新高考全国Ⅱ卷/2026_数学_新高考全国Ⅱ卷_原卷.pdf,../papers/2026/数学/全国/新高考全国Ⅱ卷/2026_数学_新高考全国Ⅱ卷_OCR与考点.md,,pypdf,4
2026,数学,宁夏,新高考,2025,全国卷,common,新高考全国Ⅱ卷,done,../papers/2026/数学/全国/新高考全国Ⅱ卷/2026_数学_新高考全国Ⅱ卷_原卷.pdf,../papers/2026/数学/全国/新高考全国Ⅱ卷/2026_数学_新高考全国Ⅱ卷_OCR与考点.md,,pypdf,4
2026,数学,新疆,新高考,,全国卷,common,新高考全国Ⅱ卷,done,../papers/2026/数学/全国/新高考全国Ⅱ卷/2026_数学_新高考全国Ⅱ卷_原卷.pdf,../papers/2026/数学/全国/新高考全国Ⅱ卷/2026_数学_新高考全国Ⅱ卷_OCR与考点.md,,pypdf,4
2026,英语,北京,新高考,2020,,missing,,missing,,,,,
2026,英语,天津,新高考,2020,,missing,,missing,,,,,
2026,英语,河北,新高考,2021,全国卷,common,新高考全国Ⅰ卷,done,../papers/2026/英语/全国/新高考全国Ⅰ卷/2026_英语_新高考全国Ⅰ卷_原卷.pdf,../papers/2026/英语/全国/新高考全国Ⅰ卷/2026_英语_新高考全国Ⅰ卷_OCR与考点.md,../papers/2026/英语/全国/新高考全国Ⅰ卷/2026_英语_新高考全国Ⅰ卷_听力.mp3,pypdf,9
2026,英语,山西,新高考,2025,全国卷,common,新高考全国Ⅱ卷,done,../papers/2026/英语/全国/新高考全国Ⅱ卷/2026_英语_新高考全国Ⅱ卷_原卷.pdf,../papers/2026/英语/全国/新高考全国Ⅱ卷/2026_英语_新高考全国Ⅱ卷_OCR与考点.md,,pypdf,12
2026,英语,内蒙古,新高考,2025,全国卷,common,新高考全国Ⅱ卷,done,../papers/2026/英语/全国/新高考全国Ⅱ卷/2026_英语_新高考全国Ⅱ卷_原卷.pdf,../papers/2026/英语/全国/新高考全国Ⅱ卷/2026_英语_新高考全国Ⅱ卷_OCR与考点.md,,pypdf,12
2026,英语,辽宁,新高考,2021,全国卷,common,新高考全国Ⅱ卷,done,../papers/2026/英语/全国/新高考全国Ⅱ卷/2026_英语_新高考全国Ⅱ卷_原卷.pdf,../papers/2026/英语/全国/新高考全国Ⅱ卷/2026_英语_新高考全国Ⅱ卷_OCR与考点.md,,pypdf,12
2026,英语,吉林,新高考,2024,全国卷,common,新高考全国Ⅱ卷,done,../papers/2026/英语/全国/新高考全国Ⅱ卷/2026_英语_新高考全国Ⅱ卷_原卷.pdf,../papers/2026/英语/全国/新高考全国Ⅱ卷/2026_英语_新高考全国Ⅱ卷_OCR与考点.md,,pypdf,12
2026,英语,黑龙江,新高考,2024,全国卷,common,新高考全国Ⅱ卷,done,../papers/2026/英语/全国/新高考全国Ⅱ卷/2026_英语_新高考全国Ⅱ卷_原卷.pdf,../papers/2026/英语/全国/新高考全国Ⅱ卷/2026_英语_新高考全国Ⅱ卷_OCR与考点.md,,pypdf,12
2026,英语,上海,新高考,2017,,missing,,missing,,,,,
2026,英语,江苏,新高考,2021,全国卷,common,新高考全国Ⅰ卷,done,../papers/2026/英语/全国/新高考全国Ⅰ卷/2026_英语_新高考全国Ⅰ卷_原卷.pdf,../papers/2026/英语/全国/新高考全国Ⅰ卷/2026_英语_新高考全国Ⅰ卷_OCR与考点.md,../papers/2026/英语/全国/新高考全国Ⅰ卷/2026_英语_新高考全国Ⅰ卷_听力.mp3,pypdf,9
2026,英语,浙江,新高考,2017,全国卷,common,新高考全国Ⅰ卷,done,../papers/2026/英语/全国/新高考全国Ⅰ卷/2026_英语_新高考全国Ⅰ卷_原卷.pdf,../papers/2026/英语/全国/新高考全国Ⅰ卷/2026_英语_新高考全国Ⅰ卷_OCR与考点.md,../papers/2026/英语/全国/新高考全国Ⅰ卷/2026_英语_新高考全国Ⅰ卷_听力.mp3,pypdf,9
2026,英语,安徽,新高考,2024,全国卷,common,新高考全国Ⅰ卷,done,../papers/2026/英语/全国/新高考全国Ⅰ卷/2026_英语_新高考全国Ⅰ卷_原卷.pdf,../papers/2026/英语/全国/新高考全国Ⅰ卷/2026_英语_新高考全国Ⅰ卷_OCR与考点.md,../papers/2026/英语/全国/新高考全国Ⅰ卷/2026_英语_新高考全国Ⅰ卷_听力.mp3,pypdf,9
2026,英语,福建,新高考,2021,全国卷,common,新高考全国Ⅰ卷,done,../papers/2026/英语/全国/新高考全国Ⅰ卷/2026_英语_新高考全国Ⅰ卷_原卷.pdf,../papers/2026/英语/全国/新高考全国Ⅰ卷/2026_英语_新高考全国Ⅰ卷_OCR与考点.md,../papers/2026/英语/全国/新高考全国Ⅰ卷/2026_英语_新高考全国Ⅰ卷_听力.mp3,pypdf,9
2026,英语,江西,新高考,2024,全国卷,common,新高考全国Ⅰ卷,done,../papers/2026/英语/全国/新高考全国Ⅰ卷/2026_英语_新高考全国Ⅰ卷_原卷.pdf,../papers/2026/英语/全国/新高考全国Ⅰ卷/2026_英语_新高考全国Ⅰ卷_OCR与考点.md,../papers/2026/英语/全国/新高考全国Ⅰ卷/2026_英语_新高考全国Ⅰ卷_听力.mp3,pypdf,9
2026,英语,山东,新高考,2020,全国卷,common,新高考全国Ⅰ卷,done,../papers/2026/英语/全国/新高考全国Ⅰ卷/2026_英语_新高考全国Ⅰ卷_原卷.pdf,../papers/2026/英语/全国/新高考全国Ⅰ卷/2026_英语_新高考全国Ⅰ卷_OCR与考点.md,../papers/2026/英语/全国/新高考全国Ⅰ卷/2026_英语_新高考全国Ⅰ卷_听力.mp3,pypdf,9
2026,英语,河南,新高考,2025,全国卷,common,新高考全国Ⅰ卷,done,../papers/2026/英语/全国/新高考全国Ⅰ卷/2026_英语_新高考全国Ⅰ卷_原卷.pdf,../papers/2026/英语/全国/新高考全国Ⅰ卷/2026_英语_新高考全国Ⅰ卷_OCR与考点.md,../papers/2026/英语/全国/新高考全国Ⅰ卷/2026_英语_新高考全国Ⅰ卷_听力.mp3,pypdf,9
2026,英语,湖北,新高考,2021,全国卷,common,新高考全国Ⅰ卷,done,../papers/2026/英语/全国/新高考全国Ⅰ卷/2026_英语_新高考全国Ⅰ卷_原卷.pdf,../papers/2026/英语/全国/新高考全国Ⅰ卷/2026_英语_新高考全国Ⅰ卷_OCR与考点.md,../papers/2026/英语/全国/新高考全国Ⅰ卷/2026_英语_新高考全国Ⅰ卷_听力.mp3,pypdf,9
2026,英语,湖南,新高考,2021,全国卷,common,新高考全国Ⅰ卷,done,../papers/2026/英语/全国/新高考全国Ⅰ卷/2026_英语_新高考全国Ⅰ卷_原卷.pdf,../papers/2026/英语/全国/新高考全国Ⅰ卷/2026_英语_新高考全国Ⅰ卷_OCR与考点.md,../papers/2026/英语/全国/新高考全国Ⅰ卷/2026_英语_新高考全国Ⅰ卷_听力.mp3,pypdf,9
2026,英语,广东,新高考,2021,全国卷,common,新高考全国Ⅰ卷,done,../papers/2026/英语/全国/新高考全国Ⅰ卷/2026_英语_新高考全国Ⅰ卷_原卷.pdf,../papers/2026/英语/全国/新高考全国Ⅰ卷/2026_英语_新高考全国Ⅰ卷_OCR与考点.md,../papers/2026/英语/全国/新高考全国Ⅰ卷/2026_英语_新高考全国Ⅰ卷_听力.mp3,pypdf,9
2026,英语,广西,新高考,2024,全国卷,common,新高考全国Ⅱ卷,done,../papers/2026/英语/全国/新高考全国Ⅱ卷/2026_英语_新高考全国Ⅱ卷_原卷.pdf,../papers/2026/英语/全国/新高考全国Ⅱ卷/2026_英语_新高考全国Ⅱ卷_OCR与考点.md,,pypdf,12
2026,英语,海南,新高考,2020,全国卷,common,新高考全国Ⅱ卷,done,../papers/2026/英语/全国/新高考全国Ⅱ卷/2026_英语_新高考全国Ⅱ卷_原卷.pdf,../papers/2026/英语/全国/新高考全国Ⅱ卷/2026_英语_新高考全国Ⅱ卷_OCR与考点.md,,pypdf,12
2026,英语,重庆,新高考,2021,全国卷,common,新高考全国Ⅱ卷,done,../papers/2026/英语/全国/新高考全国Ⅱ卷/2026_英语_新高考全国Ⅱ卷_原卷.pdf,../papers/2026/英语/全国/新高考全国Ⅱ卷/2026_英语_新高考全国Ⅱ卷_OCR与考点.md,,pypdf,12
2026,英语,四川,新高考,2025,全国卷,common,新高考全国Ⅱ卷,done,../papers/2026/英语/全国/新高考全国Ⅱ卷/2026_英语_新高考全国Ⅱ卷_原卷.pdf,../papers/2026/英语/全国/新高考全国Ⅱ卷/2026_英语_新高考全国Ⅱ卷_OCR与考点.md,,pypdf,12
2026,英语,贵州,新高考,2024,全国卷,common,新高考全国Ⅱ卷,done,../papers/2026/英语/全国/新高考全国Ⅱ卷/2026_英语_新高考全国Ⅱ卷_原卷.pdf,../papers/2026/英语/全国/新高考全国Ⅱ卷/2026_英语_新高考全国Ⅱ卷_OCR与考点.md,,pypdf,12
2026,英语,云南,新高考,2025,全国卷,common,新高考全国Ⅱ卷,done,../papers/2026/英语/全国/新高考全国Ⅱ卷/2026_英语_新高考全国Ⅱ卷_原卷.pdf,../papers/2026/英语/全国/新高考全国Ⅱ卷/2026_英语_新高考全国Ⅱ卷_OCR与考点.md,,pypdf,12
2026,英语,西藏,新高考,,全国卷,common,新高考全国Ⅱ卷,done,../papers/2026/英语/全国/新高考全国Ⅱ卷/2026_英语_新高考全国Ⅱ卷_原卷.pdf,../papers/2026/英语/全国/新高考全国Ⅱ卷/2026_英语_新高考全国Ⅱ卷_OCR与考点.md,,pypdf,12
2026,英语,陕西,新高考,2025,全国卷,common,新高考全国Ⅱ卷,done,../papers/2026/英语/全国/新高考全国Ⅱ卷/2026_英语_新高考全国Ⅱ卷_原卷.pdf,../papers/2026/英语/全国/新高考全国Ⅱ卷/2026_英语_新高考全国Ⅱ卷_OCR与考点.md,,pypdf,12
2026,英语,甘肃,新高考,2024,全国卷,common,新高考全国Ⅱ卷,done,../papers/2026/英语/全国/新高考全国Ⅱ卷/2026_英语_新高考全国Ⅱ卷_原卷.pdf,../papers/2026/英语/全国/新高考全国Ⅱ卷/2026_英语_新高考全国Ⅱ卷_OCR与考点.md,,pypdf,12
2026,英语,青海,新高考,2025,全国卷,common,新高考全国Ⅱ卷,done,../papers/2026/英语/全国/新高考全国Ⅱ卷/2026_英语_新高考全国Ⅱ卷_原卷.pdf,../papers/2026/英语/全国/新高考全国Ⅱ卷/2026_英语_新高考全国Ⅱ卷_OCR与考点.md,,pypdf,12
2026,英语,宁夏,新高考,2025,全国卷,common,新高考全国Ⅱ卷,done,../papers/2026/英语/全国/新高考全国Ⅱ卷/2026_英语_新高考全国Ⅱ卷_原卷.pdf,../papers/2026/英语/全国/新高考全国Ⅱ卷/2026_英语_新高考全国Ⅱ卷_OCR与考点.md,,pypdf,12
2026,英语,新疆,新高考,,全国卷,common,新高考全国Ⅱ卷,done,../papers/2026/英语/全国/新高考全国Ⅱ卷/2026_英语_新高考全国Ⅱ卷_原卷.pdf,../papers/2026/英语/全国/新高考全国Ⅱ卷/2026_英语_新高考全国Ⅱ卷_OCR与考点.md,,pypdf,12
2026,物理,北京,新高考,2020,地方/区域卷,local,北京卷,missing,,,,,
2026,物理,天津,新高考,2020,地方/区域卷,local,天津卷,missing,,,,,
2026,物理,河北,新高考,2021,地方/区域卷,local,河北卷,done,../papers/2026/物理/河北/河北卷/2026_物理_河北卷_原卷.pdf,../papers/2026/物理/河北/河北卷/2026_物理_河北卷_OCR与考点.md,,pypdf,8
2026,物理,山西,新高考,2025,地方/区域卷,local,山西卷,done,../papers/2026/物理/山西/山西卷/2026_物理_山西卷_原卷.pdf,../papers/2026/物理/山西/山西卷/2026_物理_山西卷_OCR与考点.md,,pypdf,7
2026,物理,内蒙古,新高考,2025,地方/区域卷,local,内蒙古卷,done,../papers/2026/物理/内蒙古/内蒙古卷/2026_物理_内蒙古卷_原卷.pdf,../papers/2026/物理/内蒙古/内蒙古卷/2026_物理_内蒙古卷_OCR与考点.md,,pypdf,8
2026,物理,辽宁,新高考,2021,地方/区域卷,local,辽宁卷,done,../papers/2026/物理/辽宁/辽宁卷/2026_物理_辽宁卷_原卷.pdf,../papers/2026/物理/辽宁/辽宁卷/2026_物理_辽宁卷_OCR与考点.md,,pypdf,8
2026,物理,吉林,新高考,2024,地方/区域卷,local,吉林卷,done,../papers/2026/物理/吉林/吉林卷/2026_物理_吉林卷_原卷.pdf,../papers/2026/物理/吉林/吉林卷/2026_物理_吉林卷_OCR与考点.md,,pypdf,8
2026,物理,黑龙江,新高考,2024,地方/区域卷,local,黑龙江卷,done,../papers/2026/物理/黑龙江/黑龙江卷/2026_物理_黑龙江卷_原卷.pdf,../papers/2026/物理/黑龙江/黑龙江卷/2026_物理_黑龙江卷_OCR与考点.md,,pypdf,8
2026,物理,上海,新高考,2017,,missing,,missing,,,,,
2026,物理,江苏,新高考,2021,地方/区域卷,local,江苏卷,done,../papers/2026/物理/江苏/江苏卷/2026_物理_江苏卷_原卷.pdf,../papers/2026/物理/江苏/江苏卷/2026_物理_江苏卷_OCR与考点.md,,pypdf,6
2026,物理,浙江,新高考,2017,地方/区域卷,local,浙江卷,missing,,,,,
2026,物理,安徽,新高考,2024,地方/区域卷,local,安徽卷,missing,,,,,
2026,物理,福建,新高考,2021,地方/区域卷,local,福建卷,missing,,,,,
2026,物理,江西,新高考,2024,地方/区域卷,local,江西卷,missing,,,,,
2026,物理,山东,新高考,2020,地方/区域卷,local,山东卷,done,../papers/2026/物理/山东/山东卷/2026_物理_山东卷_原卷.pdf,../papers/2026/物理/山东/山东卷/2026_物理_山东卷_OCR与考点.md,,pypdf,9
2026,物理,河南,新高考,2025,地方/区域卷,local,河南卷,done,../papers/2026/物理/河南/河南卷/2026_物理_河南卷_原卷.pdf,../papers/2026/物理/河南/河南卷/2026_物理_河南卷_OCR与考点.md,,pypdf,9
2026,物理,湖北,新高考,2021,地方/区域卷,local,湖北卷,done,../papers/2026/物理/湖北/湖北卷/2026_物理_湖北卷_原卷.pdf,../papers/2026/物理/湖北/湖北卷/2026_物理_湖北卷_OCR与考点.md,,pypdf,8
2026,物理,湖南,新高考,2021,地方/区域卷,local,湖南卷,done,../papers/2026/物理/湖南/湖南卷/2026_物理_湖南卷_原卷.pdf,../papers/2026/物理/湖南/湖南卷/2026_物理_湖南卷_OCR与考点.md,,pypdf,8
2026,物理,广东,新高考,2021,地方/区域卷,local,广东卷,done,../papers/2026/物理/广东/广东卷/2026_物理_广东卷_原卷.pdf,../papers/2026/物理/广东/广东卷/2026_物理_广东卷_OCR与考点.md,,pypdf,6
2026,物理,广西,新高考,2024,地方/区域卷,local,广西卷,missing,,,,,
2026,物理,海南,新高考,2020,地方/区域卷,local,海南卷,missing,,,,,
2026,物理,重庆,新高考,2021,地方/区域卷,local,重庆卷,missing,,,,,
2026,物理,四川,新高考,2025,地方/区域卷,local,四川卷,done,../papers/2026/物理/四川/四川卷/2026_物理_四川卷_原卷.pdf,../papers/2026/物理/四川/四川卷/2026_物理_四川卷_OCR与考点.md,,pypdf,9
2026,物理,贵州,新高考,2024,地方/区域卷,local,贵州卷,done,../papers/2026/物理/贵州/贵州卷/2026_物理_贵州卷_原卷.pdf,../papers/2026/物理/贵州/贵州卷/2026_物理_贵州卷_OCR与考点.md,,pypdf,8
2026,物理,云南,新高考,2025,地方/区域卷,local,云南卷,done,../papers/2026/物理/云南/云南卷/2026_物理_云南卷_原卷.pdf,../papers/2026/物理/云南/云南卷/2026_物理_云南卷_OCR与考点.md,,rapidocr,9
2026,物理,西藏,老高考,,,missing,,missing,,,,,
2026,物理,陕西,新高考,2025,地方/区域卷,local,陕西卷,done,../papers/2026/物理/陕西/陕西卷/2026_物理_陕西卷_原卷.pdf,../papers/2026/物理/陕西/陕西卷/2026_物理_陕西卷_OCR与考点.md,,pypdf,7
2026,物理,甘肃,新高考,2024,地方/区域卷,local,甘肃卷,missing,,,,,
2026,物理,青海,新高考,2025,地方/区域卷,local,青海卷,done,../papers/2026/物理/青海/青海卷/2026_物理_青海卷_原卷.pdf,../papers/2026/物理/青海/青海卷/2026_物理_青海卷_OCR与考点.md,,pypdf,7
2026,物理,宁夏,新高考,2025,地方/区域卷,local,宁夏卷,done,../papers/2026/物理/宁夏/宁夏卷/2026_物理_宁夏卷_原卷.pdf,../papers/2026/物理/宁夏/宁夏卷/2026_物理_宁夏卷_OCR与考点.md,,pypdf,7
2026,物理,新疆,老高考,,,missing,,missing,,,,,
2026,化学,北京,新高考,2020,地方/区域卷,local,北京卷,missing,,,,,
2026,化学,天津,新高考,2020,地方/区域卷,local,天津卷,missing,,,,,
2026,化学,河北,新高考,2021,地方/区域卷,local,河北卷,done,../papers/2026/化学/河北/河北卷/2026_化学_河北卷_原卷.pdf,../papers/2026/化学/河北/河北卷/2026_化学_河北卷_OCR与考点.md,,pypdf,12
2026,化学,山西,新高考,2025,地方/区域卷,local,陕西卷,done,../papers/2026/化学/山西/陕西卷/2026_化学_山西陕西卷_原卷.pdf,../papers/2026/化学/山西/陕西卷/2026_化学_山西陕西卷_OCR与考点.md,,pypdf,10
2026,化学,内蒙古,新高考,2025,地方/区域卷,local,内蒙古卷,done,../papers/2026/化学/内蒙古/内蒙古卷/2026_化学_内蒙古卷_原卷.pdf,../papers/2026/化学/内蒙古/内蒙古卷/2026_化学_内蒙古卷_OCR与考点.md,,pypdf,8
2026,化学,辽宁,新高考,2021,地方/区域卷,local,辽宁卷,done,../papers/2026/化学/辽宁/辽宁卷/2026_化学_辽宁卷_原卷.pdf,../papers/2026/化学/辽宁/辽宁卷/2026_化学_辽宁卷_OCR与考点.md,,pypdf,8
2026,化学,吉林,新高考,2024,地方/区域卷,local,吉林卷,done,../papers/2026/化学/吉林/吉林卷/2026_化学_吉林卷_原卷.pdf,../papers/2026/化学/吉林/吉林卷/2026_化学_吉林卷_OCR与考点.md,,pypdf,8
2026,化学,黑龙江,新高考,2024,地方/区域卷,local,黑龙江卷,done,../papers/2026/化学/黑龙江/黑龙江卷/2026_化学_黑龙江卷_原卷.pdf,../papers/2026/化学/黑龙江/黑龙江卷/2026_化学_黑龙江卷_OCR与考点.md,,pypdf,8
2026,化学,上海,新高考,2017,,missing,,missing,,,,,
2026,化学,江苏,新高考,2021,地方/区域卷,local,江苏卷,done,../papers/2026/化学/江苏/江苏卷/2026_化学_江苏卷_原卷.pdf,../papers/2026/化学/江苏/江苏卷/2026_化学_江苏卷_OCR与考点.md,,pypdf,7
2026,化学,浙江,新高考,2017,地方/区域卷,local,浙江卷,done,../papers/2026/化学/浙江/浙江卷/2026_化学_浙江卷_原卷.pdf,../papers/2026/化学/浙江/浙江卷/2026_化学_浙江卷_OCR与考点.md,,pypdf,8
2026,化学,安徽,新高考,2024,地方/区域卷,local,安徽卷,missing,,,,,
2026,化学,福建,新高考,2021,地方/区域卷,local,福建卷,missing,,,,,
2026,化学,江西,新高考,2024,地方/区域卷,local,江西卷,missing,,,,,
2026,化学,山东,新高考,2020,地方/区域卷,local,山东卷,missing,,,,,
2026,化学,河南,新高考,2025,地方/区域卷,local,河南卷,done,../papers/2026/化学/河南/河南卷/2026_化学_河南卷_原卷.pdf,../papers/2026/化学/河南/河南卷/2026_化学_河南卷_OCR与考点.md,,pypdf,9
2026,化学,湖北,新高考,2021,地方/区域卷,local,湖北卷,missing,,,,,
2026,化学,湖南,新高考,2021,地方/区域卷,local,湖南卷,done,../papers/2026/化学/湖南/湖南卷/2026_化学_湖南卷_原卷.pdf,../papers/2026/化学/湖南/湖南卷/2026_化学_湖南卷_OCR与考点.md,,pypdf,8
2026,化学,广东,新高考,2021,地方/区域卷,local,广东卷,done,../papers/2026/化学/广东/广东卷/2026_化学_广东卷_原卷.pdf,../papers/2026/化学/广东/广东卷/2026_化学_广东卷_OCR与考点.md,,pypdf,4
2026,化学,广西,新高考,2024,地方/区域卷,local,广西卷,missing,,,,,
2026,化学,海南,新高考,2020,地方/区域卷,local,海南卷,missing,,,,,
2026,化学,重庆,新高考,2021,地方/区域卷,local,重庆卷,missing,,,,,
2026,化学,四川,新高考,2025,地方/区域卷,local,四川卷,done,../papers/2026/化学/四川/四川卷/2026_化学_四川卷_原卷.pdf,../papers/2026/化学/四川/四川卷/2026_化学_四川卷_OCR与考点.md,,rapidocr,10
2026,化学,贵州,新高考,2024,地方/区域卷,local,贵州卷,done,../papers/2026/化学/贵州/贵州卷/2026_化学_贵州卷_原卷.pdf,../papers/2026/化学/贵州/贵州卷/2026_化学_贵州卷_OCR与考点.md,,pypdf,8
2026,化学,云南,新高考,2025,地方/区域卷,local,云南卷,done,../papers/2026/化学/云南/云南卷/2026_化学_云南卷_原卷.pdf,../papers/2026/化学/云南/云南卷/2026_化学_云南卷_OCR与考点.md,,pypdf,8
2026,化学,西藏,老高考,,,missing,,missing,,,,,
2026,化学,陕西,新高考,2025,地方/区域卷,local,陕西卷,done,../papers/2026/化学/陕西/陕西卷/2026_化学_陕西卷_原卷.pdf,../papers/2026/化学/陕西/陕西卷/2026_化学_陕西卷_OCR与考点.md,,pypdf,9
2026,化学,甘肃,新高考,2024,地方/区域卷,local,甘肃卷,missing,,,,,
2026,化学,青海,新高考,2025,地方/区域卷,local,陕西卷,done,../papers/2026/化学/青海/陕西卷/2026_化学_青海陕西卷_原卷.pdf,../papers/2026/化学/青海/陕西卷/2026_化学_青海陕西卷_OCR与考点.md,,pypdf,10
2026,化学,宁夏,新高考,2025,地方/区域卷,local,陕西卷,done,../papers/2026/化学/宁夏/陕西卷/2026_化学_宁夏陕西卷_原卷.pdf,../papers/2026/化学/宁夏/陕西卷/2026_化学_宁夏陕西卷_OCR与考点.md,,pypdf,10
2026,化学,新疆,老高考,,,missing,,missing,,,,,
2026,生物,北京,新高考,2020,地方/区域卷,local,北京卷,missing,,,,,
2026,生物,天津,新高考,2020,地方/区域卷,local,天津卷,missing,,,,,
2026,生物,河北,新高考,2021,地方/区域卷,local,河北卷,done,../papers/2026/生物/河北/河北卷/2026_生物_河北卷_原卷.pdf,../papers/2026/生物/河北/河北卷/2026_生物_河北卷_OCR与考点.md,,pypdf,8
2026,生物,山西,新高考,2025,地方/区域卷,local,山西卷,done,../papers/2026/生物/山西/山西卷/2026_生物_山西卷_原卷.pdf,../papers/2026/生物/山西/山西卷/2026_生物_山西卷_OCR与考点.md,,pypdf,9
2026,生物,内蒙古,新高考,2025,地方/区域卷,local,内蒙古卷,done,../papers/2026/生物/内蒙古/内蒙古卷/2026_生物_内蒙古卷_原卷.pdf,../papers/2026/生物/内蒙古/内蒙古卷/2026_生物_内蒙古卷_OCR与考点.md,,pypdf,10
2026,生物,辽宁,新高考,2021,地方/区域卷,local,辽宁卷,done,../papers/2026/生物/辽宁/辽宁卷/2026_生物_辽宁卷_原卷.pdf,../papers/2026/生物/辽宁/辽宁卷/2026_生物_辽宁卷_OCR与考点.md,,pypdf,10
2026,生物,吉林,新高考,2024,地方/区域卷,local,吉林卷,done,../papers/2026/生物/吉林/吉林卷/2026_生物_吉林卷_原卷.pdf,../papers/2026/生物/吉林/吉林卷/2026_生物_吉林卷_OCR与考点.md,,pypdf,10
2026,生物,黑龙江,新高考,2024,地方/区域卷,local,黑龙江卷,done,../papers/2026/生物/黑龙江/黑龙江卷/2026_生物_黑龙江卷_原卷.pdf,../papers/2026/生物/黑龙江/黑龙江卷/2026_生物_黑龙江卷_OCR与考点.md,,pypdf,10
2026,生物,上海,新高考,2017,,missing,,missing,,,,,
2026,生物,江苏,新高考,2021,地方/区域卷,local,江苏卷,missing,,,,,
2026,生物,浙江,新高考,2017,地方/区域卷,local,浙江卷,missing,,,,,
2026,生物,安徽,新高考,2024,地方/区域卷,local,安徽卷,done,../papers/2026/生物/安徽/安徽卷/2026_生物_安徽卷_原卷.pdf,../papers/2026/生物/安徽/安徽卷/2026_生物_安徽卷_OCR与考点.md,,rapidocr,8
2026,生物,福建,新高考,2021,全国卷,common,新高考全国Ⅰ卷,done,../papers/2026/生物/全国/新高考全国Ⅰ卷/2026_生物_新高考全国Ⅰ卷_原卷.pdf,../papers/2026/生物/全国/新高考全国Ⅰ卷/2026_生物_新高考全国Ⅰ卷_OCR与考点.md,,rapidocr,1
2026,生物,江西,新高考,2024,地方/区域卷,local,江西卷,done,../papers/2026/生物/江西/江西卷/2026_生物_江西卷_原卷.pdf,../papers/2026/生物/江西/江西卷/2026_生物_江西卷_OCR与考点.md,,pypdf,8
2026,生物,山东,新高考,2020,地方/区域卷,local,山东卷,done,../papers/2026/生物/山东/山东卷/2026_生物_山东卷_原卷.pdf,../papers/2026/生物/山东/山东卷/2026_生物_山东卷_OCR与考点.md,,pypdf,8
2026,生物,河南,新高考,2025,地方/区域卷,local,河南卷,done,../papers/2026/生物/河南/河南卷/2026_生物_河南卷_原卷.pdf,../papers/2026/生物/河南/河南卷/2026_生物_河南卷_OCR与考点.md,,pypdf,7
2026,生物,湖北,新高考,2021,地方/区域卷,local,湖北卷,done,../papers/2026/生物/湖北/湖北卷/2026_生物_湖北卷_原卷.pdf,../papers/2026/生物/湖北/湖北卷/2026_生物_湖北卷_OCR与考点.md,,pypdf,8
2026,生物,湖南,新高考,2021,地方/区域卷,local,湖南卷,done,../papers/2026/生物/湖南/湖南卷/2026_生物_湖南卷_原卷.pdf,../papers/2026/生物/湖南/湖南卷/2026_生物_湖南卷_OCR与考点.md,,pypdf,8
2026,生物,广东,新高考,2021,地方/区域卷,local,广东卷,done,../papers/2026/生物/广东/广东卷/2026_生物_广东卷_原卷.pdf,../papers/2026/生物/广东/广东卷/2026_生物_广东卷_OCR与考点.md,,pypdf,8
2026,生物,广西,新高考,2024,地方/区域卷,local,广西卷,missing,,,,,
2026,生物,海南,新高考,2020,地方/区域卷,local,海南卷,missing,,,,,
2026,生物,重庆,新高考,2021,地方/区域卷,local,重庆卷,missing,,,,,
2026,生物,四川,新高考,2025,地方/区域卷,local,四川卷,done,../papers/2026/生物/四川/四川卷/2026_生物_四川卷_原卷.pdf,../papers/2026/生物/四川/四川卷/2026_生物_四川卷_OCR与考点.md,,pypdf,5
2026,生物,贵州,新高考,2024,地方/区域卷,local,贵州卷,done,../papers/2026/生物/贵州/贵州卷/2026_生物_贵州卷_原卷.pdf,../papers/2026/生物/贵州/贵州卷/2026_生物_贵州卷_OCR与考点.md,,pypdf,7
2026,生物,云南,新高考,2025,地方/区域卷,local,云南卷,done,../papers/2026/生物/云南/云南卷/2026_生物_云南卷_原卷.pdf,../papers/2026/生物/云南/云南卷/2026_生物_云南卷_OCR与考点.md,,rapidocr,8
2026,生物,西藏,老高考,,,missing,,missing,,,,,
2026,生物,陕西,新高考,2025,地方/区域卷,local,陕西卷,done,../papers/2026/生物/陕西/陕西卷/2026_生物_陕西卷_原卷.pdf,../papers/2026/生物/陕西/陕西卷/2026_生物_陕西卷_OCR与考点.md,,pypdf,9
2026,生物,甘肃,新高考,2024,地方/区域卷,local,甘肃卷,missing,,,,,
2026,生物,青海,新高考,2025,地方/区域卷,local,青海卷,done,../papers/2026/生物/青海/青海卷/2026_生物_青海卷_原卷.pdf,../papers/2026/生物/青海/青海卷/2026_生物_青海卷_OCR与考点.md,,pypdf,9
2026,生物,宁夏,新高考,2025,地方/区域卷,local,宁夏卷,done,../papers/2026/生物/宁夏/宁夏卷/2026_生物_宁夏卷_原卷.pdf,../papers/2026/生物/宁夏/宁夏卷/2026_生物_宁夏卷_OCR与考点.md,,pypdf,9
2026,生物,新疆,老高考,,,missing,,missing,,,,,
2026,政治,北京,新高考,2020,地方/区域卷,local,北京卷,done,../papers/2026/政治/北京/北京卷/2026_政治_北京卷_原卷.pdf,../papers/2026/政治/北京/北京卷/2026_政治_北京卷_OCR与考点.md,,rapidocr,1
2026,政治,天津,新高考,2020,地方/区域卷,local,天津卷,missing,,,,,
2026,政治,河北,新高考,2021,地方/区域卷,local,河北卷,done,../papers/2026/政治/河北/河北卷/2026_政治_河北卷_原卷.pdf,../papers/2026/政治/河北/河北卷/2026_政治_河北卷_OCR与考点.md,,pypdf,6
2026,政治,山西,新高考,2025,地方/区域卷,local,陕西卷,done,../papers/2026/政治/山西/陕西卷/2026_政治_山西陕西卷_原卷.pdf,../papers/2026/政治/山西/陕西卷/2026_政治_山西陕西卷_OCR与考点.md,,pypdf,7
2026,政治,内蒙古,新高考,2025,地方/区域卷,local,内蒙古卷,missing,,,,,
2026,政治,辽宁,新高考,2021,地方/区域卷,local,辽宁卷,missing,,,,,
2026,政治,吉林,新高考,2024,地方/区域卷,local,吉林卷,missing,,,,,
2026,政治,黑龙江,新高考,2024,地方/区域卷,local,黑龙江卷,missing,,,,,
2026,政治,上海,新高考,2017,,missing,,missing,,,,,
2026,政治,江苏,新高考,2021,地方/区域卷,local,江苏卷,missing,,,,,
2026,政治,浙江,新高考,2017,地方/区域卷,local,浙江卷,missing,,,,,
2026,政治,安徽,新高考,2024,地方/区域卷,local,安徽卷,missing,,,,,
2026,政治,福建,新高考,2021,地方/区域卷,local,福建卷,missing,,,,,
2026,政治,江西,新高考,2024,地方/区域卷,local,江西卷,missing,,,,,
2026,政治,山东,新高考,2020,地方/区域卷,local,山东卷,done,../papers/2026/政治/山东/山东卷/2026_政治_山东卷_原卷.pdf,../papers/2026/政治/山东/山东卷/2026_政治_山东卷_OCR与考点.md,,pypdf,8
2026,政治,河南,新高考,2025,地方/区域卷,local,河南卷,done,../papers/2026/政治/河南/河南卷/2026_政治_河南卷_原卷.pdf,../papers/2026/政治/河南/河南卷/2026_政治_河南卷_OCR与考点.md,,rapidocr,8
2026,政治,湖北,新高考,2021,地方/区域卷,local,湖北卷,done,../papers/2026/政治/湖北/湖北卷/2026_政治_湖北卷_原卷.pdf,../papers/2026/政治/湖北/湖北卷/2026_政治_湖北卷_OCR与考点.md,,pypdf,5
2026,政治,湖南,新高考,2021,全国卷,common,新高考全国Ⅰ卷,done,../papers/2026/政治/全国/新高考全国Ⅰ卷/2026_政治_新高考全国Ⅰ卷_原卷.pdf,../papers/2026/政治/全国/新高考全国Ⅰ卷/2026_政治_新高考全国Ⅰ卷_OCR与考点.md,,rapidocr,1
2026,政治,广东,新高考,2021,地方/区域卷,local,广东卷,missing,,,,,
2026,政治,广西,新高考,2024,全国卷,common,新高考全国Ⅱ卷,done,../papers/2026/政治/全国/新高考全国Ⅱ卷/2026_政治_新高考全国Ⅱ卷_原卷.pdf,../papers/2026/政治/全国/新高考全国Ⅱ卷/2026_政治_新高考全国Ⅱ卷_OCR与考点.md,,rapidocr,1
2026,政治,海南,新高考,2020,地方/区域卷,local,海南卷,missing,,,,,
2026,政治,重庆,新高考,2021,全国卷,common,新高考全国Ⅱ卷,done,../papers/2026/政治/全国/新高考全国Ⅱ卷/2026_政治_新高考全国Ⅱ卷_原卷.pdf,../papers/2026/政治/全国/新高考全国Ⅱ卷/2026_政治_新高考全国Ⅱ卷_OCR与考点.md,,rapidocr,1
2026,政治,四川,新高考,2025,地方/区域卷,local,四川卷,missing,,,,,
2026,政治,贵州,新高考,2024,地方/区域卷,local,贵州卷,missing,,,,,
2026,政治,云南,新高考,2025,地方/区域卷,local,云南卷,done,../papers/2026/政治/云南/云南卷/2026_政治_云南卷_原卷.pdf,../papers/2026/政治/云南/云南卷/2026_政治_云南卷_OCR与考点.md,,pypdf,7
2026,政治,西藏,老高考,,,missing,,missing,,,,,
2026,政治,陕西,新高考,2025,地方/区域卷,local,陕西卷,done,../papers/2026/政治/陕西/陕西卷/2026_政治_陕西卷_原卷.pdf,../papers/2026/政治/陕西/陕西卷/2026_政治_陕西卷_OCR与考点.md,,pypdf,7
2026,政治,甘肃,新高考,2024,地方/区域卷,local,甘肃卷,missing,,,,,
2026,政治,青海,新高考,2025,地方/区域卷,local,陕西卷,done,../papers/2026/政治/青海/陕西卷/2026_政治_青海陕西卷_原卷.pdf,../papers/2026/政治/青海/陕西卷/2026_政治_青海陕西卷_OCR与考点.md,,pypdf,7
2026,政治,宁夏,新高考,2025,地方/区域卷,local,陕西卷,done,../papers/2026/政治/宁夏/陕西卷/2026_政治_宁夏陕西卷_原卷.pdf,../papers/2026/政治/宁夏/陕西卷/2026_政治_宁夏陕西卷_OCR与考点.md,,pypdf,7
2026,政治,新疆,老高考,,,missing,,missing,,,,,
2026,历史,北京,新高考,2020,地方/区域卷,local,北京卷,missing,,,,,
2026,历史,天津,新高考,2020,地方/区域卷,local,天津卷,missing,,,,,
2026,历史,河北,新高考,2021,地方/区域卷,local,河北卷,missing,,,,,
2026,历史,山西,新高考,2025,地方/区域卷,local,山西卷,done,../papers/2026/历史/山西/山西卷/2026_历史_山西卷_原卷.pdf,../papers/2026/历史/山西/山西卷/2026_历史_山西卷_OCR与考点.md,,rapidocr,4
2026,历史,内蒙古,新高考,2025,地方/区域卷,local,辽宁卷,missing,,,,,
2026,历史,辽宁,新高考,2021,地方/区域卷,local,辽宁卷,missing,,,,,
2026,历史,吉林,新高考,2024,地方/区域卷,local,辽宁卷,missing,,,,,
2026,历史,黑龙江,新高考,2024,地方/区域卷,local,辽宁卷,missing,,,,,
2026,历史,上海,新高考,2017,,missing,,missing,,,,,
2026,历史,江苏,新高考,2021,地方/区域卷,local,江苏卷,done,../papers/2026/历史/江苏/江苏卷/2026_历史_江苏卷_原卷.pdf,../papers/2026/历史/江苏/江苏卷/2026_历史_江苏卷_OCR与考点.md,,pypdf,6
2026,历史,浙江,新高考,2017,地方/区域卷,local,浙江卷,done,../papers/2026/历史/浙江/浙江卷/2026_历史_浙江卷_原卷.pdf,../papers/2026/历史/浙江/浙江卷/2026_历史_浙江卷_OCR与考点.md,,pypdf,6
2026,历史,安徽,新高考,2024,地方/区域卷,local,安徽卷,missing,,,,,
2026,历史,福建,新高考,2021,地方/区域卷,local,福建卷,missing,,,,,
2026,历史,江西,新高考,2024,地方/区域卷,local,江西卷,missing,,,,,
2026,历史,山东,新高考,2020,地方/区域卷,local,山东卷,done,../papers/2026/历史/山东/山东卷/2026_历史_山东卷_原卷.pdf,../papers/2026/历史/山东/山东卷/2026_历史_山东卷_OCR与考点.md,,pypdf,4
2026,历史,河南,新高考,2025,地方/区域卷,local,河南卷,done,../papers/2026/历史/河南/河南卷/2026_历史_河南卷_原卷.pdf,../papers/2026/历史/河南/河南卷/2026_历史_河南卷_OCR与考点.md,,rapidocr,16
2026,历史,湖北,新高考,2021,地方/区域卷,local,湖北卷,missing,,,,,
2026,历史,湖南,新高考,2021,地方/区域卷,local,湖南卷,done,../papers/2026/历史/湖南/湖南卷/2026_历史_湖南卷_原卷.pdf,../papers/2026/历史/湖南/湖南卷/2026_历史_湖南卷_OCR与考点.md,,rapidocr,7
2026,历史,广东,新高考,2021,地方/区域卷,local,广东卷,done,../papers/2026/历史/广东/广东卷/2026_历史_广东卷_原卷.pdf,../papers/2026/历史/广东/广东卷/2026_历史_广东卷_OCR与考点.md,,pypdf,6
2026,历史,广西,新高考,2024,地方/区域卷,local,广西卷,missing,,,,,
2026,历史,海南,新高考,2020,地方/区域卷,local,海南卷,missing,,,,,
2026,历史,重庆,新高考,2021,地方/区域卷,local,重庆卷,missing,,,,,
2026,历史,四川,新高考,2025,地方/区域卷,local,四川卷,done,../papers/2026/历史/四川/四川卷/2026_历史_四川卷_原卷.pdf,../papers/2026/历史/四川/四川卷/2026_历史_四川卷_OCR与考点.md,,pypdf,5
2026,历史,贵州,新高考,2024,地方/区域卷,local,贵州卷,missing,,,,,
2026,历史,云南,新高考,2025,全国卷,common,新高考全国Ⅱ卷,done,../papers/2026/历史/全国/新高考全国Ⅱ卷/2026_历史_新高考全国Ⅱ卷_原卷.pdf,../papers/2026/历史/全国/新高考全国Ⅱ卷/2026_历史_新高考全国Ⅱ卷_OCR与考点.md,,rapidocr,4
2026,历史,西藏,老高考,,,missing,,missing,,,,,
2026,历史,陕西,新高考,2025,地方/区域卷,local,陕西卷,done,../papers/2026/历史/陕西/陕西卷/2026_历史_陕西卷_原卷.pdf,../papers/2026/历史/陕西/陕西卷/2026_历史_陕西卷_OCR与考点.md,,rapidocr,4
2026,历史,甘肃,新高考,2024,地方/区域卷,local,甘肃卷,missing,,,,,
2026,历史,青海,新高考,2025,地方/区域卷,local,青海卷,done,../papers/2026/历史/青海/青海卷/2026_历史_青海卷_原卷.pdf,../papers/2026/历史/青海/青海卷/2026_历史_青海卷_OCR与考点.md,,rapidocr,4
2026,历史,宁夏,新高考,2025,地方/区域卷,local,宁夏卷,done,../papers/2026/历史/宁夏/宁夏卷/2026_历史_宁夏卷_原卷.pdf,../papers/2026/历史/宁夏/宁夏卷/2026_历史_宁夏卷_OCR与考点.md,,rapidocr,4
2026,历史,新疆,老高考,,,missing,,missing,,,,,
2026,地理,北京,新高考,2020,,missing,,missing,,,,,
2026,地理,天津,新高考,2020,,missing,,missing,,,,,
2026,地理,河北,新高考,2021,地方/区域卷,local,河北卷,done,../papers/2026/地理/河北/河北卷/2026_地理_河北卷_原卷.pdf,../papers/2026/地理/河北/河北卷/2026_地理_河北卷_OCR与考点.md,,pypdf,4
2026,地理,山西,新高考,2025,地方/区域卷,local,陕西卷,done,../papers/2026/地理/山西/陕西卷/2026_地理_山西陕西卷_原卷.pdf,../papers/2026/地理/山西/陕西卷/2026_地理_山西陕西卷_OCR与考点.md,,pypdf,8
2026,地理,内蒙古,新高考,2025,地方/区域卷,local,内蒙古卷,done,../papers/2026/地理/内蒙古/内蒙古卷/2026_地理_内蒙古卷_原卷.pdf,../papers/2026/地理/内蒙古/内蒙古卷/2026_地理_内蒙古卷_OCR与考点.md,,pypdf,6
2026,地理,辽宁,新高考,2021,地方/区域卷,local,辽宁卷,done,../papers/2026/地理/辽宁/辽宁卷/2026_地理_辽宁卷_原卷.pdf,../papers/2026/地理/辽宁/辽宁卷/2026_地理_辽宁卷_OCR与考点.md,,pypdf,6
2026,地理,吉林,新高考,2024,地方/区域卷,local,吉林卷,done,../papers/2026/地理/吉林/吉林卷/2026_地理_吉林卷_原卷.pdf,../papers/2026/地理/吉林/吉林卷/2026_地理_吉林卷_OCR与考点.md,,pypdf,6
2026,地理,黑龙江,新高考,2024,地方/区域卷,local,黑龙江卷,done,../papers/2026/地理/黑龙江/黑龙江卷/2026_地理_黑龙江卷_原卷.pdf,../papers/2026/地理/黑龙江/黑龙江卷/2026_地理_黑龙江卷_OCR与考点.md,,pypdf,6
2026,地理,上海,新高考,2017,,missing,,missing,,,,,
2026,地理,江苏,新高考,2021,全国卷,common,新高考全国Ⅰ卷,done,../papers/2026/地理/全国/新高考全国Ⅰ卷/2026_地理_新高考全国Ⅰ卷_原卷.pdf,../papers/2026/地理/全国/新高考全国Ⅰ卷/2026_地理_新高考全国Ⅰ卷_OCR与考点.md,,rapidocr,1
2026,地理,浙江,新高考,2017,,missing,,missing,,,,,
2026,地理,安徽,新高考,2024,地方/区域卷,local,安徽卷,missing,,,,,
2026,地理,福建,新高考,2021,全国卷,common,新高考全国Ⅰ卷,done,../papers/2026/地理/全国/新高考全国Ⅰ卷/2026_地理_新高考全国Ⅰ卷_原卷.pdf,../papers/2026/地理/全国/新高考全国Ⅰ卷/2026_地理_新高考全国Ⅰ卷_OCR与考点.md,,rapidocr,1
2026,地理,江西,新高考,2024,地方/区域卷,local,江西卷,missing,,,,,
2026,地理,山东,新高考,2020,地方/区域卷,local,山东卷,done,../papers/2026/地理/山东/山东卷/2026_地理_山东卷_原卷.pdf,../papers/2026/地理/山东/山东卷/2026_地理_山东卷_OCR与考点.md,,pypdf,9
2026,地理,河南,新高考,2025,地方/区域卷,local,河南卷,missing,,,,,
2026,地理,湖北,新高考,2021,地方/区域卷,local,湖北卷,missing,,,,,
2026,地理,湖南,新高考,2021,地方/区域卷,local,湖南卷,done,../papers/2026/地理/湖南/湖南卷/2026_地理_湖南卷_原卷.pdf,../papers/2026/地理/湖南/湖南卷/2026_地理_湖南卷_OCR与考点.md,,pypdf,7
2026,地理,广东,新高考,2021,地方/区域卷,local,广东卷,done,../papers/2026/地理/广东/广东卷/2026_地理_广东卷_原卷.pdf,../papers/2026/地理/广东/广东卷/2026_地理_广东卷_OCR与考点.md,,rapidocr,6
2026,地理,广西,新高考,2024,全国卷,common,新高考全国Ⅱ卷,done,../papers/2026/地理/全国/新高考全国Ⅱ卷/2026_地理_新高考全国Ⅱ卷_原卷.pdf,../papers/2026/地理/全国/新高考全国Ⅱ卷/2026_地理_新高考全国Ⅱ卷_OCR与考点.md,,rapidocr,2
2026,地理,海南,新高考,2020,,missing,,missing,,,,,
2026,地理,重庆,新高考,2021,地方/区域卷,local,重庆卷,missing,,,,,
2026,地理,四川,新高考,2025,地方/区域卷,local,四川卷,done,../papers/2026/地理/四川/四川卷/2026_地理_四川卷_原卷.pdf,../papers/2026/地理/四川/四川卷/2026_地理_四川卷_OCR与考点.md,,pypdf,6
2026,地理,贵州,新高考,2024,地方/区域卷,local,贵州卷,missing,,,,,
2026,地理,云南,新高考,2025,地方/区域卷,local,云南卷,missing,,,,,
2026,地理,西藏,老高考,,,missing,,missing,,,,,
2026,地理,陕西,新高考,2025,地方/区域卷,local,陕西卷,done,../papers/2026/地理/陕西/陕西卷/2026_地理_陕西卷_原卷.pdf,../papers/2026/地理/陕西/陕西卷/2026_地理_陕西卷_OCR与考点.md,,pypdf,8
2026,地理,甘肃,新高考,2024,地方/区域卷,local,甘肃卷,missing,,,,,
2026,地理,青海,新高考,2025,地方/区域卷,local,陕西卷,done,../papers/2026/地理/青海/陕西卷/2026_地理_青海陕西卷_原卷.pdf,../papers/2026/地理/青海/陕西卷/2026_地理_青海陕西卷_OCR与考点.md,,pypdf,8
2026,地理,宁夏,新高考,2025,地方/区域卷,local,陕西卷,done,../papers/2026/地理/宁夏/陕西卷/2026_地理_宁夏陕西卷_原卷.pdf,../papers/2026/地理/宁夏/陕西卷/2026_地理_宁夏陕西卷_OCR与考点.md,,pypdf,8
2026,地理,新疆,老高考,,,missing,,missing,,,,,
